"crossing_rank","crossing_type"
1,"exact_zero"
2,"exact_zero"
3,"exact_zero"
4,"exact_zero"
5,"exact_zero"
6,"exact_zero"
7,"exact_zero"
8,"exact_zero"
9,"exact_zero"
10,"exact_zero"
11,"exact_zero"
12,"exact_zero"
13,"exact_zero"
14,"exact_zero"
15,"exact_zero"
16,"exact_zero"
17,"exact_zero"
18,"exact_zero"
19,"exact_zero"
20,"exact_zero"
21,"exact_zero"
22,"exact_zero"
23,"exact_zero"
24,"exact_zero"
25,"exact_zero"
26,"exact_zero"
27,"exact_zero"
28,"exact_zero"
29,"exact_zero"
30,"exact_zero"
31,"exact_zero"
32,"exact_zero"
33,"exact_zero"
34,"exact_zero"
35,"exact_zero"
36,"exact_zero"
37,"exact_zero"
38,"exact_zero"
39,"exact_zero"
40,"exact_zero"
41,"exact_zero"
42,"exact_zero"
43,"exact_zero"
44,"exact_zero"
45,"exact_zero"
46,"exact_zero"
47,"exact_zero"
48,"exact_zero"
49,"exact_zero"
50,"exact_zero"
51,"exact_zero"
52,"exact_zero"
53,"exact_zero"
54,"exact_zero"
55,"exact_zero"
56,"exact_zero"
57,"exact_zero"
58,"exact_zero"
59,"exact_zero"
60,"exact_zero"
61,"exact_zero"
62,"exact_zero"
63,"exact_zero"
64,"exact_zero"
65,"exact_zero"
66,"exact_zero"
67,"exact_zero"
68,"exact_zero"
69,"exact_zero"
70,"exact_zero"
71,"exact_zero"
72,"exact_zero"
73,"exact_zero"
74,"exact_zero"
75,"exact_zero"
76,"exact_zero"
77,"exact_zero"
78,"exact_zero"
79,"exact_zero"
80,"exact_zero"
81,"exact_zero"
82,"exact_zero"
83,"exact_zero"
84,"exact_zero"
85,"exact_zero"
86,"exact_zero"
87,"exact_zero"
88,"exact_zero"
89,"exact_zero"
90,"exact_zero"
91,"exact_zero"
92,"exact_zero"
93,"exact_zero"
94,"exact_zero"
95,"exact_zero"
96,"exact_zero"
97,"exact_zero"
98,"exact_zero"
99,"exact_zero"
100,"exact_zero"
101,"exact_zero"
102,"exact_zero"
103,"exact_zero"
104,"exact_zero"
105,"exact_zero"
106,"exact_zero"
107,"exact_zero"
108,"exact_zero"
109,"exact_zero"
110,"exact_zero"
111,"exact_zero"
112,"exact_zero"
113,"exact_zero"
114,"exact_zero"
115,"exact_zero"
116,"exact_zero"
117,"exact_zero"
118,"exact_zero"
119,"exact_zero"
120,"exact_zero"
121,"exact_zero"
122,"exact_zero"
123,"exact_zero"
124,"exact_zero"
125,"exact_zero"
126,"exact_zero"
127,"exact_zero"
128,"exact_zero"
129,"exact_zero"
130,"exact_zero"
131,"exact_zero"
132,"exact_zero"
133,"exact_zero"
134,"exact_zero"
135,"exact_zero"
136,"exact_zero"
137,"exact_zero"
138,"exact_zero"
139,"exact_zero"
140,"exact_zero"
141,"exact_zero"
142,"exact_zero"
143,"exact_zero"
144,"exact_zero"
145,"exact_zero"
146,"exact_zero"
147,"exact_zero"
148,"exact_zero"
149,"exact_zero"
150,"exact_zero"
151,"exact_zero"
152,"exact_zero"
153,"exact_zero"
154,"exact_zero"
155,"exact_zero"
156,"exact_zero"
157,"exact_zero"
158,"exact_zero"
159,"exact_zero"
160,"exact_zero"
161,"exact_zero"
162,"exact_zero"
163,"exact_zero"
164,"exact_zero"
165,"exact_zero"
166,"exact_zero"
167,"exact_zero"
168,"exact_zero"
169,"exact_zero"
170,"exact_zero"
171,"exact_zero"
172,"exact_zero"
173,"exact_zero"
174,"exact_zero"
175,"exact_zero"
176,"exact_zero"
177,"exact_zero"
178,"exact_zero"
179,"exact_zero"
180,"exact_zero"
181,"exact_zero"
182,"exact_zero"
183,"exact_zero"
184,"exact_zero"
185,"exact_zero"
186,"exact_zero"
187,"exact_zero"
188,"exact_zero"
189,"exact_zero"
190,"exact_zero"
191,"exact_zero"
192,"exact_zero"
193,"exact_zero"
194,"exact_zero"
195,"exact_zero"
196,"exact_zero"
197,"exact_zero"
198,"exact_zero"
199,"exact_zero"
200,"exact_zero"
201,"exact_zero"
202,"exact_zero"
203,"exact_zero"
204,"exact_zero"
205,"exact_zero"
206,"exact_zero"
207,"exact_zero"
208,"exact_zero"
209,"exact_zero"
210,"exact_zero"
211,"exact_zero"
212,"exact_zero"
213,"exact_zero"
214,"exact_zero"
215,"exact_zero"
216,"exact_zero"
217,"exact_zero"
218,"exact_zero"
219,"exact_zero"
220,"exact_zero"
221,"exact_zero"
222,"exact_zero"
223,"exact_zero"
224,"exact_zero"
225,"exact_zero"
226,"exact_zero"
227,"exact_zero"
228,"exact_zero"
229,"exact_zero"
230,"exact_zero"
231,"exact_zero"
232,"exact_zero"
233,"exact_zero"
234,"exact_zero"
235,"exact_zero"
236,"exact_zero"
237,"exact_zero"
238,"exact_zero"
239,"exact_zero"
240,"exact_zero"
241,"exact_zero"
242,"exact_zero"
243,"exact_zero"
244,"exact_zero"
245,"exact_zero"
246,"exact_zero"
247,"exact_zero"
248,"exact_zero"
249,"exact_zero"
250,"exact_zero"
251,"exact_zero"
252,"exact_zero"
253,"exact_zero"
254,"exact_zero"
255,"exact_zero"
256,"exact_zero"
257,"exact_zero"
258,"exact_zero"
259,"exact_zero"
260,"exact_zero"
261,"exact_zero"
262,"exact_zero"
263,"exact_zero"
264,"exact_zero"
265,"exact_zero"
266,"exact_zero"
267,"exact_zero"
268,"exact_zero"
269,"exact_zero"
270,"exact_zero"
271,"exact_zero"
272,"exact_zero"
273,"exact_zero"
274,"exact_zero"
275,"exact_zero"
276,"exact_zero"
277,"exact_zero"
278,"exact_zero"
279,"exact_zero"
280,"exact_zero"
281,"exact_zero"
282,"exact_zero"
283,"exact_zero"
284,"exact_zero"
285,"exact_zero"
286,"exact_zero"
287,"exact_zero"
288,"exact_zero"
289,"exact_zero"
290,"exact_zero"
291,"exact_zero"
292,"exact_zero"
293,"exact_zero"
294,"exact_zero"
295,"exact_zero"
296,"exact_zero"
297,"exact_zero"
298,"exact_zero"
299,"exact_zero"
300,"exact_zero"
301,"exact_zero"
302,"exact_zero"
303,"exact_zero"
304,"exact_zero"
305,"exact_zero"
306,"exact_zero"
307,"exact_zero"
308,"exact_zero"
309,"exact_zero"
310,"exact_zero"
311,"exact_zero"
312,"exact_zero"
313,"exact_zero"
314,"exact_zero"
315,"exact_zero"
316,"exact_zero"
317,"exact_zero"
318,"exact_zero"
319,"exact_zero"
320,"exact_zero"
321,"exact_zero"
322,"exact_zero"
323,"exact_zero"
324,"exact_zero"
325,"exact_zero"
326,"exact_zero"
327,"exact_zero"
328,"exact_zero"
329,"exact_zero"
330,"exact_zero"
331,"exact_zero"
332,"exact_zero"
333,"exact_zero"
334,"exact_zero"
335,"exact_zero"
336,"exact_zero"
337,"exact_zero"
338,"exact_zero"
339,"exact_zero"
340,"exact_zero"
341,"exact_zero"
342,"exact_zero"
343,"exact_zero"
344,"exact_zero"
345,"exact_zero"
346,"exact_zero"
347,"exact_zero"
348,"exact_zero"
349,"exact_zero"
350,"exact_zero"
351,"exact_zero"
352,"exact_zero"
353,"exact_zero"
354,"exact_zero"
355,"exact_zero"
356,"exact_zero"
357,"exact_zero"
358,"exact_zero"
359,"exact_zero"
360,"exact_zero"
361,"exact_zero"
362,"exact_zero"
363,"exact_zero"
364,"exact_zero"
365,"exact_zero"
366,"exact_zero"
367,"exact_zero"
368,"exact_zero"
369,"exact_zero"
370,"exact_zero"
371,"exact_zero"
372,"exact_zero"
373,"exact_zero"
374,"exact_zero"
375,"exact_zero"
376,"exact_zero"
377,"exact_zero"
378,"exact_zero"
379,"exact_zero"
380,"exact_zero"
381,"exact_zero"
382,"exact_zero"
383,"exact_zero"
384,"exact_zero"
385,"exact_zero"
386,"exact_zero"
387,"exact_zero"
388,"exact_zero"
389,"exact_zero"
390,"exact_zero"
391,"exact_zero"
392,"exact_zero"
393,"exact_zero"
394,"exact_zero"
395,"exact_zero"
396,"exact_zero"
397,"exact_zero"
398,"exact_zero"
399,"exact_zero"
400,"exact_zero"
401,"exact_zero"
402,"exact_zero"
403,"exact_zero"
404,"exact_zero"
405,"exact_zero"
406,"exact_zero"
407,"exact_zero"
408,"exact_zero"
409,"exact_zero"
410,"exact_zero"
411,"exact_zero"
412,"exact_zero"
413,"exact_zero"
414,"exact_zero"
415,"exact_zero"
416,"exact_zero"
417,"exact_zero"
418,"exact_zero"
419,"exact_zero"
420,"exact_zero"
421,"exact_zero"
422,"exact_zero"
423,"exact_zero"
424,"exact_zero"
425,"exact_zero"
426,"exact_zero"
427,"exact_zero"
428,"exact_zero"
429,"exact_zero"
430,"exact_zero"
431,"exact_zero"
432,"exact_zero"
433,"exact_zero"
434,"exact_zero"
435,"exact_zero"
436,"exact_zero"
437,"exact_zero"
438,"exact_zero"
439,"exact_zero"
440,"exact_zero"
441,"exact_zero"
442,"exact_zero"
443,"exact_zero"
444,"exact_zero"
445,"exact_zero"
446,"exact_zero"
447,"exact_zero"
448,"exact_zero"
449,"exact_zero"
450,"exact_zero"
451,"exact_zero"
452,"exact_zero"
453,"exact_zero"
454,"exact_zero"
455,"exact_zero"
456,"exact_zero"
457,"exact_zero"
458,"exact_zero"
459,"exact_zero"
460,"exact_zero"
461,"exact_zero"
462,"exact_zero"
463,"exact_zero"
464,"exact_zero"
465,"exact_zero"
466,"exact_zero"
467,"exact_zero"
468,"exact_zero"
469,"exact_zero"
470,"exact_zero"
471,"exact_zero"
472,"exact_zero"
473,"exact_zero"
474,"exact_zero"
475,"exact_zero"
476,"exact_zero"
477,"exact_zero"
478,"exact_zero"
479,"exact_zero"
480,"exact_zero"
481,"exact_zero"
482,"exact_zero"
483,"exact_zero"
484,"exact_zero"
485,"exact_zero"
486,"exact_zero"
487,"exact_zero"
488,"exact_zero"
489,"exact_zero"
490,"exact_zero"
491,"exact_zero"
492,"exact_zero"
493,"exact_zero"
494,"exact_zero"
495,"exact_zero"
496,"exact_zero"
497,"exact_zero"
498,"exact_zero"
499,"exact_zero"
500,"exact_zero"
501,"exact_zero"
502,"exact_zero"
503,"exact_zero"
504,"exact_zero"
505,"exact_zero"
506,"exact_zero"
507,"exact_zero"
508,"exact_zero"
509,"exact_zero"
510,"exact_zero"
511,"exact_zero"
512,"exact_zero"
513,"exact_zero"
514,"exact_zero"
515,"exact_zero"
516,"exact_zero"
517,"exact_zero"
518,"exact_zero"
519,"exact_zero"
520,"exact_zero"
521,"exact_zero"
522,"exact_zero"
523,"exact_zero"
524,"exact_zero"
525,"exact_zero"
526,"exact_zero"
527,"exact_zero"
528,"exact_zero"
529,"exact_zero"
530,"exact_zero"
531,"exact_zero"
532,"exact_zero"
533,"exact_zero"
534,"exact_zero"
535,"exact_zero"
536,"exact_zero"
537,"exact_zero"
538,"exact_zero"
539,"exact_zero"
540,"exact_zero"
541,"exact_zero"
542,"exact_zero"
543,"exact_zero"
544,"exact_zero"
545,"exact_zero"
546,"exact_zero"
547,"exact_zero"
548,"exact_zero"
549,"exact_zero"
550,"exact_zero"
551,"exact_zero"
552,"exact_zero"
553,"exact_zero"
554,"exact_zero"
555,"exact_zero"
556,"exact_zero"
557,"exact_zero"
558,"exact_zero"
559,"exact_zero"
560,"exact_zero"
561,"exact_zero"
562,"exact_zero"
563,"exact_zero"
564,"exact_zero"
565,"exact_zero"
566,"exact_zero"
567,"exact_zero"
568,"exact_zero"
569,"exact_zero"
570,"exact_zero"
571,"exact_zero"
572,"exact_zero"
573,"exact_zero"
574,"exact_zero"
575,"exact_zero"
576,"exact_zero"
577,"exact_zero"
578,"exact_zero"
579,"exact_zero"
580,"exact_zero"
581,"exact_zero"
582,"exact_zero"
583,"exact_zero"
584,"exact_zero"
585,"exact_zero"
586,"exact_zero"
587,"exact_zero"
588,"exact_zero"
589,"exact_zero"
590,"exact_zero"
591,"exact_zero"
592,"exact_zero"
593,"exact_zero"
594,"exact_zero"
595,"exact_zero"
596,"exact_zero"
597,"exact_zero"
598,"exact_zero"
599,"exact_zero"
600,"exact_zero"
601,"exact_zero"
602,"exact_zero"
603,"exact_zero"
604,"exact_zero"
605,"exact_zero"
606,"exact_zero"
607,"exact_zero"
608,"exact_zero"
609,"exact_zero"
610,"exact_zero"
611,"exact_zero"
612,"exact_zero"
613,"exact_zero"
614,"exact_zero"
615,"exact_zero"
616,"exact_zero"
617,"exact_zero"
618,"exact_zero"
619,"exact_zero"
620,"exact_zero"
621,"exact_zero"
622,"exact_zero"
623,"exact_zero"
624,"exact_zero"
625,"exact_zero"
626,"exact_zero"
627,"exact_zero"
628,"exact_zero"
629,"exact_zero"
630,"exact_zero"
631,"exact_zero"
632,"exact_zero"
633,"exact_zero"
634,"exact_zero"
635,"exact_zero"
636,"exact_zero"
637,"exact_zero"
638,"exact_zero"
639,"exact_zero"
640,"exact_zero"
641,"exact_zero"
642,"exact_zero"
643,"exact_zero"
644,"exact_zero"
645,"exact_zero"
646,"exact_zero"
647,"exact_zero"
648,"exact_zero"
649,"exact_zero"
650,"exact_zero"
651,"exact_zero"
652,"exact_zero"
653,"exact_zero"
654,"exact_zero"
655,"exact_zero"
656,"exact_zero"
657,"exact_zero"
658,"exact_zero"
659,"exact_zero"
660,"exact_zero"
661,"exact_zero"
662,"exact_zero"
663,"exact_zero"
664,"exact_zero"
665,"exact_zero"
666,"exact_zero"
667,"exact_zero"
668,"exact_zero"
669,"exact_zero"
670,"exact_zero"
671,"exact_zero"
672,"exact_zero"
673,"exact_zero"
674,"exact_zero"
675,"exact_zero"
676,"exact_zero"
677,"exact_zero"
678,"exact_zero"
679,"exact_zero"
680,"exact_zero"
681,"exact_zero"
682,"exact_zero"
683,"exact_zero"
684,"exact_zero"
685,"exact_zero"
686,"exact_zero"
687,"exact_zero"
688,"exact_zero"
689,"exact_zero"
690,"exact_zero"
691,"exact_zero"
692,"exact_zero"
693,"exact_zero"
694,"exact_zero"
695,"exact_zero"
696,"exact_zero"
697,"exact_zero"
698,"exact_zero"
699,"exact_zero"
700,"exact_zero"
701,"exact_zero"
702,"exact_zero"
703,"exact_zero"
704,"exact_zero"
705,"exact_zero"
706,"exact_zero"
707,"exact_zero"
708,"exact_zero"
709,"exact_zero"
710,"exact_zero"
711,"exact_zero"
712,"exact_zero"
713,"exact_zero"
714,"exact_zero"
715,"exact_zero"
716,"exact_zero"
717,"exact_zero"
718,"exact_zero"
719,"exact_zero"
720,"exact_zero"
721,"exact_zero"
722,"exact_zero"
723,"exact_zero"
724,"exact_zero"
725,"exact_zero"
726,"exact_zero"
727,"exact_zero"
728,"exact_zero"
729,"exact_zero"
730,"exact_zero"
731,"exact_zero"
732,"exact_zero"
733,"exact_zero"
734,"exact_zero"
735,"exact_zero"
736,"exact_zero"
737,"exact_zero"
738,"exact_zero"
739,"exact_zero"
740,"exact_zero"
741,"exact_zero"
742,"exact_zero"
743,"exact_zero"
744,"exact_zero"
745,"exact_zero"
746,"exact_zero"
747,"exact_zero"
748,"exact_zero"
749,"exact_zero"
750,"exact_zero"
751,"exact_zero"
752,"exact_zero"
753,"exact_zero"
754,"exact_zero"
755,"exact_zero"
756,"exact_zero"
757,"exact_zero"
758,"exact_zero"
759,"exact_zero"
760,"exact_zero"
761,"exact_zero"
762,"exact_zero"
763,"exact_zero"
764,"exact_zero"
765,"exact_zero"
766,"exact_zero"
767,"exact_zero"
768,"exact_zero"
769,"exact_zero"
770,"exact_zero"
771,"exact_zero"
772,"exact_zero"
773,"exact_zero"
774,"exact_zero"
775,"exact_zero"
776,"exact_zero"
777,"exact_zero"
778,"exact_zero"
779,"exact_zero"
780,"exact_zero"
781,"exact_zero"
782,"exact_zero"
783,"exact_zero"
784,"exact_zero"
785,"exact_zero"
786,"exact_zero"
787,"exact_zero"
788,"exact_zero"
789,"exact_zero"
790,"exact_zero"
791,"exact_zero"
792,"exact_zero"
793,"exact_zero"
794,"exact_zero"
795,"exact_zero"
796,"exact_zero"
797,"exact_zero"
798,"exact_zero"
799,"exact_zero"
800,"exact_zero"
801,"exact_zero"
802,"exact_zero"
803,"exact_zero"
804,"exact_zero"
805,"exact_zero"
806,"exact_zero"
807,"exact_zero"
808,"exact_zero"
809,"exact_zero"
810,"exact_zero"
811,"exact_zero"
812,"exact_zero"
813,"exact_zero"
814,"exact_zero"
815,"exact_zero"
816,"exact_zero"
817,"exact_zero"
818,"exact_zero"
819,"exact_zero"
820,"exact_zero"
821,"exact_zero"
822,"exact_zero"
823,"exact_zero"
824,"exact_zero"
825,"exact_zero"
826,"exact_zero"
827,"exact_zero"
828,"exact_zero"
829,"exact_zero"
830,"exact_zero"
831,"exact_zero"
832,"exact_zero"
833,"exact_zero"
834,"exact_zero"
835,"exact_zero"
836,"exact_zero"
837,"exact_zero"
838,"exact_zero"
839,"exact_zero"
840,"exact_zero"
841,"exact_zero"
842,"exact_zero"
843,"exact_zero"
844,"exact_zero"
845,"exact_zero"
846,"exact_zero"
847,"exact_zero"
848,"exact_zero"
849,"exact_zero"
850,"exact_zero"
851,"exact_zero"
852,"exact_zero"
853,"exact_zero"
854,"exact_zero"
855,"exact_zero"
856,"exact_zero"
857,"exact_zero"
858,"exact_zero"
859,"exact_zero"
860,"exact_zero"
861,"exact_zero"
862,"exact_zero"
863,"exact_zero"
864,"exact_zero"
865,"exact_zero"
866,"exact_zero"
867,"exact_zero"
868,"exact_zero"
869,"exact_zero"
870,"exact_zero"
871,"exact_zero"
872,"exact_zero"
873,"exact_zero"
874,"exact_zero"
875,"exact_zero"
876,"exact_zero"
877,"exact_zero"
878,"exact_zero"
879,"exact_zero"
880,"exact_zero"
881,"exact_zero"
882,"exact_zero"
883,"exact_zero"
884,"exact_zero"
885,"exact_zero"
886,"exact_zero"
887,"exact_zero"
888,"exact_zero"
889,"exact_zero"
890,"exact_zero"
891,"exact_zero"
892,"exact_zero"
893,"exact_zero"
894,"exact_zero"
895,"exact_zero"
896,"exact_zero"
897,"exact_zero"
898,"exact_zero"
899,"exact_zero"
900,"exact_zero"
901,"exact_zero"
902,"exact_zero"
903,"exact_zero"
904,"exact_zero"
905,"exact_zero"
906,"exact_zero"
907,"exact_zero"
908,"exact_zero"
909,"exact_zero"
910,"exact_zero"
911,"exact_zero"
912,"exact_zero"
913,"exact_zero"
914,"exact_zero"
915,"exact_zero"
916,"exact_zero"
917,"exact_zero"
918,"exact_zero"
919,"exact_zero"
920,"exact_zero"
921,"exact_zero"
922,"exact_zero"
923,"exact_zero"
924,"exact_zero"
925,"exact_zero"
926,"exact_zero"
927,"exact_zero"
928,"exact_zero"
929,"exact_zero"
930,"exact_zero"
931,"exact_zero"
932,"exact_zero"
933,"exact_zero"
934,"exact_zero"
935,"exact_zero"
936,"exact_zero"
937,"exact_zero"
938,"exact_zero"
939,"exact_zero"
940,"exact_zero"
941,"exact_zero"
942,"exact_zero"
943,"exact_zero"
944,"exact_zero"
945,"exact_zero"
946,"exact_zero"
947,"exact_zero"
948,"exact_zero"
949,"exact_zero"
950,"exact_zero"
951,"exact_zero"
952,"exact_zero"
953,"exact_zero"
954,"exact_zero"
955,"exact_zero"
956,"exact_zero"
957,"exact_zero"
958,"exact_zero"
959,"exact_zero"
960,"exact_zero"
961,"exact_zero"
962,"exact_zero"
963,"exact_zero"
964,"exact_zero"
965,"exact_zero"
966,"exact_zero"
967,"exact_zero"
968,"exact_zero"
969,"exact_zero"
970,"exact_zero"
971,"exact_zero"
972,"exact_zero"
973,"exact_zero"
974,"exact_zero"
975,"exact_zero"
976,"exact_zero"
977,"exact_zero"
978,"exact_zero"
979,"exact_zero"
980,"exact_zero"
981,"exact_zero"
982,"exact_zero"
983,"exact_zero"
984,"exact_zero"
985,"exact_zero"
986,"exact_zero"
987,"exact_zero"
988,"exact_zero"
989,"exact_zero"
990,"exact_zero"
991,"exact_zero"
992,"exact_zero"
993,"exact_zero"
994,"exact_zero"
995,"exact_zero"
996,"exact_zero"
997,"exact_zero"
998,"exact_zero"
999,"exact_zero"
1000,"exact_zero"
1001,"exact_zero"
1002,"exact_zero"
1003,"exact_zero"
1004,"exact_zero"
1005,"exact_zero"
1006,"exact_zero"
1007,"exact_zero"
1008,"exact_zero"
1009,"exact_zero"
1010,"exact_zero"
1011,"exact_zero"
1012,"exact_zero"
1013,"exact_zero"
1014,"exact_zero"
1015,"exact_zero"
1016,"exact_zero"
1017,"exact_zero"
1018,"exact_zero"
1019,"exact_zero"
1020,"exact_zero"
1021,"exact_zero"
1022,"exact_zero"
1023,"exact_zero"
1024,"exact_zero"
1025,"exact_zero"
1026,"exact_zero"
1027,"exact_zero"
1028,"exact_zero"
1029,"exact_zero"
1030,"exact_zero"
1031,"exact_zero"
1032,"exact_zero"
1033,"exact_zero"
1034,"exact_zero"
1035,"exact_zero"
1036,"exact_zero"
1037,"exact_zero"
1038,"exact_zero"
1039,"exact_zero"
1040,"exact_zero"
1041,"exact_zero"
1042,"exact_zero"
1043,"exact_zero"
1044,"exact_zero"
1045,"exact_zero"
1046,"exact_zero"
1047,"exact_zero"
1048,"exact_zero"
1049,"exact_zero"
1050,"exact_zero"
1051,"exact_zero"
1052,"exact_zero"
1053,"exact_zero"
1054,"exact_zero"
1055,"exact_zero"
1056,"exact_zero"
1057,"exact_zero"
1058,"exact_zero"
1059,"exact_zero"
1060,"exact_zero"
1061,"exact_zero"
1062,"exact_zero"
1063,"exact_zero"
1064,"exact_zero"
1065,"exact_zero"
1066,"exact_zero"
1067,"exact_zero"
1068,"exact_zero"
1069,"exact_zero"
1070,"exact_zero"
1071,"exact_zero"
1072,"exact_zero"
1073,"exact_zero"
1074,"exact_zero"
1075,"exact_zero"
1076,"exact_zero"
1077,"exact_zero"
1078,"exact_zero"
1079,"exact_zero"
1080,"exact_zero"
1081,"exact_zero"
1082,"exact_zero"
1083,"exact_zero"
1084,"exact_zero"
1085,"exact_zero"
1086,"exact_zero"
1087,"exact_zero"
1088,"exact_zero"
1089,"exact_zero"
1090,"exact_zero"
1091,"exact_zero"
1092,"exact_zero"
1093,"exact_zero"
1094,"exact_zero"
1095,"exact_zero"
1096,"exact_zero"
1097,"exact_zero"
1098,"exact_zero"
1099,"exact_zero"
1100,"exact_zero"
1101,"exact_zero"
1102,"exact_zero"
1103,"exact_zero"
1104,"exact_zero"
1105,"exact_zero"
1106,"exact_zero"
1107,"exact_zero"
1108,"exact_zero"
1109,"exact_zero"
1110,"exact_zero"
1111,"exact_zero"
1112,"exact_zero"
1113,"exact_zero"
1114,"exact_zero"
1115,"exact_zero"
1116,"exact_zero"
1117,"exact_zero"
1118,"exact_zero"
1119,"exact_zero"
1120,"exact_zero"
1121,"exact_zero"
1122,"exact_zero"
1123,"exact_zero"
1124,"exact_zero"
1125,"exact_zero"
1126,"exact_zero"
1127,"exact_zero"
1128,"exact_zero"
1129,"exact_zero"
1130,"exact_zero"
1131,"exact_zero"
1132,"exact_zero"
1133,"exact_zero"
1134,"exact_zero"
1135,"exact_zero"
1136,"exact_zero"
1137,"exact_zero"
1138,"exact_zero"
1139,"exact_zero"
1140,"exact_zero"
1141,"exact_zero"
1142,"exact_zero"
1143,"exact_zero"
1144,"exact_zero"
1145,"exact_zero"
1146,"exact_zero"
1147,"exact_zero"
1148,"exact_zero"
1149,"exact_zero"
1150,"exact_zero"
1151,"exact_zero"
1152,"exact_zero"
1153,"exact_zero"
1154,"exact_zero"
1155,"exact_zero"
1156,"exact_zero"
1157,"exact_zero"
1158,"exact_zero"
1159,"exact_zero"
1160,"exact_zero"
1161,"exact_zero"
1162,"exact_zero"
1163,"exact_zero"
1164,"exact_zero"
1165,"exact_zero"
1166,"exact_zero"
1167,"exact_zero"
1168,"exact_zero"
1169,"exact_zero"
1170,"exact_zero"
1171,"exact_zero"
1172,"exact_zero"
1173,"exact_zero"
1174,"exact_zero"
1175,"exact_zero"
1176,"exact_zero"
1177,"exact_zero"
1178,"exact_zero"
1179,"exact_zero"
1180,"exact_zero"
1181,"exact_zero"
1182,"exact_zero"
1183,"exact_zero"
1184,"exact_zero"
1185,"exact_zero"
1186,"exact_zero"
1187,"exact_zero"
1188,"exact_zero"
1189,"exact_zero"
1190,"exact_zero"
1191,"exact_zero"
1192,"exact_zero"
1193,"exact_zero"
1194,"exact_zero"
1195,"exact_zero"
1196,"exact_zero"
1197,"exact_zero"
1198,"exact_zero"
1199,"exact_zero"
1200,"exact_zero"
1201,"exact_zero"
1202,"exact_zero"
1203,"exact_zero"
1204,"exact_zero"
1205,"exact_zero"
1206,"exact_zero"
1207,"exact_zero"
1208,"exact_zero"
1209,"exact_zero"
1210,"exact_zero"
1211,"exact_zero"
1212,"exact_zero"
1213,"exact_zero"
1214,"exact_zero"
1215,"exact_zero"
1216,"exact_zero"
1217,"exact_zero"
1218,"exact_zero"
1219,"exact_zero"
1220,"exact_zero"
1221,"exact_zero"
1222,"exact_zero"
1223,"exact_zero"
1224,"exact_zero"
1225,"exact_zero"
1226,"exact_zero"
1227,"exact_zero"
1228,"exact_zero"
1229,"exact_zero"
1230,"exact_zero"
1231,"exact_zero"
1232,"exact_zero"
1233,"exact_zero"
1234,"exact_zero"
1235,"exact_zero"
1236,"exact_zero"
1237,"exact_zero"
1238,"exact_zero"
1239,"exact_zero"
1240,"exact_zero"
1241,"exact_zero"
1242,"exact_zero"
1243,"exact_zero"
1244,"exact_zero"
1245,"exact_zero"
1246,"exact_zero"
1247,"exact_zero"
1248,"exact_zero"
1249,"exact_zero"
1250,"exact_zero"
1251,"exact_zero"
1252,"exact_zero"
1253,"exact_zero"
1254,"exact_zero"
1255,"exact_zero"
1256,"exact_zero"
1257,"exact_zero"
1258,"exact_zero"
1259,"exact_zero"
1260,"exact_zero"
1261,"exact_zero"
1262,"exact_zero"
1263,"exact_zero"
1264,"exact_zero"
1265,"exact_zero"
1266,"exact_zero"
1267,"exact_zero"
1268,"exact_zero"
1269,"exact_zero"
1270,"exact_zero"
1271,"exact_zero"
1272,"exact_zero"
1273,"exact_zero"
1274,"exact_zero"
1275,"exact_zero"
1276,"exact_zero"
1277,"exact_zero"
1278,"exact_zero"
1279,"exact_zero"
1280,"exact_zero"
1281,"exact_zero"
1282,"exact_zero"
1283,"exact_zero"
1284,"exact_zero"
1285,"exact_zero"
1286,"exact_zero"
1287,"exact_zero"
1288,"exact_zero"
1289,"exact_zero"
1290,"exact_zero"
1291,"exact_zero"
1292,"exact_zero"
1293,"exact_zero"
1294,"exact_zero"
1295,"exact_zero"
1296,"exact_zero"
1297,"exact_zero"
1298,"exact_zero"
1299,"exact_zero"
1300,"exact_zero"
1301,"exact_zero"
1302,"exact_zero"
1303,"exact_zero"
1304,"exact_zero"
1305,"exact_zero"
1306,"exact_zero"
1307,"exact_zero"
1308,"exact_zero"
1309,"exact_zero"
1310,"exact_zero"
1311,"exact_zero"
1312,"exact_zero"
1313,"exact_zero"
1314,"exact_zero"
1315,"exact_zero"
1316,"exact_zero"
1317,"exact_zero"
1318,"exact_zero"
1319,"exact_zero"
1320,"exact_zero"
1321,"exact_zero"
1322,"exact_zero"
1323,"exact_zero"
1324,"exact_zero"
1325,"exact_zero"
1326,"exact_zero"
1327,"exact_zero"
1328,"exact_zero"
1329,"exact_zero"
1330,"exact_zero"
1331,"exact_zero"
1332,"exact_zero"
1333,"exact_zero"
1334,"exact_zero"
1335,"exact_zero"
1336,"exact_zero"
1337,"exact_zero"
1338,"exact_zero"
1339,"exact_zero"
1340,"exact_zero"
1341,"exact_zero"
1342,"exact_zero"
1343,"exact_zero"
1344,"exact_zero"
1345,"exact_zero"
1346,"exact_zero"
1347,"exact_zero"
1348,"exact_zero"
1349,"exact_zero"
1350,"exact_zero"
1351,"exact_zero"
1352,"exact_zero"
1353,"exact_zero"
1354,"exact_zero"
1355,"exact_zero"
1356,"exact_zero"
1357,"exact_zero"
1358,"exact_zero"
1359,"exact_zero"
1360,"exact_zero"
1361,"exact_zero"
1362,"exact_zero"
1363,"exact_zero"
1364,"exact_zero"
1365,"exact_zero"
1366,"exact_zero"
1367,"exact_zero"
1368,"exact_zero"
1369,"exact_zero"
1370,"exact_zero"
1371,"exact_zero"
1372,"exact_zero"
1373,"exact_zero"
1374,"exact_zero"
1375,"exact_zero"
1376,"exact_zero"
1377,"exact_zero"
1378,"exact_zero"
1379,"exact_zero"
1380,"exact_zero"
1381,"exact_zero"
1382,"exact_zero"
1383,"exact_zero"
1384,"exact_zero"
1385,"exact_zero"
1386,"exact_zero"
1387,"exact_zero"
1388,"exact_zero"
1389,"exact_zero"
1390,"exact_zero"
1391,"exact_zero"
1392,"exact_zero"
1393,"exact_zero"
1394,"exact_zero"
1395,"exact_zero"
1396,"exact_zero"
1397,"exact_zero"
1398,"exact_zero"
1399,"exact_zero"
1400,"exact_zero"
1401,"exact_zero"
1402,"exact_zero"
1403,"exact_zero"
1404,"exact_zero"
1405,"exact_zero"
1406,"exact_zero"
1407,"exact_zero"
1408,"exact_zero"
1409,"exact_zero"
1410,"exact_zero"
1411,"exact_zero"
1412,"exact_zero"
1413,"exact_zero"
1414,"exact_zero"
1415,"exact_zero"
1416,"exact_zero"
1417,"exact_zero"
1418,"exact_zero"
1419,"exact_zero"
1420,"exact_zero"
1421,"exact_zero"
1422,"exact_zero"
1423,"exact_zero"
1424,"exact_zero"
1425,"exact_zero"
1426,"exact_zero"
1427,"exact_zero"
1428,"exact_zero"
1429,"exact_zero"
1430,"exact_zero"
1431,"exact_zero"
1432,"exact_zero"
1433,"exact_zero"
1434,"exact_zero"
1435,"exact_zero"
1436,"exact_zero"
1437,"exact_zero"
1438,"exact_zero"
1439,"exact_zero"
1440,"exact_zero"
1441,"exact_zero"
1442,"exact_zero"
1443,"exact_zero"
1444,"exact_zero"
1445,"exact_zero"
1446,"exact_zero"
1447,"exact_zero"
1448,"exact_zero"
1449,"exact_zero"
1450,"exact_zero"
1451,"exact_zero"
1452,"exact_zero"
1453,"exact_zero"
1454,"exact_zero"
1455,"exact_zero"
1456,"exact_zero"
1457,"exact_zero"
1458,"exact_zero"
1459,"exact_zero"
1460,"exact_zero"
1461,"exact_zero"
1462,"exact_zero"
1463,"exact_zero"
1464,"exact_zero"
1465,"exact_zero"
1466,"exact_zero"
1467,"exact_zero"
1468,"exact_zero"
1469,"exact_zero"
1470,"exact_zero"
1471,"exact_zero"
1472,"exact_zero"
1473,"exact_zero"
1474,"exact_zero"
1475,"exact_zero"
1476,"exact_zero"
1477,"exact_zero"
1478,"exact_zero"
1479,"exact_zero"
1480,"exact_zero"
1481,"exact_zero"
1482,"exact_zero"
1483,"exact_zero"
1484,"exact_zero"
1485,"exact_zero"
1486,"exact_zero"
1487,"exact_zero"
1488,"exact_zero"
1489,"exact_zero"
1490,"exact_zero"
1491,"exact_zero"
1492,"exact_zero"
1493,"exact_zero"
1494,"exact_zero"
1495,"exact_zero"
1496,"exact_zero"
1497,"exact_zero"
1498,"exact_zero"
1499,"exact_zero"
1500,"exact_zero"
1501,"exact_zero"
1502,"exact_zero"
1503,"exact_zero"
1504,"exact_zero"
1505,"exact_zero"
1506,"exact_zero"
1507,"exact_zero"
1508,"exact_zero"
1509,"exact_zero"
1510,"exact_zero"
1511,"exact_zero"
1512,"exact_zero"
1513,"exact_zero"
1514,"exact_zero"
1515,"exact_zero"
1516,"exact_zero"
1517,"exact_zero"
1518,"exact_zero"
1519,"exact_zero"
1520,"exact_zero"
1521,"exact_zero"
1522,"exact_zero"
1523,"exact_zero"
1524,"exact_zero"
1525,"exact_zero"
1526,"exact_zero"
1527,"exact_zero"
1528,"exact_zero"
1529,"exact_zero"
1530,"exact_zero"
1531,"exact_zero"
1532,"exact_zero"
1533,"exact_zero"
1534,"exact_zero"
1535,"exact_zero"
1536,"exact_zero"
1537,"exact_zero"
1538,"exact_zero"
1539,"exact_zero"
1540,"exact_zero"
1541,"exact_zero"
1542,"exact_zero"
1543,"exact_zero"
1544,"exact_zero"
1545,"exact_zero"
1546,"exact_zero"
1547,"exact_zero"
1548,"exact_zero"
1549,"exact_zero"
1550,"exact_zero"
1551,"exact_zero"
1552,"exact_zero"
1553,"exact_zero"
1554,"exact_zero"
1555,"exact_zero"
1556,"exact_zero"
1557,"exact_zero"
1558,"exact_zero"
1559,"exact_zero"
1560,"exact_zero"
1561,"exact_zero"
1562,"exact_zero"
1563,"exact_zero"
1564,"exact_zero"
1565,"exact_zero"
1566,"exact_zero"
1567,"exact_zero"
1568,"exact_zero"
1569,"exact_zero"
1570,"exact_zero"
1571,"exact_zero"
1572,"exact_zero"
1573,"exact_zero"
1574,"exact_zero"
1575,"exact_zero"
1576,"exact_zero"
1577,"exact_zero"
1578,"exact_zero"
1579,"exact_zero"
1580,"exact_zero"
1581,"exact_zero"
1582,"exact_zero"
1583,"exact_zero"
1584,"exact_zero"
1585,"exact_zero"
1586,"exact_zero"
1587,"exact_zero"
1588,"exact_zero"
1589,"exact_zero"
1590,"exact_zero"
1591,"exact_zero"
1592,"exact_zero"
1593,"exact_zero"
1594,"exact_zero"
1595,"exact_zero"
1596,"exact_zero"
1597,"exact_zero"
1598,"exact_zero"
1599,"exact_zero"
1600,"exact_zero"
1601,"exact_zero"
1602,"exact_zero"
1603,"exact_zero"
1604,"exact_zero"
1605,"exact_zero"
1606,"exact_zero"
1607,"exact_zero"
1608,"exact_zero"
1609,"exact_zero"
1610,"exact_zero"
1611,"exact_zero"
1612,"exact_zero"
1613,"exact_zero"
1614,"exact_zero"
1615,"exact_zero"
1616,"exact_zero"
1617,"exact_zero"
1618,"exact_zero"
1619,"exact_zero"
1620,"exact_zero"
1621,"exact_zero"
1622,"exact_zero"
1623,"exact_zero"
1624,"exact_zero"
1625,"exact_zero"
1626,"exact_zero"
1627,"exact_zero"
1628,"exact_zero"
1629,"exact_zero"
1630,"exact_zero"
1631,"exact_zero"
1632,"exact_zero"
1633,"exact_zero"
1634,"exact_zero"
1635,"exact_zero"
1636,"exact_zero"
1637,"exact_zero"
1638,"exact_zero"
1639,"exact_zero"
1640,"exact_zero"
1641,"exact_zero"
1642,"exact_zero"
1643,"exact_zero"
1644,"exact_zero"
1645,"exact_zero"
1646,"exact_zero"
1647,"exact_zero"
1648,"exact_zero"
1649,"exact_zero"
1650,"exact_zero"
1651,"exact_zero"
1652,"exact_zero"
1653,"exact_zero"
1654,"exact_zero"
1655,"exact_zero"
1656,"exact_zero"
1657,"exact_zero"
1658,"exact_zero"
1659,"exact_zero"
1660,"exact_zero"
1661,"exact_zero"
1662,"exact_zero"
1663,"exact_zero"
1664,"exact_zero"
1665,"exact_zero"
1666,"exact_zero"
1667,"exact_zero"
1668,"exact_zero"
1669,"exact_zero"
1670,"exact_zero"
1671,"exact_zero"
1672,"exact_zero"
1673,"exact_zero"
1674,"exact_zero"
1675,"exact_zero"
1676,"exact_zero"
1677,"exact_zero"
1678,"exact_zero"
1679,"exact_zero"
1680,"exact_zero"
1681,"exact_zero"
1682,"exact_zero"
1683,"exact_zero"
1684,"exact_zero"
1685,"exact_zero"
1686,"exact_zero"
1687,"exact_zero"
1688,"exact_zero"
1689,"exact_zero"
1690,"exact_zero"
1691,"exact_zero"
1692,"exact_zero"
1693,"exact_zero"
1694,"exact_zero"
1695,"exact_zero"
1696,"exact_zero"
1697,"exact_zero"
1698,"exact_zero"
1699,"exact_zero"
1700,"exact_zero"
1701,"exact_zero"
1702,"exact_zero"
1703,"exact_zero"
1704,"exact_zero"
1705,"exact_zero"
1706,"exact_zero"
1707,"exact_zero"
1708,"exact_zero"
1709,"exact_zero"
1710,"exact_zero"
1711,"exact_zero"
1712,"exact_zero"
1713,"exact_zero"
1714,"exact_zero"
1715,"exact_zero"
1716,"exact_zero"
1717,"exact_zero"
1718,"exact_zero"
1719,"exact_zero"
1720,"exact_zero"
1721,"exact_zero"
1722,"exact_zero"
1723,"exact_zero"
1724,"exact_zero"
1725,"exact_zero"
1726,"exact_zero"
1727,"exact_zero"
1728,"exact_zero"
1729,"exact_zero"
1730,"exact_zero"
1731,"exact_zero"
1732,"exact_zero"
1733,"exact_zero"
1734,"exact_zero"
1735,"exact_zero"
1736,"exact_zero"
1737,"exact_zero"
1738,"exact_zero"
1739,"exact_zero"
1740,"exact_zero"
1741,"exact_zero"
1742,"exact_zero"
1743,"exact_zero"
1744,"exact_zero"
1745,"exact_zero"
1746,"exact_zero"
1747,"exact_zero"
1748,"exact_zero"
1749,"exact_zero"
1750,"exact_zero"
1751,"exact_zero"
1752,"exact_zero"
1753,"exact_zero"
1754,"exact_zero"
1755,"exact_zero"
1756,"exact_zero"
1757,"exact_zero"
1758,"exact_zero"
1759,"exact_zero"
1760,"exact_zero"
1761,"exact_zero"
1762,"exact_zero"
1763,"exact_zero"
1764,"exact_zero"
1765,"exact_zero"
1766,"exact_zero"
1767,"exact_zero"
1768,"exact_zero"
1769,"exact_zero"
1770,"exact_zero"
1771,"exact_zero"
1772,"exact_zero"
1773,"exact_zero"
1774,"exact_zero"
1775,"exact_zero"
1776,"exact_zero"
1777,"exact_zero"
1778,"exact_zero"
1779,"exact_zero"
1780,"exact_zero"
1781,"exact_zero"
1782,"exact_zero"
1783,"exact_zero"
1784,"exact_zero"
1785,"exact_zero"
1786,"exact_zero"
1787,"exact_zero"
1788,"exact_zero"
1789,"exact_zero"
1790,"exact_zero"
1791,"exact_zero"
1792,"exact_zero"
1793,"exact_zero"
1794,"exact_zero"
1795,"exact_zero"
1796,"exact_zero"
1797,"exact_zero"
1798,"exact_zero"
1799,"exact_zero"
1800,"exact_zero"
1801,"exact_zero"
1802,"exact_zero"
1803,"exact_zero"
1804,"exact_zero"
1805,"exact_zero"
1806,"exact_zero"
1807,"exact_zero"
1808,"exact_zero"
1809,"exact_zero"
1810,"exact_zero"
1811,"exact_zero"
1812,"exact_zero"
1813,"exact_zero"
1814,"exact_zero"
1815,"exact_zero"
1816,"exact_zero"
1817,"exact_zero"
1818,"exact_zero"
1819,"exact_zero"
1820,"exact_zero"
1821,"exact_zero"
1822,"exact_zero"
1823,"exact_zero"
1824,"exact_zero"
1825,"exact_zero"
1826,"exact_zero"
1827,"exact_zero"
1828,"exact_zero"
1829,"exact_zero"
1830,"exact_zero"
1831,"exact_zero"
1832,"exact_zero"
1833,"exact_zero"
1834,"exact_zero"
1835,"exact_zero"
1836,"exact_zero"
1837,"exact_zero"
1838,"exact_zero"
1839,"exact_zero"
1840,"exact_zero"
1841,"exact_zero"
1842,"exact_zero"
1843,"exact_zero"
1844,"exact_zero"
1845,"exact_zero"
1846,"exact_zero"
1847,"exact_zero"
1848,"exact_zero"
1849,"exact_zero"
1850,"exact_zero"
1851,"exact_zero"
1852,"exact_zero"
1853,"exact_zero"
1854,"exact_zero"
1855,"exact_zero"
1856,"exact_zero"
1857,"exact_zero"
1858,"exact_zero"
1859,"exact_zero"
1860,"exact_zero"
1861,"exact_zero"
1862,"exact_zero"
1863,"exact_zero"
1864,"exact_zero"
1865,"exact_zero"
1866,"exact_zero"
1867,"exact_zero"
1868,"exact_zero"
1869,"exact_zero"
1870,"exact_zero"
1871,"exact_zero"
1872,"exact_zero"
1873,"exact_zero"
1874,"exact_zero"
1875,"exact_zero"
1876,"exact_zero"
1877,"exact_zero"
1878,"exact_zero"
1879,"exact_zero"
1880,"exact_zero"
1881,"exact_zero"
1882,"exact_zero"
1883,"exact_zero"
1884,"exact_zero"
1885,"exact_zero"
1886,"exact_zero"
1887,"exact_zero"
1888,"exact_zero"
1889,"exact_zero"
1890,"exact_zero"
1891,"exact_zero"
1892,"exact_zero"
1893,"exact_zero"
1894,"exact_zero"
1895,"exact_zero"
1896,"exact_zero"
1897,"exact_zero"
1898,"exact_zero"
1899,"exact_zero"
1900,"exact_zero"
1901,"exact_zero"
1902,"exact_zero"
1903,"exact_zero"
1904,"exact_zero"
1905,"exact_zero"
1906,"exact_zero"
1907,"exact_zero"
1908,"exact_zero"
1909,"exact_zero"
1910,"exact_zero"
1911,"exact_zero"
1912,"exact_zero"
1913,"exact_zero"
1914,"exact_zero"
1915,"exact_zero"
1916,"exact_zero"
1917,"exact_zero"
1918,"exact_zero"
1919,"exact_zero"
1920,"exact_zero"
1921,"exact_zero"
1922,"exact_zero"
1923,"exact_zero"
1924,"exact_zero"
1925,"exact_zero"
1926,"exact_zero"
1927,"exact_zero"
1928,"exact_zero"
1929,"exact_zero"
1930,"exact_zero"
1931,"exact_zero"
1932,"exact_zero"
1933,"exact_zero"
1934,"exact_zero"
1935,"exact_zero"
1936,"exact_zero"
1937,"exact_zero"
1938,"exact_zero"
1939,"exact_zero"
1940,"exact_zero"
1941,"exact_zero"
1942,"exact_zero"
1943,"exact_zero"
1944,"exact_zero"
1945,"exact_zero"
1946,"exact_zero"
1947,"exact_zero"
1948,"exact_zero"
1949,"exact_zero"
1950,"exact_zero"
1951,"exact_zero"
1952,"exact_zero"
1953,"exact_zero"
1954,"exact_zero"
1955,"exact_zero"
1956,"exact_zero"
1957,"exact_zero"
1958,"exact_zero"
1959,"exact_zero"
1960,"exact_zero"
1961,"exact_zero"
1962,"exact_zero"
1963,"exact_zero"
1964,"exact_zero"
1965,"exact_zero"
1966,"exact_zero"
1967,"exact_zero"
1968,"exact_zero"
1969,"exact_zero"
1970,"exact_zero"
1971,"exact_zero"
1972,"exact_zero"
1973,"exact_zero"
1974,"exact_zero"
1975,"exact_zero"
1976,"exact_zero"
1977,"exact_zero"
1978,"exact_zero"
1979,"exact_zero"
1980,"exact_zero"
1981,"exact_zero"
1982,"exact_zero"
1983,"exact_zero"
1984,"exact_zero"
1985,"exact_zero"
1986,"exact_zero"
1987,"exact_zero"
1988,"exact_zero"
1989,"exact_zero"
1990,"exact_zero"
1991,"exact_zero"
1992,"exact_zero"
1993,"exact_zero"
1994,"exact_zero"
1995,"exact_zero"
1996,"exact_zero"
1997,"exact_zero"
1998,"exact_zero"
1999,"exact_zero"
2000,"exact_zero"
2001,"exact_zero"
2002,"exact_zero"
2003,"exact_zero"
2004,"exact_zero"
2005,"exact_zero"
2006,"exact_zero"
2007,"exact_zero"
2008,"exact_zero"
2009,"exact_zero"
2010,"exact_zero"
2011,"exact_zero"
2012,"exact_zero"
2013,"exact_zero"
2014,"exact_zero"
2015,"exact_zero"
2016,"exact_zero"
2017,"exact_zero"
2018,"exact_zero"
2019,"exact_zero"
2020,"exact_zero"
2021,"exact_zero"
2022,"exact_zero"
2023,"exact_zero"
2024,"exact_zero"
2025,"exact_zero"
2026,"exact_zero"
2027,"exact_zero"
2028,"exact_zero"
2029,"exact_zero"
2030,"exact_zero"
2031,"exact_zero"
2032,"exact_zero"
2033,"exact_zero"
2034,"exact_zero"
2035,"exact_zero"
2036,"exact_zero"
2037,"exact_zero"
2038,"exact_zero"
2039,"exact_zero"
2040,"exact_zero"
2041,"exact_zero"
2042,"exact_zero"
2043,"exact_zero"
2044,"exact_zero"
2045,"exact_zero"
2046,"exact_zero"
2047,"exact_zero"
2048,"exact_zero"
2049,"exact_zero"
2050,"exact_zero"
2051,"exact_zero"
2052,"exact_zero"
2053,"exact_zero"
2054,"exact_zero"
2055,"exact_zero"
2056,"exact_zero"
2057,"exact_zero"
2058,"exact_zero"
2059,"exact_zero"
2060,"exact_zero"
2061,"exact_zero"
2062,"exact_zero"
2063,"exact_zero"
2064,"exact_zero"
2065,"exact_zero"
2066,"exact_zero"
2067,"exact_zero"
2068,"exact_zero"
2069,"exact_zero"
2070,"exact_zero"
2071,"exact_zero"
2072,"exact_zero"
2073,"exact_zero"
2074,"exact_zero"
2075,"exact_zero"
2076,"exact_zero"
2077,"exact_zero"
2078,"exact_zero"
2079,"exact_zero"
2080,"exact_zero"
2081,"exact_zero"
2082,"exact_zero"
2083,"exact_zero"
2084,"exact_zero"
2085,"exact_zero"
2086,"exact_zero"
2087,"exact_zero"
2088,"exact_zero"
2089,"exact_zero"
2090,"exact_zero"
2091,"exact_zero"
2092,"exact_zero"
2093,"exact_zero"
2094,"exact_zero"
2095,"exact_zero"
2096,"exact_zero"
2097,"exact_zero"
2098,"exact_zero"
2099,"exact_zero"
2100,"exact_zero"
2101,"exact_zero"
2102,"exact_zero"
2103,"exact_zero"
2104,"exact_zero"
2105,"exact_zero"
2106,"exact_zero"
2107,"exact_zero"
2108,"exact_zero"
2109,"exact_zero"
2110,"exact_zero"
2111,"exact_zero"
2112,"exact_zero"
2113,"exact_zero"
2114,"exact_zero"
2115,"exact_zero"
2116,"exact_zero"
2117,"exact_zero"
2118,"exact_zero"
2119,"exact_zero"
2120,"exact_zero"
2121,"exact_zero"
2122,"exact_zero"
2123,"exact_zero"
2124,"exact_zero"
2125,"exact_zero"
2126,"exact_zero"
2127,"exact_zero"
2128,"exact_zero"
2129,"exact_zero"
2130,"exact_zero"
2131,"exact_zero"
2132,"exact_zero"
2133,"exact_zero"
2134,"exact_zero"
2135,"exact_zero"
2136,"exact_zero"
2137,"exact_zero"
2138,"exact_zero"
2139,"exact_zero"
2140,"exact_zero"
2141,"exact_zero"
2142,"exact_zero"
2143,"exact_zero"
2144,"exact_zero"
2145,"exact_zero"
2146,"exact_zero"
2147,"exact_zero"
2148,"exact_zero"
2149,"exact_zero"
2150,"exact_zero"
2151,"exact_zero"
2152,"exact_zero"
2153,"exact_zero"
2154,"exact_zero"
2155,"exact_zero"
2156,"exact_zero"
2157,"exact_zero"
2158,"exact_zero"
2159,"exact_zero"
2160,"exact_zero"
2161,"exact_zero"
2162,"exact_zero"
2163,"exact_zero"
2164,"exact_zero"
2165,"exact_zero"
2166,"exact_zero"
2167,"exact_zero"
2168,"exact_zero"
2169,"exact_zero"
2170,"exact_zero"
2171,"exact_zero"
2172,"exact_zero"
2173,"exact_zero"
2174,"exact_zero"
2175,"exact_zero"
2176,"exact_zero"
2177,"exact_zero"
2178,"exact_zero"
2179,"exact_zero"
2180,"exact_zero"
2181,"exact_zero"
2182,"exact_zero"
2183,"exact_zero"
2184,"exact_zero"
2185,"exact_zero"
2186,"exact_zero"
2187,"exact_zero"
2188,"exact_zero"
2189,"exact_zero"
2190,"exact_zero"
2191,"exact_zero"
2192,"exact_zero"
2193,"exact_zero"
2194,"exact_zero"
2195,"exact_zero"
2196,"exact_zero"
2197,"exact_zero"
2198,"exact_zero"
2199,"exact_zero"
2200,"exact_zero"
2201,"exact_zero"
2202,"exact_zero"
2203,"exact_zero"
2204,"exact_zero"
2205,"exact_zero"
2206,"exact_zero"
2207,"exact_zero"
2208,"exact_zero"
2209,"exact_zero"
2210,"exact_zero"
2211,"exact_zero"
2212,"exact_zero"
2213,"exact_zero"
2214,"exact_zero"
2215,"exact_zero"
2216,"exact_zero"
2217,"exact_zero"
2218,"exact_zero"
2219,"exact_zero"
2220,"exact_zero"
2221,"exact_zero"
2222,"exact_zero"
2223,"exact_zero"
2224,"exact_zero"
2225,"exact_zero"
2226,"exact_zero"
2227,"exact_zero"
2228,"exact_zero"
2229,"exact_zero"
2230,"exact_zero"
2231,"exact_zero"
2232,"exact_zero"
2233,"exact_zero"
2234,"exact_zero"
2235,"exact_zero"
2236,"exact_zero"
2237,"exact_zero"
2238,"exact_zero"
2239,"exact_zero"
2240,"exact_zero"
2241,"exact_zero"
2242,"exact_zero"
2243,"exact_zero"
2244,"exact_zero"
2245,"exact_zero"
2246,"exact_zero"
2247,"exact_zero"
2248,"exact_zero"
2249,"exact_zero"
2250,"exact_zero"
2251,"exact_zero"
2252,"exact_zero"
2253,"exact_zero"
2254,"exact_zero"
2255,"exact_zero"
2256,"exact_zero"
2257,"exact_zero"
2258,"exact_zero"
2259,"exact_zero"
2260,"exact_zero"
2261,"exact_zero"
2262,"exact_zero"
2263,"exact_zero"
2264,"exact_zero"
2265,"exact_zero"
2266,"exact_zero"
2267,"exact_zero"
2268,"exact_zero"
2269,"exact_zero"
2270,"exact_zero"
2271,"exact_zero"
2272,"exact_zero"
2273,"exact_zero"
2274,"exact_zero"
2275,"exact_zero"
2276,"exact_zero"
2277,"exact_zero"
2278,"exact_zero"
2279,"exact_zero"
2280,"exact_zero"
2281,"exact_zero"
2282,"exact_zero"
2283,"exact_zero"
2284,"exact_zero"
2285,"exact_zero"
2286,"exact_zero"
2287,"exact_zero"
2288,"exact_zero"
2289,"exact_zero"
2290,"exact_zero"
2291,"exact_zero"
2292,"exact_zero"
2293,"exact_zero"
2294,"exact_zero"
2295,"exact_zero"
2296,"exact_zero"
2297,"exact_zero"
2298,"exact_zero"
2299,"exact_zero"
2300,"exact_zero"
2301,"exact_zero"
2302,"exact_zero"
2303,"exact_zero"
2304,"exact_zero"
2305,"exact_zero"
2306,"exact_zero"
2307,"exact_zero"
2308,"exact_zero"
2309,"exact_zero"
2310,"exact_zero"
2311,"exact_zero"
2312,"exact_zero"
2313,"exact_zero"
2314,"exact_zero"
2315,"exact_zero"
2316,"exact_zero"
2317,"exact_zero"
2318,"exact_zero"
2319,"exact_zero"
2320,"exact_zero"
2321,"exact_zero"
2322,"exact_zero"
2323,"exact_zero"
2324,"exact_zero"
2325,"exact_zero"
2326,"exact_zero"
2327,"exact_zero"
2328,"exact_zero"
2329,"exact_zero"
2330,"exact_zero"
2331,"exact_zero"
2332,"exact_zero"
2333,"exact_zero"
2334,"exact_zero"
2335,"exact_zero"
2336,"exact_zero"
2337,"exact_zero"
2338,"exact_zero"
2339,"exact_zero"
2340,"exact_zero"
2341,"exact_zero"
2342,"exact_zero"
2343,"exact_zero"
2344,"exact_zero"
2345,"exact_zero"
2346,"exact_zero"
2347,"exact_zero"
2348,"exact_zero"
2349,"exact_zero"
2350,"exact_zero"
2351,"exact_zero"
2352,"exact_zero"
2353,"exact_zero"
2354,"exact_zero"
2355,"exact_zero"
2356,"exact_zero"
2357,"exact_zero"
2358,"exact_zero"
2359,"exact_zero"
2360,"exact_zero"
2361,"exact_zero"
2362,"exact_zero"
2363,"exact_zero"
2364,"exact_zero"
2365,"exact_zero"
2366,"exact_zero"
2367,"exact_zero"
2368,"exact_zero"
2369,"exact_zero"
2370,"exact_zero"
2371,"exact_zero"
2372,"exact_zero"
2373,"exact_zero"
2374,"exact_zero"
2375,"exact_zero"
2376,"exact_zero"
2377,"exact_zero"
2378,"exact_zero"
2379,"exact_zero"
2380,"exact_zero"
2381,"exact_zero"
2382,"exact_zero"
2383,"exact_zero"
2384,"exact_zero"
2385,"exact_zero"
2386,"exact_zero"
2387,"exact_zero"
2388,"exact_zero"
2389,"exact_zero"
2390,"exact_zero"
2391,"exact_zero"
2392,"exact_zero"
2393,"exact_zero"
2394,"exact_zero"
2395,"exact_zero"
2396,"exact_zero"
2397,"exact_zero"
2398,"exact_zero"
2399,"exact_zero"
2400,"exact_zero"
2401,"exact_zero"
2402,"exact_zero"
2403,"exact_zero"
2404,"exact_zero"
2405,"exact_zero"
2406,"exact_zero"
2407,"exact_zero"
2408,"exact_zero"
2409,"exact_zero"
2410,"exact_zero"
2411,"exact_zero"
2412,"exact_zero"
2413,"exact_zero"
2414,"exact_zero"
2415,"exact_zero"
2416,"exact_zero"
2417,"exact_zero"
2418,"exact_zero"
2419,"exact_zero"
2420,"exact_zero"
2421,"exact_zero"
2422,"exact_zero"
2423,"exact_zero"
2424,"exact_zero"
2425,"exact_zero"
2426,"exact_zero"
2427,"exact_zero"
2428,"exact_zero"
2429,"exact_zero"
2430,"exact_zero"
2431,"exact_zero"
2432,"exact_zero"
2433,"exact_zero"
2434,"exact_zero"
2435,"exact_zero"
2436,"exact_zero"
2437,"exact_zero"
2438,"exact_zero"
2439,"exact_zero"
2440,"exact_zero"
2441,"exact_zero"
2442,"exact_zero"
2443,"exact_zero"
2444,"exact_zero"
2445,"exact_zero"
2446,"exact_zero"
2447,"exact_zero"
2448,"exact_zero"
2449,"exact_zero"
2450,"exact_zero"
2451,"exact_zero"
2452,"exact_zero"
2453,"exact_zero"
2454,"exact_zero"
2455,"exact_zero"
2456,"exact_zero"
2457,"exact_zero"
2458,"exact_zero"
2459,"exact_zero"
2460,"exact_zero"
2461,"exact_zero"
2462,"exact_zero"
2463,"exact_zero"
2464,"exact_zero"
2465,"exact_zero"
2466,"exact_zero"
2467,"exact_zero"
2468,"exact_zero"
2469,"exact_zero"
2470,"exact_zero"
2471,"exact_zero"
2472,"exact_zero"
2473,"exact_zero"
2474,"exact_zero"
2475,"exact_zero"
2476,"exact_zero"
2477,"exact_zero"
2478,"exact_zero"
2479,"exact_zero"
2480,"exact_zero"
2481,"exact_zero"
2482,"exact_zero"
2483,"exact_zero"
2484,"exact_zero"
2485,"exact_zero"
2486,"exact_zero"
2487,"exact_zero"
2488,"exact_zero"
2489,"exact_zero"
2490,"exact_zero"
2491,"exact_zero"
2492,"exact_zero"
2493,"exact_zero"
2494,"exact_zero"
2495,"exact_zero"
2496,"exact_zero"
2497,"exact_zero"
2498,"exact_zero"
2499,"exact_zero"
2500,"exact_zero"
2501,"exact_zero"
2502,"exact_zero"
2503,"exact_zero"
2504,"exact_zero"
2505,"exact_zero"
2506,"exact_zero"
2507,"exact_zero"
2508,"exact_zero"
2509,"exact_zero"
2510,"exact_zero"
2511,"exact_zero"
2512,"exact_zero"
2513,"exact_zero"
2514,"exact_zero"
2515,"exact_zero"
2516,"exact_zero"
2517,"exact_zero"
2518,"exact_zero"
2519,"exact_zero"
2520,"exact_zero"
2521,"exact_zero"
2522,"exact_zero"
2523,"exact_zero"
2524,"exact_zero"
2525,"exact_zero"
2526,"exact_zero"
2527,"exact_zero"
2528,"exact_zero"
2529,"exact_zero"
2530,"exact_zero"
2531,"exact_zero"
2532,"exact_zero"
2533,"exact_zero"
2534,"exact_zero"
2535,"exact_zero"
2536,"exact_zero"
2537,"exact_zero"
2538,"exact_zero"
2539,"exact_zero"
2540,"exact_zero"
2541,"exact_zero"
2542,"exact_zero"
2543,"exact_zero"
2544,"exact_zero"
2545,"exact_zero"
2546,"exact_zero"
2547,"exact_zero"
2548,"exact_zero"
2549,"exact_zero"
2550,"exact_zero"
2551,"exact_zero"
2552,"exact_zero"
2553,"exact_zero"
2554,"exact_zero"
2555,"exact_zero"
2556,"exact_zero"
2557,"exact_zero"
2558,"exact_zero"
2559,"exact_zero"
2560,"exact_zero"
2561,"exact_zero"
2562,"exact_zero"
2563,"exact_zero"
2564,"exact_zero"
2565,"exact_zero"
2566,"exact_zero"
2567,"exact_zero"
2568,"exact_zero"
2569,"exact_zero"
2570,"exact_zero"
2571,"exact_zero"
2572,"exact_zero"
2573,"exact_zero"
2574,"exact_zero"
2575,"exact_zero"
2576,"exact_zero"
2577,"exact_zero"
2578,"exact_zero"
2579,"exact_zero"
2580,"exact_zero"
2581,"exact_zero"
2582,"exact_zero"
2583,"exact_zero"
2584,"exact_zero"
2585,"exact_zero"
2586,"exact_zero"
2587,"exact_zero"
2588,"exact_zero"
2589,"exact_zero"
2590,"exact_zero"
2591,"exact_zero"
2592,"exact_zero"
2593,"exact_zero"
2594,"exact_zero"
2595,"exact_zero"
2596,"exact_zero"
2597,"exact_zero"
2598,"exact_zero"
2599,"exact_zero"
2600,"exact_zero"
2601,"exact_zero"
2602,"exact_zero"
2603,"exact_zero"
2604,"exact_zero"
2605,"exact_zero"
2606,"exact_zero"
2607,"exact_zero"
2608,"exact_zero"
2609,"exact_zero"
2610,"exact_zero"
2611,"exact_zero"
2612,"exact_zero"
2613,"exact_zero"
2614,"exact_zero"
2615,"exact_zero"
2616,"exact_zero"
2617,"exact_zero"
2618,"exact_zero"
2619,"exact_zero"
2620,"exact_zero"
2621,"exact_zero"
2622,"exact_zero"
2623,"exact_zero"
2624,"exact_zero"
2625,"exact_zero"
2626,"exact_zero"
2627,"exact_zero"
2628,"exact_zero"
2629,"exact_zero"
2630,"exact_zero"
2631,"exact_zero"
2632,"exact_zero"
2633,"exact_zero"
2634,"exact_zero"
2635,"exact_zero"
2636,"exact_zero"
2637,"exact_zero"
2638,"exact_zero"
2639,"exact_zero"
2640,"exact_zero"
2641,"exact_zero"
2642,"exact_zero"
2643,"exact_zero"
2644,"exact_zero"
2645,"exact_zero"
2646,"exact_zero"
2647,"exact_zero"
2648,"exact_zero"
2649,"exact_zero"
2650,"exact_zero"
2651,"exact_zero"
2652,"exact_zero"
2653,"exact_zero"
2654,"exact_zero"
2655,"exact_zero"
2656,"exact_zero"
2657,"exact_zero"
2658,"exact_zero"
2659,"exact_zero"
2660,"exact_zero"
2661,"exact_zero"
2662,"exact_zero"
2663,"exact_zero"
2664,"exact_zero"
2665,"exact_zero"
2666,"exact_zero"
2667,"exact_zero"
2668,"exact_zero"
2669,"exact_zero"
2670,"exact_zero"
2671,"exact_zero"
2672,"exact_zero"
2673,"exact_zero"
2674,"exact_zero"
2675,"exact_zero"
2676,"exact_zero"
2677,"exact_zero"
2678,"exact_zero"
2679,"exact_zero"
2680,"exact_zero"
2681,"exact_zero"
2682,"exact_zero"
2683,"exact_zero"
2684,"exact_zero"
2685,"exact_zero"
2686,"exact_zero"
2687,"exact_zero"
2688,"exact_zero"
2689,"exact_zero"
2690,"exact_zero"
2691,"exact_zero"
2692,"exact_zero"
2693,"exact_zero"
2694,"exact_zero"
2695,"exact_zero"
2696,"exact_zero"
2697,"exact_zero"
2698,"exact_zero"
2699,"exact_zero"
2700,"exact_zero"
2701,"exact_zero"
2702,"exact_zero"
2703,"exact_zero"
2704,"exact_zero"
2705,"exact_zero"
2706,"exact_zero"
2707,"exact_zero"
2708,"exact_zero"
2709,"exact_zero"
2710,"exact_zero"
2711,"exact_zero"
2712,"exact_zero"
2713,"exact_zero"
2714,"exact_zero"
2715,"exact_zero"
2716,"exact_zero"
2717,"exact_zero"
2718,"exact_zero"
2719,"exact_zero"
2720,"exact_zero"
2721,"exact_zero"
2722,"exact_zero"
2723,"exact_zero"
2724,"exact_zero"
2725,"exact_zero"
2726,"exact_zero"
2727,"exact_zero"
2728,"exact_zero"
2729,"exact_zero"
2730,"exact_zero"
2731,"exact_zero"
2732,"exact_zero"
2733,"exact_zero"
2734,"exact_zero"
2735,"exact_zero"
2736,"exact_zero"
2737,"exact_zero"
2738,"exact_zero"
2739,"exact_zero"
2740,"exact_zero"
2741,"exact_zero"
2742,"exact_zero"
2743,"exact_zero"
2744,"exact_zero"
2745,"exact_zero"
2746,"exact_zero"
2747,"exact_zero"
2748,"exact_zero"
2749,"exact_zero"
2750,"exact_zero"
2751,"exact_zero"
2752,"exact_zero"
2753,"exact_zero"
2754,"exact_zero"
2755,"exact_zero"
2756,"exact_zero"
2757,"exact_zero"
2758,"exact_zero"
2759,"exact_zero"
2760,"exact_zero"
2761,"exact_zero"
2762,"exact_zero"
2763,"exact_zero"
2764,"exact_zero"
2765,"exact_zero"
2766,"exact_zero"
2767,"exact_zero"
2768,"exact_zero"
2769,"exact_zero"
2770,"exact_zero"
2771,"exact_zero"
2772,"exact_zero"
2773,"exact_zero"
2774,"exact_zero"
2775,"exact_zero"
2776,"exact_zero"
2777,"exact_zero"
2778,"exact_zero"
2779,"exact_zero"
2780,"exact_zero"
2781,"exact_zero"
2782,"exact_zero"
2783,"exact_zero"
2784,"exact_zero"
2785,"exact_zero"
2786,"exact_zero"
2787,"exact_zero"
2788,"exact_zero"
2789,"exact_zero"
2790,"exact_zero"
2791,"exact_zero"
2792,"exact_zero"
2793,"exact_zero"
2794,"exact_zero"
2795,"exact_zero"
2796,"exact_zero"
2797,"exact_zero"
2798,"exact_zero"
2799,"exact_zero"
2800,"exact_zero"
2801,"exact_zero"
2802,"exact_zero"
2803,"exact_zero"
2804,"exact_zero"
2805,"exact_zero"
2806,"exact_zero"
2807,"exact_zero"
2808,"exact_zero"
2809,"exact_zero"
2810,"exact_zero"
2811,"exact_zero"
2812,"exact_zero"
2813,"exact_zero"
2814,"exact_zero"
2815,"exact_zero"
2816,"exact_zero"
2817,"exact_zero"
2818,"exact_zero"
2819,"exact_zero"
2820,"exact_zero"
2821,"exact_zero"
2822,"exact_zero"
2823,"exact_zero"
2824,"exact_zero"
2825,"exact_zero"
2826,"exact_zero"
2827,"exact_zero"
2828,"exact_zero"
2829,"exact_zero"
2830,"exact_zero"
2831,"exact_zero"
2832,"exact_zero"
2833,"exact_zero"
2834,"exact_zero"
2835,"exact_zero"
2836,"exact_zero"
2837,"exact_zero"
2838,"exact_zero"
2839,"exact_zero"
2840,"exact_zero"
2841,"exact_zero"
2842,"exact_zero"
2843,"exact_zero"
2844,"exact_zero"
2845,"exact_zero"
2846,"exact_zero"
2847,"exact_zero"
2848,"exact_zero"
2849,"exact_zero"
2850,"exact_zero"
2851,"exact_zero"
2852,"exact_zero"
2853,"exact_zero"
2854,"exact_zero"
2855,"exact_zero"
2856,"exact_zero"
2857,"exact_zero"
2858,"exact_zero"
2859,"exact_zero"
2860,"exact_zero"
2861,"exact_zero"
2862,"exact_zero"
2863,"exact_zero"
2864,"exact_zero"
2865,"exact_zero"
2866,"exact_zero"
2867,"exact_zero"
2868,"exact_zero"
2869,"exact_zero"
2870,"exact_zero"
2871,"exact_zero"
2872,"exact_zero"
2873,"exact_zero"
2874,"exact_zero"
2875,"exact_zero"
2876,"exact_zero"
2877,"exact_zero"
2878,"exact_zero"
2879,"exact_zero"
2880,"exact_zero"
2881,"exact_zero"
2882,"exact_zero"
2883,"exact_zero"
2884,"exact_zero"
2885,"exact_zero"
2886,"exact_zero"
2887,"exact_zero"
2888,"exact_zero"
2889,"exact_zero"
2890,"exact_zero"
2891,"exact_zero"
2892,"exact_zero"
2893,"exact_zero"
2894,"exact_zero"
2895,"exact_zero"
2896,"exact_zero"
2897,"exact_zero"
2898,"exact_zero"
2899,"exact_zero"
2900,"exact_zero"
2901,"exact_zero"
2902,"exact_zero"
2903,"exact_zero"
2904,"exact_zero"
2905,"exact_zero"
2906,"exact_zero"
2907,"exact_zero"
2908,"exact_zero"
2909,"exact_zero"
2910,"exact_zero"
2911,"exact_zero"
2912,"exact_zero"
2913,"exact_zero"
2914,"exact_zero"
2915,"exact_zero"
2916,"exact_zero"
2917,"exact_zero"
2918,"exact_zero"
2919,"exact_zero"
2920,"exact_zero"
2921,"exact_zero"
2922,"exact_zero"
2923,"exact_zero"
2924,"exact_zero"
2925,"exact_zero"
2926,"exact_zero"
2927,"exact_zero"
2928,"exact_zero"
2929,"exact_zero"
2930,"exact_zero"
2931,"exact_zero"
2932,"exact_zero"
2933,"exact_zero"
2934,"exact_zero"
2935,"exact_zero"
2936,"exact_zero"
2937,"exact_zero"
2938,"exact_zero"
2939,"exact_zero"
2940,"exact_zero"
2941,"exact_zero"
2942,"exact_zero"
2943,"exact_zero"
2944,"exact_zero"
2945,"exact_zero"
2946,"exact_zero"
2947,"exact_zero"
2948,"exact_zero"
2949,"exact_zero"
2950,"exact_zero"
2951,"exact_zero"
2952,"exact_zero"
2953,"exact_zero"
2954,"exact_zero"
2955,"exact_zero"
2956,"exact_zero"
2957,"exact_zero"
2958,"exact_zero"
2959,"exact_zero"
2960,"exact_zero"
2961,"exact_zero"
2962,"exact_zero"
2963,"exact_zero"
2964,"exact_zero"
2965,"exact_zero"
2966,"exact_zero"
2967,"exact_zero"
2968,"exact_zero"
2969,"exact_zero"
2970,"exact_zero"
2971,"exact_zero"
2972,"exact_zero"
2973,"exact_zero"
2974,"exact_zero"
2975,"exact_zero"
2976,"exact_zero"
2977,"exact_zero"
2978,"exact_zero"
2979,"exact_zero"
2980,"exact_zero"
2981,"exact_zero"
2982,"exact_zero"
2983,"exact_zero"
2984,"exact_zero"
2985,"exact_zero"
2986,"exact_zero"
2987,"exact_zero"
2988,"exact_zero"
2989,"exact_zero"
2990,"exact_zero"
2991,"exact_zero"
2992,"exact_zero"
2993,"exact_zero"
2994,"exact_zero"
2995,"exact_zero"
2996,"exact_zero"
2997,"exact_zero"
2998,"exact_zero"
2999,"exact_zero"
3000,"exact_zero"
3001,"exact_zero"
3002,"exact_zero"
3003,"exact_zero"
3004,"exact_zero"
3005,"exact_zero"
3006,"exact_zero"
3007,"exact_zero"
3008,"exact_zero"
3009,"exact_zero"
3010,"exact_zero"
3011,"exact_zero"
3012,"exact_zero"
3013,"exact_zero"
3014,"exact_zero"
3015,"exact_zero"
3016,"exact_zero"
3017,"exact_zero"
3018,"exact_zero"
3019,"exact_zero"
3020,"exact_zero"
3021,"exact_zero"
3022,"exact_zero"
3023,"exact_zero"
3024,"exact_zero"
3025,"exact_zero"
3026,"exact_zero"
3027,"exact_zero"
3028,"exact_zero"
3029,"exact_zero"
3030,"exact_zero"
3031,"exact_zero"
3032,"exact_zero"
3033,"exact_zero"
3034,"exact_zero"
3035,"exact_zero"
3036,"exact_zero"
3037,"exact_zero"
3038,"exact_zero"
3039,"exact_zero"
3040,"exact_zero"
3041,"exact_zero"
3042,"exact_zero"
3043,"exact_zero"
3044,"exact_zero"
3045,"exact_zero"
3046,"exact_zero"
3047,"exact_zero"
3048,"exact_zero"
3049,"exact_zero"
3050,"exact_zero"
3051,"exact_zero"
3052,"exact_zero"
3053,"exact_zero"
3054,"exact_zero"
3055,"exact_zero"
3056,"exact_zero"
3057,"exact_zero"
3058,"exact_zero"
3059,"exact_zero"
3060,"exact_zero"
3061,"exact_zero"
3062,"exact_zero"
3063,"exact_zero"
3064,"exact_zero"
3065,"exact_zero"
3066,"exact_zero"
3067,"exact_zero"
3068,"exact_zero"
3069,"exact_zero"
3070,"exact_zero"
3071,"exact_zero"
3072,"exact_zero"
3073,"exact_zero"
3074,"exact_zero"
3075,"exact_zero"
3076,"exact_zero"
3077,"exact_zero"
3078,"exact_zero"
3079,"exact_zero"
3080,"exact_zero"
3081,"exact_zero"
3082,"exact_zero"
3083,"exact_zero"
3084,"exact_zero"
3085,"exact_zero"
3086,"exact_zero"
3087,"exact_zero"
3088,"exact_zero"
3089,"exact_zero"
3090,"exact_zero"
3091,"exact_zero"
3092,"exact_zero"
3093,"exact_zero"
3094,"exact_zero"
3095,"exact_zero"
3096,"exact_zero"
3097,"exact_zero"
3098,"exact_zero"
3099,"exact_zero"
3100,"exact_zero"
3101,"exact_zero"
3102,"exact_zero"
3103,"exact_zero"
3104,"exact_zero"
3105,"exact_zero"
3106,"exact_zero"
3107,"exact_zero"
3108,"exact_zero"
3109,"exact_zero"
3110,"exact_zero"
3111,"exact_zero"
3112,"exact_zero"
3113,"exact_zero"
3114,"exact_zero"
3115,"exact_zero"
3116,"exact_zero"
3117,"exact_zero"
3118,"exact_zero"
3119,"exact_zero"
3120,"exact_zero"
3121,"exact_zero"
3122,"exact_zero"
3123,"exact_zero"
3124,"exact_zero"
3125,"exact_zero"
3126,"exact_zero"
3127,"exact_zero"
3128,"exact_zero"
3129,"exact_zero"
3130,"exact_zero"
3131,"exact_zero"
3132,"exact_zero"
3133,"exact_zero"
3134,"exact_zero"
3135,"exact_zero"
3136,"exact_zero"
3137,"exact_zero"
3138,"exact_zero"
3139,"exact_zero"
3140,"exact_zero"
3141,"exact_zero"
3142,"exact_zero"
3143,"exact_zero"
3144,"exact_zero"
3145,"exact_zero"
3146,"exact_zero"
3147,"exact_zero"
3148,"exact_zero"
3149,"exact_zero"
3150,"exact_zero"
3151,"exact_zero"
3152,"exact_zero"
3153,"exact_zero"
3154,"exact_zero"
3155,"exact_zero"
3156,"exact_zero"
3157,"exact_zero"
3158,"exact_zero"
3159,"exact_zero"
3160,"exact_zero"
3161,"exact_zero"
3162,"exact_zero"
3163,"exact_zero"
3164,"exact_zero"
3165,"exact_zero"
3166,"exact_zero"
3167,"exact_zero"
3168,"exact_zero"
3169,"exact_zero"
3170,"exact_zero"
3171,"exact_zero"
3172,"exact_zero"
3173,"exact_zero"
3174,"exact_zero"
3175,"exact_zero"
3176,"exact_zero"
3177,"exact_zero"
3178,"exact_zero"
3179,"exact_zero"
3180,"exact_zero"
3181,"exact_zero"
3182,"exact_zero"
3183,"exact_zero"
3184,"exact_zero"
3185,"exact_zero"
3186,"exact_zero"
3187,"exact_zero"
3188,"exact_zero"
3189,"exact_zero"
3190,"exact_zero"
3191,"exact_zero"
3192,"exact_zero"
3193,"exact_zero"
3194,"exact_zero"
3195,"exact_zero"
3196,"exact_zero"
3197,"exact_zero"
3198,"exact_zero"
3199,"exact_zero"
3200,"exact_zero"
3201,"exact_zero"
3202,"exact_zero"
3203,"exact_zero"
3204,"exact_zero"
3205,"exact_zero"
3206,"exact_zero"
3207,"exact_zero"
3208,"exact_zero"
3209,"exact_zero"
3210,"exact_zero"
3211,"exact_zero"
3212,"exact_zero"
3213,"exact_zero"
3214,"exact_zero"
3215,"exact_zero"
3216,"exact_zero"
3217,"exact_zero"
3218,"exact_zero"
3219,"exact_zero"
3220,"exact_zero"
3221,"exact_zero"
3222,"exact_zero"
3223,"exact_zero"
3224,"exact_zero"
3225,"exact_zero"
3226,"exact_zero"
3227,"exact_zero"
3228,"exact_zero"
3229,"exact_zero"
3230,"exact_zero"
3231,"exact_zero"
3232,"exact_zero"
3233,"exact_zero"
3234,"exact_zero"
3235,"exact_zero"
3236,"exact_zero"
3237,"exact_zero"
3238,"exact_zero"
3239,"exact_zero"
3240,"exact_zero"
3241,"exact_zero"
3242,"exact_zero"
3243,"exact_zero"
3244,"exact_zero"
3245,"exact_zero"
3246,"exact_zero"
3247,"exact_zero"
3248,"exact_zero"
3249,"exact_zero"
3250,"exact_zero"
3251,"exact_zero"
3252,"exact_zero"
3253,"exact_zero"
3254,"exact_zero"
3255,"exact_zero"
3256,"exact_zero"
3257,"exact_zero"
3258,"exact_zero"
3259,"exact_zero"
3260,"exact_zero"
3261,"exact_zero"
3262,"exact_zero"
3263,"exact_zero"
3264,"exact_zero"
3265,"exact_zero"
3266,"exact_zero"
3267,"exact_zero"
3268,"exact_zero"
3269,"exact_zero"
3270,"exact_zero"
3271,"exact_zero"
3272,"exact_zero"
3273,"exact_zero"
3274,"exact_zero"
3275,"exact_zero"
3276,"exact_zero"
3277,"exact_zero"
3278,"exact_zero"
3279,"exact_zero"
3280,"exact_zero"
3281,"exact_zero"
3282,"exact_zero"
3283,"exact_zero"
3284,"exact_zero"
3285,"exact_zero"
3286,"exact_zero"
3287,"exact_zero"
3288,"exact_zero"
3289,"exact_zero"
3290,"exact_zero"
3291,"exact_zero"
3292,"exact_zero"
3293,"exact_zero"
3294,"exact_zero"
3295,"exact_zero"
3296,"exact_zero"
3297,"exact_zero"
3298,"exact_zero"
3299,"exact_zero"
3300,"exact_zero"
3301,"exact_zero"
3302,"exact_zero"
3303,"exact_zero"
3304,"exact_zero"
3305,"exact_zero"
3306,"exact_zero"
3307,"exact_zero"
3308,"exact_zero"
3309,"exact_zero"
3310,"exact_zero"
3311,"exact_zero"
3312,"exact_zero"
3313,"exact_zero"
3314,"exact_zero"
3315,"exact_zero"
3316,"exact_zero"
3317,"exact_zero"
3318,"exact_zero"
3319,"exact_zero"
3320,"exact_zero"
3321,"exact_zero"
3322,"exact_zero"
3323,"exact_zero"
3324,"exact_zero"
3325,"exact_zero"
3326,"exact_zero"
3327,"exact_zero"
3328,"exact_zero"
3329,"exact_zero"
3330,"exact_zero"
3331,"exact_zero"
3332,"exact_zero"
3333,"exact_zero"
3334,"exact_zero"
3335,"exact_zero"
3336,"exact_zero"
3337,"exact_zero"
3338,"exact_zero"
3339,"exact_zero"
3340,"exact_zero"
3341,"exact_zero"
3342,"exact_zero"
3343,"exact_zero"
3344,"exact_zero"
3345,"exact_zero"
3346,"exact_zero"
3347,"exact_zero"
3348,"exact_zero"
3349,"exact_zero"
3350,"exact_zero"
3351,"exact_zero"
3352,"exact_zero"
3353,"exact_zero"
3354,"exact_zero"
3355,"exact_zero"
3356,"exact_zero"
3357,"exact_zero"
3358,"exact_zero"
3359,"exact_zero"
3360,"exact_zero"
3361,"exact_zero"
3362,"exact_zero"
3363,"exact_zero"
3364,"exact_zero"
3365,"exact_zero"
3366,"exact_zero"
3367,"exact_zero"
3368,"exact_zero"
3369,"exact_zero"
3370,"exact_zero"
3371,"exact_zero"
3372,"exact_zero"
3373,"exact_zero"
3374,"exact_zero"
3375,"exact_zero"
3376,"exact_zero"
3377,"exact_zero"
3378,"exact_zero"
3379,"exact_zero"
3380,"exact_zero"
3381,"exact_zero"
3382,"exact_zero"
3383,"exact_zero"
3384,"exact_zero"
3385,"exact_zero"
3386,"exact_zero"
3387,"exact_zero"
3388,"exact_zero"
3389,"exact_zero"
3390,"exact_zero"
3391,"exact_zero"
3392,"exact_zero"
3393,"exact_zero"
3394,"exact_zero"
3395,"exact_zero"
3396,"exact_zero"
3397,"exact_zero"
3398,"exact_zero"
3399,"exact_zero"
3400,"exact_zero"
3401,"exact_zero"
3402,"exact_zero"
3403,"exact_zero"
3404,"exact_zero"
3405,"exact_zero"
3406,"exact_zero"
3407,"exact_zero"
3408,"exact_zero"
3409,"exact_zero"
3410,"exact_zero"
3411,"exact_zero"
3412,"exact_zero"
3413,"exact_zero"
3414,"exact_zero"
3415,"exact_zero"
3416,"exact_zero"
3417,"exact_zero"
3418,"exact_zero"
3419,"exact_zero"
3420,"exact_zero"
3421,"exact_zero"
3422,"exact_zero"
3423,"exact_zero"
3424,"exact_zero"
3425,"exact_zero"
3426,"exact_zero"
3427,"exact_zero"
3428,"exact_zero"
3429,"exact_zero"
3430,"exact_zero"
3431,"exact_zero"
3432,"exact_zero"
3433,"exact_zero"
3434,"exact_zero"
3435,"exact_zero"
3436,"exact_zero"
3437,"exact_zero"
3438,"exact_zero"
3439,"exact_zero"
3440,"exact_zero"
3441,"exact_zero"
3442,"exact_zero"
3443,"exact_zero"
3444,"exact_zero"
3445,"exact_zero"
3446,"exact_zero"
3447,"exact_zero"
3448,"exact_zero"
3449,"exact_zero"
3450,"exact_zero"
3451,"exact_zero"
3452,"exact_zero"
3453,"exact_zero"
3454,"exact_zero"
3455,"exact_zero"
3456,"exact_zero"
3457,"exact_zero"
3458,"exact_zero"
3459,"exact_zero"
3460,"exact_zero"
3461,"exact_zero"
3462,"exact_zero"
3463,"exact_zero"
3464,"exact_zero"
3465,"exact_zero"
3466,"exact_zero"
3467,"exact_zero"
3468,"exact_zero"
3469,"exact_zero"
3470,"exact_zero"
3471,"exact_zero"
3472,"exact_zero"
3473,"exact_zero"
3474,"exact_zero"
3475,"exact_zero"
3476,"exact_zero"
3477,"exact_zero"
3478,"exact_zero"
3479,"exact_zero"
3480,"exact_zero"
3481,"exact_zero"
3482,"exact_zero"
3483,"exact_zero"
3484,"exact_zero"
3485,"exact_zero"
3486,"exact_zero"
3487,"exact_zero"
3488,"exact_zero"
3489,"exact_zero"
3490,"exact_zero"
3491,"exact_zero"
3492,"exact_zero"
3493,"exact_zero"
3494,"exact_zero"
3495,"exact_zero"
3496,"exact_zero"
3497,"exact_zero"
3498,"exact_zero"
3499,"exact_zero"
3500,"exact_zero"
3501,"exact_zero"
3502,"exact_zero"
3503,"exact_zero"
3504,"exact_zero"
3505,"exact_zero"
3506,"exact_zero"
3507,"exact_zero"
3508,"exact_zero"
3509,"exact_zero"
3510,"exact_zero"
3511,"exact_zero"
3512,"exact_zero"
3513,"exact_zero"
3514,"exact_zero"
3515,"exact_zero"
3516,"exact_zero"
3517,"exact_zero"
3518,"exact_zero"
3519,"exact_zero"
3520,"exact_zero"
3521,"exact_zero"
3522,"exact_zero"
3523,"exact_zero"
3524,"exact_zero"
3525,"exact_zero"
3526,"exact_zero"
3527,"exact_zero"
3528,"exact_zero"
3529,"exact_zero"
3530,"exact_zero"
3531,"exact_zero"
3532,"exact_zero"
3533,"exact_zero"
3534,"exact_zero"
3535,"exact_zero"
3536,"exact_zero"
3537,"exact_zero"
3538,"exact_zero"
3539,"exact_zero"
3540,"exact_zero"
3541,"exact_zero"
3542,"exact_zero"
3543,"exact_zero"
3544,"exact_zero"
3545,"exact_zero"
3546,"exact_zero"
3547,"exact_zero"
3548,"exact_zero"
3549,"exact_zero"
3550,"exact_zero"
3551,"exact_zero"
3552,"exact_zero"
3553,"exact_zero"
3554,"exact_zero"
3555,"exact_zero"
3556,"exact_zero"
3557,"exact_zero"
3558,"exact_zero"
3559,"exact_zero"
3560,"exact_zero"
3561,"exact_zero"
3562,"exact_zero"
3563,"exact_zero"
3564,"exact_zero"
3565,"exact_zero"
3566,"exact_zero"
3567,"exact_zero"
3568,"exact_zero"
3569,"exact_zero"
3570,"exact_zero"
3571,"exact_zero"
3572,"exact_zero"
3573,"exact_zero"
3574,"exact_zero"
3575,"exact_zero"
3576,"exact_zero"
3577,"exact_zero"
3578,"exact_zero"
3579,"exact_zero"
3580,"exact_zero"
3581,"exact_zero"
3582,"exact_zero"
3583,"exact_zero"
3584,"exact_zero"
3585,"exact_zero"
3586,"exact_zero"
3587,"exact_zero"
3588,"exact_zero"
3589,"exact_zero"
3590,"exact_zero"
3591,"exact_zero"
3592,"exact_zero"
3593,"exact_zero"
3594,"exact_zero"
3595,"exact_zero"
3596,"exact_zero"
3597,"exact_zero"
3598,"exact_zero"
3599,"exact_zero"
3600,"exact_zero"
3601,"exact_zero"
3602,"exact_zero"
3603,"exact_zero"
3604,"exact_zero"
3605,"exact_zero"
3606,"exact_zero"
3607,"exact_zero"
3608,"exact_zero"
3609,"exact_zero"
3610,"exact_zero"
3611,"exact_zero"
3612,"exact_zero"
3613,"exact_zero"
3614,"exact_zero"
3615,"exact_zero"
3616,"exact_zero"
3617,"exact_zero"
3618,"exact_zero"
3619,"exact_zero"
3620,"exact_zero"
3621,"exact_zero"
3622,"exact_zero"
3623,"exact_zero"
3624,"exact_zero"
3625,"exact_zero"
3626,"exact_zero"
3627,"exact_zero"
3628,"exact_zero"
3629,"exact_zero"
3630,"exact_zero"
3631,"exact_zero"
3632,"exact_zero"
3633,"exact_zero"
3634,"exact_zero"
3635,"exact_zero"
3636,"exact_zero"
3637,"exact_zero"
3638,"exact_zero"
3639,"exact_zero"
3640,"exact_zero"
3641,"exact_zero"
3642,"exact_zero"
3643,"exact_zero"
3644,"exact_zero"
3645,"exact_zero"
3646,"exact_zero"
3647,"exact_zero"
3648,"exact_zero"
3649,"exact_zero"
3650,"exact_zero"
3651,"exact_zero"
3652,"exact_zero"
3653,"exact_zero"
3654,"exact_zero"
3655,"exact_zero"
3656,"exact_zero"
3657,"exact_zero"
3658,"exact_zero"
3659,"exact_zero"
3660,"exact_zero"
3661,"exact_zero"
3662,"exact_zero"
3663,"exact_zero"
3664,"exact_zero"
3665,"exact_zero"
3666,"exact_zero"
3667,"exact_zero"
3668,"exact_zero"
3669,"exact_zero"
3670,"exact_zero"
3671,"exact_zero"
3672,"exact_zero"
3673,"exact_zero"
3674,"exact_zero"
3675,"exact_zero"
3676,"exact_zero"
3677,"exact_zero"
3678,"exact_zero"
3679,"exact_zero"
3680,"exact_zero"
3681,"exact_zero"
3682,"exact_zero"
3683,"exact_zero"
3684,"exact_zero"
3685,"exact_zero"
3686,"exact_zero"
3687,"exact_zero"
3688,"exact_zero"
3689,"exact_zero"
3690,"exact_zero"
3691,"exact_zero"
3692,"exact_zero"
3693,"exact_zero"
3694,"exact_zero"
3695,"exact_zero"
3696,"exact_zero"
3697,"exact_zero"
3698,"exact_zero"
3699,"exact_zero"
3700,"exact_zero"
3701,"exact_zero"
3702,"exact_zero"
3703,"exact_zero"
3704,"exact_zero"
3705,"exact_zero"
3706,"exact_zero"
3707,"exact_zero"
3708,"exact_zero"
3709,"exact_zero"
3710,"exact_zero"
3711,"exact_zero"
3712,"exact_zero"
3713,"exact_zero"
3714,"exact_zero"
3715,"exact_zero"
3716,"exact_zero"
3717,"exact_zero"
3718,"exact_zero"
3719,"exact_zero"
3720,"exact_zero"
3721,"exact_zero"
3722,"exact_zero"
3723,"exact_zero"
3724,"exact_zero"
3725,"exact_zero"
3726,"exact_zero"
3727,"exact_zero"
3728,"exact_zero"
3729,"exact_zero"
3730,"exact_zero"
3731,"exact_zero"
3732,"exact_zero"
3733,"exact_zero"
3734,"exact_zero"
3735,"exact_zero"
3736,"exact_zero"
3737,"exact_zero"
3738,"exact_zero"
3739,"exact_zero"
3740,"exact_zero"
3741,"exact_zero"
3742,"exact_zero"
3743,"exact_zero"
3744,"exact_zero"
3745,"exact_zero"
3746,"exact_zero"
3747,"exact_zero"
3748,"exact_zero"
3749,"exact_zero"
3750,"exact_zero"
3751,"exact_zero"
3752,"exact_zero"
3753,"exact_zero"
3754,"exact_zero"
3755,"exact_zero"
3756,"exact_zero"
3757,"exact_zero"
3758,"exact_zero"
3759,"exact_zero"
3760,"exact_zero"
3761,"exact_zero"
3762,"exact_zero"
3763,"exact_zero"
3764,"exact_zero"
3765,"exact_zero"
3766,"exact_zero"
3767,"exact_zero"
3768,"exact_zero"
3769,"exact_zero"
3770,"exact_zero"
3771,"exact_zero"
3772,"exact_zero"
3773,"exact_zero"
3774,"exact_zero"
3775,"exact_zero"
3776,"exact_zero"
3777,"exact_zero"
3778,"exact_zero"
3779,"exact_zero"
3780,"exact_zero"
3781,"exact_zero"
3782,"exact_zero"
3783,"exact_zero"
3784,"exact_zero"
3785,"exact_zero"
3786,"exact_zero"
3787,"exact_zero"
3788,"exact_zero"
3789,"exact_zero"
3790,"exact_zero"
3791,"exact_zero"
3792,"exact_zero"
3793,"exact_zero"
3794,"exact_zero"
3795,"exact_zero"
3796,"exact_zero"
3797,"exact_zero"
3798,"exact_zero"
3799,"exact_zero"
3800,"exact_zero"
3801,"exact_zero"
3802,"exact_zero"
3803,"exact_zero"
3804,"exact_zero"
3805,"exact_zero"
3806,"exact_zero"
3807,"exact_zero"
3808,"exact_zero"
3809,"exact_zero"
3810,"exact_zero"
3811,"exact_zero"
3812,"exact_zero"
3813,"exact_zero"
3814,"exact_zero"
3815,"exact_zero"
3816,"exact_zero"
3817,"exact_zero"
3818,"exact_zero"
3819,"exact_zero"
3820,"exact_zero"
3821,"exact_zero"
3822,"exact_zero"
3823,"exact_zero"
3824,"exact_zero"
3825,"exact_zero"
3826,"exact_zero"
3827,"exact_zero"
3828,"exact_zero"
3829,"exact_zero"
3830,"exact_zero"
3831,"exact_zero"
3832,"exact_zero"
3833,"exact_zero"
3834,"exact_zero"
3835,"exact_zero"
3836,"exact_zero"
3837,"exact_zero"
3838,"exact_zero"
3839,"exact_zero"
3840,"exact_zero"
3841,"exact_zero"
3842,"exact_zero"
3843,"exact_zero"
3844,"exact_zero"
3845,"exact_zero"
3846,"exact_zero"
3847,"exact_zero"
3848,"exact_zero"
3849,"exact_zero"
3850,"exact_zero"
3851,"exact_zero"
3852,"exact_zero"
3853,"exact_zero"
3854,"exact_zero"
3855,"exact_zero"
3856,"exact_zero"
3857,"exact_zero"
3858,"exact_zero"
3859,"exact_zero"
3860,"exact_zero"
3861,"exact_zero"
3862,"exact_zero"
3863,"exact_zero"
3864,"exact_zero"
3865,"exact_zero"
3866,"exact_zero"
3867,"exact_zero"
3868,"exact_zero"
3869,"exact_zero"
3870,"exact_zero"
3871,"exact_zero"
3872,"exact_zero"
3873,"exact_zero"
3874,"exact_zero"
3875,"exact_zero"
3876,"exact_zero"
3877,"exact_zero"
3878,"exact_zero"
3879,"exact_zero"
3880,"exact_zero"
3881,"exact_zero"
3882,"exact_zero"
3883,"exact_zero"
3884,"exact_zero"
3885,"exact_zero"
3886,"exact_zero"
3887,"exact_zero"
3888,"exact_zero"
3889,"exact_zero"
3890,"exact_zero"
3891,"exact_zero"
3892,"exact_zero"
3893,"exact_zero"
3894,"exact_zero"
3895,"exact_zero"
3896,"exact_zero"
3897,"exact_zero"
3898,"exact_zero"
3899,"exact_zero"
3900,"exact_zero"
3901,"exact_zero"
3902,"exact_zero"
3903,"exact_zero"
3904,"exact_zero"
3905,"exact_zero"
3906,"exact_zero"
3907,"exact_zero"
3908,"exact_zero"
3909,"exact_zero"
3910,"exact_zero"
3911,"exact_zero"
3912,"exact_zero"
3913,"exact_zero"
3914,"exact_zero"
3915,"exact_zero"
3916,"exact_zero"
3917,"exact_zero"
3918,"exact_zero"
3919,"exact_zero"
3920,"exact_zero"
3921,"exact_zero"
3922,"exact_zero"
3923,"exact_zero"
3924,"exact_zero"
3925,"exact_zero"
3926,"exact_zero"
3927,"exact_zero"
3928,"exact_zero"
3929,"exact_zero"
3930,"exact_zero"
3931,"exact_zero"
3932,"exact_zero"
3933,"exact_zero"
3934,"exact_zero"
3935,"exact_zero"
3936,"exact_zero"
3937,"exact_zero"
3938,"exact_zero"
3939,"exact_zero"
3940,"exact_zero"
3941,"exact_zero"
3942,"exact_zero"
3943,"exact_zero"
3944,"exact_zero"
3945,"exact_zero"
3946,"exact_zero"
3947,"exact_zero"
3948,"exact_zero"
3949,"exact_zero"
3950,"exact_zero"
3951,"exact_zero"
3952,"exact_zero"
3953,"exact_zero"
3954,"exact_zero"
3955,"exact_zero"
3956,"exact_zero"
3957,"exact_zero"
3958,"exact_zero"
3959,"exact_zero"
3960,"exact_zero"
3961,"exact_zero"
3962,"exact_zero"
3963,"exact_zero"
3964,"exact_zero"
3965,"exact_zero"
3966,"exact_zero"
3967,"exact_zero"
3968,"exact_zero"
3969,"exact_zero"
3970,"exact_zero"
3971,"exact_zero"
3972,"exact_zero"
3973,"exact_zero"
3974,"exact_zero"
3975,"exact_zero"
3976,"exact_zero"
3977,"exact_zero"
3978,"exact_zero"
3979,"exact_zero"
3980,"exact_zero"
3981,"exact_zero"
3982,"exact_zero"
3983,"exact_zero"
3984,"exact_zero"
3985,"exact_zero"
3986,"exact_zero"
3987,"exact_zero"
3988,"exact_zero"
3989,"exact_zero"
3990,"exact_zero"
3991,"exact_zero"
3992,"exact_zero"
3993,"exact_zero"
3994,"exact_zero"
3995,"exact_zero"
3996,"exact_zero"
3997,"exact_zero"
3998,"exact_zero"
3999,"exact_zero"
4000,"exact_zero"
4001,"exact_zero"
4002,"exact_zero"
4003,"exact_zero"
4004,"exact_zero"
4005,"exact_zero"
4006,"exact_zero"
4007,"exact_zero"
4008,"exact_zero"
4009,"exact_zero"
4010,"exact_zero"
4011,"exact_zero"
4012,"exact_zero"
4013,"exact_zero"
4014,"exact_zero"
4015,"exact_zero"
4016,"exact_zero"
4017,"exact_zero"
4018,"exact_zero"
4019,"exact_zero"
4020,"exact_zero"
4021,"exact_zero"
4022,"exact_zero"
4023,"exact_zero"
4024,"exact_zero"
4025,"exact_zero"
4026,"exact_zero"
4027,"exact_zero"
4028,"exact_zero"
4029,"exact_zero"
4030,"exact_zero"
4031,"exact_zero"
4032,"exact_zero"
4033,"exact_zero"
4034,"exact_zero"
4035,"exact_zero"
4036,"exact_zero"
4037,"exact_zero"
4038,"exact_zero"
4039,"exact_zero"
4040,"exact_zero"
4041,"exact_zero"
4042,"exact_zero"
4043,"exact_zero"
4044,"exact_zero"
4045,"exact_zero"
4046,"exact_zero"
4047,"exact_zero"
4048,"exact_zero"
4049,"exact_zero"
4050,"exact_zero"
4051,"exact_zero"
4052,"exact_zero"
4053,"exact_zero"
4054,"exact_zero"
4055,"exact_zero"
4056,"exact_zero"
4057,"exact_zero"
4058,"exact_zero"
4059,"exact_zero"
4060,"exact_zero"
4061,"exact_zero"
4062,"exact_zero"
4063,"exact_zero"
4064,"exact_zero"
4065,"exact_zero"
4066,"exact_zero"
4067,"exact_zero"
4068,"exact_zero"
4069,"exact_zero"
4070,"exact_zero"
4071,"exact_zero"
4072,"exact_zero"
4073,"exact_zero"
4074,"exact_zero"
4075,"exact_zero"
4076,"exact_zero"
4077,"exact_zero"
4078,"exact_zero"
4079,"exact_zero"
4080,"exact_zero"
4081,"exact_zero"
4082,"exact_zero"
4083,"exact_zero"
4084,"exact_zero"
4085,"exact_zero"
4086,"exact_zero"
4087,"exact_zero"
4088,"exact_zero"
4089,"exact_zero"
4090,"exact_zero"
4091,"exact_zero"
4092,"exact_zero"
4093,"exact_zero"
4094,"exact_zero"
4095,"exact_zero"
4096,"exact_zero"
4097,"exact_zero"
4098,"exact_zero"
4099,"exact_zero"
4100,"exact_zero"
4101,"exact_zero"
4102,"exact_zero"
4103,"exact_zero"
4104,"exact_zero"
4105,"exact_zero"
4106,"exact_zero"
4107,"exact_zero"
4108,"exact_zero"
4109,"exact_zero"
4110,"exact_zero"
4111,"exact_zero"
4112,"exact_zero"
4113,"exact_zero"
4114,"exact_zero"
4115,"exact_zero"
4116,"exact_zero"
4117,"exact_zero"
4118,"exact_zero"
4119,"exact_zero"
4120,"exact_zero"
4121,"exact_zero"
4122,"exact_zero"
4123,"exact_zero"
4124,"exact_zero"
4125,"exact_zero"
4126,"exact_zero"
4127,"exact_zero"
4128,"exact_zero"
4129,"exact_zero"
4130,"exact_zero"
4131,"exact_zero"
4132,"exact_zero"
4133,"exact_zero"
4134,"exact_zero"
4135,"exact_zero"
4136,"exact_zero"
4137,"exact_zero"
4138,"exact_zero"
4139,"exact_zero"
4140,"exact_zero"
4141,"exact_zero"
4142,"exact_zero"
4143,"exact_zero"
4144,"exact_zero"
4145,"exact_zero"
4146,"exact_zero"
4147,"exact_zero"
4148,"exact_zero"
4149,"exact_zero"
4150,"exact_zero"
4151,"exact_zero"
4152,"exact_zero"
4153,"exact_zero"
4154,"exact_zero"
4155,"exact_zero"
4156,"exact_zero"
4157,"exact_zero"
4158,"exact_zero"
4159,"exact_zero"
4160,"exact_zero"
4161,"exact_zero"
4162,"exact_zero"
4163,"exact_zero"
4164,"exact_zero"
4165,"exact_zero"
4166,"exact_zero"
4167,"exact_zero"
4168,"exact_zero"
4169,"exact_zero"
4170,"exact_zero"
4171,"exact_zero"
4172,"exact_zero"
4173,"exact_zero"
4174,"exact_zero"
4175,"exact_zero"
4176,"exact_zero"
4177,"exact_zero"
4178,"exact_zero"
4179,"exact_zero"
4180,"exact_zero"
4181,"exact_zero"
4182,"exact_zero"
4183,"exact_zero"
4184,"exact_zero"
4185,"exact_zero"
4186,"exact_zero"
4187,"exact_zero"
4188,"exact_zero"
4189,"exact_zero"
4190,"exact_zero"
4191,"exact_zero"
4192,"exact_zero"
4193,"exact_zero"
4194,"exact_zero"
4195,"exact_zero"
4196,"exact_zero"
4197,"exact_zero"
4198,"exact_zero"
4199,"exact_zero"
4200,"exact_zero"
4201,"exact_zero"
4202,"exact_zero"
4203,"exact_zero"
4204,"exact_zero"
4205,"exact_zero"
4206,"exact_zero"
4207,"exact_zero"
4208,"exact_zero"
4209,"exact_zero"
4210,"exact_zero"
4211,"exact_zero"
4212,"exact_zero"
4213,"exact_zero"
4214,"exact_zero"
4215,"exact_zero"
4216,"exact_zero"
4217,"exact_zero"
4218,"exact_zero"
4219,"exact_zero"
4220,"exact_zero"
4221,"exact_zero"
4222,"exact_zero"
4223,"exact_zero"
4224,"exact_zero"
4225,"exact_zero"
4226,"exact_zero"
4227,"exact_zero"
4228,"exact_zero"
4229,"exact_zero"
4230,"exact_zero"
4231,"exact_zero"
4232,"exact_zero"
4233,"exact_zero"
4234,"exact_zero"
4235,"exact_zero"
4236,"exact_zero"
4237,"exact_zero"
4238,"exact_zero"
4239,"exact_zero"
4240,"exact_zero"
4241,"exact_zero"
4242,"exact_zero"
4243,"exact_zero"
4244,"exact_zero"
4245,"exact_zero"
4246,"exact_zero"
4247,"exact_zero"
4248,"exact_zero"
4249,"exact_zero"
4250,"exact_zero"
4251,"exact_zero"
4252,"exact_zero"
4253,"exact_zero"
4254,"exact_zero"
4255,"exact_zero"
4256,"exact_zero"
4257,"exact_zero"
4258,"exact_zero"
4259,"exact_zero"
4260,"exact_zero"
4261,"exact_zero"
4262,"exact_zero"
4263,"exact_zero"
4264,"exact_zero"
4265,"exact_zero"
4266,"exact_zero"
4267,"exact_zero"
4268,"exact_zero"
4269,"exact_zero"
4270,"exact_zero"
4271,"exact_zero"
4272,"exact_zero"
4273,"exact_zero"
4274,"exact_zero"
4275,"exact_zero"
4276,"exact_zero"
4277,"exact_zero"
4278,"exact_zero"
4279,"exact_zero"
4280,"exact_zero"
4281,"exact_zero"
4282,"exact_zero"
4283,"exact_zero"
4284,"exact_zero"
4285,"exact_zero"
4286,"exact_zero"
4287,"exact_zero"
4288,"exact_zero"
4289,"exact_zero"
4290,"exact_zero"
4291,"exact_zero"
4292,"exact_zero"
4293,"exact_zero"
4294,"exact_zero"
4295,"exact_zero"
4296,"exact_zero"
4297,"exact_zero"
4298,"exact_zero"
4299,"exact_zero"
4300,"exact_zero"
4301,"exact_zero"
4302,"exact_zero"
4303,"exact_zero"
4304,"exact_zero"
4305,"exact_zero"
4306,"exact_zero"
4307,"exact_zero"
4308,"exact_zero"
4309,"exact_zero"
4310,"exact_zero"
4311,"exact_zero"
4312,"exact_zero"
4313,"exact_zero"
4314,"exact_zero"
4315,"exact_zero"
4316,"exact_zero"
4317,"exact_zero"
4318,"exact_zero"
4319,"exact_zero"
4320,"exact_zero"
4321,"exact_zero"
4322,"exact_zero"
4323,"exact_zero"
4324,"exact_zero"
4325,"exact_zero"
4326,"exact_zero"
4327,"exact_zero"
4328,"exact_zero"
4329,"exact_zero"
4330,"exact_zero"
4331,"exact_zero"
4332,"exact_zero"
4333,"exact_zero"
4334,"exact_zero"
4335,"exact_zero"
4336,"exact_zero"
4337,"exact_zero"
4338,"exact_zero"
4339,"exact_zero"
4340,"exact_zero"
4341,"exact_zero"
4342,"exact_zero"
4343,"exact_zero"
4344,"exact_zero"
4345,"exact_zero"
4346,"exact_zero"
4347,"exact_zero"
4348,"exact_zero"
4349,"exact_zero"
4350,"exact_zero"
4351,"exact_zero"
4352,"exact_zero"
4353,"exact_zero"
4354,"exact_zero"
4355,"exact_zero"
4356,"exact_zero"
4357,"exact_zero"
4358,"exact_zero"
4359,"exact_zero"
4360,"exact_zero"
4361,"exact_zero"
4362,"exact_zero"
4363,"exact_zero"
4364,"exact_zero"
4365,"exact_zero"
4366,"exact_zero"
4367,"exact_zero"
4368,"exact_zero"
4369,"exact_zero"
4370,"exact_zero"
4371,"exact_zero"
4372,"exact_zero"
4373,"exact_zero"
4374,"exact_zero"
4375,"exact_zero"
4376,"exact_zero"
4377,"exact_zero"
4378,"exact_zero"
4379,"exact_zero"
4380,"exact_zero"
4381,"exact_zero"
4382,"exact_zero"
4383,"exact_zero"
4384,"exact_zero"
4385,"exact_zero"
4386,"exact_zero"
4387,"exact_zero"
4388,"exact_zero"
4389,"exact_zero"
4390,"exact_zero"
4391,"exact_zero"
4392,"exact_zero"
4393,"exact_zero"
4394,"exact_zero"
4395,"exact_zero"
4396,"exact_zero"
4397,"exact_zero"
4398,"exact_zero"
4399,"exact_zero"
4400,"exact_zero"
4401,"exact_zero"
4402,"exact_zero"
4403,"exact_zero"
4404,"exact_zero"
4405,"exact_zero"
4406,"exact_zero"
4407,"exact_zero"
4408,"exact_zero"
4409,"exact_zero"
4410,"exact_zero"
4411,"exact_zero"
4412,"exact_zero"
4413,"exact_zero"
4414,"exact_zero"
4415,"exact_zero"
4416,"exact_zero"
4417,"exact_zero"
4418,"exact_zero"
4419,"exact_zero"
4420,"exact_zero"
4421,"exact_zero"
4422,"exact_zero"
4423,"exact_zero"
4424,"exact_zero"
4425,"exact_zero"
4426,"exact_zero"
4427,"exact_zero"
4428,"exact_zero"
4429,"exact_zero"
4430,"exact_zero"
4431,"exact_zero"
4432,"exact_zero"
4433,"exact_zero"
4434,"exact_zero"
4435,"exact_zero"
4436,"exact_zero"
4437,"exact_zero"
4438,"exact_zero"
4439,"exact_zero"
4440,"exact_zero"
4441,"exact_zero"
4442,"exact_zero"
4443,"exact_zero"
4444,"exact_zero"
4445,"exact_zero"
4446,"exact_zero"
4447,"exact_zero"
4448,"exact_zero"
4449,"exact_zero"
4450,"exact_zero"
4451,"exact_zero"
4452,"exact_zero"
4453,"exact_zero"
4454,"exact_zero"
4455,"exact_zero"
4456,"exact_zero"
4457,"exact_zero"
4458,"exact_zero"
4459,"exact_zero"
4460,"exact_zero"
4461,"exact_zero"
4462,"exact_zero"
4463,"exact_zero"
4464,"exact_zero"
4465,"exact_zero"
4466,"exact_zero"
4467,"exact_zero"
4468,"exact_zero"
4469,"exact_zero"
4470,"exact_zero"
4471,"exact_zero"
4472,"exact_zero"
4473,"exact_zero"
4474,"exact_zero"
4475,"exact_zero"
4476,"exact_zero"
4477,"exact_zero"
4478,"exact_zero"
4479,"exact_zero"
4480,"exact_zero"
4481,"exact_zero"
4482,"exact_zero"
4483,"exact_zero"
4484,"exact_zero"
4485,"exact_zero"
4486,"exact_zero"
4487,"exact_zero"
4488,"exact_zero"
4489,"exact_zero"
4490,"exact_zero"
4491,"exact_zero"
4492,"exact_zero"
4493,"exact_zero"
4494,"exact_zero"
4495,"exact_zero"
4496,"exact_zero"
4497,"exact_zero"
4498,"exact_zero"
4499,"exact_zero"
4500,"exact_zero"
4501,"exact_zero"
4502,"exact_zero"
4503,"exact_zero"
4504,"exact_zero"
4505,"exact_zero"
4506,"exact_zero"
4507,"exact_zero"
4508,"exact_zero"
4509,"exact_zero"
4510,"exact_zero"
4511,"exact_zero"
4512,"exact_zero"
4513,"exact_zero"
4514,"exact_zero"
4515,"exact_zero"
4516,"exact_zero"
4517,"exact_zero"
4518,"exact_zero"
4519,"exact_zero"
4520,"exact_zero"
4521,"exact_zero"
4522,"exact_zero"
4523,"exact_zero"
4524,"exact_zero"
4525,"exact_zero"
4526,"exact_zero"
4527,"exact_zero"
4528,"exact_zero"
4529,"exact_zero"
4530,"exact_zero"
4531,"exact_zero"
4532,"exact_zero"
4533,"exact_zero"
4534,"exact_zero"
4535,"exact_zero"
4536,"exact_zero"
4537,"exact_zero"
4538,"exact_zero"
4539,"exact_zero"
4540,"exact_zero"
4541,"exact_zero"
4542,"exact_zero"
4543,"exact_zero"
4544,"exact_zero"
4545,"exact_zero"
4546,"exact_zero"
4547,"exact_zero"
4548,"exact_zero"
4549,"exact_zero"
4550,"exact_zero"
4551,"exact_zero"
4552,"exact_zero"
4553,"exact_zero"
4554,"exact_zero"
4555,"exact_zero"
4556,"exact_zero"
4557,"exact_zero"
4558,"exact_zero"
4559,"exact_zero"
4560,"exact_zero"
4561,"exact_zero"
4562,"exact_zero"
4563,"exact_zero"
4564,"exact_zero"
4565,"exact_zero"
4566,"exact_zero"
4567,"exact_zero"
4568,"exact_zero"
4569,"exact_zero"
4570,"exact_zero"
4571,"exact_zero"
4572,"exact_zero"
4573,"exact_zero"
4574,"exact_zero"
4575,"exact_zero"
4576,"exact_zero"
4577,"exact_zero"
4578,"exact_zero"
4579,"exact_zero"
4580,"exact_zero"
4581,"exact_zero"
4582,"exact_zero"
4583,"exact_zero"
4584,"exact_zero"
4585,"exact_zero"
4586,"exact_zero"
4587,"exact_zero"
4588,"exact_zero"
4589,"exact_zero"
4590,"exact_zero"
4591,"exact_zero"
4592,"exact_zero"
4593,"exact_zero"
4594,"exact_zero"
4595,"exact_zero"
4596,"exact_zero"
4597,"exact_zero"
4598,"exact_zero"
4599,"exact_zero"
4600,"exact_zero"
4601,"exact_zero"
4602,"exact_zero"
4603,"exact_zero"
4604,"exact_zero"
4605,"exact_zero"
4606,"exact_zero"
4607,"exact_zero"
4608,"exact_zero"
4609,"exact_zero"
4610,"exact_zero"
4611,"exact_zero"
4612,"exact_zero"
4613,"exact_zero"
4614,"exact_zero"
4615,"exact_zero"
4616,"exact_zero"
4617,"exact_zero"
4618,"exact_zero"
4619,"exact_zero"
4620,"exact_zero"
4621,"exact_zero"
4622,"exact_zero"
4623,"exact_zero"
4624,"exact_zero"
4625,"exact_zero"
4626,"exact_zero"
4627,"exact_zero"
4628,"exact_zero"
4629,"exact_zero"
4630,"exact_zero"
4631,"exact_zero"
4632,"exact_zero"
4633,"exact_zero"
4634,"exact_zero"
4635,"exact_zero"
4636,"exact_zero"
4637,"exact_zero"
4638,"exact_zero"
4639,"exact_zero"
4640,"exact_zero"
4641,"exact_zero"
4642,"exact_zero"
4643,"exact_zero"
4644,"exact_zero"
4645,"exact_zero"
4646,"exact_zero"
4647,"exact_zero"
4648,"exact_zero"
4649,"exact_zero"
4650,"exact_zero"
4651,"exact_zero"
4652,"exact_zero"
4653,"exact_zero"
4654,"exact_zero"
4655,"exact_zero"
4656,"exact_zero"
4657,"exact_zero"
4658,"exact_zero"
4659,"exact_zero"
4660,"exact_zero"
4661,"exact_zero"
4662,"exact_zero"
4663,"exact_zero"
4664,"exact_zero"
4665,"exact_zero"
4666,"exact_zero"
4667,"exact_zero"
4668,"exact_zero"
4669,"exact_zero"
4670,"exact_zero"
4671,"exact_zero"
4672,"exact_zero"
4673,"exact_zero"
4674,"exact_zero"
4675,"exact_zero"
4676,"exact_zero"
4677,"exact_zero"
4678,"exact_zero"
4679,"exact_zero"
4680,"exact_zero"
4681,"exact_zero"
4682,"exact_zero"
4683,"exact_zero"
4684,"exact_zero"
4685,"exact_zero"
4686,"exact_zero"
4687,"exact_zero"
4688,"exact_zero"
4689,"exact_zero"
4690,"exact_zero"
4691,"exact_zero"
4692,"exact_zero"
4693,"exact_zero"
4694,"exact_zero"
4695,"exact_zero"
4696,"exact_zero"
4697,"exact_zero"
4698,"exact_zero"
4699,"exact_zero"
4700,"exact_zero"
4701,"exact_zero"
4702,"exact_zero"
4703,"exact_zero"
4704,"exact_zero"
4705,"exact_zero"
4706,"exact_zero"
4707,"exact_zero"
4708,"exact_zero"
4709,"exact_zero"
4710,"exact_zero"
4711,"exact_zero"
4712,"exact_zero"
4713,"exact_zero"
4714,"exact_zero"
4715,"exact_zero"
4716,"exact_zero"
4717,"exact_zero"
4718,"exact_zero"
4719,"exact_zero"
4720,"exact_zero"
4721,"exact_zero"
4722,"exact_zero"
4723,"exact_zero"
4724,"exact_zero"
4725,"exact_zero"
4726,"exact_zero"
4727,"exact_zero"
4728,"exact_zero"
4729,"exact_zero"
4730,"exact_zero"
4731,"exact_zero"
4732,"exact_zero"
4733,"exact_zero"
4734,"exact_zero"
4735,"exact_zero"
4736,"exact_zero"
4737,"exact_zero"
4738,"exact_zero"
4739,"exact_zero"
4740,"exact_zero"
4741,"exact_zero"
4742,"exact_zero"
4743,"exact_zero"
4744,"exact_zero"
4745,"exact_zero"
4746,"exact_zero"
4747,"exact_zero"
4748,"exact_zero"
4749,"exact_zero"
4750,"exact_zero"
4751,"exact_zero"
4752,"exact_zero"
4753,"exact_zero"
4754,"exact_zero"
4755,"exact_zero"
4756,"exact_zero"
4757,"exact_zero"
4758,"exact_zero"
4759,"exact_zero"
4760,"exact_zero"
4761,"exact_zero"
4762,"exact_zero"
4763,"exact_zero"
4764,"exact_zero"
4765,"exact_zero"
4766,"exact_zero"
4767,"exact_zero"
4768,"exact_zero"
4769,"exact_zero"
4770,"exact_zero"
4771,"exact_zero"
4772,"exact_zero"
4773,"exact_zero"
4774,"exact_zero"
4775,"exact_zero"
4776,"exact_zero"
4777,"exact_zero"
4778,"exact_zero"
4779,"exact_zero"
4780,"exact_zero"
4781,"exact_zero"
4782,"exact_zero"
4783,"exact_zero"
4784,"exact_zero"
4785,"exact_zero"
4786,"exact_zero"
4787,"exact_zero"
4788,"exact_zero"
4789,"exact_zero"
4790,"exact_zero"
4791,"exact_zero"
4792,"exact_zero"
4793,"exact_zero"
4794,"exact_zero"
4795,"exact_zero"
4796,"exact_zero"
4797,"exact_zero"
4798,"exact_zero"
4799,"exact_zero"
4800,"exact_zero"
4801,"exact_zero"
4802,"exact_zero"
4803,"exact_zero"
4804,"exact_zero"
4805,"exact_zero"
4806,"exact_zero"
4807,"exact_zero"
4808,"exact_zero"
4809,"exact_zero"
4810,"exact_zero"
4811,"exact_zero"
4812,"exact_zero"
4813,"exact_zero"
4814,"exact_zero"
4815,"exact_zero"
4816,"exact_zero"
4817,"exact_zero"
4818,"exact_zero"
4819,"exact_zero"
4820,"exact_zero"
4821,"exact_zero"
4822,"exact_zero"
4823,"exact_zero"
4824,"exact_zero"
4825,"exact_zero"
4826,"exact_zero"
4827,"exact_zero"
4828,"exact_zero"
4829,"exact_zero"
4830,"exact_zero"
4831,"exact_zero"
4832,"exact_zero"
4833,"exact_zero"
4834,"exact_zero"
4835,"exact_zero"
4836,"exact_zero"
4837,"exact_zero"
4838,"exact_zero"
4839,"exact_zero"
4840,"exact_zero"
4841,"exact_zero"
4842,"exact_zero"
4843,"exact_zero"
4844,"exact_zero"
4845,"exact_zero"
4846,"exact_zero"
4847,"exact_zero"
4848,"exact_zero"
4849,"exact_zero"
4850,"exact_zero"
4851,"exact_zero"
4852,"exact_zero"
4853,"exact_zero"
4854,"exact_zero"
4855,"exact_zero"
4856,"exact_zero"
4857,"exact_zero"
4858,"exact_zero"
4859,"exact_zero"
4860,"exact_zero"
4861,"exact_zero"
4862,"exact_zero"
4863,"exact_zero"
4864,"exact_zero"
4865,"exact_zero"
4866,"exact_zero"
4867,"exact_zero"
4868,"exact_zero"
4869,"exact_zero"
4870,"exact_zero"
4871,"exact_zero"
4872,"exact_zero"
4873,"exact_zero"
4874,"exact_zero"
4875,"exact_zero"
4876,"exact_zero"
4877,"exact_zero"
4878,"exact_zero"
4879,"exact_zero"
4880,"exact_zero"
4881,"exact_zero"
4882,"exact_zero"
4883,"exact_zero"
4884,"exact_zero"
4885,"exact_zero"
4886,"exact_zero"
4887,"exact_zero"
4888,"exact_zero"
4889,"exact_zero"
4890,"exact_zero"
4891,"exact_zero"
4892,"exact_zero"
4893,"exact_zero"
4894,"exact_zero"
4895,"exact_zero"
4896,"exact_zero"
4897,"exact_zero"
4898,"exact_zero"
4899,"exact_zero"
4900,"exact_zero"
4901,"exact_zero"
4902,"exact_zero"
4903,"exact_zero"
4904,"exact_zero"
4905,"exact_zero"
4906,"exact_zero"
4907,"exact_zero"
4908,"exact_zero"
4909,"exact_zero"
4910,"exact_zero"
4911,"exact_zero"
4912,"exact_zero"
4913,"exact_zero"
4914,"exact_zero"
4915,"exact_zero"
4916,"exact_zero"
4917,"exact_zero"
4918,"exact_zero"
4919,"exact_zero"
4920,"exact_zero"
4921,"exact_zero"
4922,"exact_zero"
4923,"exact_zero"
4924,"exact_zero"
4925,"exact_zero"
4926,"exact_zero"
4927,"exact_zero"
4928,"exact_zero"
4929,"exact_zero"
4930,"exact_zero"
4931,"exact_zero"
4932,"exact_zero"
4933,"exact_zero"
4934,"exact_zero"
4935,"exact_zero"
4936,"exact_zero"
4937,"exact_zero"
4938,"exact_zero"
4939,"exact_zero"
4940,"exact_zero"
4941,"exact_zero"
4942,"exact_zero"
4943,"exact_zero"
4944,"exact_zero"
4945,"exact_zero"
4946,"exact_zero"
4947,"exact_zero"
4948,"exact_zero"
4949,"exact_zero"
4950,"exact_zero"
4951,"exact_zero"
4952,"exact_zero"
4953,"exact_zero"
4954,"exact_zero"
4955,"exact_zero"
4956,"exact_zero"
4957,"exact_zero"
4958,"exact_zero"
4959,"exact_zero"
4960,"exact_zero"
4961,"exact_zero"
4962,"exact_zero"
4963,"exact_zero"
4964,"exact_zero"
4965,"exact_zero"
4966,"exact_zero"
4967,"exact_zero"
4968,"exact_zero"
4969,"exact_zero"
4970,"exact_zero"
4971,"exact_zero"
4972,"exact_zero"
4973,"exact_zero"
4974,"exact_zero"
4975,"exact_zero"
4976,"exact_zero"
4977,"exact_zero"
4978,"exact_zero"
4979,"exact_zero"
4980,"exact_zero"
4981,"exact_zero"
4982,"exact_zero"
4983,"exact_zero"
4984,"exact_zero"
4985,"exact_zero"
4986,"exact_zero"
4987,"exact_zero"
4988,"exact_zero"
4989,"exact_zero"
4990,"exact_zero"
4991,"exact_zero"
4992,"exact_zero"
4993,"exact_zero"
4994,"exact_zero"
4995,"exact_zero"
4996,"exact_zero"
4997,"exact_zero"
4998,"exact_zero"
4999,"exact_zero"
5000,"exact_zero"
5001,"exact_zero"
5002,"exact_zero"
5003,"exact_zero"
5004,"exact_zero"
5005,"exact_zero"
5006,"exact_zero"
5007,"exact_zero"
5008,"exact_zero"
5009,"exact_zero"
5010,"exact_zero"
5011,"exact_zero"
5012,"exact_zero"
5013,"exact_zero"
5014,"exact_zero"
5015,"exact_zero"
5016,"exact_zero"
5017,"exact_zero"
5018,"exact_zero"
5019,"exact_zero"
5020,"exact_zero"
5021,"exact_zero"
5022,"exact_zero"
5023,"exact_zero"
5024,"exact_zero"
5025,"exact_zero"
5026,"exact_zero"
5027,"exact_zero"
5028,"exact_zero"
5029,"exact_zero"
5030,"exact_zero"
5031,"exact_zero"
5032,"exact_zero"
5033,"exact_zero"
5034,"exact_zero"
5035,"exact_zero"
5036,"exact_zero"
5037,"exact_zero"
5038,"exact_zero"
5039,"exact_zero"
5040,"exact_zero"
5041,"exact_zero"
5042,"exact_zero"
5043,"exact_zero"
5044,"exact_zero"
5045,"exact_zero"
5046,"exact_zero"
5047,"exact_zero"
5048,"exact_zero"
5049,"exact_zero"
5050,"exact_zero"
5051,"exact_zero"
5052,"exact_zero"
5053,"exact_zero"
5054,"exact_zero"
5055,"exact_zero"
5056,"exact_zero"
5057,"exact_zero"
5058,"exact_zero"
5059,"exact_zero"
5060,"exact_zero"
5061,"exact_zero"
5062,"exact_zero"
5063,"exact_zero"
5064,"exact_zero"
5065,"exact_zero"
5066,"exact_zero"
5067,"exact_zero"
5068,"exact_zero"
5069,"exact_zero"
5070,"exact_zero"
5071,"exact_zero"
5072,"exact_zero"
5073,"exact_zero"
5074,"exact_zero"
5075,"exact_zero"
5076,"exact_zero"
5077,"exact_zero"
5078,"exact_zero"
5079,"exact_zero"
5080,"exact_zero"
5081,"exact_zero"
5082,"exact_zero"
5083,"exact_zero"
5084,"exact_zero"
5085,"exact_zero"
5086,"exact_zero"
5087,"exact_zero"
5088,"exact_zero"
5089,"exact_zero"
5090,"exact_zero"
5091,"exact_zero"
5092,"exact_zero"
5093,"exact_zero"
5094,"exact_zero"
5095,"exact_zero"
5096,"exact_zero"
5097,"exact_zero"
5098,"exact_zero"
5099,"exact_zero"
5100,"exact_zero"
5101,"exact_zero"
5102,"exact_zero"
5103,"exact_zero"
5104,"exact_zero"
5105,"exact_zero"
5106,"exact_zero"
5107,"exact_zero"
5108,"exact_zero"
5109,"exact_zero"
5110,"exact_zero"
5111,"exact_zero"
5112,"exact_zero"
5113,"exact_zero"
5114,"exact_zero"
5115,"exact_zero"
5116,"exact_zero"
5117,"exact_zero"
5118,"exact_zero"
5119,"exact_zero"
5120,"exact_zero"
5121,"exact_zero"
5122,"exact_zero"
5123,"exact_zero"
5124,"exact_zero"
5125,"exact_zero"
5126,"exact_zero"
5127,"exact_zero"
5128,"exact_zero"
5129,"exact_zero"
5130,"exact_zero"
5131,"exact_zero"
5132,"exact_zero"
5133,"exact_zero"
5134,"exact_zero"
5135,"exact_zero"
5136,"exact_zero"
5137,"exact_zero"
5138,"exact_zero"
5139,"exact_zero"
5140,"exact_zero"
5141,"exact_zero"
5142,"exact_zero"
5143,"exact_zero"
5144,"exact_zero"
5145,"exact_zero"
5146,"exact_zero"
5147,"exact_zero"
5148,"exact_zero"
5149,"exact_zero"
5150,"exact_zero"
5151,"exact_zero"
5152,"exact_zero"
5153,"exact_zero"
5154,"exact_zero"
5155,"exact_zero"
5156,"exact_zero"
5157,"exact_zero"
5158,"exact_zero"
5159,"exact_zero"
5160,"exact_zero"
5161,"exact_zero"
5162,"exact_zero"
5163,"exact_zero"
5164,"exact_zero"
5165,"exact_zero"
5166,"exact_zero"
5167,"exact_zero"
5168,"exact_zero"
5169,"exact_zero"
5170,"exact_zero"
5171,"exact_zero"
5172,"exact_zero"
5173,"exact_zero"
5174,"exact_zero"
5175,"exact_zero"
5176,"exact_zero"
5177,"exact_zero"
5178,"exact_zero"
5179,"exact_zero"
5180,"exact_zero"
5181,"exact_zero"
5182,"exact_zero"
5183,"exact_zero"
5184,"exact_zero"
5185,"exact_zero"
5186,"exact_zero"
5187,"exact_zero"
5188,"exact_zero"
5189,"exact_zero"
5190,"exact_zero"
5191,"exact_zero"
5192,"exact_zero"
5193,"exact_zero"
5194,"exact_zero"
5195,"exact_zero"
5196,"exact_zero"
5197,"exact_zero"
5198,"exact_zero"
5199,"exact_zero"
5200,"exact_zero"
5201,"exact_zero"
5202,"exact_zero"
5203,"exact_zero"
5204,"exact_zero"
5205,"exact_zero"
5206,"exact_zero"
5207,"exact_zero"
5208,"exact_zero"
5209,"exact_zero"
5210,"exact_zero"
5211,"exact_zero"
5212,"exact_zero"
5213,"exact_zero"
5214,"exact_zero"
5215,"exact_zero"
5216,"exact_zero"
5217,"exact_zero"
5218,"exact_zero"
5219,"exact_zero"
5220,"exact_zero"
5221,"exact_zero"
5222,"exact_zero"
5223,"exact_zero"
5224,"exact_zero"
5225,"exact_zero"
5226,"exact_zero"
5227,"exact_zero"
5228,"exact_zero"
5229,"exact_zero"
5230,"exact_zero"
5231,"exact_zero"
5232,"exact_zero"
5233,"exact_zero"
5234,"exact_zero"
5235,"exact_zero"
5236,"exact_zero"
5237,"exact_zero"
5238,"exact_zero"
5239,"exact_zero"
5240,"exact_zero"
5241,"exact_zero"
5242,"exact_zero"
5243,"exact_zero"
5244,"exact_zero"
5245,"exact_zero"
5246,"exact_zero"
5247,"exact_zero"
5248,"exact_zero"
5249,"exact_zero"
5250,"exact_zero"
5251,"exact_zero"
5252,"exact_zero"
5253,"exact_zero"
5254,"exact_zero"
5255,"exact_zero"
5256,"exact_zero"
5257,"exact_zero"
5258,"exact_zero"
5259,"exact_zero"
5260,"exact_zero"
5261,"exact_zero"
5262,"exact_zero"
5263,"exact_zero"
5264,"exact_zero"
5265,"exact_zero"
5266,"exact_zero"
5267,"exact_zero"
5268,"exact_zero"
5269,"exact_zero"
5270,"exact_zero"
5271,"exact_zero"
5272,"exact_zero"
5273,"exact_zero"
5274,"exact_zero"
5275,"exact_zero"
5276,"exact_zero"
5277,"exact_zero"
5278,"exact_zero"
5279,"exact_zero"
5280,"exact_zero"
5281,"exact_zero"
5282,"exact_zero"
5283,"exact_zero"
5284,"exact_zero"
5285,"exact_zero"
5286,"exact_zero"
5287,"exact_zero"
5288,"exact_zero"
5289,"exact_zero"
5290,"exact_zero"
5291,"exact_zero"
5292,"exact_zero"
5293,"exact_zero"
5294,"exact_zero"
5295,"exact_zero"
5296,"exact_zero"
5297,"exact_zero"
5298,"exact_zero"
5299,"exact_zero"
5300,"exact_zero"
5301,"exact_zero"
5302,"exact_zero"
5303,"exact_zero"
5304,"exact_zero"
5305,"exact_zero"
5306,"exact_zero"
5307,"exact_zero"
5308,"exact_zero"
5309,"exact_zero"
5310,"exact_zero"
5311,"exact_zero"
5312,"exact_zero"
5313,"exact_zero"
5314,"exact_zero"
5315,"exact_zero"
5316,"exact_zero"
5317,"exact_zero"
5318,"exact_zero"
5319,"exact_zero"
5320,"exact_zero"
5321,"exact_zero"
5322,"exact_zero"
5323,"exact_zero"
5324,"exact_zero"
5325,"exact_zero"
5326,"exact_zero"
5327,"exact_zero"
5328,"exact_zero"
5329,"exact_zero"
5330,"exact_zero"
5331,"exact_zero"
5332,"exact_zero"
5333,"exact_zero"
5334,"exact_zero"
5335,"exact_zero"
5336,"exact_zero"
5337,"exact_zero"
5338,"exact_zero"
5339,"exact_zero"
5340,"exact_zero"
5341,"exact_zero"
5342,"exact_zero"
5343,"exact_zero"
5344,"exact_zero"
5345,"exact_zero"
5346,"exact_zero"
5347,"exact_zero"
5348,"exact_zero"
5349,"exact_zero"
5350,"exact_zero"
5351,"exact_zero"
5352,"exact_zero"
5353,"exact_zero"
5354,"exact_zero"
5355,"exact_zero"
5356,"exact_zero"
5357,"exact_zero"
5358,"exact_zero"
5359,"exact_zero"
5360,"exact_zero"
5361,"exact_zero"
5362,"exact_zero"
5363,"exact_zero"
5364,"exact_zero"
5365,"exact_zero"
5366,"exact_zero"
5367,"exact_zero"
5368,"exact_zero"
5369,"exact_zero"
5370,"exact_zero"
5371,"exact_zero"
5372,"exact_zero"
5373,"exact_zero"
5374,"exact_zero"
5375,"exact_zero"
5376,"exact_zero"
5377,"exact_zero"
5378,"exact_zero"
5379,"exact_zero"
5380,"exact_zero"
5381,"exact_zero"
5382,"exact_zero"
5383,"exact_zero"
5384,"exact_zero"
5385,"exact_zero"
5386,"exact_zero"
5387,"exact_zero"
5388,"exact_zero"
5389,"exact_zero"
5390,"exact_zero"
5391,"exact_zero"
5392,"exact_zero"
5393,"exact_zero"
5394,"exact_zero"
5395,"exact_zero"
5396,"exact_zero"
5397,"exact_zero"
5398,"exact_zero"
5399,"exact_zero"
5400,"exact_zero"
5401,"exact_zero"
5402,"exact_zero"
5403,"exact_zero"
5404,"exact_zero"
5405,"exact_zero"
5406,"exact_zero"
5407,"exact_zero"
5408,"exact_zero"
5409,"exact_zero"
5410,"exact_zero"
5411,"exact_zero"
5412,"exact_zero"
5413,"exact_zero"
5414,"exact_zero"
5415,"exact_zero"
5416,"exact_zero"
5417,"exact_zero"
5418,"exact_zero"
5419,"exact_zero"
5420,"exact_zero"
5421,"exact_zero"
5422,"exact_zero"
5423,"exact_zero"
5424,"exact_zero"
5425,"exact_zero"
5426,"exact_zero"
5427,"exact_zero"
5428,"exact_zero"
5429,"exact_zero"
5430,"exact_zero"
5431,"exact_zero"
5432,"exact_zero"
5433,"exact_zero"
5434,"exact_zero"
5435,"exact_zero"
5436,"exact_zero"
5437,"exact_zero"
5438,"exact_zero"
5439,"exact_zero"
5440,"exact_zero"
5441,"exact_zero"
5442,"exact_zero"
5443,"exact_zero"
5444,"exact_zero"
5445,"exact_zero"
5446,"exact_zero"
5447,"exact_zero"
5448,"exact_zero"
5449,"exact_zero"
5450,"exact_zero"
5451,"exact_zero"
5452,"exact_zero"
5453,"exact_zero"
5454,"exact_zero"
5455,"exact_zero"
5456,"exact_zero"
5457,"exact_zero"
5458,"exact_zero"
5459,"exact_zero"
5460,"exact_zero"
5461,"exact_zero"
5462,"exact_zero"
5463,"exact_zero"
5464,"exact_zero"
5465,"exact_zero"
5466,"exact_zero"
5467,"exact_zero"
5468,"exact_zero"
5469,"exact_zero"
5470,"exact_zero"
5471,"exact_zero"
5472,"exact_zero"
5473,"exact_zero"
5474,"exact_zero"
5475,"exact_zero"
5476,"exact_zero"
5477,"exact_zero"
5478,"exact_zero"
5479,"exact_zero"
5480,"exact_zero"
5481,"exact_zero"
5482,"exact_zero"
5483,"exact_zero"
5484,"exact_zero"
5485,"exact_zero"
5486,"exact_zero"
5487,"exact_zero"
5488,"exact_zero"
5489,"exact_zero"
5490,"exact_zero"
5491,"exact_zero"
5492,"exact_zero"
5493,"exact_zero"
5494,"exact_zero"
5495,"exact_zero"
5496,"exact_zero"
5497,"exact_zero"
5498,"exact_zero"
5499,"exact_zero"
5500,"exact_zero"
5501,"exact_zero"
5502,"exact_zero"
5503,"exact_zero"
5504,"exact_zero"
5505,"exact_zero"
5506,"exact_zero"
5507,"exact_zero"
5508,"exact_zero"
5509,"exact_zero"
5510,"exact_zero"
5511,"exact_zero"
5512,"exact_zero"
5513,"exact_zero"
5514,"exact_zero"
5515,"exact_zero"
5516,"exact_zero"
5517,"exact_zero"
5518,"exact_zero"
5519,"exact_zero"
5520,"exact_zero"
5521,"exact_zero"
5522,"exact_zero"
5523,"exact_zero"
5524,"exact_zero"
5525,"exact_zero"
5526,"exact_zero"
5527,"exact_zero"
5528,"exact_zero"
5529,"exact_zero"
5530,"exact_zero"
5531,"exact_zero"
5532,"exact_zero"
5533,"exact_zero"
5534,"exact_zero"
5535,"exact_zero"
5536,"exact_zero"
5537,"exact_zero"
5538,"exact_zero"
5539,"exact_zero"
5540,"exact_zero"
5541,"exact_zero"
5542,"exact_zero"
5543,"exact_zero"
5544,"exact_zero"
5545,"exact_zero"
5546,"exact_zero"
5547,"exact_zero"
5548,"exact_zero"
5549,"exact_zero"
5550,"exact_zero"
5551,"exact_zero"
5552,"exact_zero"
5553,"exact_zero"
5554,"exact_zero"
5555,"exact_zero"
5556,"exact_zero"
5557,"exact_zero"
5558,"exact_zero"
5559,"exact_zero"
5560,"exact_zero"
5561,"exact_zero"
5562,"exact_zero"
5563,"exact_zero"
5564,"exact_zero"
5565,"exact_zero"
5566,"exact_zero"
5567,"exact_zero"
5568,"exact_zero"
5569,"exact_zero"
5570,"exact_zero"
5571,"exact_zero"
5572,"exact_zero"
5573,"exact_zero"
5574,"exact_zero"
5575,"exact_zero"
5576,"exact_zero"
5577,"exact_zero"
5578,"exact_zero"
5579,"exact_zero"
5580,"exact_zero"
5581,"exact_zero"
5582,"exact_zero"
5583,"exact_zero"
5584,"exact_zero"
5585,"exact_zero"
5586,"exact_zero"
5587,"exact_zero"
5588,"exact_zero"
5589,"exact_zero"
5590,"exact_zero"
5591,"exact_zero"
5592,"exact_zero"
5593,"exact_zero"
5594,"exact_zero"
5595,"exact_zero"
5596,"exact_zero"
5597,"exact_zero"
5598,"exact_zero"
5599,"exact_zero"
5600,"exact_zero"
5601,"exact_zero"
5602,"exact_zero"
5603,"exact_zero"
5604,"exact_zero"
5605,"exact_zero"
5606,"exact_zero"
5607,"exact_zero"
5608,"exact_zero"
5609,"exact_zero"
5610,"exact_zero"
5611,"exact_zero"
5612,"exact_zero"
5613,"exact_zero"
5614,"exact_zero"
5615,"exact_zero"
5616,"exact_zero"
5617,"exact_zero"
5618,"exact_zero"
5619,"exact_zero"
5620,"exact_zero"
5621,"exact_zero"
5622,"exact_zero"
5623,"exact_zero"
5624,"exact_zero"
5625,"exact_zero"
5626,"exact_zero"
5627,"exact_zero"
5628,"exact_zero"
5629,"exact_zero"
5630,"exact_zero"
5631,"exact_zero"
5632,"exact_zero"
5633,"exact_zero"
5634,"exact_zero"
5635,"exact_zero"
5636,"exact_zero"
5637,"exact_zero"
5638,"exact_zero"
5639,"exact_zero"
5640,"exact_zero"
5641,"exact_zero"
5642,"exact_zero"
5643,"exact_zero"
5644,"exact_zero"
5645,"exact_zero"
5646,"exact_zero"
5647,"exact_zero"
5648,"exact_zero"
5649,"exact_zero"
5650,"exact_zero"
5651,"exact_zero"
5652,"exact_zero"
5653,"exact_zero"
5654,"exact_zero"
5655,"exact_zero"
5656,"exact_zero"
5657,"exact_zero"
5658,"exact_zero"
5659,"exact_zero"
5660,"exact_zero"
5661,"exact_zero"
5662,"exact_zero"
5663,"exact_zero"
5664,"exact_zero"
5665,"exact_zero"
5666,"exact_zero"
5667,"exact_zero"
5668,"exact_zero"
5669,"exact_zero"
5670,"exact_zero"
5671,"exact_zero"
5672,"exact_zero"
5673,"exact_zero"
5674,"exact_zero"
5675,"exact_zero"
5676,"exact_zero"
5677,"exact_zero"
5678,"exact_zero"
5679,"exact_zero"
5680,"exact_zero"
5681,"exact_zero"
5682,"exact_zero"
5683,"exact_zero"
5684,"exact_zero"
5685,"exact_zero"
5686,"exact_zero"
5687,"exact_zero"
5688,"exact_zero"
5689,"exact_zero"
5690,"exact_zero"
5691,"exact_zero"
5692,"exact_zero"
5693,"exact_zero"
5694,"exact_zero"
5695,"exact_zero"
5696,"exact_zero"
5697,"exact_zero"
5698,"exact_zero"
5699,"exact_zero"
5700,"exact_zero"
5701,"exact_zero"
5702,"exact_zero"
5703,"exact_zero"
5704,"exact_zero"
5705,"exact_zero"
5706,"exact_zero"
5707,"exact_zero"
5708,"exact_zero"
5709,"exact_zero"
5710,"exact_zero"
5711,"exact_zero"
5712,"exact_zero"
5713,"exact_zero"
5714,"exact_zero"
5715,"exact_zero"
5716,"exact_zero"
5717,"exact_zero"
5718,"exact_zero"
5719,"exact_zero"
5720,"exact_zero"
5721,"exact_zero"
5722,"exact_zero"
5723,"exact_zero"
5724,"exact_zero"
5725,"exact_zero"
5726,"exact_zero"
5727,"exact_zero"
5728,"exact_zero"
5729,"exact_zero"
5730,"exact_zero"
5731,"exact_zero"
5732,"exact_zero"
5733,"exact_zero"
5734,"exact_zero"
5735,"exact_zero"
5736,"exact_zero"
5737,"exact_zero"
5738,"exact_zero"
5739,"exact_zero"
5740,"exact_zero"
5741,"exact_zero"
5742,"exact_zero"
5743,"exact_zero"
5744,"exact_zero"
5745,"exact_zero"
5746,"exact_zero"
5747,"exact_zero"
5748,"exact_zero"
5749,"exact_zero"
5750,"exact_zero"
5751,"exact_zero"
5752,"exact_zero"
5753,"exact_zero"
5754,"exact_zero"
5755,"exact_zero"
5756,"exact_zero"
5757,"exact_zero"
5758,"exact_zero"
5759,"exact_zero"
5760,"exact_zero"
5761,"exact_zero"
5762,"exact_zero"
5763,"exact_zero"
5764,"exact_zero"
5765,"exact_zero"
5766,"exact_zero"
5767,"exact_zero"
5768,"exact_zero"
5769,"exact_zero"
5770,"exact_zero"
5771,"exact_zero"
5772,"exact_zero"
5773,"exact_zero"
5774,"exact_zero"
5775,"exact_zero"
5776,"exact_zero"
5777,"exact_zero"
5778,"exact_zero"
5779,"exact_zero"
5780,"exact_zero"
5781,"exact_zero"
5782,"exact_zero"
5783,"exact_zero"
5784,"exact_zero"
5785,"exact_zero"
5786,"exact_zero"
5787,"exact_zero"
5788,"exact_zero"
5789,"exact_zero"
5790,"exact_zero"
5791,"exact_zero"
5792,"exact_zero"
5793,"exact_zero"
5794,"exact_zero"
5795,"exact_zero"
5796,"exact_zero"
5797,"exact_zero"
5798,"exact_zero"
5799,"exact_zero"
5800,"exact_zero"
5801,"exact_zero"
5802,"exact_zero"
5803,"exact_zero"
5804,"exact_zero"
5805,"exact_zero"
5806,"exact_zero"
5807,"exact_zero"
5808,"exact_zero"
5809,"exact_zero"
5810,"exact_zero"
5811,"exact_zero"
5812,"exact_zero"
5813,"exact_zero"
5814,"exact_zero"
5815,"exact_zero"
5816,"exact_zero"
5817,"exact_zero"
5818,"exact_zero"
5819,"exact_zero"
5820,"exact_zero"
5821,"exact_zero"
5822,"exact_zero"
5823,"exact_zero"
5824,"exact_zero"
5825,"exact_zero"
5826,"exact_zero"
5827,"exact_zero"
5828,"exact_zero"
5829,"exact_zero"
5830,"exact_zero"
5831,"exact_zero"
5832,"exact_zero"
5833,"exact_zero"
5834,"exact_zero"
5835,"exact_zero"
5836,"exact_zero"
5837,"exact_zero"
5838,"exact_zero"
5839,"exact_zero"
5840,"exact_zero"
5841,"exact_zero"
5842,"exact_zero"
5843,"exact_zero"
5844,"exact_zero"
5845,"exact_zero"
5846,"exact_zero"
5847,"exact_zero"
5848,"exact_zero"
5849,"exact_zero"
5850,"exact_zero"
5851,"exact_zero"
5852,"exact_zero"
5853,"exact_zero"
5854,"exact_zero"
5855,"exact_zero"
5856,"exact_zero"
5857,"exact_zero"
5858,"exact_zero"
5859,"exact_zero"
5860,"exact_zero"
5861,"exact_zero"
5862,"exact_zero"
5863,"exact_zero"
5864,"exact_zero"
5865,"exact_zero"
5866,"exact_zero"
5867,"exact_zero"
5868,"exact_zero"
5869,"exact_zero"
5870,"exact_zero"
5871,"exact_zero"
5872,"exact_zero"
5873,"exact_zero"
5874,"exact_zero"
5875,"exact_zero"
5876,"exact_zero"
5877,"exact_zero"
5878,"exact_zero"
5879,"exact_zero"
5880,"exact_zero"
5881,"exact_zero"
5882,"exact_zero"
5883,"exact_zero"
5884,"exact_zero"
5885,"exact_zero"
5886,"exact_zero"
5887,"exact_zero"
5888,"exact_zero"
5889,"exact_zero"
5890,"exact_zero"
5891,"exact_zero"
5892,"exact_zero"
5893,"exact_zero"
5894,"exact_zero"
5895,"exact_zero"
5896,"exact_zero"
5897,"exact_zero"
5898,"exact_zero"
5899,"exact_zero"
5900,"exact_zero"
5901,"exact_zero"
5902,"exact_zero"
5903,"exact_zero"
5904,"exact_zero"
5905,"exact_zero"
5906,"exact_zero"
5907,"exact_zero"
5908,"exact_zero"
5909,"exact_zero"
5910,"exact_zero"
5911,"exact_zero"
5912,"exact_zero"
5913,"exact_zero"
5914,"exact_zero"
5915,"exact_zero"
5916,"exact_zero"
5917,"exact_zero"
5918,"exact_zero"
5919,"exact_zero"
5920,"exact_zero"
5921,"exact_zero"
5922,"exact_zero"
5923,"exact_zero"
5924,"exact_zero"
5925,"exact_zero"
5926,"exact_zero"
5927,"exact_zero"
5928,"exact_zero"
5929,"exact_zero"
5930,"exact_zero"
5931,"exact_zero"
5932,"exact_zero"
5933,"exact_zero"
5934,"exact_zero"
5935,"exact_zero"
5936,"exact_zero"
5937,"exact_zero"
5938,"exact_zero"
5939,"exact_zero"
5940,"exact_zero"
5941,"exact_zero"
5942,"exact_zero"
5943,"exact_zero"
5944,"exact_zero"
5945,"exact_zero"
5946,"exact_zero"
5947,"exact_zero"
5948,"exact_zero"
5949,"exact_zero"
5950,"exact_zero"
5951,"exact_zero"
5952,"exact_zero"
5953,"exact_zero"
5954,"exact_zero"
5955,"exact_zero"
5956,"exact_zero"
5957,"exact_zero"
5958,"exact_zero"
5959,"exact_zero"
5960,"exact_zero"
5961,"exact_zero"
5962,"exact_zero"
5963,"exact_zero"
5964,"exact_zero"
5965,"exact_zero"
5966,"exact_zero"
5967,"exact_zero"
5968,"exact_zero"
5969,"exact_zero"
5970,"exact_zero"
5971,"exact_zero"
5972,"exact_zero"
5973,"exact_zero"
5974,"exact_zero"
5975,"exact_zero"
5976,"exact_zero"
5977,"exact_zero"
5978,"exact_zero"
5979,"exact_zero"
5980,"exact_zero"
5981,"exact_zero"
5982,"exact_zero"
5983,"exact_zero"
5984,"exact_zero"
5985,"exact_zero"
5986,"exact_zero"
5987,"exact_zero"
5988,"exact_zero"
5989,"exact_zero"
5990,"exact_zero"
5991,"exact_zero"
5992,"exact_zero"
5993,"exact_zero"
5994,"exact_zero"
5995,"exact_zero"
5996,"exact_zero"
5997,"exact_zero"
5998,"exact_zero"
5999,"exact_zero"
6000,"exact_zero"
6001,"exact_zero"
6002,"exact_zero"
6003,"exact_zero"
6004,"exact_zero"
6005,"exact_zero"
6006,"exact_zero"
6007,"exact_zero"
6008,"exact_zero"
6009,"exact_zero"
6010,"exact_zero"
6011,"exact_zero"
6012,"exact_zero"
6013,"exact_zero"
6014,"exact_zero"
6015,"exact_zero"
6016,"exact_zero"
6017,"exact_zero"
6018,"exact_zero"
6019,"exact_zero"
6020,"exact_zero"
6021,"exact_zero"
6022,"exact_zero"
6023,"exact_zero"
6024,"exact_zero"
6025,"exact_zero"
6026,"exact_zero"
6027,"exact_zero"
6028,"exact_zero"
6029,"exact_zero"
6030,"exact_zero"
6031,"exact_zero"
6032,"exact_zero"
6033,"exact_zero"
6034,"exact_zero"
6035,"exact_zero"
6036,"exact_zero"
6037,"exact_zero"
6038,"exact_zero"
6039,"exact_zero"
6040,"exact_zero"
6041,"exact_zero"
6042,"exact_zero"
6043,"exact_zero"
6044,"exact_zero"
6045,"exact_zero"
6046,"exact_zero"
6047,"exact_zero"
6048,"exact_zero"
6049,"exact_zero"
6050,"exact_zero"
6051,"exact_zero"
6052,"exact_zero"
6053,"exact_zero"
6054,"exact_zero"
6055,"exact_zero"
6056,"exact_zero"
6057,"exact_zero"
6058,"exact_zero"
6059,"exact_zero"
6060,"exact_zero"
6061,"exact_zero"
6062,"exact_zero"
6063,"exact_zero"
6064,"exact_zero"
6065,"exact_zero"
6066,"exact_zero"
6067,"exact_zero"
6068,"exact_zero"
6069,"exact_zero"
6070,"exact_zero"
6071,"exact_zero"
6072,"exact_zero"
6073,"exact_zero"
6074,"exact_zero"
6075,"exact_zero"
6076,"exact_zero"
6077,"exact_zero"
6078,"exact_zero"
6079,"exact_zero"
6080,"exact_zero"
6081,"exact_zero"
6082,"exact_zero"
6083,"exact_zero"
6084,"exact_zero"
6085,"exact_zero"
6086,"exact_zero"
6087,"exact_zero"
6088,"exact_zero"
6089,"exact_zero"
6090,"exact_zero"
6091,"exact_zero"
6092,"exact_zero"
6093,"exact_zero"
6094,"exact_zero"
6095,"exact_zero"
6096,"exact_zero"
6097,"exact_zero"
6098,"exact_zero"
6099,"exact_zero"
6100,"exact_zero"
6101,"exact_zero"
6102,"exact_zero"
6103,"exact_zero"
6104,"exact_zero"
6105,"exact_zero"
6106,"exact_zero"
6107,"exact_zero"
6108,"exact_zero"
6109,"exact_zero"
6110,"exact_zero"
6111,"exact_zero"
6112,"exact_zero"
6113,"exact_zero"
6114,"exact_zero"
6115,"exact_zero"
6116,"exact_zero"
6117,"exact_zero"
6118,"exact_zero"
6119,"exact_zero"
6120,"exact_zero"
6121,"exact_zero"
6122,"exact_zero"
6123,"exact_zero"
6124,"exact_zero"
6125,"exact_zero"
6126,"exact_zero"
6127,"exact_zero"
6128,"exact_zero"
6129,"exact_zero"
6130,"exact_zero"
6131,"exact_zero"
6132,"exact_zero"
6133,"exact_zero"
6134,"exact_zero"
6135,"exact_zero"
6136,"exact_zero"
6137,"exact_zero"
6138,"exact_zero"
6139,"exact_zero"
6140,"exact_zero"
6141,"exact_zero"
6142,"exact_zero"
6143,"exact_zero"
6144,"exact_zero"
6145,"exact_zero"
6146,"exact_zero"
6147,"exact_zero"
6148,"exact_zero"
6149,"exact_zero"
6150,"exact_zero"
6151,"exact_zero"
6152,"exact_zero"
6153,"exact_zero"
6154,"exact_zero"
6155,"exact_zero"
6156,"exact_zero"
6157,"exact_zero"
6158,"exact_zero"
6159,"exact_zero"
6160,"exact_zero"
6161,"exact_zero"
6162,"exact_zero"
6163,"exact_zero"
6164,"exact_zero"
6165,"exact_zero"
6166,"exact_zero"
6167,"exact_zero"
6168,"exact_zero"
6169,"exact_zero"
6170,"exact_zero"
6171,"exact_zero"
6172,"exact_zero"
6173,"exact_zero"
6174,"exact_zero"
6175,"exact_zero"
6176,"exact_zero"
6177,"exact_zero"
6178,"exact_zero"
6179,"exact_zero"
6180,"exact_zero"
6181,"exact_zero"
6182,"exact_zero"
6183,"exact_zero"
6184,"exact_zero"
6185,"exact_zero"
6186,"exact_zero"
6187,"exact_zero"
6188,"exact_zero"
6189,"exact_zero"
6190,"exact_zero"
6191,"exact_zero"
6192,"exact_zero"
6193,"exact_zero"
6194,"exact_zero"
6195,"exact_zero"
6196,"exact_zero"
6197,"exact_zero"
6198,"exact_zero"
6199,"exact_zero"
6200,"exact_zero"
6201,"exact_zero"
6202,"exact_zero"
6203,"exact_zero"
6204,"exact_zero"
6205,"exact_zero"
6206,"exact_zero"
6207,"exact_zero"
6208,"exact_zero"
6209,"exact_zero"
6210,"exact_zero"
6211,"exact_zero"
6212,"exact_zero"
6213,"exact_zero"
6214,"exact_zero"
6215,"exact_zero"
6216,"exact_zero"
6217,"exact_zero"
6218,"exact_zero"
6219,"exact_zero"
6220,"exact_zero"
6221,"exact_zero"
6222,"exact_zero"
6223,"exact_zero"
6224,"exact_zero"
6225,"exact_zero"
6226,"exact_zero"
6227,"exact_zero"
6228,"exact_zero"
6229,"exact_zero"
6230,"exact_zero"
6231,"exact_zero"
6232,"exact_zero"
6233,"exact_zero"
6234,"exact_zero"
6235,"exact_zero"
6236,"exact_zero"
6237,"exact_zero"
6238,"exact_zero"
6239,"exact_zero"
6240,"exact_zero"
6241,"exact_zero"
6242,"exact_zero"
6243,"exact_zero"
6244,"exact_zero"
6245,"exact_zero"
6246,"exact_zero"
6247,"exact_zero"
6248,"exact_zero"
6249,"exact_zero"
6250,"exact_zero"
6251,"exact_zero"
6252,"exact_zero"
6253,"exact_zero"
6254,"exact_zero"
6255,"exact_zero"
6256,"exact_zero"
6257,"exact_zero"
6258,"exact_zero"
6259,"exact_zero"
6260,"exact_zero"
6261,"exact_zero"
6262,"exact_zero"
6263,"exact_zero"
6264,"exact_zero"
6265,"exact_zero"
6266,"exact_zero"
6267,"exact_zero"
6268,"exact_zero"
6269,"exact_zero"
6270,"exact_zero"
6271,"exact_zero"
6272,"exact_zero"
6273,"exact_zero"
6274,"exact_zero"
6275,"exact_zero"
6276,"exact_zero"
6277,"exact_zero"
6278,"exact_zero"
6279,"exact_zero"
6280,"exact_zero"
6281,"exact_zero"
6282,"exact_zero"
6283,"exact_zero"
6284,"exact_zero"
6285,"exact_zero"
6286,"exact_zero"
6287,"exact_zero"
6288,"exact_zero"
6289,"exact_zero"
6290,"exact_zero"
6291,"exact_zero"
6292,"exact_zero"
6293,"exact_zero"
6294,"exact_zero"
6295,"exact_zero"
6296,"exact_zero"
6297,"exact_zero"
6298,"exact_zero"
6299,"exact_zero"
6300,"exact_zero"
6301,"exact_zero"
6302,"exact_zero"
6303,"exact_zero"
6304,"exact_zero"
6305,"exact_zero"
6306,"exact_zero"
6307,"exact_zero"
6308,"exact_zero"
6309,"exact_zero"
6310,"exact_zero"
6311,"exact_zero"
6312,"exact_zero"
6313,"exact_zero"
6314,"exact_zero"
6315,"exact_zero"
6316,"exact_zero"
6317,"exact_zero"
6318,"exact_zero"
6319,"exact_zero"
6320,"exact_zero"
6321,"exact_zero"
6322,"exact_zero"
6323,"exact_zero"
6324,"exact_zero"
6325,"exact_zero"
6326,"exact_zero"
6327,"exact_zero"
6328,"exact_zero"
6329,"exact_zero"
6330,"exact_zero"
6331,"exact_zero"
6332,"exact_zero"
6333,"exact_zero"
6334,"exact_zero"
6335,"exact_zero"
6336,"exact_zero"
6337,"exact_zero"
6338,"exact_zero"
6339,"exact_zero"
6340,"exact_zero"
6341,"exact_zero"
6342,"exact_zero"
6343,"exact_zero"
6344,"exact_zero"
6345,"exact_zero"
6346,"exact_zero"
6347,"exact_zero"
6348,"exact_zero"
6349,"exact_zero"
6350,"exact_zero"
6351,"exact_zero"
6352,"exact_zero"
6353,"exact_zero"
6354,"exact_zero"
6355,"exact_zero"
6356,"exact_zero"
6357,"exact_zero"
6358,"exact_zero"
6359,"exact_zero"
6360,"exact_zero"
6361,"exact_zero"
6362,"exact_zero"
6363,"exact_zero"
6364,"exact_zero"
6365,"exact_zero"
6366,"exact_zero"
6367,"exact_zero"
6368,"exact_zero"
6369,"exact_zero"
6370,"exact_zero"
6371,"exact_zero"
6372,"exact_zero"
6373,"exact_zero"
6374,"exact_zero"
6375,"exact_zero"
6376,"exact_zero"
6377,"exact_zero"
6378,"exact_zero"
6379,"exact_zero"
6380,"exact_zero"
6381,"exact_zero"
6382,"exact_zero"
6383,"exact_zero"
6384,"exact_zero"
6385,"exact_zero"
6386,"exact_zero"
6387,"exact_zero"
6388,"exact_zero"
6389,"exact_zero"
6390,"exact_zero"
6391,"exact_zero"
6392,"exact_zero"
6393,"exact_zero"
6394,"exact_zero"
6395,"exact_zero"
6396,"exact_zero"
6397,"exact_zero"
6398,"exact_zero"
6399,"exact_zero"
6400,"exact_zero"
6401,"exact_zero"
6402,"exact_zero"
6403,"exact_zero"
6404,"exact_zero"
6405,"exact_zero"
6406,"exact_zero"
6407,"exact_zero"
6408,"exact_zero"
6409,"exact_zero"
6410,"exact_zero"
6411,"exact_zero"
6412,"exact_zero"
6413,"exact_zero"
6414,"exact_zero"
6415,"exact_zero"
6416,"exact_zero"
6417,"exact_zero"
6418,"exact_zero"
6419,"exact_zero"
6420,"exact_zero"
6421,"exact_zero"
6422,"exact_zero"
6423,"exact_zero"
6424,"exact_zero"
6425,"exact_zero"
6426,"exact_zero"
6427,"exact_zero"
6428,"exact_zero"
6429,"exact_zero"
6430,"exact_zero"
6431,"exact_zero"
6432,"exact_zero"
6433,"exact_zero"
6434,"exact_zero"
6435,"exact_zero"
6436,"exact_zero"
6437,"exact_zero"
6438,"exact_zero"
6439,"exact_zero"
6440,"exact_zero"
6441,"exact_zero"
6442,"exact_zero"
6443,"exact_zero"
6444,"exact_zero"
6445,"exact_zero"
6446,"exact_zero"
6447,"exact_zero"
6448,"exact_zero"
6449,"exact_zero"
6450,"exact_zero"
6451,"exact_zero"
6452,"exact_zero"
6453,"exact_zero"
6454,"exact_zero"
6455,"exact_zero"
6456,"exact_zero"
6457,"exact_zero"
6458,"exact_zero"
6459,"exact_zero"
6460,"exact_zero"
6461,"exact_zero"
6462,"exact_zero"
6463,"exact_zero"
6464,"exact_zero"
6465,"exact_zero"
6466,"exact_zero"
6467,"exact_zero"
6468,"exact_zero"
6469,"exact_zero"
6470,"exact_zero"
6471,"exact_zero"
6472,"exact_zero"
6473,"exact_zero"
6474,"exact_zero"
6475,"exact_zero"
6476,"exact_zero"
6477,"exact_zero"
6478,"exact_zero"
6479,"exact_zero"
6480,"exact_zero"
6481,"exact_zero"
6482,"exact_zero"
6483,"exact_zero"
6484,"exact_zero"
6485,"exact_zero"
6486,"exact_zero"
6487,"exact_zero"
6488,"exact_zero"
6489,"exact_zero"
6490,"exact_zero"
6491,"exact_zero"
6492,"exact_zero"
6493,"exact_zero"
6494,"exact_zero"
6495,"exact_zero"
6496,"exact_zero"
6497,"exact_zero"
6498,"exact_zero"
6499,"exact_zero"
6500,"exact_zero"
6501,"exact_zero"
6502,"exact_zero"
6503,"exact_zero"
6504,"exact_zero"
6505,"exact_zero"
6506,"exact_zero"
6507,"exact_zero"
6508,"exact_zero"
6509,"exact_zero"
6510,"exact_zero"
6511,"exact_zero"
6512,"exact_zero"
6513,"exact_zero"
6514,"exact_zero"
6515,"exact_zero"
6516,"exact_zero"
6517,"exact_zero"
6518,"exact_zero"
6519,"exact_zero"
6520,"exact_zero"
6521,"exact_zero"
6522,"exact_zero"
6523,"exact_zero"
6524,"exact_zero"
6525,"exact_zero"
6526,"exact_zero"
6527,"exact_zero"
6528,"exact_zero"
6529,"exact_zero"
6530,"exact_zero"
6531,"exact_zero"
6532,"exact_zero"
6533,"exact_zero"
6534,"exact_zero"
6535,"exact_zero"
6536,"exact_zero"
6537,"exact_zero"
6538,"exact_zero"
6539,"exact_zero"
6540,"exact_zero"
6541,"exact_zero"
6542,"exact_zero"
6543,"exact_zero"
6544,"exact_zero"
6545,"exact_zero"
6546,"exact_zero"
6547,"exact_zero"
6548,"exact_zero"
6549,"exact_zero"
6550,"exact_zero"
6551,"exact_zero"
6552,"exact_zero"
6553,"exact_zero"
6554,"exact_zero"
6555,"exact_zero"
6556,"exact_zero"
6557,"exact_zero"
6558,"exact_zero"
6559,"exact_zero"
6560,"exact_zero"
6561,"exact_zero"
6562,"exact_zero"
6563,"exact_zero"
6564,"exact_zero"
6565,"exact_zero"
6566,"exact_zero"
6567,"exact_zero"
6568,"exact_zero"
6569,"exact_zero"
6570,"exact_zero"
6571,"exact_zero"
6572,"exact_zero"
6573,"exact_zero"
6574,"exact_zero"
6575,"exact_zero"
6576,"exact_zero"
6577,"exact_zero"
6578,"exact_zero"
6579,"exact_zero"
6580,"exact_zero"
6581,"exact_zero"
6582,"exact_zero"
6583,"exact_zero"
6584,"exact_zero"
6585,"exact_zero"
6586,"exact_zero"
6587,"exact_zero"
6588,"exact_zero"
6589,"exact_zero"
6590,"exact_zero"
6591,"exact_zero"
6592,"exact_zero"
6593,"exact_zero"
6594,"exact_zero"
6595,"exact_zero"
6596,"exact_zero"
6597,"exact_zero"
6598,"exact_zero"
6599,"exact_zero"
6600,"exact_zero"
6601,"exact_zero"
6602,"exact_zero"
6603,"exact_zero"
6604,"exact_zero"
6605,"exact_zero"
6606,"exact_zero"
6607,"exact_zero"
6608,"exact_zero"
6609,"exact_zero"
6610,"exact_zero"
6611,"exact_zero"
6612,"exact_zero"
6613,"exact_zero"
6614,"exact_zero"
6615,"exact_zero"
6616,"exact_zero"
6617,"exact_zero"
6618,"exact_zero"
6619,"exact_zero"
6620,"exact_zero"
6621,"exact_zero"
6622,"exact_zero"
6623,"exact_zero"
6624,"exact_zero"
6625,"exact_zero"
6626,"exact_zero"
6627,"exact_zero"
6628,"exact_zero"
6629,"exact_zero"
6630,"exact_zero"
6631,"exact_zero"
6632,"exact_zero"
6633,"exact_zero"
6634,"exact_zero"
6635,"exact_zero"
6636,"exact_zero"
6637,"exact_zero"
6638,"exact_zero"
6639,"exact_zero"
6640,"exact_zero"
6641,"exact_zero"
6642,"exact_zero"
6643,"exact_zero"
6644,"exact_zero"
6645,"exact_zero"
6646,"exact_zero"
6647,"exact_zero"
6648,"exact_zero"
6649,"exact_zero"
6650,"exact_zero"
6651,"exact_zero"
6652,"exact_zero"
6653,"exact_zero"
6654,"exact_zero"
6655,"exact_zero"
6656,"exact_zero"
6657,"exact_zero"
6658,"exact_zero"
6659,"exact_zero"
6660,"exact_zero"
6661,"exact_zero"
6662,"exact_zero"
6663,"exact_zero"
6664,"exact_zero"
6665,"exact_zero"
6666,"exact_zero"
6667,"exact_zero"
6668,"exact_zero"
6669,"exact_zero"
6670,"exact_zero"
6671,"exact_zero"
6672,"exact_zero"
6673,"exact_zero"
6674,"exact_zero"
6675,"exact_zero"
6676,"exact_zero"
6677,"exact_zero"
6678,"exact_zero"
6679,"exact_zero"
6680,"exact_zero"
6681,"exact_zero"
6682,"exact_zero"
6683,"exact_zero"
6684,"exact_zero"
6685,"exact_zero"
6686,"exact_zero"
6687,"exact_zero"
6688,"exact_zero"
6689,"exact_zero"
6690,"exact_zero"
6691,"exact_zero"
6692,"exact_zero"
6693,"exact_zero"
6694,"exact_zero"
6695,"exact_zero"
6696,"exact_zero"
6697,"exact_zero"
6698,"exact_zero"
6699,"exact_zero"
6700,"exact_zero"
6701,"exact_zero"
6702,"exact_zero"
6703,"exact_zero"
6704,"exact_zero"
6705,"exact_zero"
6706,"exact_zero"
6707,"exact_zero"
6708,"exact_zero"
6709,"exact_zero"
6710,"exact_zero"
6711,"exact_zero"
6712,"exact_zero"
6713,"exact_zero"
6714,"exact_zero"
6715,"exact_zero"
6716,"exact_zero"
6717,"exact_zero"
6718,"exact_zero"
6719,"exact_zero"
6720,"exact_zero"
6721,"exact_zero"
6722,"exact_zero"
6723,"exact_zero"
6724,"exact_zero"
6725,"exact_zero"
6726,"exact_zero"
6727,"exact_zero"
6728,"exact_zero"
6729,"exact_zero"
6730,"exact_zero"
6731,"exact_zero"
6732,"exact_zero"
6733,"exact_zero"
6734,"exact_zero"
6735,"exact_zero"
6736,"exact_zero"
6737,"exact_zero"
6738,"exact_zero"
6739,"exact_zero"
6740,"exact_zero"
6741,"exact_zero"
6742,"exact_zero"
6743,"exact_zero"
6744,"exact_zero"
6745,"exact_zero"
6746,"exact_zero"
6747,"exact_zero"
6748,"exact_zero"
6749,"exact_zero"
6750,"exact_zero"
6751,"exact_zero"
6752,"exact_zero"
6753,"exact_zero"
6754,"exact_zero"
6755,"exact_zero"
6756,"exact_zero"
6757,"exact_zero"
6758,"exact_zero"
6759,"exact_zero"
6760,"exact_zero"
6761,"exact_zero"
6762,"exact_zero"
6763,"exact_zero"
6764,"exact_zero"
6765,"exact_zero"
6766,"exact_zero"
6767,"exact_zero"
6768,"exact_zero"
6769,"exact_zero"
6770,"exact_zero"
6771,"exact_zero"
6772,"exact_zero"
6773,"exact_zero"
6774,"exact_zero"
6775,"exact_zero"
6776,"exact_zero"
6777,"exact_zero"
6778,"exact_zero"
6779,"exact_zero"
6780,"exact_zero"
6781,"exact_zero"
6782,"exact_zero"
6783,"exact_zero"
6784,"exact_zero"
6785,"exact_zero"
6786,"exact_zero"
6787,"exact_zero"
6788,"exact_zero"
6789,"exact_zero"
6790,"exact_zero"
6791,"exact_zero"
6792,"exact_zero"
6793,"exact_zero"
6794,"exact_zero"
6795,"exact_zero"
6796,"exact_zero"
6797,"exact_zero"
6798,"exact_zero"
6799,"exact_zero"
6800,"exact_zero"
6801,"exact_zero"
6802,"exact_zero"
6803,"exact_zero"
6804,"exact_zero"
6805,"exact_zero"
6806,"exact_zero"
6807,"exact_zero"
6808,"exact_zero"
6809,"exact_zero"
6810,"exact_zero"
6811,"exact_zero"
6812,"exact_zero"
6813,"exact_zero"
6814,"exact_zero"
6815,"exact_zero"
6816,"exact_zero"
6817,"exact_zero"
6818,"exact_zero"
6819,"exact_zero"
6820,"exact_zero"
6821,"exact_zero"
6822,"exact_zero"
6823,"exact_zero"
6824,"exact_zero"
6825,"exact_zero"
6826,"exact_zero"
6827,"exact_zero"
6828,"exact_zero"
6829,"exact_zero"
6830,"exact_zero"
6831,"exact_zero"
6832,"exact_zero"
6833,"exact_zero"
6834,"exact_zero"
6835,"exact_zero"
6836,"exact_zero"
6837,"exact_zero"
6838,"exact_zero"
6839,"exact_zero"
6840,"exact_zero"
6841,"exact_zero"
6842,"exact_zero"
6843,"exact_zero"
6844,"exact_zero"
6845,"exact_zero"
6846,"exact_zero"
6847,"exact_zero"
6848,"exact_zero"
6849,"exact_zero"
6850,"exact_zero"
6851,"exact_zero"
6852,"exact_zero"
6853,"exact_zero"
6854,"exact_zero"
6855,"exact_zero"
6856,"exact_zero"
6857,"exact_zero"
6858,"exact_zero"
6859,"exact_zero"
6860,"exact_zero"
6861,"exact_zero"
6862,"exact_zero"
6863,"exact_zero"
6864,"exact_zero"
6865,"exact_zero"
6866,"exact_zero"
6867,"exact_zero"
6868,"exact_zero"
6869,"exact_zero"
6870,"exact_zero"
6871,"exact_zero"
6872,"exact_zero"
6873,"exact_zero"
6874,"exact_zero"
6875,"exact_zero"
6876,"exact_zero"
6877,"exact_zero"
6878,"exact_zero"
6879,"exact_zero"
6880,"exact_zero"
6881,"exact_zero"
6882,"exact_zero"
6883,"exact_zero"
6884,"exact_zero"
6885,"exact_zero"
6886,"exact_zero"
6887,"exact_zero"
6888,"exact_zero"
6889,"exact_zero"
6890,"exact_zero"
6891,"exact_zero"
6892,"exact_zero"
6893,"exact_zero"
6894,"exact_zero"
6895,"exact_zero"
6896,"exact_zero"
6897,"exact_zero"
6898,"exact_zero"
6899,"exact_zero"
6900,"exact_zero"
6901,"exact_zero"
6902,"exact_zero"
6903,"exact_zero"
6904,"exact_zero"
6905,"exact_zero"
6906,"exact_zero"
6907,"exact_zero"
6908,"exact_zero"
6909,"exact_zero"
6910,"exact_zero"
6911,"exact_zero"
6912,"exact_zero"
6913,"exact_zero"
6914,"exact_zero"
6915,"exact_zero"
6916,"exact_zero"
6917,"exact_zero"
6918,"exact_zero"
6919,"exact_zero"
6920,"exact_zero"
6921,"exact_zero"
6922,"exact_zero"
6923,"exact_zero"
6924,"exact_zero"
6925,"exact_zero"
6926,"exact_zero"
6927,"exact_zero"
6928,"exact_zero"
6929,"exact_zero"
6930,"exact_zero"
6931,"exact_zero"
6932,"exact_zero"
6933,"exact_zero"
6934,"exact_zero"
6935,"exact_zero"
6936,"exact_zero"
6937,"exact_zero"
6938,"exact_zero"
6939,"exact_zero"
6940,"exact_zero"
6941,"exact_zero"
6942,"exact_zero"
6943,"exact_zero"
6944,"exact_zero"
6945,"exact_zero"
6946,"exact_zero"
6947,"exact_zero"
6948,"exact_zero"
6949,"exact_zero"
6950,"exact_zero"
6951,"exact_zero"
6952,"exact_zero"
6953,"exact_zero"
6954,"exact_zero"
6955,"exact_zero"
6956,"exact_zero"
6957,"exact_zero"
6958,"exact_zero"
6959,"exact_zero"
6960,"exact_zero"
6961,"exact_zero"
6962,"exact_zero"
6963,"exact_zero"
6964,"exact_zero"
6965,"exact_zero"
6966,"exact_zero"
6967,"exact_zero"
6968,"exact_zero"
6969,"exact_zero"
6970,"exact_zero"
6971,"exact_zero"
6972,"exact_zero"
6973,"exact_zero"
6974,"exact_zero"
6975,"exact_zero"
6976,"exact_zero"
6977,"exact_zero"
6978,"exact_zero"
6979,"exact_zero"
6980,"exact_zero"
6981,"exact_zero"
6982,"exact_zero"
6983,"exact_zero"
6984,"exact_zero"
6985,"exact_zero"
6986,"exact_zero"
6987,"exact_zero"
6988,"exact_zero"
6989,"exact_zero"
6990,"exact_zero"
6991,"exact_zero"
6992,"exact_zero"
6993,"exact_zero"
6994,"exact_zero"
6995,"exact_zero"
6996,"exact_zero"
6997,"exact_zero"
6998,"exact_zero"
6999,"exact_zero"
7000,"exact_zero"
7001,"exact_zero"
7002,"exact_zero"
7003,"exact_zero"
7004,"exact_zero"
7005,"exact_zero"
7006,"exact_zero"
7007,"exact_zero"
7008,"exact_zero"
7009,"exact_zero"
7010,"exact_zero"
7011,"exact_zero"
7012,"exact_zero"
7013,"exact_zero"
7014,"exact_zero"
7015,"exact_zero"
7016,"exact_zero"
7017,"exact_zero"
7018,"exact_zero"
7019,"exact_zero"
7020,"exact_zero"
7021,"exact_zero"
7022,"exact_zero"
7023,"exact_zero"
7024,"exact_zero"
7025,"exact_zero"
7026,"exact_zero"
7027,"exact_zero"
7028,"exact_zero"
7029,"exact_zero"
7030,"exact_zero"
7031,"exact_zero"
7032,"exact_zero"
7033,"exact_zero"
7034,"exact_zero"
7035,"exact_zero"
7036,"exact_zero"
7037,"exact_zero"
7038,"exact_zero"
7039,"exact_zero"
7040,"exact_zero"
7041,"exact_zero"
7042,"exact_zero"
7043,"exact_zero"
7044,"exact_zero"
7045,"exact_zero"
7046,"exact_zero"
7047,"exact_zero"
7048,"exact_zero"
7049,"exact_zero"
7050,"exact_zero"
7051,"exact_zero"
7052,"exact_zero"
7053,"exact_zero"
7054,"exact_zero"
7055,"exact_zero"
7056,"exact_zero"
7057,"exact_zero"
7058,"exact_zero"
7059,"exact_zero"
7060,"exact_zero"
7061,"exact_zero"
7062,"exact_zero"
7063,"exact_zero"
7064,"exact_zero"
7065,"exact_zero"
7066,"exact_zero"
7067,"exact_zero"
7068,"exact_zero"
7069,"exact_zero"
7070,"exact_zero"
7071,"exact_zero"
7072,"exact_zero"
7073,"exact_zero"
7074,"exact_zero"
7075,"exact_zero"
7076,"exact_zero"
7077,"exact_zero"
7078,"exact_zero"
7079,"exact_zero"
7080,"exact_zero"
7081,"exact_zero"
7082,"exact_zero"
7083,"exact_zero"
7084,"exact_zero"
7085,"exact_zero"
7086,"exact_zero"
7087,"exact_zero"
7088,"exact_zero"
7089,"exact_zero"
7090,"exact_zero"
7091,"exact_zero"
7092,"exact_zero"
7093,"exact_zero"
7094,"exact_zero"
7095,"exact_zero"
7096,"exact_zero"
7097,"exact_zero"
7098,"exact_zero"
7099,"exact_zero"
7100,"exact_zero"
7101,"exact_zero"
7102,"exact_zero"
7103,"exact_zero"
7104,"exact_zero"
7105,"exact_zero"
7106,"exact_zero"
7107,"exact_zero"
7108,"exact_zero"
7109,"exact_zero"
7110,"exact_zero"
7111,"exact_zero"
7112,"exact_zero"
7113,"exact_zero"
7114,"exact_zero"
7115,"exact_zero"
7116,"exact_zero"
7117,"exact_zero"
7118,"exact_zero"
7119,"exact_zero"
7120,"exact_zero"
7121,"exact_zero"
7122,"exact_zero"
7123,"exact_zero"
7124,"exact_zero"
7125,"exact_zero"
7126,"exact_zero"
7127,"exact_zero"
7128,"exact_zero"
7129,"exact_zero"
7130,"exact_zero"
7131,"exact_zero"
7132,"exact_zero"
7133,"exact_zero"
7134,"exact_zero"
7135,"exact_zero"
7136,"exact_zero"
7137,"exact_zero"
7138,"exact_zero"
7139,"exact_zero"
7140,"exact_zero"
7141,"exact_zero"
7142,"exact_zero"
7143,"exact_zero"
7144,"exact_zero"
7145,"exact_zero"
7146,"exact_zero"
7147,"exact_zero"
7148,"exact_zero"
7149,"exact_zero"
7150,"exact_zero"
7151,"exact_zero"
7152,"exact_zero"
7153,"exact_zero"
7154,"exact_zero"
7155,"exact_zero"
7156,"exact_zero"
7157,"exact_zero"
7158,"exact_zero"
7159,"exact_zero"
7160,"exact_zero"
7161,"exact_zero"
7162,"exact_zero"
7163,"exact_zero"
7164,"exact_zero"
7165,"exact_zero"
7166,"exact_zero"
7167,"exact_zero"
7168,"exact_zero"
7169,"exact_zero"
7170,"exact_zero"
7171,"exact_zero"
7172,"exact_zero"
7173,"exact_zero"
7174,"exact_zero"
7175,"exact_zero"
7176,"exact_zero"
7177,"exact_zero"
7178,"exact_zero"
7179,"exact_zero"
7180,"exact_zero"
7181,"exact_zero"
7182,"exact_zero"
7183,"exact_zero"
7184,"exact_zero"
7185,"exact_zero"
7186,"exact_zero"
7187,"exact_zero"
7188,"exact_zero"
7189,"exact_zero"
7190,"exact_zero"
7191,"exact_zero"
7192,"exact_zero"
7193,"exact_zero"
7194,"exact_zero"
7195,"exact_zero"
7196,"exact_zero"
7197,"exact_zero"
7198,"exact_zero"
7199,"exact_zero"
7200,"exact_zero"
7201,"exact_zero"
7202,"exact_zero"
7203,"exact_zero"
7204,"exact_zero"
7205,"exact_zero"
7206,"exact_zero"
7207,"exact_zero"
7208,"exact_zero"
7209,"exact_zero"
7210,"exact_zero"
7211,"exact_zero"
7212,"exact_zero"
7213,"exact_zero"
7214,"exact_zero"
7215,"exact_zero"
7216,"exact_zero"
7217,"exact_zero"
7218,"exact_zero"
7219,"exact_zero"
7220,"exact_zero"
7221,"exact_zero"
7222,"exact_zero"
7223,"exact_zero"
7224,"exact_zero"
7225,"exact_zero"
7226,"exact_zero"
7227,"exact_zero"
7228,"exact_zero"
7229,"exact_zero"
7230,"exact_zero"
7231,"exact_zero"
7232,"exact_zero"
7233,"exact_zero"
7234,"exact_zero"
7235,"exact_zero"
7236,"exact_zero"
7237,"exact_zero"
7238,"exact_zero"
7239,"exact_zero"
7240,"exact_zero"
7241,"exact_zero"
7242,"exact_zero"
7243,"exact_zero"
7244,"exact_zero"
7245,"exact_zero"
7246,"exact_zero"
7247,"exact_zero"
7248,"exact_zero"
7249,"exact_zero"
7250,"exact_zero"
7251,"exact_zero"
7252,"exact_zero"
7253,"exact_zero"
7254,"exact_zero"
7255,"exact_zero"
7256,"exact_zero"
7257,"exact_zero"
7258,"exact_zero"
7259,"exact_zero"
7260,"exact_zero"
7261,"exact_zero"
7262,"exact_zero"
7263,"exact_zero"
7264,"exact_zero"
7265,"exact_zero"
7266,"exact_zero"
7267,"exact_zero"
7268,"exact_zero"
7269,"exact_zero"
7270,"exact_zero"
7271,"exact_zero"
7272,"exact_zero"
7273,"exact_zero"
7274,"exact_zero"
7275,"exact_zero"
7276,"exact_zero"
7277,"exact_zero"
7278,"exact_zero"
7279,"exact_zero"
7280,"exact_zero"
7281,"exact_zero"
7282,"exact_zero"
7283,"exact_zero"
7284,"exact_zero"
7285,"exact_zero"
7286,"exact_zero"
7287,"exact_zero"
7288,"exact_zero"
7289,"exact_zero"
7290,"exact_zero"
7291,"exact_zero"
7292,"exact_zero"
7293,"exact_zero"
7294,"exact_zero"
7295,"exact_zero"
7296,"exact_zero"
7297,"exact_zero"
7298,"exact_zero"
7299,"exact_zero"
7300,"exact_zero"
7301,"exact_zero"
7302,"exact_zero"
7303,"exact_zero"
7304,"exact_zero"
7305,"exact_zero"
7306,"exact_zero"
7307,"exact_zero"
7308,"exact_zero"
7309,"exact_zero"
7310,"exact_zero"
7311,"exact_zero"
7312,"exact_zero"
7313,"exact_zero"
7314,"exact_zero"
7315,"exact_zero"
7316,"exact_zero"
7317,"exact_zero"
7318,"exact_zero"
7319,"exact_zero"
7320,"exact_zero"
7321,"exact_zero"
7322,"exact_zero"
7323,"exact_zero"
7324,"exact_zero"
7325,"exact_zero"
7326,"exact_zero"
7327,"exact_zero"
7328,"exact_zero"
7329,"exact_zero"
7330,"exact_zero"
7331,"exact_zero"
7332,"exact_zero"
7333,"exact_zero"
7334,"exact_zero"
7335,"exact_zero"
7336,"exact_zero"
7337,"exact_zero"
7338,"exact_zero"
7339,"exact_zero"
7340,"exact_zero"
7341,"exact_zero"
7342,"exact_zero"
7343,"exact_zero"
7344,"exact_zero"
7345,"exact_zero"
7346,"exact_zero"
7347,"exact_zero"
7348,"exact_zero"
7349,"exact_zero"
7350,"exact_zero"
7351,"exact_zero"
7352,"exact_zero"
7353,"exact_zero"
7354,"exact_zero"
7355,"exact_zero"
7356,"exact_zero"
7357,"exact_zero"
7358,"exact_zero"
7359,"exact_zero"
7360,"exact_zero"
7361,"exact_zero"
7362,"exact_zero"
7363,"exact_zero"
7364,"exact_zero"
7365,"exact_zero"
7366,"exact_zero"
7367,"exact_zero"
7368,"exact_zero"
7369,"exact_zero"
7370,"exact_zero"
7371,"exact_zero"
7372,"exact_zero"
7373,"exact_zero"
7374,"exact_zero"
7375,"exact_zero"
7376,"exact_zero"
7377,"exact_zero"
7378,"exact_zero"
7379,"exact_zero"
7380,"exact_zero"
7381,"exact_zero"
7382,"exact_zero"
7383,"exact_zero"
7384,"exact_zero"
7385,"exact_zero"
7386,"exact_zero"
7387,"exact_zero"
7388,"exact_zero"
7389,"exact_zero"
7390,"exact_zero"
7391,"exact_zero"
7392,"exact_zero"
7393,"exact_zero"
7394,"exact_zero"
7395,"exact_zero"
7396,"exact_zero"
7397,"exact_zero"
7398,"exact_zero"
7399,"exact_zero"
7400,"exact_zero"
7401,"exact_zero"
7402,"exact_zero"
7403,"exact_zero"
7404,"exact_zero"
7405,"exact_zero"
7406,"exact_zero"
7407,"exact_zero"
7408,"exact_zero"
7409,"exact_zero"
7410,"exact_zero"
7411,"exact_zero"
7412,"exact_zero"
7413,"exact_zero"
7414,"exact_zero"
7415,"exact_zero"
7416,"exact_zero"
7417,"exact_zero"
7418,"exact_zero"
7419,"exact_zero"
7420,"exact_zero"
7421,"exact_zero"
7422,"exact_zero"
7423,"exact_zero"
7424,"exact_zero"
7425,"exact_zero"
7426,"exact_zero"
7427,"exact_zero"
7428,"exact_zero"
7429,"exact_zero"
7430,"exact_zero"
7431,"exact_zero"
7432,"exact_zero"
7433,"exact_zero"
7434,"exact_zero"
7435,"exact_zero"
7436,"exact_zero"
7437,"exact_zero"
7438,"exact_zero"
7439,"exact_zero"
7440,"exact_zero"
7441,"exact_zero"
7442,"exact_zero"
7443,"exact_zero"
7444,"exact_zero"
7445,"exact_zero"
7446,"exact_zero"
7447,"exact_zero"
7448,"exact_zero"
7449,"exact_zero"
7450,"exact_zero"
7451,"exact_zero"
7452,"exact_zero"
7453,"exact_zero"
7454,"exact_zero"
7455,"exact_zero"
7456,"exact_zero"
7457,"exact_zero"
7458,"exact_zero"
7459,"exact_zero"
7460,"exact_zero"
7461,"exact_zero"
7462,"exact_zero"
7463,"exact_zero"
7464,"exact_zero"
7465,"exact_zero"
7466,"exact_zero"
7467,"exact_zero"
7468,"exact_zero"
7469,"exact_zero"
7470,"exact_zero"
7471,"exact_zero"
7472,"exact_zero"
7473,"exact_zero"
7474,"exact_zero"
7475,"exact_zero"
7476,"exact_zero"
7477,"exact_zero"
7478,"exact_zero"
7479,"exact_zero"
7480,"exact_zero"
7481,"exact_zero"
7482,"exact_zero"
7483,"exact_zero"
7484,"exact_zero"
7485,"exact_zero"
7486,"exact_zero"
7487,"exact_zero"
7488,"exact_zero"
7489,"exact_zero"
7490,"exact_zero"
7491,"exact_zero"
7492,"exact_zero"
7493,"exact_zero"
7494,"exact_zero"
7495,"exact_zero"
7496,"exact_zero"
7497,"exact_zero"
7498,"exact_zero"
7499,"exact_zero"
7500,"exact_zero"
7501,"exact_zero"
7502,"exact_zero"
7503,"exact_zero"
7504,"exact_zero"
7505,"exact_zero"
7506,"exact_zero"
7507,"exact_zero"
7508,"exact_zero"
7509,"exact_zero"
7510,"exact_zero"
7511,"exact_zero"
7512,"exact_zero"
7513,"exact_zero"
7514,"exact_zero"
7515,"exact_zero"
7516,"exact_zero"
7517,"exact_zero"
7518,"exact_zero"
7519,"exact_zero"
7520,"exact_zero"
7521,"exact_zero"
7522,"exact_zero"
7523,"exact_zero"
7524,"exact_zero"
7525,"exact_zero"
7526,"exact_zero"
7527,"exact_zero"
7528,"exact_zero"
7529,"exact_zero"
7530,"exact_zero"
7531,"exact_zero"
7532,"exact_zero"
7533,"exact_zero"
7534,"exact_zero"
7535,"exact_zero"
7536,"exact_zero"
7537,"exact_zero"
7538,"exact_zero"
7539,"exact_zero"
7540,"exact_zero"
7541,"exact_zero"
7542,"exact_zero"
7543,"exact_zero"
7544,"exact_zero"
7545,"exact_zero"
7546,"exact_zero"
7547,"exact_zero"
7548,"exact_zero"
7549,"exact_zero"
7550,"exact_zero"
7551,"exact_zero"
7552,"exact_zero"
7553,"exact_zero"
7554,"exact_zero"
7555,"exact_zero"
7556,"exact_zero"
7557,"exact_zero"
7558,"exact_zero"
7559,"exact_zero"
7560,"exact_zero"
7561,"exact_zero"
7562,"exact_zero"
7563,"exact_zero"
7564,"exact_zero"
7565,"exact_zero"
7566,"exact_zero"
7567,"exact_zero"
7568,"exact_zero"
7569,"exact_zero"
7570,"exact_zero"
7571,"exact_zero"
7572,"exact_zero"
7573,"exact_zero"
7574,"exact_zero"
7575,"exact_zero"
7576,"exact_zero"
7577,"exact_zero"
7578,"exact_zero"
7579,"exact_zero"
7580,"exact_zero"
7581,"exact_zero"
7582,"exact_zero"
7583,"exact_zero"
7584,"exact_zero"
7585,"exact_zero"
7586,"exact_zero"
7587,"exact_zero"
7588,"exact_zero"
7589,"exact_zero"
7590,"exact_zero"
7591,"exact_zero"
7592,"exact_zero"
7593,"exact_zero"
7594,"exact_zero"
7595,"exact_zero"
7596,"exact_zero"
7597,"exact_zero"
7598,"exact_zero"
7599,"exact_zero"
7600,"exact_zero"
7601,"exact_zero"
7602,"exact_zero"
7603,"exact_zero"
7604,"exact_zero"
7605,"exact_zero"
7606,"exact_zero"
7607,"exact_zero"
7608,"exact_zero"
7609,"exact_zero"
7610,"exact_zero"
7611,"exact_zero"
7612,"exact_zero"
7613,"exact_zero"
7614,"exact_zero"
7615,"exact_zero"
7616,"exact_zero"
7617,"exact_zero"
7618,"exact_zero"
7619,"exact_zero"
7620,"exact_zero"
7621,"exact_zero"
7622,"exact_zero"
7623,"exact_zero"
7624,"exact_zero"
7625,"exact_zero"
7626,"exact_zero"
7627,"exact_zero"
7628,"exact_zero"
7629,"exact_zero"
7630,"exact_zero"
7631,"exact_zero"
7632,"exact_zero"
7633,"exact_zero"
7634,"exact_zero"
7635,"exact_zero"
7636,"exact_zero"
7637,"exact_zero"
7638,"exact_zero"
7639,"exact_zero"
7640,"exact_zero"
7641,"exact_zero"
7642,"exact_zero"
7643,"exact_zero"
7644,"exact_zero"
7645,"exact_zero"
7646,"exact_zero"
7647,"exact_zero"
7648,"exact_zero"
7649,"exact_zero"
7650,"exact_zero"
7651,"exact_zero"
7652,"exact_zero"
7653,"exact_zero"
7654,"exact_zero"
7655,"exact_zero"
7656,"exact_zero"
7657,"exact_zero"
7658,"exact_zero"
7659,"exact_zero"
7660,"exact_zero"
7661,"exact_zero"
7662,"exact_zero"
7663,"exact_zero"
7664,"exact_zero"
7665,"exact_zero"
7666,"exact_zero"
7667,"exact_zero"
7668,"exact_zero"
7669,"exact_zero"
7670,"exact_zero"
7671,"exact_zero"
7672,"exact_zero"
7673,"exact_zero"
7674,"exact_zero"
7675,"exact_zero"
7676,"exact_zero"
7677,"exact_zero"
7678,"exact_zero"
7679,"exact_zero"
7680,"exact_zero"
7681,"exact_zero"
7682,"exact_zero"
7683,"exact_zero"
7684,"exact_zero"
7685,"exact_zero"
7686,"exact_zero"
7687,"exact_zero"
7688,"exact_zero"
7689,"exact_zero"
7690,"exact_zero"
7691,"exact_zero"
7692,"exact_zero"
7693,"exact_zero"
7694,"exact_zero"
7695,"exact_zero"
7696,"exact_zero"
7697,"exact_zero"
7698,"exact_zero"
7699,"exact_zero"
7700,"exact_zero"
7701,"exact_zero"
7702,"exact_zero"
7703,"exact_zero"
7704,"exact_zero"
7705,"exact_zero"
7706,"exact_zero"
7707,"exact_zero"
7708,"exact_zero"
7709,"exact_zero"
7710,"exact_zero"
7711,"exact_zero"
7712,"exact_zero"
7713,"exact_zero"
7714,"exact_zero"
7715,"exact_zero"
7716,"exact_zero"
7717,"exact_zero"
7718,"exact_zero"
7719,"exact_zero"
7720,"exact_zero"
7721,"exact_zero"
7722,"exact_zero"
7723,"exact_zero"
7724,"exact_zero"
7725,"exact_zero"
7726,"exact_zero"
7727,"exact_zero"
7728,"exact_zero"
7729,"exact_zero"
7730,"exact_zero"
7731,"exact_zero"
7732,"exact_zero"
7733,"exact_zero"
7734,"exact_zero"
7735,"exact_zero"
7736,"exact_zero"
7737,"exact_zero"
7738,"exact_zero"
7739,"exact_zero"
7740,"exact_zero"
7741,"exact_zero"
7742,"exact_zero"
7743,"exact_zero"
7744,"exact_zero"
7745,"exact_zero"
7746,"exact_zero"
7747,"exact_zero"
7748,"exact_zero"
7749,"exact_zero"
7750,"exact_zero"
7751,"exact_zero"
7752,"exact_zero"
7753,"exact_zero"
7754,"exact_zero"
7755,"exact_zero"
7756,"exact_zero"
7757,"exact_zero"
7758,"exact_zero"
7759,"exact_zero"
7760,"exact_zero"
7761,"exact_zero"
7762,"exact_zero"
7763,"exact_zero"
7764,"exact_zero"
7765,"exact_zero"
7766,"exact_zero"
7767,"exact_zero"
7768,"exact_zero"
7769,"exact_zero"
7770,"exact_zero"
7771,"exact_zero"
7772,"exact_zero"
7773,"exact_zero"
7774,"exact_zero"
7775,"exact_zero"
7776,"exact_zero"
7777,"exact_zero"
7778,"exact_zero"
7779,"exact_zero"
7780,"exact_zero"
7781,"exact_zero"
7782,"exact_zero"
7783,"exact_zero"
7784,"exact_zero"
7785,"exact_zero"
7786,"exact_zero"
7787,"exact_zero"
7788,"exact_zero"
7789,"exact_zero"
7790,"exact_zero"
7791,"exact_zero"
7792,"exact_zero"
7793,"exact_zero"
7794,"exact_zero"
7795,"exact_zero"
7796,"exact_zero"
7797,"exact_zero"
7798,"exact_zero"
7799,"exact_zero"
7800,"exact_zero"
7801,"exact_zero"
7802,"exact_zero"
7803,"exact_zero"
7804,"exact_zero"
7805,"exact_zero"
7806,"exact_zero"
7807,"exact_zero"
7808,"exact_zero"
7809,"exact_zero"
7810,"exact_zero"
7811,"exact_zero"
7812,"exact_zero"
7813,"exact_zero"
7814,"exact_zero"
7815,"exact_zero"
7816,"exact_zero"
7817,"exact_zero"
7818,"exact_zero"
7819,"exact_zero"
7820,"exact_zero"
7821,"exact_zero"
7822,"exact_zero"
7823,"exact_zero"
7824,"exact_zero"
7825,"exact_zero"
7826,"exact_zero"
7827,"exact_zero"
7828,"exact_zero"
7829,"exact_zero"
7830,"exact_zero"
7831,"exact_zero"
7832,"exact_zero"
7833,"exact_zero"
7834,"exact_zero"
7835,"exact_zero"
7836,"exact_zero"
7837,"exact_zero"
7838,"exact_zero"
7839,"exact_zero"
7840,"exact_zero"
7841,"exact_zero"
7842,"exact_zero"
7843,"exact_zero"
7844,"exact_zero"
7845,"exact_zero"
7846,"exact_zero"
7847,"exact_zero"
7848,"exact_zero"
7849,"exact_zero"
7850,"exact_zero"
7851,"exact_zero"
7852,"exact_zero"
7853,"exact_zero"
7854,"exact_zero"
7855,"exact_zero"
7856,"exact_zero"
7857,"exact_zero"
7858,"exact_zero"
7859,"exact_zero"
7860,"exact_zero"
7861,"exact_zero"
7862,"exact_zero"
7863,"exact_zero"
7864,"exact_zero"
7865,"exact_zero"
7866,"exact_zero"
7867,"exact_zero"
7868,"exact_zero"
7869,"exact_zero"
7870,"exact_zero"
7871,"exact_zero"
7872,"exact_zero"
7873,"exact_zero"
7874,"exact_zero"
7875,"exact_zero"
7876,"exact_zero"
7877,"exact_zero"
7878,"exact_zero"
7879,"exact_zero"
7880,"exact_zero"
7881,"exact_zero"
7882,"exact_zero"
7883,"exact_zero"
7884,"exact_zero"
7885,"exact_zero"
7886,"exact_zero"
7887,"exact_zero"
7888,"exact_zero"
7889,"exact_zero"
7890,"exact_zero"
7891,"exact_zero"
7892,"exact_zero"
7893,"exact_zero"
7894,"exact_zero"
7895,"exact_zero"
7896,"exact_zero"
7897,"exact_zero"
7898,"exact_zero"
7899,"exact_zero"
7900,"exact_zero"
7901,"exact_zero"
7902,"exact_zero"
7903,"exact_zero"
7904,"exact_zero"
7905,"exact_zero"
7906,"exact_zero"
7907,"exact_zero"
7908,"exact_zero"
7909,"exact_zero"
7910,"exact_zero"
7911,"exact_zero"
7912,"exact_zero"
7913,"exact_zero"
7914,"exact_zero"
7915,"exact_zero"
7916,"exact_zero"
7917,"exact_zero"
7918,"exact_zero"
7919,"exact_zero"
7920,"exact_zero"
7921,"exact_zero"
7922,"exact_zero"
7923,"exact_zero"
7924,"exact_zero"
7925,"exact_zero"
7926,"exact_zero"
7927,"exact_zero"
7928,"exact_zero"
7929,"exact_zero"
7930,"exact_zero"
7931,"exact_zero"
7932,"exact_zero"
7933,"exact_zero"
7934,"exact_zero"
7935,"exact_zero"
7936,"exact_zero"
7937,"exact_zero"
7938,"exact_zero"
7939,"exact_zero"
7940,"exact_zero"
7941,"exact_zero"
7942,"exact_zero"
7943,"exact_zero"
7944,"exact_zero"
7945,"exact_zero"
7946,"exact_zero"
7947,"exact_zero"
7948,"exact_zero"
7949,"exact_zero"
7950,"exact_zero"
7951,"exact_zero"
7952,"exact_zero"
7953,"exact_zero"
7954,"exact_zero"
7955,"exact_zero"
7956,"exact_zero"
7957,"exact_zero"
7958,"exact_zero"
7959,"exact_zero"
7960,"exact_zero"
7961,"exact_zero"
7962,"exact_zero"
7963,"exact_zero"
7964,"exact_zero"
7965,"exact_zero"
7966,"exact_zero"
7967,"exact_zero"
7968,"exact_zero"
7969,"exact_zero"
7970,"exact_zero"
7971,"exact_zero"
7972,"exact_zero"
7973,"exact_zero"
7974,"exact_zero"
7975,"exact_zero"
7976,"exact_zero"
7977,"exact_zero"
7978,"exact_zero"
7979,"exact_zero"
7980,"exact_zero"
7981,"exact_zero"
7982,"exact_zero"
7983,"exact_zero"
7984,"exact_zero"
7985,"exact_zero"
7986,"exact_zero"
7987,"exact_zero"
7988,"exact_zero"
7989,"exact_zero"
7990,"exact_zero"
7991,"exact_zero"
7992,"exact_zero"
7993,"exact_zero"
7994,"exact_zero"
7995,"exact_zero"
7996,"exact_zero"
7997,"exact_zero"
7998,"exact_zero"
7999,"exact_zero"
8000,"exact_zero"
8001,"exact_zero"
8002,"exact_zero"
8003,"exact_zero"
8004,"exact_zero"
8005,"exact_zero"
8006,"exact_zero"
8007,"exact_zero"
8008,"exact_zero"
8009,"exact_zero"
8010,"exact_zero"
8011,"exact_zero"
8012,"exact_zero"
8013,"exact_zero"
8014,"exact_zero"
8015,"exact_zero"
8016,"exact_zero"
8017,"exact_zero"
8018,"exact_zero"
8019,"exact_zero"
8020,"exact_zero"
8021,"exact_zero"
8022,"exact_zero"
8023,"exact_zero"
8024,"exact_zero"
8025,"exact_zero"
8026,"exact_zero"
8027,"exact_zero"
8028,"exact_zero"
8029,"exact_zero"
8030,"exact_zero"
8031,"exact_zero"
8032,"exact_zero"
8033,"exact_zero"
8034,"exact_zero"
8035,"exact_zero"
8036,"exact_zero"
8037,"exact_zero"
8038,"exact_zero"
8039,"exact_zero"
8040,"exact_zero"
8041,"exact_zero"
8042,"exact_zero"
8043,"exact_zero"
8044,"exact_zero"
8045,"exact_zero"
8046,"exact_zero"
8047,"exact_zero"
8048,"exact_zero"
8049,"exact_zero"
8050,"exact_zero"
8051,"exact_zero"
8052,"exact_zero"
8053,"exact_zero"
8054,"exact_zero"
8055,"exact_zero"
8056,"exact_zero"
8057,"exact_zero"
8058,"exact_zero"
8059,"exact_zero"
8060,"exact_zero"
8061,"exact_zero"
8062,"exact_zero"
8063,"exact_zero"
8064,"exact_zero"
8065,"exact_zero"
8066,"exact_zero"
8067,"exact_zero"
8068,"exact_zero"
8069,"exact_zero"
8070,"exact_zero"
8071,"exact_zero"
8072,"exact_zero"
8073,"exact_zero"
8074,"exact_zero"
8075,"exact_zero"
8076,"exact_zero"
8077,"exact_zero"
8078,"exact_zero"
8079,"exact_zero"
8080,"exact_zero"
8081,"exact_zero"
8082,"exact_zero"
8083,"exact_zero"
8084,"exact_zero"
8085,"exact_zero"
8086,"exact_zero"
8087,"exact_zero"
8088,"exact_zero"
8089,"exact_zero"
8090,"exact_zero"
8091,"exact_zero"
8092,"exact_zero"
8093,"exact_zero"
8094,"exact_zero"
8095,"exact_zero"
8096,"exact_zero"
8097,"exact_zero"
8098,"exact_zero"
8099,"exact_zero"
8100,"exact_zero"
8101,"exact_zero"
8102,"exact_zero"
8103,"exact_zero"
8104,"exact_zero"
8105,"exact_zero"
8106,"exact_zero"
8107,"exact_zero"
8108,"exact_zero"
8109,"exact_zero"
8110,"exact_zero"
8111,"exact_zero"
8112,"exact_zero"
8113,"exact_zero"
8114,"exact_zero"
8115,"exact_zero"
8116,"exact_zero"
8117,"exact_zero"
8118,"exact_zero"
8119,"exact_zero"
8120,"exact_zero"
8121,"exact_zero"
8122,"exact_zero"
8123,"exact_zero"
8124,"exact_zero"
8125,"exact_zero"
8126,"exact_zero"
8127,"exact_zero"
8128,"exact_zero"
8129,"exact_zero"
8130,"exact_zero"
8131,"exact_zero"
8132,"exact_zero"
8133,"exact_zero"
8134,"exact_zero"
8135,"exact_zero"
8136,"exact_zero"
8137,"exact_zero"
8138,"exact_zero"
8139,"exact_zero"
8140,"exact_zero"
8141,"exact_zero"
8142,"exact_zero"
8143,"exact_zero"
8144,"exact_zero"
8145,"exact_zero"
8146,"exact_zero"
8147,"exact_zero"
8148,"exact_zero"
8149,"exact_zero"
8150,"exact_zero"
8151,"exact_zero"
8152,"exact_zero"
8153,"exact_zero"
8154,"exact_zero"
8155,"exact_zero"
8156,"exact_zero"
8157,"exact_zero"
8158,"exact_zero"
8159,"exact_zero"
8160,"exact_zero"
8161,"exact_zero"
8162,"exact_zero"
8163,"exact_zero"
8164,"exact_zero"
8165,"exact_zero"
8166,"exact_zero"
8167,"exact_zero"
8168,"exact_zero"
8169,"exact_zero"
8170,"exact_zero"
8171,"exact_zero"
8172,"exact_zero"
8173,"exact_zero"
8174,"exact_zero"
8175,"exact_zero"
8176,"exact_zero"
8177,"exact_zero"
8178,"exact_zero"
8179,"exact_zero"
8180,"exact_zero"
8181,"exact_zero"
8182,"exact_zero"
8183,"exact_zero"
8184,"exact_zero"
8185,"exact_zero"
8186,"exact_zero"
8187,"exact_zero"
8188,"exact_zero"
8189,"exact_zero"
8190,"exact_zero"
8191,"exact_zero"
8192,"exact_zero"
8193,"exact_zero"
8194,"exact_zero"
8195,"exact_zero"
8196,"exact_zero"
8197,"exact_zero"
8198,"exact_zero"
8199,"exact_zero"
8200,"exact_zero"
8201,"exact_zero"
8202,"exact_zero"
8203,"exact_zero"
8204,"exact_zero"
8205,"exact_zero"
8206,"exact_zero"
8207,"exact_zero"
8208,"exact_zero"
8209,"exact_zero"
8210,"exact_zero"
8211,"exact_zero"
8212,"exact_zero"
8213,"exact_zero"
8214,"exact_zero"
8215,"exact_zero"
8216,"exact_zero"
8217,"exact_zero"
8218,"exact_zero"
8219,"exact_zero"
8220,"exact_zero"
8221,"exact_zero"
8222,"exact_zero"
8223,"exact_zero"
8224,"exact_zero"
8225,"exact_zero"
8226,"exact_zero"
8227,"exact_zero"
8228,"exact_zero"
8229,"exact_zero"
8230,"exact_zero"
8231,"exact_zero"
8232,"exact_zero"
8233,"exact_zero"
8234,"exact_zero"
8235,"exact_zero"
8236,"exact_zero"
8237,"exact_zero"
8238,"exact_zero"
8239,"exact_zero"
8240,"exact_zero"
8241,"exact_zero"
8242,"exact_zero"
8243,"exact_zero"
8244,"exact_zero"
8245,"exact_zero"
8246,"exact_zero"
8247,"exact_zero"
8248,"exact_zero"
8249,"exact_zero"
8250,"exact_zero"
8251,"exact_zero"
8252,"exact_zero"
8253,"exact_zero"
8254,"exact_zero"
8255,"exact_zero"
8256,"exact_zero"
8257,"exact_zero"
8258,"exact_zero"
8259,"exact_zero"
8260,"exact_zero"
8261,"exact_zero"
8262,"exact_zero"
8263,"exact_zero"
8264,"exact_zero"
8265,"exact_zero"
8266,"exact_zero"
8267,"exact_zero"
8268,"exact_zero"
8269,"exact_zero"
8270,"exact_zero"
8271,"exact_zero"
8272,"exact_zero"
8273,"exact_zero"
8274,"exact_zero"
8275,"exact_zero"
8276,"exact_zero"
8277,"exact_zero"
8278,"exact_zero"
8279,"exact_zero"
8280,"exact_zero"
8281,"exact_zero"
8282,"exact_zero"
8283,"exact_zero"
8284,"exact_zero"
8285,"exact_zero"
8286,"exact_zero"
8287,"exact_zero"
8288,"exact_zero"
8289,"exact_zero"
8290,"exact_zero"
8291,"exact_zero"
8292,"exact_zero"
8293,"exact_zero"
8294,"exact_zero"
8295,"exact_zero"
8296,"exact_zero"
8297,"exact_zero"
8298,"exact_zero"
8299,"exact_zero"
8300,"exact_zero"
8301,"exact_zero"
8302,"exact_zero"
8303,"exact_zero"
8304,"exact_zero"
8305,"exact_zero"
8306,"exact_zero"
8307,"exact_zero"
8308,"exact_zero"
8309,"exact_zero"
8310,"exact_zero"
8311,"exact_zero"
8312,"exact_zero"
8313,"exact_zero"
8314,"exact_zero"
8315,"exact_zero"
8316,"exact_zero"
8317,"exact_zero"
8318,"exact_zero"
8319,"exact_zero"
8320,"exact_zero"
8321,"exact_zero"
8322,"exact_zero"
8323,"exact_zero"
8324,"exact_zero"
8325,"exact_zero"
8326,"exact_zero"
8327,"exact_zero"
8328,"exact_zero"
8329,"exact_zero"
8330,"exact_zero"
8331,"exact_zero"
8332,"exact_zero"
8333,"exact_zero"
8334,"exact_zero"
8335,"exact_zero"
8336,"exact_zero"
8337,"exact_zero"
8338,"exact_zero"
8339,"exact_zero"
8340,"exact_zero"
8341,"exact_zero"
8342,"exact_zero"
8343,"exact_zero"
8344,"exact_zero"
8345,"exact_zero"
8346,"exact_zero"
8347,"exact_zero"
8348,"exact_zero"
8349,"exact_zero"
8350,"exact_zero"
8351,"exact_zero"
8352,"exact_zero"
8353,"exact_zero"
8354,"exact_zero"
8355,"exact_zero"
8356,"exact_zero"
8357,"exact_zero"
8358,"exact_zero"
8359,"exact_zero"
8360,"exact_zero"
8361,"exact_zero"
8362,"exact_zero"
8363,"exact_zero"
8364,"exact_zero"
8365,"exact_zero"
8366,"exact_zero"
8367,"exact_zero"
8368,"exact_zero"
8369,"exact_zero"
8370,"exact_zero"
8371,"exact_zero"
8372,"exact_zero"
8373,"exact_zero"
8374,"exact_zero"
8375,"exact_zero"
8376,"exact_zero"
8377,"exact_zero"
8378,"exact_zero"
8379,"exact_zero"
8380,"exact_zero"
8381,"exact_zero"
8382,"exact_zero"
8383,"exact_zero"
8384,"exact_zero"
8385,"exact_zero"
8386,"exact_zero"
8387,"exact_zero"
8388,"exact_zero"
8389,"exact_zero"
8390,"exact_zero"
8391,"exact_zero"
8392,"exact_zero"
8393,"exact_zero"
8394,"exact_zero"
8395,"exact_zero"
8396,"exact_zero"
8397,"exact_zero"
8398,"exact_zero"
8399,"exact_zero"
8400,"exact_zero"
8401,"exact_zero"
8402,"exact_zero"
8403,"exact_zero"
8404,"exact_zero"
8405,"exact_zero"
8406,"exact_zero"
8407,"exact_zero"
8408,"exact_zero"
8409,"exact_zero"
8410,"exact_zero"
8411,"exact_zero"
8412,"exact_zero"
8413,"exact_zero"
8414,"exact_zero"
8415,"exact_zero"
8416,"exact_zero"
8417,"exact_zero"
8418,"exact_zero"
8419,"exact_zero"
8420,"exact_zero"
8421,"exact_zero"
8422,"exact_zero"
8423,"exact_zero"
8424,"exact_zero"
8425,"exact_zero"
8426,"exact_zero"
8427,"exact_zero"
8428,"exact_zero"
8429,"exact_zero"
8430,"exact_zero"
8431,"exact_zero"
8432,"exact_zero"
8433,"exact_zero"
8434,"exact_zero"
8435,"exact_zero"
8436,"exact_zero"
8437,"exact_zero"
8438,"exact_zero"
8439,"exact_zero"
8440,"exact_zero"
8441,"exact_zero"
8442,"exact_zero"
8443,"exact_zero"
8444,"exact_zero"
8445,"exact_zero"
8446,"exact_zero"
8447,"exact_zero"
8448,"exact_zero"
8449,"exact_zero"
8450,"exact_zero"
8451,"exact_zero"
8452,"exact_zero"
8453,"exact_zero"
8454,"exact_zero"
8455,"exact_zero"
8456,"exact_zero"
8457,"exact_zero"
8458,"exact_zero"
8459,"exact_zero"
8460,"exact_zero"
8461,"exact_zero"
8462,"exact_zero"
8463,"exact_zero"
8464,"exact_zero"
8465,"exact_zero"
8466,"exact_zero"
8467,"exact_zero"
8468,"exact_zero"
8469,"exact_zero"
8470,"exact_zero"
8471,"exact_zero"
8472,"exact_zero"
8473,"exact_zero"
8474,"exact_zero"
8475,"exact_zero"
8476,"exact_zero"
8477,"exact_zero"
8478,"exact_zero"
8479,"exact_zero"
8480,"exact_zero"
8481,"exact_zero"
8482,"exact_zero"
8483,"exact_zero"
8484,"exact_zero"
8485,"exact_zero"
8486,"exact_zero"
8487,"exact_zero"
8488,"exact_zero"
8489,"exact_zero"
8490,"exact_zero"
8491,"exact_zero"
8492,"exact_zero"
8493,"exact_zero"
8494,"exact_zero"
8495,"exact_zero"
8496,"exact_zero"
8497,"exact_zero"
8498,"exact_zero"
8499,"exact_zero"
8500,"exact_zero"
8501,"exact_zero"
8502,"exact_zero"
8503,"exact_zero"
8504,"exact_zero"
8505,"exact_zero"
8506,"exact_zero"
8507,"exact_zero"
8508,"exact_zero"
8509,"exact_zero"
8510,"exact_zero"
8511,"exact_zero"
8512,"exact_zero"
8513,"exact_zero"
8514,"exact_zero"
8515,"exact_zero"
8516,"exact_zero"
8517,"exact_zero"
8518,"exact_zero"
8519,"exact_zero"
8520,"exact_zero"
8521,"exact_zero"
8522,"exact_zero"
8523,"exact_zero"
8524,"exact_zero"
8525,"exact_zero"
8526,"exact_zero"
8527,"exact_zero"
8528,"exact_zero"
8529,"exact_zero"
8530,"exact_zero"
8531,"exact_zero"
8532,"exact_zero"
8533,"exact_zero"
8534,"exact_zero"
8535,"exact_zero"
8536,"exact_zero"
8537,"exact_zero"
8538,"exact_zero"
8539,"exact_zero"
8540,"exact_zero"
8541,"exact_zero"
8542,"exact_zero"
8543,"exact_zero"
8544,"exact_zero"
8545,"exact_zero"
8546,"exact_zero"
8547,"exact_zero"
8548,"exact_zero"
8549,"exact_zero"
8550,"exact_zero"
8551,"exact_zero"
8552,"exact_zero"
8553,"exact_zero"
8554,"exact_zero"
8555,"exact_zero"
8556,"exact_zero"
8557,"exact_zero"
8558,"exact_zero"
8559,"exact_zero"
8560,"exact_zero"
8561,"exact_zero"
8562,"exact_zero"
8563,"exact_zero"
8564,"exact_zero"
8565,"exact_zero"
8566,"exact_zero"
8567,"exact_zero"
8568,"exact_zero"
8569,"exact_zero"
8570,"exact_zero"
8571,"exact_zero"
8572,"exact_zero"
8573,"exact_zero"
8574,"exact_zero"
8575,"exact_zero"
8576,"exact_zero"
8577,"exact_zero"
8578,"exact_zero"
8579,"exact_zero"
8580,"exact_zero"
8581,"exact_zero"
8582,"exact_zero"
8583,"exact_zero"
8584,"exact_zero"
8585,"exact_zero"
8586,"exact_zero"
8587,"exact_zero"
8588,"exact_zero"
8589,"exact_zero"
8590,"exact_zero"
8591,"exact_zero"
8592,"exact_zero"
8593,"exact_zero"
8594,"exact_zero"
8595,"exact_zero"
8596,"exact_zero"
8597,"exact_zero"
8598,"exact_zero"
8599,"exact_zero"
8600,"exact_zero"
8601,"exact_zero"
8602,"exact_zero"
8603,"exact_zero"
8604,"exact_zero"
8605,"exact_zero"
8606,"exact_zero"
8607,"exact_zero"
8608,"exact_zero"
8609,"exact_zero"
8610,"exact_zero"
8611,"exact_zero"
8612,"exact_zero"
8613,"exact_zero"
8614,"exact_zero"
8615,"exact_zero"
8616,"exact_zero"
8617,"exact_zero"
8618,"exact_zero"
8619,"exact_zero"
8620,"exact_zero"
8621,"exact_zero"
8622,"exact_zero"
8623,"exact_zero"
8624,"exact_zero"
8625,"exact_zero"
8626,"exact_zero"
8627,"exact_zero"
8628,"exact_zero"
8629,"exact_zero"
8630,"exact_zero"
8631,"exact_zero"
8632,"exact_zero"
8633,"exact_zero"
8634,"exact_zero"
8635,"exact_zero"
8636,"exact_zero"
8637,"exact_zero"
8638,"exact_zero"
8639,"exact_zero"
8640,"exact_zero"
8641,"exact_zero"
8642,"exact_zero"
8643,"exact_zero"
8644,"exact_zero"
8645,"exact_zero"
8646,"exact_zero"
8647,"exact_zero"
8648,"exact_zero"
8649,"exact_zero"
8650,"exact_zero"
8651,"exact_zero"
8652,"exact_zero"
8653,"exact_zero"
8654,"exact_zero"
8655,"exact_zero"
8656,"exact_zero"
8657,"exact_zero"
8658,"exact_zero"
8659,"exact_zero"
8660,"exact_zero"
8661,"exact_zero"
8662,"exact_zero"
8663,"exact_zero"
8664,"exact_zero"
8665,"exact_zero"
8666,"exact_zero"
8667,"exact_zero"
8668,"exact_zero"
8669,"exact_zero"
8670,"exact_zero"
8671,"exact_zero"
8672,"exact_zero"
8673,"exact_zero"
8674,"exact_zero"
8675,"exact_zero"
8676,"exact_zero"
8677,"exact_zero"
8678,"exact_zero"
8679,"exact_zero"
8680,"exact_zero"
8681,"exact_zero"
8682,"exact_zero"
8683,"exact_zero"
8684,"exact_zero"
8685,"exact_zero"
8686,"exact_zero"
8687,"exact_zero"
8688,"exact_zero"
8689,"exact_zero"
8690,"exact_zero"
8691,"exact_zero"
8692,"exact_zero"
8693,"exact_zero"
8694,"exact_zero"
8695,"exact_zero"
8696,"exact_zero"
8697,"exact_zero"
8698,"exact_zero"
8699,"exact_zero"
8700,"exact_zero"
8701,"exact_zero"
8702,"exact_zero"
8703,"exact_zero"
8704,"exact_zero"
8705,"exact_zero"
8706,"exact_zero"
8707,"exact_zero"
8708,"exact_zero"
8709,"exact_zero"
8710,"exact_zero"
8711,"exact_zero"
8712,"exact_zero"
8713,"exact_zero"
8714,"exact_zero"
8715,"exact_zero"
8716,"exact_zero"
8717,"exact_zero"
8718,"exact_zero"
8719,"exact_zero"
8720,"exact_zero"
8721,"exact_zero"
8722,"exact_zero"
8723,"exact_zero"
8724,"exact_zero"
8725,"exact_zero"
8726,"exact_zero"
8727,"exact_zero"
8728,"exact_zero"
8729,"exact_zero"
8730,"exact_zero"
8731,"exact_zero"
8732,"exact_zero"
8733,"exact_zero"
8734,"exact_zero"
8735,"exact_zero"
8736,"exact_zero"
8737,"exact_zero"
8738,"exact_zero"
8739,"exact_zero"
8740,"exact_zero"
8741,"exact_zero"
8742,"exact_zero"
8743,"exact_zero"
8744,"exact_zero"
8745,"exact_zero"
8746,"exact_zero"
8747,"exact_zero"
8748,"exact_zero"
8749,"exact_zero"
8750,"exact_zero"
8751,"exact_zero"
8752,"exact_zero"
8753,"exact_zero"
8754,"exact_zero"
8755,"exact_zero"
8756,"exact_zero"
8757,"exact_zero"
8758,"exact_zero"
8759,"exact_zero"
8760,"exact_zero"
8761,"exact_zero"
8762,"exact_zero"
8763,"exact_zero"
8764,"exact_zero"
8765,"exact_zero"
8766,"exact_zero"
8767,"exact_zero"
8768,"exact_zero"
8769,"exact_zero"
8770,"exact_zero"
8771,"exact_zero"
8772,"exact_zero"
8773,"exact_zero"
8774,"exact_zero"
8775,"exact_zero"
8776,"exact_zero"
8777,"exact_zero"
8778,"exact_zero"
8779,"exact_zero"
8780,"exact_zero"
8781,"exact_zero"
8782,"exact_zero"
8783,"exact_zero"
8784,"exact_zero"
8785,"exact_zero"
8786,"exact_zero"
8787,"exact_zero"
8788,"exact_zero"
8789,"exact_zero"
8790,"exact_zero"
8791,"exact_zero"
8792,"exact_zero"
8793,"exact_zero"
8794,"exact_zero"
8795,"exact_zero"
8796,"exact_zero"
8797,"exact_zero"
8798,"exact_zero"
8799,"exact_zero"
8800,"exact_zero"
8801,"exact_zero"
8802,"exact_zero"
8803,"exact_zero"
8804,"exact_zero"
8805,"exact_zero"
8806,"exact_zero"
8807,"exact_zero"
8808,"exact_zero"
8809,"exact_zero"
8810,"exact_zero"
8811,"exact_zero"
8812,"exact_zero"
8813,"exact_zero"
8814,"exact_zero"
8815,"exact_zero"
8816,"exact_zero"
8817,"exact_zero"
8818,"exact_zero"
8819,"exact_zero"
8820,"exact_zero"
8821,"exact_zero"
8822,"exact_zero"
8823,"exact_zero"
8824,"exact_zero"
8825,"exact_zero"
8826,"exact_zero"
8827,"exact_zero"
8828,"exact_zero"
8829,"exact_zero"
8830,"exact_zero"
8831,"exact_zero"
8832,"exact_zero"
8833,"exact_zero"
8834,"exact_zero"
8835,"exact_zero"
8836,"exact_zero"
8837,"exact_zero"
8838,"exact_zero"
8839,"exact_zero"
8840,"exact_zero"
8841,"exact_zero"
8842,"exact_zero"
8843,"exact_zero"
8844,"exact_zero"
8845,"exact_zero"
8846,"exact_zero"
8847,"exact_zero"
8848,"exact_zero"
8849,"exact_zero"
8850,"exact_zero"
8851,"exact_zero"
8852,"exact_zero"
8853,"exact_zero"
8854,"exact_zero"
8855,"exact_zero"
8856,"exact_zero"
8857,"exact_zero"
8858,"exact_zero"
8859,"exact_zero"
8860,"exact_zero"
8861,"exact_zero"
8862,"exact_zero"
8863,"exact_zero"
8864,"exact_zero"
8865,"exact_zero"
8866,"exact_zero"
8867,"exact_zero"
8868,"exact_zero"
8869,"exact_zero"
8870,"exact_zero"
8871,"exact_zero"
8872,"exact_zero"
8873,"exact_zero"
8874,"exact_zero"
8875,"exact_zero"
8876,"exact_zero"
8877,"exact_zero"
8878,"exact_zero"
8879,"exact_zero"
8880,"exact_zero"
8881,"exact_zero"
8882,"exact_zero"
8883,"exact_zero"
8884,"exact_zero"
8885,"exact_zero"
8886,"exact_zero"
8887,"exact_zero"
8888,"exact_zero"
8889,"exact_zero"
8890,"exact_zero"
8891,"exact_zero"
8892,"exact_zero"
8893,"exact_zero"
8894,"exact_zero"
8895,"exact_zero"
8896,"exact_zero"
8897,"exact_zero"
8898,"exact_zero"
8899,"exact_zero"
8900,"exact_zero"
8901,"exact_zero"
8902,"exact_zero"
8903,"exact_zero"
8904,"exact_zero"
8905,"exact_zero"
8906,"exact_zero"
8907,"exact_zero"
8908,"exact_zero"
8909,"exact_zero"
8910,"exact_zero"
8911,"exact_zero"
8912,"exact_zero"
8913,"exact_zero"
8914,"exact_zero"
8915,"exact_zero"
8916,"exact_zero"
8917,"exact_zero"
8918,"exact_zero"
8919,"exact_zero"
8920,"exact_zero"
8921,"exact_zero"
8922,"exact_zero"
8923,"exact_zero"
8924,"exact_zero"
8925,"exact_zero"
8926,"exact_zero"
8927,"exact_zero"
8928,"exact_zero"
8929,"exact_zero"
8930,"exact_zero"
8931,"exact_zero"
8932,"exact_zero"
8933,"exact_zero"
8934,"exact_zero"
8935,"exact_zero"
8936,"exact_zero"
8937,"exact_zero"
8938,"exact_zero"
8939,"exact_zero"
8940,"exact_zero"
8941,"exact_zero"
8942,"exact_zero"
8943,"exact_zero"
8944,"exact_zero"
8945,"exact_zero"
8946,"exact_zero"
8947,"exact_zero"
8948,"exact_zero"
8949,"exact_zero"
8950,"exact_zero"
8951,"exact_zero"
8952,"exact_zero"
8953,"exact_zero"
8954,"exact_zero"
8955,"exact_zero"
8956,"exact_zero"
8957,"exact_zero"
8958,"exact_zero"
8959,"exact_zero"
8960,"exact_zero"
8961,"exact_zero"
8962,"exact_zero"
8963,"exact_zero"
8964,"exact_zero"
8965,"exact_zero"
8966,"exact_zero"
8967,"exact_zero"
8968,"exact_zero"
8969,"exact_zero"
8970,"exact_zero"
8971,"exact_zero"
8972,"exact_zero"
8973,"exact_zero"
8974,"exact_zero"
8975,"exact_zero"
8976,"exact_zero"
8977,"exact_zero"
8978,"exact_zero"
8979,"exact_zero"
8980,"exact_zero"
8981,"exact_zero"
8982,"exact_zero"
8983,"exact_zero"
8984,"exact_zero"
8985,"exact_zero"
8986,"exact_zero"
8987,"exact_zero"
8988,"exact_zero"
8989,"exact_zero"
8990,"exact_zero"
8991,"exact_zero"
8992,"exact_zero"
8993,"exact_zero"
8994,"exact_zero"
8995,"exact_zero"
8996,"exact_zero"
8997,"exact_zero"
8998,"exact_zero"
8999,"exact_zero"
9000,"exact_zero"
9001,"exact_zero"
9002,"exact_zero"
9003,"exact_zero"
9004,"exact_zero"
9005,"exact_zero"
9006,"exact_zero"
9007,"exact_zero"
9008,"exact_zero"
9009,"exact_zero"
9010,"exact_zero"
9011,"exact_zero"
9012,"exact_zero"
9013,"exact_zero"
9014,"exact_zero"
9015,"exact_zero"
9016,"exact_zero"
9017,"exact_zero"
9018,"exact_zero"
9019,"exact_zero"
9020,"exact_zero"
9021,"exact_zero"
9022,"exact_zero"
9023,"exact_zero"
9024,"exact_zero"
9025,"exact_zero"
9026,"exact_zero"
9027,"exact_zero"
9028,"exact_zero"
9029,"exact_zero"
9030,"exact_zero"
9031,"exact_zero"
9032,"exact_zero"
9033,"exact_zero"
9034,"exact_zero"
9035,"exact_zero"
9036,"exact_zero"
9037,"exact_zero"
9038,"exact_zero"
9039,"exact_zero"
9040,"exact_zero"
9041,"exact_zero"
9042,"exact_zero"
9043,"exact_zero"
9044,"exact_zero"
9045,"exact_zero"
9046,"exact_zero"
9047,"exact_zero"
9048,"exact_zero"
9049,"exact_zero"
9050,"exact_zero"
9051,"exact_zero"
9052,"exact_zero"
9053,"exact_zero"
9054,"exact_zero"
9055,"exact_zero"
9056,"exact_zero"
9057,"exact_zero"
9058,"exact_zero"
9059,"exact_zero"
9060,"exact_zero"
9061,"exact_zero"
9062,"exact_zero"
9063,"exact_zero"
9064,"exact_zero"
9065,"exact_zero"
9066,"exact_zero"
9067,"exact_zero"
9068,"exact_zero"
9069,"exact_zero"
9070,"exact_zero"
9071,"exact_zero"
9072,"exact_zero"
9073,"exact_zero"
9074,"exact_zero"
9075,"exact_zero"
9076,"exact_zero"
9077,"exact_zero"
9078,"exact_zero"
9079,"exact_zero"
9080,"exact_zero"
9081,"exact_zero"
9082,"exact_zero"
9083,"exact_zero"
9084,"exact_zero"
9085,"exact_zero"
9086,"exact_zero"
9087,"exact_zero"
9088,"exact_zero"
9089,"exact_zero"
9090,"exact_zero"
9091,"exact_zero"
9092,"exact_zero"
9093,"exact_zero"
9094,"exact_zero"
9095,"exact_zero"
9096,"exact_zero"
9097,"exact_zero"
9098,"exact_zero"
9099,"exact_zero"
9100,"exact_zero"
9101,"exact_zero"
9102,"exact_zero"
9103,"exact_zero"
9104,"exact_zero"
9105,"exact_zero"
9106,"exact_zero"
9107,"exact_zero"
9108,"exact_zero"
9109,"exact_zero"
9110,"exact_zero"
9111,"exact_zero"
9112,"exact_zero"
9113,"exact_zero"
9114,"exact_zero"
9115,"exact_zero"
9116,"exact_zero"
9117,"exact_zero"
9118,"exact_zero"
9119,"exact_zero"
9120,"exact_zero"
9121,"exact_zero"
9122,"exact_zero"
9123,"exact_zero"
9124,"exact_zero"
9125,"exact_zero"
9126,"exact_zero"
9127,"exact_zero"
9128,"exact_zero"
9129,"exact_zero"
9130,"exact_zero"
9131,"exact_zero"
9132,"exact_zero"
9133,"exact_zero"
9134,"exact_zero"
9135,"exact_zero"
9136,"exact_zero"
9137,"exact_zero"
9138,"exact_zero"
9139,"exact_zero"
9140,"exact_zero"
9141,"exact_zero"
9142,"exact_zero"
9143,"exact_zero"
9144,"exact_zero"
9145,"exact_zero"
9146,"exact_zero"
9147,"exact_zero"
9148,"exact_zero"
9149,"exact_zero"
9150,"exact_zero"
9151,"exact_zero"
9152,"exact_zero"
9153,"exact_zero"
9154,"exact_zero"
9155,"exact_zero"
9156,"exact_zero"
9157,"exact_zero"
9158,"exact_zero"
9159,"exact_zero"
9160,"exact_zero"
9161,"exact_zero"
9162,"exact_zero"
9163,"exact_zero"
9164,"exact_zero"
9165,"exact_zero"
9166,"exact_zero"
9167,"exact_zero"
9168,"exact_zero"
9169,"exact_zero"
9170,"exact_zero"
9171,"exact_zero"
9172,"exact_zero"
9173,"exact_zero"
9174,"exact_zero"
9175,"exact_zero"
9176,"exact_zero"
9177,"exact_zero"
9178,"exact_zero"
9179,"exact_zero"
9180,"exact_zero"
9181,"exact_zero"
9182,"exact_zero"
9183,"exact_zero"
9184,"exact_zero"
9185,"exact_zero"
9186,"exact_zero"
9187,"exact_zero"
9188,"exact_zero"
9189,"exact_zero"
9190,"exact_zero"
9191,"exact_zero"
9192,"exact_zero"
9193,"exact_zero"
9194,"exact_zero"
9195,"exact_zero"
9196,"exact_zero"
9197,"exact_zero"
9198,"exact_zero"
9199,"exact_zero"
9200,"exact_zero"
9201,"exact_zero"
9202,"exact_zero"
9203,"exact_zero"
9204,"exact_zero"
9205,"exact_zero"
9206,"exact_zero"
9207,"exact_zero"
9208,"exact_zero"
9209,"exact_zero"
9210,"exact_zero"
9211,"exact_zero"
9212,"exact_zero"
9213,"exact_zero"
9214,"exact_zero"
9215,"exact_zero"
9216,"exact_zero"
9217,"exact_zero"
9218,"exact_zero"
9219,"exact_zero"
9220,"exact_zero"
9221,"exact_zero"
9222,"exact_zero"
9223,"exact_zero"
9224,"exact_zero"
9225,"exact_zero"
9226,"exact_zero"
9227,"exact_zero"
9228,"exact_zero"
9229,"exact_zero"
9230,"exact_zero"
9231,"exact_zero"
9232,"exact_zero"
9233,"exact_zero"
9234,"exact_zero"
9235,"exact_zero"
9236,"exact_zero"
9237,"exact_zero"
9238,"exact_zero"
9239,"exact_zero"
9240,"exact_zero"
9241,"exact_zero"
9242,"exact_zero"
9243,"exact_zero"
9244,"exact_zero"
9245,"exact_zero"
9246,"exact_zero"
9247,"exact_zero"
9248,"exact_zero"
9249,"exact_zero"
9250,"exact_zero"
9251,"exact_zero"
9252,"exact_zero"
9253,"exact_zero"
9254,"exact_zero"
9255,"exact_zero"
9256,"exact_zero"
9257,"exact_zero"
9258,"exact_zero"
9259,"exact_zero"
9260,"exact_zero"
9261,"exact_zero"
9262,"exact_zero"
9263,"exact_zero"
9264,"exact_zero"
9265,"exact_zero"
9266,"exact_zero"
9267,"exact_zero"
9268,"exact_zero"
9269,"exact_zero"
9270,"exact_zero"
9271,"exact_zero"
9272,"exact_zero"
9273,"exact_zero"
9274,"exact_zero"
9275,"exact_zero"
9276,"exact_zero"
9277,"exact_zero"
9278,"exact_zero"
9279,"exact_zero"
9280,"exact_zero"
9281,"exact_zero"
9282,"exact_zero"
9283,"exact_zero"
9284,"exact_zero"
9285,"exact_zero"
9286,"exact_zero"
9287,"exact_zero"
9288,"exact_zero"
9289,"exact_zero"
9290,"exact_zero"
9291,"exact_zero"
9292,"exact_zero"
9293,"exact_zero"
9294,"exact_zero"
9295,"exact_zero"
9296,"exact_zero"
9297,"exact_zero"
9298,"exact_zero"
9299,"exact_zero"
9300,"exact_zero"
9301,"exact_zero"
9302,"exact_zero"
9303,"exact_zero"
9304,"exact_zero"
9305,"exact_zero"
9306,"exact_zero"
9307,"exact_zero"
9308,"exact_zero"
9309,"exact_zero"
9310,"exact_zero"
9311,"exact_zero"
9312,"exact_zero"
9313,"exact_zero"
9314,"exact_zero"
9315,"exact_zero"
9316,"exact_zero"
9317,"exact_zero"
9318,"exact_zero"
9319,"exact_zero"
9320,"exact_zero"
9321,"exact_zero"
9322,"exact_zero"
9323,"exact_zero"
9324,"exact_zero"
9325,"exact_zero"
9326,"exact_zero"
9327,"exact_zero"
9328,"exact_zero"
9329,"exact_zero"
9330,"exact_zero"
9331,"exact_zero"
9332,"exact_zero"
9333,"exact_zero"
9334,"exact_zero"
9335,"exact_zero"
9336,"exact_zero"
9337,"exact_zero"
9338,"exact_zero"
9339,"exact_zero"
9340,"exact_zero"
9341,"exact_zero"
9342,"exact_zero"
9343,"exact_zero"
9344,"exact_zero"
9345,"exact_zero"
9346,"exact_zero"
9347,"exact_zero"
9348,"exact_zero"
9349,"exact_zero"
9350,"exact_zero"
9351,"exact_zero"
9352,"exact_zero"
9353,"exact_zero"
9354,"exact_zero"
9355,"exact_zero"
9356,"exact_zero"
9357,"exact_zero"
9358,"exact_zero"
9359,"exact_zero"
9360,"exact_zero"
9361,"exact_zero"
9362,"exact_zero"
9363,"exact_zero"
9364,"exact_zero"
9365,"exact_zero"
9366,"exact_zero"
9367,"exact_zero"
9368,"exact_zero"
9369,"exact_zero"
9370,"exact_zero"
9371,"exact_zero"
9372,"exact_zero"
9373,"exact_zero"
9374,"exact_zero"
9375,"exact_zero"
9376,"exact_zero"
9377,"exact_zero"
9378,"exact_zero"
9379,"exact_zero"
9380,"exact_zero"
9381,"exact_zero"
9382,"exact_zero"
9383,"exact_zero"
9384,"exact_zero"
9385,"exact_zero"
9386,"exact_zero"
9387,"exact_zero"
9388,"exact_zero"
9389,"exact_zero"
9390,"exact_zero"
9391,"exact_zero"
9392,"exact_zero"
9393,"exact_zero"
9394,"exact_zero"
9395,"exact_zero"
9396,"exact_zero"
9397,"exact_zero"
9398,"exact_zero"
9399,"exact_zero"
9400,"exact_zero"
9401,"exact_zero"
9402,"exact_zero"
9403,"exact_zero"
9404,"exact_zero"
9405,"exact_zero"
9406,"exact_zero"
9407,"exact_zero"
9408,"exact_zero"
9409,"exact_zero"
9410,"exact_zero"
9411,"exact_zero"
9412,"exact_zero"
9413,"exact_zero"
9414,"exact_zero"
9415,"exact_zero"
9416,"exact_zero"
9417,"exact_zero"
9418,"exact_zero"
9419,"exact_zero"
9420,"exact_zero"
9421,"exact_zero"
9422,"exact_zero"
9423,"exact_zero"
9424,"exact_zero"
9425,"exact_zero"
9426,"exact_zero"
9427,"exact_zero"
9428,"exact_zero"
9429,"exact_zero"
9430,"exact_zero"
9431,"exact_zero"
9432,"exact_zero"
9433,"exact_zero"
9434,"exact_zero"
9435,"exact_zero"
9436,"exact_zero"
9437,"exact_zero"
9438,"exact_zero"
9439,"exact_zero"
9440,"exact_zero"
9441,"exact_zero"
9442,"exact_zero"
9443,"exact_zero"
9444,"exact_zero"
9445,"exact_zero"
9446,"exact_zero"
9447,"exact_zero"
9448,"exact_zero"
9449,"exact_zero"
9450,"exact_zero"
9451,"exact_zero"
9452,"exact_zero"
9453,"exact_zero"
9454,"exact_zero"
9455,"exact_zero"
9456,"exact_zero"
9457,"exact_zero"
9458,"exact_zero"
9459,"exact_zero"
9460,"exact_zero"
9461,"exact_zero"
9462,"exact_zero"
9463,"exact_zero"
9464,"exact_zero"
9465,"exact_zero"
9466,"exact_zero"
9467,"exact_zero"
9468,"exact_zero"
9469,"exact_zero"
9470,"exact_zero"
9471,"exact_zero"
9472,"exact_zero"
9473,"exact_zero"
9474,"exact_zero"
9475,"exact_zero"
9476,"exact_zero"
9477,"exact_zero"
9478,"exact_zero"
9479,"exact_zero"
9480,"exact_zero"
9481,"exact_zero"
9482,"exact_zero"
9483,"exact_zero"
9484,"exact_zero"
9485,"exact_zero"
9486,"exact_zero"
9487,"exact_zero"
9488,"exact_zero"
9489,"exact_zero"
9490,"exact_zero"
9491,"exact_zero"
9492,"exact_zero"
9493,"exact_zero"
9494,"exact_zero"
9495,"exact_zero"
9496,"exact_zero"
9497,"exact_zero"
9498,"exact_zero"
9499,"exact_zero"
9500,"exact_zero"
9501,"exact_zero"
9502,"exact_zero"
9503,"exact_zero"
9504,"exact_zero"
9505,"exact_zero"
9506,"exact_zero"
9507,"exact_zero"
9508,"exact_zero"
9509,"exact_zero"
9510,"exact_zero"
9511,"exact_zero"
9512,"exact_zero"
9513,"exact_zero"
9514,"exact_zero"
9515,"exact_zero"
9516,"exact_zero"
9517,"exact_zero"
9518,"exact_zero"
9519,"exact_zero"
9520,"exact_zero"
9521,"exact_zero"
9522,"exact_zero"
9523,"exact_zero"
9524,"exact_zero"
9525,"exact_zero"
9526,"exact_zero"
9527,"exact_zero"
9528,"exact_zero"
9529,"exact_zero"
9530,"exact_zero"
9531,"exact_zero"
9532,"exact_zero"
9533,"exact_zero"
9534,"exact_zero"
9535,"exact_zero"
9536,"exact_zero"
9537,"exact_zero"
9538,"exact_zero"
9539,"exact_zero"
9540,"exact_zero"
9541,"exact_zero"
9542,"exact_zero"
9543,"exact_zero"
9544,"exact_zero"
9545,"exact_zero"
9546,"exact_zero"
9547,"exact_zero"
9548,"exact_zero"
9549,"exact_zero"
9550,"exact_zero"
9551,"exact_zero"
9552,"exact_zero"
9553,"exact_zero"
9554,"exact_zero"
9555,"exact_zero"
9556,"exact_zero"
9557,"exact_zero"
9558,"exact_zero"
9559,"exact_zero"
9560,"exact_zero"
9561,"exact_zero"
9562,"exact_zero"
9563,"exact_zero"
9564,"exact_zero"
9565,"exact_zero"
9566,"exact_zero"
9567,"exact_zero"
9568,"exact_zero"
9569,"exact_zero"
9570,"exact_zero"
9571,"exact_zero"
9572,"exact_zero"
9573,"exact_zero"
9574,"exact_zero"
9575,"exact_zero"
9576,"exact_zero"
9577,"exact_zero"
9578,"exact_zero"
9579,"exact_zero"
9580,"exact_zero"
9581,"exact_zero"
9582,"exact_zero"
9583,"exact_zero"
9584,"exact_zero"
9585,"exact_zero"
9586,"exact_zero"
9587,"exact_zero"
9588,"exact_zero"
9589,"exact_zero"
9590,"exact_zero"
9591,"exact_zero"
9592,"exact_zero"
9593,"exact_zero"
9594,"exact_zero"
9595,"exact_zero"
9596,"exact_zero"
9597,"exact_zero"
9598,"exact_zero"
9599,"exact_zero"
9600,"exact_zero"
9601,"exact_zero"
9602,"exact_zero"
9603,"exact_zero"
9604,"exact_zero"
9605,"exact_zero"
9606,"exact_zero"
9607,"exact_zero"
9608,"exact_zero"
9609,"exact_zero"
9610,"exact_zero"
9611,"exact_zero"
9612,"exact_zero"
9613,"exact_zero"
9614,"exact_zero"
9615,"exact_zero"
9616,"exact_zero"
9617,"exact_zero"
9618,"exact_zero"
9619,"exact_zero"
9620,"exact_zero"
9621,"exact_zero"
9622,"exact_zero"
9623,"exact_zero"
9624,"exact_zero"
9625,"exact_zero"
9626,"exact_zero"
9627,"exact_zero"
9628,"exact_zero"
9629,"exact_zero"
9630,"exact_zero"
9631,"exact_zero"
9632,"exact_zero"
9633,"exact_zero"
9634,"exact_zero"
9635,"exact_zero"
9636,"exact_zero"
9637,"exact_zero"
9638,"exact_zero"
9639,"exact_zero"
9640,"exact_zero"
9641,"exact_zero"
9642,"exact_zero"
9643,"exact_zero"
9644,"exact_zero"
9645,"exact_zero"
9646,"exact_zero"
9647,"exact_zero"
9648,"exact_zero"
9649,"exact_zero"
9650,"exact_zero"
9651,"exact_zero"
9652,"exact_zero"
9653,"exact_zero"
9654,"exact_zero"
9655,"exact_zero"
9656,"exact_zero"
9657,"exact_zero"
9658,"exact_zero"
9659,"exact_zero"
9660,"exact_zero"
9661,"exact_zero"
9662,"exact_zero"
9663,"exact_zero"
9664,"exact_zero"
9665,"exact_zero"
9666,"exact_zero"
9667,"exact_zero"
9668,"exact_zero"
9669,"exact_zero"
9670,"exact_zero"
9671,"exact_zero"
9672,"exact_zero"
9673,"exact_zero"
9674,"exact_zero"
9675,"exact_zero"
9676,"exact_zero"
9677,"exact_zero"
9678,"exact_zero"
9679,"exact_zero"
9680,"exact_zero"
9681,"exact_zero"
9682,"exact_zero"
9683,"exact_zero"
9684,"exact_zero"
9685,"exact_zero"
9686,"exact_zero"
9687,"exact_zero"
9688,"exact_zero"
9689,"exact_zero"
9690,"exact_zero"
9691,"exact_zero"
9692,"exact_zero"
9693,"exact_zero"
9694,"exact_zero"
9695,"exact_zero"
9696,"exact_zero"
9697,"exact_zero"
9698,"exact_zero"
9699,"exact_zero"
9700,"exact_zero"
9701,"exact_zero"
9702,"exact_zero"
9703,"exact_zero"
9704,"exact_zero"
9705,"exact_zero"
9706,"exact_zero"
9707,"exact_zero"
9708,"exact_zero"
9709,"exact_zero"
9710,"exact_zero"
9711,"exact_zero"
9712,"exact_zero"
9713,"exact_zero"
9714,"exact_zero"
9715,"exact_zero"
9716,"exact_zero"
9717,"exact_zero"
9718,"exact_zero"
9719,"exact_zero"
9720,"exact_zero"
9721,"exact_zero"
9722,"exact_zero"
9723,"exact_zero"
9724,"exact_zero"
9725,"exact_zero"
9726,"exact_zero"
9727,"exact_zero"
9728,"exact_zero"
9729,"exact_zero"
9730,"exact_zero"
9731,"exact_zero"
9732,"exact_zero"
9733,"exact_zero"
9734,"exact_zero"
9735,"exact_zero"
9736,"exact_zero"
9737,"exact_zero"
9738,"exact_zero"
9739,"exact_zero"
9740,"exact_zero"
9741,"exact_zero"
9742,"exact_zero"
9743,"exact_zero"
9744,"exact_zero"
9745,"exact_zero"
9746,"exact_zero"
9747,"exact_zero"
9748,"exact_zero"
9749,"exact_zero"
9750,"exact_zero"
9751,"exact_zero"
9752,"exact_zero"
9753,"exact_zero"
9754,"exact_zero"
9755,"exact_zero"
9756,"exact_zero"
9757,"exact_zero"
9758,"exact_zero"
9759,"exact_zero"
9760,"exact_zero"
9761,"exact_zero"
9762,"exact_zero"
9763,"exact_zero"
9764,"exact_zero"
9765,"exact_zero"
9766,"exact_zero"
9767,"exact_zero"
9768,"exact_zero"
9769,"exact_zero"
9770,"exact_zero"
9771,"exact_zero"
9772,"exact_zero"
9773,"exact_zero"
9774,"exact_zero"
9775,"exact_zero"
9776,"exact_zero"
9777,"exact_zero"
9778,"exact_zero"
9779,"exact_zero"
9780,"exact_zero"
9781,"exact_zero"
9782,"exact_zero"
9783,"exact_zero"
9784,"exact_zero"
9785,"exact_zero"
9786,"exact_zero"
9787,"exact_zero"
9788,"exact_zero"
9789,"exact_zero"
9790,"exact_zero"
9791,"exact_zero"
9792,"exact_zero"
9793,"exact_zero"
9794,"exact_zero"
9795,"exact_zero"
9796,"exact_zero"
9797,"exact_zero"
9798,"exact_zero"
9799,"exact_zero"
9800,"exact_zero"
9801,"exact_zero"
9802,"exact_zero"
9803,"exact_zero"
9804,"exact_zero"
9805,"exact_zero"
9806,"exact_zero"
9807,"exact_zero"
9808,"exact_zero"
9809,"exact_zero"
9810,"exact_zero"
9811,"exact_zero"
9812,"exact_zero"
9813,"exact_zero"
9814,"exact_zero"
9815,"exact_zero"
9816,"exact_zero"
9817,"exact_zero"
9818,"exact_zero"
9819,"exact_zero"
9820,"exact_zero"
9821,"exact_zero"
9822,"exact_zero"
9823,"exact_zero"
9824,"exact_zero"
9825,"exact_zero"
9826,"exact_zero"
9827,"exact_zero"
9828,"exact_zero"
9829,"exact_zero"
9830,"exact_zero"
9831,"exact_zero"
9832,"exact_zero"
9833,"exact_zero"
9834,"exact_zero"
9835,"exact_zero"
9836,"exact_zero"
9837,"exact_zero"
9838,"exact_zero"
9839,"exact_zero"
9840,"exact_zero"
9841,"exact_zero"
9842,"exact_zero"
9843,"exact_zero"
9844,"exact_zero"
9845,"exact_zero"
9846,"exact_zero"
9847,"exact_zero"
9848,"exact_zero"
9849,"exact_zero"
9850,"exact_zero"
9851,"exact_zero"
9852,"exact_zero"
9853,"exact_zero"
9854,"exact_zero"
9855,"exact_zero"
9856,"exact_zero"
9857,"exact_zero"
9858,"exact_zero"
9859,"exact_zero"
9860,"exact_zero"
9861,"exact_zero"
9862,"exact_zero"
9863,"exact_zero"
9864,"exact_zero"
9865,"exact_zero"
9866,"exact_zero"
9867,"exact_zero"
9868,"exact_zero"
9869,"exact_zero"
9870,"exact_zero"
9871,"exact_zero"
9872,"exact_zero"
9873,"exact_zero"
9874,"exact_zero"
9875,"exact_zero"
9876,"exact_zero"
9877,"exact_zero"
9878,"exact_zero"
9879,"exact_zero"
9880,"exact_zero"
9881,"exact_zero"
9882,"exact_zero"
9883,"exact_zero"
9884,"exact_zero"
9885,"exact_zero"
9886,"exact_zero"
9887,"exact_zero"
9888,"exact_zero"
9889,"exact_zero"
9890,"exact_zero"
9891,"exact_zero"
9892,"exact_zero"
9893,"exact_zero"
9894,"exact_zero"
9895,"exact_zero"
9896,"exact_zero"
9897,"exact_zero"
9898,"exact_zero"
9899,"exact_zero"
9900,"exact_zero"
9901,"exact_zero"
9902,"exact_zero"
9903,"exact_zero"
9904,"exact_zero"
9905,"exact_zero"
9906,"exact_zero"
9907,"exact_zero"
9908,"exact_zero"
9909,"exact_zero"
9910,"exact_zero"
9911,"exact_zero"
9912,"exact_zero"
9913,"exact_zero"
9914,"exact_zero"
9915,"exact_zero"
9916,"exact_zero"
9917,"exact_zero"
9918,"exact_zero"
9919,"exact_zero"
9920,"exact_zero"
9921,"exact_zero"
9922,"exact_zero"
9923,"exact_zero"
9924,"exact_zero"
9925,"exact_zero"
9926,"exact_zero"
9927,"exact_zero"
9928,"exact_zero"
9929,"exact_zero"
9930,"exact_zero"
9931,"exact_zero"
9932,"exact_zero"
9933,"exact_zero"
9934,"exact_zero"
9935,"exact_zero"
9936,"exact_zero"
9937,"exact_zero"
9938,"exact_zero"
9939,"exact_zero"
9940,"exact_zero"
9941,"exact_zero"
9942,"exact_zero"
9943,"exact_zero"
9944,"exact_zero"
9945,"exact_zero"
9946,"exact_zero"
9947,"exact_zero"
9948,"exact_zero"
9949,"exact_zero"
9950,"exact_zero"
9951,"exact_zero"
9952,"exact_zero"
9953,"exact_zero"
9954,"exact_zero"
9955,"exact_zero"
9956,"exact_zero"
9957,"exact_zero"
9958,"exact_zero"
9959,"exact_zero"
9960,"exact_zero"
9961,"exact_zero"
9962,"exact_zero"
9963,"exact_zero"
9964,"exact_zero"
9965,"exact_zero"
9966,"exact_zero"
9967,"exact_zero"
9968,"exact_zero"
9969,"exact_zero"
9970,"exact_zero"
9971,"exact_zero"
9972,"exact_zero"
9973,"exact_zero"
9974,"exact_zero"
9975,"exact_zero"
9976,"exact_zero"
9977,"exact_zero"
9978,"exact_zero"
9979,"exact_zero"
9980,"exact_zero"
9981,"exact_zero"
9982,"exact_zero"
9983,"exact_zero"
9984,"exact_zero"
9985,"exact_zero"
9986,"exact_zero"
9987,"exact_zero"
9988,"exact_zero"
9989,"exact_zero"
9990,"exact_zero"
9991,"exact_zero"
9992,"exact_zero"
9993,"exact_zero"
9994,"exact_zero"
9995,"exact_zero"
9996,"exact_zero"
9997,"exact_zero"
9998,"exact_zero"
9999,"exact_zero"
10000,"exact_zero"
10001,"exact_zero"
10002,"exact_zero"
10003,"exact_zero"
10004,"exact_zero"
10005,"exact_zero"
10006,"exact_zero"
10007,"exact_zero"
10008,"exact_zero"
10009,"exact_zero"
10010,"exact_zero"
10011,"exact_zero"
10012,"exact_zero"
10013,"exact_zero"
10014,"exact_zero"
10015,"exact_zero"
10016,"exact_zero"
10017,"exact_zero"
10018,"exact_zero"
10019,"exact_zero"
10020,"exact_zero"
10021,"exact_zero"
10022,"exact_zero"
10023,"exact_zero"
10024,"exact_zero"
10025,"exact_zero"
10026,"exact_zero"
10027,"exact_zero"
10028,"exact_zero"
10029,"exact_zero"
10030,"exact_zero"
10031,"exact_zero"
10032,"exact_zero"
10033,"exact_zero"
10034,"exact_zero"
10035,"exact_zero"
10036,"exact_zero"
10037,"exact_zero"
10038,"exact_zero"
10039,"exact_zero"
10040,"exact_zero"
10041,"exact_zero"
10042,"exact_zero"
10043,"exact_zero"
10044,"exact_zero"
10045,"exact_zero"
10046,"exact_zero"
10047,"exact_zero"
10048,"exact_zero"
10049,"exact_zero"
10050,"exact_zero"
10051,"exact_zero"
10052,"exact_zero"
10053,"exact_zero"
10054,"exact_zero"
10055,"exact_zero"
10056,"exact_zero"
10057,"exact_zero"
10058,"exact_zero"
10059,"exact_zero"
10060,"exact_zero"
10061,"exact_zero"
10062,"exact_zero"
10063,"exact_zero"
10064,"exact_zero"
10065,"exact_zero"
10066,"exact_zero"
10067,"exact_zero"
10068,"exact_zero"
10069,"exact_zero"
10070,"exact_zero"
10071,"exact_zero"
10072,"exact_zero"
10073,"exact_zero"
10074,"exact_zero"
10075,"exact_zero"
10076,"exact_zero"
10077,"exact_zero"
10078,"exact_zero"
10079,"exact_zero"
10080,"exact_zero"
10081,"exact_zero"
10082,"exact_zero"
10083,"exact_zero"
10084,"exact_zero"
10085,"exact_zero"
10086,"exact_zero"
10087,"exact_zero"
10088,"exact_zero"
10089,"exact_zero"
10090,"exact_zero"
10091,"exact_zero"
10092,"exact_zero"
10093,"exact_zero"
10094,"exact_zero"
10095,"exact_zero"
10096,"exact_zero"
10097,"exact_zero"
10098,"exact_zero"
10099,"exact_zero"
10100,"exact_zero"
10101,"exact_zero"
10102,"exact_zero"
10103,"exact_zero"
10104,"exact_zero"
10105,"exact_zero"
10106,"exact_zero"
10107,"exact_zero"
10108,"exact_zero"
10109,"exact_zero"
10110,"exact_zero"
10111,"exact_zero"
10112,"exact_zero"
10113,"exact_zero"
10114,"exact_zero"
10115,"exact_zero"
10116,"exact_zero"
10117,"exact_zero"
10118,"exact_zero"
10119,"exact_zero"
10120,"exact_zero"
10121,"exact_zero"
10122,"exact_zero"
10123,"exact_zero"
10124,"exact_zero"
10125,"exact_zero"
10126,"exact_zero"
10127,"exact_zero"
10128,"exact_zero"
10129,"exact_zero"
10130,"exact_zero"
10131,"exact_zero"
10132,"exact_zero"
10133,"exact_zero"
10134,"exact_zero"
10135,"exact_zero"
10136,"exact_zero"
10137,"exact_zero"
10138,"exact_zero"
10139,"exact_zero"
10140,"exact_zero"
10141,"exact_zero"
10142,"exact_zero"
10143,"exact_zero"
10144,"exact_zero"
10145,"exact_zero"
10146,"exact_zero"
10147,"exact_zero"
10148,"exact_zero"
10149,"exact_zero"
10150,"exact_zero"
10151,"exact_zero"
10152,"exact_zero"
10153,"exact_zero"
10154,"exact_zero"
10155,"exact_zero"
10156,"exact_zero"
10157,"exact_zero"
10158,"exact_zero"
10159,"exact_zero"
10160,"exact_zero"
10161,"exact_zero"
10162,"exact_zero"
10163,"exact_zero"
10164,"exact_zero"
10165,"exact_zero"
10166,"exact_zero"
10167,"exact_zero"
10168,"exact_zero"
10169,"exact_zero"
10170,"exact_zero"
10171,"exact_zero"
10172,"exact_zero"
10173,"exact_zero"
10174,"exact_zero"
10175,"exact_zero"
10176,"exact_zero"
10177,"exact_zero"
10178,"exact_zero"
10179,"exact_zero"
10180,"exact_zero"
10181,"exact_zero"
10182,"exact_zero"
10183,"exact_zero"
10184,"exact_zero"
10185,"exact_zero"
10186,"exact_zero"
10187,"exact_zero"
10188,"exact_zero"
10189,"exact_zero"
10190,"exact_zero"
10191,"exact_zero"
10192,"exact_zero"
10193,"exact_zero"
10194,"exact_zero"
10195,"exact_zero"
10196,"exact_zero"
10197,"exact_zero"
10198,"exact_zero"
10199,"exact_zero"
10200,"exact_zero"
10201,"exact_zero"
10202,"exact_zero"
10203,"exact_zero"
10204,"exact_zero"
10205,"exact_zero"
10206,"exact_zero"
10207,"exact_zero"
10208,"exact_zero"
10209,"exact_zero"
10210,"exact_zero"
10211,"exact_zero"
10212,"exact_zero"
10213,"exact_zero"
10214,"exact_zero"
10215,"exact_zero"
10216,"exact_zero"
10217,"exact_zero"
10218,"exact_zero"
10219,"exact_zero"
10220,"exact_zero"
10221,"exact_zero"
10222,"exact_zero"
10223,"exact_zero"
10224,"exact_zero"
10225,"exact_zero"
10226,"exact_zero"
10227,"exact_zero"
10228,"exact_zero"
10229,"exact_zero"
10230,"exact_zero"
10231,"exact_zero"
10232,"exact_zero"
10233,"exact_zero"
10234,"exact_zero"
10235,"exact_zero"
10236,"exact_zero"
10237,"exact_zero"
10238,"exact_zero"
10239,"exact_zero"
10240,"exact_zero"
10241,"exact_zero"
10242,"exact_zero"
10243,"exact_zero"
10244,"exact_zero"
10245,"exact_zero"
10246,"exact_zero"
10247,"exact_zero"
10248,"exact_zero"
10249,"exact_zero"
10250,"exact_zero"
10251,"exact_zero"
10252,"exact_zero"
10253,"exact_zero"
10254,"exact_zero"
10255,"exact_zero"
10256,"exact_zero"
10257,"exact_zero"
10258,"exact_zero"
10259,"exact_zero"
10260,"exact_zero"
10261,"exact_zero"
10262,"exact_zero"
10263,"exact_zero"
10264,"exact_zero"
10265,"exact_zero"
10266,"exact_zero"
10267,"exact_zero"
10268,"exact_zero"
10269,"exact_zero"
10270,"exact_zero"
10271,"exact_zero"
10272,"exact_zero"
10273,"exact_zero"
10274,"exact_zero"
10275,"exact_zero"
10276,"exact_zero"
10277,"exact_zero"
10278,"exact_zero"
10279,"exact_zero"
10280,"exact_zero"
10281,"exact_zero"
10282,"exact_zero"
10283,"exact_zero"
10284,"exact_zero"
10285,"exact_zero"
10286,"exact_zero"
10287,"exact_zero"
10288,"exact_zero"
10289,"exact_zero"
10290,"exact_zero"
10291,"exact_zero"
10292,"exact_zero"
10293,"exact_zero"
10294,"exact_zero"
10295,"exact_zero"
10296,"exact_zero"
10297,"exact_zero"
10298,"exact_zero"
10299,"exact_zero"
10300,"exact_zero"
10301,"exact_zero"
10302,"exact_zero"
10303,"exact_zero"
10304,"exact_zero"
10305,"exact_zero"
10306,"exact_zero"
10307,"exact_zero"
10308,"exact_zero"
10309,"exact_zero"
10310,"exact_zero"
10311,"exact_zero"
10312,"exact_zero"
10313,"exact_zero"
10314,"exact_zero"
10315,"exact_zero"
10316,"exact_zero"
10317,"exact_zero"
10318,"exact_zero"
10319,"exact_zero"
10320,"exact_zero"
10321,"exact_zero"
10322,"exact_zero"
10323,"exact_zero"
10324,"exact_zero"
10325,"exact_zero"
10326,"exact_zero"
10327,"exact_zero"
10328,"exact_zero"
10329,"exact_zero"
10330,"exact_zero"
10331,"exact_zero"
10332,"exact_zero"
10333,"exact_zero"
10334,"exact_zero"
10335,"exact_zero"
10336,"exact_zero"
10337,"exact_zero"
10338,"exact_zero"
10339,"exact_zero"
10340,"exact_zero"
10341,"exact_zero"
10342,"exact_zero"
10343,"exact_zero"
10344,"exact_zero"
10345,"exact_zero"
10346,"exact_zero"
10347,"exact_zero"
10348,"exact_zero"
10349,"exact_zero"
10350,"exact_zero"
10351,"exact_zero"
10352,"exact_zero"
10353,"exact_zero"
10354,"exact_zero"
10355,"exact_zero"
10356,"exact_zero"
10357,"exact_zero"
10358,"exact_zero"
10359,"exact_zero"
10360,"exact_zero"
10361,"exact_zero"
10362,"exact_zero"
10363,"exact_zero"
10364,"exact_zero"
10365,"exact_zero"
10366,"exact_zero"
10367,"exact_zero"
10368,"exact_zero"
10369,"exact_zero"
10370,"exact_zero"
10371,"exact_zero"
10372,"exact_zero"
10373,"exact_zero"
10374,"exact_zero"
10375,"exact_zero"
10376,"exact_zero"
10377,"exact_zero"
10378,"exact_zero"
10379,"exact_zero"
10380,"exact_zero"
10381,"exact_zero"
10382,"exact_zero"
10383,"exact_zero"
10384,"exact_zero"
10385,"exact_zero"
10386,"exact_zero"
10387,"exact_zero"
10388,"exact_zero"
10389,"exact_zero"
10390,"exact_zero"
10391,"exact_zero"
10392,"exact_zero"
10393,"exact_zero"
10394,"exact_zero"
10395,"exact_zero"
10396,"exact_zero"
10397,"exact_zero"
10398,"exact_zero"
10399,"exact_zero"
10400,"exact_zero"
10401,"exact_zero"
10402,"exact_zero"
10403,"exact_zero"
10404,"exact_zero"
10405,"exact_zero"
10406,"exact_zero"
10407,"exact_zero"
10408,"exact_zero"
10409,"exact_zero"
10410,"exact_zero"
10411,"exact_zero"
10412,"exact_zero"
10413,"exact_zero"
10414,"exact_zero"
10415,"exact_zero"
10416,"exact_zero"
10417,"exact_zero"
10418,"exact_zero"
10419,"exact_zero"
10420,"exact_zero"
10421,"exact_zero"
10422,"exact_zero"
10423,"exact_zero"
10424,"exact_zero"
10425,"exact_zero"
10426,"exact_zero"
10427,"exact_zero"
10428,"exact_zero"
10429,"exact_zero"
10430,"exact_zero"
10431,"exact_zero"
10432,"exact_zero"
10433,"exact_zero"
10434,"exact_zero"
10435,"exact_zero"
10436,"exact_zero"
10437,"exact_zero"
10438,"exact_zero"
10439,"exact_zero"
10440,"exact_zero"
10441,"exact_zero"
10442,"exact_zero"
10443,"exact_zero"
10444,"exact_zero"
10445,"exact_zero"
10446,"exact_zero"
10447,"exact_zero"
10448,"exact_zero"
10449,"exact_zero"
10450,"exact_zero"
10451,"exact_zero"
10452,"exact_zero"
10453,"exact_zero"
10454,"exact_zero"
10455,"exact_zero"
10456,"exact_zero"
10457,"exact_zero"
10458,"exact_zero"
10459,"exact_zero"
10460,"exact_zero"
10461,"exact_zero"
10462,"exact_zero"
10463,"exact_zero"
10464,"exact_zero"
10465,"exact_zero"
10466,"exact_zero"
10467,"exact_zero"
10468,"exact_zero"
10469,"exact_zero"
10470,"exact_zero"
10471,"exact_zero"
10472,"exact_zero"
10473,"exact_zero"
10474,"exact_zero"
10475,"exact_zero"
10476,"exact_zero"
10477,"exact_zero"
10478,"exact_zero"
10479,"exact_zero"
10480,"exact_zero"
10481,"exact_zero"
10482,"exact_zero"
10483,"exact_zero"
10484,"exact_zero"
10485,"exact_zero"
10486,"exact_zero"
10487,"exact_zero"
10488,"exact_zero"
10489,"exact_zero"
10490,"exact_zero"
10491,"exact_zero"
10492,"exact_zero"
10493,"exact_zero"
10494,"exact_zero"
10495,"exact_zero"
10496,"exact_zero"
10497,"exact_zero"
10498,"exact_zero"
10499,"exact_zero"
10500,"exact_zero"
10501,"exact_zero"
10502,"exact_zero"
10503,"exact_zero"
10504,"exact_zero"
10505,"exact_zero"
10506,"exact_zero"
10507,"exact_zero"
10508,"exact_zero"
10509,"exact_zero"
10510,"exact_zero"
10511,"exact_zero"
10512,"exact_zero"
10513,"exact_zero"
10514,"exact_zero"
10515,"exact_zero"
10516,"exact_zero"
10517,"exact_zero"
10518,"exact_zero"
10519,"exact_zero"
10520,"exact_zero"
10521,"exact_zero"
10522,"exact_zero"
10523,"exact_zero"
10524,"exact_zero"
10525,"exact_zero"
10526,"exact_zero"
10527,"exact_zero"
10528,"exact_zero"
10529,"exact_zero"
10530,"exact_zero"
10531,"exact_zero"
10532,"exact_zero"
10533,"exact_zero"
10534,"exact_zero"
10535,"exact_zero"
10536,"exact_zero"
10537,"exact_zero"
10538,"exact_zero"
10539,"exact_zero"
10540,"exact_zero"
10541,"exact_zero"
10542,"exact_zero"
10543,"exact_zero"
10544,"exact_zero"
10545,"exact_zero"
10546,"exact_zero"
10547,"exact_zero"
10548,"exact_zero"
10549,"exact_zero"
10550,"exact_zero"
10551,"exact_zero"
10552,"exact_zero"
10553,"exact_zero"
10554,"exact_zero"
10555,"exact_zero"
10556,"exact_zero"
10557,"exact_zero"
10558,"exact_zero"
10559,"exact_zero"
10560,"exact_zero"
10561,"exact_zero"
10562,"exact_zero"
10563,"exact_zero"
10564,"exact_zero"
10565,"exact_zero"
10566,"exact_zero"
10567,"exact_zero"
10568,"exact_zero"
10569,"exact_zero"
10570,"exact_zero"
10571,"exact_zero"
10572,"exact_zero"
10573,"exact_zero"
10574,"exact_zero"
10575,"exact_zero"
10576,"exact_zero"
10577,"exact_zero"
10578,"exact_zero"
10579,"exact_zero"
10580,"exact_zero"
10581,"exact_zero"
10582,"exact_zero"
10583,"exact_zero"
10584,"exact_zero"
10585,"exact_zero"
10586,"exact_zero"
10587,"exact_zero"
10588,"exact_zero"
10589,"exact_zero"
10590,"exact_zero"
10591,"exact_zero"
10592,"exact_zero"
10593,"exact_zero"
10594,"exact_zero"
10595,"exact_zero"
10596,"exact_zero"
10597,"exact_zero"
10598,"exact_zero"
10599,"exact_zero"
10600,"exact_zero"
10601,"exact_zero"
10602,"exact_zero"
10603,"exact_zero"
10604,"exact_zero"
10605,"exact_zero"
10606,"exact_zero"
10607,"exact_zero"
10608,"exact_zero"
10609,"exact_zero"
10610,"exact_zero"
10611,"exact_zero"
10612,"exact_zero"
10613,"exact_zero"
10614,"exact_zero"
10615,"exact_zero"
10616,"exact_zero"
10617,"exact_zero"
10618,"exact_zero"
10619,"exact_zero"
10620,"exact_zero"
10621,"exact_zero"
10622,"exact_zero"
10623,"exact_zero"
10624,"exact_zero"
10625,"exact_zero"
10626,"exact_zero"
10627,"exact_zero"
10628,"exact_zero"
10629,"exact_zero"
10630,"exact_zero"
10631,"exact_zero"
10632,"exact_zero"
10633,"exact_zero"
10634,"exact_zero"
10635,"exact_zero"
10636,"exact_zero"
10637,"exact_zero"
10638,"exact_zero"
10639,"exact_zero"
10640,"exact_zero"
10641,"exact_zero"
10642,"exact_zero"
10643,"exact_zero"
10644,"exact_zero"
10645,"exact_zero"
10646,"exact_zero"
10647,"exact_zero"
10648,"exact_zero"
10649,"exact_zero"
10650,"exact_zero"
10651,"exact_zero"
10652,"exact_zero"
10653,"exact_zero"
10654,"exact_zero"
10655,"exact_zero"
10656,"exact_zero"
10657,"exact_zero"
10658,"exact_zero"
10659,"exact_zero"
10660,"exact_zero"
10661,"exact_zero"
10662,"exact_zero"
10663,"exact_zero"
10664,"exact_zero"
10665,"exact_zero"
10666,"exact_zero"
10667,"exact_zero"
10668,"exact_zero"
10669,"exact_zero"
10670,"exact_zero"
10671,"exact_zero"
10672,"exact_zero"
10673,"exact_zero"
10674,"exact_zero"
10675,"exact_zero"
10676,"exact_zero"
10677,"exact_zero"
10678,"exact_zero"
10679,"exact_zero"
10680,"exact_zero"
10681,"exact_zero"
10682,"exact_zero"
10683,"exact_zero"
10684,"exact_zero"
10685,"exact_zero"
10686,"exact_zero"
10687,"exact_zero"
10688,"exact_zero"
10689,"exact_zero"
10690,"exact_zero"
10691,"exact_zero"
10692,"exact_zero"
10693,"exact_zero"
10694,"exact_zero"
10695,"exact_zero"
10696,"exact_zero"
10697,"exact_zero"
10698,"exact_zero"
10699,"exact_zero"
10700,"exact_zero"
10701,"exact_zero"
10702,"exact_zero"
10703,"exact_zero"
10704,"exact_zero"
10705,"exact_zero"
10706,"exact_zero"
10707,"exact_zero"
10708,"exact_zero"
10709,"exact_zero"
10710,"exact_zero"
10711,"exact_zero"
10712,"exact_zero"
10713,"exact_zero"
10714,"exact_zero"
10715,"exact_zero"
10716,"exact_zero"
10717,"exact_zero"
10718,"exact_zero"
10719,"exact_zero"
10720,"exact_zero"
10721,"exact_zero"
10722,"exact_zero"
10723,"exact_zero"
10724,"exact_zero"
10725,"exact_zero"
10726,"exact_zero"
10727,"exact_zero"
10728,"exact_zero"
10729,"exact_zero"
10730,"exact_zero"
10731,"exact_zero"
10732,"exact_zero"
10733,"exact_zero"
10734,"exact_zero"
10735,"exact_zero"
10736,"exact_zero"
10737,"exact_zero"
10738,"exact_zero"
10739,"exact_zero"
10740,"exact_zero"
10741,"exact_zero"
10742,"exact_zero"
10743,"exact_zero"
10744,"exact_zero"
10745,"exact_zero"
10746,"exact_zero"
10747,"exact_zero"
10748,"exact_zero"
10749,"exact_zero"
10750,"exact_zero"
10751,"exact_zero"
10752,"exact_zero"
10753,"exact_zero"
10754,"exact_zero"
10755,"exact_zero"
10756,"exact_zero"
10757,"exact_zero"
10758,"exact_zero"
10759,"exact_zero"
10760,"exact_zero"
10761,"exact_zero"
10762,"exact_zero"
10763,"exact_zero"
10764,"exact_zero"
10765,"exact_zero"
10766,"exact_zero"
10767,"exact_zero"
10768,"exact_zero"
10769,"exact_zero"
10770,"exact_zero"
10771,"exact_zero"
10772,"exact_zero"
10773,"exact_zero"
10774,"exact_zero"
10775,"exact_zero"
10776,"exact_zero"
10777,"exact_zero"
10778,"exact_zero"
10779,"exact_zero"
10780,"exact_zero"
10781,"exact_zero"
10782,"exact_zero"
10783,"exact_zero"
10784,"exact_zero"
10785,"exact_zero"
10786,"exact_zero"
10787,"exact_zero"
10788,"exact_zero"
10789,"exact_zero"
10790,"exact_zero"
10791,"exact_zero"
10792,"exact_zero"
10793,"exact_zero"
10794,"exact_zero"
10795,"exact_zero"
10796,"exact_zero"
10797,"exact_zero"
10798,"exact_zero"
10799,"exact_zero"
10800,"exact_zero"
10801,"exact_zero"
10802,"exact_zero"
10803,"exact_zero"
10804,"exact_zero"
10805,"exact_zero"
10806,"exact_zero"
10807,"exact_zero"
10808,"exact_zero"
10809,"exact_zero"
10810,"exact_zero"
10811,"exact_zero"
10812,"exact_zero"
10813,"exact_zero"
10814,"exact_zero"
10815,"exact_zero"
10816,"exact_zero"
10817,"exact_zero"
10818,"exact_zero"
10819,"exact_zero"
10820,"exact_zero"
10821,"exact_zero"
10822,"exact_zero"
10823,"exact_zero"
10824,"exact_zero"
10825,"exact_zero"
10826,"exact_zero"
10827,"exact_zero"
10828,"exact_zero"
10829,"exact_zero"
10830,"exact_zero"
10831,"exact_zero"
10832,"exact_zero"
10833,"exact_zero"
10834,"exact_zero"
10835,"exact_zero"
10836,"exact_zero"
10837,"exact_zero"
10838,"exact_zero"
10839,"exact_zero"
10840,"exact_zero"
10841,"exact_zero"
10842,"exact_zero"
10843,"exact_zero"
10844,"exact_zero"
10845,"exact_zero"
10846,"exact_zero"
10847,"exact_zero"
10848,"exact_zero"
10849,"exact_zero"
10850,"exact_zero"
10851,"exact_zero"
10852,"exact_zero"
10853,"exact_zero"
10854,"exact_zero"
10855,"exact_zero"
10856,"exact_zero"
10857,"exact_zero"
10858,"exact_zero"
10859,"exact_zero"
10860,"exact_zero"
10861,"exact_zero"
10862,"exact_zero"
10863,"exact_zero"
10864,"exact_zero"
10865,"exact_zero"
10866,"exact_zero"
10867,"exact_zero"
10868,"exact_zero"
10869,"exact_zero"
10870,"exact_zero"
10871,"exact_zero"
10872,"exact_zero"
10873,"exact_zero"
10874,"exact_zero"
10875,"exact_zero"
10876,"exact_zero"
10877,"exact_zero"
10878,"exact_zero"
10879,"exact_zero"
10880,"exact_zero"
10881,"exact_zero"
10882,"exact_zero"
10883,"exact_zero"
10884,"exact_zero"
10885,"exact_zero"
10886,"exact_zero"
10887,"exact_zero"
10888,"exact_zero"
10889,"exact_zero"
10890,"exact_zero"
10891,"exact_zero"
10892,"exact_zero"
10893,"exact_zero"
10894,"exact_zero"
10895,"exact_zero"
10896,"exact_zero"
10897,"exact_zero"
10898,"exact_zero"
10899,"exact_zero"
10900,"exact_zero"
10901,"exact_zero"
10902,"exact_zero"
10903,"exact_zero"
10904,"exact_zero"
10905,"exact_zero"
10906,"exact_zero"
10907,"exact_zero"
10908,"exact_zero"
10909,"exact_zero"
10910,"exact_zero"
10911,"exact_zero"
10912,"exact_zero"
10913,"exact_zero"
10914,"exact_zero"
10915,"exact_zero"
10916,"exact_zero"
10917,"exact_zero"
10918,"exact_zero"
10919,"exact_zero"
10920,"exact_zero"
10921,"exact_zero"
10922,"exact_zero"
10923,"exact_zero"
10924,"exact_zero"
10925,"exact_zero"
10926,"exact_zero"
10927,"exact_zero"
10928,"exact_zero"
10929,"exact_zero"
10930,"exact_zero"
10931,"exact_zero"
10932,"exact_zero"
10933,"exact_zero"
10934,"exact_zero"
10935,"exact_zero"
10936,"exact_zero"
10937,"exact_zero"
10938,"exact_zero"
10939,"exact_zero"
10940,"exact_zero"
10941,"exact_zero"
10942,"exact_zero"
10943,"exact_zero"
10944,"exact_zero"
10945,"exact_zero"
10946,"exact_zero"
10947,"exact_zero"
10948,"exact_zero"
10949,"exact_zero"
10950,"exact_zero"
10951,"exact_zero"
10952,"exact_zero"
10953,"exact_zero"
10954,"exact_zero"
10955,"exact_zero"
10956,"exact_zero"
10957,"exact_zero"
10958,"exact_zero"
10959,"exact_zero"
10960,"exact_zero"
10961,"exact_zero"
10962,"exact_zero"
10963,"exact_zero"
10964,"exact_zero"
10965,"exact_zero"
10966,"exact_zero"
10967,"exact_zero"
10968,"exact_zero"
10969,"exact_zero"
10970,"exact_zero"
10971,"exact_zero"
10972,"exact_zero"
10973,"exact_zero"
10974,"exact_zero"
10975,"exact_zero"
10976,"exact_zero"
10977,"exact_zero"
10978,"exact_zero"
10979,"exact_zero"
10980,"exact_zero"
10981,"exact_zero"
10982,"exact_zero"
10983,"exact_zero"
10984,"exact_zero"
10985,"exact_zero"
10986,"exact_zero"
10987,"exact_zero"
10988,"exact_zero"
10989,"exact_zero"
10990,"exact_zero"
10991,"exact_zero"
10992,"exact_zero"
10993,"exact_zero"
10994,"exact_zero"
10995,"exact_zero"
10996,"exact_zero"
10997,"exact_zero"
10998,"exact_zero"
10999,"exact_zero"
11000,"exact_zero"
11001,"exact_zero"
11002,"exact_zero"
11003,"exact_zero"
11004,"exact_zero"
11005,"exact_zero"
11006,"exact_zero"
11007,"exact_zero"
11008,"exact_zero"
11009,"exact_zero"
11010,"exact_zero"
11011,"exact_zero"
11012,"exact_zero"
11013,"exact_zero"
11014,"exact_zero"
11015,"exact_zero"
11016,"exact_zero"
11017,"exact_zero"
11018,"exact_zero"
11019,"exact_zero"
11020,"exact_zero"
11021,"exact_zero"
11022,"exact_zero"
11023,"exact_zero"
11024,"exact_zero"
11025,"exact_zero"
11026,"exact_zero"
11027,"exact_zero"
11028,"exact_zero"
11029,"exact_zero"
11030,"exact_zero"
11031,"exact_zero"
11032,"exact_zero"
11033,"exact_zero"
11034,"exact_zero"
11035,"exact_zero"
11036,"exact_zero"
11037,"exact_zero"
11038,"exact_zero"
11039,"exact_zero"
11040,"exact_zero"
11041,"exact_zero"
11042,"exact_zero"
11043,"exact_zero"
11044,"exact_zero"
11045,"exact_zero"
11046,"exact_zero"
11047,"exact_zero"
11048,"exact_zero"
11049,"exact_zero"
11050,"exact_zero"
11051,"exact_zero"
11052,"exact_zero"
11053,"exact_zero"
11054,"exact_zero"
11055,"exact_zero"
11056,"exact_zero"
11057,"exact_zero"
11058,"exact_zero"
11059,"exact_zero"
11060,"exact_zero"
11061,"exact_zero"
11062,"exact_zero"
11063,"exact_zero"
11064,"exact_zero"
11065,"exact_zero"
11066,"exact_zero"
11067,"exact_zero"
11068,"exact_zero"
11069,"exact_zero"
11070,"exact_zero"
11071,"exact_zero"
11072,"exact_zero"
11073,"exact_zero"
11074,"exact_zero"
11075,"exact_zero"
11076,"exact_zero"
11077,"exact_zero"
11078,"exact_zero"
11079,"exact_zero"
11080,"exact_zero"
11081,"exact_zero"
11082,"exact_zero"
11083,"exact_zero"
11084,"exact_zero"
11085,"exact_zero"
11086,"exact_zero"
11087,"exact_zero"
11088,"exact_zero"
11089,"exact_zero"
11090,"exact_zero"
11091,"exact_zero"
11092,"exact_zero"
11093,"exact_zero"
11094,"exact_zero"
11095,"exact_zero"
11096,"exact_zero"
11097,"exact_zero"
11098,"exact_zero"
11099,"exact_zero"
11100,"exact_zero"
11101,"exact_zero"
11102,"exact_zero"
11103,"exact_zero"
11104,"exact_zero"
11105,"exact_zero"
11106,"exact_zero"
11107,"exact_zero"
11108,"exact_zero"
11109,"exact_zero"
11110,"exact_zero"
11111,"exact_zero"
11112,"exact_zero"
11113,"exact_zero"
11114,"exact_zero"
11115,"exact_zero"
11116,"exact_zero"
11117,"exact_zero"
11118,"exact_zero"
11119,"exact_zero"
11120,"exact_zero"
11121,"exact_zero"
11122,"exact_zero"
11123,"exact_zero"
11124,"exact_zero"
11125,"exact_zero"
11126,"exact_zero"
11127,"exact_zero"
11128,"exact_zero"
11129,"exact_zero"
11130,"exact_zero"
11131,"exact_zero"
11132,"exact_zero"
11133,"exact_zero"
11134,"exact_zero"
11135,"exact_zero"
11136,"exact_zero"
11137,"exact_zero"
11138,"exact_zero"
11139,"exact_zero"
11140,"exact_zero"
11141,"exact_zero"
11142,"exact_zero"
11143,"exact_zero"
11144,"exact_zero"
11145,"exact_zero"
11146,"exact_zero"
11147,"exact_zero"
11148,"exact_zero"
11149,"exact_zero"
11150,"exact_zero"
11151,"exact_zero"
11152,"exact_zero"
11153,"exact_zero"
11154,"exact_zero"
11155,"exact_zero"
11156,"exact_zero"
11157,"exact_zero"
11158,"exact_zero"
11159,"exact_zero"
11160,"exact_zero"
11161,"exact_zero"
11162,"exact_zero"
11163,"exact_zero"
11164,"exact_zero"
11165,"exact_zero"
11166,"exact_zero"
11167,"exact_zero"
11168,"exact_zero"
11169,"exact_zero"
11170,"exact_zero"
11171,"exact_zero"
11172,"exact_zero"
11173,"exact_zero"
11174,"exact_zero"
11175,"exact_zero"
11176,"exact_zero"
11177,"exact_zero"
11178,"exact_zero"
11179,"exact_zero"
11180,"exact_zero"
11181,"exact_zero"
11182,"exact_zero"
11183,"exact_zero"
11184,"exact_zero"
11185,"exact_zero"
11186,"exact_zero"
11187,"exact_zero"
11188,"exact_zero"
11189,"exact_zero"
11190,"exact_zero"
11191,"exact_zero"
11192,"exact_zero"
11193,"exact_zero"
11194,"exact_zero"
11195,"exact_zero"
11196,"exact_zero"
11197,"exact_zero"
11198,"exact_zero"
11199,"exact_zero"
11200,"exact_zero"
11201,"exact_zero"
11202,"exact_zero"
11203,"exact_zero"
11204,"exact_zero"
11205,"exact_zero"
11206,"exact_zero"
11207,"exact_zero"
11208,"exact_zero"
11209,"exact_zero"
11210,"exact_zero"
11211,"exact_zero"
11212,"exact_zero"
11213,"exact_zero"
11214,"exact_zero"
11215,"exact_zero"
11216,"exact_zero"
11217,"exact_zero"
11218,"exact_zero"
11219,"exact_zero"
11220,"exact_zero"
11221,"exact_zero"
11222,"exact_zero"
11223,"exact_zero"
11224,"exact_zero"
11225,"exact_zero"
11226,"exact_zero"
11227,"exact_zero"
11228,"exact_zero"
11229,"exact_zero"
11230,"exact_zero"
11231,"exact_zero"
11232,"exact_zero"
11233,"exact_zero"
11234,"exact_zero"
11235,"exact_zero"
11236,"exact_zero"
11237,"exact_zero"
11238,"exact_zero"
11239,"exact_zero"
11240,"exact_zero"
11241,"exact_zero"
11242,"exact_zero"
11243,"exact_zero"
11244,"exact_zero"
11245,"exact_zero"
11246,"exact_zero"
11247,"exact_zero"
11248,"exact_zero"
11249,"exact_zero"
11250,"exact_zero"
11251,"exact_zero"
11252,"exact_zero"
11253,"exact_zero"
11254,"exact_zero"
11255,"exact_zero"
11256,"exact_zero"
11257,"exact_zero"
11258,"exact_zero"
11259,"exact_zero"
11260,"exact_zero"
11261,"exact_zero"
11262,"exact_zero"
11263,"exact_zero"
11264,"exact_zero"
11265,"exact_zero"
11266,"exact_zero"
11267,"exact_zero"
11268,"exact_zero"
11269,"exact_zero"
11270,"exact_zero"
11271,"exact_zero"
11272,"exact_zero"
11273,"exact_zero"
11274,"exact_zero"
11275,"exact_zero"
11276,"exact_zero"
11277,"exact_zero"
11278,"exact_zero"
11279,"exact_zero"
11280,"exact_zero"
11281,"exact_zero"
11282,"exact_zero"
11283,"exact_zero"
11284,"exact_zero"
11285,"exact_zero"
11286,"exact_zero"
11287,"exact_zero"
11288,"exact_zero"
11289,"exact_zero"
11290,"exact_zero"
11291,"exact_zero"
11292,"exact_zero"
11293,"exact_zero"
11294,"exact_zero"
11295,"exact_zero"
11296,"exact_zero"
11297,"exact_zero"
11298,"exact_zero"
11299,"exact_zero"
11300,"exact_zero"
11301,"exact_zero"
11302,"exact_zero"
11303,"exact_zero"
11304,"exact_zero"
11305,"exact_zero"
11306,"exact_zero"
11307,"exact_zero"
11308,"exact_zero"
11309,"exact_zero"
11310,"exact_zero"
11311,"exact_zero"
11312,"exact_zero"
11313,"exact_zero"
11314,"exact_zero"
11315,"exact_zero"
11316,"exact_zero"
11317,"exact_zero"
11318,"exact_zero"
11319,"exact_zero"
11320,"exact_zero"
11321,"exact_zero"
11322,"exact_zero"
11323,"exact_zero"
11324,"exact_zero"
11325,"exact_zero"
11326,"exact_zero"
11327,"exact_zero"
11328,"exact_zero"
11329,"exact_zero"
11330,"exact_zero"
11331,"exact_zero"
11332,"exact_zero"
11333,"exact_zero"
11334,"exact_zero"
11335,"exact_zero"
11336,"exact_zero"
11337,"exact_zero"
11338,"exact_zero"
11339,"exact_zero"
11340,"exact_zero"
11341,"exact_zero"
11342,"exact_zero"
11343,"exact_zero"
11344,"exact_zero"
11345,"exact_zero"
11346,"exact_zero"
11347,"exact_zero"
11348,"exact_zero"
11349,"exact_zero"
11350,"exact_zero"
11351,"exact_zero"
11352,"exact_zero"
11353,"exact_zero"
11354,"exact_zero"
11355,"exact_zero"
11356,"exact_zero"
11357,"exact_zero"
11358,"exact_zero"
11359,"exact_zero"
11360,"exact_zero"
11361,"exact_zero"
11362,"exact_zero"
11363,"exact_zero"
11364,"exact_zero"
11365,"exact_zero"
11366,"exact_zero"
11367,"exact_zero"
11368,"exact_zero"
11369,"exact_zero"
11370,"exact_zero"
11371,"exact_zero"
11372,"exact_zero"
11373,"exact_zero"
11374,"exact_zero"
11375,"exact_zero"
11376,"exact_zero"
11377,"exact_zero"
11378,"exact_zero"
11379,"exact_zero"
11380,"exact_zero"
11381,"exact_zero"
11382,"exact_zero"
11383,"exact_zero"
11384,"exact_zero"
11385,"exact_zero"
11386,"exact_zero"
11387,"exact_zero"
11388,"exact_zero"
11389,"exact_zero"
11390,"exact_zero"
11391,"exact_zero"
11392,"exact_zero"
11393,"exact_zero"
11394,"exact_zero"
11395,"exact_zero"
11396,"exact_zero"
11397,"exact_zero"
11398,"exact_zero"
11399,"exact_zero"
11400,"exact_zero"
11401,"exact_zero"
11402,"exact_zero"
11403,"exact_zero"
11404,"exact_zero"
11405,"exact_zero"
11406,"exact_zero"
11407,"exact_zero"
11408,"exact_zero"
11409,"exact_zero"
11410,"exact_zero"
11411,"exact_zero"
11412,"exact_zero"
11413,"exact_zero"
11414,"exact_zero"
11415,"exact_zero"
11416,"exact_zero"
11417,"exact_zero"
11418,"exact_zero"
11419,"exact_zero"
11420,"exact_zero"
11421,"exact_zero"
11422,"exact_zero"
11423,"exact_zero"
11424,"exact_zero"
11425,"exact_zero"
11426,"exact_zero"
11427,"exact_zero"
11428,"exact_zero"
11429,"exact_zero"
11430,"exact_zero"
11431,"exact_zero"
11432,"exact_zero"
11433,"exact_zero"
11434,"exact_zero"
11435,"exact_zero"
11436,"exact_zero"
11437,"exact_zero"
11438,"exact_zero"
11439,"exact_zero"
11440,"exact_zero"
11441,"exact_zero"
11442,"exact_zero"
11443,"exact_zero"
11444,"exact_zero"
11445,"exact_zero"
11446,"exact_zero"
11447,"exact_zero"
11448,"exact_zero"
11449,"exact_zero"
11450,"exact_zero"
11451,"exact_zero"
11452,"exact_zero"
11453,"exact_zero"
11454,"exact_zero"
11455,"exact_zero"
11456,"exact_zero"
11457,"exact_zero"
11458,"exact_zero"
11459,"exact_zero"
11460,"exact_zero"
11461,"exact_zero"
11462,"exact_zero"
11463,"exact_zero"
11464,"exact_zero"
11465,"exact_zero"
11466,"exact_zero"
11467,"exact_zero"
11468,"exact_zero"
11469,"exact_zero"
11470,"exact_zero"
11471,"exact_zero"
11472,"exact_zero"
11473,"exact_zero"
11474,"exact_zero"
11475,"exact_zero"
11476,"exact_zero"
11477,"exact_zero"
11478,"exact_zero"
11479,"exact_zero"
11480,"exact_zero"
11481,"exact_zero"
11482,"exact_zero"
11483,"exact_zero"
11484,"exact_zero"
11485,"exact_zero"
11486,"exact_zero"
11487,"exact_zero"
11488,"exact_zero"
11489,"exact_zero"
11490,"exact_zero"
11491,"exact_zero"
11492,"exact_zero"
11493,"exact_zero"
11494,"exact_zero"
11495,"exact_zero"
11496,"exact_zero"
11497,"exact_zero"
11498,"exact_zero"
11499,"exact_zero"
11500,"exact_zero"
11501,"exact_zero"
11502,"exact_zero"
11503,"exact_zero"
11504,"exact_zero"
11505,"exact_zero"
11506,"exact_zero"
11507,"exact_zero"
11508,"exact_zero"
11509,"exact_zero"
11510,"exact_zero"
11511,"exact_zero"
11512,"exact_zero"
11513,"exact_zero"
11514,"exact_zero"
11515,"exact_zero"
11516,"exact_zero"
11517,"exact_zero"
11518,"exact_zero"
11519,"exact_zero"
11520,"exact_zero"
11521,"exact_zero"
11522,"exact_zero"
11523,"exact_zero"
11524,"exact_zero"
11525,"exact_zero"
11526,"exact_zero"
11527,"exact_zero"
11528,"exact_zero"
11529,"exact_zero"
11530,"exact_zero"
11531,"exact_zero"
11532,"exact_zero"
11533,"exact_zero"
11534,"exact_zero"
11535,"exact_zero"
11536,"exact_zero"
11537,"exact_zero"
11538,"exact_zero"
11539,"exact_zero"
11540,"exact_zero"
11541,"exact_zero"
11542,"exact_zero"
11543,"exact_zero"
11544,"exact_zero"
11545,"exact_zero"
11546,"exact_zero"
11547,"exact_zero"
11548,"exact_zero"
11549,"exact_zero"
11550,"exact_zero"
11551,"exact_zero"
11552,"exact_zero"
11553,"exact_zero"
11554,"exact_zero"
11555,"exact_zero"
11556,"exact_zero"
11557,"exact_zero"
11558,"exact_zero"
11559,"exact_zero"
11560,"exact_zero"
11561,"exact_zero"
11562,"exact_zero"
11563,"exact_zero"
11564,"exact_zero"
11565,"exact_zero"
11566,"exact_zero"
11567,"exact_zero"
11568,"exact_zero"
11569,"exact_zero"
11570,"exact_zero"
11571,"exact_zero"
11572,"exact_zero"
11573,"exact_zero"
11574,"exact_zero"
11575,"exact_zero"
11576,"exact_zero"
11577,"exact_zero"
11578,"exact_zero"
11579,"exact_zero"
11580,"exact_zero"
11581,"exact_zero"
11582,"exact_zero"
11583,"exact_zero"
11584,"exact_zero"
11585,"exact_zero"
11586,"exact_zero"
11587,"exact_zero"
11588,"exact_zero"
11589,"exact_zero"
11590,"exact_zero"
11591,"exact_zero"
11592,"exact_zero"
11593,"exact_zero"
11594,"exact_zero"
11595,"exact_zero"
11596,"exact_zero"
11597,"exact_zero"
11598,"exact_zero"
11599,"exact_zero"
11600,"exact_zero"
11601,"exact_zero"
11602,"exact_zero"
11603,"exact_zero"
11604,"exact_zero"
11605,"exact_zero"
11606,"exact_zero"
11607,"exact_zero"
11608,"exact_zero"
11609,"exact_zero"
11610,"exact_zero"
11611,"exact_zero"
11612,"exact_zero"
11613,"exact_zero"
11614,"exact_zero"
11615,"exact_zero"
11616,"exact_zero"
11617,"exact_zero"
11618,"exact_zero"
11619,"exact_zero"
11620,"exact_zero"
11621,"exact_zero"
11622,"exact_zero"
11623,"exact_zero"
11624,"exact_zero"
11625,"exact_zero"
11626,"exact_zero"
11627,"exact_zero"
11628,"exact_zero"
11629,"exact_zero"
11630,"exact_zero"
11631,"exact_zero"
11632,"exact_zero"
11633,"exact_zero"
11634,"exact_zero"
11635,"exact_zero"
11636,"exact_zero"
11637,"exact_zero"
11638,"exact_zero"
11639,"exact_zero"
11640,"exact_zero"
11641,"exact_zero"
11642,"exact_zero"
11643,"exact_zero"
11644,"exact_zero"
11645,"exact_zero"
11646,"exact_zero"
11647,"exact_zero"
11648,"exact_zero"
11649,"exact_zero"
11650,"exact_zero"
11651,"exact_zero"
11652,"exact_zero"
11653,"exact_zero"
11654,"exact_zero"
11655,"exact_zero"
11656,"exact_zero"
11657,"exact_zero"
11658,"exact_zero"
11659,"exact_zero"
11660,"exact_zero"
11661,"exact_zero"
11662,"exact_zero"
11663,"exact_zero"
11664,"exact_zero"
11665,"exact_zero"
11666,"exact_zero"
11667,"exact_zero"
11668,"exact_zero"
11669,"exact_zero"
11670,"exact_zero"
11671,"exact_zero"
11672,"exact_zero"
11673,"exact_zero"
11674,"exact_zero"
11675,"exact_zero"
11676,"exact_zero"
11677,"exact_zero"
11678,"exact_zero"
11679,"exact_zero"
11680,"exact_zero"
11681,"exact_zero"
11682,"exact_zero"
11683,"exact_zero"
11684,"exact_zero"
11685,"exact_zero"
11686,"exact_zero"
11687,"exact_zero"
11688,"exact_zero"
11689,"exact_zero"
11690,"exact_zero"
11691,"exact_zero"
11692,"exact_zero"
11693,"exact_zero"
11694,"exact_zero"
11695,"exact_zero"
11696,"exact_zero"
11697,"exact_zero"
11698,"exact_zero"
11699,"exact_zero"
11700,"exact_zero"
11701,"exact_zero"
11702,"exact_zero"
11703,"exact_zero"
11704,"exact_zero"
11705,"exact_zero"
11706,"exact_zero"
11707,"exact_zero"
11708,"exact_zero"
11709,"exact_zero"
11710,"exact_zero"
11711,"exact_zero"
11712,"exact_zero"
11713,"exact_zero"
11714,"exact_zero"
11715,"exact_zero"
11716,"exact_zero"
11717,"exact_zero"
11718,"exact_zero"
11719,"exact_zero"
11720,"exact_zero"
11721,"exact_zero"
11722,"exact_zero"
11723,"exact_zero"
11724,"exact_zero"
11725,"exact_zero"
11726,"exact_zero"
11727,"exact_zero"
11728,"exact_zero"
11729,"exact_zero"
11730,"exact_zero"
11731,"exact_zero"
11732,"exact_zero"
11733,"exact_zero"
11734,"exact_zero"
11735,"exact_zero"
11736,"exact_zero"
11737,"exact_zero"
11738,"exact_zero"
11739,"exact_zero"
11740,"exact_zero"
11741,"exact_zero"
11742,"exact_zero"
11743,"exact_zero"
11744,"exact_zero"
11745,"exact_zero"
11746,"exact_zero"
11747,"exact_zero"
11748,"exact_zero"
11749,"exact_zero"
11750,"exact_zero"
11751,"exact_zero"
11752,"exact_zero"
11753,"exact_zero"
11754,"exact_zero"
11755,"exact_zero"
11756,"exact_zero"
11757,"exact_zero"
11758,"exact_zero"
11759,"exact_zero"
11760,"exact_zero"
11761,"exact_zero"
11762,"exact_zero"
11763,"exact_zero"
11764,"exact_zero"
11765,"exact_zero"
11766,"exact_zero"
11767,"exact_zero"
11768,"exact_zero"
11769,"exact_zero"
11770,"exact_zero"
11771,"exact_zero"
11772,"exact_zero"
11773,"exact_zero"
11774,"exact_zero"
11775,"exact_zero"
11776,"exact_zero"
11777,"exact_zero"
11778,"exact_zero"
11779,"exact_zero"
11780,"exact_zero"
11781,"exact_zero"
11782,"exact_zero"
11783,"exact_zero"
11784,"exact_zero"
11785,"exact_zero"
11786,"exact_zero"
11787,"exact_zero"
11788,"exact_zero"
11789,"exact_zero"
11790,"exact_zero"
11791,"exact_zero"
11792,"exact_zero"
11793,"exact_zero"
11794,"exact_zero"
11795,"exact_zero"
11796,"exact_zero"
11797,"exact_zero"
11798,"exact_zero"
11799,"exact_zero"
11800,"exact_zero"
11801,"exact_zero"
11802,"exact_zero"
11803,"exact_zero"
11804,"exact_zero"
11805,"exact_zero"
11806,"exact_zero"
11807,"exact_zero"
11808,"exact_zero"
11809,"exact_zero"
11810,"exact_zero"
11811,"exact_zero"
11812,"exact_zero"
11813,"exact_zero"
11814,"exact_zero"
11815,"exact_zero"
11816,"exact_zero"
11817,"exact_zero"
11818,"exact_zero"
11819,"exact_zero"
11820,"exact_zero"
11821,"exact_zero"
11822,"exact_zero"
11823,"exact_zero"
11824,"exact_zero"
11825,"exact_zero"
11826,"exact_zero"
11827,"exact_zero"
11828,"exact_zero"
11829,"exact_zero"
11830,"exact_zero"
11831,"exact_zero"
11832,"exact_zero"
11833,"exact_zero"
11834,"exact_zero"
11835,"exact_zero"
11836,"exact_zero"
11837,"exact_zero"
11838,"exact_zero"
11839,"exact_zero"
11840,"exact_zero"
11841,"exact_zero"
11842,"exact_zero"
11843,"exact_zero"
11844,"exact_zero"
11845,"exact_zero"
11846,"exact_zero"
11847,"exact_zero"
11848,"exact_zero"
11849,"exact_zero"
11850,"exact_zero"
11851,"exact_zero"
11852,"exact_zero"
11853,"exact_zero"
11854,"exact_zero"
11855,"exact_zero"
11856,"exact_zero"
11857,"exact_zero"
11858,"exact_zero"
11859,"exact_zero"
11860,"exact_zero"
11861,"exact_zero"
11862,"exact_zero"
11863,"exact_zero"
11864,"exact_zero"
11865,"exact_zero"
11866,"exact_zero"
11867,"exact_zero"
11868,"exact_zero"
11869,"exact_zero"
11870,"exact_zero"
11871,"exact_zero"
11872,"exact_zero"
11873,"exact_zero"
11874,"exact_zero"
11875,"exact_zero"
11876,"exact_zero"
11877,"exact_zero"
11878,"exact_zero"
11879,"exact_zero"
11880,"exact_zero"
11881,"exact_zero"
11882,"exact_zero"
11883,"exact_zero"
11884,"exact_zero"
11885,"exact_zero"
11886,"exact_zero"
11887,"exact_zero"
11888,"exact_zero"
11889,"exact_zero"
11890,"exact_zero"
11891,"exact_zero"
11892,"exact_zero"
11893,"exact_zero"
11894,"exact_zero"
11895,"exact_zero"
11896,"exact_zero"
11897,"exact_zero"
11898,"exact_zero"
11899,"exact_zero"
11900,"exact_zero"
11901,"exact_zero"
11902,"exact_zero"
11903,"exact_zero"
11904,"exact_zero"
11905,"exact_zero"
11906,"exact_zero"
11907,"exact_zero"
11908,"exact_zero"
11909,"exact_zero"
11910,"exact_zero"
11911,"exact_zero"
11912,"exact_zero"
11913,"exact_zero"
11914,"exact_zero"
11915,"exact_zero"
11916,"exact_zero"
11917,"exact_zero"
11918,"exact_zero"
11919,"exact_zero"
11920,"exact_zero"
11921,"exact_zero"
11922,"exact_zero"
11923,"exact_zero"
11924,"exact_zero"
11925,"exact_zero"
11926,"exact_zero"
11927,"exact_zero"
11928,"exact_zero"
11929,"exact_zero"
11930,"exact_zero"
11931,"exact_zero"
11932,"exact_zero"
11933,"exact_zero"
11934,"exact_zero"
11935,"exact_zero"
11936,"exact_zero"
11937,"exact_zero"
11938,"exact_zero"
11939,"exact_zero"
11940,"exact_zero"
11941,"exact_zero"
11942,"exact_zero"
11943,"exact_zero"
11944,"exact_zero"
11945,"exact_zero"
11946,"exact_zero"
11947,"exact_zero"
11948,"exact_zero"
11949,"exact_zero"
11950,"exact_zero"
11951,"exact_zero"
11952,"exact_zero"
11953,"exact_zero"
11954,"exact_zero"
11955,"exact_zero"
11956,"exact_zero"
11957,"exact_zero"
11958,"exact_zero"
11959,"exact_zero"
11960,"exact_zero"
11961,"exact_zero"
11962,"exact_zero"
11963,"exact_zero"
11964,"exact_zero"
11965,"exact_zero"
11966,"exact_zero"
11967,"exact_zero"
11968,"exact_zero"
11969,"exact_zero"
11970,"exact_zero"
11971,"exact_zero"
11972,"exact_zero"
11973,"exact_zero"
11974,"exact_zero"
11975,"exact_zero"
11976,"exact_zero"
11977,"exact_zero"
11978,"exact_zero"
11979,"exact_zero"
11980,"exact_zero"
11981,"exact_zero"
11982,"exact_zero"
11983,"exact_zero"
11984,"exact_zero"
11985,"exact_zero"
11986,"exact_zero"
11987,"exact_zero"
11988,"exact_zero"
11989,"exact_zero"
11990,"exact_zero"
11991,"exact_zero"
11992,"exact_zero"
11993,"exact_zero"
11994,"exact_zero"
11995,"exact_zero"
11996,"exact_zero"
11997,"exact_zero"
11998,"exact_zero"
11999,"exact_zero"
12000,"exact_zero"
12001,"exact_zero"
12002,"exact_zero"
12003,"exact_zero"
12004,"exact_zero"
12005,"exact_zero"
12006,"exact_zero"
12007,"exact_zero"
12008,"exact_zero"
12009,"exact_zero"
12010,"exact_zero"
12011,"exact_zero"
12012,"exact_zero"
12013,"exact_zero"
12014,"exact_zero"
12015,"exact_zero"
12016,"exact_zero"
12017,"exact_zero"
12018,"exact_zero"
12019,"exact_zero"
12020,"exact_zero"
12021,"exact_zero"
12022,"exact_zero"
12023,"exact_zero"
12024,"exact_zero"
12025,"exact_zero"
12026,"exact_zero"
12027,"exact_zero"
12028,"exact_zero"
12029,"exact_zero"
12030,"exact_zero"
12031,"exact_zero"
12032,"exact_zero"
12033,"exact_zero"
12034,"exact_zero"
12035,"exact_zero"
12036,"exact_zero"
12037,"exact_zero"
12038,"exact_zero"
12039,"exact_zero"
12040,"exact_zero"
12041,"exact_zero"
12042,"exact_zero"
12043,"exact_zero"
12044,"exact_zero"
12045,"exact_zero"
12046,"exact_zero"
12047,"exact_zero"
12048,"exact_zero"
12049,"exact_zero"
12050,"exact_zero"
12051,"exact_zero"
12052,"exact_zero"
12053,"exact_zero"
12054,"exact_zero"
12055,"exact_zero"
12056,"exact_zero"
12057,"exact_zero"
12058,"exact_zero"
12059,"exact_zero"
12060,"exact_zero"
12061,"exact_zero"
12062,"exact_zero"
12063,"exact_zero"
12064,"exact_zero"
12065,"exact_zero"
12066,"exact_zero"
12067,"exact_zero"
12068,"exact_zero"
12069,"exact_zero"
12070,"exact_zero"
12071,"exact_zero"
12072,"exact_zero"
12073,"exact_zero"
12074,"exact_zero"
12075,"exact_zero"
12076,"exact_zero"
12077,"exact_zero"
12078,"exact_zero"
12079,"exact_zero"
12080,"exact_zero"
12081,"exact_zero"
12082,"exact_zero"
12083,"exact_zero"
12084,"exact_zero"
12085,"exact_zero"
12086,"exact_zero"
12087,"exact_zero"
12088,"exact_zero"
12089,"exact_zero"
12090,"exact_zero"
12091,"exact_zero"
12092,"exact_zero"
12093,"exact_zero"
12094,"exact_zero"
12095,"exact_zero"
12096,"exact_zero"
12097,"exact_zero"
12098,"exact_zero"
12099,"exact_zero"
12100,"exact_zero"
12101,"exact_zero"
12102,"exact_zero"
12103,"exact_zero"
12104,"exact_zero"
12105,"exact_zero"
12106,"exact_zero"
12107,"exact_zero"
12108,"exact_zero"
12109,"exact_zero"
12110,"exact_zero"
12111,"exact_zero"
12112,"exact_zero"
12113,"exact_zero"
12114,"exact_zero"
12115,"exact_zero"
12116,"exact_zero"
12117,"exact_zero"
12118,"exact_zero"
12119,"exact_zero"
12120,"exact_zero"
12121,"exact_zero"
12122,"exact_zero"
12123,"exact_zero"
12124,"exact_zero"
12125,"exact_zero"
12126,"exact_zero"
12127,"exact_zero"
12128,"exact_zero"
12129,"exact_zero"
12130,"exact_zero"
12131,"exact_zero"
12132,"exact_zero"
12133,"exact_zero"
12134,"exact_zero"
12135,"exact_zero"
12136,"exact_zero"
12137,"exact_zero"
12138,"exact_zero"
12139,"exact_zero"
12140,"exact_zero"
12141,"exact_zero"
12142,"exact_zero"
12143,"exact_zero"
12144,"exact_zero"
12145,"exact_zero"
12146,"exact_zero"
12147,"exact_zero"
12148,"exact_zero"
12149,"exact_zero"
12150,"exact_zero"
12151,"exact_zero"
12152,"exact_zero"
12153,"exact_zero"
12154,"exact_zero"
12155,"exact_zero"
12156,"exact_zero"
12157,"exact_zero"
12158,"exact_zero"
12159,"exact_zero"
12160,"exact_zero"
12161,"exact_zero"
12162,"exact_zero"
12163,"exact_zero"
12164,"exact_zero"
12165,"exact_zero"
12166,"exact_zero"
12167,"exact_zero"
12168,"exact_zero"
12169,"exact_zero"
12170,"exact_zero"
12171,"exact_zero"
12172,"exact_zero"
12173,"exact_zero"
12174,"exact_zero"
12175,"exact_zero"
12176,"exact_zero"
12177,"exact_zero"
12178,"exact_zero"
12179,"exact_zero"
12180,"exact_zero"
12181,"exact_zero"
12182,"exact_zero"
12183,"exact_zero"
12184,"exact_zero"
12185,"exact_zero"
12186,"exact_zero"
12187,"exact_zero"
12188,"exact_zero"
12189,"exact_zero"
12190,"exact_zero"
12191,"exact_zero"
12192,"exact_zero"
12193,"exact_zero"
12194,"exact_zero"
12195,"exact_zero"
12196,"exact_zero"
12197,"exact_zero"
12198,"exact_zero"
12199,"exact_zero"
12200,"exact_zero"
12201,"exact_zero"
12202,"exact_zero"
12203,"exact_zero"
12204,"exact_zero"
12205,"exact_zero"
12206,"exact_zero"
12207,"exact_zero"
12208,"exact_zero"
12209,"exact_zero"
12210,"exact_zero"
12211,"exact_zero"
12212,"exact_zero"
12213,"exact_zero"
12214,"exact_zero"
12215,"exact_zero"
12216,"exact_zero"
12217,"exact_zero"
12218,"exact_zero"
12219,"exact_zero"
12220,"exact_zero"
12221,"exact_zero"
12222,"exact_zero"
12223,"exact_zero"
12224,"exact_zero"
12225,"exact_zero"
12226,"exact_zero"
12227,"exact_zero"
12228,"exact_zero"
12229,"exact_zero"
12230,"exact_zero"
12231,"exact_zero"
12232,"exact_zero"
12233,"exact_zero"
12234,"exact_zero"
12235,"exact_zero"
12236,"exact_zero"
12237,"exact_zero"
12238,"exact_zero"
12239,"exact_zero"
12240,"exact_zero"
12241,"exact_zero"
12242,"exact_zero"
12243,"exact_zero"
12244,"exact_zero"
12245,"exact_zero"
12246,"exact_zero"
12247,"exact_zero"
12248,"exact_zero"
12249,"exact_zero"
12250,"exact_zero"
12251,"exact_zero"
12252,"exact_zero"
12253,"exact_zero"
12254,"exact_zero"
12255,"exact_zero"
12256,"exact_zero"
12257,"exact_zero"
12258,"exact_zero"
12259,"exact_zero"
12260,"exact_zero"
12261,"exact_zero"
12262,"exact_zero"
12263,"exact_zero"
12264,"exact_zero"
12265,"exact_zero"
12266,"exact_zero"
12267,"exact_zero"
12268,"exact_zero"
12269,"exact_zero"
12270,"exact_zero"
12271,"exact_zero"
12272,"exact_zero"
12273,"exact_zero"
12274,"exact_zero"
12275,"exact_zero"
12276,"exact_zero"
12277,"exact_zero"
12278,"exact_zero"
12279,"exact_zero"
12280,"exact_zero"
12281,"exact_zero"
12282,"exact_zero"
12283,"exact_zero"
12284,"exact_zero"
12285,"exact_zero"
12286,"exact_zero"
12287,"exact_zero"
12288,"exact_zero"
12289,"exact_zero"
12290,"exact_zero"
12291,"exact_zero"
12292,"exact_zero"
12293,"exact_zero"
12294,"exact_zero"
12295,"exact_zero"
12296,"exact_zero"
12297,"exact_zero"
12298,"exact_zero"
12299,"exact_zero"
12300,"exact_zero"
12301,"exact_zero"
12302,"exact_zero"
12303,"exact_zero"
12304,"exact_zero"
12305,"exact_zero"
12306,"exact_zero"
12307,"exact_zero"
12308,"exact_zero"
12309,"exact_zero"
12310,"exact_zero"
12311,"exact_zero"
12312,"exact_zero"
12313,"exact_zero"
12314,"exact_zero"
12315,"exact_zero"
12316,"exact_zero"
12317,"exact_zero"
12318,"exact_zero"
12319,"exact_zero"
12320,"exact_zero"
12321,"exact_zero"
12322,"exact_zero"
12323,"exact_zero"
12324,"exact_zero"
12325,"exact_zero"
12326,"exact_zero"
12327,"exact_zero"
12328,"exact_zero"
12329,"exact_zero"
12330,"exact_zero"
12331,"exact_zero"
12332,"exact_zero"
12333,"exact_zero"
12334,"exact_zero"
12335,"exact_zero"
12336,"exact_zero"
12337,"exact_zero"
12338,"exact_zero"
12339,"exact_zero"
12340,"exact_zero"
12341,"exact_zero"
12342,"exact_zero"
12343,"exact_zero"
12344,"exact_zero"
12345,"exact_zero"
12346,"exact_zero"
12347,"exact_zero"
12348,"exact_zero"
12349,"exact_zero"
12350,"exact_zero"
12351,"exact_zero"
12352,"exact_zero"
12353,"exact_zero"
12354,"exact_zero"
12355,"exact_zero"
12356,"exact_zero"
12357,"exact_zero"
12358,"exact_zero"
12359,"exact_zero"
12360,"exact_zero"
12361,"exact_zero"
12362,"exact_zero"
12363,"exact_zero"
12364,"exact_zero"
12365,"exact_zero"
12366,"exact_zero"
12367,"exact_zero"
12368,"exact_zero"
12369,"exact_zero"
12370,"exact_zero"
12371,"exact_zero"
12372,"exact_zero"
12373,"exact_zero"
12374,"exact_zero"
12375,"exact_zero"
12376,"exact_zero"
12377,"exact_zero"
12378,"exact_zero"
12379,"exact_zero"
12380,"exact_zero"
12381,"exact_zero"
12382,"exact_zero"
12383,"exact_zero"
12384,"exact_zero"
12385,"exact_zero"
12386,"exact_zero"
12387,"exact_zero"
12388,"exact_zero"
12389,"exact_zero"
12390,"exact_zero"
12391,"exact_zero"
12392,"exact_zero"
12393,"exact_zero"
12394,"exact_zero"
12395,"exact_zero"
12396,"exact_zero"
12397,"exact_zero"
12398,"exact_zero"
12399,"exact_zero"
12400,"exact_zero"
12401,"exact_zero"
12402,"exact_zero"
12403,"exact_zero"
12404,"exact_zero"
12405,"exact_zero"
12406,"exact_zero"
12407,"exact_zero"
12408,"exact_zero"
12409,"exact_zero"
12410,"exact_zero"
12411,"exact_zero"
12412,"exact_zero"
12413,"exact_zero"
12414,"exact_zero"
12415,"exact_zero"
12416,"exact_zero"
12417,"exact_zero"
12418,"exact_zero"
12419,"exact_zero"
12420,"exact_zero"
12421,"exact_zero"
12422,"exact_zero"
12423,"exact_zero"
12424,"exact_zero"
12425,"exact_zero"
12426,"exact_zero"
12427,"exact_zero"
12428,"exact_zero"
12429,"exact_zero"
12430,"exact_zero"
12431,"exact_zero"
12432,"exact_zero"
12433,"exact_zero"
12434,"exact_zero"
12435,"exact_zero"
12436,"exact_zero"
12437,"exact_zero"
12438,"exact_zero"
12439,"exact_zero"
12440,"exact_zero"
12441,"exact_zero"
12442,"exact_zero"
12443,"exact_zero"
12444,"exact_zero"
12445,"exact_zero"
12446,"exact_zero"
12447,"exact_zero"
12448,"exact_zero"
12449,"exact_zero"
12450,"exact_zero"
12451,"exact_zero"
12452,"exact_zero"
12453,"exact_zero"
12454,"exact_zero"
12455,"exact_zero"
12456,"exact_zero"
12457,"exact_zero"
12458,"exact_zero"
12459,"exact_zero"
12460,"exact_zero"
12461,"exact_zero"
12462,"exact_zero"
12463,"exact_zero"
12464,"exact_zero"
12465,"exact_zero"
12466,"exact_zero"
12467,"exact_zero"
12468,"exact_zero"
12469,"exact_zero"
12470,"exact_zero"
12471,"exact_zero"
12472,"exact_zero"
12473,"exact_zero"
12474,"exact_zero"
12475,"exact_zero"
12476,"exact_zero"
12477,"exact_zero"
12478,"exact_zero"
12479,"exact_zero"
12480,"exact_zero"
12481,"exact_zero"
12482,"exact_zero"
12483,"exact_zero"
12484,"exact_zero"
12485,"exact_zero"
12486,"exact_zero"
12487,"exact_zero"
12488,"exact_zero"
12489,"exact_zero"
12490,"exact_zero"
12491,"exact_zero"
12492,"exact_zero"
12493,"exact_zero"
12494,"exact_zero"
12495,"exact_zero"
12496,"exact_zero"
12497,"exact_zero"
12498,"exact_zero"
12499,"exact_zero"
12500,"exact_zero"
12501,"exact_zero"
12502,"exact_zero"
12503,"exact_zero"
12504,"exact_zero"
12505,"exact_zero"
12506,"exact_zero"
12507,"exact_zero"
12508,"exact_zero"
12509,"exact_zero"
12510,"exact_zero"
12511,"exact_zero"
12512,"exact_zero"
12513,"exact_zero"
12514,"exact_zero"
12515,"exact_zero"
12516,"exact_zero"
12517,"exact_zero"
12518,"exact_zero"
12519,"exact_zero"
12520,"exact_zero"
12521,"exact_zero"
12522,"exact_zero"
12523,"exact_zero"
12524,"exact_zero"
12525,"exact_zero"
12526,"exact_zero"
12527,"exact_zero"
12528,"exact_zero"
12529,"exact_zero"
12530,"exact_zero"
12531,"exact_zero"
12532,"exact_zero"
12533,"exact_zero"
12534,"exact_zero"
12535,"exact_zero"
12536,"exact_zero"
12537,"exact_zero"
12538,"exact_zero"
12539,"exact_zero"
12540,"exact_zero"
12541,"exact_zero"
12542,"exact_zero"
12543,"exact_zero"
12544,"exact_zero"
12545,"exact_zero"
12546,"exact_zero"
12547,"exact_zero"
12548,"exact_zero"
12549,"exact_zero"
12550,"exact_zero"
12551,"exact_zero"
12552,"exact_zero"
12553,"exact_zero"
12554,"exact_zero"
12555,"exact_zero"
12556,"exact_zero"
12557,"exact_zero"
12558,"exact_zero"
12559,"exact_zero"
12560,"exact_zero"
12561,"exact_zero"
12562,"exact_zero"
12563,"exact_zero"
12564,"exact_zero"
12565,"exact_zero"
12566,"exact_zero"
12567,"exact_zero"
12568,"exact_zero"
12569,"exact_zero"
12570,"exact_zero"
12571,"exact_zero"
12572,"exact_zero"
12573,"exact_zero"
12574,"exact_zero"
12575,"exact_zero"
12576,"exact_zero"
12577,"exact_zero"
12578,"exact_zero"
12579,"exact_zero"
12580,"exact_zero"
12581,"exact_zero"
12582,"exact_zero"
12583,"exact_zero"
12584,"exact_zero"
12585,"exact_zero"
12586,"exact_zero"
12587,"exact_zero"
12588,"exact_zero"
12589,"exact_zero"
12590,"exact_zero"
12591,"exact_zero"
12592,"exact_zero"
12593,"exact_zero"
12594,"exact_zero"
12595,"exact_zero"
12596,"exact_zero"
12597,"exact_zero"
12598,"exact_zero"
12599,"exact_zero"
12600,"exact_zero"
12601,"exact_zero"
12602,"exact_zero"
12603,"exact_zero"
12604,"exact_zero"
12605,"exact_zero"
12606,"exact_zero"
12607,"exact_zero"
12608,"exact_zero"
12609,"exact_zero"
12610,"exact_zero"
12611,"exact_zero"
12612,"exact_zero"
12613,"exact_zero"
12614,"exact_zero"
12615,"exact_zero"
12616,"exact_zero"
12617,"exact_zero"
12618,"exact_zero"
12619,"exact_zero"
12620,"exact_zero"
12621,"exact_zero"
12622,"exact_zero"
12623,"exact_zero"
12624,"exact_zero"
12625,"exact_zero"
12626,"exact_zero"
12627,"exact_zero"
12628,"exact_zero"
12629,"exact_zero"
12630,"exact_zero"
12631,"exact_zero"
12632,"exact_zero"
12633,"exact_zero"
12634,"exact_zero"
12635,"exact_zero"
12636,"exact_zero"
12637,"exact_zero"
12638,"exact_zero"
12639,"exact_zero"
12640,"exact_zero"
12641,"exact_zero"
12642,"exact_zero"
12643,"exact_zero"
12644,"exact_zero"
12645,"exact_zero"
12646,"exact_zero"
12647,"exact_zero"
12648,"exact_zero"
12649,"exact_zero"
12650,"exact_zero"
12651,"exact_zero"
12652,"exact_zero"
12653,"exact_zero"
12654,"exact_zero"
12655,"exact_zero"
12656,"exact_zero"
12657,"exact_zero"
12658,"exact_zero"
12659,"exact_zero"
12660,"exact_zero"
12661,"exact_zero"
12662,"exact_zero"
12663,"exact_zero"
12664,"exact_zero"
12665,"exact_zero"
12666,"exact_zero"
12667,"exact_zero"
12668,"exact_zero"
12669,"exact_zero"
12670,"exact_zero"
12671,"exact_zero"
12672,"exact_zero"
12673,"exact_zero"
12674,"exact_zero"
12675,"exact_zero"
12676,"exact_zero"
12677,"exact_zero"
12678,"exact_zero"
12679,"exact_zero"
12680,"exact_zero"
12681,"exact_zero"
12682,"exact_zero"
12683,"exact_zero"
12684,"exact_zero"
12685,"exact_zero"
12686,"exact_zero"
12687,"exact_zero"
12688,"exact_zero"
12689,"exact_zero"
12690,"exact_zero"
12691,"exact_zero"
12692,"exact_zero"
12693,"exact_zero"
12694,"exact_zero"
12695,"exact_zero"
12696,"exact_zero"
12697,"exact_zero"
12698,"exact_zero"
12699,"exact_zero"
12700,"exact_zero"
12701,"exact_zero"
12702,"exact_zero"
12703,"exact_zero"
12704,"exact_zero"
12705,"exact_zero"
12706,"exact_zero"
12707,"exact_zero"
12708,"exact_zero"
12709,"exact_zero"
12710,"exact_zero"
12711,"exact_zero"
12712,"exact_zero"
12713,"exact_zero"
12714,"exact_zero"
12715,"exact_zero"
12716,"exact_zero"
12717,"exact_zero"
12718,"exact_zero"
12719,"exact_zero"
12720,"exact_zero"
12721,"exact_zero"
12722,"exact_zero"
12723,"exact_zero"
12724,"exact_zero"
12725,"exact_zero"
12726,"exact_zero"
12727,"exact_zero"
12728,"exact_zero"
12729,"exact_zero"
12730,"exact_zero"
12731,"exact_zero"
12732,"exact_zero"
12733,"exact_zero"
12734,"exact_zero"
12735,"exact_zero"
12736,"exact_zero"
12737,"exact_zero"
12738,"exact_zero"
12739,"exact_zero"
12740,"exact_zero"
12741,"exact_zero"
12742,"exact_zero"
12743,"exact_zero"
12744,"exact_zero"
12745,"exact_zero"
12746,"exact_zero"
12747,"exact_zero"
12748,"exact_zero"
12749,"exact_zero"
12750,"exact_zero"
12751,"exact_zero"
12752,"exact_zero"
12753,"exact_zero"
12754,"exact_zero"
12755,"exact_zero"
12756,"exact_zero"
12757,"exact_zero"
12758,"exact_zero"
12759,"exact_zero"
12760,"exact_zero"
12761,"exact_zero"
12762,"exact_zero"
12763,"exact_zero"
12764,"exact_zero"
12765,"exact_zero"
12766,"exact_zero"
12767,"exact_zero"
12768,"exact_zero"
12769,"exact_zero"
12770,"exact_zero"
12771,"exact_zero"
12772,"exact_zero"
12773,"exact_zero"
12774,"exact_zero"
12775,"exact_zero"
12776,"exact_zero"
12777,"exact_zero"
12778,"exact_zero"
12779,"exact_zero"
12780,"exact_zero"
12781,"exact_zero"
12782,"exact_zero"
12783,"exact_zero"
12784,"exact_zero"
12785,"exact_zero"
12786,"exact_zero"
12787,"exact_zero"
12788,"exact_zero"
12789,"exact_zero"
12790,"exact_zero"
12791,"exact_zero"
12792,"exact_zero"
12793,"exact_zero"
12794,"exact_zero"
12795,"exact_zero"
12796,"exact_zero"
12797,"exact_zero"
12798,"exact_zero"
12799,"exact_zero"
12800,"exact_zero"
12801,"exact_zero"
12802,"exact_zero"
12803,"exact_zero"
12804,"exact_zero"
12805,"exact_zero"
12806,"exact_zero"
12807,"exact_zero"
12808,"exact_zero"
12809,"exact_zero"
12810,"exact_zero"
12811,"exact_zero"
12812,"exact_zero"
12813,"exact_zero"
12814,"exact_zero"
12815,"exact_zero"
12816,"exact_zero"
12817,"exact_zero"
12818,"exact_zero"
12819,"exact_zero"
12820,"exact_zero"
12821,"exact_zero"
12822,"exact_zero"
12823,"exact_zero"
12824,"exact_zero"
12825,"exact_zero"
12826,"exact_zero"
12827,"exact_zero"
12828,"exact_zero"
12829,"exact_zero"
12830,"exact_zero"
12831,"exact_zero"
12832,"exact_zero"
12833,"exact_zero"
12834,"exact_zero"
12835,"exact_zero"
12836,"exact_zero"
12837,"exact_zero"
12838,"exact_zero"
12839,"exact_zero"
12840,"exact_zero"
12841,"exact_zero"
12842,"exact_zero"
12843,"exact_zero"
12844,"exact_zero"
12845,"exact_zero"
12846,"exact_zero"
12847,"exact_zero"
12848,"exact_zero"
12849,"exact_zero"
12850,"exact_zero"
12851,"exact_zero"
12852,"exact_zero"
12853,"exact_zero"
12854,"exact_zero"
12855,"exact_zero"
12856,"exact_zero"
12857,"exact_zero"
12858,"exact_zero"
12859,"exact_zero"
12860,"exact_zero"
12861,"exact_zero"
12862,"exact_zero"
12863,"exact_zero"
12864,"exact_zero"
12865,"exact_zero"
12866,"exact_zero"
12867,"exact_zero"
12868,"exact_zero"
12869,"exact_zero"
12870,"exact_zero"
12871,"exact_zero"
12872,"exact_zero"
12873,"exact_zero"
12874,"exact_zero"
12875,"exact_zero"
12876,"exact_zero"
12877,"exact_zero"
12878,"exact_zero"
12879,"exact_zero"
12880,"exact_zero"
12881,"exact_zero"
12882,"exact_zero"
12883,"exact_zero"
12884,"exact_zero"
12885,"exact_zero"
12886,"exact_zero"
12887,"exact_zero"
12888,"exact_zero"
12889,"exact_zero"
12890,"exact_zero"
12891,"exact_zero"
12892,"exact_zero"
12893,"exact_zero"
12894,"exact_zero"
12895,"exact_zero"
12896,"exact_zero"
12897,"exact_zero"
12898,"exact_zero"
12899,"exact_zero"
12900,"exact_zero"
12901,"exact_zero"
12902,"exact_zero"
12903,"exact_zero"
12904,"exact_zero"
12905,"exact_zero"
12906,"exact_zero"
12907,"exact_zero"
12908,"exact_zero"
12909,"exact_zero"
12910,"exact_zero"
12911,"exact_zero"
12912,"exact_zero"
12913,"exact_zero"
12914,"exact_zero"
12915,"exact_zero"
12916,"exact_zero"
12917,"exact_zero"
12918,"exact_zero"
12919,"exact_zero"
12920,"exact_zero"
12921,"exact_zero"
12922,"exact_zero"
12923,"exact_zero"
12924,"exact_zero"
12925,"exact_zero"
12926,"exact_zero"
12927,"exact_zero"
12928,"exact_zero"
12929,"exact_zero"
12930,"exact_zero"
12931,"exact_zero"
12932,"exact_zero"
12933,"exact_zero"
12934,"exact_zero"
12935,"exact_zero"
12936,"exact_zero"
12937,"exact_zero"
12938,"exact_zero"
12939,"exact_zero"
12940,"exact_zero"
12941,"exact_zero"
12942,"exact_zero"
12943,"exact_zero"
12944,"exact_zero"
12945,"exact_zero"
12946,"exact_zero"
12947,"exact_zero"
12948,"exact_zero"
12949,"exact_zero"
12950,"exact_zero"
12951,"exact_zero"
12952,"exact_zero"
12953,"exact_zero"
12954,"exact_zero"
12955,"exact_zero"
12956,"exact_zero"
12957,"exact_zero"
12958,"exact_zero"
12959,"exact_zero"
12960,"exact_zero"
12961,"exact_zero"
12962,"exact_zero"
12963,"exact_zero"
12964,"exact_zero"
12965,"exact_zero"
12966,"exact_zero"
12967,"exact_zero"
12968,"exact_zero"
12969,"exact_zero"
12970,"exact_zero"
12971,"exact_zero"
12972,"exact_zero"
12973,"exact_zero"
12974,"exact_zero"
12975,"exact_zero"
12976,"exact_zero"
12977,"exact_zero"
12978,"exact_zero"
12979,"exact_zero"
12980,"exact_zero"
12981,"exact_zero"
12982,"exact_zero"
12983,"exact_zero"
12984,"exact_zero"
12985,"exact_zero"
12986,"exact_zero"
12987,"exact_zero"
12988,"exact_zero"
12989,"exact_zero"
12990,"exact_zero"
12991,"exact_zero"
12992,"exact_zero"
12993,"exact_zero"
12994,"exact_zero"
12995,"exact_zero"
12996,"exact_zero"
12997,"exact_zero"
12998,"exact_zero"
12999,"exact_zero"
13000,"exact_zero"
13001,"exact_zero"
13002,"exact_zero"
13003,"exact_zero"
13004,"exact_zero"
13005,"exact_zero"
13006,"exact_zero"
13007,"exact_zero"
13008,"exact_zero"
13009,"exact_zero"
13010,"exact_zero"
13011,"exact_zero"
13012,"exact_zero"
13013,"exact_zero"
13014,"exact_zero"
13015,"exact_zero"
13016,"exact_zero"
13017,"exact_zero"
13018,"exact_zero"
13019,"exact_zero"
13020,"exact_zero"
13021,"exact_zero"
13022,"exact_zero"
13023,"exact_zero"
13024,"exact_zero"
13025,"exact_zero"
13026,"exact_zero"
13027,"exact_zero"
13028,"exact_zero"
13029,"exact_zero"
13030,"exact_zero"
13031,"exact_zero"
13032,"exact_zero"
13033,"exact_zero"
13034,"exact_zero"
13035,"exact_zero"
13036,"exact_zero"
13037,"exact_zero"
13038,"exact_zero"
13039,"exact_zero"
13040,"exact_zero"
13041,"exact_zero"
13042,"exact_zero"
13043,"exact_zero"
13044,"exact_zero"
13045,"exact_zero"
13046,"exact_zero"
13047,"exact_zero"
13048,"exact_zero"
13049,"exact_zero"
13050,"exact_zero"
13051,"exact_zero"
13052,"exact_zero"
13053,"exact_zero"
13054,"exact_zero"
13055,"exact_zero"
13056,"exact_zero"
13057,"exact_zero"
13058,"exact_zero"
13059,"exact_zero"
13060,"exact_zero"
13061,"exact_zero"
13062,"exact_zero"
13063,"exact_zero"
13064,"exact_zero"
13065,"exact_zero"
13066,"exact_zero"
13067,"exact_zero"
13068,"exact_zero"
13069,"exact_zero"
13070,"exact_zero"
13071,"exact_zero"
13072,"exact_zero"
13073,"exact_zero"
13074,"exact_zero"
13075,"exact_zero"
13076,"exact_zero"
13077,"exact_zero"
13078,"exact_zero"
13079,"exact_zero"
13080,"exact_zero"
13081,"exact_zero"
13082,"exact_zero"
13083,"exact_zero"
13084,"exact_zero"
13085,"exact_zero"
13086,"exact_zero"
13087,"exact_zero"
13088,"exact_zero"
13089,"exact_zero"
13090,"exact_zero"
13091,"exact_zero"
13092,"exact_zero"
13093,"exact_zero"
13094,"exact_zero"
13095,"exact_zero"
13096,"exact_zero"
13097,"exact_zero"
13098,"exact_zero"
13099,"exact_zero"
13100,"exact_zero"
13101,"exact_zero"
13102,"exact_zero"
13103,"exact_zero"
13104,"exact_zero"
13105,"exact_zero"
13106,"exact_zero"
13107,"exact_zero"
13108,"exact_zero"
13109,"exact_zero"
13110,"exact_zero"
13111,"exact_zero"
13112,"exact_zero"
13113,"exact_zero"
13114,"exact_zero"
13115,"exact_zero"
13116,"exact_zero"
13117,"exact_zero"
13118,"exact_zero"
13119,"exact_zero"
13120,"exact_zero"
13121,"exact_zero"
13122,"exact_zero"
13123,"exact_zero"
13124,"exact_zero"
13125,"exact_zero"
13126,"exact_zero"
13127,"exact_zero"
13128,"exact_zero"
13129,"exact_zero"
13130,"exact_zero"
13131,"exact_zero"
13132,"exact_zero"
13133,"exact_zero"
13134,"exact_zero"
13135,"exact_zero"
13136,"exact_zero"
13137,"exact_zero"
13138,"exact_zero"
13139,"exact_zero"
13140,"exact_zero"
13141,"exact_zero"
13142,"exact_zero"
13143,"exact_zero"
13144,"exact_zero"
13145,"exact_zero"
13146,"exact_zero"
13147,"exact_zero"
13148,"exact_zero"
13149,"exact_zero"
13150,"exact_zero"
13151,"exact_zero"
13152,"exact_zero"
13153,"exact_zero"
13154,"exact_zero"
13155,"exact_zero"
13156,"exact_zero"
13157,"exact_zero"
13158,"exact_zero"
13159,"exact_zero"
13160,"exact_zero"
13161,"exact_zero"
13162,"exact_zero"
13163,"exact_zero"
13164,"exact_zero"
13165,"exact_zero"
13166,"exact_zero"
13167,"exact_zero"
13168,"exact_zero"
13169,"exact_zero"
13170,"exact_zero"
13171,"exact_zero"
13172,"exact_zero"
13173,"exact_zero"
13174,"exact_zero"
13175,"exact_zero"
13176,"exact_zero"
13177,"exact_zero"
13178,"exact_zero"
13179,"exact_zero"
13180,"exact_zero"
13181,"exact_zero"
13182,"exact_zero"
13183,"exact_zero"
13184,"exact_zero"
13185,"exact_zero"
13186,"exact_zero"
13187,"exact_zero"
13188,"exact_zero"
13189,"exact_zero"
13190,"exact_zero"
13191,"exact_zero"
13192,"exact_zero"
13193,"exact_zero"
13194,"exact_zero"
13195,"exact_zero"
13196,"exact_zero"
13197,"exact_zero"
13198,"exact_zero"
13199,"exact_zero"
13200,"exact_zero"
13201,"exact_zero"
13202,"exact_zero"
13203,"exact_zero"
13204,"exact_zero"
13205,"exact_zero"
13206,"exact_zero"
13207,"exact_zero"
13208,"exact_zero"
13209,"exact_zero"
13210,"exact_zero"
13211,"exact_zero"
13212,"exact_zero"
13213,"exact_zero"
13214,"exact_zero"
13215,"exact_zero"
13216,"exact_zero"
13217,"exact_zero"
13218,"exact_zero"
13219,"exact_zero"
13220,"exact_zero"
13221,"exact_zero"
13222,"exact_zero"
13223,"exact_zero"
13224,"exact_zero"
13225,"exact_zero"
13226,"exact_zero"
13227,"exact_zero"
13228,"exact_zero"
13229,"exact_zero"
13230,"exact_zero"
13231,"exact_zero"
13232,"exact_zero"
13233,"exact_zero"
13234,"exact_zero"
13235,"exact_zero"
13236,"exact_zero"
13237,"exact_zero"
13238,"exact_zero"
13239,"exact_zero"
13240,"exact_zero"
13241,"exact_zero"
13242,"exact_zero"
13243,"exact_zero"
13244,"exact_zero"
13245,"exact_zero"
13246,"exact_zero"
13247,"exact_zero"
13248,"exact_zero"
13249,"exact_zero"
13250,"exact_zero"
13251,"exact_zero"
13252,"exact_zero"
13253,"exact_zero"
13254,"exact_zero"
13255,"exact_zero"
13256,"exact_zero"
13257,"exact_zero"
13258,"exact_zero"
13259,"exact_zero"
13260,"exact_zero"
13261,"exact_zero"
13262,"exact_zero"
13263,"exact_zero"
13264,"exact_zero"
13265,"exact_zero"
13266,"exact_zero"
13267,"exact_zero"
13268,"exact_zero"
13269,"exact_zero"
13270,"exact_zero"
13271,"exact_zero"
13272,"exact_zero"
13273,"exact_zero"
13274,"exact_zero"
13275,"exact_zero"
13276,"exact_zero"
13277,"exact_zero"
13278,"exact_zero"
13279,"exact_zero"
13280,"exact_zero"
13281,"exact_zero"
13282,"exact_zero"
13283,"exact_zero"
13284,"exact_zero"
13285,"exact_zero"
13286,"exact_zero"
13287,"exact_zero"
13288,"exact_zero"
13289,"exact_zero"
13290,"exact_zero"
13291,"exact_zero"
13292,"exact_zero"
13293,"exact_zero"
13294,"exact_zero"
13295,"exact_zero"
13296,"exact_zero"
13297,"exact_zero"
13298,"exact_zero"
13299,"exact_zero"
13300,"exact_zero"
13301,"exact_zero"
13302,"exact_zero"
13303,"exact_zero"
13304,"exact_zero"
13305,"exact_zero"
13306,"exact_zero"
13307,"exact_zero"
13308,"exact_zero"
13309,"exact_zero"
13310,"exact_zero"
13311,"exact_zero"
13312,"exact_zero"
13313,"exact_zero"
13314,"exact_zero"
13315,"exact_zero"
13316,"exact_zero"
13317,"exact_zero"
13318,"exact_zero"
13319,"exact_zero"
13320,"exact_zero"
13321,"exact_zero"
13322,"exact_zero"
13323,"exact_zero"
13324,"exact_zero"
13325,"exact_zero"
13326,"exact_zero"
13327,"exact_zero"
13328,"exact_zero"
13329,"exact_zero"
13330,"exact_zero"
13331,"exact_zero"
13332,"exact_zero"
13333,"exact_zero"
13334,"exact_zero"
13335,"exact_zero"
13336,"exact_zero"
13337,"exact_zero"
13338,"exact_zero"
13339,"exact_zero"
13340,"exact_zero"
13341,"exact_zero"
13342,"exact_zero"
13343,"exact_zero"
13344,"exact_zero"
13345,"exact_zero"
13346,"exact_zero"
13347,"exact_zero"
13348,"exact_zero"
13349,"exact_zero"
13350,"exact_zero"
13351,"exact_zero"
13352,"exact_zero"
13353,"exact_zero"
13354,"exact_zero"
13355,"exact_zero"
13356,"exact_zero"
13357,"exact_zero"
13358,"exact_zero"
13359,"exact_zero"
13360,"exact_zero"
13361,"exact_zero"
13362,"exact_zero"
13363,"exact_zero"
13364,"exact_zero"
13365,"exact_zero"
13366,"exact_zero"
13367,"exact_zero"
13368,"exact_zero"
13369,"exact_zero"
13370,"exact_zero"
13371,"exact_zero"
13372,"exact_zero"
13373,"exact_zero"
13374,"exact_zero"
13375,"exact_zero"
13376,"exact_zero"
13377,"exact_zero"
13378,"exact_zero"
13379,"exact_zero"
13380,"exact_zero"
13381,"exact_zero"
13382,"exact_zero"
13383,"exact_zero"
13384,"exact_zero"
13385,"exact_zero"
13386,"exact_zero"
13387,"exact_zero"
13388,"exact_zero"
13389,"exact_zero"
13390,"exact_zero"
13391,"exact_zero"
13392,"exact_zero"
13393,"exact_zero"
13394,"exact_zero"
13395,"exact_zero"
13396,"exact_zero"
13397,"exact_zero"
13398,"exact_zero"
13399,"exact_zero"
13400,"exact_zero"
13401,"exact_zero"
13402,"exact_zero"
13403,"exact_zero"
13404,"exact_zero"
13405,"exact_zero"
13406,"exact_zero"
13407,"exact_zero"
13408,"exact_zero"
13409,"exact_zero"
13410,"exact_zero"
13411,"exact_zero"
13412,"exact_zero"
13413,"exact_zero"
13414,"exact_zero"
13415,"exact_zero"
13416,"exact_zero"
13417,"exact_zero"
13418,"exact_zero"
13419,"exact_zero"
13420,"exact_zero"
13421,"exact_zero"
13422,"exact_zero"
13423,"exact_zero"
13424,"exact_zero"
13425,"exact_zero"
13426,"exact_zero"
13427,"exact_zero"
13428,"exact_zero"
13429,"exact_zero"
13430,"exact_zero"
13431,"exact_zero"
13432,"exact_zero"
13433,"exact_zero"
13434,"exact_zero"
13435,"exact_zero"
13436,"exact_zero"
13437,"exact_zero"
13438,"exact_zero"
13439,"exact_zero"
13440,"exact_zero"
13441,"exact_zero"
13442,"exact_zero"
13443,"exact_zero"
13444,"exact_zero"
13445,"exact_zero"
13446,"exact_zero"
13447,"exact_zero"
13448,"exact_zero"
13449,"exact_zero"
13450,"exact_zero"
13451,"exact_zero"
13452,"exact_zero"
13453,"exact_zero"
13454,"exact_zero"
13455,"exact_zero"
13456,"exact_zero"
13457,"exact_zero"
13458,"exact_zero"
13459,"exact_zero"
13460,"exact_zero"
13461,"exact_zero"
13462,"exact_zero"
13463,"exact_zero"
13464,"exact_zero"
13465,"exact_zero"
13466,"exact_zero"
13467,"exact_zero"
13468,"exact_zero"
13469,"exact_zero"
13470,"exact_zero"
13471,"exact_zero"
13472,"exact_zero"
13473,"exact_zero"
13474,"exact_zero"
13475,"exact_zero"
13476,"exact_zero"
13477,"exact_zero"
13478,"exact_zero"
13479,"exact_zero"
13480,"exact_zero"
13481,"exact_zero"
13482,"exact_zero"
13483,"exact_zero"
13484,"exact_zero"
13485,"exact_zero"
13486,"exact_zero"
13487,"exact_zero"
13488,"exact_zero"
13489,"exact_zero"
13490,"exact_zero"
13491,"exact_zero"
13492,"exact_zero"
13493,"exact_zero"
13494,"exact_zero"
13495,"exact_zero"
13496,"exact_zero"
13497,"exact_zero"
13498,"exact_zero"
13499,"exact_zero"
13500,"exact_zero"
13501,"exact_zero"
13502,"exact_zero"
13503,"exact_zero"
13504,"exact_zero"
13505,"exact_zero"
13506,"exact_zero"
13507,"exact_zero"
13508,"exact_zero"
13509,"exact_zero"
13510,"exact_zero"
13511,"exact_zero"
13512,"exact_zero"
13513,"exact_zero"
13514,"exact_zero"
13515,"exact_zero"
13516,"exact_zero"
13517,"exact_zero"
13518,"exact_zero"
13519,"exact_zero"
13520,"exact_zero"
13521,"exact_zero"
13522,"exact_zero"
13523,"exact_zero"
13524,"exact_zero"
13525,"exact_zero"
13526,"exact_zero"
13527,"exact_zero"
13528,"exact_zero"
13529,"exact_zero"
13530,"exact_zero"
13531,"exact_zero"
13532,"exact_zero"
13533,"exact_zero"
13534,"exact_zero"
13535,"exact_zero"
13536,"exact_zero"
13537,"exact_zero"
13538,"exact_zero"
13539,"exact_zero"
13540,"exact_zero"
13541,"exact_zero"
13542,"exact_zero"
13543,"exact_zero"
13544,"exact_zero"
13545,"exact_zero"
13546,"exact_zero"
13547,"exact_zero"
13548,"exact_zero"
13549,"exact_zero"
13550,"exact_zero"
13551,"exact_zero"
13552,"exact_zero"
13553,"exact_zero"
13554,"exact_zero"
13555,"exact_zero"
13556,"exact_zero"
13557,"exact_zero"
13558,"exact_zero"
13559,"exact_zero"
13560,"exact_zero"
13561,"exact_zero"
13562,"exact_zero"
13563,"exact_zero"
13564,"exact_zero"
13565,"exact_zero"
13566,"exact_zero"
13567,"exact_zero"
13568,"exact_zero"
13569,"exact_zero"
13570,"exact_zero"
13571,"exact_zero"
13572,"exact_zero"
13573,"exact_zero"
13574,"exact_zero"
13575,"exact_zero"
13576,"exact_zero"
13577,"exact_zero"
13578,"exact_zero"
13579,"exact_zero"
13580,"exact_zero"
13581,"exact_zero"
13582,"exact_zero"
13583,"exact_zero"
13584,"exact_zero"
13585,"exact_zero"
13586,"exact_zero"
13587,"exact_zero"
13588,"exact_zero"
13589,"exact_zero"
13590,"exact_zero"
13591,"exact_zero"
13592,"exact_zero"
13593,"exact_zero"
13594,"exact_zero"
13595,"exact_zero"
13596,"exact_zero"
13597,"exact_zero"
13598,"exact_zero"
13599,"exact_zero"
13600,"exact_zero"
13601,"exact_zero"
13602,"exact_zero"
13603,"exact_zero"
13604,"exact_zero"
13605,"exact_zero"
13606,"exact_zero"
13607,"exact_zero"
13608,"exact_zero"
13609,"exact_zero"
13610,"exact_zero"
13611,"exact_zero"
13612,"exact_zero"
13613,"exact_zero"
13614,"exact_zero"
13615,"exact_zero"
13616,"exact_zero"
13617,"exact_zero"
13618,"exact_zero"
13619,"exact_zero"
13620,"exact_zero"
13621,"exact_zero"
13622,"exact_zero"
13623,"exact_zero"
13624,"exact_zero"
13625,"exact_zero"
13626,"exact_zero"
13627,"exact_zero"
13628,"exact_zero"
13629,"exact_zero"
13630,"exact_zero"
13631,"exact_zero"
13632,"exact_zero"
13633,"exact_zero"
13634,"exact_zero"
13635,"exact_zero"
13636,"exact_zero"
13637,"exact_zero"
13638,"exact_zero"
13639,"exact_zero"
13640,"exact_zero"
13641,"exact_zero"
13642,"exact_zero"
13643,"exact_zero"
13644,"exact_zero"
13645,"exact_zero"
13646,"exact_zero"
13647,"exact_zero"
13648,"exact_zero"
13649,"exact_zero"
13650,"exact_zero"
13651,"exact_zero"
13652,"exact_zero"
13653,"exact_zero"
13654,"exact_zero"
13655,"exact_zero"
13656,"exact_zero"
13657,"exact_zero"
13658,"exact_zero"
13659,"exact_zero"
13660,"exact_zero"
13661,"exact_zero"
13662,"exact_zero"
13663,"exact_zero"
13664,"exact_zero"
13665,"exact_zero"
13666,"exact_zero"
13667,"exact_zero"
13668,"exact_zero"
13669,"exact_zero"
13670,"exact_zero"
13671,"exact_zero"
13672,"exact_zero"
13673,"exact_zero"
13674,"exact_zero"
13675,"exact_zero"
13676,"exact_zero"
13677,"exact_zero"
13678,"exact_zero"
13679,"exact_zero"
13680,"exact_zero"
13681,"exact_zero"
13682,"exact_zero"
13683,"exact_zero"
13684,"exact_zero"
13685,"exact_zero"
13686,"exact_zero"
13687,"exact_zero"
13688,"exact_zero"
13689,"exact_zero"
13690,"exact_zero"
13691,"exact_zero"
13692,"exact_zero"
13693,"exact_zero"
13694,"exact_zero"
13695,"exact_zero"
13696,"exact_zero"
13697,"exact_zero"
13698,"exact_zero"
13699,"exact_zero"
13700,"exact_zero"
13701,"exact_zero"
13702,"exact_zero"
13703,"exact_zero"
13704,"exact_zero"
13705,"exact_zero"
13706,"exact_zero"
13707,"exact_zero"
13708,"exact_zero"
13709,"exact_zero"
13710,"exact_zero"
13711,"exact_zero"
13712,"exact_zero"
13713,"exact_zero"
13714,"exact_zero"
13715,"exact_zero"
13716,"exact_zero"
13717,"exact_zero"
13718,"exact_zero"
13719,"exact_zero"
13720,"exact_zero"
13721,"exact_zero"
13722,"exact_zero"
13723,"exact_zero"
13724,"exact_zero"
13725,"exact_zero"
13726,"exact_zero"
13727,"exact_zero"
13728,"exact_zero"
13729,"exact_zero"
13730,"exact_zero"
13731,"exact_zero"
13732,"exact_zero"
13733,"exact_zero"
13734,"exact_zero"
13735,"exact_zero"
13736,"exact_zero"
13737,"exact_zero"
13738,"exact_zero"
13739,"exact_zero"
13740,"exact_zero"
13741,"exact_zero"
13742,"exact_zero"
13743,"exact_zero"
13744,"exact_zero"
13745,"exact_zero"
13746,"exact_zero"
13747,"exact_zero"
13748,"exact_zero"
13749,"exact_zero"
13750,"exact_zero"
13751,"exact_zero"
13752,"exact_zero"
13753,"exact_zero"
13754,"exact_zero"
13755,"exact_zero"
13756,"exact_zero"
13757,"exact_zero"
13758,"exact_zero"
13759,"exact_zero"
13760,"exact_zero"
13761,"exact_zero"
13762,"exact_zero"
13763,"exact_zero"
13764,"exact_zero"
13765,"exact_zero"
13766,"exact_zero"
13767,"exact_zero"
13768,"exact_zero"
13769,"exact_zero"
13770,"exact_zero"
13771,"exact_zero"
13772,"exact_zero"
13773,"exact_zero"
13774,"exact_zero"
13775,"exact_zero"
13776,"exact_zero"
13777,"exact_zero"
13778,"exact_zero"
13779,"exact_zero"
13780,"exact_zero"
13781,"exact_zero"
13782,"exact_zero"
13783,"exact_zero"
13784,"exact_zero"
13785,"exact_zero"
13786,"exact_zero"
13787,"exact_zero"
13788,"exact_zero"
13789,"exact_zero"
13790,"exact_zero"
13791,"exact_zero"
13792,"exact_zero"
13793,"exact_zero"
13794,"exact_zero"
13795,"exact_zero"
13796,"exact_zero"
13797,"exact_zero"
13798,"exact_zero"
13799,"exact_zero"
13800,"exact_zero"
13801,"exact_zero"
13802,"exact_zero"
13803,"exact_zero"
13804,"exact_zero"
13805,"exact_zero"
13806,"exact_zero"
13807,"exact_zero"
13808,"exact_zero"
13809,"exact_zero"
13810,"exact_zero"
13811,"exact_zero"
13812,"exact_zero"
13813,"exact_zero"
13814,"exact_zero"
13815,"exact_zero"
13816,"exact_zero"
13817,"exact_zero"
13818,"exact_zero"
13819,"exact_zero"
13820,"exact_zero"
13821,"exact_zero"
13822,"exact_zero"
13823,"exact_zero"
13824,"exact_zero"
13825,"exact_zero"
13826,"exact_zero"
13827,"exact_zero"
13828,"exact_zero"
13829,"exact_zero"
13830,"exact_zero"
13831,"exact_zero"
13832,"exact_zero"
13833,"exact_zero"
13834,"exact_zero"
13835,"exact_zero"
13836,"exact_zero"
13837,"exact_zero"
13838,"exact_zero"
13839,"exact_zero"
13840,"exact_zero"
13841,"exact_zero"
13842,"exact_zero"
13843,"exact_zero"
13844,"exact_zero"
13845,"exact_zero"
13846,"exact_zero"
13847,"exact_zero"
13848,"exact_zero"
13849,"exact_zero"
13850,"exact_zero"
13851,"exact_zero"
13852,"exact_zero"
13853,"exact_zero"
13854,"exact_zero"
13855,"exact_zero"
13856,"exact_zero"
13857,"exact_zero"
13858,"exact_zero"
13859,"exact_zero"
13860,"exact_zero"
13861,"exact_zero"
13862,"exact_zero"
13863,"exact_zero"
13864,"exact_zero"
13865,"exact_zero"
13866,"exact_zero"
13867,"exact_zero"
13868,"exact_zero"
13869,"exact_zero"
13870,"exact_zero"
13871,"exact_zero"
13872,"exact_zero"
13873,"exact_zero"
13874,"exact_zero"
13875,"exact_zero"
13876,"exact_zero"
13877,"exact_zero"
13878,"exact_zero"
13879,"exact_zero"
13880,"exact_zero"
13881,"exact_zero"
13882,"exact_zero"
13883,"exact_zero"
13884,"exact_zero"
13885,"exact_zero"
13886,"exact_zero"
13887,"exact_zero"
13888,"exact_zero"
13889,"exact_zero"
13890,"exact_zero"
13891,"exact_zero"
13892,"exact_zero"
13893,"exact_zero"
13894,"exact_zero"
13895,"exact_zero"
13896,"exact_zero"
13897,"exact_zero"
13898,"exact_zero"
13899,"exact_zero"
13900,"exact_zero"
13901,"exact_zero"
13902,"exact_zero"
13903,"exact_zero"
13904,"exact_zero"
13905,"exact_zero"
13906,"exact_zero"
13907,"exact_zero"
13908,"exact_zero"
13909,"exact_zero"
13910,"exact_zero"
13911,"exact_zero"
13912,"exact_zero"
13913,"exact_zero"
13914,"exact_zero"
13915,"exact_zero"
13916,"exact_zero"
13917,"exact_zero"
13918,"exact_zero"
13919,"exact_zero"
13920,"exact_zero"
13921,"exact_zero"
13922,"exact_zero"
13923,"exact_zero"
13924,"exact_zero"
13925,"exact_zero"
13926,"exact_zero"
13927,"exact_zero"
13928,"exact_zero"
13929,"exact_zero"
13930,"exact_zero"
13931,"exact_zero"
13932,"exact_zero"
13933,"exact_zero"
13934,"exact_zero"
13935,"exact_zero"
13936,"exact_zero"
13937,"exact_zero"
13938,"exact_zero"
13939,"exact_zero"
13940,"exact_zero"
13941,"exact_zero"
13942,"exact_zero"
13943,"exact_zero"
13944,"exact_zero"
13945,"exact_zero"
13946,"exact_zero"
13947,"exact_zero"
13948,"exact_zero"
13949,"exact_zero"
13950,"exact_zero"
13951,"exact_zero"
13952,"exact_zero"
13953,"exact_zero"
13954,"exact_zero"
13955,"exact_zero"
13956,"exact_zero"
13957,"exact_zero"
13958,"exact_zero"
13959,"exact_zero"
13960,"exact_zero"
13961,"exact_zero"
13962,"exact_zero"
13963,"exact_zero"
13964,"exact_zero"
13965,"exact_zero"
13966,"exact_zero"
13967,"exact_zero"
13968,"exact_zero"
13969,"exact_zero"
13970,"exact_zero"
13971,"exact_zero"
13972,"exact_zero"
13973,"exact_zero"
13974,"exact_zero"
13975,"exact_zero"
13976,"exact_zero"
13977,"exact_zero"
13978,"exact_zero"
13979,"exact_zero"
13980,"exact_zero"
13981,"exact_zero"
13982,"exact_zero"
13983,"exact_zero"
13984,"exact_zero"
13985,"exact_zero"
13986,"exact_zero"
13987,"exact_zero"
13988,"exact_zero"
13989,"exact_zero"
13990,"exact_zero"
13991,"exact_zero"
13992,"exact_zero"
13993,"exact_zero"
13994,"exact_zero"
13995,"exact_zero"
13996,"exact_zero"
13997,"exact_zero"
13998,"exact_zero"
13999,"exact_zero"
14000,"exact_zero"
14001,"exact_zero"
14002,"exact_zero"
14003,"exact_zero"
14004,"exact_zero"
14005,"exact_zero"
14006,"exact_zero"
14007,"exact_zero"
14008,"exact_zero"
14009,"exact_zero"
14010,"exact_zero"
14011,"exact_zero"
14012,"exact_zero"
14013,"exact_zero"
14014,"exact_zero"
14015,"exact_zero"
14016,"exact_zero"
14017,"exact_zero"
14018,"exact_zero"
14019,"exact_zero"
14020,"exact_zero"
14021,"exact_zero"
14022,"exact_zero"
14023,"exact_zero"
14024,"exact_zero"
14025,"exact_zero"
14026,"exact_zero"
14027,"exact_zero"
14028,"exact_zero"
14029,"exact_zero"
14030,"exact_zero"
14031,"exact_zero"
14032,"exact_zero"
14033,"exact_zero"
14034,"exact_zero"
14035,"exact_zero"
14036,"exact_zero"
14037,"exact_zero"
14038,"exact_zero"
14039,"exact_zero"
14040,"exact_zero"
14041,"exact_zero"
14042,"exact_zero"
14043,"exact_zero"
14044,"exact_zero"
14045,"exact_zero"
14046,"exact_zero"
14047,"exact_zero"
14048,"exact_zero"
14049,"exact_zero"
14050,"exact_zero"
14051,"exact_zero"
14052,"exact_zero"
14053,"exact_zero"
14054,"exact_zero"
14055,"exact_zero"
14056,"exact_zero"
14057,"exact_zero"
14058,"exact_zero"
14059,"exact_zero"
14060,"exact_zero"
14061,"exact_zero"
14062,"exact_zero"
14063,"exact_zero"
14064,"exact_zero"
14065,"exact_zero"
14066,"exact_zero"
14067,"exact_zero"
14068,"exact_zero"
14069,"exact_zero"
14070,"exact_zero"
14071,"exact_zero"
14072,"exact_zero"
14073,"exact_zero"
14074,"exact_zero"
14075,"exact_zero"
14076,"exact_zero"
14077,"exact_zero"
14078,"exact_zero"
14079,"exact_zero"
14080,"exact_zero"
14081,"exact_zero"
14082,"exact_zero"
14083,"exact_zero"
14084,"exact_zero"
14085,"exact_zero"
14086,"exact_zero"
14087,"exact_zero"
14088,"exact_zero"
14089,"exact_zero"
14090,"exact_zero"
14091,"exact_zero"
14092,"exact_zero"
14093,"exact_zero"
14094,"exact_zero"
14095,"exact_zero"
14096,"exact_zero"
14097,"exact_zero"
14098,"exact_zero"
14099,"exact_zero"
14100,"exact_zero"
14101,"exact_zero"
14102,"exact_zero"
14103,"exact_zero"
14104,"exact_zero"
14105,"exact_zero"
14106,"exact_zero"
14107,"exact_zero"
14108,"exact_zero"
14109,"exact_zero"
14110,"exact_zero"
14111,"exact_zero"
14112,"exact_zero"
14113,"exact_zero"
14114,"exact_zero"
14115,"exact_zero"
14116,"exact_zero"
14117,"exact_zero"
14118,"exact_zero"
14119,"exact_zero"
14120,"exact_zero"
14121,"exact_zero"
14122,"exact_zero"
14123,"exact_zero"
14124,"exact_zero"
14125,"exact_zero"
14126,"exact_zero"
14127,"exact_zero"
14128,"exact_zero"
14129,"exact_zero"
14130,"exact_zero"
14131,"exact_zero"
14132,"exact_zero"
14133,"exact_zero"
14134,"exact_zero"
14135,"exact_zero"
14136,"exact_zero"
14137,"exact_zero"
14138,"exact_zero"
14139,"exact_zero"
14140,"exact_zero"
14141,"exact_zero"
14142,"exact_zero"
14143,"exact_zero"
14144,"exact_zero"
14145,"exact_zero"
14146,"exact_zero"
14147,"exact_zero"
14148,"exact_zero"
14149,"exact_zero"
14150,"exact_zero"
14151,"exact_zero"
14152,"exact_zero"
14153,"exact_zero"
14154,"exact_zero"
14155,"exact_zero"
14156,"exact_zero"
14157,"exact_zero"
14158,"exact_zero"
14159,"exact_zero"
14160,"exact_zero"
14161,"exact_zero"
14162,"exact_zero"
14163,"exact_zero"
14164,"exact_zero"
14165,"exact_zero"
14166,"exact_zero"
14167,"exact_zero"
14168,"exact_zero"
14169,"exact_zero"
14170,"exact_zero"
14171,"exact_zero"
14172,"exact_zero"
14173,"exact_zero"
14174,"exact_zero"
14175,"exact_zero"
14176,"exact_zero"
14177,"exact_zero"
14178,"exact_zero"
14179,"exact_zero"
14180,"exact_zero"
14181,"exact_zero"
14182,"exact_zero"
14183,"exact_zero"
14184,"exact_zero"
14185,"exact_zero"
14186,"exact_zero"
14187,"exact_zero"
14188,"exact_zero"
14189,"exact_zero"
14190,"exact_zero"
14191,"exact_zero"
14192,"exact_zero"
14193,"exact_zero"
14194,"exact_zero"
14195,"exact_zero"
14196,"exact_zero"
14197,"exact_zero"
14198,"exact_zero"
14199,"exact_zero"
14200,"exact_zero"
14201,"exact_zero"
14202,"exact_zero"
14203,"exact_zero"
14204,"exact_zero"
14205,"exact_zero"
14206,"exact_zero"
14207,"exact_zero"
14208,"exact_zero"
14209,"exact_zero"
14210,"exact_zero"
14211,"exact_zero"
14212,"exact_zero"
14213,"exact_zero"
14214,"exact_zero"
14215,"exact_zero"
14216,"exact_zero"
14217,"exact_zero"
14218,"exact_zero"
14219,"exact_zero"
14220,"exact_zero"
14221,"exact_zero"
14222,"exact_zero"
14223,"exact_zero"
14224,"exact_zero"
14225,"exact_zero"
14226,"exact_zero"
14227,"exact_zero"
14228,"exact_zero"
14229,"exact_zero"
14230,"exact_zero"
14231,"exact_zero"
14232,"exact_zero"
14233,"exact_zero"
14234,"exact_zero"
14235,"exact_zero"
14236,"exact_zero"
14237,"exact_zero"
14238,"exact_zero"
14239,"exact_zero"
14240,"exact_zero"
14241,"exact_zero"
14242,"exact_zero"
14243,"exact_zero"
14244,"exact_zero"
14245,"exact_zero"
14246,"exact_zero"
14247,"exact_zero"
14248,"exact_zero"
14249,"exact_zero"
14250,"exact_zero"
14251,"exact_zero"
14252,"exact_zero"
14253,"exact_zero"
14254,"exact_zero"
14255,"exact_zero"
14256,"exact_zero"
14257,"exact_zero"
14258,"exact_zero"
14259,"exact_zero"
14260,"exact_zero"
14261,"exact_zero"
14262,"exact_zero"
14263,"exact_zero"
14264,"exact_zero"
14265,"exact_zero"
14266,"exact_zero"
14267,"exact_zero"
14268,"exact_zero"
14269,"exact_zero"
14270,"exact_zero"
14271,"exact_zero"
14272,"exact_zero"
14273,"exact_zero"
14274,"exact_zero"
14275,"exact_zero"
14276,"exact_zero"
14277,"exact_zero"
14278,"exact_zero"
14279,"exact_zero"
14280,"exact_zero"
14281,"exact_zero"
14282,"exact_zero"
14283,"exact_zero"
14284,"exact_zero"
14285,"exact_zero"
14286,"exact_zero"
14287,"exact_zero"
14288,"exact_zero"
14289,"exact_zero"
14290,"exact_zero"
14291,"exact_zero"
14292,"exact_zero"
14293,"exact_zero"
14294,"exact_zero"
14295,"exact_zero"
14296,"exact_zero"
14297,"exact_zero"
14298,"exact_zero"
14299,"exact_zero"
14300,"exact_zero"
14301,"exact_zero"
14302,"exact_zero"
14303,"exact_zero"
14304,"exact_zero"
14305,"exact_zero"
14306,"exact_zero"
14307,"exact_zero"
14308,"exact_zero"
14309,"exact_zero"
14310,"exact_zero"
14311,"exact_zero"
14312,"exact_zero"
14313,"exact_zero"
14314,"exact_zero"
14315,"exact_zero"
14316,"exact_zero"
14317,"exact_zero"
14318,"exact_zero"
14319,"exact_zero"
14320,"exact_zero"
14321,"exact_zero"
14322,"exact_zero"
14323,"exact_zero"
14324,"exact_zero"
14325,"exact_zero"
14326,"exact_zero"
14327,"exact_zero"
14328,"exact_zero"
14329,"exact_zero"
14330,"exact_zero"
14331,"exact_zero"
14332,"exact_zero"
14333,"exact_zero"
14334,"exact_zero"
14335,"exact_zero"
14336,"exact_zero"
14337,"exact_zero"
14338,"exact_zero"
14339,"exact_zero"
14340,"exact_zero"
14341,"exact_zero"
14342,"exact_zero"
14343,"exact_zero"
14344,"exact_zero"
14345,"exact_zero"
14346,"exact_zero"
14347,"exact_zero"
14348,"exact_zero"
14349,"exact_zero"
14350,"exact_zero"
14351,"exact_zero"
14352,"exact_zero"
14353,"exact_zero"
14354,"exact_zero"
14355,"exact_zero"
14356,"exact_zero"
14357,"exact_zero"
14358,"exact_zero"
14359,"exact_zero"
14360,"exact_zero"
14361,"exact_zero"
14362,"exact_zero"
14363,"exact_zero"
14364,"exact_zero"
14365,"exact_zero"
14366,"exact_zero"
14367,"exact_zero"
14368,"exact_zero"
14369,"exact_zero"
14370,"exact_zero"
14371,"exact_zero"
14372,"exact_zero"
14373,"exact_zero"
14374,"exact_zero"
14375,"exact_zero"
14376,"exact_zero"
14377,"exact_zero"
14378,"exact_zero"
14379,"exact_zero"
14380,"exact_zero"
14381,"exact_zero"
14382,"exact_zero"
14383,"exact_zero"
14384,"exact_zero"
14385,"exact_zero"
14386,"exact_zero"
14387,"exact_zero"
14388,"exact_zero"
14389,"exact_zero"
14390,"exact_zero"
14391,"exact_zero"
14392,"exact_zero"
14393,"exact_zero"
14394,"exact_zero"
14395,"exact_zero"
14396,"exact_zero"
14397,"exact_zero"
14398,"exact_zero"
14399,"exact_zero"
14400,"exact_zero"
14401,"exact_zero"
14402,"exact_zero"
14403,"exact_zero"
14404,"exact_zero"
14405,"exact_zero"
14406,"exact_zero"
14407,"exact_zero"
14408,"exact_zero"
14409,"exact_zero"
14410,"exact_zero"
14411,"exact_zero"
14412,"exact_zero"
14413,"exact_zero"
14414,"exact_zero"
14415,"exact_zero"
14416,"exact_zero"
14417,"exact_zero"
14418,"exact_zero"
14419,"exact_zero"
14420,"exact_zero"
14421,"exact_zero"
14422,"exact_zero"
14423,"exact_zero"
14424,"exact_zero"
14425,"exact_zero"
14426,"exact_zero"
14427,"exact_zero"
14428,"exact_zero"
14429,"exact_zero"
14430,"exact_zero"
14431,"exact_zero"
14432,"exact_zero"
14433,"exact_zero"
14434,"exact_zero"
14435,"exact_zero"
14436,"exact_zero"
14437,"exact_zero"
14438,"exact_zero"
14439,"exact_zero"
14440,"exact_zero"
14441,"exact_zero"
14442,"exact_zero"
14443,"exact_zero"
14444,"exact_zero"
14445,"exact_zero"
14446,"exact_zero"
14447,"exact_zero"
14448,"exact_zero"
14449,"exact_zero"
14450,"exact_zero"
14451,"exact_zero"
14452,"exact_zero"
14453,"exact_zero"
14454,"exact_zero"
14455,"exact_zero"
14456,"exact_zero"
14457,"exact_zero"
14458,"exact_zero"
14459,"exact_zero"
14460,"exact_zero"
14461,"exact_zero"
14462,"exact_zero"
14463,"exact_zero"
14464,"exact_zero"
14465,"exact_zero"
14466,"exact_zero"
14467,"exact_zero"
14468,"exact_zero"
14469,"exact_zero"
14470,"exact_zero"
14471,"exact_zero"
14472,"exact_zero"
14473,"exact_zero"
14474,"exact_zero"
14475,"exact_zero"
14476,"exact_zero"
14477,"exact_zero"
14478,"exact_zero"
14479,"exact_zero"
14480,"exact_zero"
14481,"exact_zero"
14482,"exact_zero"
14483,"exact_zero"
14484,"exact_zero"
14485,"exact_zero"
14486,"exact_zero"
14487,"exact_zero"
14488,"exact_zero"
14489,"exact_zero"
14490,"exact_zero"
14491,"exact_zero"
14492,"exact_zero"
14493,"exact_zero"
14494,"exact_zero"
14495,"exact_zero"
14496,"exact_zero"
14497,"exact_zero"
14498,"exact_zero"
14499,"exact_zero"
14500,"exact_zero"
14501,"exact_zero"
14502,"exact_zero"
14503,"exact_zero"
14504,"exact_zero"
14505,"exact_zero"
14506,"exact_zero"
14507,"exact_zero"
14508,"exact_zero"
14509,"exact_zero"
14510,"exact_zero"
14511,"exact_zero"
14512,"exact_zero"
14513,"exact_zero"
14514,"exact_zero"
14515,"exact_zero"
14516,"exact_zero"
14517,"exact_zero"
14518,"exact_zero"
14519,"exact_zero"
14520,"exact_zero"
14521,"exact_zero"
14522,"exact_zero"
14523,"exact_zero"
14524,"exact_zero"
14525,"exact_zero"
14526,"exact_zero"
14527,"exact_zero"
14528,"exact_zero"
14529,"exact_zero"
14530,"exact_zero"
14531,"exact_zero"
14532,"exact_zero"
14533,"exact_zero"
14534,"exact_zero"
14535,"exact_zero"
14536,"exact_zero"
14537,"exact_zero"
14538,"exact_zero"
14539,"exact_zero"
14540,"exact_zero"
14541,"exact_zero"
14542,"exact_zero"
14543,"exact_zero"
14544,"exact_zero"
14545,"exact_zero"
14546,"exact_zero"
14547,"exact_zero"
14548,"exact_zero"
14549,"exact_zero"
14550,"exact_zero"
14551,"exact_zero"
14552,"exact_zero"
14553,"exact_zero"
14554,"exact_zero"
14555,"exact_zero"
14556,"exact_zero"
14557,"exact_zero"
14558,"exact_zero"
14559,"exact_zero"
14560,"exact_zero"
14561,"exact_zero"
14562,"exact_zero"
14563,"exact_zero"
14564,"exact_zero"
14565,"exact_zero"
14566,"exact_zero"
14567,"exact_zero"
14568,"exact_zero"
14569,"exact_zero"
14570,"exact_zero"
14571,"exact_zero"
14572,"exact_zero"
14573,"exact_zero"
14574,"exact_zero"
14575,"exact_zero"
14576,"exact_zero"
14577,"exact_zero"
14578,"exact_zero"
14579,"exact_zero"
14580,"exact_zero"
14581,"exact_zero"
14582,"exact_zero"
14583,"exact_zero"
14584,"exact_zero"
14585,"exact_zero"
14586,"exact_zero"
14587,"exact_zero"
14588,"exact_zero"
14589,"exact_zero"
14590,"exact_zero"
14591,"exact_zero"
14592,"exact_zero"
14593,"exact_zero"
14594,"exact_zero"
14595,"exact_zero"
14596,"exact_zero"
14597,"exact_zero"
14598,"exact_zero"
14599,"exact_zero"
14600,"exact_zero"
14601,"exact_zero"
14602,"exact_zero"
14603,"exact_zero"
14604,"exact_zero"
14605,"exact_zero"
14606,"exact_zero"
14607,"exact_zero"
14608,"exact_zero"
14609,"exact_zero"
14610,"exact_zero"
14611,"exact_zero"
14612,"exact_zero"
14613,"exact_zero"
14614,"exact_zero"
14615,"exact_zero"
14616,"exact_zero"
14617,"exact_zero"
14618,"exact_zero"
14619,"exact_zero"
14620,"exact_zero"
14621,"exact_zero"
14622,"exact_zero"
14623,"exact_zero"
14624,"exact_zero"
14625,"exact_zero"
14626,"exact_zero"
14627,"exact_zero"
14628,"exact_zero"
14629,"exact_zero"
14630,"exact_zero"
14631,"exact_zero"
14632,"exact_zero"
14633,"exact_zero"
14634,"exact_zero"
14635,"exact_zero"
14636,"exact_zero"
14637,"exact_zero"
14638,"exact_zero"
14639,"exact_zero"
14640,"exact_zero"
14641,"exact_zero"
14642,"exact_zero"
14643,"exact_zero"
14644,"exact_zero"
14645,"exact_zero"
14646,"exact_zero"
14647,"exact_zero"
14648,"exact_zero"
14649,"exact_zero"
14650,"exact_zero"
14651,"exact_zero"
14652,"exact_zero"
14653,"exact_zero"
14654,"exact_zero"
14655,"exact_zero"
14656,"exact_zero"
14657,"exact_zero"
14658,"exact_zero"
14659,"exact_zero"
14660,"exact_zero"
14661,"exact_zero"
14662,"exact_zero"
14663,"exact_zero"
14664,"exact_zero"
14665,"exact_zero"
14666,"exact_zero"
14667,"exact_zero"
14668,"exact_zero"
14669,"exact_zero"
14670,"exact_zero"
14671,"exact_zero"
14672,"exact_zero"
14673,"exact_zero"
14674,"exact_zero"
14675,"exact_zero"
14676,"exact_zero"
14677,"exact_zero"
14678,"exact_zero"
14679,"exact_zero"
14680,"exact_zero"
14681,"exact_zero"
14682,"exact_zero"
14683,"exact_zero"
14684,"exact_zero"
14685,"exact_zero"
14686,"exact_zero"
14687,"exact_zero"
14688,"exact_zero"
14689,"exact_zero"
14690,"exact_zero"
14691,"exact_zero"
14692,"exact_zero"
14693,"exact_zero"
14694,"exact_zero"
14695,"exact_zero"
14696,"exact_zero"
14697,"exact_zero"
14698,"exact_zero"
14699,"exact_zero"
14700,"exact_zero"
14701,"exact_zero"
14702,"exact_zero"
14703,"exact_zero"
14704,"exact_zero"
14705,"exact_zero"
14706,"exact_zero"
14707,"exact_zero"
14708,"exact_zero"
14709,"exact_zero"
14710,"exact_zero"
14711,"exact_zero"
14712,"exact_zero"
14713,"exact_zero"
14714,"exact_zero"
14715,"exact_zero"
14716,"exact_zero"
14717,"exact_zero"
14718,"exact_zero"
14719,"exact_zero"
14720,"exact_zero"
14721,"exact_zero"
14722,"exact_zero"
14723,"exact_zero"
14724,"exact_zero"
14725,"exact_zero"
14726,"exact_zero"
14727,"exact_zero"
14728,"exact_zero"
14729,"exact_zero"
14730,"exact_zero"
14731,"exact_zero"
14732,"exact_zero"
14733,"exact_zero"
14734,"exact_zero"
14735,"exact_zero"
14736,"exact_zero"
14737,"exact_zero"
14738,"exact_zero"
14739,"exact_zero"
14740,"exact_zero"
14741,"exact_zero"
14742,"exact_zero"
14743,"exact_zero"
14744,"exact_zero"
14745,"exact_zero"
14746,"exact_zero"
14747,"exact_zero"
14748,"exact_zero"
14749,"exact_zero"
14750,"exact_zero"
14751,"exact_zero"
14752,"exact_zero"
14753,"exact_zero"
14754,"exact_zero"
14755,"exact_zero"
14756,"exact_zero"
14757,"exact_zero"
14758,"exact_zero"
14759,"exact_zero"
14760,"exact_zero"
14761,"exact_zero"
14762,"exact_zero"
14763,"exact_zero"
14764,"exact_zero"
14765,"exact_zero"
14766,"exact_zero"
14767,"exact_zero"
14768,"exact_zero"
14769,"exact_zero"
14770,"exact_zero"
14771,"exact_zero"
14772,"exact_zero"
14773,"exact_zero"
14774,"exact_zero"
14775,"exact_zero"
14776,"exact_zero"
14777,"exact_zero"
14778,"exact_zero"
14779,"exact_zero"
14780,"exact_zero"
14781,"exact_zero"
14782,"exact_zero"
14783,"exact_zero"
14784,"exact_zero"
14785,"exact_zero"
14786,"exact_zero"
14787,"exact_zero"
14788,"exact_zero"
14789,"exact_zero"
14790,"exact_zero"
14791,"exact_zero"
14792,"exact_zero"
14793,"exact_zero"
14794,"exact_zero"
14795,"exact_zero"
14796,"exact_zero"
14797,"exact_zero"
14798,"exact_zero"
14799,"exact_zero"
14800,"exact_zero"
14801,"exact_zero"
14802,"exact_zero"
14803,"exact_zero"
14804,"exact_zero"
14805,"exact_zero"
14806,"exact_zero"
14807,"exact_zero"
14808,"exact_zero"
14809,"exact_zero"
14810,"exact_zero"
14811,"exact_zero"
14812,"exact_zero"
14813,"exact_zero"
14814,"exact_zero"
14815,"exact_zero"
14816,"exact_zero"
14817,"exact_zero"
14818,"exact_zero"
14819,"exact_zero"
14820,"exact_zero"
14821,"exact_zero"
14822,"exact_zero"
14823,"exact_zero"
14824,"exact_zero"
14825,"exact_zero"
14826,"exact_zero"
14827,"exact_zero"
14828,"exact_zero"
14829,"exact_zero"
14830,"exact_zero"
14831,"exact_zero"
14832,"exact_zero"
14833,"exact_zero"
14834,"exact_zero"
14835,"exact_zero"
14836,"exact_zero"
14837,"exact_zero"
14838,"exact_zero"
14839,"exact_zero"
14840,"exact_zero"
14841,"exact_zero"
14842,"exact_zero"
14843,"exact_zero"
14844,"exact_zero"
14845,"exact_zero"
14846,"exact_zero"
14847,"exact_zero"
14848,"exact_zero"
14849,"exact_zero"
14850,"exact_zero"
14851,"exact_zero"
14852,"exact_zero"
14853,"exact_zero"
14854,"exact_zero"
14855,"exact_zero"
14856,"exact_zero"
14857,"exact_zero"
14858,"exact_zero"
14859,"exact_zero"
14860,"exact_zero"
14861,"exact_zero"
14862,"exact_zero"
14863,"exact_zero"
14864,"exact_zero"
14865,"exact_zero"
14866,"exact_zero"
14867,"exact_zero"
14868,"exact_zero"
14869,"exact_zero"
14870,"exact_zero"
14871,"exact_zero"
14872,"exact_zero"
14873,"exact_zero"
14874,"exact_zero"
14875,"exact_zero"
14876,"exact_zero"
14877,"exact_zero"
14878,"exact_zero"
14879,"exact_zero"
14880,"exact_zero"
14881,"exact_zero"
14882,"exact_zero"
14883,"exact_zero"
14884,"exact_zero"
14885,"exact_zero"
14886,"exact_zero"
14887,"exact_zero"
14888,"exact_zero"
14889,"exact_zero"
14890,"exact_zero"
14891,"exact_zero"
14892,"exact_zero"
14893,"exact_zero"
14894,"exact_zero"
14895,"exact_zero"
14896,"exact_zero"
14897,"exact_zero"
14898,"exact_zero"
14899,"exact_zero"
14900,"exact_zero"
14901,"exact_zero"
14902,"exact_zero"
14903,"exact_zero"
14904,"exact_zero"
14905,"exact_zero"
14906,"exact_zero"
14907,"exact_zero"
14908,"exact_zero"
14909,"exact_zero"
14910,"exact_zero"
14911,"exact_zero"
14912,"exact_zero"
14913,"exact_zero"
14914,"exact_zero"
14915,"exact_zero"
14916,"exact_zero"
14917,"exact_zero"
14918,"exact_zero"
14919,"exact_zero"
14920,"exact_zero"
14921,"exact_zero"
14922,"exact_zero"
14923,"exact_zero"
14924,"exact_zero"
14925,"exact_zero"
14926,"exact_zero"
14927,"exact_zero"
14928,"exact_zero"
14929,"exact_zero"
14930,"exact_zero"
14931,"exact_zero"
14932,"exact_zero"
14933,"exact_zero"
14934,"exact_zero"
14935,"exact_zero"
14936,"exact_zero"
14937,"exact_zero"
14938,"exact_zero"
14939,"exact_zero"
14940,"exact_zero"
14941,"exact_zero"
14942,"exact_zero"
14943,"exact_zero"
14944,"exact_zero"
14945,"exact_zero"
14946,"exact_zero"
14947,"exact_zero"
14948,"exact_zero"
14949,"exact_zero"
14950,"exact_zero"
14951,"exact_zero"
14952,"exact_zero"
14953,"exact_zero"
14954,"exact_zero"
14955,"exact_zero"
14956,"exact_zero"
14957,"exact_zero"
14958,"exact_zero"
14959,"exact_zero"
14960,"exact_zero"
14961,"exact_zero"
14962,"exact_zero"
14963,"exact_zero"
14964,"exact_zero"
14965,"exact_zero"
14966,"exact_zero"
14967,"exact_zero"
14968,"exact_zero"
14969,"exact_zero"
14970,"exact_zero"
14971,"exact_zero"
14972,"exact_zero"
14973,"exact_zero"
14974,"exact_zero"
14975,"exact_zero"
14976,"exact_zero"
14977,"exact_zero"
14978,"exact_zero"
14979,"exact_zero"
14980,"exact_zero"
14981,"exact_zero"
14982,"exact_zero"
14983,"exact_zero"
14984,"exact_zero"
14985,"exact_zero"
14986,"exact_zero"
14987,"exact_zero"
14988,"exact_zero"
14989,"exact_zero"
14990,"exact_zero"
14991,"exact_zero"
14992,"exact_zero"
14993,"exact_zero"
14994,"exact_zero"
14995,"exact_zero"
14996,"exact_zero"
14997,"exact_zero"
14998,"exact_zero"
14999,"exact_zero"
15000,"exact_zero"
15001,"exact_zero"
15002,"exact_zero"
15003,"exact_zero"
15004,"exact_zero"
15005,"exact_zero"
15006,"exact_zero"
15007,"exact_zero"
15008,"exact_zero"
15009,"exact_zero"
15010,"exact_zero"
15011,"exact_zero"
15012,"exact_zero"
15013,"exact_zero"
15014,"exact_zero"
15015,"exact_zero"
15016,"exact_zero"
15017,"exact_zero"
15018,"exact_zero"
15019,"exact_zero"
15020,"exact_zero"
15021,"exact_zero"
15022,"exact_zero"
15023,"exact_zero"
15024,"exact_zero"
15025,"exact_zero"
15026,"exact_zero"
15027,"exact_zero"
15028,"exact_zero"
15029,"exact_zero"
15030,"exact_zero"
15031,"exact_zero"
15032,"exact_zero"
15033,"exact_zero"
15034,"exact_zero"
15035,"exact_zero"
15036,"exact_zero"
15037,"exact_zero"
15038,"exact_zero"
15039,"exact_zero"
15040,"exact_zero"
15041,"exact_zero"
15042,"exact_zero"
15043,"exact_zero"
15044,"exact_zero"
15045,"exact_zero"
15046,"exact_zero"
15047,"exact_zero"
15048,"exact_zero"
15049,"exact_zero"
15050,"exact_zero"
15051,"exact_zero"
15052,"exact_zero"
15053,"exact_zero"
15054,"exact_zero"
15055,"exact_zero"
15056,"exact_zero"
15057,"exact_zero"
15058,"exact_zero"
15059,"exact_zero"
15060,"exact_zero"
15061,"exact_zero"
15062,"exact_zero"
15063,"exact_zero"
15064,"exact_zero"
15065,"exact_zero"
15066,"exact_zero"
15067,"exact_zero"
15068,"exact_zero"
15069,"exact_zero"
15070,"exact_zero"
15071,"exact_zero"
15072,"exact_zero"
15073,"exact_zero"
15074,"exact_zero"
15075,"exact_zero"
15076,"exact_zero"
15077,"exact_zero"
15078,"exact_zero"
15079,"exact_zero"
15080,"exact_zero"
15081,"exact_zero"
15082,"exact_zero"
15083,"exact_zero"
15084,"exact_zero"
15085,"exact_zero"
15086,"exact_zero"
15087,"exact_zero"
15088,"exact_zero"
15089,"exact_zero"
15090,"exact_zero"
15091,"exact_zero"
15092,"exact_zero"
15093,"exact_zero"
15094,"exact_zero"
15095,"exact_zero"
15096,"exact_zero"
15097,"exact_zero"
15098,"exact_zero"
15099,"exact_zero"
15100,"exact_zero"
15101,"exact_zero"
15102,"exact_zero"
15103,"exact_zero"
15104,"exact_zero"
15105,"exact_zero"
15106,"exact_zero"
15107,"exact_zero"
15108,"exact_zero"
15109,"exact_zero"
15110,"exact_zero"
15111,"exact_zero"
15112,"exact_zero"
15113,"exact_zero"
15114,"exact_zero"
15115,"exact_zero"
15116,"exact_zero"
15117,"exact_zero"
15118,"exact_zero"
15119,"exact_zero"
15120,"exact_zero"
15121,"exact_zero"
15122,"exact_zero"
15123,"exact_zero"
15124,"exact_zero"
15125,"exact_zero"
15126,"exact_zero"
15127,"exact_zero"
15128,"exact_zero"
15129,"exact_zero"
15130,"exact_zero"
15131,"exact_zero"
15132,"exact_zero"
15133,"exact_zero"
15134,"exact_zero"
15135,"exact_zero"
15136,"exact_zero"
15137,"exact_zero"
15138,"exact_zero"
15139,"exact_zero"
15140,"exact_zero"
15141,"exact_zero"
15142,"exact_zero"
15143,"exact_zero"
15144,"exact_zero"
15145,"exact_zero"
15146,"exact_zero"
15147,"exact_zero"
15148,"exact_zero"
15149,"exact_zero"
15150,"exact_zero"
15151,"exact_zero"
15152,"exact_zero"
15153,"exact_zero"
15154,"exact_zero"
15155,"exact_zero"
15156,"exact_zero"
15157,"exact_zero"
15158,"exact_zero"
15159,"exact_zero"
15160,"exact_zero"
15161,"exact_zero"
15162,"exact_zero"
15163,"exact_zero"
15164,"exact_zero"
15165,"exact_zero"
15166,"exact_zero"
15167,"exact_zero"
15168,"exact_zero"
15169,"exact_zero"
15170,"exact_zero"
15171,"exact_zero"
15172,"exact_zero"
15173,"exact_zero"
15174,"exact_zero"
15175,"exact_zero"
15176,"exact_zero"
15177,"exact_zero"
15178,"exact_zero"
15179,"exact_zero"
15180,"exact_zero"
15181,"exact_zero"
15182,"exact_zero"
15183,"exact_zero"
15184,"exact_zero"
15185,"exact_zero"
15186,"exact_zero"
15187,"exact_zero"
15188,"exact_zero"
15189,"exact_zero"
15190,"exact_zero"
15191,"exact_zero"
15192,"exact_zero"
15193,"exact_zero"
15194,"exact_zero"
15195,"exact_zero"
15196,"exact_zero"
15197,"exact_zero"
15198,"exact_zero"
15199,"exact_zero"
15200,"exact_zero"
15201,"exact_zero"
15202,"exact_zero"
15203,"exact_zero"
15204,"exact_zero"
15205,"exact_zero"
15206,"exact_zero"
15207,"exact_zero"
15208,"exact_zero"
15209,"exact_zero"
15210,"exact_zero"
15211,"exact_zero"
15212,"exact_zero"
15213,"exact_zero"
15214,"exact_zero"
15215,"exact_zero"
15216,"exact_zero"
15217,"exact_zero"
15218,"exact_zero"
15219,"exact_zero"
15220,"exact_zero"
15221,"exact_zero"
15222,"exact_zero"
15223,"exact_zero"
15224,"exact_zero"
15225,"exact_zero"
15226,"exact_zero"
15227,"exact_zero"
15228,"exact_zero"
15229,"exact_zero"
15230,"exact_zero"
15231,"exact_zero"
15232,"exact_zero"
15233,"exact_zero"
15234,"exact_zero"
15235,"exact_zero"
15236,"exact_zero"
15237,"exact_zero"
15238,"exact_zero"
15239,"exact_zero"
15240,"exact_zero"
15241,"exact_zero"
15242,"exact_zero"
15243,"exact_zero"
15244,"exact_zero"
15245,"exact_zero"
15246,"exact_zero"
15247,"exact_zero"
15248,"exact_zero"
15249,"exact_zero"
15250,"exact_zero"
15251,"exact_zero"
15252,"exact_zero"
15253,"exact_zero"
15254,"exact_zero"
15255,"exact_zero"
15256,"exact_zero"
15257,"exact_zero"
15258,"exact_zero"
15259,"exact_zero"
15260,"exact_zero"
15261,"exact_zero"
15262,"exact_zero"
15263,"exact_zero"
15264,"exact_zero"
15265,"exact_zero"
15266,"exact_zero"
15267,"exact_zero"
15268,"exact_zero"
15269,"exact_zero"
15270,"exact_zero"
15271,"exact_zero"
15272,"exact_zero"
15273,"exact_zero"
15274,"exact_zero"
15275,"exact_zero"
15276,"exact_zero"
15277,"exact_zero"
15278,"exact_zero"
15279,"exact_zero"
15280,"exact_zero"
15281,"exact_zero"
15282,"exact_zero"
15283,"exact_zero"
15284,"exact_zero"
15285,"exact_zero"
15286,"exact_zero"
15287,"exact_zero"
15288,"exact_zero"
15289,"exact_zero"
15290,"exact_zero"
15291,"exact_zero"
15292,"exact_zero"
15293,"exact_zero"
15294,"exact_zero"
15295,"exact_zero"
15296,"exact_zero"
15297,"exact_zero"
15298,"exact_zero"
15299,"exact_zero"
15300,"exact_zero"
15301,"exact_zero"
15302,"exact_zero"
15303,"exact_zero"
15304,"exact_zero"
15305,"exact_zero"
15306,"exact_zero"
15307,"exact_zero"
15308,"exact_zero"
15309,"exact_zero"
15310,"exact_zero"
15311,"exact_zero"
15312,"exact_zero"
15313,"exact_zero"
15314,"exact_zero"
15315,"exact_zero"
15316,"exact_zero"
15317,"exact_zero"
15318,"exact_zero"
15319,"exact_zero"
15320,"exact_zero"
15321,"exact_zero"
15322,"exact_zero"
15323,"exact_zero"
15324,"exact_zero"
15325,"exact_zero"
15326,"exact_zero"
15327,"exact_zero"
15328,"exact_zero"
15329,"exact_zero"
15330,"exact_zero"
15331,"exact_zero"
15332,"exact_zero"
15333,"exact_zero"
15334,"exact_zero"
15335,"exact_zero"
15336,"exact_zero"
15337,"exact_zero"
15338,"exact_zero"
15339,"exact_zero"
15340,"exact_zero"
15341,"exact_zero"
15342,"exact_zero"
15343,"exact_zero"
15344,"exact_zero"
15345,"exact_zero"
15346,"exact_zero"
15347,"exact_zero"
15348,"exact_zero"
15349,"exact_zero"
15350,"exact_zero"
15351,"exact_zero"
15352,"exact_zero"
15353,"exact_zero"
15354,"exact_zero"
15355,"exact_zero"
15356,"exact_zero"
15357,"exact_zero"
15358,"exact_zero"
15359,"exact_zero"
15360,"exact_zero"
15361,"exact_zero"
15362,"exact_zero"
15363,"exact_zero"
15364,"exact_zero"
15365,"exact_zero"
15366,"exact_zero"
15367,"exact_zero"
15368,"exact_zero"
15369,"exact_zero"
15370,"exact_zero"
15371,"exact_zero"
15372,"exact_zero"
15373,"exact_zero"
15374,"exact_zero"
15375,"exact_zero"
15376,"exact_zero"
15377,"exact_zero"
15378,"exact_zero"
15379,"exact_zero"
15380,"exact_zero"
15381,"exact_zero"
15382,"exact_zero"
15383,"exact_zero"
15384,"exact_zero"
15385,"exact_zero"
15386,"exact_zero"
15387,"exact_zero"
15388,"exact_zero"
15389,"exact_zero"
15390,"exact_zero"
15391,"exact_zero"
15392,"exact_zero"
15393,"exact_zero"
15394,"exact_zero"
15395,"exact_zero"
15396,"exact_zero"
15397,"exact_zero"
15398,"exact_zero"
15399,"exact_zero"
15400,"exact_zero"
15401,"exact_zero"
15402,"exact_zero"
15403,"exact_zero"
15404,"exact_zero"
15405,"exact_zero"
15406,"exact_zero"
15407,"exact_zero"
15408,"exact_zero"
15409,"exact_zero"
15410,"exact_zero"
15411,"exact_zero"
15412,"exact_zero"
15413,"exact_zero"
15414,"exact_zero"
15415,"exact_zero"
15416,"exact_zero"
15417,"exact_zero"
15418,"exact_zero"
15419,"exact_zero"
15420,"exact_zero"
15421,"exact_zero"
15422,"exact_zero"
15423,"exact_zero"
15424,"exact_zero"
15425,"exact_zero"
15426,"exact_zero"
15427,"exact_zero"
15428,"exact_zero"
15429,"exact_zero"
15430,"exact_zero"
15431,"exact_zero"
15432,"exact_zero"
15433,"exact_zero"
15434,"exact_zero"
15435,"exact_zero"
15436,"exact_zero"
15437,"exact_zero"
15438,"exact_zero"
15439,"exact_zero"
15440,"exact_zero"
15441,"exact_zero"
15442,"exact_zero"
15443,"exact_zero"
15444,"exact_zero"
15445,"exact_zero"
15446,"exact_zero"
15447,"exact_zero"
15448,"exact_zero"
15449,"exact_zero"
15450,"exact_zero"
15451,"exact_zero"
15452,"exact_zero"
15453,"exact_zero"
15454,"exact_zero"
15455,"exact_zero"
15456,"exact_zero"
15457,"exact_zero"
15458,"exact_zero"
15459,"exact_zero"
15460,"exact_zero"
15461,"exact_zero"
15462,"exact_zero"
15463,"exact_zero"
15464,"exact_zero"
15465,"exact_zero"
15466,"exact_zero"
15467,"exact_zero"
15468,"exact_zero"
15469,"exact_zero"
15470,"exact_zero"
15471,"exact_zero"
15472,"exact_zero"
15473,"exact_zero"
15474,"exact_zero"
15475,"exact_zero"
15476,"exact_zero"
15477,"exact_zero"
15478,"exact_zero"
15479,"exact_zero"
15480,"exact_zero"
15481,"exact_zero"
15482,"exact_zero"
15483,"exact_zero"
15484,"exact_zero"
15485,"exact_zero"
15486,"exact_zero"
15487,"exact_zero"
15488,"exact_zero"
15489,"exact_zero"
15490,"exact_zero"
15491,"exact_zero"
15492,"exact_zero"
15493,"exact_zero"
15494,"exact_zero"
15495,"exact_zero"
15496,"exact_zero"
15497,"exact_zero"
15498,"exact_zero"
15499,"exact_zero"
15500,"exact_zero"
15501,"exact_zero"
15502,"exact_zero"
15503,"exact_zero"
15504,"exact_zero"
15505,"exact_zero"
15506,"exact_zero"
15507,"exact_zero"
15508,"exact_zero"
15509,"exact_zero"
15510,"exact_zero"
15511,"exact_zero"
15512,"exact_zero"
15513,"exact_zero"
15514,"exact_zero"
15515,"exact_zero"
15516,"exact_zero"
15517,"exact_zero"
15518,"exact_zero"
15519,"exact_zero"
15520,"exact_zero"
15521,"exact_zero"
15522,"exact_zero"
15523,"exact_zero"
15524,"exact_zero"
15525,"exact_zero"
15526,"exact_zero"
15527,"exact_zero"
15528,"exact_zero"
15529,"exact_zero"
15530,"exact_zero"
15531,"exact_zero"
15532,"exact_zero"
15533,"exact_zero"
15534,"exact_zero"
15535,"exact_zero"
15536,"exact_zero"
15537,"exact_zero"
15538,"exact_zero"
15539,"exact_zero"
15540,"exact_zero"
15541,"exact_zero"
15542,"exact_zero"
15543,"exact_zero"
15544,"exact_zero"
15545,"exact_zero"
15546,"exact_zero"
15547,"exact_zero"
15548,"exact_zero"
15549,"exact_zero"
15550,"exact_zero"
15551,"exact_zero"
15552,"exact_zero"
15553,"exact_zero"
15554,"exact_zero"
15555,"exact_zero"
15556,"exact_zero"
15557,"exact_zero"
15558,"exact_zero"
15559,"exact_zero"
15560,"exact_zero"
15561,"exact_zero"
15562,"exact_zero"
15563,"exact_zero"
15564,"exact_zero"
15565,"exact_zero"
15566,"exact_zero"
15567,"exact_zero"
15568,"exact_zero"
15569,"exact_zero"
15570,"exact_zero"
15571,"exact_zero"
15572,"exact_zero"
15573,"exact_zero"
15574,"exact_zero"
15575,"exact_zero"
15576,"exact_zero"
15577,"exact_zero"
15578,"exact_zero"
15579,"exact_zero"
15580,"exact_zero"
15581,"exact_zero"
15582,"exact_zero"
15583,"exact_zero"
15584,"exact_zero"
15585,"exact_zero"
15586,"exact_zero"
15587,"exact_zero"
15588,"exact_zero"
15589,"exact_zero"
15590,"exact_zero"
15591,"exact_zero"
15592,"exact_zero"
15593,"exact_zero"
15594,"exact_zero"
15595,"exact_zero"
15596,"exact_zero"
15597,"exact_zero"
15598,"exact_zero"
15599,"exact_zero"
15600,"exact_zero"
15601,"exact_zero"
15602,"exact_zero"
15603,"exact_zero"
15604,"exact_zero"
15605,"exact_zero"
15606,"exact_zero"
15607,"exact_zero"
15608,"exact_zero"
15609,"exact_zero"
15610,"exact_zero"
15611,"exact_zero"
15612,"exact_zero"
15613,"exact_zero"
15614,"exact_zero"
15615,"exact_zero"
15616,"exact_zero"
15617,"exact_zero"
15618,"exact_zero"
15619,"exact_zero"
15620,"exact_zero"
15621,"exact_zero"
15622,"exact_zero"
15623,"exact_zero"
15624,"exact_zero"
15625,"exact_zero"
15626,"exact_zero"
15627,"exact_zero"
15628,"exact_zero"
15629,"exact_zero"
15630,"exact_zero"
15631,"exact_zero"
15632,"exact_zero"
15633,"exact_zero"
15634,"exact_zero"
15635,"exact_zero"
15636,"exact_zero"
15637,"exact_zero"
15638,"exact_zero"
15639,"exact_zero"
15640,"exact_zero"
15641,"exact_zero"
15642,"exact_zero"
15643,"exact_zero"
15644,"exact_zero"
15645,"exact_zero"
15646,"exact_zero"
15647,"exact_zero"
15648,"exact_zero"
15649,"exact_zero"
15650,"exact_zero"
15651,"exact_zero"
15652,"exact_zero"
15653,"exact_zero"
15654,"exact_zero"
15655,"exact_zero"
15656,"exact_zero"
15657,"exact_zero"
15658,"exact_zero"
15659,"exact_zero"
15660,"exact_zero"
15661,"exact_zero"
15662,"exact_zero"
15663,"exact_zero"
15664,"exact_zero"
15665,"exact_zero"
15666,"exact_zero"
15667,"exact_zero"
15668,"exact_zero"
15669,"exact_zero"
15670,"exact_zero"
15671,"exact_zero"
15672,"exact_zero"
15673,"exact_zero"
15674,"exact_zero"
15675,"exact_zero"
15676,"exact_zero"
15677,"exact_zero"
15678,"exact_zero"
15679,"exact_zero"
15680,"exact_zero"
15681,"exact_zero"
15682,"exact_zero"
15683,"exact_zero"
15684,"exact_zero"
15685,"exact_zero"
15686,"exact_zero"
15687,"exact_zero"
15688,"exact_zero"
15689,"exact_zero"
15690,"exact_zero"
15691,"exact_zero"
15692,"exact_zero"
15693,"exact_zero"
15694,"exact_zero"
15695,"exact_zero"
15696,"exact_zero"
15697,"exact_zero"
15698,"exact_zero"
15699,"exact_zero"
15700,"exact_zero"
15701,"exact_zero"
15702,"exact_zero"
15703,"exact_zero"
15704,"exact_zero"
15705,"exact_zero"
15706,"exact_zero"
15707,"exact_zero"
15708,"exact_zero"
15709,"exact_zero"
15710,"exact_zero"
15711,"exact_zero"
15712,"exact_zero"
15713,"exact_zero"
15714,"exact_zero"
15715,"exact_zero"
15716,"exact_zero"
15717,"exact_zero"
15718,"exact_zero"
15719,"exact_zero"
15720,"exact_zero"
15721,"exact_zero"
15722,"exact_zero"
15723,"exact_zero"
15724,"exact_zero"
15725,"exact_zero"
15726,"exact_zero"
15727,"exact_zero"
15728,"exact_zero"
15729,"exact_zero"
15730,"exact_zero"
15731,"exact_zero"
15732,"exact_zero"
15733,"exact_zero"
15734,"exact_zero"
15735,"exact_zero"
15736,"exact_zero"
15737,"exact_zero"
15738,"exact_zero"
15739,"exact_zero"
15740,"exact_zero"
15741,"exact_zero"
15742,"exact_zero"
15743,"exact_zero"
15744,"exact_zero"
15745,"exact_zero"
15746,"exact_zero"
15747,"exact_zero"
15748,"exact_zero"
15749,"exact_zero"
15750,"exact_zero"
15751,"exact_zero"
15752,"exact_zero"
15753,"exact_zero"
15754,"exact_zero"
15755,"exact_zero"
15756,"exact_zero"
15757,"exact_zero"
15758,"exact_zero"
15759,"exact_zero"
15760,"exact_zero"
15761,"exact_zero"
15762,"exact_zero"
15763,"exact_zero"
15764,"exact_zero"
15765,"exact_zero"
15766,"exact_zero"
15767,"exact_zero"
15768,"exact_zero"
15769,"exact_zero"
15770,"exact_zero"
15771,"exact_zero"
15772,"exact_zero"
15773,"exact_zero"
15774,"exact_zero"
15775,"exact_zero"
15776,"exact_zero"
15777,"exact_zero"
15778,"exact_zero"
15779,"exact_zero"
15780,"exact_zero"
15781,"exact_zero"
15782,"exact_zero"
15783,"exact_zero"
15784,"exact_zero"
15785,"exact_zero"
15786,"exact_zero"
15787,"exact_zero"
15788,"exact_zero"
15789,"exact_zero"
15790,"exact_zero"
15791,"exact_zero"
15792,"exact_zero"
15793,"exact_zero"
15794,"exact_zero"
15795,"exact_zero"
15796,"exact_zero"
15797,"exact_zero"
15798,"exact_zero"
15799,"exact_zero"
15800,"exact_zero"
15801,"exact_zero"
15802,"exact_zero"
15803,"exact_zero"
15804,"exact_zero"
15805,"exact_zero"
15806,"exact_zero"
15807,"exact_zero"
15808,"exact_zero"
15809,"exact_zero"
15810,"exact_zero"
15811,"exact_zero"
15812,"exact_zero"
15813,"exact_zero"
15814,"exact_zero"
15815,"exact_zero"
15816,"exact_zero"
15817,"exact_zero"
15818,"exact_zero"
15819,"exact_zero"
15820,"exact_zero"
15821,"exact_zero"
15822,"exact_zero"
15823,"exact_zero"
15824,"exact_zero"
15825,"exact_zero"
15826,"exact_zero"
15827,"exact_zero"
15828,"exact_zero"
15829,"exact_zero"
15830,"exact_zero"
15831,"exact_zero"
15832,"exact_zero"
15833,"exact_zero"
15834,"exact_zero"
15835,"exact_zero"
15836,"exact_zero"
15837,"exact_zero"
15838,"exact_zero"
15839,"exact_zero"
15840,"exact_zero"
15841,"exact_zero"
15842,"exact_zero"
15843,"exact_zero"
15844,"exact_zero"
15845,"exact_zero"
15846,"exact_zero"
15847,"exact_zero"
15848,"exact_zero"
15849,"exact_zero"
15850,"exact_zero"
15851,"exact_zero"
15852,"exact_zero"
15853,"exact_zero"
15854,"exact_zero"
15855,"exact_zero"
15856,"exact_zero"
15857,"exact_zero"
15858,"exact_zero"
15859,"exact_zero"
15860,"exact_zero"
15861,"exact_zero"
15862,"exact_zero"
15863,"exact_zero"
15864,"exact_zero"
15865,"exact_zero"
15866,"exact_zero"
15867,"exact_zero"
15868,"exact_zero"
15869,"exact_zero"
15870,"exact_zero"
15871,"exact_zero"
15872,"exact_zero"
15873,"exact_zero"
15874,"exact_zero"
15875,"exact_zero"
15876,"exact_zero"
15877,"exact_zero"
15878,"exact_zero"
15879,"exact_zero"
15880,"exact_zero"
15881,"exact_zero"
15882,"exact_zero"
15883,"exact_zero"
15884,"exact_zero"
15885,"exact_zero"
15886,"exact_zero"
15887,"exact_zero"
15888,"exact_zero"
15889,"exact_zero"
15890,"exact_zero"
15891,"exact_zero"
15892,"exact_zero"
15893,"exact_zero"
15894,"exact_zero"
15895,"exact_zero"
15896,"exact_zero"
15897,"exact_zero"
15898,"exact_zero"
15899,"exact_zero"
15900,"exact_zero"
15901,"exact_zero"
15902,"exact_zero"
15903,"exact_zero"
15904,"exact_zero"
15905,"exact_zero"
15906,"exact_zero"
15907,"exact_zero"
15908,"exact_zero"
15909,"exact_zero"
15910,"exact_zero"
15911,"exact_zero"
15912,"exact_zero"
15913,"exact_zero"
15914,"exact_zero"
15915,"exact_zero"
15916,"exact_zero"
15917,"exact_zero"
15918,"exact_zero"
15919,"exact_zero"
15920,"exact_zero"
15921,"exact_zero"
15922,"exact_zero"
15923,"exact_zero"
15924,"exact_zero"
15925,"exact_zero"
15926,"exact_zero"
15927,"exact_zero"
15928,"exact_zero"
15929,"exact_zero"
15930,"exact_zero"
15931,"exact_zero"
15932,"exact_zero"
15933,"exact_zero"
15934,"exact_zero"
15935,"exact_zero"
15936,"exact_zero"
15937,"exact_zero"
15938,"exact_zero"
15939,"exact_zero"
15940,"exact_zero"
15941,"exact_zero"
15942,"exact_zero"
15943,"exact_zero"
15944,"exact_zero"
15945,"exact_zero"
15946,"exact_zero"
15947,"exact_zero"
15948,"exact_zero"
15949,"exact_zero"
15950,"exact_zero"
15951,"exact_zero"
15952,"exact_zero"
15953,"exact_zero"
15954,"exact_zero"
15955,"exact_zero"
15956,"exact_zero"
15957,"exact_zero"
15958,"exact_zero"
15959,"exact_zero"
15960,"exact_zero"
15961,"exact_zero"
15962,"exact_zero"
15963,"exact_zero"
15964,"exact_zero"
15965,"exact_zero"
15966,"exact_zero"
15967,"exact_zero"
15968,"exact_zero"
15969,"exact_zero"
15970,"exact_zero"
15971,"exact_zero"
15972,"exact_zero"
15973,"exact_zero"
15974,"exact_zero"
15975,"exact_zero"
15976,"exact_zero"
15977,"exact_zero"
15978,"exact_zero"
15979,"exact_zero"
15980,"exact_zero"
15981,"exact_zero"
15982,"exact_zero"
15983,"exact_zero"
15984,"exact_zero"
15985,"exact_zero"
15986,"exact_zero"
15987,"exact_zero"
15988,"exact_zero"
15989,"exact_zero"
15990,"exact_zero"
15991,"exact_zero"
15992,"exact_zero"
15993,"exact_zero"
15994,"exact_zero"
15995,"exact_zero"
15996,"exact_zero"
15997,"exact_zero"
15998,"exact_zero"
15999,"exact_zero"
16000,"exact_zero"
16001,"exact_zero"
16002,"exact_zero"
16003,"exact_zero"
16004,"exact_zero"
16005,"exact_zero"
16006,"exact_zero"
16007,"exact_zero"
16008,"exact_zero"
16009,"exact_zero"
16010,"exact_zero"
16011,"exact_zero"
16012,"exact_zero"
16013,"exact_zero"
16014,"exact_zero"
16015,"exact_zero"
16016,"exact_zero"
16017,"exact_zero"
16018,"exact_zero"
16019,"exact_zero"
16020,"exact_zero"
16021,"exact_zero"
16022,"exact_zero"
16023,"exact_zero"
16024,"exact_zero"
16025,"exact_zero"
16026,"exact_zero"
16027,"exact_zero"
16028,"exact_zero"
16029,"exact_zero"
16030,"exact_zero"
16031,"exact_zero"
16032,"exact_zero"
16033,"exact_zero"
16034,"exact_zero"
16035,"exact_zero"
16036,"exact_zero"
16037,"exact_zero"
16038,"exact_zero"
16039,"exact_zero"
16040,"exact_zero"
16041,"exact_zero"
16042,"exact_zero"
16043,"exact_zero"
16044,"exact_zero"
16045,"exact_zero"
16046,"exact_zero"
16047,"exact_zero"
16048,"exact_zero"
16049,"exact_zero"
16050,"exact_zero"
16051,"exact_zero"
16052,"exact_zero"
16053,"exact_zero"
16054,"exact_zero"
16055,"exact_zero"
16056,"exact_zero"
16057,"exact_zero"
16058,"exact_zero"
16059,"exact_zero"
16060,"exact_zero"
16061,"exact_zero"
16062,"exact_zero"
16063,"exact_zero"
16064,"exact_zero"
16065,"exact_zero"
16066,"exact_zero"
16067,"exact_zero"
16068,"exact_zero"
16069,"exact_zero"
16070,"exact_zero"
16071,"exact_zero"
16072,"exact_zero"
16073,"exact_zero"
16074,"exact_zero"
16075,"exact_zero"
16076,"exact_zero"
16077,"exact_zero"
16078,"exact_zero"
16079,"exact_zero"
16080,"exact_zero"
16081,"exact_zero"
16082,"exact_zero"
16083,"exact_zero"
16084,"exact_zero"
16085,"exact_zero"
16086,"exact_zero"
16087,"exact_zero"
16088,"exact_zero"
16089,"exact_zero"
16090,"exact_zero"
16091,"exact_zero"
16092,"exact_zero"
16093,"exact_zero"
16094,"exact_zero"
16095,"exact_zero"
16096,"exact_zero"
16097,"exact_zero"
16098,"exact_zero"
16099,"exact_zero"
16100,"exact_zero"
16101,"exact_zero"
16102,"exact_zero"
16103,"exact_zero"
16104,"exact_zero"
16105,"exact_zero"
16106,"exact_zero"
16107,"exact_zero"
16108,"exact_zero"
16109,"exact_zero"
16110,"exact_zero"
16111,"exact_zero"
16112,"exact_zero"
16113,"exact_zero"
16114,"exact_zero"
16115,"exact_zero"
16116,"exact_zero"
16117,"exact_zero"
16118,"exact_zero"
16119,"exact_zero"
16120,"exact_zero"
16121,"exact_zero"
16122,"exact_zero"
16123,"exact_zero"
16124,"exact_zero"
16125,"exact_zero"
16126,"exact_zero"
16127,"exact_zero"
16128,"exact_zero"
16129,"exact_zero"
16130,"exact_zero"
16131,"exact_zero"
16132,"exact_zero"
16133,"exact_zero"
16134,"exact_zero"
16135,"exact_zero"
16136,"exact_zero"
16137,"exact_zero"
16138,"exact_zero"
16139,"exact_zero"
16140,"exact_zero"
16141,"exact_zero"
16142,"exact_zero"
16143,"exact_zero"
16144,"exact_zero"
16145,"exact_zero"
16146,"exact_zero"
16147,"exact_zero"
16148,"exact_zero"
16149,"exact_zero"
16150,"exact_zero"
16151,"exact_zero"
16152,"exact_zero"
16153,"exact_zero"
16154,"exact_zero"
16155,"exact_zero"
16156,"exact_zero"
16157,"exact_zero"
16158,"exact_zero"
16159,"exact_zero"
16160,"exact_zero"
16161,"exact_zero"
16162,"exact_zero"
16163,"exact_zero"
16164,"exact_zero"
16165,"exact_zero"
16166,"exact_zero"
16167,"exact_zero"
16168,"exact_zero"
16169,"exact_zero"
16170,"exact_zero"
16171,"exact_zero"
16172,"exact_zero"
16173,"exact_zero"
16174,"exact_zero"
16175,"exact_zero"
16176,"exact_zero"
16177,"exact_zero"
16178,"exact_zero"
16179,"exact_zero"
16180,"exact_zero"
16181,"exact_zero"
16182,"exact_zero"
16183,"exact_zero"
16184,"exact_zero"
16185,"exact_zero"
16186,"exact_zero"
16187,"exact_zero"
16188,"exact_zero"
16189,"exact_zero"
16190,"exact_zero"
16191,"exact_zero"
16192,"exact_zero"
16193,"exact_zero"
16194,"exact_zero"
16195,"exact_zero"
16196,"exact_zero"
16197,"exact_zero"
16198,"exact_zero"
16199,"exact_zero"
16200,"exact_zero"
16201,"exact_zero"
16202,"exact_zero"
16203,"exact_zero"
16204,"exact_zero"
16205,"exact_zero"
16206,"exact_zero"
16207,"exact_zero"
16208,"exact_zero"
16209,"exact_zero"
16210,"exact_zero"
16211,"exact_zero"
16212,"exact_zero"
16213,"exact_zero"
16214,"exact_zero"
16215,"exact_zero"
16216,"exact_zero"
16217,"exact_zero"
16218,"exact_zero"
16219,"exact_zero"
16220,"exact_zero"
16221,"exact_zero"
16222,"exact_zero"
16223,"exact_zero"
16224,"exact_zero"
16225,"exact_zero"
16226,"exact_zero"
16227,"exact_zero"
16228,"exact_zero"
16229,"exact_zero"
16230,"exact_zero"
16231,"exact_zero"
16232,"exact_zero"
16233,"exact_zero"
16234,"exact_zero"
16235,"exact_zero"
16236,"exact_zero"
16237,"exact_zero"
16238,"exact_zero"
16239,"exact_zero"
16240,"exact_zero"
16241,"exact_zero"
16242,"exact_zero"
16243,"exact_zero"
16244,"exact_zero"
16245,"exact_zero"
16246,"exact_zero"
16247,"exact_zero"
16248,"exact_zero"
16249,"exact_zero"
16250,"exact_zero"
16251,"exact_zero"
16252,"exact_zero"
16253,"exact_zero"
16254,"exact_zero"
16255,"exact_zero"
16256,"exact_zero"
16257,"exact_zero"
16258,"exact_zero"
16259,"exact_zero"
16260,"exact_zero"
16261,"exact_zero"
16262,"exact_zero"
16263,"exact_zero"
16264,"exact_zero"
16265,"exact_zero"
16266,"exact_zero"
16267,"exact_zero"
16268,"exact_zero"
16269,"exact_zero"
16270,"exact_zero"
16271,"exact_zero"
16272,"exact_zero"
16273,"exact_zero"
16274,"exact_zero"
16275,"exact_zero"
16276,"exact_zero"
16277,"exact_zero"
16278,"exact_zero"
16279,"exact_zero"
16280,"exact_zero"
16281,"exact_zero"
16282,"exact_zero"
16283,"exact_zero"
16284,"exact_zero"
16285,"exact_zero"
16286,"exact_zero"
16287,"exact_zero"
16288,"exact_zero"
16289,"exact_zero"
16290,"exact_zero"
16291,"exact_zero"
16292,"exact_zero"
16293,"exact_zero"
16294,"exact_zero"
16295,"exact_zero"
16296,"exact_zero"
16297,"exact_zero"
16298,"exact_zero"
16299,"exact_zero"
16300,"exact_zero"
16301,"exact_zero"
16302,"exact_zero"
16303,"exact_zero"
16304,"exact_zero"
16305,"exact_zero"
16306,"exact_zero"
16307,"exact_zero"
16308,"exact_zero"
16309,"exact_zero"
16310,"exact_zero"
16311,"exact_zero"
16312,"exact_zero"
16313,"exact_zero"
16314,"exact_zero"
16315,"exact_zero"
16316,"exact_zero"
16317,"exact_zero"
16318,"exact_zero"
16319,"exact_zero"
16320,"exact_zero"
16321,"exact_zero"
16322,"exact_zero"
16323,"exact_zero"
16324,"exact_zero"
16325,"exact_zero"
16326,"exact_zero"
16327,"exact_zero"
16328,"exact_zero"
16329,"exact_zero"
16330,"exact_zero"
16331,"exact_zero"
16332,"exact_zero"
16333,"exact_zero"
16334,"exact_zero"
16335,"exact_zero"
16336,"exact_zero"
16337,"exact_zero"
16338,"exact_zero"
16339,"exact_zero"
16340,"exact_zero"
16341,"exact_zero"
16342,"exact_zero"
16343,"exact_zero"
16344,"exact_zero"
16345,"exact_zero"
16346,"exact_zero"
16347,"exact_zero"
16348,"exact_zero"
16349,"exact_zero"
16350,"exact_zero"
16351,"exact_zero"
16352,"exact_zero"
16353,"exact_zero"
16354,"exact_zero"
16355,"exact_zero"
16356,"exact_zero"
16357,"exact_zero"
16358,"exact_zero"
16359,"exact_zero"
16360,"exact_zero"
16361,"exact_zero"
16362,"exact_zero"
16363,"exact_zero"
16364,"exact_zero"
16365,"exact_zero"
16366,"exact_zero"
16367,"exact_zero"
16368,"exact_zero"
16369,"exact_zero"
16370,"exact_zero"
16371,"exact_zero"
16372,"exact_zero"
16373,"exact_zero"
16374,"exact_zero"
16375,"exact_zero"
16376,"exact_zero"
16377,"exact_zero"
16378,"exact_zero"
16379,"exact_zero"
16380,"exact_zero"
16381,"exact_zero"
16382,"exact_zero"
16383,"exact_zero"
16384,"exact_zero"
16385,"exact_zero"
16386,"exact_zero"
16387,"exact_zero"
16388,"exact_zero"
16389,"exact_zero"
16390,"exact_zero"
16391,"exact_zero"
16392,"exact_zero"
16393,"exact_zero"
16394,"exact_zero"
16395,"exact_zero"
16396,"exact_zero"
16397,"exact_zero"
16398,"exact_zero"
16399,"exact_zero"
16400,"exact_zero"
16401,"exact_zero"
16402,"exact_zero"
16403,"exact_zero"
16404,"exact_zero"
16405,"exact_zero"
16406,"exact_zero"
16407,"exact_zero"
16408,"exact_zero"
16409,"exact_zero"
16410,"exact_zero"
16411,"exact_zero"
16412,"exact_zero"
16413,"exact_zero"
16414,"exact_zero"
16415,"exact_zero"
16416,"exact_zero"
16417,"exact_zero"
16418,"exact_zero"
16419,"exact_zero"
16420,"exact_zero"
16421,"exact_zero"
16422,"exact_zero"
16423,"exact_zero"
16424,"exact_zero"
16425,"exact_zero"
16426,"exact_zero"
16427,"exact_zero"
16428,"exact_zero"
16429,"exact_zero"
16430,"exact_zero"
16431,"exact_zero"
16432,"exact_zero"
16433,"exact_zero"
16434,"exact_zero"
16435,"exact_zero"
16436,"exact_zero"
16437,"exact_zero"
16438,"exact_zero"
16439,"exact_zero"
16440,"exact_zero"
16441,"exact_zero"
16442,"exact_zero"
16443,"exact_zero"
16444,"exact_zero"
16445,"exact_zero"
16446,"exact_zero"
16447,"exact_zero"
16448,"exact_zero"
16449,"exact_zero"
16450,"exact_zero"
16451,"exact_zero"
16452,"exact_zero"
16453,"exact_zero"
16454,"exact_zero"
16455,"exact_zero"
16456,"exact_zero"
16457,"exact_zero"
16458,"exact_zero"
16459,"exact_zero"
16460,"exact_zero"
16461,"exact_zero"
16462,"exact_zero"
16463,"exact_zero"
16464,"exact_zero"
16465,"exact_zero"
16466,"exact_zero"
16467,"exact_zero"
16468,"exact_zero"
16469,"exact_zero"
16470,"exact_zero"
16471,"exact_zero"
16472,"exact_zero"
16473,"exact_zero"
16474,"exact_zero"
16475,"exact_zero"
16476,"exact_zero"
16477,"exact_zero"
16478,"exact_zero"
16479,"exact_zero"
16480,"exact_zero"
16481,"exact_zero"
16482,"exact_zero"
16483,"exact_zero"
16484,"exact_zero"
16485,"exact_zero"
16486,"exact_zero"
16487,"exact_zero"
16488,"exact_zero"
16489,"exact_zero"
16490,"exact_zero"
16491,"exact_zero"
16492,"exact_zero"
16493,"exact_zero"
16494,"exact_zero"
16495,"exact_zero"
16496,"exact_zero"
16497,"exact_zero"
16498,"exact_zero"
16499,"exact_zero"
16500,"exact_zero"
16501,"exact_zero"
16502,"exact_zero"
16503,"exact_zero"
16504,"exact_zero"
16505,"exact_zero"
16506,"exact_zero"
16507,"exact_zero"
16508,"exact_zero"
16509,"exact_zero"
16510,"exact_zero"
16511,"exact_zero"
16512,"exact_zero"
16513,"exact_zero"
16514,"exact_zero"
16515,"exact_zero"
16516,"exact_zero"
16517,"exact_zero"
16518,"exact_zero"
16519,"exact_zero"
16520,"exact_zero"
16521,"exact_zero"
16522,"exact_zero"
16523,"exact_zero"
16524,"exact_zero"
16525,"exact_zero"
16526,"exact_zero"
16527,"exact_zero"
16528,"exact_zero"
16529,"exact_zero"
16530,"exact_zero"
16531,"exact_zero"
16532,"exact_zero"
16533,"exact_zero"
16534,"exact_zero"
16535,"exact_zero"
16536,"exact_zero"
16537,"exact_zero"
16538,"exact_zero"
16539,"exact_zero"
16540,"exact_zero"
16541,"exact_zero"
16542,"exact_zero"
16543,"exact_zero"
16544,"exact_zero"
16545,"exact_zero"
16546,"exact_zero"
16547,"exact_zero"
16548,"exact_zero"
16549,"exact_zero"
16550,"exact_zero"
16551,"exact_zero"
16552,"exact_zero"
16553,"exact_zero"
16554,"exact_zero"
16555,"exact_zero"
16556,"exact_zero"
16557,"exact_zero"
16558,"exact_zero"
16559,"exact_zero"
16560,"exact_zero"
16561,"exact_zero"
16562,"exact_zero"
16563,"exact_zero"
16564,"exact_zero"
16565,"exact_zero"
16566,"exact_zero"
16567,"exact_zero"
16568,"exact_zero"
16569,"exact_zero"
16570,"exact_zero"
16571,"exact_zero"
16572,"exact_zero"
16573,"exact_zero"
16574,"exact_zero"
16575,"exact_zero"
16576,"exact_zero"
16577,"exact_zero"
16578,"exact_zero"
16579,"exact_zero"
16580,"exact_zero"
16581,"exact_zero"
16582,"exact_zero"
16583,"exact_zero"
16584,"exact_zero"
16585,"exact_zero"
16586,"exact_zero"
16587,"exact_zero"
16588,"exact_zero"
16589,"exact_zero"
16590,"exact_zero"
16591,"exact_zero"
16592,"exact_zero"
16593,"exact_zero"
16594,"exact_zero"
16595,"exact_zero"
16596,"exact_zero"
16597,"exact_zero"
16598,"exact_zero"
16599,"exact_zero"
16600,"exact_zero"
16601,"exact_zero"
16602,"exact_zero"
16603,"exact_zero"
16604,"exact_zero"
16605,"exact_zero"
16606,"exact_zero"
16607,"exact_zero"
16608,"exact_zero"
16609,"exact_zero"
16610,"exact_zero"
16611,"exact_zero"
16612,"exact_zero"
16613,"exact_zero"
16614,"exact_zero"
16615,"exact_zero"
16616,"exact_zero"
16617,"exact_zero"
16618,"exact_zero"
16619,"exact_zero"
16620,"exact_zero"
16621,"exact_zero"
16622,"exact_zero"
16623,"exact_zero"
16624,"exact_zero"
16625,"exact_zero"
16626,"exact_zero"
16627,"exact_zero"
16628,"exact_zero"
16629,"exact_zero"
16630,"exact_zero"
16631,"exact_zero"
16632,"exact_zero"
16633,"exact_zero"
16634,"exact_zero"
16635,"exact_zero"
16636,"exact_zero"
16637,"exact_zero"
16638,"exact_zero"
16639,"exact_zero"
16640,"exact_zero"
16641,"exact_zero"
16642,"exact_zero"
16643,"exact_zero"
16644,"exact_zero"
16645,"exact_zero"
16646,"exact_zero"
16647,"exact_zero"
16648,"exact_zero"
16649,"exact_zero"
16650,"exact_zero"
16651,"exact_zero"
16652,"exact_zero"
16653,"exact_zero"
16654,"exact_zero"
16655,"exact_zero"
16656,"exact_zero"
16657,"exact_zero"
16658,"exact_zero"
16659,"exact_zero"
16660,"exact_zero"
16661,"exact_zero"
16662,"exact_zero"
16663,"exact_zero"
16664,"exact_zero"
16665,"exact_zero"
16666,"exact_zero"
16667,"exact_zero"
16668,"exact_zero"
16669,"exact_zero"
16670,"exact_zero"
16671,"exact_zero"
16672,"exact_zero"
16673,"exact_zero"
16674,"exact_zero"
16675,"exact_zero"
16676,"exact_zero"
16677,"exact_zero"
16678,"exact_zero"
16679,"exact_zero"
16680,"exact_zero"
16681,"exact_zero"
16682,"exact_zero"
16683,"exact_zero"
16684,"exact_zero"
16685,"exact_zero"
16686,"exact_zero"
16687,"exact_zero"
16688,"exact_zero"
16689,"exact_zero"
16690,"exact_zero"
16691,"exact_zero"
16692,"exact_zero"
16693,"exact_zero"
16694,"exact_zero"
16695,"exact_zero"
16696,"exact_zero"
16697,"exact_zero"
16698,"exact_zero"
16699,"exact_zero"
16700,"exact_zero"
16701,"exact_zero"
16702,"exact_zero"
16703,"exact_zero"
16704,"exact_zero"
16705,"exact_zero"
16706,"exact_zero"
16707,"exact_zero"
16708,"exact_zero"
16709,"exact_zero"
16710,"exact_zero"
16711,"exact_zero"
16712,"exact_zero"
16713,"exact_zero"
16714,"exact_zero"
16715,"exact_zero"
16716,"exact_zero"
16717,"exact_zero"
16718,"exact_zero"
16719,"exact_zero"
16720,"exact_zero"
16721,"exact_zero"
16722,"exact_zero"
16723,"exact_zero"
16724,"exact_zero"
16725,"exact_zero"
16726,"exact_zero"
16727,"exact_zero"
16728,"exact_zero"
16729,"exact_zero"
16730,"exact_zero"
16731,"exact_zero"
16732,"exact_zero"
16733,"exact_zero"
16734,"exact_zero"
16735,"exact_zero"
16736,"exact_zero"
16737,"exact_zero"
16738,"exact_zero"
16739,"exact_zero"
16740,"exact_zero"
16741,"exact_zero"
16742,"exact_zero"
16743,"exact_zero"
16744,"exact_zero"
16745,"exact_zero"
16746,"exact_zero"
16747,"exact_zero"
16748,"exact_zero"
16749,"exact_zero"
16750,"exact_zero"
16751,"exact_zero"
16752,"exact_zero"
16753,"exact_zero"
16754,"exact_zero"
16755,"exact_zero"
16756,"exact_zero"
16757,"exact_zero"
16758,"exact_zero"
16759,"exact_zero"
16760,"exact_zero"
16761,"exact_zero"
16762,"exact_zero"
16763,"exact_zero"
16764,"exact_zero"
16765,"exact_zero"
16766,"exact_zero"
16767,"exact_zero"
16768,"exact_zero"
16769,"exact_zero"
16770,"exact_zero"
16771,"exact_zero"
16772,"exact_zero"
16773,"exact_zero"
16774,"exact_zero"
16775,"exact_zero"
16776,"exact_zero"
16777,"exact_zero"
16778,"exact_zero"
16779,"exact_zero"
16780,"exact_zero"
16781,"exact_zero"
16782,"exact_zero"
16783,"exact_zero"
16784,"exact_zero"
16785,"exact_zero"
16786,"exact_zero"
16787,"exact_zero"
16788,"exact_zero"
16789,"exact_zero"
16790,"exact_zero"
16791,"exact_zero"
16792,"exact_zero"
16793,"exact_zero"
16794,"exact_zero"
16795,"exact_zero"
16796,"exact_zero"
16797,"exact_zero"
16798,"exact_zero"
16799,"exact_zero"
16800,"exact_zero"
16801,"exact_zero"
16802,"exact_zero"
16803,"exact_zero"
16804,"exact_zero"
16805,"exact_zero"
16806,"exact_zero"
16807,"exact_zero"
16808,"exact_zero"
16809,"exact_zero"
16810,"exact_zero"
16811,"exact_zero"
16812,"exact_zero"
16813,"exact_zero"
16814,"exact_zero"
16815,"exact_zero"
16816,"exact_zero"
16817,"exact_zero"
16818,"exact_zero"
16819,"exact_zero"
16820,"exact_zero"
16821,"exact_zero"
16822,"exact_zero"
16823,"exact_zero"
16824,"exact_zero"
16825,"exact_zero"
16826,"exact_zero"
16827,"exact_zero"
16828,"exact_zero"
16829,"exact_zero"
16830,"exact_zero"
16831,"exact_zero"
16832,"exact_zero"
16833,"exact_zero"
16834,"exact_zero"
16835,"exact_zero"
16836,"exact_zero"
16837,"exact_zero"
16838,"exact_zero"
16839,"exact_zero"
16840,"exact_zero"
16841,"exact_zero"
16842,"exact_zero"
16843,"exact_zero"
16844,"exact_zero"
16845,"exact_zero"
16846,"exact_zero"
16847,"exact_zero"
16848,"exact_zero"
16849,"exact_zero"
16850,"exact_zero"
16851,"exact_zero"
16852,"exact_zero"
16853,"exact_zero"
16854,"exact_zero"
16855,"exact_zero"
16856,"exact_zero"
16857,"exact_zero"
16858,"exact_zero"
16859,"exact_zero"
16860,"exact_zero"
16861,"exact_zero"
16862,"exact_zero"
16863,"exact_zero"
16864,"exact_zero"
16865,"exact_zero"
16866,"exact_zero"
16867,"exact_zero"
16868,"exact_zero"
16869,"exact_zero"
16870,"exact_zero"
16871,"exact_zero"
16872,"exact_zero"
16873,"exact_zero"
16874,"exact_zero"
16875,"exact_zero"
16876,"exact_zero"
16877,"exact_zero"
16878,"exact_zero"
16879,"exact_zero"
16880,"exact_zero"
16881,"exact_zero"
16882,"exact_zero"
16883,"exact_zero"
16884,"exact_zero"
16885,"exact_zero"
16886,"exact_zero"
16887,"exact_zero"
16888,"exact_zero"
16889,"exact_zero"
16890,"exact_zero"
16891,"exact_zero"
16892,"exact_zero"
16893,"exact_zero"
16894,"exact_zero"
16895,"exact_zero"
16896,"exact_zero"
16897,"exact_zero"
16898,"exact_zero"
16899,"exact_zero"
16900,"exact_zero"
16901,"exact_zero"
16902,"exact_zero"
16903,"exact_zero"
16904,"exact_zero"
16905,"exact_zero"
16906,"exact_zero"
16907,"exact_zero"
16908,"exact_zero"
16909,"exact_zero"
16910,"exact_zero"
16911,"exact_zero"
16912,"exact_zero"
16913,"exact_zero"
16914,"exact_zero"
16915,"exact_zero"
16916,"exact_zero"
16917,"exact_zero"
16918,"exact_zero"
16919,"exact_zero"
16920,"exact_zero"
16921,"exact_zero"
16922,"exact_zero"
16923,"exact_zero"
16924,"exact_zero"
16925,"exact_zero"
16926,"exact_zero"
16927,"exact_zero"
16928,"exact_zero"
16929,"exact_zero"
16930,"exact_zero"
16931,"exact_zero"
16932,"exact_zero"
16933,"exact_zero"
16934,"exact_zero"
16935,"exact_zero"
16936,"exact_zero"
16937,"exact_zero"
16938,"exact_zero"
16939,"exact_zero"
16940,"exact_zero"
16941,"exact_zero"
16942,"exact_zero"
16943,"exact_zero"
16944,"exact_zero"
16945,"exact_zero"
16946,"exact_zero"
16947,"exact_zero"
16948,"exact_zero"
16949,"exact_zero"
16950,"exact_zero"
16951,"exact_zero"
16952,"exact_zero"
16953,"exact_zero"
16954,"exact_zero"
16955,"exact_zero"
16956,"exact_zero"
16957,"exact_zero"
16958,"exact_zero"
16959,"exact_zero"
16960,"exact_zero"
16961,"exact_zero"
16962,"exact_zero"
16963,"exact_zero"
16964,"exact_zero"
16965,"exact_zero"
16966,"exact_zero"
16967,"exact_zero"
16968,"exact_zero"
16969,"exact_zero"
16970,"exact_zero"
16971,"exact_zero"
16972,"exact_zero"
16973,"exact_zero"
16974,"exact_zero"
16975,"exact_zero"
16976,"exact_zero"
16977,"exact_zero"
16978,"exact_zero"
16979,"exact_zero"
16980,"exact_zero"
16981,"exact_zero"
16982,"exact_zero"
16983,"exact_zero"
16984,"exact_zero"
16985,"exact_zero"
16986,"exact_zero"
16987,"exact_zero"
16988,"exact_zero"
16989,"exact_zero"
16990,"exact_zero"
16991,"exact_zero"
16992,"exact_zero"
16993,"exact_zero"
16994,"exact_zero"
16995,"exact_zero"
16996,"exact_zero"
16997,"exact_zero"
16998,"exact_zero"
16999,"exact_zero"
17000,"exact_zero"
17001,"exact_zero"
17002,"exact_zero"
17003,"exact_zero"
17004,"exact_zero"
17005,"exact_zero"
17006,"exact_zero"
17007,"exact_zero"
17008,"exact_zero"
17009,"exact_zero"
17010,"exact_zero"
17011,"exact_zero"
17012,"exact_zero"
17013,"exact_zero"
17014,"exact_zero"
17015,"exact_zero"
17016,"exact_zero"
17017,"exact_zero"
17018,"exact_zero"
17019,"exact_zero"
17020,"exact_zero"
17021,"exact_zero"
17022,"exact_zero"
17023,"exact_zero"
17024,"exact_zero"
17025,"exact_zero"
17026,"exact_zero"
17027,"exact_zero"
17028,"exact_zero"
17029,"exact_zero"
17030,"exact_zero"
17031,"exact_zero"
17032,"exact_zero"
17033,"exact_zero"
17034,"exact_zero"
17035,"exact_zero"
17036,"exact_zero"
17037,"exact_zero"
17038,"exact_zero"
17039,"exact_zero"
17040,"exact_zero"
17041,"exact_zero"
17042,"exact_zero"
17043,"exact_zero"
17044,"exact_zero"
17045,"exact_zero"
17046,"exact_zero"
17047,"exact_zero"
17048,"exact_zero"
17049,"exact_zero"
17050,"exact_zero"
17051,"exact_zero"
17052,"exact_zero"
17053,"exact_zero"
17054,"exact_zero"
17055,"exact_zero"
17056,"exact_zero"
17057,"exact_zero"
17058,"exact_zero"
17059,"exact_zero"
17060,"exact_zero"
17061,"exact_zero"
17062,"exact_zero"
17063,"exact_zero"
17064,"exact_zero"
17065,"exact_zero"
17066,"exact_zero"
17067,"exact_zero"
17068,"exact_zero"
17069,"exact_zero"
17070,"exact_zero"
17071,"exact_zero"
17072,"exact_zero"
17073,"exact_zero"
17074,"exact_zero"
17075,"exact_zero"
17076,"exact_zero"
17077,"exact_zero"
17078,"exact_zero"
17079,"exact_zero"
17080,"exact_zero"
17081,"exact_zero"
17082,"exact_zero"
17083,"exact_zero"
17084,"exact_zero"
17085,"exact_zero"
17086,"exact_zero"
17087,"exact_zero"
17088,"exact_zero"
17089,"exact_zero"
17090,"exact_zero"
17091,"exact_zero"
17092,"exact_zero"
17093,"exact_zero"
17094,"exact_zero"
17095,"exact_zero"
17096,"exact_zero"
17097,"exact_zero"
17098,"exact_zero"
17099,"exact_zero"
17100,"exact_zero"
17101,"exact_zero"
17102,"exact_zero"
17103,"exact_zero"
17104,"exact_zero"
17105,"exact_zero"
17106,"exact_zero"
17107,"exact_zero"
17108,"exact_zero"
17109,"exact_zero"
17110,"exact_zero"
17111,"exact_zero"
17112,"exact_zero"
17113,"exact_zero"
17114,"exact_zero"
17115,"exact_zero"
17116,"exact_zero"
17117,"exact_zero"
17118,"exact_zero"
17119,"exact_zero"
17120,"exact_zero"
17121,"exact_zero"
17122,"exact_zero"
17123,"exact_zero"
17124,"exact_zero"
17125,"exact_zero"
17126,"exact_zero"
17127,"exact_zero"
17128,"exact_zero"
17129,"exact_zero"
17130,"exact_zero"
17131,"exact_zero"
17132,"exact_zero"
17133,"exact_zero"
17134,"exact_zero"
17135,"exact_zero"
17136,"exact_zero"
17137,"exact_zero"
17138,"exact_zero"
17139,"exact_zero"
17140,"exact_zero"
17141,"exact_zero"
17142,"exact_zero"
17143,"exact_zero"
17144,"exact_zero"
17145,"exact_zero"
17146,"exact_zero"
17147,"exact_zero"
17148,"exact_zero"
17149,"exact_zero"
17150,"exact_zero"
17151,"exact_zero"
17152,"exact_zero"
17153,"exact_zero"
17154,"exact_zero"
17155,"exact_zero"
17156,"exact_zero"
17157,"exact_zero"
17158,"exact_zero"
17159,"exact_zero"
17160,"exact_zero"
17161,"exact_zero"
17162,"exact_zero"
17163,"exact_zero"
17164,"exact_zero"
17165,"exact_zero"
17166,"exact_zero"
17167,"exact_zero"
17168,"exact_zero"
17169,"exact_zero"
17170,"exact_zero"
17171,"exact_zero"
17172,"exact_zero"
17173,"exact_zero"
17174,"exact_zero"
17175,"exact_zero"
17176,"exact_zero"
17177,"exact_zero"
17178,"exact_zero"
17179,"exact_zero"
17180,"exact_zero"
17181,"exact_zero"
17182,"exact_zero"
17183,"exact_zero"
17184,"exact_zero"
17185,"exact_zero"
17186,"exact_zero"
17187,"exact_zero"
17188,"exact_zero"
17189,"exact_zero"
17190,"exact_zero"
17191,"exact_zero"
17192,"exact_zero"
17193,"exact_zero"
17194,"exact_zero"
17195,"exact_zero"
17196,"exact_zero"
17197,"exact_zero"
17198,"exact_zero"
17199,"exact_zero"
17200,"exact_zero"
17201,"exact_zero"
17202,"exact_zero"
17203,"exact_zero"
17204,"exact_zero"
17205,"exact_zero"
17206,"exact_zero"
17207,"exact_zero"
17208,"exact_zero"
17209,"exact_zero"
17210,"exact_zero"
17211,"exact_zero"
17212,"exact_zero"
17213,"exact_zero"
17214,"exact_zero"
17215,"exact_zero"
17216,"exact_zero"
17217,"exact_zero"
17218,"exact_zero"
17219,"exact_zero"
17220,"exact_zero"
17221,"exact_zero"
17222,"exact_zero"
17223,"exact_zero"
17224,"exact_zero"
17225,"exact_zero"
17226,"exact_zero"
17227,"exact_zero"
17228,"exact_zero"
17229,"exact_zero"
17230,"exact_zero"
17231,"exact_zero"
17232,"exact_zero"
17233,"exact_zero"
17234,"exact_zero"
17235,"exact_zero"
17236,"exact_zero"
17237,"exact_zero"
17238,"exact_zero"
17239,"exact_zero"
17240,"exact_zero"
17241,"exact_zero"
17242,"exact_zero"
17243,"exact_zero"
17244,"exact_zero"
17245,"exact_zero"
17246,"exact_zero"
17247,"exact_zero"
17248,"exact_zero"
17249,"exact_zero"
17250,"exact_zero"
17251,"exact_zero"
17252,"exact_zero"
17253,"exact_zero"
17254,"exact_zero"
17255,"exact_zero"
17256,"exact_zero"
17257,"exact_zero"
17258,"exact_zero"
17259,"exact_zero"
17260,"exact_zero"
17261,"exact_zero"
17262,"exact_zero"
17263,"exact_zero"
17264,"exact_zero"
17265,"exact_zero"
17266,"exact_zero"
17267,"exact_zero"
17268,"exact_zero"
17269,"exact_zero"
17270,"exact_zero"
17271,"exact_zero"
17272,"exact_zero"
17273,"exact_zero"
17274,"exact_zero"
17275,"exact_zero"
17276,"exact_zero"
17277,"exact_zero"
17278,"exact_zero"
17279,"exact_zero"
17280,"exact_zero"
17281,"exact_zero"
17282,"exact_zero"
17283,"exact_zero"
17284,"exact_zero"
17285,"exact_zero"
17286,"exact_zero"
17287,"exact_zero"
17288,"exact_zero"
17289,"exact_zero"
17290,"exact_zero"
17291,"exact_zero"
17292,"exact_zero"
17293,"exact_zero"
17294,"exact_zero"
17295,"exact_zero"
17296,"exact_zero"
17297,"exact_zero"
17298,"exact_zero"
17299,"exact_zero"
17300,"exact_zero"
17301,"exact_zero"
17302,"exact_zero"
17303,"exact_zero"
17304,"exact_zero"
17305,"exact_zero"
17306,"exact_zero"
17307,"exact_zero"
17308,"exact_zero"
17309,"exact_zero"
17310,"exact_zero"
17311,"exact_zero"
17312,"exact_zero"
17313,"exact_zero"
17314,"exact_zero"
17315,"exact_zero"
17316,"exact_zero"
17317,"exact_zero"
17318,"exact_zero"
17319,"exact_zero"
17320,"exact_zero"
17321,"exact_zero"
17322,"exact_zero"
17323,"exact_zero"
17324,"exact_zero"
17325,"exact_zero"
17326,"exact_zero"
17327,"exact_zero"
17328,"exact_zero"
17329,"exact_zero"
17330,"exact_zero"
17331,"exact_zero"
17332,"exact_zero"
17333,"exact_zero"
17334,"exact_zero"
17335,"exact_zero"
17336,"exact_zero"
17337,"exact_zero"
17338,"exact_zero"
17339,"exact_zero"
17340,"exact_zero"
17341,"exact_zero"
17342,"exact_zero"
17343,"exact_zero"
17344,"exact_zero"
17345,"exact_zero"
17346,"exact_zero"
17347,"exact_zero"
17348,"exact_zero"
17349,"exact_zero"
17350,"exact_zero"
17351,"exact_zero"
17352,"exact_zero"
17353,"exact_zero"
17354,"exact_zero"
17355,"exact_zero"
17356,"exact_zero"
17357,"exact_zero"
17358,"exact_zero"
17359,"exact_zero"
17360,"exact_zero"
17361,"exact_zero"
17362,"exact_zero"
17363,"exact_zero"
17364,"exact_zero"
17365,"exact_zero"
17366,"exact_zero"
17367,"exact_zero"
17368,"exact_zero"
17369,"exact_zero"
17370,"exact_zero"
17371,"exact_zero"
17372,"exact_zero"
17373,"exact_zero"
17374,"exact_zero"
17375,"exact_zero"
17376,"exact_zero"
17377,"exact_zero"
17378,"exact_zero"
17379,"exact_zero"
17380,"exact_zero"
17381,"exact_zero"
17382,"exact_zero"
17383,"exact_zero"
17384,"exact_zero"
17385,"exact_zero"
17386,"exact_zero"
17387,"exact_zero"
17388,"exact_zero"
17389,"exact_zero"
17390,"exact_zero"
17391,"exact_zero"
17392,"exact_zero"
17393,"exact_zero"
17394,"exact_zero"
17395,"exact_zero"
17396,"exact_zero"
17397,"exact_zero"
17398,"exact_zero"
17399,"exact_zero"
17400,"exact_zero"
17401,"exact_zero"
17402,"exact_zero"
17403,"exact_zero"
17404,"exact_zero"
17405,"exact_zero"
17406,"exact_zero"
17407,"exact_zero"
17408,"exact_zero"
17409,"exact_zero"
17410,"exact_zero"
17411,"exact_zero"
17412,"exact_zero"
17413,"exact_zero"
17414,"exact_zero"
17415,"exact_zero"
17416,"exact_zero"
17417,"exact_zero"
17418,"exact_zero"
17419,"exact_zero"
17420,"exact_zero"
17421,"exact_zero"
17422,"exact_zero"
17423,"exact_zero"
17424,"exact_zero"
17425,"exact_zero"
17426,"exact_zero"
17427,"exact_zero"
17428,"exact_zero"
17429,"exact_zero"
17430,"exact_zero"
17431,"exact_zero"
17432,"exact_zero"
17433,"exact_zero"
17434,"exact_zero"
17435,"exact_zero"
17436,"exact_zero"
17437,"exact_zero"
17438,"exact_zero"
17439,"exact_zero"
17440,"exact_zero"
17441,"exact_zero"
17442,"exact_zero"
17443,"exact_zero"
17444,"exact_zero"
17445,"exact_zero"
17446,"exact_zero"
17447,"exact_zero"
17448,"exact_zero"
17449,"exact_zero"
17450,"exact_zero"
17451,"exact_zero"
17452,"exact_zero"
17453,"exact_zero"
17454,"exact_zero"
17455,"exact_zero"
17456,"exact_zero"
17457,"exact_zero"
17458,"exact_zero"
17459,"exact_zero"
17460,"exact_zero"
17461,"exact_zero"
17462,"exact_zero"
17463,"exact_zero"
17464,"exact_zero"
17465,"exact_zero"
17466,"exact_zero"
17467,"exact_zero"
17468,"exact_zero"
17469,"exact_zero"
17470,"exact_zero"
17471,"exact_zero"
17472,"exact_zero"
17473,"exact_zero"
17474,"exact_zero"
17475,"exact_zero"
17476,"exact_zero"
17477,"exact_zero"
17478,"exact_zero"
17479,"exact_zero"
17480,"exact_zero"
17481,"exact_zero"
17482,"exact_zero"
17483,"exact_zero"
17484,"exact_zero"
17485,"exact_zero"
17486,"exact_zero"
17487,"exact_zero"
17488,"exact_zero"
17489,"exact_zero"
17490,"exact_zero"
17491,"exact_zero"
17492,"exact_zero"
17493,"exact_zero"
17494,"exact_zero"
17495,"exact_zero"
17496,"exact_zero"
17497,"exact_zero"
17498,"exact_zero"
17499,"exact_zero"
17500,"exact_zero"
17501,"exact_zero"
17502,"exact_zero"
17503,"exact_zero"
17504,"exact_zero"
17505,"exact_zero"
17506,"exact_zero"
17507,"exact_zero"
17508,"exact_zero"
17509,"exact_zero"
17510,"exact_zero"
17511,"exact_zero"
17512,"exact_zero"
17513,"exact_zero"
17514,"exact_zero"
17515,"exact_zero"
17516,"exact_zero"
17517,"exact_zero"
17518,"exact_zero"
17519,"exact_zero"
17520,"exact_zero"
17521,"exact_zero"
17522,"exact_zero"
17523,"exact_zero"
17524,"exact_zero"
17525,"exact_zero"
17526,"exact_zero"
17527,"exact_zero"
17528,"exact_zero"
17529,"exact_zero"
17530,"exact_zero"
17531,"exact_zero"
17532,"exact_zero"
17533,"exact_zero"
17534,"exact_zero"
17535,"exact_zero"
17536,"exact_zero"
17537,"exact_zero"
17538,"exact_zero"
17539,"exact_zero"
17540,"exact_zero"
17541,"exact_zero"
17542,"exact_zero"
17543,"exact_zero"
17544,"exact_zero"
17545,"exact_zero"
17546,"exact_zero"
17547,"exact_zero"
17548,"exact_zero"
17549,"exact_zero"
17550,"exact_zero"
17551,"exact_zero"
17552,"exact_zero"
17553,"exact_zero"
17554,"exact_zero"
17555,"exact_zero"
17556,"exact_zero"
17557,"exact_zero"
17558,"exact_zero"
17559,"exact_zero"
17560,"exact_zero"
17561,"exact_zero"
17562,"exact_zero"
17563,"exact_zero"
17564,"exact_zero"
17565,"exact_zero"
17566,"exact_zero"
17567,"exact_zero"
17568,"exact_zero"
17569,"exact_zero"
17570,"exact_zero"
17571,"exact_zero"
17572,"exact_zero"
17573,"exact_zero"
17574,"exact_zero"
17575,"exact_zero"
17576,"exact_zero"
17577,"exact_zero"
17578,"exact_zero"
17579,"exact_zero"
17580,"exact_zero"
17581,"exact_zero"
17582,"exact_zero"
17583,"exact_zero"
17584,"exact_zero"
17585,"exact_zero"
17586,"exact_zero"
17587,"exact_zero"
17588,"exact_zero"
17589,"exact_zero"
17590,"exact_zero"
17591,"exact_zero"
17592,"exact_zero"
17593,"exact_zero"
17594,"exact_zero"
17595,"exact_zero"
17596,"exact_zero"
17597,"exact_zero"
17598,"exact_zero"
17599,"exact_zero"
17600,"exact_zero"
17601,"exact_zero"
17602,"exact_zero"
17603,"exact_zero"
17604,"exact_zero"
17605,"exact_zero"
17606,"exact_zero"
17607,"exact_zero"
17608,"exact_zero"
17609,"exact_zero"
17610,"exact_zero"
17611,"exact_zero"
17612,"exact_zero"
17613,"exact_zero"
17614,"exact_zero"
17615,"exact_zero"
17616,"exact_zero"
17617,"exact_zero"
17618,"exact_zero"
17619,"exact_zero"
17620,"exact_zero"
17621,"exact_zero"
17622,"exact_zero"
17623,"exact_zero"
17624,"exact_zero"
17625,"exact_zero"
17626,"exact_zero"
17627,"exact_zero"
17628,"exact_zero"
17629,"exact_zero"
17630,"exact_zero"
17631,"exact_zero"
17632,"exact_zero"
17633,"exact_zero"
17634,"exact_zero"
17635,"exact_zero"
17636,"exact_zero"
17637,"exact_zero"
17638,"exact_zero"
17639,"exact_zero"
17640,"exact_zero"
17641,"exact_zero"
17642,"exact_zero"
17643,"exact_zero"
17644,"exact_zero"
17645,"exact_zero"
17646,"exact_zero"
17647,"exact_zero"
17648,"exact_zero"
17649,"exact_zero"
17650,"exact_zero"
17651,"exact_zero"
17652,"exact_zero"
17653,"exact_zero"
17654,"exact_zero"
17655,"exact_zero"
17656,"exact_zero"
17657,"exact_zero"
17658,"exact_zero"
17659,"exact_zero"
17660,"exact_zero"
17661,"exact_zero"
17662,"exact_zero"
17663,"exact_zero"
17664,"exact_zero"
17665,"exact_zero"
17666,"exact_zero"
17667,"exact_zero"
17668,"exact_zero"
17669,"exact_zero"
17670,"exact_zero"
17671,"exact_zero"
17672,"exact_zero"
17673,"exact_zero"
17674,"exact_zero"
17675,"exact_zero"
17676,"exact_zero"
17677,"exact_zero"
17678,"exact_zero"
17679,"exact_zero"
17680,"exact_zero"
17681,"exact_zero"
17682,"exact_zero"
17683,"exact_zero"
17684,"exact_zero"
17685,"exact_zero"
17686,"exact_zero"
17687,"exact_zero"
17688,"exact_zero"
17689,"exact_zero"
17690,"exact_zero"
17691,"exact_zero"
17692,"exact_zero"
17693,"exact_zero"
17694,"exact_zero"
17695,"exact_zero"
17696,"exact_zero"
17697,"exact_zero"
17698,"exact_zero"
17699,"exact_zero"
17700,"exact_zero"
17701,"exact_zero"
17702,"exact_zero"
17703,"exact_zero"
17704,"exact_zero"
17705,"exact_zero"
17706,"exact_zero"
17707,"exact_zero"
17708,"exact_zero"
17709,"exact_zero"
17710,"exact_zero"
17711,"exact_zero"
17712,"exact_zero"
17713,"exact_zero"
17714,"exact_zero"
17715,"exact_zero"
17716,"exact_zero"
17717,"exact_zero"
17718,"exact_zero"
17719,"exact_zero"
17720,"exact_zero"
17721,"exact_zero"
17722,"exact_zero"
17723,"exact_zero"
17724,"exact_zero"
17725,"exact_zero"
17726,"exact_zero"
17727,"exact_zero"
17728,"exact_zero"
17729,"exact_zero"
17730,"exact_zero"
17731,"exact_zero"
17732,"exact_zero"
17733,"exact_zero"
17734,"exact_zero"
17735,"exact_zero"
17736,"exact_zero"
17737,"exact_zero"
17738,"exact_zero"
17739,"exact_zero"
17740,"exact_zero"
17741,"exact_zero"
17742,"exact_zero"
17743,"exact_zero"
17744,"exact_zero"
17745,"exact_zero"
17746,"exact_zero"
17747,"exact_zero"
17748,"exact_zero"
17749,"exact_zero"
17750,"exact_zero"
17751,"exact_zero"
17752,"exact_zero"
17753,"exact_zero"
17754,"exact_zero"
17755,"exact_zero"
17756,"exact_zero"
17757,"exact_zero"
17758,"exact_zero"
17759,"exact_zero"
17760,"exact_zero"
17761,"exact_zero"
17762,"exact_zero"
17763,"exact_zero"
17764,"exact_zero"
17765,"exact_zero"
17766,"exact_zero"
17767,"exact_zero"
17768,"exact_zero"
17769,"exact_zero"
17770,"exact_zero"
17771,"exact_zero"
17772,"exact_zero"
17773,"exact_zero"
17774,"exact_zero"
17775,"exact_zero"
17776,"exact_zero"
17777,"exact_zero"
17778,"exact_zero"
17779,"exact_zero"
17780,"exact_zero"
17781,"exact_zero"
17782,"exact_zero"
17783,"exact_zero"
17784,"exact_zero"
17785,"exact_zero"
17786,"exact_zero"
17787,"exact_zero"
17788,"exact_zero"
17789,"exact_zero"
17790,"exact_zero"
17791,"exact_zero"
17792,"exact_zero"
17793,"exact_zero"
17794,"exact_zero"
17795,"exact_zero"
17796,"exact_zero"
17797,"exact_zero"
17798,"exact_zero"
17799,"exact_zero"
17800,"exact_zero"
17801,"exact_zero"
17802,"exact_zero"
17803,"exact_zero"
17804,"exact_zero"
17805,"exact_zero"
17806,"exact_zero"
17807,"exact_zero"
17808,"exact_zero"
17809,"exact_zero"
17810,"exact_zero"
17811,"exact_zero"
17812,"exact_zero"
17813,"exact_zero"
17814,"exact_zero"
17815,"exact_zero"
17816,"exact_zero"
17817,"exact_zero"
17818,"exact_zero"
17819,"exact_zero"
17820,"exact_zero"
17821,"exact_zero"
17822,"exact_zero"
17823,"exact_zero"
17824,"exact_zero"
17825,"exact_zero"
17826,"exact_zero"
17827,"exact_zero"
17828,"exact_zero"
17829,"exact_zero"
17830,"exact_zero"
17831,"exact_zero"
17832,"exact_zero"
17833,"exact_zero"
17834,"exact_zero"
17835,"exact_zero"
17836,"exact_zero"
17837,"exact_zero"
17838,"exact_zero"
17839,"exact_zero"
17840,"exact_zero"
17841,"exact_zero"
17842,"exact_zero"
17843,"exact_zero"
17844,"exact_zero"
17845,"exact_zero"
17846,"exact_zero"
17847,"exact_zero"
17848,"exact_zero"
17849,"exact_zero"
17850,"exact_zero"
17851,"exact_zero"
17852,"exact_zero"
17853,"exact_zero"
17854,"exact_zero"
17855,"exact_zero"
17856,"exact_zero"
17857,"exact_zero"
17858,"exact_zero"
17859,"exact_zero"
17860,"exact_zero"
17861,"exact_zero"
17862,"exact_zero"
17863,"exact_zero"
17864,"exact_zero"
17865,"exact_zero"
17866,"exact_zero"
17867,"exact_zero"
17868,"exact_zero"
17869,"exact_zero"
17870,"exact_zero"
17871,"exact_zero"
17872,"exact_zero"
17873,"exact_zero"
17874,"exact_zero"
17875,"exact_zero"
17876,"exact_zero"
17877,"exact_zero"
17878,"exact_zero"
17879,"exact_zero"
17880,"exact_zero"
17881,"exact_zero"
17882,"exact_zero"
17883,"exact_zero"
17884,"exact_zero"
17885,"exact_zero"
17886,"exact_zero"
17887,"exact_zero"
17888,"exact_zero"
17889,"exact_zero"
17890,"exact_zero"
17891,"exact_zero"
17892,"exact_zero"
17893,"exact_zero"
17894,"exact_zero"
17895,"exact_zero"
17896,"exact_zero"
17897,"exact_zero"
17898,"exact_zero"
17899,"exact_zero"
17900,"exact_zero"
17901,"exact_zero"
17902,"exact_zero"
17903,"exact_zero"
17904,"exact_zero"
17905,"exact_zero"
17906,"exact_zero"
17907,"exact_zero"
17908,"exact_zero"
17909,"exact_zero"
17910,"exact_zero"
17911,"exact_zero"
17912,"exact_zero"
17913,"exact_zero"
17914,"exact_zero"
17915,"exact_zero"
17916,"exact_zero"
17917,"exact_zero"
17918,"exact_zero"
17919,"exact_zero"
17920,"exact_zero"
17921,"exact_zero"
17922,"exact_zero"
17923,"exact_zero"
17924,"exact_zero"
17925,"exact_zero"
17926,"exact_zero"
17927,"exact_zero"
17928,"exact_zero"
17929,"exact_zero"
17930,"exact_zero"
17931,"exact_zero"
17932,"exact_zero"
17933,"exact_zero"
17934,"exact_zero"
17935,"exact_zero"
17936,"exact_zero"
17937,"exact_zero"
17938,"exact_zero"
17939,"exact_zero"
17940,"exact_zero"
17941,"exact_zero"
17942,"exact_zero"
17943,"exact_zero"
17944,"exact_zero"
17945,"exact_zero"
17946,"exact_zero"
17947,"exact_zero"
17948,"exact_zero"
17949,"exact_zero"
17950,"exact_zero"
17951,"exact_zero"
17952,"exact_zero"
17953,"exact_zero"
17954,"exact_zero"
17955,"exact_zero"
17956,"exact_zero"
17957,"exact_zero"
17958,"exact_zero"
17959,"exact_zero"
17960,"exact_zero"
17961,"exact_zero"
17962,"exact_zero"
17963,"exact_zero"
17964,"exact_zero"
17965,"exact_zero"
17966,"exact_zero"
17967,"exact_zero"
17968,"exact_zero"
17969,"exact_zero"
17970,"exact_zero"
17971,"exact_zero"
17972,"exact_zero"
17973,"exact_zero"
17974,"exact_zero"
17975,"exact_zero"
17976,"exact_zero"
17977,"exact_zero"
17978,"exact_zero"
17979,"exact_zero"
17980,"exact_zero"
17981,"exact_zero"
17982,"exact_zero"
17983,"exact_zero"
17984,"exact_zero"
17985,"exact_zero"
17986,"exact_zero"
17987,"exact_zero"
17988,"exact_zero"
17989,"exact_zero"
17990,"exact_zero"
17991,"exact_zero"
17992,"exact_zero"
17993,"exact_zero"
17994,"exact_zero"
17995,"exact_zero"
17996,"exact_zero"
17997,"exact_zero"
17998,"exact_zero"
17999,"exact_zero"
18000,"exact_zero"
18001,"exact_zero"
18002,"exact_zero"
18003,"exact_zero"
18004,"exact_zero"
18005,"exact_zero"
18006,"exact_zero"
18007,"exact_zero"
18008,"exact_zero"
18009,"exact_zero"
18010,"exact_zero"
18011,"exact_zero"
18012,"exact_zero"
18013,"exact_zero"
18014,"exact_zero"
18015,"exact_zero"
18016,"exact_zero"
18017,"exact_zero"
18018,"exact_zero"
18019,"exact_zero"
18020,"exact_zero"
18021,"exact_zero"
18022,"exact_zero"
18023,"exact_zero"
18024,"exact_zero"
18025,"exact_zero"
18026,"exact_zero"
18027,"exact_zero"
18028,"exact_zero"
18029,"exact_zero"
18030,"exact_zero"
18031,"exact_zero"
18032,"exact_zero"
18033,"exact_zero"
18034,"exact_zero"
18035,"exact_zero"
18036,"exact_zero"
18037,"exact_zero"
18038,"exact_zero"
18039,"exact_zero"
18040,"exact_zero"
18041,"exact_zero"
18042,"exact_zero"
18043,"exact_zero"
18044,"exact_zero"
18045,"exact_zero"
18046,"exact_zero"
18047,"exact_zero"
18048,"exact_zero"
18049,"exact_zero"
18050,"exact_zero"
18051,"exact_zero"
18052,"exact_zero"
18053,"exact_zero"
18054,"exact_zero"
18055,"exact_zero"
18056,"exact_zero"
18057,"exact_zero"
18058,"exact_zero"
18059,"exact_zero"
18060,"exact_zero"
18061,"exact_zero"
18062,"exact_zero"
18063,"exact_zero"
18064,"exact_zero"
18065,"exact_zero"
18066,"exact_zero"
18067,"exact_zero"
18068,"exact_zero"
18069,"exact_zero"
18070,"exact_zero"
18071,"exact_zero"
18072,"exact_zero"
18073,"exact_zero"
18074,"exact_zero"
18075,"exact_zero"
18076,"exact_zero"
18077,"exact_zero"
18078,"exact_zero"
18079,"exact_zero"
18080,"exact_zero"
18081,"exact_zero"
18082,"exact_zero"
18083,"exact_zero"
18084,"exact_zero"
18085,"exact_zero"
18086,"exact_zero"
18087,"exact_zero"
18088,"exact_zero"
18089,"exact_zero"
18090,"exact_zero"
18091,"exact_zero"
18092,"exact_zero"
18093,"exact_zero"
18094,"exact_zero"
18095,"exact_zero"
18096,"exact_zero"
18097,"exact_zero"
18098,"exact_zero"
18099,"exact_zero"
18100,"exact_zero"
18101,"exact_zero"
18102,"exact_zero"
18103,"exact_zero"
18104,"exact_zero"
18105,"exact_zero"
18106,"exact_zero"
18107,"exact_zero"
18108,"exact_zero"
18109,"exact_zero"
18110,"exact_zero"
18111,"exact_zero"
18112,"exact_zero"
18113,"exact_zero"
18114,"exact_zero"
18115,"exact_zero"
18116,"exact_zero"
18117,"exact_zero"
18118,"exact_zero"
18119,"exact_zero"
18120,"exact_zero"
18121,"exact_zero"
18122,"exact_zero"
18123,"exact_zero"
18124,"exact_zero"
18125,"exact_zero"
18126,"exact_zero"
18127,"exact_zero"
18128,"exact_zero"
18129,"exact_zero"
18130,"exact_zero"
18131,"exact_zero"
18132,"exact_zero"
18133,"exact_zero"
18134,"exact_zero"
18135,"exact_zero"
18136,"exact_zero"
18137,"exact_zero"
18138,"exact_zero"
18139,"exact_zero"
18140,"exact_zero"
18141,"exact_zero"
18142,"exact_zero"
18143,"exact_zero"
18144,"exact_zero"
18145,"exact_zero"
18146,"exact_zero"
18147,"exact_zero"
18148,"exact_zero"
18149,"exact_zero"
18150,"exact_zero"
18151,"exact_zero"
18152,"exact_zero"
18153,"exact_zero"
18154,"exact_zero"
18155,"exact_zero"
18156,"exact_zero"
18157,"exact_zero"
18158,"exact_zero"
18159,"exact_zero"
18160,"exact_zero"
18161,"exact_zero"
18162,"exact_zero"
18163,"exact_zero"
18164,"exact_zero"
18165,"exact_zero"
18166,"exact_zero"
18167,"exact_zero"
18168,"exact_zero"
18169,"exact_zero"
18170,"exact_zero"
18171,"exact_zero"
18172,"exact_zero"
18173,"exact_zero"
18174,"exact_zero"
18175,"exact_zero"
18176,"exact_zero"
18177,"exact_zero"
18178,"exact_zero"
18179,"exact_zero"
18180,"exact_zero"
18181,"exact_zero"
18182,"exact_zero"
18183,"exact_zero"
18184,"exact_zero"
18185,"exact_zero"
18186,"exact_zero"
18187,"exact_zero"
18188,"exact_zero"
18189,"exact_zero"
18190,"exact_zero"
18191,"exact_zero"
18192,"exact_zero"
18193,"exact_zero"
18194,"exact_zero"
18195,"exact_zero"
18196,"exact_zero"
18197,"exact_zero"
18198,"exact_zero"
18199,"exact_zero"
18200,"exact_zero"
18201,"exact_zero"
18202,"exact_zero"
18203,"exact_zero"
18204,"exact_zero"
18205,"exact_zero"
18206,"exact_zero"
18207,"exact_zero"
18208,"exact_zero"
18209,"exact_zero"
18210,"exact_zero"
18211,"exact_zero"
18212,"exact_zero"
18213,"exact_zero"
18214,"exact_zero"
18215,"exact_zero"
18216,"exact_zero"
18217,"exact_zero"
18218,"exact_zero"
18219,"exact_zero"
18220,"exact_zero"
18221,"exact_zero"
18222,"exact_zero"
18223,"exact_zero"
18224,"exact_zero"
18225,"exact_zero"
18226,"exact_zero"
18227,"exact_zero"
18228,"exact_zero"
18229,"exact_zero"
18230,"exact_zero"
18231,"exact_zero"
18232,"exact_zero"
18233,"exact_zero"
18234,"exact_zero"
18235,"exact_zero"
18236,"exact_zero"
18237,"exact_zero"
18238,"exact_zero"
18239,"exact_zero"
18240,"exact_zero"
18241,"exact_zero"
18242,"exact_zero"
18243,"exact_zero"
18244,"exact_zero"
18245,"exact_zero"
18246,"exact_zero"
18247,"exact_zero"
18248,"exact_zero"
18249,"exact_zero"
18250,"exact_zero"
18251,"exact_zero"
18252,"exact_zero"
18253,"exact_zero"
18254,"exact_zero"
18255,"exact_zero"
18256,"exact_zero"
18257,"exact_zero"
18258,"exact_zero"
18259,"exact_zero"
18260,"exact_zero"
18261,"exact_zero"
18262,"exact_zero"
18263,"exact_zero"
18264,"exact_zero"
18265,"exact_zero"
18266,"exact_zero"
18267,"exact_zero"
18268,"exact_zero"
18269,"exact_zero"
18270,"exact_zero"
18271,"exact_zero"
18272,"exact_zero"
18273,"exact_zero"
18274,"exact_zero"
18275,"exact_zero"
18276,"exact_zero"
18277,"exact_zero"
18278,"exact_zero"
18279,"exact_zero"
18280,"exact_zero"
18281,"exact_zero"
18282,"exact_zero"
18283,"exact_zero"
18284,"exact_zero"
18285,"exact_zero"
18286,"exact_zero"
18287,"exact_zero"
18288,"exact_zero"
18289,"exact_zero"
18290,"exact_zero"
18291,"exact_zero"
18292,"exact_zero"
18293,"exact_zero"
18294,"exact_zero"
18295,"exact_zero"
18296,"exact_zero"
18297,"exact_zero"
18298,"exact_zero"
18299,"exact_zero"
18300,"exact_zero"
18301,"exact_zero"
18302,"exact_zero"
18303,"exact_zero"
18304,"exact_zero"
18305,"exact_zero"
18306,"exact_zero"
18307,"exact_zero"
18308,"exact_zero"
18309,"exact_zero"
18310,"exact_zero"
18311,"exact_zero"
18312,"exact_zero"
18313,"exact_zero"
18314,"exact_zero"
18315,"exact_zero"
18316,"exact_zero"
18317,"exact_zero"
18318,"exact_zero"
18319,"exact_zero"
18320,"exact_zero"
18321,"exact_zero"
18322,"exact_zero"
18323,"exact_zero"
18324,"exact_zero"
18325,"exact_zero"
18326,"exact_zero"
18327,"exact_zero"
18328,"exact_zero"
18329,"exact_zero"
18330,"exact_zero"
18331,"exact_zero"
18332,"exact_zero"
18333,"exact_zero"
18334,"exact_zero"
18335,"exact_zero"
18336,"exact_zero"
18337,"exact_zero"
18338,"exact_zero"
18339,"exact_zero"
18340,"exact_zero"
18341,"exact_zero"
18342,"exact_zero"
18343,"exact_zero"
18344,"exact_zero"
18345,"exact_zero"
18346,"exact_zero"
18347,"exact_zero"
18348,"exact_zero"
18349,"exact_zero"
18350,"exact_zero"
18351,"exact_zero"
18352,"exact_zero"
18353,"exact_zero"
18354,"exact_zero"
18355,"exact_zero"
18356,"exact_zero"
18357,"exact_zero"
18358,"exact_zero"
18359,"exact_zero"
18360,"exact_zero"
18361,"exact_zero"
18362,"exact_zero"
18363,"exact_zero"
18364,"exact_zero"
18365,"exact_zero"
18366,"exact_zero"
18367,"exact_zero"
18368,"exact_zero"
18369,"exact_zero"
18370,"exact_zero"
18371,"exact_zero"
18372,"exact_zero"
18373,"exact_zero"
18374,"exact_zero"
18375,"exact_zero"
18376,"exact_zero"
18377,"exact_zero"
18378,"exact_zero"
18379,"exact_zero"
18380,"exact_zero"
18381,"exact_zero"
18382,"exact_zero"
18383,"exact_zero"
18384,"exact_zero"
18385,"exact_zero"
18386,"exact_zero"
18387,"exact_zero"
18388,"exact_zero"
18389,"exact_zero"
18390,"exact_zero"
18391,"exact_zero"
18392,"exact_zero"
18393,"exact_zero"
18394,"exact_zero"
18395,"exact_zero"
18396,"exact_zero"
18397,"exact_zero"
18398,"exact_zero"
18399,"exact_zero"
18400,"exact_zero"
18401,"exact_zero"
18402,"exact_zero"
18403,"exact_zero"
18404,"exact_zero"
18405,"exact_zero"
18406,"exact_zero"
18407,"exact_zero"
18408,"exact_zero"
18409,"exact_zero"
18410,"exact_zero"
18411,"exact_zero"
18412,"exact_zero"
18413,"exact_zero"
18414,"exact_zero"
18415,"exact_zero"
18416,"exact_zero"
18417,"exact_zero"
18418,"exact_zero"
18419,"exact_zero"
18420,"exact_zero"
18421,"exact_zero"
18422,"exact_zero"
18423,"exact_zero"
18424,"exact_zero"
18425,"exact_zero"
18426,"exact_zero"
18427,"exact_zero"
18428,"exact_zero"
18429,"exact_zero"
18430,"exact_zero"
18431,"exact_zero"
18432,"exact_zero"
18433,"exact_zero"
18434,"exact_zero"
18435,"exact_zero"
18436,"exact_zero"
18437,"exact_zero"
18438,"exact_zero"
18439,"exact_zero"
18440,"exact_zero"
18441,"exact_zero"
18442,"exact_zero"
18443,"exact_zero"
18444,"exact_zero"
18445,"exact_zero"
18446,"exact_zero"
18447,"exact_zero"
18448,"exact_zero"
18449,"exact_zero"
18450,"exact_zero"
18451,"exact_zero"
18452,"exact_zero"
18453,"exact_zero"
18454,"exact_zero"
18455,"exact_zero"
18456,"exact_zero"
18457,"exact_zero"
18458,"exact_zero"
18459,"exact_zero"
18460,"exact_zero"
18461,"exact_zero"
18462,"exact_zero"
18463,"exact_zero"
18464,"exact_zero"
18465,"exact_zero"
18466,"exact_zero"
18467,"exact_zero"
18468,"exact_zero"
18469,"exact_zero"
18470,"exact_zero"
18471,"exact_zero"
18472,"exact_zero"
18473,"exact_zero"
18474,"exact_zero"
18475,"exact_zero"
18476,"exact_zero"
18477,"exact_zero"
18478,"exact_zero"
18479,"exact_zero"
18480,"exact_zero"
18481,"exact_zero"
18482,"exact_zero"
18483,"exact_zero"
18484,"exact_zero"
18485,"exact_zero"
18486,"exact_zero"
18487,"exact_zero"
18488,"exact_zero"
18489,"exact_zero"
18490,"exact_zero"
18491,"exact_zero"
18492,"exact_zero"
18493,"exact_zero"
18494,"exact_zero"
18495,"exact_zero"
18496,"exact_zero"
18497,"exact_zero"
18498,"exact_zero"
18499,"exact_zero"
18500,"exact_zero"
18501,"exact_zero"
18502,"exact_zero"
18503,"exact_zero"
18504,"exact_zero"
18505,"exact_zero"
18506,"exact_zero"
18507,"exact_zero"
18508,"exact_zero"
18509,"exact_zero"
18510,"exact_zero"
18511,"exact_zero"
18512,"exact_zero"
18513,"exact_zero"
18514,"exact_zero"
18515,"exact_zero"
18516,"exact_zero"
18517,"exact_zero"
18518,"exact_zero"
18519,"exact_zero"
18520,"exact_zero"
18521,"exact_zero"
18522,"exact_zero"
18523,"exact_zero"
18524,"exact_zero"
18525,"exact_zero"
18526,"exact_zero"
18527,"exact_zero"
18528,"exact_zero"
18529,"exact_zero"
18530,"exact_zero"
18531,"exact_zero"
18532,"exact_zero"
18533,"exact_zero"
18534,"exact_zero"
18535,"exact_zero"
18536,"exact_zero"
18537,"exact_zero"
18538,"exact_zero"
18539,"exact_zero"
18540,"exact_zero"
18541,"exact_zero"
18542,"exact_zero"
18543,"exact_zero"
18544,"exact_zero"
18545,"exact_zero"
18546,"exact_zero"
18547,"exact_zero"
18548,"exact_zero"
18549,"exact_zero"
18550,"exact_zero"
18551,"exact_zero"
18552,"exact_zero"
18553,"exact_zero"
18554,"exact_zero"
18555,"exact_zero"
18556,"exact_zero"
18557,"exact_zero"
18558,"exact_zero"
18559,"exact_zero"
18560,"exact_zero"
18561,"exact_zero"
18562,"exact_zero"
18563,"exact_zero"
18564,"exact_zero"
18565,"exact_zero"
18566,"exact_zero"
18567,"exact_zero"
18568,"exact_zero"
18569,"exact_zero"
18570,"exact_zero"
18571,"exact_zero"
18572,"exact_zero"
18573,"exact_zero"
18574,"exact_zero"
18575,"exact_zero"
18576,"exact_zero"
18577,"exact_zero"
18578,"exact_zero"
18579,"exact_zero"
18580,"exact_zero"
18581,"exact_zero"
18582,"exact_zero"
18583,"exact_zero"
18584,"exact_zero"
18585,"exact_zero"
18586,"exact_zero"
18587,"exact_zero"
18588,"exact_zero"
18589,"exact_zero"
18590,"exact_zero"
18591,"exact_zero"
18592,"exact_zero"
18593,"exact_zero"
18594,"exact_zero"
18595,"exact_zero"
18596,"exact_zero"
18597,"exact_zero"
18598,"exact_zero"
18599,"exact_zero"
18600,"exact_zero"
18601,"exact_zero"
18602,"exact_zero"
18603,"exact_zero"
18604,"exact_zero"
18605,"exact_zero"
18606,"exact_zero"
18607,"exact_zero"
18608,"exact_zero"
18609,"exact_zero"
18610,"exact_zero"
18611,"exact_zero"
18612,"exact_zero"
18613,"exact_zero"
18614,"exact_zero"
18615,"exact_zero"
18616,"exact_zero"
18617,"exact_zero"
18618,"exact_zero"
18619,"exact_zero"
18620,"exact_zero"
18621,"exact_zero"
18622,"exact_zero"
18623,"exact_zero"
18624,"exact_zero"
18625,"exact_zero"
18626,"exact_zero"
18627,"exact_zero"
18628,"exact_zero"
18629,"exact_zero"
18630,"exact_zero"
18631,"exact_zero"
18632,"exact_zero"
18633,"exact_zero"
18634,"exact_zero"
18635,"exact_zero"
18636,"exact_zero"
18637,"exact_zero"
18638,"exact_zero"
18639,"exact_zero"
18640,"exact_zero"
18641,"exact_zero"
18642,"exact_zero"
18643,"exact_zero"
18644,"exact_zero"
18645,"exact_zero"
18646,"exact_zero"
18647,"exact_zero"
18648,"exact_zero"
18649,"exact_zero"
18650,"exact_zero"
18651,"exact_zero"
18652,"exact_zero"
18653,"exact_zero"
18654,"exact_zero"
18655,"exact_zero"
18656,"exact_zero"
18657,"exact_zero"
18658,"exact_zero"
18659,"exact_zero"
18660,"exact_zero"
18661,"exact_zero"
18662,"exact_zero"
18663,"exact_zero"
18664,"exact_zero"
18665,"exact_zero"
18666,"exact_zero"
18667,"exact_zero"
18668,"exact_zero"
18669,"exact_zero"
18670,"exact_zero"
18671,"exact_zero"
18672,"exact_zero"
18673,"exact_zero"
18674,"exact_zero"
18675,"exact_zero"
18676,"exact_zero"
18677,"exact_zero"
18678,"exact_zero"
18679,"exact_zero"
18680,"exact_zero"
18681,"exact_zero"
18682,"exact_zero"
18683,"exact_zero"
18684,"exact_zero"
18685,"exact_zero"
18686,"exact_zero"
18687,"exact_zero"
18688,"exact_zero"
18689,"exact_zero"
18690,"exact_zero"
18691,"exact_zero"
18692,"exact_zero"
18693,"exact_zero"
18694,"exact_zero"
18695,"exact_zero"
18696,"exact_zero"
18697,"exact_zero"
18698,"exact_zero"
18699,"exact_zero"
18700,"exact_zero"
18701,"exact_zero"
18702,"exact_zero"
18703,"exact_zero"
18704,"exact_zero"
18705,"exact_zero"
18706,"exact_zero"
18707,"exact_zero"
18708,"exact_zero"
18709,"exact_zero"
18710,"exact_zero"
18711,"exact_zero"
18712,"exact_zero"
18713,"exact_zero"
18714,"exact_zero"
18715,"exact_zero"
18716,"exact_zero"
18717,"exact_zero"
18718,"exact_zero"
18719,"exact_zero"
18720,"exact_zero"
18721,"exact_zero"
18722,"exact_zero"
18723,"exact_zero"
18724,"exact_zero"
18725,"exact_zero"
18726,"exact_zero"
18727,"exact_zero"
18728,"exact_zero"
18729,"exact_zero"
18730,"exact_zero"
18731,"exact_zero"
18732,"exact_zero"
18733,"exact_zero"
18734,"exact_zero"
18735,"exact_zero"
18736,"exact_zero"
18737,"exact_zero"
18738,"exact_zero"
18739,"exact_zero"
18740,"exact_zero"
18741,"exact_zero"
18742,"exact_zero"
18743,"exact_zero"
18744,"exact_zero"
18745,"exact_zero"
18746,"exact_zero"
18747,"exact_zero"
18748,"exact_zero"
18749,"exact_zero"
18750,"exact_zero"
18751,"exact_zero"
18752,"exact_zero"
18753,"exact_zero"
18754,"exact_zero"
18755,"exact_zero"
18756,"exact_zero"
18757,"exact_zero"
18758,"exact_zero"
18759,"exact_zero"
18760,"exact_zero"
18761,"exact_zero"
18762,"exact_zero"
18763,"exact_zero"
18764,"exact_zero"
18765,"exact_zero"
18766,"exact_zero"
18767,"exact_zero"
18768,"exact_zero"
18769,"exact_zero"
18770,"exact_zero"
18771,"exact_zero"
18772,"exact_zero"
18773,"exact_zero"
18774,"exact_zero"
18775,"exact_zero"
18776,"exact_zero"
18777,"exact_zero"
18778,"exact_zero"
18779,"exact_zero"
18780,"exact_zero"
18781,"exact_zero"
18782,"exact_zero"
18783,"exact_zero"
18784,"exact_zero"
18785,"exact_zero"
18786,"exact_zero"
18787,"exact_zero"
18788,"exact_zero"
18789,"exact_zero"
18790,"exact_zero"
18791,"exact_zero"
18792,"exact_zero"
18793,"exact_zero"
18794,"exact_zero"
18795,"exact_zero"
18796,"exact_zero"
18797,"exact_zero"
18798,"exact_zero"
18799,"exact_zero"
18800,"exact_zero"
18801,"exact_zero"
18802,"exact_zero"
18803,"exact_zero"
18804,"exact_zero"
18805,"exact_zero"
18806,"exact_zero"
18807,"exact_zero"
18808,"exact_zero"
18809,"exact_zero"
18810,"exact_zero"
18811,"exact_zero"
18812,"exact_zero"
18813,"exact_zero"
18814,"exact_zero"
18815,"exact_zero"
18816,"exact_zero"
18817,"exact_zero"
18818,"exact_zero"
18819,"exact_zero"
18820,"exact_zero"
18821,"exact_zero"
18822,"exact_zero"
18823,"exact_zero"
18824,"exact_zero"
18825,"exact_zero"
18826,"exact_zero"
18827,"exact_zero"
18828,"exact_zero"
18829,"exact_zero"
18830,"exact_zero"
18831,"exact_zero"
18832,"exact_zero"
18833,"exact_zero"
18834,"exact_zero"
18835,"exact_zero"
18836,"exact_zero"
18837,"exact_zero"
18838,"exact_zero"
18839,"exact_zero"
18840,"exact_zero"
18841,"exact_zero"
18842,"exact_zero"
18843,"exact_zero"
18844,"exact_zero"
18845,"exact_zero"
18846,"exact_zero"
18847,"exact_zero"
18848,"exact_zero"
18849,"exact_zero"
18850,"exact_zero"
18851,"exact_zero"
18852,"exact_zero"
18853,"exact_zero"
18854,"exact_zero"
18855,"exact_zero"
18856,"exact_zero"
18857,"exact_zero"
18858,"exact_zero"
18859,"exact_zero"
18860,"exact_zero"
18861,"exact_zero"
18862,"exact_zero"
18863,"exact_zero"
18864,"exact_zero"
18865,"exact_zero"
18866,"exact_zero"
18867,"exact_zero"
18868,"exact_zero"
18869,"exact_zero"
18870,"exact_zero"
18871,"exact_zero"
18872,"exact_zero"
18873,"exact_zero"
18874,"exact_zero"
18875,"exact_zero"
18876,"exact_zero"
18877,"exact_zero"
18878,"exact_zero"
18879,"exact_zero"
18880,"exact_zero"
18881,"exact_zero"
18882,"exact_zero"
18883,"exact_zero"
18884,"exact_zero"
18885,"exact_zero"
18886,"exact_zero"
18887,"exact_zero"
18888,"exact_zero"
18889,"exact_zero"
18890,"exact_zero"
18891,"exact_zero"
18892,"exact_zero"
18893,"exact_zero"
18894,"exact_zero"
18895,"exact_zero"
18896,"exact_zero"
18897,"exact_zero"
18898,"exact_zero"
18899,"exact_zero"
18900,"exact_zero"
18901,"exact_zero"
18902,"exact_zero"
18903,"exact_zero"
18904,"exact_zero"
18905,"exact_zero"
18906,"exact_zero"
18907,"exact_zero"
18908,"exact_zero"
18909,"exact_zero"
18910,"exact_zero"
18911,"exact_zero"
18912,"exact_zero"
18913,"exact_zero"
18914,"exact_zero"
18915,"exact_zero"
18916,"exact_zero"
18917,"exact_zero"
18918,"exact_zero"
18919,"exact_zero"
18920,"exact_zero"
18921,"exact_zero"
18922,"exact_zero"
18923,"exact_zero"
18924,"exact_zero"
18925,"exact_zero"
18926,"exact_zero"
18927,"exact_zero"
18928,"exact_zero"
18929,"exact_zero"
18930,"exact_zero"
18931,"exact_zero"
18932,"exact_zero"
18933,"exact_zero"
18934,"exact_zero"
18935,"exact_zero"
18936,"exact_zero"
18937,"exact_zero"
18938,"exact_zero"
18939,"exact_zero"
18940,"exact_zero"
18941,"exact_zero"
18942,"exact_zero"
18943,"exact_zero"
18944,"exact_zero"
18945,"exact_zero"
18946,"exact_zero"
18947,"exact_zero"
18948,"exact_zero"
18949,"exact_zero"
18950,"exact_zero"
18951,"exact_zero"
18952,"exact_zero"
18953,"exact_zero"
18954,"exact_zero"
18955,"exact_zero"
18956,"exact_zero"
18957,"exact_zero"
18958,"exact_zero"
18959,"exact_zero"
18960,"exact_zero"
18961,"exact_zero"
18962,"exact_zero"
18963,"exact_zero"
18964,"exact_zero"
18965,"exact_zero"
18966,"exact_zero"
18967,"exact_zero"
18968,"exact_zero"
18969,"exact_zero"
18970,"exact_zero"
18971,"exact_zero"
18972,"exact_zero"
18973,"exact_zero"
18974,"exact_zero"
18975,"exact_zero"
18976,"exact_zero"
18977,"exact_zero"
18978,"exact_zero"
18979,"exact_zero"
18980,"exact_zero"
18981,"exact_zero"
18982,"exact_zero"
18983,"exact_zero"
18984,"exact_zero"
18985,"exact_zero"
18986,"exact_zero"
18987,"exact_zero"
18988,"exact_zero"
18989,"exact_zero"
18990,"exact_zero"
18991,"exact_zero"
18992,"exact_zero"
18993,"exact_zero"
18994,"exact_zero"
18995,"exact_zero"
18996,"exact_zero"
18997,"exact_zero"
18998,"exact_zero"
18999,"exact_zero"
19000,"exact_zero"
19001,"exact_zero"
19002,"exact_zero"
19003,"exact_zero"
19004,"exact_zero"
19005,"exact_zero"
19006,"exact_zero"
19007,"exact_zero"
19008,"exact_zero"
19009,"exact_zero"
19010,"exact_zero"
19011,"exact_zero"
19012,"exact_zero"
19013,"exact_zero"
19014,"exact_zero"
19015,"exact_zero"
19016,"exact_zero"
19017,"exact_zero"
19018,"exact_zero"
19019,"exact_zero"
19020,"exact_zero"
19021,"exact_zero"
19022,"exact_zero"
19023,"exact_zero"
19024,"exact_zero"
19025,"exact_zero"
19026,"exact_zero"
19027,"exact_zero"
19028,"exact_zero"
19029,"exact_zero"
19030,"exact_zero"
19031,"exact_zero"
19032,"exact_zero"
19033,"exact_zero"
19034,"exact_zero"
19035,"exact_zero"
19036,"exact_zero"
19037,"exact_zero"
19038,"exact_zero"
19039,"exact_zero"
19040,"exact_zero"
19041,"exact_zero"
19042,"exact_zero"
19043,"exact_zero"
19044,"exact_zero"
19045,"exact_zero"
19046,"exact_zero"
19047,"exact_zero"
19048,"exact_zero"
19049,"exact_zero"
19050,"exact_zero"
19051,"exact_zero"
19052,"exact_zero"
19053,"exact_zero"
19054,"exact_zero"
19055,"exact_zero"
19056,"exact_zero"
19057,"exact_zero"
19058,"exact_zero"
19059,"exact_zero"
19060,"exact_zero"
19061,"exact_zero"
19062,"exact_zero"
19063,"exact_zero"
19064,"exact_zero"
19065,"exact_zero"
19066,"exact_zero"
19067,"exact_zero"
19068,"exact_zero"
19069,"exact_zero"
19070,"exact_zero"
19071,"exact_zero"
19072,"exact_zero"
19073,"exact_zero"
19074,"exact_zero"
19075,"exact_zero"
19076,"exact_zero"
19077,"exact_zero"
19078,"exact_zero"
19079,"exact_zero"
19080,"exact_zero"
19081,"exact_zero"
19082,"exact_zero"
19083,"exact_zero"
19084,"exact_zero"
19085,"exact_zero"
19086,"exact_zero"
19087,"exact_zero"
19088,"exact_zero"
19089,"exact_zero"
19090,"exact_zero"
19091,"exact_zero"
19092,"exact_zero"
19093,"exact_zero"
19094,"exact_zero"
19095,"exact_zero"
19096,"exact_zero"
19097,"exact_zero"
19098,"exact_zero"
19099,"exact_zero"
19100,"exact_zero"
19101,"exact_zero"
19102,"exact_zero"
19103,"exact_zero"
19104,"exact_zero"
19105,"exact_zero"
19106,"exact_zero"
19107,"exact_zero"
19108,"exact_zero"
19109,"exact_zero"
19110,"exact_zero"
19111,"exact_zero"
19112,"exact_zero"
19113,"exact_zero"
19114,"exact_zero"
19115,"exact_zero"
19116,"exact_zero"
19117,"exact_zero"
19118,"exact_zero"
19119,"exact_zero"
19120,"exact_zero"
19121,"exact_zero"
19122,"exact_zero"
19123,"exact_zero"
19124,"exact_zero"
19125,"exact_zero"
19126,"exact_zero"
19127,"exact_zero"
19128,"exact_zero"
19129,"exact_zero"
19130,"exact_zero"
19131,"exact_zero"
19132,"exact_zero"
19133,"exact_zero"
19134,"exact_zero"
19135,"exact_zero"
19136,"exact_zero"
19137,"exact_zero"
19138,"exact_zero"
19139,"exact_zero"
19140,"exact_zero"
19141,"exact_zero"
19142,"exact_zero"
19143,"exact_zero"
19144,"exact_zero"
19145,"exact_zero"
19146,"exact_zero"
19147,"exact_zero"
19148,"exact_zero"
19149,"exact_zero"
19150,"exact_zero"
19151,"exact_zero"
19152,"exact_zero"
19153,"exact_zero"
19154,"exact_zero"
19155,"exact_zero"
19156,"exact_zero"
19157,"exact_zero"
19158,"exact_zero"
19159,"exact_zero"
19160,"exact_zero"
19161,"exact_zero"
19162,"exact_zero"
19163,"exact_zero"
19164,"exact_zero"
19165,"exact_zero"
19166,"exact_zero"
19167,"exact_zero"
19168,"exact_zero"
19169,"exact_zero"
19170,"exact_zero"
19171,"exact_zero"
19172,"exact_zero"
19173,"exact_zero"
19174,"exact_zero"
19175,"exact_zero"
19176,"exact_zero"
19177,"exact_zero"
19178,"exact_zero"
19179,"exact_zero"
19180,"exact_zero"
19181,"exact_zero"
19182,"exact_zero"
19183,"exact_zero"
19184,"exact_zero"
19185,"exact_zero"
19186,"exact_zero"
19187,"exact_zero"
19188,"exact_zero"
19189,"exact_zero"
19190,"exact_zero"
19191,"exact_zero"
19192,"exact_zero"
19193,"exact_zero"
19194,"exact_zero"
19195,"exact_zero"
19196,"exact_zero"
19197,"exact_zero"
19198,"exact_zero"
19199,"exact_zero"
19200,"exact_zero"
19201,"exact_zero"
19202,"exact_zero"
19203,"exact_zero"
19204,"exact_zero"
19205,"exact_zero"
19206,"exact_zero"
19207,"exact_zero"
19208,"exact_zero"
19209,"exact_zero"
19210,"exact_zero"
19211,"exact_zero"
19212,"exact_zero"
19213,"exact_zero"
19214,"exact_zero"
19215,"exact_zero"
19216,"exact_zero"
19217,"exact_zero"
19218,"exact_zero"
19219,"exact_zero"
19220,"exact_zero"
19221,"exact_zero"
19222,"exact_zero"
19223,"exact_zero"
19224,"exact_zero"
19225,"exact_zero"
19226,"exact_zero"
19227,"exact_zero"
19228,"exact_zero"
19229,"exact_zero"
19230,"exact_zero"
19231,"exact_zero"
19232,"exact_zero"
19233,"exact_zero"
19234,"exact_zero"
19235,"exact_zero"
19236,"exact_zero"
19237,"exact_zero"
19238,"exact_zero"
19239,"exact_zero"
19240,"exact_zero"
19241,"exact_zero"
19242,"exact_zero"
19243,"exact_zero"
19244,"exact_zero"
19245,"exact_zero"
19246,"exact_zero"
19247,"exact_zero"
19248,"exact_zero"
19249,"exact_zero"
19250,"exact_zero"
19251,"exact_zero"
19252,"exact_zero"
19253,"exact_zero"
19254,"exact_zero"
19255,"exact_zero"
19256,"exact_zero"
19257,"exact_zero"
19258,"exact_zero"
19259,"exact_zero"
19260,"exact_zero"
19261,"exact_zero"
19262,"exact_zero"
19263,"exact_zero"
19264,"exact_zero"
19265,"exact_zero"
19266,"exact_zero"
19267,"exact_zero"
19268,"exact_zero"
19269,"exact_zero"
19270,"exact_zero"
19271,"exact_zero"
19272,"exact_zero"
19273,"exact_zero"
19274,"exact_zero"
19275,"exact_zero"
19276,"exact_zero"
19277,"exact_zero"
19278,"exact_zero"
19279,"exact_zero"
19280,"exact_zero"
19281,"exact_zero"
19282,"exact_zero"
19283,"exact_zero"
19284,"exact_zero"
19285,"exact_zero"
19286,"exact_zero"
19287,"exact_zero"
19288,"exact_zero"
19289,"exact_zero"
19290,"exact_zero"
19291,"exact_zero"
19292,"exact_zero"
19293,"exact_zero"
19294,"exact_zero"
19295,"exact_zero"
19296,"exact_zero"
19297,"exact_zero"
19298,"exact_zero"
19299,"exact_zero"
19300,"exact_zero"
19301,"exact_zero"
19302,"exact_zero"
19303,"exact_zero"
19304,"exact_zero"
19305,"exact_zero"
19306,"exact_zero"
19307,"exact_zero"
19308,"exact_zero"
19309,"exact_zero"
19310,"exact_zero"
19311,"exact_zero"
19312,"exact_zero"
19313,"exact_zero"
19314,"exact_zero"
19315,"exact_zero"
19316,"exact_zero"
19317,"exact_zero"
19318,"exact_zero"
19319,"exact_zero"
19320,"exact_zero"
19321,"exact_zero"
19322,"exact_zero"
19323,"exact_zero"
19324,"exact_zero"
19325,"exact_zero"
19326,"exact_zero"
19327,"exact_zero"
19328,"exact_zero"
19329,"exact_zero"
19330,"exact_zero"
19331,"exact_zero"
19332,"exact_zero"
19333,"exact_zero"
19334,"exact_zero"
19335,"exact_zero"
19336,"exact_zero"
19337,"exact_zero"
19338,"exact_zero"
19339,"exact_zero"
19340,"exact_zero"
19341,"exact_zero"
19342,"exact_zero"
19343,"exact_zero"
19344,"exact_zero"
19345,"exact_zero"
19346,"exact_zero"
19347,"exact_zero"
19348,"exact_zero"
19349,"exact_zero"
19350,"exact_zero"
19351,"exact_zero"
19352,"exact_zero"
19353,"exact_zero"
19354,"exact_zero"
19355,"exact_zero"
19356,"exact_zero"
19357,"exact_zero"
19358,"exact_zero"
19359,"exact_zero"
19360,"exact_zero"
19361,"exact_zero"
19362,"exact_zero"
19363,"exact_zero"
19364,"exact_zero"
19365,"exact_zero"
19366,"exact_zero"
19367,"exact_zero"
19368,"exact_zero"
19369,"exact_zero"
19370,"exact_zero"
19371,"exact_zero"
19372,"exact_zero"
19373,"exact_zero"
19374,"exact_zero"
19375,"exact_zero"
19376,"exact_zero"
19377,"exact_zero"
19378,"exact_zero"
19379,"exact_zero"
19380,"exact_zero"
19381,"exact_zero"
19382,"exact_zero"
19383,"exact_zero"
19384,"exact_zero"
19385,"exact_zero"
19386,"exact_zero"
19387,"exact_zero"
19388,"exact_zero"
19389,"exact_zero"
19390,"exact_zero"
19391,"exact_zero"
19392,"exact_zero"
19393,"exact_zero"
19394,"exact_zero"
19395,"exact_zero"
19396,"exact_zero"
19397,"exact_zero"
19398,"exact_zero"
19399,"exact_zero"
19400,"exact_zero"
19401,"exact_zero"
19402,"exact_zero"
19403,"exact_zero"
19404,"exact_zero"
19405,"exact_zero"
19406,"exact_zero"
19407,"exact_zero"
19408,"exact_zero"
19409,"exact_zero"
19410,"exact_zero"
19411,"exact_zero"
19412,"exact_zero"
19413,"exact_zero"
19414,"exact_zero"
19415,"exact_zero"
19416,"exact_zero"
19417,"exact_zero"
19418,"exact_zero"
19419,"exact_zero"
19420,"exact_zero"
19421,"exact_zero"
19422,"exact_zero"
19423,"exact_zero"
19424,"exact_zero"
19425,"exact_zero"
19426,"exact_zero"
19427,"exact_zero"
19428,"exact_zero"
19429,"exact_zero"
19430,"exact_zero"
19431,"exact_zero"
19432,"exact_zero"
19433,"exact_zero"
19434,"exact_zero"
19435,"exact_zero"
19436,"exact_zero"
19437,"exact_zero"
19438,"exact_zero"
19439,"exact_zero"
19440,"exact_zero"
19441,"exact_zero"
19442,"exact_zero"
19443,"exact_zero"
19444,"exact_zero"
19445,"exact_zero"
19446,"exact_zero"
19447,"exact_zero"
19448,"exact_zero"
19449,"exact_zero"
19450,"exact_zero"
19451,"exact_zero"
19452,"exact_zero"
19453,"exact_zero"
19454,"exact_zero"
19455,"exact_zero"
19456,"exact_zero"
19457,"exact_zero"
19458,"exact_zero"
19459,"exact_zero"
19460,"exact_zero"
19461,"exact_zero"
19462,"exact_zero"
19463,"exact_zero"
19464,"exact_zero"
19465,"exact_zero"
19466,"exact_zero"
19467,"exact_zero"
19468,"exact_zero"
19469,"exact_zero"
19470,"exact_zero"
19471,"exact_zero"
19472,"exact_zero"
19473,"exact_zero"
19474,"exact_zero"
19475,"exact_zero"
19476,"exact_zero"
19477,"exact_zero"
19478,"exact_zero"
19479,"exact_zero"
19480,"exact_zero"
19481,"exact_zero"
19482,"exact_zero"
19483,"exact_zero"
19484,"exact_zero"
19485,"exact_zero"
19486,"exact_zero"
19487,"exact_zero"
19488,"exact_zero"
19489,"exact_zero"
19490,"exact_zero"
19491,"exact_zero"
19492,"exact_zero"
19493,"exact_zero"
19494,"exact_zero"
19495,"exact_zero"
19496,"exact_zero"
19497,"exact_zero"
19498,"exact_zero"
19499,"exact_zero"
19500,"exact_zero"
19501,"exact_zero"
19502,"exact_zero"
19503,"exact_zero"
19504,"exact_zero"
19505,"exact_zero"
19506,"exact_zero"
19507,"exact_zero"
19508,"exact_zero"
19509,"exact_zero"
19510,"exact_zero"
19511,"exact_zero"
19512,"exact_zero"
19513,"exact_zero"
19514,"exact_zero"
19515,"exact_zero"
19516,"exact_zero"
19517,"exact_zero"
19518,"exact_zero"
19519,"exact_zero"
19520,"exact_zero"
19521,"exact_zero"
19522,"exact_zero"
19523,"exact_zero"
19524,"exact_zero"
19525,"exact_zero"
19526,"exact_zero"
19527,"exact_zero"
19528,"exact_zero"
19529,"exact_zero"
19530,"exact_zero"
19531,"exact_zero"
19532,"exact_zero"
19533,"exact_zero"
19534,"exact_zero"
19535,"exact_zero"
19536,"exact_zero"
19537,"exact_zero"
19538,"exact_zero"
19539,"exact_zero"
19540,"exact_zero"
19541,"exact_zero"
19542,"exact_zero"
19543,"exact_zero"
19544,"exact_zero"
19545,"exact_zero"
19546,"exact_zero"
19547,"exact_zero"
19548,"exact_zero"
19549,"exact_zero"
19550,"exact_zero"
19551,"exact_zero"
19552,"exact_zero"
19553,"exact_zero"
19554,"exact_zero"
19555,"exact_zero"
19556,"exact_zero"
19557,"exact_zero"
19558,"exact_zero"
19559,"exact_zero"
19560,"exact_zero"
19561,"exact_zero"
19562,"exact_zero"
19563,"exact_zero"
19564,"exact_zero"
19565,"exact_zero"
19566,"exact_zero"
19567,"exact_zero"
19568,"exact_zero"
19569,"exact_zero"
19570,"exact_zero"
19571,"exact_zero"
19572,"exact_zero"
19573,"exact_zero"
19574,"exact_zero"
19575,"exact_zero"
19576,"exact_zero"
19577,"exact_zero"
19578,"exact_zero"
19579,"exact_zero"
19580,"exact_zero"
19581,"exact_zero"
19582,"exact_zero"
19583,"exact_zero"
19584,"exact_zero"
19585,"exact_zero"
19586,"exact_zero"
19587,"exact_zero"
19588,"exact_zero"
19589,"exact_zero"
19590,"exact_zero"
19591,"exact_zero"
19592,"exact_zero"
19593,"exact_zero"
19594,"exact_zero"
19595,"exact_zero"
19596,"exact_zero"
19597,"exact_zero"
19598,"exact_zero"
19599,"exact_zero"
19600,"exact_zero"
19601,"exact_zero"
19602,"exact_zero"
19603,"exact_zero"
19604,"exact_zero"
19605,"exact_zero"
19606,"exact_zero"
19607,"exact_zero"
19608,"exact_zero"
19609,"exact_zero"
19610,"exact_zero"
19611,"exact_zero"
19612,"exact_zero"
19613,"exact_zero"
19614,"exact_zero"
19615,"exact_zero"
19616,"exact_zero"
19617,"exact_zero"
19618,"exact_zero"
19619,"exact_zero"
19620,"exact_zero"
19621,"exact_zero"
19622,"exact_zero"
19623,"exact_zero"
19624,"exact_zero"
19625,"exact_zero"
19626,"exact_zero"
19627,"exact_zero"
19628,"exact_zero"
19629,"exact_zero"
19630,"exact_zero"
19631,"exact_zero"
19632,"exact_zero"
19633,"exact_zero"
19634,"exact_zero"
19635,"exact_zero"
19636,"exact_zero"
19637,"exact_zero"
19638,"exact_zero"
19639,"exact_zero"
19640,"exact_zero"
19641,"exact_zero"
19642,"exact_zero"
19643,"exact_zero"
19644,"exact_zero"
19645,"exact_zero"
19646,"exact_zero"
19647,"exact_zero"
19648,"exact_zero"
19649,"exact_zero"
19650,"exact_zero"
19651,"exact_zero"
19652,"exact_zero"
19653,"exact_zero"
19654,"exact_zero"
19655,"exact_zero"
19656,"exact_zero"
19657,"exact_zero"
19658,"exact_zero"
19659,"exact_zero"
19660,"exact_zero"
19661,"exact_zero"
19662,"exact_zero"
19663,"exact_zero"
19664,"exact_zero"
19665,"exact_zero"
19666,"exact_zero"
19667,"exact_zero"
19668,"exact_zero"
19669,"exact_zero"
19670,"exact_zero"
19671,"exact_zero"
19672,"exact_zero"
19673,"exact_zero"
19674,"exact_zero"
19675,"exact_zero"
19676,"exact_zero"
19677,"exact_zero"
19678,"exact_zero"
19679,"exact_zero"
19680,"exact_zero"
19681,"exact_zero"
19682,"exact_zero"
19683,"exact_zero"
19684,"exact_zero"
19685,"exact_zero"
19686,"exact_zero"
19687,"exact_zero"
19688,"exact_zero"
19689,"exact_zero"
19690,"exact_zero"
19691,"exact_zero"
19692,"exact_zero"
19693,"exact_zero"
19694,"exact_zero"
19695,"exact_zero"
19696,"exact_zero"
19697,"exact_zero"
19698,"exact_zero"
19699,"exact_zero"
19700,"exact_zero"
19701,"exact_zero"
19702,"exact_zero"
19703,"exact_zero"
19704,"exact_zero"
19705,"exact_zero"
19706,"exact_zero"
19707,"exact_zero"
19708,"exact_zero"
19709,"exact_zero"
19710,"exact_zero"
19711,"exact_zero"
19712,"exact_zero"
19713,"exact_zero"
19714,"exact_zero"
19715,"exact_zero"
19716,"exact_zero"
19717,"exact_zero"
19718,"exact_zero"
19719,"exact_zero"
19720,"exact_zero"
19721,"exact_zero"
19722,"exact_zero"
19723,"exact_zero"
19724,"exact_zero"
19725,"exact_zero"
19726,"exact_zero"
19727,"exact_zero"
19728,"exact_zero"
19729,"exact_zero"
19730,"exact_zero"
19731,"exact_zero"
19732,"exact_zero"
19733,"exact_zero"
19734,"exact_zero"
19735,"exact_zero"
19736,"exact_zero"
19737,"exact_zero"
19738,"exact_zero"
19739,"exact_zero"
19740,"exact_zero"
19741,"exact_zero"
19742,"exact_zero"
19743,"exact_zero"
19744,"exact_zero"
19745,"exact_zero"
19746,"exact_zero"
19747,"exact_zero"
19748,"exact_zero"
19749,"exact_zero"
19750,"exact_zero"
19751,"exact_zero"
19752,"exact_zero"
19753,"exact_zero"
19754,"exact_zero"
19755,"exact_zero"
19756,"exact_zero"
19757,"exact_zero"
19758,"exact_zero"
19759,"exact_zero"
19760,"exact_zero"
19761,"exact_zero"
19762,"exact_zero"
19763,"exact_zero"
19764,"exact_zero"
19765,"exact_zero"
19766,"exact_zero"
19767,"exact_zero"
19768,"exact_zero"
19769,"exact_zero"
19770,"exact_zero"
19771,"exact_zero"
19772,"exact_zero"
19773,"exact_zero"
19774,"exact_zero"
19775,"exact_zero"
19776,"exact_zero"
19777,"exact_zero"
19778,"exact_zero"
19779,"exact_zero"
19780,"exact_zero"
19781,"exact_zero"
19782,"exact_zero"
19783,"exact_zero"
19784,"exact_zero"
19785,"exact_zero"
19786,"exact_zero"
19787,"exact_zero"
19788,"exact_zero"
19789,"exact_zero"
19790,"exact_zero"
19791,"exact_zero"
19792,"exact_zero"
19793,"exact_zero"
19794,"exact_zero"
19795,"exact_zero"
19796,"exact_zero"
19797,"exact_zero"
19798,"exact_zero"
19799,"exact_zero"
19800,"exact_zero"
19801,"exact_zero"
19802,"exact_zero"
19803,"exact_zero"
19804,"exact_zero"
19805,"exact_zero"
19806,"exact_zero"
19807,"exact_zero"
19808,"exact_zero"
19809,"exact_zero"
19810,"exact_zero"
19811,"exact_zero"
19812,"exact_zero"
19813,"exact_zero"
19814,"exact_zero"
19815,"exact_zero"
19816,"exact_zero"
19817,"exact_zero"
19818,"exact_zero"
19819,"exact_zero"
19820,"exact_zero"
19821,"exact_zero"
19822,"exact_zero"
19823,"exact_zero"
19824,"exact_zero"
19825,"exact_zero"
19826,"exact_zero"
19827,"exact_zero"
19828,"exact_zero"
19829,"exact_zero"
19830,"exact_zero"
19831,"exact_zero"
19832,"exact_zero"
19833,"exact_zero"
19834,"exact_zero"
19835,"exact_zero"
19836,"exact_zero"
19837,"exact_zero"
19838,"exact_zero"
19839,"exact_zero"
19840,"exact_zero"
19841,"exact_zero"
19842,"exact_zero"
19843,"exact_zero"
19844,"exact_zero"
19845,"exact_zero"
19846,"exact_zero"
19847,"exact_zero"
19848,"exact_zero"
19849,"exact_zero"
19850,"exact_zero"
19851,"exact_zero"
19852,"exact_zero"
19853,"exact_zero"
19854,"exact_zero"
19855,"exact_zero"
19856,"exact_zero"
19857,"exact_zero"
19858,"exact_zero"
19859,"exact_zero"
19860,"exact_zero"
19861,"exact_zero"
19862,"exact_zero"
19863,"exact_zero"
19864,"exact_zero"
19865,"exact_zero"
19866,"exact_zero"
19867,"exact_zero"
19868,"exact_zero"
19869,"exact_zero"
19870,"exact_zero"
19871,"exact_zero"
19872,"exact_zero"
19873,"exact_zero"
19874,"exact_zero"
19875,"exact_zero"
19876,"exact_zero"
19877,"exact_zero"
19878,"exact_zero"
19879,"exact_zero"
19880,"exact_zero"
19881,"exact_zero"
19882,"exact_zero"
19883,"exact_zero"
19884,"exact_zero"
19885,"exact_zero"
19886,"exact_zero"
19887,"exact_zero"
19888,"exact_zero"
19889,"exact_zero"
19890,"exact_zero"
19891,"exact_zero"
19892,"exact_zero"
19893,"exact_zero"
19894,"exact_zero"
19895,"exact_zero"
19896,"exact_zero"
19897,"exact_zero"
19898,"exact_zero"
19899,"exact_zero"
19900,"exact_zero"
19901,"exact_zero"
19902,"exact_zero"
19903,"exact_zero"
19904,"exact_zero"
19905,"exact_zero"
19906,"exact_zero"
19907,"exact_zero"
19908,"exact_zero"
19909,"exact_zero"
19910,"exact_zero"
19911,"exact_zero"
19912,"exact_zero"
19913,"exact_zero"
19914,"exact_zero"
19915,"exact_zero"
19916,"exact_zero"
19917,"exact_zero"
19918,"exact_zero"
19919,"exact_zero"
19920,"exact_zero"
19921,"exact_zero"
19922,"exact_zero"
19923,"exact_zero"
19924,"exact_zero"
19925,"exact_zero"
19926,"exact_zero"
19927,"exact_zero"
19928,"exact_zero"
19929,"exact_zero"
19930,"exact_zero"
19931,"exact_zero"
19932,"exact_zero"
19933,"exact_zero"
19934,"exact_zero"
19935,"exact_zero"
19936,"exact_zero"
19937,"exact_zero"
19938,"exact_zero"
19939,"exact_zero"
19940,"exact_zero"
19941,"exact_zero"
19942,"exact_zero"
19943,"exact_zero"
19944,"exact_zero"
19945,"exact_zero"
19946,"exact_zero"
19947,"exact_zero"
19948,"exact_zero"
19949,"exact_zero"
19950,"exact_zero"
19951,"exact_zero"
19952,"exact_zero"
19953,"exact_zero"
19954,"exact_zero"
19955,"exact_zero"
19956,"exact_zero"
19957,"exact_zero"
19958,"exact_zero"
19959,"exact_zero"
19960,"exact_zero"
19961,"exact_zero"
19962,"exact_zero"
19963,"exact_zero"
19964,"exact_zero"
19965,"exact_zero"
19966,"exact_zero"
19967,"exact_zero"
19968,"exact_zero"
19969,"exact_zero"
19970,"exact_zero"
19971,"exact_zero"
19972,"exact_zero"
19973,"exact_zero"
19974,"exact_zero"
19975,"exact_zero"
19976,"exact_zero"
19977,"exact_zero"
19978,"exact_zero"
19979,"exact_zero"
19980,"exact_zero"
19981,"exact_zero"
19982,"exact_zero"
19983,"exact_zero"
19984,"exact_zero"
19985,"exact_zero"
19986,"exact_zero"
19987,"exact_zero"
19988,"exact_zero"
19989,"exact_zero"
19990,"exact_zero"
19991,"exact_zero"
19992,"exact_zero"
19993,"exact_zero"
19994,"exact_zero"
19995,"exact_zero"
19996,"exact_zero"
19997,"exact_zero"
19998,"exact_zero"
19999,"exact_zero"
20000,"exact_zero"
20001,"exact_zero"
20002,"exact_zero"
20003,"exact_zero"
20004,"exact_zero"
20005,"exact_zero"
20006,"exact_zero"
20007,"exact_zero"
20008,"exact_zero"
20009,"exact_zero"
20010,"exact_zero"
20011,"exact_zero"
20012,"exact_zero"
20013,"exact_zero"
20014,"exact_zero"
20015,"exact_zero"
20016,"exact_zero"
20017,"exact_zero"
20018,"exact_zero"
20019,"exact_zero"
20020,"exact_zero"
20021,"exact_zero"
20022,"exact_zero"
20023,"exact_zero"
20024,"exact_zero"
20025,"exact_zero"
20026,"exact_zero"
20027,"exact_zero"
20028,"exact_zero"
20029,"exact_zero"
20030,"exact_zero"
20031,"exact_zero"
20032,"exact_zero"
20033,"exact_zero"
20034,"exact_zero"
20035,"exact_zero"
20036,"exact_zero"
20037,"exact_zero"
20038,"exact_zero"
20039,"exact_zero"
20040,"exact_zero"
20041,"exact_zero"
20042,"exact_zero"
20043,"exact_zero"
20044,"exact_zero"
20045,"exact_zero"
20046,"exact_zero"
20047,"exact_zero"
20048,"exact_zero"
20049,"exact_zero"
20050,"exact_zero"
20051,"exact_zero"
20052,"exact_zero"
20053,"exact_zero"
20054,"exact_zero"
20055,"exact_zero"
20056,"exact_zero"
20057,"exact_zero"
20058,"exact_zero"
20059,"exact_zero"
20060,"exact_zero"
20061,"exact_zero"
20062,"exact_zero"
20063,"exact_zero"
20064,"exact_zero"
20065,"exact_zero"
20066,"exact_zero"
20067,"exact_zero"
20068,"exact_zero"
20069,"exact_zero"
20070,"exact_zero"
20071,"exact_zero"
20072,"exact_zero"
20073,"exact_zero"
20074,"exact_zero"
20075,"exact_zero"
20076,"exact_zero"
20077,"exact_zero"
20078,"exact_zero"
20079,"exact_zero"
20080,"exact_zero"
20081,"exact_zero"
20082,"exact_zero"
20083,"exact_zero"
20084,"exact_zero"
20085,"exact_zero"
20086,"exact_zero"
20087,"exact_zero"
20088,"exact_zero"
20089,"exact_zero"
20090,"exact_zero"
20091,"exact_zero"
20092,"exact_zero"
20093,"exact_zero"
20094,"exact_zero"
20095,"exact_zero"
20096,"exact_zero"
20097,"exact_zero"
20098,"exact_zero"
20099,"exact_zero"
20100,"exact_zero"
20101,"exact_zero"
20102,"exact_zero"
20103,"exact_zero"
20104,"exact_zero"
20105,"exact_zero"
20106,"exact_zero"
20107,"exact_zero"
20108,"exact_zero"
20109,"exact_zero"
20110,"exact_zero"
20111,"exact_zero"
20112,"exact_zero"
20113,"exact_zero"
20114,"exact_zero"
20115,"exact_zero"
20116,"exact_zero"
20117,"exact_zero"
20118,"exact_zero"
20119,"exact_zero"
20120,"exact_zero"
20121,"exact_zero"
20122,"exact_zero"
20123,"exact_zero"
20124,"exact_zero"
20125,"exact_zero"
20126,"exact_zero"
20127,"exact_zero"
20128,"exact_zero"
20129,"exact_zero"
20130,"exact_zero"
20131,"exact_zero"
20132,"exact_zero"
20133,"exact_zero"
20134,"exact_zero"
20135,"exact_zero"
20136,"exact_zero"
20137,"exact_zero"
20138,"exact_zero"
20139,"exact_zero"
20140,"exact_zero"
20141,"exact_zero"
20142,"exact_zero"
20143,"exact_zero"
20144,"exact_zero"
20145,"exact_zero"
20146,"exact_zero"
20147,"exact_zero"
20148,"exact_zero"
20149,"exact_zero"
20150,"exact_zero"
20151,"exact_zero"
20152,"exact_zero"
20153,"exact_zero"
20154,"exact_zero"
20155,"exact_zero"
20156,"exact_zero"
20157,"exact_zero"
20158,"exact_zero"
20159,"exact_zero"
20160,"exact_zero"
20161,"exact_zero"
20162,"exact_zero"
20163,"exact_zero"
20164,"exact_zero"
20165,"exact_zero"
20166,"exact_zero"
20167,"exact_zero"
20168,"exact_zero"
20169,"exact_zero"
20170,"exact_zero"
20171,"exact_zero"
20172,"exact_zero"
20173,"exact_zero"
20174,"exact_zero"
20175,"exact_zero"
20176,"exact_zero"
20177,"exact_zero"
20178,"exact_zero"
20179,"exact_zero"
20180,"exact_zero"
20181,"exact_zero"
20182,"exact_zero"
20183,"exact_zero"
20184,"exact_zero"
20185,"exact_zero"
20186,"exact_zero"
20187,"exact_zero"
20188,"exact_zero"
20189,"exact_zero"
20190,"exact_zero"
20191,"exact_zero"
20192,"exact_zero"
20193,"exact_zero"
20194,"exact_zero"
20195,"exact_zero"
20196,"exact_zero"
20197,"exact_zero"
20198,"exact_zero"
20199,"exact_zero"
20200,"exact_zero"
20201,"exact_zero"
20202,"exact_zero"
20203,"exact_zero"
20204,"exact_zero"
20205,"exact_zero"
20206,"exact_zero"
20207,"exact_zero"
20208,"exact_zero"
20209,"exact_zero"
20210,"exact_zero"
20211,"exact_zero"
20212,"exact_zero"
20213,"exact_zero"
20214,"exact_zero"
20215,"exact_zero"
20216,"exact_zero"
20217,"exact_zero"
20218,"exact_zero"
20219,"exact_zero"
20220,"exact_zero"
20221,"exact_zero"
20222,"exact_zero"
20223,"exact_zero"
20224,"exact_zero"
20225,"exact_zero"
20226,"exact_zero"
20227,"exact_zero"
20228,"exact_zero"
20229,"exact_zero"
20230,"exact_zero"
20231,"exact_zero"
20232,"exact_zero"
20233,"exact_zero"
20234,"exact_zero"
20235,"exact_zero"
20236,"exact_zero"
20237,"exact_zero"
20238,"exact_zero"
20239,"exact_zero"
20240,"exact_zero"
20241,"exact_zero"
20242,"exact_zero"
20243,"exact_zero"
20244,"exact_zero"
20245,"exact_zero"
20246,"exact_zero"
20247,"exact_zero"
20248,"exact_zero"
20249,"exact_zero"
20250,"exact_zero"
20251,"exact_zero"
20252,"exact_zero"
20253,"exact_zero"
20254,"exact_zero"
20255,"exact_zero"
20256,"exact_zero"
20257,"exact_zero"
20258,"exact_zero"
20259,"exact_zero"
20260,"exact_zero"
20261,"exact_zero"
20262,"exact_zero"
20263,"exact_zero"
20264,"exact_zero"
20265,"exact_zero"
20266,"exact_zero"
20267,"exact_zero"
20268,"exact_zero"
20269,"exact_zero"
20270,"exact_zero"
20271,"exact_zero"
20272,"exact_zero"
20273,"exact_zero"
20274,"exact_zero"
20275,"exact_zero"
20276,"exact_zero"
20277,"exact_zero"
20278,"exact_zero"
20279,"exact_zero"
20280,"exact_zero"
20281,"exact_zero"
20282,"exact_zero"
20283,"exact_zero"
20284,"exact_zero"
20285,"exact_zero"
20286,"exact_zero"
20287,"exact_zero"
20288,"exact_zero"
20289,"exact_zero"
20290,"exact_zero"
20291,"exact_zero"
20292,"exact_zero"
20293,"exact_zero"
20294,"exact_zero"
20295,"exact_zero"
20296,"exact_zero"
20297,"exact_zero"
20298,"exact_zero"
20299,"exact_zero"
20300,"exact_zero"
20301,"exact_zero"
20302,"exact_zero"
20303,"exact_zero"
20304,"exact_zero"
20305,"exact_zero"
20306,"exact_zero"
20307,"exact_zero"
20308,"exact_zero"
20309,"exact_zero"
20310,"exact_zero"
20311,"exact_zero"
20312,"exact_zero"
20313,"exact_zero"
20314,"exact_zero"
20315,"exact_zero"
20316,"exact_zero"
20317,"exact_zero"
20318,"exact_zero"
20319,"exact_zero"
20320,"exact_zero"
20321,"exact_zero"
20322,"exact_zero"
20323,"exact_zero"
20324,"exact_zero"
20325,"exact_zero"
20326,"exact_zero"
20327,"exact_zero"
20328,"exact_zero"
20329,"exact_zero"
20330,"exact_zero"
20331,"exact_zero"
20332,"exact_zero"
20333,"exact_zero"
20334,"exact_zero"
20335,"exact_zero"
20336,"exact_zero"
20337,"exact_zero"
20338,"exact_zero"
20339,"exact_zero"
20340,"exact_zero"
20341,"exact_zero"
20342,"exact_zero"
20343,"exact_zero"
20344,"exact_zero"
20345,"exact_zero"
20346,"exact_zero"
20347,"exact_zero"
20348,"exact_zero"
20349,"exact_zero"
20350,"exact_zero"
20351,"exact_zero"
20352,"exact_zero"
20353,"exact_zero"
20354,"exact_zero"
20355,"exact_zero"
20356,"exact_zero"
20357,"exact_zero"
20358,"exact_zero"
20359,"exact_zero"
20360,"exact_zero"
20361,"exact_zero"
20362,"exact_zero"
20363,"exact_zero"
20364,"exact_zero"
20365,"exact_zero"
20366,"exact_zero"
20367,"exact_zero"
20368,"exact_zero"
20369,"exact_zero"
20370,"exact_zero"
20371,"exact_zero"
20372,"exact_zero"
20373,"exact_zero"
20374,"exact_zero"
20375,"exact_zero"
20376,"exact_zero"
20377,"exact_zero"
20378,"exact_zero"
20379,"exact_zero"
20380,"exact_zero"
20381,"exact_zero"
20382,"exact_zero"
20383,"exact_zero"
20384,"exact_zero"
20385,"exact_zero"
20386,"exact_zero"
20387,"exact_zero"
20388,"exact_zero"
20389,"exact_zero"
20390,"exact_zero"
20391,"exact_zero"
20392,"exact_zero"
20393,"exact_zero"
20394,"exact_zero"
20395,"exact_zero"
20396,"exact_zero"
20397,"exact_zero"
20398,"exact_zero"
20399,"exact_zero"
20400,"exact_zero"
20401,"exact_zero"
20402,"exact_zero"
20403,"exact_zero"
20404,"exact_zero"
20405,"exact_zero"
20406,"exact_zero"
20407,"exact_zero"
20408,"exact_zero"
20409,"exact_zero"
20410,"exact_zero"
20411,"exact_zero"
20412,"exact_zero"
20413,"exact_zero"
20414,"exact_zero"
20415,"exact_zero"
20416,"exact_zero"
20417,"exact_zero"
20418,"exact_zero"
20419,"exact_zero"
20420,"exact_zero"
20421,"exact_zero"
20422,"exact_zero"
20423,"exact_zero"
20424,"exact_zero"
20425,"exact_zero"
20426,"exact_zero"
20427,"exact_zero"
20428,"exact_zero"
20429,"exact_zero"
20430,"exact_zero"
20431,"exact_zero"
20432,"exact_zero"
20433,"exact_zero"
20434,"exact_zero"
20435,"exact_zero"
20436,"exact_zero"
20437,"exact_zero"
20438,"exact_zero"
20439,"exact_zero"
20440,"exact_zero"
20441,"exact_zero"
20442,"exact_zero"
20443,"exact_zero"
20444,"exact_zero"
20445,"exact_zero"
20446,"exact_zero"
20447,"exact_zero"
20448,"exact_zero"
20449,"exact_zero"
20450,"exact_zero"
20451,"exact_zero"
20452,"exact_zero"
20453,"exact_zero"
20454,"exact_zero"
20455,"exact_zero"
20456,"exact_zero"
20457,"exact_zero"
20458,"exact_zero"
20459,"exact_zero"
20460,"exact_zero"
20461,"exact_zero"
20462,"exact_zero"
20463,"exact_zero"
20464,"exact_zero"
20465,"exact_zero"
20466,"exact_zero"
20467,"exact_zero"
20468,"exact_zero"
20469,"exact_zero"
20470,"exact_zero"
20471,"exact_zero"
20472,"exact_zero"
20473,"exact_zero"
20474,"exact_zero"
20475,"exact_zero"
20476,"exact_zero"
20477,"exact_zero"
20478,"exact_zero"
20479,"exact_zero"
20480,"exact_zero"
20481,"exact_zero"
20482,"exact_zero"
20483,"exact_zero"
20484,"exact_zero"
20485,"exact_zero"
20486,"exact_zero"
20487,"exact_zero"
20488,"exact_zero"
20489,"exact_zero"
20490,"exact_zero"
20491,"exact_zero"
20492,"exact_zero"
20493,"exact_zero"
20494,"exact_zero"
20495,"exact_zero"
20496,"exact_zero"
20497,"exact_zero"
20498,"exact_zero"
20499,"exact_zero"
20500,"exact_zero"
20501,"exact_zero"
20502,"exact_zero"
20503,"exact_zero"
20504,"exact_zero"
20505,"exact_zero"
20506,"exact_zero"
20507,"exact_zero"
20508,"exact_zero"
20509,"exact_zero"
20510,"exact_zero"
20511,"exact_zero"
20512,"exact_zero"
20513,"exact_zero"
20514,"exact_zero"
20515,"exact_zero"
20516,"exact_zero"
20517,"exact_zero"
20518,"exact_zero"
20519,"exact_zero"
20520,"exact_zero"
20521,"exact_zero"
20522,"exact_zero"
20523,"exact_zero"
20524,"exact_zero"
20525,"exact_zero"
20526,"exact_zero"
20527,"exact_zero"
20528,"exact_zero"
20529,"exact_zero"
20530,"exact_zero"
20531,"exact_zero"
20532,"exact_zero"
20533,"exact_zero"
20534,"exact_zero"
20535,"exact_zero"
20536,"exact_zero"
20537,"exact_zero"
20538,"exact_zero"
20539,"exact_zero"
20540,"exact_zero"
20541,"exact_zero"
20542,"exact_zero"
20543,"exact_zero"
20544,"exact_zero"
20545,"exact_zero"
20546,"exact_zero"
20547,"exact_zero"
20548,"exact_zero"
20549,"exact_zero"
20550,"exact_zero"
20551,"exact_zero"
20552,"exact_zero"
20553,"exact_zero"
20554,"exact_zero"
20555,"exact_zero"
20556,"exact_zero"
20557,"exact_zero"
20558,"exact_zero"
20559,"exact_zero"
20560,"exact_zero"
20561,"exact_zero"
20562,"exact_zero"
20563,"exact_zero"
20564,"exact_zero"
20565,"exact_zero"
20566,"exact_zero"
20567,"exact_zero"
20568,"exact_zero"
20569,"exact_zero"
20570,"exact_zero"
20571,"exact_zero"
20572,"exact_zero"
20573,"exact_zero"
20574,"exact_zero"
20575,"exact_zero"
20576,"exact_zero"
20577,"exact_zero"
20578,"exact_zero"
20579,"exact_zero"
20580,"exact_zero"
20581,"exact_zero"
20582,"exact_zero"
20583,"exact_zero"
20584,"exact_zero"
20585,"exact_zero"
20586,"exact_zero"
20587,"exact_zero"
20588,"exact_zero"
20589,"exact_zero"
20590,"exact_zero"
20591,"exact_zero"
20592,"exact_zero"
20593,"exact_zero"
20594,"exact_zero"
20595,"exact_zero"
20596,"exact_zero"
20597,"exact_zero"
20598,"exact_zero"
20599,"exact_zero"
20600,"exact_zero"
20601,"exact_zero"
20602,"exact_zero"
20603,"exact_zero"
20604,"exact_zero"
20605,"exact_zero"
20606,"exact_zero"
20607,"exact_zero"
20608,"exact_zero"
20609,"exact_zero"
20610,"exact_zero"
20611,"exact_zero"
20612,"exact_zero"
20613,"exact_zero"
20614,"exact_zero"
20615,"exact_zero"
20616,"exact_zero"
20617,"exact_zero"
20618,"exact_zero"
20619,"exact_zero"
20620,"exact_zero"
20621,"exact_zero"
20622,"exact_zero"
20623,"exact_zero"
20624,"exact_zero"
20625,"exact_zero"
20626,"exact_zero"
20627,"exact_zero"
20628,"exact_zero"
20629,"exact_zero"
20630,"exact_zero"
20631,"exact_zero"
20632,"exact_zero"
20633,"exact_zero"
20634,"exact_zero"
20635,"exact_zero"
20636,"exact_zero"
20637,"exact_zero"
20638,"exact_zero"
20639,"exact_zero"
20640,"exact_zero"
20641,"exact_zero"
20642,"exact_zero"
20643,"exact_zero"
20644,"exact_zero"
20645,"exact_zero"
20646,"exact_zero"
20647,"exact_zero"
20648,"exact_zero"
20649,"exact_zero"
20650,"exact_zero"
20651,"exact_zero"
20652,"exact_zero"
20653,"exact_zero"
20654,"exact_zero"
20655,"exact_zero"
20656,"exact_zero"
20657,"exact_zero"
20658,"exact_zero"
20659,"exact_zero"
20660,"exact_zero"
20661,"exact_zero"
20662,"exact_zero"
20663,"exact_zero"
20664,"exact_zero"
20665,"exact_zero"
20666,"exact_zero"
20667,"exact_zero"
20668,"exact_zero"
20669,"exact_zero"
20670,"exact_zero"
20671,"exact_zero"
20672,"exact_zero"
20673,"exact_zero"
20674,"exact_zero"
20675,"exact_zero"
20676,"exact_zero"
20677,"exact_zero"
20678,"exact_zero"
20679,"exact_zero"
20680,"exact_zero"
20681,"exact_zero"
20682,"exact_zero"
20683,"exact_zero"
20684,"exact_zero"
20685,"exact_zero"
20686,"exact_zero"
20687,"exact_zero"
20688,"exact_zero"
20689,"exact_zero"
20690,"exact_zero"
20691,"exact_zero"
20692,"exact_zero"
20693,"exact_zero"
20694,"exact_zero"
20695,"exact_zero"
20696,"exact_zero"
20697,"exact_zero"
20698,"exact_zero"
20699,"exact_zero"
20700,"exact_zero"
20701,"exact_zero"
20702,"exact_zero"
20703,"exact_zero"
20704,"exact_zero"
20705,"exact_zero"
20706,"exact_zero"
20707,"exact_zero"
20708,"exact_zero"
20709,"exact_zero"
20710,"exact_zero"
20711,"exact_zero"
20712,"exact_zero"
20713,"exact_zero"
20714,"exact_zero"
20715,"exact_zero"
20716,"exact_zero"
20717,"exact_zero"
20718,"exact_zero"
20719,"exact_zero"
20720,"exact_zero"
20721,"exact_zero"
20722,"exact_zero"
20723,"exact_zero"
20724,"exact_zero"
20725,"exact_zero"
20726,"exact_zero"
20727,"exact_zero"
20728,"exact_zero"
20729,"exact_zero"
20730,"exact_zero"
20731,"exact_zero"
20732,"exact_zero"
20733,"exact_zero"
20734,"exact_zero"
20735,"exact_zero"
20736,"exact_zero"
20737,"exact_zero"
20738,"exact_zero"
20739,"exact_zero"
20740,"exact_zero"
20741,"exact_zero"
20742,"exact_zero"
20743,"exact_zero"
20744,"exact_zero"
20745,"exact_zero"
20746,"exact_zero"
20747,"exact_zero"
20748,"exact_zero"
20749,"exact_zero"
20750,"exact_zero"
20751,"exact_zero"
20752,"exact_zero"
20753,"exact_zero"
20754,"exact_zero"
20755,"exact_zero"
20756,"exact_zero"
20757,"exact_zero"
20758,"exact_zero"
20759,"exact_zero"
20760,"exact_zero"
20761,"exact_zero"
20762,"exact_zero"
20763,"exact_zero"
20764,"exact_zero"
20765,"exact_zero"
20766,"exact_zero"
20767,"exact_zero"
20768,"exact_zero"
20769,"exact_zero"
20770,"exact_zero"
20771,"exact_zero"
20772,"exact_zero"
20773,"exact_zero"
20774,"exact_zero"
20775,"exact_zero"
20776,"exact_zero"
20777,"exact_zero"
20778,"exact_zero"
20779,"exact_zero"
20780,"exact_zero"
20781,"exact_zero"
20782,"exact_zero"
20783,"exact_zero"
20784,"exact_zero"
20785,"exact_zero"
20786,"exact_zero"
20787,"exact_zero"
20788,"exact_zero"
20789,"exact_zero"
20790,"exact_zero"
20791,"exact_zero"
20792,"exact_zero"
20793,"exact_zero"
20794,"exact_zero"
20795,"exact_zero"
20796,"exact_zero"
20797,"exact_zero"
20798,"exact_zero"
20799,"exact_zero"
20800,"exact_zero"
20801,"exact_zero"
20802,"exact_zero"
20803,"exact_zero"
20804,"exact_zero"
20805,"exact_zero"
20806,"exact_zero"
20807,"exact_zero"
20808,"exact_zero"
20809,"exact_zero"
20810,"exact_zero"
20811,"exact_zero"
20812,"exact_zero"
20813,"exact_zero"
20814,"exact_zero"
20815,"exact_zero"
20816,"exact_zero"
20817,"exact_zero"
20818,"exact_zero"
20819,"exact_zero"
20820,"exact_zero"
20821,"exact_zero"
20822,"exact_zero"
20823,"exact_zero"
20824,"exact_zero"
20825,"exact_zero"
20826,"exact_zero"
20827,"exact_zero"
20828,"exact_zero"
20829,"exact_zero"
20830,"exact_zero"
20831,"exact_zero"
20832,"exact_zero"
20833,"exact_zero"
20834,"exact_zero"
20835,"exact_zero"
20836,"exact_zero"
20837,"exact_zero"
20838,"exact_zero"
20839,"exact_zero"
20840,"exact_zero"
20841,"exact_zero"
20842,"exact_zero"
20843,"exact_zero"
20844,"exact_zero"
20845,"exact_zero"
20846,"exact_zero"
20847,"exact_zero"
20848,"exact_zero"
20849,"exact_zero"
20850,"exact_zero"
20851,"exact_zero"
20852,"exact_zero"
20853,"exact_zero"
20854,"exact_zero"
20855,"exact_zero"
20856,"exact_zero"
20857,"exact_zero"
20858,"exact_zero"
20859,"exact_zero"
20860,"exact_zero"
20861,"exact_zero"
20862,"exact_zero"
20863,"exact_zero"
20864,"exact_zero"
20865,"exact_zero"
20866,"exact_zero"
20867,"exact_zero"
20868,"exact_zero"
20869,"exact_zero"
20870,"exact_zero"
20871,"exact_zero"
20872,"exact_zero"
20873,"exact_zero"
20874,"exact_zero"
20875,"exact_zero"
20876,"exact_zero"
20877,"exact_zero"
20878,"exact_zero"
20879,"exact_zero"
20880,"exact_zero"
20881,"exact_zero"
20882,"exact_zero"
20883,"exact_zero"
20884,"exact_zero"
20885,"exact_zero"
20886,"exact_zero"
20887,"exact_zero"
20888,"exact_zero"
20889,"exact_zero"
20890,"exact_zero"
20891,"exact_zero"
20892,"exact_zero"
20893,"exact_zero"
20894,"exact_zero"
20895,"exact_zero"
20896,"exact_zero"
20897,"exact_zero"
20898,"exact_zero"
20899,"exact_zero"
20900,"exact_zero"
20901,"exact_zero"
20902,"exact_zero"
20903,"exact_zero"
20904,"exact_zero"
20905,"exact_zero"
20906,"exact_zero"
20907,"exact_zero"
20908,"exact_zero"
20909,"exact_zero"
20910,"exact_zero"
20911,"exact_zero"
20912,"exact_zero"
20913,"exact_zero"
20914,"exact_zero"
20915,"exact_zero"
20916,"exact_zero"
20917,"exact_zero"
20918,"exact_zero"
20919,"exact_zero"
20920,"exact_zero"
20921,"exact_zero"
20922,"exact_zero"
20923,"exact_zero"
20924,"exact_zero"
20925,"exact_zero"
20926,"exact_zero"
20927,"exact_zero"
20928,"exact_zero"
20929,"exact_zero"
20930,"exact_zero"
20931,"exact_zero"
20932,"exact_zero"
20933,"exact_zero"
20934,"exact_zero"
20935,"exact_zero"
20936,"exact_zero"
20937,"exact_zero"
20938,"exact_zero"
20939,"exact_zero"
20940,"exact_zero"
20941,"exact_zero"
20942,"exact_zero"
20943,"exact_zero"
20944,"exact_zero"
20945,"exact_zero"
20946,"exact_zero"
20947,"exact_zero"
20948,"exact_zero"
20949,"exact_zero"
20950,"exact_zero"
20951,"exact_zero"
20952,"exact_zero"
20953,"exact_zero"
20954,"exact_zero"
20955,"exact_zero"
20956,"exact_zero"
20957,"exact_zero"
20958,"exact_zero"
20959,"exact_zero"
20960,"exact_zero"
20961,"exact_zero"
20962,"exact_zero"
20963,"exact_zero"
20964,"exact_zero"
20965,"exact_zero"
20966,"exact_zero"
20967,"exact_zero"
20968,"exact_zero"
20969,"exact_zero"
20970,"exact_zero"
20971,"exact_zero"
20972,"exact_zero"
20973,"exact_zero"
20974,"exact_zero"
20975,"exact_zero"
20976,"exact_zero"
20977,"exact_zero"
20978,"exact_zero"
20979,"exact_zero"
20980,"exact_zero"
20981,"exact_zero"
20982,"exact_zero"
20983,"exact_zero"
20984,"exact_zero"
20985,"exact_zero"
20986,"exact_zero"
20987,"exact_zero"
20988,"exact_zero"
20989,"exact_zero"
20990,"exact_zero"
20991,"exact_zero"
20992,"exact_zero"
20993,"exact_zero"
20994,"exact_zero"
20995,"exact_zero"
20996,"exact_zero"
20997,"exact_zero"
20998,"exact_zero"
20999,"exact_zero"
21000,"exact_zero"
21001,"exact_zero"
21002,"exact_zero"
21003,"exact_zero"
21004,"exact_zero"
21005,"exact_zero"
21006,"exact_zero"
21007,"exact_zero"
21008,"exact_zero"
21009,"exact_zero"
21010,"exact_zero"
21011,"exact_zero"
21012,"exact_zero"
21013,"exact_zero"
21014,"exact_zero"
21015,"exact_zero"
21016,"exact_zero"
21017,"exact_zero"
21018,"exact_zero"
21019,"exact_zero"
21020,"exact_zero"
21021,"exact_zero"
21022,"exact_zero"
21023,"exact_zero"
21024,"exact_zero"
21025,"exact_zero"
21026,"exact_zero"
21027,"exact_zero"
21028,"exact_zero"
21029,"exact_zero"
21030,"exact_zero"
21031,"exact_zero"
21032,"exact_zero"
21033,"exact_zero"
21034,"exact_zero"
21035,"exact_zero"
21036,"exact_zero"
21037,"exact_zero"
21038,"exact_zero"
21039,"exact_zero"
21040,"exact_zero"
21041,"exact_zero"
21042,"exact_zero"
21043,"exact_zero"
21044,"exact_zero"
21045,"exact_zero"
21046,"exact_zero"
21047,"exact_zero"
21048,"exact_zero"
21049,"exact_zero"
21050,"exact_zero"
21051,"exact_zero"
21052,"exact_zero"
21053,"exact_zero"
21054,"exact_zero"
21055,"exact_zero"
21056,"exact_zero"
21057,"exact_zero"
21058,"exact_zero"
21059,"exact_zero"
21060,"exact_zero"
21061,"exact_zero"
21062,"exact_zero"
21063,"exact_zero"
21064,"exact_zero"
21065,"exact_zero"
21066,"exact_zero"
21067,"exact_zero"
21068,"exact_zero"
21069,"exact_zero"
21070,"exact_zero"
21071,"exact_zero"
21072,"exact_zero"
21073,"exact_zero"
21074,"exact_zero"
21075,"exact_zero"
21076,"exact_zero"
21077,"exact_zero"
21078,"exact_zero"
21079,"exact_zero"
21080,"exact_zero"
21081,"exact_zero"
21082,"exact_zero"
21083,"exact_zero"
21084,"exact_zero"
21085,"exact_zero"
21086,"exact_zero"
21087,"exact_zero"
21088,"exact_zero"
21089,"exact_zero"
21090,"exact_zero"
21091,"exact_zero"
21092,"exact_zero"
21093,"exact_zero"
21094,"exact_zero"
21095,"exact_zero"
21096,"exact_zero"
21097,"exact_zero"
21098,"exact_zero"
21099,"exact_zero"
21100,"exact_zero"
21101,"exact_zero"
21102,"exact_zero"
21103,"exact_zero"
21104,"exact_zero"
21105,"exact_zero"
21106,"exact_zero"
21107,"exact_zero"
21108,"exact_zero"
21109,"exact_zero"
21110,"exact_zero"
21111,"exact_zero"
21112,"exact_zero"
21113,"exact_zero"
21114,"exact_zero"
21115,"exact_zero"
21116,"exact_zero"
21117,"exact_zero"
21118,"exact_zero"
21119,"exact_zero"
21120,"exact_zero"
21121,"exact_zero"
21122,"exact_zero"
21123,"exact_zero"
21124,"exact_zero"
21125,"exact_zero"
21126,"exact_zero"
21127,"exact_zero"
21128,"exact_zero"
21129,"exact_zero"
21130,"exact_zero"
21131,"exact_zero"
21132,"exact_zero"
21133,"exact_zero"
21134,"exact_zero"
21135,"exact_zero"
21136,"exact_zero"
21137,"exact_zero"
21138,"exact_zero"
21139,"exact_zero"
21140,"exact_zero"
21141,"exact_zero"
21142,"exact_zero"
21143,"exact_zero"
21144,"exact_zero"
21145,"exact_zero"
21146,"exact_zero"
21147,"exact_zero"
21148,"exact_zero"
21149,"exact_zero"
21150,"exact_zero"
21151,"exact_zero"
21152,"exact_zero"
21153,"exact_zero"
21154,"exact_zero"
21155,"exact_zero"
21156,"exact_zero"
21157,"exact_zero"
21158,"exact_zero"
21159,"exact_zero"
21160,"exact_zero"
21161,"exact_zero"
21162,"exact_zero"
21163,"exact_zero"
21164,"exact_zero"
21165,"exact_zero"
21166,"exact_zero"
21167,"exact_zero"
21168,"exact_zero"
21169,"exact_zero"
21170,"exact_zero"
21171,"exact_zero"
21172,"exact_zero"
21173,"exact_zero"
21174,"exact_zero"
21175,"exact_zero"
21176,"exact_zero"
21177,"exact_zero"
21178,"exact_zero"
21179,"exact_zero"
21180,"exact_zero"
21181,"exact_zero"
21182,"exact_zero"
21183,"exact_zero"
21184,"exact_zero"
21185,"exact_zero"
21186,"exact_zero"
21187,"exact_zero"
21188,"exact_zero"
21189,"exact_zero"
21190,"exact_zero"
21191,"exact_zero"
21192,"exact_zero"
21193,"exact_zero"
21194,"exact_zero"
21195,"exact_zero"
21196,"exact_zero"
21197,"exact_zero"
21198,"exact_zero"
21199,"exact_zero"
21200,"exact_zero"
21201,"exact_zero"
21202,"exact_zero"
21203,"exact_zero"
21204,"exact_zero"
21205,"exact_zero"
21206,"exact_zero"
21207,"exact_zero"
21208,"exact_zero"
21209,"exact_zero"
21210,"exact_zero"
21211,"exact_zero"
21212,"exact_zero"
21213,"exact_zero"
21214,"exact_zero"
21215,"exact_zero"
21216,"exact_zero"
21217,"exact_zero"
21218,"exact_zero"
21219,"exact_zero"
21220,"exact_zero"
21221,"exact_zero"
21222,"exact_zero"
21223,"exact_zero"
21224,"exact_zero"
21225,"exact_zero"
21226,"exact_zero"
21227,"exact_zero"
21228,"exact_zero"
21229,"exact_zero"
21230,"exact_zero"
21231,"exact_zero"
21232,"exact_zero"
21233,"exact_zero"
21234,"exact_zero"
21235,"exact_zero"
21236,"exact_zero"
21237,"exact_zero"
21238,"exact_zero"
21239,"exact_zero"
21240,"exact_zero"
21241,"exact_zero"
21242,"exact_zero"
21243,"exact_zero"
21244,"exact_zero"
21245,"exact_zero"
21246,"exact_zero"
21247,"exact_zero"
21248,"exact_zero"
21249,"exact_zero"
21250,"exact_zero"
21251,"exact_zero"
21252,"exact_zero"
21253,"exact_zero"
21254,"exact_zero"
21255,"exact_zero"
21256,"exact_zero"
21257,"exact_zero"
21258,"exact_zero"
21259,"exact_zero"
21260,"exact_zero"
21261,"exact_zero"
21262,"exact_zero"
21263,"exact_zero"
21264,"exact_zero"
21265,"exact_zero"
21266,"exact_zero"
21267,"exact_zero"
21268,"exact_zero"
21269,"exact_zero"
21270,"exact_zero"
21271,"exact_zero"
21272,"exact_zero"
21273,"exact_zero"
21274,"exact_zero"
21275,"exact_zero"
21276,"exact_zero"
21277,"exact_zero"
21278,"exact_zero"
21279,"exact_zero"
21280,"exact_zero"
21281,"exact_zero"
21282,"exact_zero"
21283,"exact_zero"
21284,"exact_zero"
21285,"exact_zero"
21286,"exact_zero"
21287,"exact_zero"
21288,"exact_zero"
21289,"exact_zero"
21290,"exact_zero"
21291,"exact_zero"
21292,"exact_zero"
21293,"exact_zero"
21294,"exact_zero"
21295,"exact_zero"
21296,"exact_zero"
21297,"exact_zero"
21298,"exact_zero"
21299,"exact_zero"
21300,"exact_zero"
21301,"exact_zero"
21302,"exact_zero"
21303,"exact_zero"
21304,"exact_zero"
21305,"exact_zero"
21306,"exact_zero"
21307,"exact_zero"
21308,"exact_zero"
21309,"exact_zero"
21310,"exact_zero"
21311,"exact_zero"
21312,"exact_zero"
21313,"exact_zero"
21314,"exact_zero"
21315,"exact_zero"
21316,"exact_zero"
21317,"exact_zero"
21318,"exact_zero"
21319,"exact_zero"
21320,"exact_zero"
21321,"exact_zero"
21322,"exact_zero"
21323,"exact_zero"
21324,"exact_zero"
21325,"exact_zero"
21326,"exact_zero"
21327,"exact_zero"
21328,"exact_zero"
21329,"exact_zero"
21330,"exact_zero"
21331,"exact_zero"
21332,"exact_zero"
21333,"exact_zero"
21334,"exact_zero"
21335,"exact_zero"
21336,"exact_zero"
21337,"exact_zero"
21338,"exact_zero"
21339,"exact_zero"
21340,"exact_zero"
21341,"exact_zero"
21342,"exact_zero"
21343,"exact_zero"
21344,"exact_zero"
21345,"exact_zero"
21346,"exact_zero"
21347,"exact_zero"
21348,"exact_zero"
21349,"exact_zero"
21350,"exact_zero"
21351,"exact_zero"
21352,"exact_zero"
21353,"exact_zero"
21354,"exact_zero"
21355,"exact_zero"
21356,"exact_zero"
21357,"exact_zero"
21358,"exact_zero"
21359,"exact_zero"
21360,"exact_zero"
21361,"exact_zero"
21362,"exact_zero"
21363,"exact_zero"
21364,"exact_zero"
21365,"exact_zero"
21366,"exact_zero"
21367,"exact_zero"
21368,"exact_zero"
21369,"exact_zero"
21370,"exact_zero"
21371,"exact_zero"
21372,"exact_zero"
21373,"exact_zero"
21374,"exact_zero"
21375,"exact_zero"
21376,"exact_zero"
21377,"exact_zero"
21378,"exact_zero"
21379,"exact_zero"
21380,"exact_zero"
21381,"exact_zero"
21382,"exact_zero"
21383,"exact_zero"
21384,"exact_zero"
21385,"exact_zero"
21386,"exact_zero"
21387,"exact_zero"
21388,"exact_zero"
21389,"exact_zero"
21390,"exact_zero"
21391,"exact_zero"
21392,"exact_zero"
21393,"exact_zero"
21394,"exact_zero"
21395,"exact_zero"
21396,"exact_zero"
21397,"exact_zero"
21398,"exact_zero"
21399,"exact_zero"
21400,"exact_zero"
21401,"exact_zero"
21402,"exact_zero"
21403,"exact_zero"
21404,"exact_zero"
21405,"exact_zero"
21406,"exact_zero"
21407,"exact_zero"
21408,"exact_zero"
21409,"exact_zero"
21410,"exact_zero"
21411,"exact_zero"
21412,"exact_zero"
21413,"exact_zero"
21414,"exact_zero"
21415,"exact_zero"
21416,"exact_zero"
21417,"exact_zero"
21418,"exact_zero"
21419,"exact_zero"
21420,"exact_zero"
21421,"exact_zero"
21422,"exact_zero"
21423,"exact_zero"
21424,"exact_zero"
21425,"exact_zero"
21426,"exact_zero"
21427,"exact_zero"
21428,"exact_zero"
21429,"exact_zero"
21430,"exact_zero"
21431,"exact_zero"
21432,"exact_zero"
21433,"exact_zero"
21434,"exact_zero"
21435,"exact_zero"
21436,"exact_zero"
21437,"exact_zero"
21438,"exact_zero"
21439,"exact_zero"
21440,"exact_zero"
21441,"exact_zero"
21442,"exact_zero"
21443,"exact_zero"
21444,"exact_zero"
21445,"exact_zero"
21446,"exact_zero"
21447,"exact_zero"
21448,"exact_zero"
21449,"exact_zero"
21450,"exact_zero"
21451,"exact_zero"
21452,"exact_zero"
21453,"exact_zero"
21454,"exact_zero"
21455,"exact_zero"
21456,"exact_zero"
21457,"exact_zero"
21458,"exact_zero"
21459,"exact_zero"
21460,"exact_zero"
21461,"exact_zero"
21462,"exact_zero"
21463,"exact_zero"
21464,"exact_zero"
21465,"exact_zero"
21466,"exact_zero"
21467,"exact_zero"
21468,"exact_zero"
21469,"exact_zero"
21470,"exact_zero"
21471,"exact_zero"
21472,"exact_zero"
21473,"exact_zero"
21474,"exact_zero"
21475,"exact_zero"
21476,"exact_zero"
21477,"exact_zero"
21478,"exact_zero"
21479,"exact_zero"
21480,"exact_zero"
21481,"exact_zero"
21482,"exact_zero"
21483,"exact_zero"
21484,"exact_zero"
21485,"exact_zero"
21486,"exact_zero"
21487,"exact_zero"
21488,"exact_zero"
21489,"exact_zero"
21490,"exact_zero"
21491,"exact_zero"
21492,"exact_zero"
21493,"exact_zero"
21494,"exact_zero"
21495,"exact_zero"
21496,"exact_zero"
21497,"exact_zero"
21498,"exact_zero"
21499,"exact_zero"
21500,"exact_zero"
21501,"exact_zero"
21502,"exact_zero"
21503,"exact_zero"
21504,"exact_zero"
21505,"exact_zero"
21506,"exact_zero"
21507,"exact_zero"
21508,"exact_zero"
21509,"exact_zero"
21510,"exact_zero"
21511,"exact_zero"
21512,"exact_zero"
21513,"exact_zero"
21514,"exact_zero"
21515,"exact_zero"
21516,"exact_zero"
21517,"exact_zero"
21518,"exact_zero"
21519,"exact_zero"
21520,"exact_zero"
21521,"exact_zero"
21522,"exact_zero"
21523,"exact_zero"
21524,"exact_zero"
21525,"exact_zero"
21526,"exact_zero"
21527,"exact_zero"
21528,"exact_zero"
21529,"exact_zero"
21530,"exact_zero"
21531,"exact_zero"
21532,"exact_zero"
21533,"exact_zero"
21534,"exact_zero"
21535,"exact_zero"
21536,"exact_zero"
21537,"exact_zero"
21538,"exact_zero"
21539,"exact_zero"
21540,"exact_zero"
21541,"exact_zero"
21542,"exact_zero"
21543,"exact_zero"
21544,"exact_zero"
21545,"exact_zero"
21546,"exact_zero"
21547,"exact_zero"
21548,"exact_zero"
21549,"exact_zero"
21550,"exact_zero"
21551,"exact_zero"
21552,"exact_zero"
21553,"exact_zero"
21554,"exact_zero"
21555,"exact_zero"
21556,"exact_zero"
21557,"exact_zero"
21558,"exact_zero"
21559,"exact_zero"
21560,"exact_zero"
21561,"exact_zero"
21562,"exact_zero"
21563,"exact_zero"
21564,"exact_zero"
21565,"exact_zero"
21566,"exact_zero"
21567,"exact_zero"
21568,"exact_zero"
21569,"exact_zero"
21570,"exact_zero"
21571,"exact_zero"
21572,"exact_zero"
21573,"exact_zero"
21574,"exact_zero"
21575,"exact_zero"
21576,"exact_zero"
21577,"exact_zero"
21578,"exact_zero"
21579,"exact_zero"
21580,"exact_zero"
21581,"exact_zero"
21582,"exact_zero"
21583,"exact_zero"
21584,"exact_zero"
21585,"exact_zero"
21586,"exact_zero"
21587,"exact_zero"
21588,"exact_zero"
21589,"exact_zero"
21590,"exact_zero"
21591,"exact_zero"
21592,"exact_zero"
21593,"exact_zero"
21594,"exact_zero"
21595,"exact_zero"
21596,"exact_zero"
21597,"exact_zero"
21598,"exact_zero"
21599,"exact_zero"
21600,"exact_zero"
21601,"exact_zero"
21602,"exact_zero"
21603,"exact_zero"
21604,"exact_zero"
21605,"exact_zero"
21606,"exact_zero"
21607,"exact_zero"
21608,"exact_zero"
21609,"exact_zero"
21610,"exact_zero"
21611,"exact_zero"
21612,"exact_zero"
21613,"exact_zero"
21614,"exact_zero"
21615,"exact_zero"
21616,"exact_zero"
21617,"exact_zero"
21618,"exact_zero"
21619,"exact_zero"
21620,"exact_zero"
21621,"exact_zero"
21622,"exact_zero"
21623,"exact_zero"
21624,"exact_zero"
21625,"exact_zero"
21626,"exact_zero"
21627,"exact_zero"
21628,"exact_zero"
21629,"exact_zero"
21630,"exact_zero"
21631,"exact_zero"
21632,"exact_zero"
21633,"exact_zero"
21634,"exact_zero"
21635,"exact_zero"
21636,"exact_zero"
21637,"exact_zero"
21638,"exact_zero"
21639,"exact_zero"
21640,"exact_zero"
21641,"exact_zero"
21642,"exact_zero"
21643,"exact_zero"
21644,"exact_zero"
21645,"exact_zero"
21646,"exact_zero"
21647,"exact_zero"
21648,"exact_zero"
21649,"exact_zero"
21650,"exact_zero"
21651,"exact_zero"
21652,"exact_zero"
21653,"exact_zero"
21654,"exact_zero"
21655,"exact_zero"
21656,"exact_zero"
21657,"exact_zero"
21658,"exact_zero"
21659,"exact_zero"
21660,"exact_zero"
21661,"exact_zero"
21662,"exact_zero"
21663,"exact_zero"
21664,"exact_zero"
21665,"exact_zero"
21666,"exact_zero"
21667,"exact_zero"
21668,"exact_zero"
21669,"exact_zero"
21670,"exact_zero"
21671,"exact_zero"
21672,"exact_zero"
21673,"exact_zero"
21674,"exact_zero"
21675,"exact_zero"
21676,"exact_zero"
21677,"exact_zero"
21678,"exact_zero"
21679,"exact_zero"
21680,"exact_zero"
21681,"exact_zero"
21682,"exact_zero"
21683,"exact_zero"
21684,"exact_zero"
21685,"exact_zero"
21686,"exact_zero"
21687,"exact_zero"
21688,"exact_zero"
21689,"exact_zero"
21690,"exact_zero"
21691,"exact_zero"
21692,"exact_zero"
21693,"exact_zero"
21694,"exact_zero"
21695,"exact_zero"
21696,"exact_zero"
21697,"exact_zero"
21698,"exact_zero"
21699,"exact_zero"
21700,"exact_zero"
21701,"exact_zero"
21702,"exact_zero"
21703,"exact_zero"
21704,"exact_zero"
21705,"exact_zero"
21706,"exact_zero"
21707,"exact_zero"
21708,"exact_zero"
21709,"exact_zero"
21710,"exact_zero"
21711,"exact_zero"
21712,"exact_zero"
21713,"exact_zero"
21714,"exact_zero"
21715,"exact_zero"
21716,"exact_zero"
21717,"exact_zero"
21718,"exact_zero"
21719,"exact_zero"
21720,"exact_zero"
21721,"exact_zero"
21722,"exact_zero"
21723,"exact_zero"
21724,"exact_zero"
21725,"exact_zero"
21726,"exact_zero"
21727,"exact_zero"
21728,"exact_zero"
21729,"exact_zero"
21730,"exact_zero"
21731,"exact_zero"
21732,"exact_zero"
21733,"exact_zero"
21734,"exact_zero"
21735,"exact_zero"
21736,"exact_zero"
21737,"exact_zero"
21738,"exact_zero"
21739,"exact_zero"
21740,"exact_zero"
21741,"exact_zero"
21742,"exact_zero"
21743,"exact_zero"
21744,"exact_zero"
21745,"exact_zero"
21746,"exact_zero"
21747,"exact_zero"
21748,"exact_zero"
21749,"exact_zero"
21750,"exact_zero"
21751,"exact_zero"
21752,"exact_zero"
21753,"exact_zero"
21754,"exact_zero"
21755,"exact_zero"
21756,"exact_zero"
21757,"exact_zero"
21758,"exact_zero"
21759,"exact_zero"
21760,"exact_zero"
21761,"exact_zero"
21762,"exact_zero"
21763,"exact_zero"
21764,"exact_zero"
21765,"exact_zero"
21766,"exact_zero"
21767,"exact_zero"
21768,"exact_zero"
21769,"exact_zero"
21770,"exact_zero"
21771,"exact_zero"
21772,"exact_zero"
21773,"exact_zero"
21774,"exact_zero"
21775,"exact_zero"
21776,"exact_zero"
21777,"exact_zero"
21778,"exact_zero"
21779,"exact_zero"
21780,"exact_zero"
21781,"exact_zero"
21782,"exact_zero"
21783,"exact_zero"
21784,"exact_zero"
21785,"exact_zero"
21786,"exact_zero"
21787,"exact_zero"
21788,"exact_zero"
21789,"exact_zero"
21790,"exact_zero"
21791,"exact_zero"
21792,"exact_zero"
21793,"exact_zero"
21794,"exact_zero"
21795,"exact_zero"
21796,"exact_zero"
21797,"exact_zero"
21798,"exact_zero"
21799,"exact_zero"
21800,"exact_zero"
21801,"exact_zero"
21802,"exact_zero"
21803,"exact_zero"
21804,"exact_zero"
21805,"exact_zero"
21806,"exact_zero"
21807,"exact_zero"
21808,"exact_zero"
21809,"exact_zero"
21810,"exact_zero"
21811,"exact_zero"
21812,"exact_zero"
21813,"exact_zero"
21814,"exact_zero"
21815,"exact_zero"
21816,"exact_zero"
21817,"exact_zero"
21818,"exact_zero"
21819,"exact_zero"
21820,"exact_zero"
21821,"exact_zero"
21822,"exact_zero"
21823,"exact_zero"
21824,"exact_zero"
21825,"exact_zero"
21826,"exact_zero"
21827,"exact_zero"
21828,"exact_zero"
21829,"exact_zero"
21830,"exact_zero"
21831,"exact_zero"
21832,"exact_zero"
21833,"exact_zero"
21834,"exact_zero"
21835,"exact_zero"
21836,"exact_zero"
21837,"exact_zero"
21838,"exact_zero"
21839,"exact_zero"
21840,"exact_zero"
21841,"exact_zero"
21842,"exact_zero"
21843,"exact_zero"
21844,"exact_zero"
21845,"exact_zero"
21846,"exact_zero"
21847,"exact_zero"
21848,"exact_zero"
21849,"exact_zero"
21850,"exact_zero"
21851,"exact_zero"
21852,"exact_zero"
21853,"exact_zero"
21854,"exact_zero"
21855,"exact_zero"
21856,"exact_zero"
21857,"exact_zero"
21858,"exact_zero"
21859,"exact_zero"
21860,"exact_zero"
21861,"exact_zero"
21862,"exact_zero"
21863,"exact_zero"
21864,"exact_zero"
21865,"exact_zero"
21866,"exact_zero"
21867,"exact_zero"
21868,"exact_zero"
21869,"exact_zero"
21870,"exact_zero"
21871,"exact_zero"
21872,"exact_zero"
21873,"exact_zero"
21874,"exact_zero"
21875,"exact_zero"
21876,"exact_zero"
21877,"exact_zero"
21878,"exact_zero"
21879,"exact_zero"
21880,"exact_zero"
21881,"exact_zero"
21882,"exact_zero"
21883,"exact_zero"
21884,"exact_zero"
21885,"exact_zero"
21886,"exact_zero"
21887,"exact_zero"
21888,"exact_zero"
21889,"exact_zero"
21890,"exact_zero"
21891,"exact_zero"
21892,"exact_zero"
21893,"exact_zero"
21894,"exact_zero"
21895,"exact_zero"
21896,"exact_zero"
21897,"exact_zero"
21898,"exact_zero"
21899,"exact_zero"
21900,"exact_zero"
21901,"exact_zero"
21902,"exact_zero"
21903,"exact_zero"
21904,"exact_zero"
21905,"exact_zero"
21906,"exact_zero"
21907,"exact_zero"
21908,"exact_zero"
21909,"exact_zero"
21910,"exact_zero"
21911,"exact_zero"
21912,"exact_zero"
21913,"exact_zero"
21914,"exact_zero"
21915,"exact_zero"
21916,"exact_zero"
21917,"exact_zero"
21918,"exact_zero"
21919,"exact_zero"
21920,"exact_zero"
21921,"exact_zero"
21922,"exact_zero"
21923,"exact_zero"
21924,"exact_zero"
21925,"exact_zero"
21926,"exact_zero"
21927,"exact_zero"
21928,"exact_zero"
21929,"exact_zero"
21930,"exact_zero"
21931,"exact_zero"
21932,"exact_zero"
21933,"exact_zero"
21934,"exact_zero"
21935,"exact_zero"
21936,"exact_zero"
21937,"exact_zero"
21938,"exact_zero"
21939,"exact_zero"
21940,"exact_zero"
21941,"exact_zero"
21942,"exact_zero"
21943,"exact_zero"
21944,"exact_zero"
21945,"exact_zero"
21946,"exact_zero"
21947,"exact_zero"
21948,"exact_zero"
21949,"exact_zero"
21950,"exact_zero"
21951,"exact_zero"
21952,"exact_zero"
21953,"exact_zero"
21954,"exact_zero"
21955,"exact_zero"
21956,"exact_zero"
21957,"exact_zero"
21958,"exact_zero"
21959,"exact_zero"
21960,"exact_zero"
21961,"exact_zero"
21962,"exact_zero"
21963,"exact_zero"
21964,"exact_zero"
21965,"exact_zero"
21966,"exact_zero"
21967,"exact_zero"
21968,"exact_zero"
21969,"exact_zero"
21970,"exact_zero"
21971,"exact_zero"
21972,"exact_zero"
21973,"exact_zero"
21974,"exact_zero"
21975,"exact_zero"
21976,"exact_zero"
21977,"exact_zero"
21978,"exact_zero"
21979,"exact_zero"
21980,"exact_zero"
21981,"exact_zero"
21982,"exact_zero"
21983,"exact_zero"
21984,"exact_zero"
21985,"exact_zero"
21986,"exact_zero"
21987,"exact_zero"
21988,"exact_zero"
21989,"exact_zero"
21990,"exact_zero"
21991,"exact_zero"
21992,"exact_zero"
21993,"exact_zero"
21994,"exact_zero"
21995,"exact_zero"
21996,"exact_zero"
21997,"exact_zero"
21998,"exact_zero"
21999,"exact_zero"
22000,"exact_zero"
22001,"exact_zero"
22002,"exact_zero"
22003,"exact_zero"
22004,"exact_zero"
22005,"exact_zero"
22006,"exact_zero"
22007,"exact_zero"
22008,"exact_zero"
22009,"exact_zero"
22010,"exact_zero"
22011,"exact_zero"
22012,"exact_zero"
22013,"exact_zero"
22014,"exact_zero"
22015,"exact_zero"
22016,"exact_zero"
22017,"exact_zero"
22018,"exact_zero"
22019,"exact_zero"
22020,"exact_zero"
22021,"exact_zero"
22022,"exact_zero"
22023,"exact_zero"
22024,"exact_zero"
22025,"exact_zero"
22026,"exact_zero"
22027,"exact_zero"
22028,"exact_zero"
22029,"exact_zero"
22030,"exact_zero"
22031,"exact_zero"
22032,"exact_zero"
22033,"exact_zero"
22034,"exact_zero"
22035,"exact_zero"
22036,"exact_zero"
22037,"exact_zero"
22038,"exact_zero"
22039,"exact_zero"
22040,"exact_zero"
22041,"exact_zero"
22042,"exact_zero"
22043,"exact_zero"
22044,"exact_zero"
22045,"exact_zero"
22046,"exact_zero"
22047,"exact_zero"
22048,"exact_zero"
22049,"exact_zero"
22050,"exact_zero"
22051,"exact_zero"
22052,"exact_zero"
22053,"exact_zero"
22054,"exact_zero"
22055,"exact_zero"
22056,"exact_zero"
22057,"exact_zero"
22058,"exact_zero"
22059,"exact_zero"
22060,"exact_zero"
22061,"exact_zero"
22062,"exact_zero"
22063,"exact_zero"
22064,"exact_zero"
22065,"exact_zero"
22066,"exact_zero"
22067,"exact_zero"
22068,"exact_zero"
22069,"exact_zero"
22070,"exact_zero"
22071,"exact_zero"
22072,"exact_zero"
22073,"exact_zero"
22074,"exact_zero"
22075,"exact_zero"
22076,"exact_zero"
22077,"exact_zero"
22078,"exact_zero"
22079,"exact_zero"
22080,"exact_zero"
22081,"exact_zero"
22082,"exact_zero"
22083,"exact_zero"
22084,"exact_zero"
22085,"exact_zero"
22086,"exact_zero"
22087,"exact_zero"
22088,"exact_zero"
22089,"exact_zero"
22090,"exact_zero"
22091,"exact_zero"
22092,"exact_zero"
22093,"exact_zero"
22094,"exact_zero"
22095,"exact_zero"
22096,"exact_zero"
22097,"exact_zero"
22098,"exact_zero"
22099,"exact_zero"
22100,"exact_zero"
22101,"exact_zero"
22102,"exact_zero"
22103,"exact_zero"
22104,"exact_zero"
22105,"exact_zero"
22106,"exact_zero"
22107,"exact_zero"
22108,"exact_zero"
22109,"exact_zero"
22110,"exact_zero"
22111,"exact_zero"
22112,"exact_zero"
22113,"exact_zero"
22114,"exact_zero"
22115,"exact_zero"
22116,"exact_zero"
22117,"exact_zero"
22118,"exact_zero"
22119,"exact_zero"
22120,"exact_zero"
22121,"exact_zero"
22122,"exact_zero"
22123,"exact_zero"
22124,"exact_zero"
22125,"exact_zero"
22126,"exact_zero"
22127,"exact_zero"
22128,"exact_zero"
22129,"exact_zero"
22130,"exact_zero"
22131,"exact_zero"
22132,"exact_zero"
22133,"exact_zero"
22134,"exact_zero"
22135,"exact_zero"
22136,"exact_zero"
22137,"exact_zero"
22138,"exact_zero"
22139,"exact_zero"
22140,"exact_zero"
22141,"exact_zero"
22142,"exact_zero"
22143,"exact_zero"
22144,"exact_zero"
22145,"exact_zero"
22146,"exact_zero"
22147,"exact_zero"
22148,"exact_zero"
22149,"exact_zero"
22150,"exact_zero"
22151,"exact_zero"
22152,"exact_zero"
22153,"exact_zero"
22154,"exact_zero"
22155,"exact_zero"
22156,"exact_zero"
22157,"exact_zero"
22158,"exact_zero"
22159,"exact_zero"
22160,"exact_zero"
22161,"exact_zero"
22162,"exact_zero"
22163,"exact_zero"
22164,"exact_zero"
22165,"exact_zero"
22166,"exact_zero"
22167,"exact_zero"
22168,"exact_zero"
22169,"exact_zero"
22170,"exact_zero"
22171,"exact_zero"
22172,"exact_zero"
22173,"exact_zero"
22174,"exact_zero"
22175,"exact_zero"
22176,"exact_zero"
22177,"exact_zero"
22178,"exact_zero"
22179,"exact_zero"
22180,"exact_zero"
22181,"exact_zero"
22182,"exact_zero"
22183,"exact_zero"
22184,"exact_zero"
22185,"exact_zero"
22186,"exact_zero"
22187,"exact_zero"
22188,"exact_zero"
22189,"exact_zero"
22190,"exact_zero"
22191,"exact_zero"
22192,"exact_zero"
22193,"exact_zero"
22194,"exact_zero"
22195,"exact_zero"
22196,"exact_zero"
22197,"exact_zero"
22198,"exact_zero"
22199,"exact_zero"
22200,"exact_zero"
22201,"exact_zero"
22202,"exact_zero"
22203,"exact_zero"
22204,"exact_zero"
22205,"exact_zero"
22206,"exact_zero"
22207,"exact_zero"
22208,"exact_zero"
22209,"exact_zero"
22210,"exact_zero"
22211,"exact_zero"
22212,"exact_zero"
22213,"exact_zero"
22214,"exact_zero"
22215,"exact_zero"
22216,"exact_zero"
22217,"exact_zero"
22218,"exact_zero"
22219,"exact_zero"
22220,"exact_zero"
22221,"exact_zero"
22222,"exact_zero"
22223,"exact_zero"
22224,"exact_zero"
22225,"exact_zero"
22226,"exact_zero"
22227,"exact_zero"
22228,"exact_zero"
22229,"exact_zero"
22230,"exact_zero"
22231,"exact_zero"
22232,"exact_zero"
22233,"exact_zero"
22234,"exact_zero"
22235,"exact_zero"
22236,"exact_zero"
22237,"exact_zero"
22238,"exact_zero"
22239,"exact_zero"
22240,"exact_zero"
22241,"exact_zero"
22242,"exact_zero"
22243,"exact_zero"
22244,"exact_zero"
22245,"exact_zero"
22246,"exact_zero"
22247,"exact_zero"
22248,"exact_zero"
22249,"exact_zero"
22250,"exact_zero"
22251,"exact_zero"
22252,"exact_zero"
22253,"exact_zero"
22254,"exact_zero"
22255,"exact_zero"
22256,"exact_zero"
22257,"exact_zero"
22258,"exact_zero"
22259,"exact_zero"
22260,"exact_zero"
22261,"exact_zero"
22262,"exact_zero"
22263,"exact_zero"
22264,"exact_zero"
22265,"exact_zero"
22266,"exact_zero"
22267,"exact_zero"
22268,"exact_zero"
22269,"exact_zero"
22270,"exact_zero"
22271,"exact_zero"
22272,"exact_zero"
22273,"exact_zero"
22274,"exact_zero"
22275,"exact_zero"
22276,"exact_zero"
22277,"exact_zero"
22278,"exact_zero"
22279,"exact_zero"
22280,"exact_zero"
22281,"exact_zero"
22282,"exact_zero"
22283,"exact_zero"
22284,"exact_zero"
22285,"exact_zero"
22286,"exact_zero"
22287,"exact_zero"
22288,"exact_zero"
22289,"exact_zero"
22290,"exact_zero"
22291,"exact_zero"
22292,"exact_zero"
22293,"exact_zero"
22294,"exact_zero"
22295,"exact_zero"
22296,"exact_zero"
22297,"exact_zero"
22298,"exact_zero"
22299,"exact_zero"
22300,"exact_zero"
22301,"exact_zero"
22302,"exact_zero"
22303,"exact_zero"
22304,"exact_zero"
22305,"exact_zero"
22306,"exact_zero"
22307,"exact_zero"
22308,"exact_zero"
22309,"exact_zero"
22310,"exact_zero"
22311,"exact_zero"
22312,"exact_zero"
22313,"exact_zero"
22314,"exact_zero"
22315,"exact_zero"
22316,"exact_zero"
22317,"exact_zero"
22318,"exact_zero"
22319,"exact_zero"
22320,"exact_zero"
22321,"exact_zero"
22322,"exact_zero"
22323,"exact_zero"
22324,"exact_zero"
22325,"exact_zero"
22326,"exact_zero"
22327,"exact_zero"
22328,"exact_zero"
22329,"exact_zero"
22330,"exact_zero"
22331,"exact_zero"
22332,"exact_zero"
22333,"exact_zero"
22334,"exact_zero"
22335,"exact_zero"
22336,"exact_zero"
22337,"exact_zero"
22338,"exact_zero"
22339,"exact_zero"
22340,"exact_zero"
22341,"exact_zero"
22342,"exact_zero"
22343,"exact_zero"
22344,"exact_zero"
22345,"exact_zero"
22346,"exact_zero"
22347,"exact_zero"
22348,"exact_zero"
22349,"exact_zero"
22350,"exact_zero"
22351,"exact_zero"
22352,"exact_zero"
22353,"exact_zero"
22354,"exact_zero"
22355,"exact_zero"
22356,"exact_zero"
22357,"exact_zero"
22358,"exact_zero"
22359,"exact_zero"
22360,"exact_zero"
22361,"exact_zero"
22362,"exact_zero"
22363,"exact_zero"
22364,"exact_zero"
22365,"exact_zero"
22366,"exact_zero"
22367,"exact_zero"
22368,"exact_zero"
22369,"exact_zero"
22370,"exact_zero"
22371,"exact_zero"
22372,"exact_zero"
22373,"exact_zero"
22374,"exact_zero"
22375,"exact_zero"
22376,"exact_zero"
22377,"exact_zero"
22378,"exact_zero"
22379,"exact_zero"
22380,"exact_zero"
22381,"exact_zero"
22382,"exact_zero"
22383,"exact_zero"
22384,"exact_zero"
22385,"exact_zero"
22386,"exact_zero"
22387,"exact_zero"
22388,"exact_zero"
22389,"exact_zero"
22390,"exact_zero"
22391,"exact_zero"
22392,"exact_zero"
22393,"exact_zero"
22394,"exact_zero"
22395,"exact_zero"
22396,"exact_zero"
22397,"exact_zero"
22398,"exact_zero"
22399,"exact_zero"
22400,"exact_zero"
22401,"exact_zero"
22402,"exact_zero"
22403,"exact_zero"
22404,"exact_zero"
22405,"exact_zero"
22406,"exact_zero"
22407,"exact_zero"
22408,"exact_zero"
22409,"exact_zero"
22410,"exact_zero"
22411,"exact_zero"
22412,"exact_zero"
22413,"exact_zero"
22414,"exact_zero"
22415,"exact_zero"
22416,"exact_zero"
22417,"exact_zero"
22418,"exact_zero"
22419,"exact_zero"
22420,"exact_zero"
22421,"exact_zero"
22422,"exact_zero"
22423,"exact_zero"
22424,"exact_zero"
22425,"exact_zero"
22426,"exact_zero"
22427,"exact_zero"
22428,"exact_zero"
22429,"exact_zero"
22430,"exact_zero"
22431,"exact_zero"
22432,"exact_zero"
22433,"exact_zero"
22434,"exact_zero"
22435,"exact_zero"
22436,"exact_zero"
22437,"exact_zero"
22438,"exact_zero"
22439,"exact_zero"
22440,"exact_zero"
22441,"exact_zero"
22442,"exact_zero"
22443,"exact_zero"
22444,"exact_zero"
22445,"exact_zero"
22446,"exact_zero"
22447,"exact_zero"
22448,"exact_zero"
22449,"exact_zero"
22450,"exact_zero"
22451,"exact_zero"
22452,"exact_zero"
22453,"exact_zero"
22454,"exact_zero"
22455,"exact_zero"
22456,"exact_zero"
22457,"exact_zero"
22458,"exact_zero"
22459,"exact_zero"
22460,"exact_zero"
22461,"exact_zero"
22462,"exact_zero"
22463,"exact_zero"
22464,"exact_zero"
22465,"exact_zero"
22466,"exact_zero"
22467,"exact_zero"
22468,"exact_zero"
22469,"exact_zero"
22470,"exact_zero"
22471,"exact_zero"
22472,"exact_zero"
22473,"exact_zero"
22474,"exact_zero"
22475,"exact_zero"
22476,"exact_zero"
22477,"exact_zero"
22478,"exact_zero"
22479,"exact_zero"
22480,"exact_zero"
22481,"exact_zero"
22482,"exact_zero"
22483,"exact_zero"
22484,"exact_zero"
22485,"exact_zero"
22486,"exact_zero"
22487,"exact_zero"
22488,"exact_zero"
22489,"exact_zero"
22490,"exact_zero"
22491,"exact_zero"
22492,"exact_zero"
22493,"exact_zero"
22494,"exact_zero"
22495,"exact_zero"
22496,"exact_zero"
22497,"exact_zero"
22498,"exact_zero"
22499,"exact_zero"
22500,"exact_zero"
22501,"exact_zero"
22502,"exact_zero"
22503,"exact_zero"
22504,"exact_zero"
22505,"exact_zero"
22506,"exact_zero"
22507,"exact_zero"
22508,"exact_zero"
22509,"exact_zero"
22510,"exact_zero"
22511,"exact_zero"
22512,"exact_zero"
22513,"exact_zero"
22514,"exact_zero"
22515,"exact_zero"
22516,"exact_zero"
22517,"exact_zero"
22518,"exact_zero"
22519,"exact_zero"
22520,"exact_zero"
22521,"exact_zero"
22522,"exact_zero"
22523,"exact_zero"
22524,"exact_zero"
22525,"exact_zero"
22526,"exact_zero"
22527,"exact_zero"
22528,"exact_zero"
22529,"exact_zero"
22530,"exact_zero"
22531,"exact_zero"
22532,"exact_zero"
22533,"exact_zero"
22534,"exact_zero"
22535,"exact_zero"
22536,"exact_zero"
22537,"exact_zero"
22538,"exact_zero"
22539,"exact_zero"
22540,"exact_zero"
22541,"exact_zero"
22542,"exact_zero"
22543,"exact_zero"
22544,"exact_zero"
22545,"exact_zero"
22546,"exact_zero"
22547,"exact_zero"
22548,"exact_zero"
22549,"exact_zero"
22550,"exact_zero"
22551,"exact_zero"
22552,"exact_zero"
22553,"exact_zero"
22554,"exact_zero"
22555,"exact_zero"
22556,"exact_zero"
22557,"exact_zero"
22558,"exact_zero"
22559,"exact_zero"
22560,"exact_zero"
22561,"exact_zero"
22562,"exact_zero"
22563,"exact_zero"
22564,"exact_zero"
22565,"exact_zero"
22566,"exact_zero"
22567,"exact_zero"
22568,"exact_zero"
22569,"exact_zero"
22570,"exact_zero"
22571,"exact_zero"
22572,"exact_zero"
22573,"exact_zero"
22574,"exact_zero"
22575,"exact_zero"
22576,"exact_zero"
22577,"exact_zero"
22578,"exact_zero"
22579,"exact_zero"
22580,"exact_zero"
22581,"exact_zero"
22582,"exact_zero"
22583,"exact_zero"
22584,"exact_zero"
22585,"exact_zero"
22586,"exact_zero"
22587,"exact_zero"
22588,"exact_zero"
22589,"exact_zero"
22590,"exact_zero"
22591,"exact_zero"
22592,"exact_zero"
22593,"exact_zero"
22594,"exact_zero"
22595,"exact_zero"
22596,"exact_zero"
22597,"exact_zero"
22598,"exact_zero"
22599,"exact_zero"
22600,"exact_zero"
22601,"exact_zero"
22602,"exact_zero"
22603,"exact_zero"
22604,"exact_zero"
22605,"exact_zero"
22606,"exact_zero"
22607,"exact_zero"
22608,"exact_zero"
22609,"exact_zero"
22610,"exact_zero"
22611,"exact_zero"
22612,"exact_zero"
22613,"exact_zero"
22614,"exact_zero"
22615,"exact_zero"
22616,"exact_zero"
22617,"exact_zero"
22618,"exact_zero"
22619,"exact_zero"
22620,"exact_zero"
22621,"exact_zero"
22622,"exact_zero"
22623,"exact_zero"
22624,"exact_zero"
22625,"exact_zero"
22626,"exact_zero"
22627,"exact_zero"
22628,"exact_zero"
22629,"exact_zero"
22630,"exact_zero"
22631,"exact_zero"
22632,"exact_zero"
22633,"exact_zero"
22634,"exact_zero"
22635,"exact_zero"
22636,"exact_zero"
22637,"exact_zero"
22638,"exact_zero"
22639,"exact_zero"
22640,"exact_zero"
22641,"exact_zero"
22642,"exact_zero"
22643,"exact_zero"
22644,"exact_zero"
22645,"exact_zero"
22646,"exact_zero"
22647,"exact_zero"
22648,"exact_zero"
22649,"exact_zero"
22650,"exact_zero"
22651,"exact_zero"
22652,"exact_zero"
22653,"exact_zero"
22654,"exact_zero"
22655,"exact_zero"
22656,"exact_zero"
22657,"exact_zero"
22658,"exact_zero"
22659,"exact_zero"
22660,"exact_zero"
22661,"exact_zero"
22662,"exact_zero"
22663,"exact_zero"
22664,"exact_zero"
22665,"exact_zero"
22666,"exact_zero"
22667,"exact_zero"
22668,"exact_zero"
22669,"exact_zero"
22670,"exact_zero"
22671,"exact_zero"
22672,"exact_zero"
22673,"exact_zero"
22674,"exact_zero"
22675,"exact_zero"
22676,"exact_zero"
22677,"exact_zero"
22678,"exact_zero"
22679,"exact_zero"
22680,"exact_zero"
22681,"exact_zero"
22682,"exact_zero"
22683,"exact_zero"
22684,"exact_zero"
22685,"exact_zero"
22686,"exact_zero"
22687,"exact_zero"
22688,"exact_zero"
22689,"exact_zero"
22690,"exact_zero"
22691,"exact_zero"
22692,"exact_zero"
22693,"exact_zero"
22694,"exact_zero"
22695,"exact_zero"
22696,"exact_zero"
22697,"exact_zero"
22698,"exact_zero"
22699,"exact_zero"
22700,"exact_zero"
22701,"exact_zero"
22702,"exact_zero"
22703,"exact_zero"
22704,"exact_zero"
22705,"exact_zero"
22706,"exact_zero"
22707,"exact_zero"
22708,"exact_zero"
22709,"exact_zero"
22710,"exact_zero"
22711,"exact_zero"
22712,"exact_zero"
22713,"exact_zero"
22714,"exact_zero"
22715,"exact_zero"
22716,"exact_zero"
22717,"exact_zero"
22718,"exact_zero"
22719,"exact_zero"
22720,"exact_zero"
22721,"exact_zero"
22722,"exact_zero"
22723,"exact_zero"
22724,"exact_zero"
22725,"exact_zero"
22726,"exact_zero"
22727,"exact_zero"
22728,"exact_zero"
22729,"exact_zero"
22730,"exact_zero"
22731,"exact_zero"
22732,"exact_zero"
22733,"exact_zero"
22734,"exact_zero"
22735,"exact_zero"
22736,"exact_zero"
22737,"exact_zero"
22738,"exact_zero"
22739,"exact_zero"
22740,"exact_zero"
22741,"exact_zero"
22742,"exact_zero"
22743,"exact_zero"
22744,"exact_zero"
22745,"exact_zero"
22746,"exact_zero"
22747,"exact_zero"
22748,"exact_zero"
22749,"exact_zero"
22750,"exact_zero"
22751,"exact_zero"
22752,"exact_zero"
22753,"exact_zero"
22754,"exact_zero"
22755,"exact_zero"
22756,"exact_zero"
22757,"exact_zero"
22758,"exact_zero"
22759,"exact_zero"
22760,"exact_zero"
22761,"exact_zero"
22762,"exact_zero"
22763,"exact_zero"
22764,"exact_zero"
22765,"exact_zero"
22766,"exact_zero"
22767,"exact_zero"
22768,"exact_zero"
22769,"exact_zero"
22770,"exact_zero"
22771,"exact_zero"
22772,"exact_zero"
22773,"exact_zero"
22774,"exact_zero"
22775,"exact_zero"
22776,"exact_zero"
22777,"exact_zero"
22778,"exact_zero"
22779,"exact_zero"
22780,"exact_zero"
22781,"exact_zero"
22782,"exact_zero"
22783,"exact_zero"
22784,"exact_zero"
22785,"exact_zero"
22786,"exact_zero"
22787,"exact_zero"
22788,"exact_zero"
22789,"exact_zero"
22790,"exact_zero"
22791,"exact_zero"
22792,"exact_zero"
22793,"exact_zero"
22794,"exact_zero"
22795,"exact_zero"
22796,"exact_zero"
22797,"exact_zero"
22798,"exact_zero"
22799,"exact_zero"
22800,"exact_zero"
22801,"exact_zero"
22802,"exact_zero"
22803,"exact_zero"
22804,"exact_zero"
22805,"exact_zero"
22806,"exact_zero"
22807,"exact_zero"
22808,"exact_zero"
22809,"exact_zero"
22810,"exact_zero"
22811,"exact_zero"
22812,"exact_zero"
22813,"exact_zero"
22814,"exact_zero"
22815,"exact_zero"
22816,"exact_zero"
22817,"exact_zero"
22818,"exact_zero"
22819,"exact_zero"
22820,"exact_zero"
22821,"exact_zero"
22822,"exact_zero"
22823,"exact_zero"
22824,"exact_zero"
22825,"exact_zero"
22826,"exact_zero"
22827,"exact_zero"
22828,"exact_zero"
22829,"exact_zero"
22830,"exact_zero"
22831,"exact_zero"
22832,"exact_zero"
22833,"exact_zero"
22834,"exact_zero"
22835,"exact_zero"
22836,"exact_zero"
22837,"exact_zero"
22838,"exact_zero"
22839,"exact_zero"
22840,"exact_zero"
22841,"exact_zero"
22842,"exact_zero"
22843,"exact_zero"
22844,"exact_zero"
22845,"exact_zero"
22846,"exact_zero"
22847,"exact_zero"
22848,"exact_zero"
22849,"exact_zero"
22850,"exact_zero"
22851,"exact_zero"
22852,"exact_zero"
22853,"exact_zero"
22854,"exact_zero"
22855,"exact_zero"
22856,"exact_zero"
22857,"exact_zero"
22858,"exact_zero"
22859,"exact_zero"
22860,"exact_zero"
22861,"exact_zero"
22862,"exact_zero"
22863,"exact_zero"
22864,"exact_zero"
22865,"exact_zero"
22866,"exact_zero"
22867,"exact_zero"
22868,"exact_zero"
22869,"exact_zero"
22870,"exact_zero"
22871,"exact_zero"
22872,"exact_zero"
22873,"exact_zero"
22874,"exact_zero"
22875,"exact_zero"
22876,"exact_zero"
22877,"exact_zero"
22878,"exact_zero"
22879,"exact_zero"
22880,"exact_zero"
22881,"exact_zero"
22882,"exact_zero"
22883,"exact_zero"
22884,"exact_zero"
22885,"exact_zero"
22886,"exact_zero"
22887,"exact_zero"
22888,"exact_zero"
22889,"exact_zero"
22890,"exact_zero"
22891,"exact_zero"
22892,"exact_zero"
22893,"exact_zero"
22894,"exact_zero"
22895,"exact_zero"
22896,"exact_zero"
22897,"exact_zero"
22898,"exact_zero"
22899,"exact_zero"
22900,"exact_zero"
22901,"exact_zero"
22902,"exact_zero"
22903,"exact_zero"
22904,"exact_zero"
22905,"exact_zero"
22906,"exact_zero"
22907,"exact_zero"
22908,"exact_zero"
22909,"exact_zero"
22910,"exact_zero"
22911,"exact_zero"
22912,"exact_zero"
22913,"exact_zero"
22914,"exact_zero"
22915,"exact_zero"
22916,"exact_zero"
22917,"exact_zero"
22918,"exact_zero"
22919,"exact_zero"
22920,"exact_zero"
22921,"exact_zero"
22922,"exact_zero"
22923,"exact_zero"
22924,"exact_zero"
22925,"exact_zero"
22926,"exact_zero"
22927,"exact_zero"
22928,"exact_zero"
22929,"exact_zero"
22930,"exact_zero"
22931,"exact_zero"
22932,"exact_zero"
22933,"exact_zero"
22934,"exact_zero"
22935,"exact_zero"
22936,"exact_zero"
22937,"exact_zero"
22938,"exact_zero"
22939,"exact_zero"
22940,"exact_zero"
22941,"exact_zero"
22942,"exact_zero"
22943,"exact_zero"
22944,"exact_zero"
22945,"exact_zero"
22946,"exact_zero"
22947,"exact_zero"
22948,"exact_zero"
22949,"exact_zero"
22950,"exact_zero"
22951,"exact_zero"
22952,"exact_zero"
22953,"exact_zero"
22954,"exact_zero"
22955,"exact_zero"
22956,"exact_zero"
22957,"exact_zero"
22958,"exact_zero"
22959,"exact_zero"
22960,"exact_zero"
22961,"exact_zero"
22962,"exact_zero"
22963,"exact_zero"
22964,"exact_zero"
22965,"exact_zero"
22966,"exact_zero"
22967,"exact_zero"
22968,"exact_zero"
22969,"exact_zero"
22970,"exact_zero"
22971,"exact_zero"
22972,"exact_zero"
22973,"exact_zero"
22974,"exact_zero"
22975,"exact_zero"
22976,"exact_zero"
22977,"exact_zero"
22978,"exact_zero"
22979,"exact_zero"
22980,"exact_zero"
22981,"exact_zero"
22982,"exact_zero"
22983,"exact_zero"
22984,"exact_zero"
22985,"exact_zero"
22986,"exact_zero"
22987,"exact_zero"
22988,"exact_zero"
22989,"exact_zero"
22990,"exact_zero"
22991,"exact_zero"
22992,"exact_zero"
22993,"exact_zero"
22994,"exact_zero"
22995,"exact_zero"
22996,"exact_zero"
22997,"exact_zero"
22998,"exact_zero"
22999,"exact_zero"
23000,"exact_zero"
23001,"exact_zero"
23002,"exact_zero"
23003,"exact_zero"
23004,"exact_zero"
23005,"exact_zero"
23006,"exact_zero"
23007,"exact_zero"
23008,"exact_zero"
23009,"exact_zero"
23010,"exact_zero"
23011,"exact_zero"
23012,"exact_zero"
23013,"exact_zero"
23014,"exact_zero"
23015,"exact_zero"
23016,"exact_zero"
23017,"exact_zero"
23018,"exact_zero"
23019,"exact_zero"
23020,"exact_zero"
23021,"exact_zero"
23022,"exact_zero"
23023,"exact_zero"
23024,"exact_zero"
23025,"exact_zero"
23026,"exact_zero"
23027,"exact_zero"
23028,"exact_zero"
23029,"exact_zero"
23030,"exact_zero"
23031,"exact_zero"
23032,"exact_zero"
23033,"exact_zero"
23034,"exact_zero"
23035,"exact_zero"
23036,"exact_zero"
23037,"exact_zero"
23038,"exact_zero"
23039,"exact_zero"
23040,"exact_zero"
23041,"exact_zero"
23042,"exact_zero"
23043,"exact_zero"
23044,"exact_zero"
23045,"exact_zero"
23046,"exact_zero"
23047,"exact_zero"
23048,"exact_zero"
23049,"exact_zero"
23050,"exact_zero"
23051,"exact_zero"
23052,"exact_zero"
23053,"exact_zero"
23054,"exact_zero"
23055,"exact_zero"
23056,"exact_zero"
23057,"exact_zero"
23058,"exact_zero"
23059,"exact_zero"
23060,"exact_zero"
23061,"exact_zero"
23062,"exact_zero"
23063,"exact_zero"
23064,"exact_zero"
23065,"exact_zero"
23066,"exact_zero"
23067,"exact_zero"
23068,"exact_zero"
23069,"exact_zero"
23070,"exact_zero"
23071,"exact_zero"
23072,"exact_zero"
23073,"exact_zero"
23074,"exact_zero"
23075,"exact_zero"
23076,"exact_zero"
23077,"exact_zero"
23078,"exact_zero"
23079,"exact_zero"
23080,"exact_zero"
23081,"exact_zero"
23082,"exact_zero"
23083,"exact_zero"
23084,"exact_zero"
23085,"exact_zero"
23086,"exact_zero"
23087,"exact_zero"
23088,"exact_zero"
23089,"exact_zero"
23090,"exact_zero"
23091,"exact_zero"
23092,"exact_zero"
23093,"exact_zero"
23094,"exact_zero"
23095,"exact_zero"
23096,"exact_zero"
23097,"exact_zero"
23098,"exact_zero"
23099,"exact_zero"
23100,"exact_zero"
23101,"exact_zero"
23102,"exact_zero"
23103,"exact_zero"
23104,"exact_zero"
23105,"exact_zero"
23106,"exact_zero"
23107,"exact_zero"
23108,"exact_zero"
23109,"exact_zero"
23110,"exact_zero"
23111,"exact_zero"
23112,"exact_zero"
23113,"exact_zero"
23114,"exact_zero"
23115,"exact_zero"
23116,"exact_zero"
23117,"exact_zero"
23118,"exact_zero"
23119,"exact_zero"
23120,"exact_zero"
23121,"exact_zero"
23122,"exact_zero"
23123,"exact_zero"
23124,"exact_zero"
23125,"exact_zero"
23126,"exact_zero"
23127,"exact_zero"
23128,"exact_zero"
23129,"exact_zero"
23130,"exact_zero"
23131,"exact_zero"
23132,"exact_zero"
23133,"exact_zero"
23134,"exact_zero"
23135,"exact_zero"
23136,"exact_zero"
23137,"exact_zero"
23138,"exact_zero"
23139,"exact_zero"
23140,"exact_zero"
23141,"exact_zero"
23142,"exact_zero"
23143,"exact_zero"
23144,"exact_zero"
23145,"exact_zero"
23146,"exact_zero"
23147,"exact_zero"
23148,"exact_zero"
23149,"exact_zero"
23150,"exact_zero"
23151,"exact_zero"
23152,"exact_zero"
23153,"exact_zero"
23154,"exact_zero"
23155,"exact_zero"
23156,"exact_zero"
23157,"exact_zero"
23158,"exact_zero"
23159,"exact_zero"
23160,"exact_zero"
23161,"exact_zero"
23162,"exact_zero"
23163,"exact_zero"
23164,"exact_zero"
23165,"exact_zero"
23166,"exact_zero"
23167,"exact_zero"
23168,"exact_zero"
23169,"exact_zero"
23170,"exact_zero"
23171,"exact_zero"
23172,"exact_zero"
23173,"exact_zero"
23174,"exact_zero"
23175,"exact_zero"
23176,"exact_zero"
23177,"exact_zero"
23178,"exact_zero"
23179,"exact_zero"
23180,"exact_zero"
23181,"exact_zero"
23182,"exact_zero"
23183,"exact_zero"
23184,"exact_zero"
23185,"exact_zero"
23186,"exact_zero"
23187,"exact_zero"
23188,"exact_zero"
23189,"exact_zero"
23190,"exact_zero"
23191,"exact_zero"
23192,"exact_zero"
23193,"exact_zero"
23194,"exact_zero"
23195,"exact_zero"
23196,"exact_zero"
23197,"exact_zero"
23198,"exact_zero"
23199,"exact_zero"
23200,"exact_zero"
23201,"exact_zero"
23202,"exact_zero"
23203,"exact_zero"
23204,"exact_zero"
23205,"exact_zero"
23206,"exact_zero"
23207,"exact_zero"
23208,"exact_zero"
23209,"exact_zero"
23210,"exact_zero"
23211,"exact_zero"
23212,"exact_zero"
23213,"exact_zero"
23214,"exact_zero"
23215,"exact_zero"
23216,"exact_zero"
23217,"exact_zero"
23218,"exact_zero"
23219,"exact_zero"
23220,"exact_zero"
23221,"exact_zero"
23222,"exact_zero"
23223,"exact_zero"
23224,"exact_zero"
23225,"exact_zero"
23226,"exact_zero"
23227,"exact_zero"
23228,"exact_zero"
23229,"exact_zero"
23230,"exact_zero"
23231,"exact_zero"
23232,"exact_zero"
23233,"exact_zero"
23234,"exact_zero"
23235,"exact_zero"
23236,"exact_zero"
23237,"exact_zero"
23238,"exact_zero"
23239,"exact_zero"
23240,"exact_zero"
23241,"exact_zero"
23242,"exact_zero"
23243,"exact_zero"
23244,"exact_zero"
23245,"exact_zero"
23246,"exact_zero"
23247,"exact_zero"
23248,"exact_zero"
23249,"exact_zero"
23250,"exact_zero"
23251,"exact_zero"
23252,"exact_zero"
23253,"exact_zero"
23254,"exact_zero"
23255,"exact_zero"
23256,"exact_zero"
23257,"exact_zero"
23258,"exact_zero"
23259,"exact_zero"
23260,"exact_zero"
23261,"exact_zero"
23262,"exact_zero"
23263,"exact_zero"
23264,"exact_zero"
23265,"exact_zero"
23266,"exact_zero"
23267,"exact_zero"
23268,"exact_zero"
23269,"exact_zero"
23270,"exact_zero"
23271,"exact_zero"
23272,"exact_zero"
23273,"exact_zero"
23274,"exact_zero"
23275,"exact_zero"
23276,"exact_zero"
23277,"exact_zero"
23278,"exact_zero"
23279,"exact_zero"
23280,"exact_zero"
23281,"exact_zero"
23282,"exact_zero"
23283,"exact_zero"
23284,"exact_zero"
23285,"exact_zero"
23286,"exact_zero"
23287,"exact_zero"
23288,"exact_zero"
23289,"exact_zero"
23290,"exact_zero"
23291,"exact_zero"
23292,"exact_zero"
23293,"exact_zero"
23294,"exact_zero"
23295,"exact_zero"
23296,"exact_zero"
23297,"exact_zero"
23298,"exact_zero"
23299,"exact_zero"
23300,"exact_zero"
23301,"exact_zero"
23302,"exact_zero"
23303,"exact_zero"
23304,"exact_zero"
23305,"exact_zero"
23306,"exact_zero"
23307,"exact_zero"
23308,"exact_zero"
23309,"exact_zero"
23310,"exact_zero"
23311,"exact_zero"
23312,"exact_zero"
23313,"exact_zero"
23314,"exact_zero"
23315,"exact_zero"
23316,"exact_zero"
23317,"exact_zero"
23318,"exact_zero"
23319,"exact_zero"
23320,"exact_zero"
23321,"exact_zero"
23322,"exact_zero"
23323,"exact_zero"
23324,"exact_zero"
23325,"exact_zero"
23326,"exact_zero"
23327,"exact_zero"
23328,"exact_zero"
23329,"exact_zero"
23330,"exact_zero"
23331,"exact_zero"
23332,"exact_zero"
23333,"exact_zero"
23334,"exact_zero"
23335,"exact_zero"
23336,"exact_zero"
23337,"exact_zero"
23338,"exact_zero"
23339,"exact_zero"
23340,"exact_zero"
23341,"exact_zero"
23342,"exact_zero"
23343,"exact_zero"
23344,"exact_zero"
23345,"exact_zero"
23346,"exact_zero"
23347,"exact_zero"
23348,"exact_zero"
23349,"exact_zero"
23350,"exact_zero"
23351,"exact_zero"
23352,"exact_zero"
23353,"exact_zero"
23354,"exact_zero"
23355,"exact_zero"
23356,"exact_zero"
23357,"exact_zero"
23358,"exact_zero"
23359,"exact_zero"
23360,"exact_zero"
23361,"exact_zero"
23362,"exact_zero"
23363,"exact_zero"
23364,"exact_zero"
23365,"exact_zero"
23366,"exact_zero"
23367,"exact_zero"
23368,"exact_zero"
23369,"exact_zero"
23370,"exact_zero"
23371,"exact_zero"
23372,"exact_zero"
23373,"exact_zero"
23374,"exact_zero"
23375,"exact_zero"
23376,"exact_zero"
23377,"exact_zero"
23378,"exact_zero"
23379,"exact_zero"
23380,"exact_zero"
23381,"exact_zero"
23382,"exact_zero"
23383,"exact_zero"
23384,"exact_zero"
23385,"exact_zero"
23386,"exact_zero"
23387,"exact_zero"
23388,"exact_zero"
23389,"exact_zero"
23390,"exact_zero"
23391,"exact_zero"
23392,"exact_zero"
23393,"exact_zero"
23394,"exact_zero"
23395,"exact_zero"
23396,"exact_zero"
23397,"exact_zero"
23398,"exact_zero"
23399,"exact_zero"
23400,"exact_zero"
23401,"exact_zero"
23402,"exact_zero"
23403,"exact_zero"
23404,"exact_zero"
23405,"exact_zero"
23406,"exact_zero"
23407,"exact_zero"
23408,"exact_zero"
23409,"exact_zero"
23410,"exact_zero"
23411,"exact_zero"
23412,"exact_zero"
23413,"exact_zero"
23414,"exact_zero"
23415,"exact_zero"
23416,"exact_zero"
23417,"exact_zero"
23418,"exact_zero"
23419,"exact_zero"
23420,"exact_zero"
23421,"exact_zero"
23422,"exact_zero"
23423,"exact_zero"
23424,"exact_zero"
23425,"exact_zero"
23426,"exact_zero"
23427,"exact_zero"
23428,"exact_zero"
23429,"exact_zero"
23430,"exact_zero"
23431,"exact_zero"
23432,"exact_zero"
23433,"exact_zero"
23434,"exact_zero"
23435,"exact_zero"
23436,"exact_zero"
23437,"exact_zero"
23438,"exact_zero"
23439,"exact_zero"
23440,"exact_zero"
23441,"exact_zero"
23442,"exact_zero"
23443,"exact_zero"
23444,"exact_zero"
23445,"exact_zero"
23446,"exact_zero"
23447,"exact_zero"
23448,"exact_zero"
23449,"exact_zero"
23450,"exact_zero"
23451,"exact_zero"
23452,"exact_zero"
23453,"exact_zero"
23454,"exact_zero"
23455,"exact_zero"
23456,"exact_zero"
23457,"exact_zero"
23458,"exact_zero"
23459,"exact_zero"
23460,"exact_zero"
23461,"exact_zero"
23462,"exact_zero"
23463,"exact_zero"
23464,"exact_zero"
23465,"exact_zero"
23466,"exact_zero"
23467,"exact_zero"
23468,"exact_zero"
23469,"exact_zero"
23470,"exact_zero"
23471,"exact_zero"
23472,"exact_zero"
23473,"exact_zero"
23474,"exact_zero"
23475,"exact_zero"
23476,"exact_zero"
23477,"exact_zero"
23478,"exact_zero"
23479,"exact_zero"
23480,"exact_zero"
23481,"exact_zero"
23482,"exact_zero"
23483,"exact_zero"
23484,"exact_zero"
23485,"exact_zero"
23486,"exact_zero"
23487,"exact_zero"
23488,"exact_zero"
23489,"exact_zero"
23490,"exact_zero"
23491,"exact_zero"
23492,"exact_zero"
23493,"exact_zero"
23494,"exact_zero"
23495,"exact_zero"
23496,"exact_zero"
23497,"exact_zero"
23498,"exact_zero"
23499,"exact_zero"
23500,"exact_zero"
23501,"exact_zero"
23502,"exact_zero"
23503,"exact_zero"
23504,"exact_zero"
23505,"exact_zero"
23506,"exact_zero"
23507,"exact_zero"
23508,"exact_zero"
23509,"exact_zero"
23510,"exact_zero"
23511,"exact_zero"
23512,"exact_zero"
23513,"exact_zero"
23514,"exact_zero"
23515,"exact_zero"
23516,"exact_zero"
23517,"exact_zero"
23518,"exact_zero"
23519,"exact_zero"
23520,"exact_zero"
23521,"exact_zero"
23522,"exact_zero"
23523,"exact_zero"
23524,"exact_zero"
23525,"exact_zero"
23526,"exact_zero"
23527,"exact_zero"
23528,"exact_zero"
23529,"exact_zero"
23530,"exact_zero"
23531,"exact_zero"
23532,"exact_zero"
23533,"exact_zero"
23534,"exact_zero"
23535,"exact_zero"
23536,"exact_zero"
23537,"exact_zero"
23538,"exact_zero"
23539,"exact_zero"
23540,"exact_zero"
23541,"exact_zero"
23542,"exact_zero"
23543,"exact_zero"
23544,"exact_zero"
23545,"exact_zero"
23546,"exact_zero"
23547,"exact_zero"
23548,"exact_zero"
23549,"exact_zero"
23550,"exact_zero"
23551,"exact_zero"
23552,"exact_zero"
23553,"exact_zero"
23554,"exact_zero"
23555,"exact_zero"
23556,"exact_zero"
23557,"exact_zero"
23558,"exact_zero"
23559,"exact_zero"
23560,"exact_zero"
23561,"exact_zero"
23562,"exact_zero"
23563,"exact_zero"
23564,"exact_zero"
23565,"exact_zero"
23566,"exact_zero"
23567,"exact_zero"
23568,"exact_zero"
23569,"exact_zero"
23570,"exact_zero"
23571,"exact_zero"
23572,"exact_zero"
23573,"exact_zero"
23574,"exact_zero"
23575,"exact_zero"
23576,"exact_zero"
23577,"exact_zero"
23578,"exact_zero"
23579,"exact_zero"
23580,"exact_zero"
23581,"exact_zero"
23582,"exact_zero"
23583,"exact_zero"
23584,"exact_zero"
23585,"exact_zero"
23586,"exact_zero"
23587,"exact_zero"
23588,"exact_zero"
23589,"exact_zero"
23590,"exact_zero"
23591,"exact_zero"
23592,"exact_zero"
23593,"exact_zero"
23594,"exact_zero"
23595,"exact_zero"
23596,"exact_zero"
23597,"exact_zero"
23598,"exact_zero"
23599,"exact_zero"
23600,"exact_zero"
23601,"exact_zero"
23602,"exact_zero"
23603,"exact_zero"
23604,"exact_zero"
23605,"exact_zero"
23606,"exact_zero"
23607,"exact_zero"
23608,"exact_zero"
23609,"exact_zero"
23610,"exact_zero"
23611,"exact_zero"
23612,"exact_zero"
23613,"exact_zero"
23614,"exact_zero"
23615,"exact_zero"
23616,"exact_zero"
23617,"exact_zero"
23618,"exact_zero"
23619,"exact_zero"
23620,"exact_zero"
23621,"exact_zero"
23622,"exact_zero"
23623,"exact_zero"
23624,"exact_zero"
23625,"exact_zero"
23626,"exact_zero"
23627,"exact_zero"
23628,"exact_zero"
23629,"exact_zero"
23630,"exact_zero"
23631,"exact_zero"
23632,"exact_zero"
23633,"exact_zero"
23634,"exact_zero"
23635,"exact_zero"
23636,"exact_zero"
23637,"exact_zero"
23638,"exact_zero"
23639,"exact_zero"
23640,"exact_zero"
23641,"exact_zero"
23642,"exact_zero"
23643,"exact_zero"
23644,"exact_zero"
23645,"exact_zero"
23646,"exact_zero"
23647,"exact_zero"
23648,"exact_zero"
23649,"exact_zero"
23650,"exact_zero"
23651,"exact_zero"
23652,"exact_zero"
23653,"exact_zero"
23654,"exact_zero"
23655,"exact_zero"
23656,"exact_zero"
23657,"exact_zero"
23658,"exact_zero"
23659,"exact_zero"
23660,"exact_zero"
23661,"exact_zero"
23662,"exact_zero"
23663,"exact_zero"
23664,"exact_zero"
23665,"exact_zero"
23666,"exact_zero"
23667,"exact_zero"
23668,"exact_zero"
23669,"exact_zero"
23670,"exact_zero"
23671,"exact_zero"
23672,"exact_zero"
23673,"exact_zero"
23674,"exact_zero"
23675,"exact_zero"
23676,"exact_zero"
23677,"exact_zero"
23678,"exact_zero"
23679,"exact_zero"
23680,"exact_zero"
23681,"exact_zero"
23682,"exact_zero"
23683,"exact_zero"
23684,"exact_zero"
23685,"exact_zero"
23686,"exact_zero"
23687,"exact_zero"
23688,"exact_zero"
23689,"exact_zero"
23690,"exact_zero"
23691,"exact_zero"
23692,"exact_zero"
23693,"exact_zero"
23694,"exact_zero"
23695,"exact_zero"
23696,"exact_zero"
23697,"exact_zero"
23698,"exact_zero"
23699,"exact_zero"
23700,"exact_zero"
23701,"exact_zero"
23702,"exact_zero"
23703,"exact_zero"
23704,"exact_zero"
23705,"exact_zero"
23706,"exact_zero"
23707,"exact_zero"
23708,"exact_zero"
23709,"exact_zero"
23710,"exact_zero"
23711,"exact_zero"
23712,"exact_zero"
23713,"exact_zero"
23714,"exact_zero"
23715,"exact_zero"
23716,"exact_zero"
23717,"exact_zero"
23718,"exact_zero"
23719,"exact_zero"
23720,"exact_zero"
23721,"exact_zero"
23722,"exact_zero"
23723,"exact_zero"
23724,"exact_zero"
23725,"exact_zero"
23726,"exact_zero"
23727,"exact_zero"
23728,"exact_zero"
23729,"exact_zero"
23730,"exact_zero"
23731,"exact_zero"
23732,"exact_zero"
23733,"exact_zero"
23734,"exact_zero"
23735,"exact_zero"
23736,"exact_zero"
23737,"exact_zero"
23738,"exact_zero"
23739,"exact_zero"
23740,"exact_zero"
23741,"exact_zero"
23742,"exact_zero"
23743,"exact_zero"
23744,"exact_zero"
23745,"exact_zero"
23746,"exact_zero"
23747,"exact_zero"
23748,"exact_zero"
23749,"exact_zero"
23750,"exact_zero"
23751,"exact_zero"
23752,"exact_zero"
23753,"exact_zero"
23754,"exact_zero"
23755,"exact_zero"
23756,"exact_zero"
23757,"exact_zero"
23758,"exact_zero"
23759,"exact_zero"
23760,"exact_zero"
23761,"exact_zero"
23762,"exact_zero"
23763,"exact_zero"
23764,"exact_zero"
23765,"exact_zero"
23766,"exact_zero"
23767,"exact_zero"
23768,"exact_zero"
23769,"exact_zero"
23770,"exact_zero"
23771,"exact_zero"
23772,"exact_zero"
23773,"exact_zero"
23774,"exact_zero"
23775,"exact_zero"
23776,"exact_zero"
23777,"exact_zero"
23778,"exact_zero"
23779,"exact_zero"
23780,"exact_zero"
23781,"exact_zero"
23782,"exact_zero"
23783,"exact_zero"
23784,"exact_zero"
23785,"exact_zero"
23786,"exact_zero"
23787,"exact_zero"
23788,"exact_zero"
23789,"exact_zero"
23790,"exact_zero"
23791,"exact_zero"
23792,"exact_zero"
23793,"exact_zero"
23794,"exact_zero"
23795,"exact_zero"
23796,"exact_zero"
23797,"exact_zero"
23798,"exact_zero"
23799,"exact_zero"
23800,"exact_zero"
23801,"exact_zero"
23802,"exact_zero"
23803,"exact_zero"
23804,"exact_zero"
23805,"exact_zero"
23806,"exact_zero"
23807,"exact_zero"
23808,"exact_zero"
23809,"exact_zero"
23810,"exact_zero"
23811,"exact_zero"
23812,"exact_zero"
23813,"exact_zero"
23814,"exact_zero"
23815,"exact_zero"
23816,"exact_zero"
23817,"exact_zero"
23818,"exact_zero"
23819,"exact_zero"
23820,"exact_zero"
23821,"exact_zero"
23822,"exact_zero"
23823,"exact_zero"
23824,"exact_zero"
23825,"exact_zero"
23826,"exact_zero"
23827,"exact_zero"
23828,"exact_zero"
23829,"exact_zero"
23830,"exact_zero"
23831,"exact_zero"
23832,"exact_zero"
23833,"exact_zero"
23834,"exact_zero"
23835,"exact_zero"
23836,"exact_zero"
23837,"exact_zero"
23838,"exact_zero"
23839,"exact_zero"
23840,"exact_zero"
23841,"exact_zero"
23842,"exact_zero"
23843,"exact_zero"
23844,"exact_zero"
23845,"exact_zero"
23846,"exact_zero"
23847,"exact_zero"
23848,"exact_zero"
23849,"exact_zero"
23850,"exact_zero"
23851,"exact_zero"
23852,"exact_zero"
23853,"exact_zero"
23854,"exact_zero"
23855,"exact_zero"
23856,"exact_zero"
23857,"exact_zero"
23858,"exact_zero"
23859,"exact_zero"
23860,"exact_zero"
23861,"exact_zero"
23862,"exact_zero"
23863,"exact_zero"
23864,"exact_zero"
23865,"exact_zero"
23866,"exact_zero"
23867,"exact_zero"
23868,"exact_zero"
23869,"exact_zero"
23870,"exact_zero"
23871,"exact_zero"
23872,"exact_zero"
23873,"exact_zero"
23874,"exact_zero"
23875,"exact_zero"
23876,"exact_zero"
23877,"exact_zero"
23878,"exact_zero"
23879,"exact_zero"
23880,"exact_zero"
23881,"exact_zero"
23882,"exact_zero"
23883,"exact_zero"
23884,"exact_zero"
23885,"exact_zero"
23886,"exact_zero"
23887,"exact_zero"
23888,"exact_zero"
23889,"exact_zero"
23890,"exact_zero"
23891,"exact_zero"
23892,"exact_zero"
23893,"exact_zero"
23894,"exact_zero"
23895,"exact_zero"
23896,"exact_zero"
23897,"exact_zero"
23898,"exact_zero"
23899,"exact_zero"
23900,"exact_zero"
23901,"exact_zero"
23902,"exact_zero"
23903,"exact_zero"
23904,"exact_zero"
23905,"exact_zero"
23906,"exact_zero"
23907,"exact_zero"
23908,"exact_zero"
23909,"exact_zero"
23910,"exact_zero"
23911,"exact_zero"
23912,"exact_zero"
23913,"exact_zero"
23914,"exact_zero"
23915,"exact_zero"
23916,"exact_zero"
23917,"exact_zero"
23918,"exact_zero"
23919,"exact_zero"
23920,"exact_zero"
23921,"exact_zero"
23922,"exact_zero"
23923,"exact_zero"
23924,"exact_zero"
23925,"exact_zero"
23926,"exact_zero"
23927,"exact_zero"
23928,"exact_zero"
23929,"exact_zero"
23930,"exact_zero"
23931,"exact_zero"
23932,"exact_zero"
23933,"exact_zero"
23934,"exact_zero"
23935,"exact_zero"
23936,"exact_zero"
23937,"exact_zero"
23938,"exact_zero"
23939,"exact_zero"
23940,"exact_zero"
23941,"exact_zero"
23942,"exact_zero"
23943,"exact_zero"
23944,"exact_zero"
23945,"exact_zero"
23946,"exact_zero"
23947,"exact_zero"
23948,"exact_zero"
23949,"exact_zero"
23950,"exact_zero"
23951,"exact_zero"
23952,"exact_zero"
23953,"exact_zero"
23954,"exact_zero"
23955,"exact_zero"
23956,"exact_zero"
23957,"exact_zero"
23958,"exact_zero"
23959,"exact_zero"
23960,"exact_zero"
23961,"exact_zero"
23962,"exact_zero"
23963,"exact_zero"
23964,"exact_zero"
23965,"exact_zero"
23966,"exact_zero"
23967,"exact_zero"
23968,"exact_zero"
23969,"exact_zero"
23970,"exact_zero"
23971,"exact_zero"
23972,"exact_zero"
23973,"exact_zero"
23974,"exact_zero"
23975,"exact_zero"
23976,"exact_zero"
23977,"exact_zero"
23978,"exact_zero"
23979,"exact_zero"
23980,"exact_zero"
23981,"exact_zero"
23982,"exact_zero"
23983,"exact_zero"
23984,"exact_zero"
23985,"exact_zero"
23986,"exact_zero"
23987,"exact_zero"
23988,"exact_zero"
23989,"exact_zero"
23990,"exact_zero"
23991,"exact_zero"
23992,"exact_zero"
23993,"exact_zero"
23994,"exact_zero"
23995,"exact_zero"
23996,"exact_zero"
23997,"exact_zero"
23998,"exact_zero"
23999,"exact_zero"
24000,"exact_zero"
24001,"exact_zero"
24002,"exact_zero"
24003,"exact_zero"
24004,"exact_zero"
24005,"exact_zero"
24006,"exact_zero"
24007,"exact_zero"
24008,"exact_zero"
24009,"exact_zero"
24010,"exact_zero"
24011,"exact_zero"
24012,"exact_zero"
24013,"exact_zero"
24014,"exact_zero"
24015,"exact_zero"
24016,"exact_zero"
24017,"exact_zero"
24018,"exact_zero"
24019,"exact_zero"
24020,"exact_zero"
24021,"exact_zero"
24022,"exact_zero"
24023,"exact_zero"
24024,"exact_zero"
24025,"exact_zero"
24026,"exact_zero"
24027,"exact_zero"
24028,"exact_zero"
24029,"exact_zero"
24030,"exact_zero"
24031,"exact_zero"
24032,"exact_zero"
24033,"exact_zero"
24034,"exact_zero"
24035,"exact_zero"
24036,"exact_zero"
24037,"exact_zero"
24038,"exact_zero"
24039,"exact_zero"
24040,"exact_zero"
24041,"exact_zero"
24042,"exact_zero"
24043,"exact_zero"
24044,"exact_zero"
24045,"exact_zero"
24046,"exact_zero"
24047,"exact_zero"
24048,"exact_zero"
24049,"exact_zero"
24050,"exact_zero"
24051,"exact_zero"
24052,"exact_zero"
24053,"exact_zero"
24054,"exact_zero"
24055,"exact_zero"
24056,"exact_zero"
24057,"exact_zero"
24058,"exact_zero"
24059,"exact_zero"
24060,"exact_zero"
24061,"exact_zero"
24062,"exact_zero"
24063,"exact_zero"
24064,"exact_zero"
24065,"exact_zero"
24066,"exact_zero"
24067,"exact_zero"
24068,"exact_zero"
24069,"exact_zero"
24070,"exact_zero"
24071,"exact_zero"
24072,"exact_zero"
24073,"exact_zero"
24074,"exact_zero"
24075,"exact_zero"
24076,"exact_zero"
24077,"exact_zero"
24078,"exact_zero"
24079,"exact_zero"
24080,"exact_zero"
24081,"exact_zero"
24082,"exact_zero"
24083,"exact_zero"
24084,"exact_zero"
24085,"exact_zero"
24086,"exact_zero"
24087,"exact_zero"
24088,"exact_zero"
24089,"exact_zero"
24090,"exact_zero"
24091,"exact_zero"
24092,"exact_zero"
24093,"exact_zero"
24094,"exact_zero"
24095,"exact_zero"
24096,"exact_zero"
24097,"exact_zero"
24098,"exact_zero"
24099,"exact_zero"
24100,"exact_zero"
24101,"exact_zero"
24102,"exact_zero"
24103,"exact_zero"
24104,"exact_zero"
24105,"exact_zero"
24106,"exact_zero"
24107,"exact_zero"
24108,"exact_zero"
24109,"exact_zero"
24110,"exact_zero"
24111,"exact_zero"
24112,"exact_zero"
24113,"exact_zero"
24114,"exact_zero"
24115,"exact_zero"
24116,"exact_zero"
24117,"exact_zero"
24118,"exact_zero"
24119,"exact_zero"
24120,"exact_zero"
24121,"exact_zero"
24122,"exact_zero"
24123,"exact_zero"
24124,"exact_zero"
24125,"exact_zero"
24126,"exact_zero"
24127,"exact_zero"
24128,"exact_zero"
24129,"exact_zero"
24130,"exact_zero"
24131,"exact_zero"
24132,"exact_zero"
24133,"exact_zero"
24134,"exact_zero"
24135,"exact_zero"
24136,"exact_zero"
24137,"exact_zero"
24138,"exact_zero"
24139,"exact_zero"
24140,"exact_zero"
24141,"exact_zero"
24142,"exact_zero"
24143,"exact_zero"
24144,"exact_zero"
24145,"exact_zero"
24146,"exact_zero"
24147,"exact_zero"
24148,"exact_zero"
24149,"exact_zero"
24150,"exact_zero"
24151,"exact_zero"
24152,"exact_zero"
24153,"exact_zero"
24154,"exact_zero"
24155,"exact_zero"
24156,"exact_zero"
24157,"exact_zero"
24158,"exact_zero"
24159,"exact_zero"
24160,"exact_zero"
24161,"exact_zero"
24162,"exact_zero"
24163,"exact_zero"
24164,"exact_zero"
24165,"exact_zero"
24166,"exact_zero"
24167,"exact_zero"
24168,"exact_zero"
24169,"exact_zero"
24170,"exact_zero"
24171,"exact_zero"
24172,"exact_zero"
24173,"exact_zero"
24174,"exact_zero"
24175,"exact_zero"
24176,"exact_zero"
24177,"exact_zero"
24178,"exact_zero"
24179,"exact_zero"
24180,"exact_zero"
24181,"exact_zero"
24182,"exact_zero"
24183,"exact_zero"
24184,"exact_zero"
24185,"exact_zero"
24186,"exact_zero"
24187,"exact_zero"
24188,"exact_zero"
24189,"exact_zero"
24190,"exact_zero"
24191,"exact_zero"
24192,"exact_zero"
24193,"exact_zero"
24194,"exact_zero"
24195,"exact_zero"
24196,"exact_zero"
24197,"exact_zero"
24198,"exact_zero"
24199,"exact_zero"
24200,"exact_zero"
24201,"exact_zero"
24202,"exact_zero"
24203,"exact_zero"
24204,"exact_zero"
24205,"exact_zero"
24206,"exact_zero"
24207,"exact_zero"
24208,"exact_zero"
24209,"exact_zero"
24210,"exact_zero"
24211,"exact_zero"
24212,"exact_zero"
24213,"exact_zero"
24214,"exact_zero"
24215,"exact_zero"
24216,"exact_zero"
24217,"exact_zero"
24218,"exact_zero"
24219,"exact_zero"
24220,"exact_zero"
24221,"exact_zero"
24222,"exact_zero"
24223,"exact_zero"
24224,"exact_zero"
24225,"exact_zero"
24226,"exact_zero"
24227,"exact_zero"
24228,"exact_zero"
24229,"exact_zero"
24230,"exact_zero"
24231,"exact_zero"
24232,"exact_zero"
24233,"exact_zero"
24234,"exact_zero"
24235,"exact_zero"
24236,"exact_zero"
24237,"exact_zero"
24238,"exact_zero"
24239,"exact_zero"
24240,"exact_zero"
24241,"exact_zero"
24242,"exact_zero"
24243,"exact_zero"
24244,"exact_zero"
24245,"exact_zero"
24246,"exact_zero"
24247,"exact_zero"
24248,"exact_zero"
24249,"exact_zero"
24250,"exact_zero"
24251,"exact_zero"
24252,"exact_zero"
24253,"exact_zero"
24254,"exact_zero"
24255,"exact_zero"
24256,"exact_zero"
24257,"exact_zero"
24258,"exact_zero"
24259,"exact_zero"
24260,"exact_zero"
24261,"exact_zero"
24262,"exact_zero"
24263,"exact_zero"
24264,"exact_zero"
24265,"exact_zero"
24266,"exact_zero"
24267,"exact_zero"
24268,"exact_zero"
24269,"exact_zero"
24270,"exact_zero"
24271,"exact_zero"
24272,"exact_zero"
24273,"exact_zero"
24274,"exact_zero"
24275,"exact_zero"
24276,"exact_zero"
24277,"exact_zero"
24278,"exact_zero"
24279,"exact_zero"
24280,"exact_zero"
24281,"exact_zero"
24282,"exact_zero"
24283,"exact_zero"
24284,"exact_zero"
24285,"exact_zero"
24286,"exact_zero"
24287,"exact_zero"
24288,"exact_zero"
24289,"exact_zero"
24290,"exact_zero"
24291,"exact_zero"
24292,"exact_zero"
24293,"exact_zero"
24294,"exact_zero"
24295,"exact_zero"
24296,"exact_zero"
24297,"exact_zero"
24298,"exact_zero"
24299,"exact_zero"
24300,"exact_zero"
24301,"exact_zero"
24302,"exact_zero"
24303,"exact_zero"
24304,"exact_zero"
24305,"exact_zero"
24306,"exact_zero"
24307,"exact_zero"
24308,"exact_zero"
24309,"exact_zero"
24310,"exact_zero"
24311,"exact_zero"
24312,"exact_zero"
24313,"exact_zero"
24314,"exact_zero"
24315,"exact_zero"
24316,"exact_zero"
24317,"exact_zero"
24318,"exact_zero"
24319,"exact_zero"
24320,"exact_zero"
24321,"exact_zero"
24322,"exact_zero"
24323,"exact_zero"
24324,"exact_zero"
24325,"exact_zero"
24326,"exact_zero"
24327,"exact_zero"
24328,"exact_zero"
24329,"exact_zero"
24330,"exact_zero"
24331,"exact_zero"
24332,"exact_zero"
24333,"exact_zero"
24334,"exact_zero"
24335,"exact_zero"
24336,"exact_zero"
24337,"exact_zero"
24338,"exact_zero"
24339,"exact_zero"
24340,"exact_zero"
24341,"exact_zero"
24342,"exact_zero"
24343,"exact_zero"
24344,"exact_zero"
24345,"exact_zero"
24346,"exact_zero"
24347,"exact_zero"
24348,"exact_zero"
24349,"exact_zero"
24350,"exact_zero"
24351,"exact_zero"
24352,"exact_zero"
24353,"exact_zero"
24354,"exact_zero"
24355,"exact_zero"
24356,"exact_zero"
24357,"exact_zero"
24358,"exact_zero"
24359,"exact_zero"
24360,"exact_zero"
24361,"exact_zero"
24362,"exact_zero"
24363,"exact_zero"
24364,"exact_zero"
24365,"exact_zero"
24366,"exact_zero"
24367,"exact_zero"
24368,"exact_zero"
24369,"exact_zero"
24370,"exact_zero"
24371,"exact_zero"
24372,"exact_zero"
24373,"exact_zero"
24374,"exact_zero"
24375,"exact_zero"
24376,"exact_zero"
24377,"exact_zero"
24378,"exact_zero"
24379,"exact_zero"
24380,"exact_zero"
24381,"exact_zero"
24382,"exact_zero"
24383,"exact_zero"
24384,"exact_zero"
24385,"exact_zero"
24386,"exact_zero"
24387,"exact_zero"
24388,"exact_zero"
24389,"exact_zero"
24390,"exact_zero"
24391,"exact_zero"
24392,"exact_zero"
24393,"exact_zero"
24394,"exact_zero"
24395,"exact_zero"
24396,"exact_zero"
24397,"exact_zero"
24398,"exact_zero"
24399,"exact_zero"
24400,"exact_zero"
24401,"exact_zero"
24402,"exact_zero"
24403,"exact_zero"
24404,"exact_zero"
24405,"exact_zero"
24406,"exact_zero"
24407,"exact_zero"
24408,"exact_zero"
24409,"exact_zero"
24410,"exact_zero"
24411,"exact_zero"
24412,"exact_zero"
24413,"exact_zero"
24414,"exact_zero"
24415,"exact_zero"
24416,"exact_zero"
24417,"exact_zero"
24418,"exact_zero"
24419,"exact_zero"
24420,"exact_zero"
24421,"exact_zero"
24422,"exact_zero"
24423,"exact_zero"
24424,"exact_zero"
24425,"exact_zero"
24426,"exact_zero"
24427,"exact_zero"
24428,"exact_zero"
24429,"exact_zero"
24430,"exact_zero"
24431,"exact_zero"
24432,"exact_zero"
24433,"exact_zero"
24434,"exact_zero"
24435,"exact_zero"
24436,"exact_zero"
24437,"exact_zero"
24438,"exact_zero"
24439,"exact_zero"
24440,"exact_zero"
24441,"exact_zero"
24442,"exact_zero"
24443,"exact_zero"
24444,"exact_zero"
24445,"exact_zero"
24446,"exact_zero"
24447,"exact_zero"
24448,"exact_zero"
24449,"exact_zero"
24450,"exact_zero"
24451,"exact_zero"
24452,"exact_zero"
24453,"exact_zero"
24454,"exact_zero"
24455,"exact_zero"
24456,"exact_zero"
24457,"exact_zero"
24458,"exact_zero"
24459,"exact_zero"
24460,"exact_zero"
24461,"exact_zero"
24462,"exact_zero"
24463,"exact_zero"
24464,"exact_zero"
24465,"exact_zero"
24466,"exact_zero"
24467,"exact_zero"
24468,"exact_zero"
24469,"exact_zero"
24470,"exact_zero"
24471,"exact_zero"
24472,"exact_zero"
24473,"exact_zero"
24474,"exact_zero"
24475,"exact_zero"
24476,"exact_zero"
24477,"exact_zero"
24478,"exact_zero"
24479,"exact_zero"
24480,"exact_zero"
24481,"exact_zero"
24482,"exact_zero"
24483,"exact_zero"
24484,"exact_zero"
24485,"exact_zero"
24486,"exact_zero"
24487,"exact_zero"
24488,"exact_zero"
24489,"exact_zero"
24490,"exact_zero"
24491,"exact_zero"
24492,"exact_zero"
24493,"exact_zero"
24494,"exact_zero"
24495,"exact_zero"
24496,"exact_zero"
24497,"exact_zero"
24498,"exact_zero"
24499,"exact_zero"
24500,"exact_zero"
24501,"exact_zero"
24502,"exact_zero"
24503,"exact_zero"
24504,"exact_zero"
24505,"exact_zero"
24506,"exact_zero"
24507,"exact_zero"
24508,"exact_zero"
24509,"exact_zero"
24510,"exact_zero"
24511,"exact_zero"
24512,"exact_zero"
24513,"exact_zero"
24514,"exact_zero"
24515,"exact_zero"
24516,"exact_zero"
24517,"exact_zero"
24518,"exact_zero"
24519,"exact_zero"
24520,"exact_zero"
24521,"exact_zero"
24522,"exact_zero"
24523,"exact_zero"
24524,"exact_zero"
24525,"exact_zero"
24526,"exact_zero"
24527,"exact_zero"
24528,"exact_zero"
24529,"exact_zero"
24530,"exact_zero"
24531,"exact_zero"
24532,"exact_zero"
24533,"exact_zero"
24534,"exact_zero"
24535,"exact_zero"
24536,"exact_zero"
24537,"exact_zero"
24538,"exact_zero"
24539,"exact_zero"
24540,"exact_zero"
24541,"exact_zero"
24542,"exact_zero"
24543,"exact_zero"
24544,"exact_zero"
24545,"exact_zero"
24546,"exact_zero"
24547,"exact_zero"
24548,"exact_zero"
24549,"exact_zero"
24550,"exact_zero"
24551,"exact_zero"
24552,"exact_zero"
24553,"exact_zero"
24554,"exact_zero"
24555,"exact_zero"
24556,"exact_zero"
24557,"exact_zero"
24558,"exact_zero"
24559,"exact_zero"
24560,"exact_zero"
24561,"exact_zero"
24562,"exact_zero"
24563,"exact_zero"
24564,"exact_zero"
24565,"exact_zero"
24566,"exact_zero"
24567,"exact_zero"
24568,"exact_zero"
24569,"exact_zero"
24570,"exact_zero"
24571,"exact_zero"
24572,"exact_zero"
24573,"exact_zero"
24574,"exact_zero"
24575,"exact_zero"
24576,"exact_zero"
24577,"exact_zero"
24578,"exact_zero"
24579,"exact_zero"
24580,"exact_zero"
24581,"exact_zero"
24582,"exact_zero"
24583,"exact_zero"
24584,"exact_zero"
24585,"exact_zero"
24586,"exact_zero"
24587,"exact_zero"
24588,"exact_zero"
24589,"exact_zero"
24590,"exact_zero"
24591,"exact_zero"
24592,"exact_zero"
24593,"exact_zero"
24594,"exact_zero"
24595,"exact_zero"
24596,"exact_zero"
24597,"exact_zero"
24598,"exact_zero"
24599,"exact_zero"
24600,"exact_zero"
24601,"exact_zero"
24602,"exact_zero"
24603,"exact_zero"
24604,"exact_zero"
24605,"exact_zero"
24606,"exact_zero"
24607,"exact_zero"
24608,"exact_zero"
24609,"exact_zero"
24610,"exact_zero"
24611,"exact_zero"
24612,"exact_zero"
24613,"exact_zero"
24614,"exact_zero"
24615,"exact_zero"
24616,"exact_zero"
24617,"exact_zero"
24618,"exact_zero"
24619,"exact_zero"
24620,"exact_zero"
24621,"exact_zero"
24622,"exact_zero"
24623,"exact_zero"
24624,"exact_zero"
24625,"exact_zero"
24626,"exact_zero"
24627,"exact_zero"
24628,"exact_zero"
24629,"exact_zero"
24630,"exact_zero"
24631,"exact_zero"
24632,"exact_zero"
24633,"exact_zero"
24634,"exact_zero"
24635,"exact_zero"
24636,"exact_zero"
24637,"exact_zero"
24638,"exact_zero"
24639,"exact_zero"
24640,"exact_zero"
24641,"exact_zero"
24642,"exact_zero"
24643,"exact_zero"
24644,"exact_zero"
24645,"exact_zero"
24646,"exact_zero"
24647,"exact_zero"
24648,"exact_zero"
24649,"exact_zero"
24650,"exact_zero"
24651,"exact_zero"
24652,"exact_zero"
24653,"exact_zero"
24654,"exact_zero"
24655,"exact_zero"
24656,"exact_zero"
24657,"exact_zero"
24658,"exact_zero"
24659,"exact_zero"
24660,"exact_zero"
24661,"exact_zero"
24662,"exact_zero"
24663,"exact_zero"
24664,"exact_zero"
24665,"exact_zero"
24666,"exact_zero"
24667,"exact_zero"
24668,"exact_zero"
24669,"exact_zero"
24670,"exact_zero"
24671,"exact_zero"
24672,"exact_zero"
24673,"exact_zero"
24674,"exact_zero"
24675,"exact_zero"
24676,"exact_zero"
24677,"exact_zero"
24678,"exact_zero"
24679,"exact_zero"
24680,"exact_zero"
24681,"exact_zero"
24682,"exact_zero"
24683,"exact_zero"
24684,"exact_zero"
24685,"exact_zero"
24686,"exact_zero"
24687,"exact_zero"
24688,"exact_zero"
24689,"exact_zero"
24690,"exact_zero"
24691,"exact_zero"
24692,"exact_zero"
24693,"exact_zero"
24694,"exact_zero"
24695,"exact_zero"
24696,"exact_zero"
24697,"exact_zero"
24698,"exact_zero"
24699,"exact_zero"
24700,"exact_zero"
24701,"exact_zero"
24702,"exact_zero"
24703,"exact_zero"
24704,"exact_zero"
24705,"exact_zero"
24706,"exact_zero"
24707,"exact_zero"
24708,"exact_zero"
24709,"exact_zero"
24710,"exact_zero"
24711,"exact_zero"
24712,"exact_zero"
24713,"exact_zero"
24714,"exact_zero"
24715,"exact_zero"
24716,"exact_zero"
24717,"exact_zero"
24718,"exact_zero"
24719,"exact_zero"
24720,"exact_zero"
24721,"exact_zero"
24722,"exact_zero"
24723,"exact_zero"
24724,"exact_zero"
24725,"exact_zero"
24726,"exact_zero"
24727,"exact_zero"
24728,"exact_zero"
24729,"exact_zero"
24730,"exact_zero"
24731,"exact_zero"
24732,"exact_zero"
24733,"exact_zero"
24734,"exact_zero"
24735,"exact_zero"
24736,"exact_zero"
24737,"exact_zero"
24738,"exact_zero"
24739,"exact_zero"
24740,"exact_zero"
24741,"exact_zero"
24742,"exact_zero"
24743,"exact_zero"
24744,"exact_zero"
24745,"exact_zero"
24746,"exact_zero"
24747,"exact_zero"
24748,"exact_zero"
24749,"exact_zero"
24750,"exact_zero"
24751,"exact_zero"
24752,"exact_zero"
24753,"exact_zero"
24754,"exact_zero"
24755,"exact_zero"
24756,"exact_zero"
24757,"exact_zero"
24758,"exact_zero"
24759,"exact_zero"
24760,"exact_zero"
24761,"exact_zero"
24762,"exact_zero"
24763,"exact_zero"
24764,"exact_zero"
24765,"exact_zero"
24766,"exact_zero"
24767,"exact_zero"
24768,"exact_zero"
24769,"exact_zero"
24770,"exact_zero"
24771,"exact_zero"
24772,"exact_zero"
24773,"exact_zero"
24774,"exact_zero"
24775,"exact_zero"
24776,"exact_zero"
24777,"exact_zero"
24778,"exact_zero"
24779,"exact_zero"
24780,"exact_zero"
24781,"exact_zero"
24782,"exact_zero"
24783,"exact_zero"
24784,"exact_zero"
24785,"exact_zero"
24786,"exact_zero"
24787,"exact_zero"
24788,"exact_zero"
24789,"exact_zero"
24790,"exact_zero"
24791,"exact_zero"
24792,"exact_zero"
24793,"exact_zero"
24794,"exact_zero"
24795,"exact_zero"
24796,"exact_zero"
24797,"exact_zero"
24798,"exact_zero"
24799,"exact_zero"
24800,"exact_zero"
24801,"exact_zero"
24802,"exact_zero"
24803,"exact_zero"
24804,"exact_zero"
24805,"exact_zero"
24806,"exact_zero"
24807,"exact_zero"
24808,"exact_zero"
24809,"exact_zero"
24810,"exact_zero"
24811,"exact_zero"
24812,"exact_zero"
24813,"exact_zero"
24814,"exact_zero"
24815,"exact_zero"
24816,"exact_zero"
24817,"exact_zero"
24818,"exact_zero"
24819,"exact_zero"
24820,"exact_zero"
24821,"exact_zero"
24822,"exact_zero"
24823,"exact_zero"
24824,"exact_zero"
24825,"exact_zero"
24826,"exact_zero"
24827,"exact_zero"
24828,"exact_zero"
24829,"exact_zero"
24830,"exact_zero"
24831,"exact_zero"
24832,"exact_zero"
24833,"exact_zero"
24834,"exact_zero"
24835,"exact_zero"
24836,"exact_zero"
24837,"exact_zero"
24838,"exact_zero"
24839,"exact_zero"
24840,"exact_zero"
24841,"exact_zero"
24842,"exact_zero"
24843,"exact_zero"
24844,"exact_zero"
24845,"exact_zero"
24846,"exact_zero"
24847,"exact_zero"
24848,"exact_zero"
24849,"exact_zero"
24850,"exact_zero"
24851,"exact_zero"
24852,"exact_zero"
24853,"exact_zero"
24854,"exact_zero"
24855,"exact_zero"
24856,"exact_zero"
24857,"exact_zero"
24858,"exact_zero"
24859,"exact_zero"
24860,"exact_zero"
24861,"exact_zero"
24862,"exact_zero"
24863,"exact_zero"
24864,"exact_zero"
24865,"exact_zero"
24866,"exact_zero"
24867,"exact_zero"
24868,"exact_zero"
24869,"exact_zero"
24870,"exact_zero"
24871,"exact_zero"
24872,"exact_zero"
24873,"exact_zero"
24874,"exact_zero"
24875,"exact_zero"
24876,"exact_zero"
24877,"exact_zero"
24878,"exact_zero"
24879,"exact_zero"
24880,"exact_zero"
24881,"exact_zero"
24882,"exact_zero"
24883,"exact_zero"
24884,"exact_zero"
24885,"exact_zero"
24886,"exact_zero"
24887,"exact_zero"
24888,"exact_zero"
24889,"exact_zero"
24890,"exact_zero"
24891,"exact_zero"
24892,"exact_zero"
24893,"exact_zero"
24894,"exact_zero"
24895,"exact_zero"
24896,"exact_zero"
24897,"exact_zero"
24898,"exact_zero"
24899,"exact_zero"
24900,"exact_zero"
24901,"exact_zero"
24902,"exact_zero"
24903,"exact_zero"
24904,"exact_zero"
24905,"exact_zero"
24906,"exact_zero"
24907,"exact_zero"
24908,"exact_zero"
24909,"exact_zero"
24910,"exact_zero"
24911,"exact_zero"
24912,"exact_zero"
24913,"exact_zero"
24914,"exact_zero"
24915,"exact_zero"
24916,"exact_zero"
24917,"exact_zero"
24918,"exact_zero"
24919,"exact_zero"
24920,"exact_zero"
24921,"exact_zero"
24922,"exact_zero"
24923,"exact_zero"
24924,"exact_zero"
24925,"exact_zero"
24926,"exact_zero"
24927,"exact_zero"
24928,"exact_zero"
24929,"exact_zero"
24930,"exact_zero"
24931,"exact_zero"
24932,"exact_zero"
24933,"exact_zero"
24934,"exact_zero"
24935,"exact_zero"
24936,"exact_zero"
24937,"exact_zero"
24938,"exact_zero"
24939,"exact_zero"
24940,"exact_zero"
24941,"exact_zero"
24942,"exact_zero"
24943,"exact_zero"
24944,"exact_zero"
24945,"exact_zero"
24946,"exact_zero"
24947,"exact_zero"
24948,"exact_zero"
24949,"exact_zero"
24950,"exact_zero"
24951,"exact_zero"
24952,"exact_zero"
24953,"exact_zero"
24954,"exact_zero"
24955,"exact_zero"
24956,"exact_zero"
24957,"exact_zero"
24958,"exact_zero"
24959,"exact_zero"
24960,"exact_zero"
24961,"exact_zero"
24962,"exact_zero"
24963,"exact_zero"
24964,"exact_zero"
24965,"exact_zero"
24966,"exact_zero"
24967,"exact_zero"
24968,"exact_zero"
24969,"exact_zero"
24970,"exact_zero"
24971,"exact_zero"
24972,"exact_zero"
24973,"exact_zero"
24974,"exact_zero"
24975,"exact_zero"
24976,"exact_zero"
24977,"exact_zero"
24978,"exact_zero"
24979,"exact_zero"
24980,"exact_zero"
24981,"exact_zero"
24982,"exact_zero"
24983,"exact_zero"
24984,"exact_zero"
24985,"exact_zero"
24986,"exact_zero"
24987,"exact_zero"
24988,"exact_zero"
24989,"exact_zero"
24990,"exact_zero"
24991,"exact_zero"
24992,"exact_zero"
24993,"exact_zero"
24994,"exact_zero"
24995,"exact_zero"
24996,"exact_zero"
24997,"exact_zero"
24998,"exact_zero"
24999,"exact_zero"
25000,"exact_zero"
25001,"exact_zero"
25002,"exact_zero"
25003,"exact_zero"
25004,"exact_zero"
25005,"exact_zero"
25006,"exact_zero"
25007,"exact_zero"
25008,"exact_zero"
25009,"exact_zero"
25010,"exact_zero"
25011,"exact_zero"
25012,"exact_zero"
25013,"exact_zero"
25014,"exact_zero"
25015,"exact_zero"
25016,"exact_zero"
25017,"exact_zero"
25018,"exact_zero"
25019,"exact_zero"
25020,"exact_zero"
25021,"exact_zero"
25022,"exact_zero"
25023,"exact_zero"
25024,"exact_zero"
25025,"exact_zero"
25026,"exact_zero"
25027,"exact_zero"
25028,"exact_zero"
25029,"exact_zero"
25030,"exact_zero"
25031,"exact_zero"
25032,"exact_zero"
25033,"exact_zero"
25034,"exact_zero"
25035,"exact_zero"
25036,"exact_zero"
25037,"exact_zero"
25038,"exact_zero"
25039,"exact_zero"
25040,"exact_zero"
25041,"exact_zero"
25042,"exact_zero"
25043,"exact_zero"
25044,"exact_zero"
25045,"exact_zero"
25046,"exact_zero"
25047,"exact_zero"
25048,"exact_zero"
25049,"exact_zero"
25050,"exact_zero"
25051,"exact_zero"
25052,"exact_zero"
25053,"exact_zero"
25054,"exact_zero"
25055,"exact_zero"
25056,"exact_zero"
25057,"exact_zero"
25058,"exact_zero"
25059,"exact_zero"
25060,"exact_zero"
25061,"exact_zero"
25062,"exact_zero"
25063,"exact_zero"
25064,"exact_zero"
25065,"exact_zero"
25066,"exact_zero"
25067,"exact_zero"
25068,"exact_zero"
25069,"exact_zero"
25070,"exact_zero"
25071,"exact_zero"
25072,"exact_zero"
25073,"exact_zero"
25074,"exact_zero"
25075,"exact_zero"
25076,"exact_zero"
25077,"exact_zero"
25078,"exact_zero"
25079,"exact_zero"
25080,"exact_zero"
25081,"exact_zero"
25082,"exact_zero"
25083,"exact_zero"
25084,"exact_zero"
25085,"exact_zero"
25086,"exact_zero"
25087,"exact_zero"
25088,"exact_zero"
25089,"exact_zero"
25090,"exact_zero"
25091,"exact_zero"
25092,"exact_zero"
25093,"exact_zero"
25094,"exact_zero"
25095,"exact_zero"
25096,"exact_zero"
25097,"exact_zero"
25098,"exact_zero"
25099,"exact_zero"
25100,"exact_zero"
25101,"exact_zero"
25102,"exact_zero"
25103,"exact_zero"
25104,"exact_zero"
25105,"exact_zero"
25106,"exact_zero"
25107,"exact_zero"
25108,"exact_zero"
25109,"exact_zero"
25110,"exact_zero"
25111,"exact_zero"
25112,"exact_zero"
25113,"exact_zero"
25114,"exact_zero"
25115,"exact_zero"
25116,"exact_zero"
25117,"exact_zero"
25118,"exact_zero"
25119,"exact_zero"
25120,"exact_zero"
25121,"exact_zero"
25122,"exact_zero"
25123,"exact_zero"
25124,"exact_zero"
25125,"exact_zero"
25126,"exact_zero"
25127,"exact_zero"
25128,"exact_zero"
25129,"exact_zero"
25130,"exact_zero"
25131,"exact_zero"
25132,"exact_zero"
25133,"exact_zero"
25134,"exact_zero"
25135,"exact_zero"
25136,"exact_zero"
25137,"exact_zero"
25138,"exact_zero"
25139,"exact_zero"
25140,"exact_zero"
25141,"exact_zero"
25142,"exact_zero"
25143,"exact_zero"
25144,"exact_zero"
25145,"exact_zero"
25146,"exact_zero"
25147,"exact_zero"
25148,"exact_zero"
25149,"exact_zero"
25150,"exact_zero"
25151,"exact_zero"
25152,"exact_zero"
25153,"exact_zero"
25154,"exact_zero"
25155,"exact_zero"
25156,"exact_zero"
25157,"exact_zero"
25158,"exact_zero"
25159,"exact_zero"
25160,"exact_zero"
25161,"exact_zero"
25162,"exact_zero"
25163,"exact_zero"
25164,"exact_zero"
25165,"exact_zero"
25166,"exact_zero"
25167,"exact_zero"
25168,"exact_zero"
25169,"exact_zero"
25170,"exact_zero"
25171,"exact_zero"
25172,"exact_zero"
25173,"exact_zero"
25174,"exact_zero"
25175,"exact_zero"
25176,"exact_zero"
25177,"exact_zero"
25178,"exact_zero"
25179,"exact_zero"
25180,"exact_zero"
25181,"exact_zero"
25182,"exact_zero"
25183,"exact_zero"
25184,"exact_zero"
25185,"exact_zero"
25186,"exact_zero"
25187,"exact_zero"
25188,"exact_zero"
25189,"exact_zero"
25190,"exact_zero"
25191,"exact_zero"
25192,"exact_zero"
25193,"exact_zero"
25194,"exact_zero"
25195,"exact_zero"
25196,"exact_zero"
25197,"exact_zero"
25198,"exact_zero"
25199,"exact_zero"
25200,"exact_zero"
25201,"exact_zero"
25202,"exact_zero"
25203,"exact_zero"
25204,"exact_zero"
25205,"exact_zero"
25206,"exact_zero"
25207,"exact_zero"
25208,"exact_zero"
25209,"exact_zero"
25210,"exact_zero"
25211,"exact_zero"
25212,"exact_zero"
25213,"exact_zero"
25214,"exact_zero"
25215,"exact_zero"
25216,"exact_zero"
25217,"exact_zero"
25218,"exact_zero"
25219,"exact_zero"
25220,"exact_zero"
25221,"exact_zero"
25222,"exact_zero"
25223,"exact_zero"
25224,"exact_zero"
25225,"exact_zero"
25226,"exact_zero"
25227,"exact_zero"
25228,"exact_zero"
25229,"exact_zero"
25230,"exact_zero"
25231,"exact_zero"
25232,"exact_zero"
25233,"exact_zero"
25234,"exact_zero"
25235,"exact_zero"
25236,"exact_zero"
25237,"exact_zero"
25238,"exact_zero"
25239,"exact_zero"
25240,"exact_zero"
25241,"exact_zero"
25242,"exact_zero"
25243,"exact_zero"
25244,"exact_zero"
25245,"exact_zero"
25246,"exact_zero"
25247,"exact_zero"
25248,"exact_zero"
25249,"exact_zero"
25250,"exact_zero"
25251,"exact_zero"
25252,"exact_zero"
25253,"exact_zero"
25254,"exact_zero"
25255,"exact_zero"
25256,"exact_zero"
25257,"exact_zero"
25258,"exact_zero"
25259,"exact_zero"
25260,"exact_zero"
25261,"exact_zero"
25262,"exact_zero"
25263,"exact_zero"
25264,"exact_zero"
25265,"exact_zero"
25266,"exact_zero"
25267,"exact_zero"
25268,"exact_zero"
25269,"exact_zero"
25270,"exact_zero"
25271,"exact_zero"
25272,"exact_zero"
25273,"exact_zero"
25274,"exact_zero"
25275,"exact_zero"
25276,"exact_zero"
25277,"exact_zero"
25278,"exact_zero"
25279,"exact_zero"
25280,"exact_zero"
25281,"exact_zero"
25282,"exact_zero"
25283,"exact_zero"
25284,"exact_zero"
25285,"exact_zero"
25286,"exact_zero"
25287,"exact_zero"
25288,"exact_zero"
25289,"exact_zero"
25290,"exact_zero"
25291,"exact_zero"
25292,"exact_zero"
25293,"exact_zero"
25294,"exact_zero"
25295,"exact_zero"
25296,"exact_zero"
25297,"exact_zero"
25298,"exact_zero"
25299,"exact_zero"
25300,"exact_zero"
25301,"exact_zero"
25302,"exact_zero"
25303,"exact_zero"
25304,"exact_zero"
25305,"exact_zero"
25306,"exact_zero"
25307,"exact_zero"
25308,"exact_zero"
25309,"exact_zero"
25310,"exact_zero"
25311,"exact_zero"
25312,"exact_zero"
25313,"exact_zero"
25314,"exact_zero"
25315,"exact_zero"
25316,"exact_zero"
25317,"exact_zero"
25318,"exact_zero"
25319,"exact_zero"
25320,"exact_zero"
25321,"exact_zero"
25322,"exact_zero"
25323,"exact_zero"
25324,"exact_zero"
25325,"exact_zero"
25326,"exact_zero"
25327,"exact_zero"
25328,"exact_zero"
25329,"exact_zero"
25330,"exact_zero"
25331,"exact_zero"
25332,"exact_zero"
25333,"exact_zero"
25334,"exact_zero"
25335,"exact_zero"
25336,"exact_zero"
25337,"exact_zero"
25338,"exact_zero"
25339,"exact_zero"
25340,"exact_zero"
25341,"exact_zero"
25342,"exact_zero"
25343,"exact_zero"
25344,"exact_zero"
25345,"exact_zero"
25346,"exact_zero"
25347,"exact_zero"
25348,"exact_zero"
25349,"exact_zero"
25350,"exact_zero"
25351,"exact_zero"
25352,"exact_zero"
25353,"exact_zero"
25354,"exact_zero"
25355,"exact_zero"
25356,"exact_zero"
25357,"exact_zero"
25358,"exact_zero"
25359,"exact_zero"
25360,"exact_zero"
25361,"exact_zero"
25362,"exact_zero"
25363,"exact_zero"
25364,"exact_zero"
25365,"exact_zero"
25366,"exact_zero"
25367,"exact_zero"
25368,"exact_zero"
25369,"exact_zero"
25370,"exact_zero"
25371,"exact_zero"
25372,"exact_zero"
25373,"exact_zero"
25374,"exact_zero"
25375,"exact_zero"
25376,"exact_zero"
25377,"exact_zero"
25378,"exact_zero"
25379,"exact_zero"
25380,"exact_zero"
25381,"exact_zero"
25382,"exact_zero"
25383,"exact_zero"
25384,"exact_zero"
25385,"exact_zero"
25386,"exact_zero"
25387,"exact_zero"
25388,"exact_zero"
25389,"exact_zero"
25390,"exact_zero"
25391,"exact_zero"
25392,"exact_zero"
25393,"exact_zero"
25394,"exact_zero"
25395,"exact_zero"
25396,"exact_zero"
25397,"exact_zero"
25398,"exact_zero"
25399,"exact_zero"
25400,"exact_zero"
25401,"exact_zero"
25402,"exact_zero"
25403,"exact_zero"
25404,"exact_zero"
25405,"exact_zero"
25406,"exact_zero"
25407,"exact_zero"
25408,"exact_zero"
25409,"exact_zero"
25410,"exact_zero"
25411,"exact_zero"
25412,"exact_zero"
25413,"exact_zero"
25414,"exact_zero"
25415,"exact_zero"
25416,"exact_zero"
25417,"exact_zero"
25418,"exact_zero"
25419,"exact_zero"
25420,"exact_zero"
25421,"exact_zero"
25422,"exact_zero"
25423,"exact_zero"
25424,"exact_zero"
25425,"exact_zero"
25426,"exact_zero"
25427,"exact_zero"
25428,"exact_zero"
25429,"exact_zero"
25430,"exact_zero"
25431,"exact_zero"
25432,"exact_zero"
25433,"exact_zero"
25434,"exact_zero"
25435,"exact_zero"
25436,"exact_zero"
25437,"exact_zero"
25438,"exact_zero"
25439,"exact_zero"
25440,"exact_zero"
25441,"exact_zero"
25442,"exact_zero"
25443,"exact_zero"
25444,"exact_zero"
25445,"exact_zero"
25446,"exact_zero"
25447,"exact_zero"
25448,"exact_zero"
25449,"exact_zero"
25450,"exact_zero"
25451,"exact_zero"
25452,"exact_zero"
25453,"exact_zero"
25454,"exact_zero"
25455,"exact_zero"
25456,"exact_zero"
25457,"exact_zero"
25458,"exact_zero"
25459,"exact_zero"
25460,"exact_zero"
25461,"exact_zero"
25462,"exact_zero"
25463,"exact_zero"
25464,"exact_zero"
25465,"exact_zero"
25466,"exact_zero"
25467,"exact_zero"
25468,"exact_zero"
25469,"exact_zero"
25470,"exact_zero"
25471,"exact_zero"
25472,"exact_zero"
25473,"exact_zero"
25474,"exact_zero"
25475,"exact_zero"
25476,"exact_zero"
25477,"exact_zero"
25478,"exact_zero"
25479,"exact_zero"
25480,"exact_zero"
25481,"exact_zero"
25482,"exact_zero"
25483,"exact_zero"
25484,"exact_zero"
25485,"exact_zero"
25486,"exact_zero"
25487,"exact_zero"
25488,"exact_zero"
25489,"exact_zero"
25490,"exact_zero"
25491,"exact_zero"
25492,"exact_zero"
25493,"exact_zero"
25494,"exact_zero"
25495,"exact_zero"
25496,"exact_zero"
25497,"exact_zero"
25498,"exact_zero"
25499,"exact_zero"
25500,"exact_zero"
25501,"exact_zero"
25502,"exact_zero"
25503,"exact_zero"
25504,"exact_zero"
25505,"exact_zero"
25506,"exact_zero"
25507,"exact_zero"
25508,"exact_zero"
25509,"exact_zero"
25510,"exact_zero"
25511,"exact_zero"
25512,"exact_zero"
25513,"exact_zero"
25514,"exact_zero"
25515,"exact_zero"
25516,"exact_zero"
25517,"exact_zero"
25518,"exact_zero"
25519,"exact_zero"
25520,"exact_zero"
25521,"exact_zero"
25522,"exact_zero"
25523,"exact_zero"
25524,"exact_zero"
25525,"exact_zero"
25526,"exact_zero"
25527,"exact_zero"
25528,"exact_zero"
25529,"exact_zero"
25530,"exact_zero"
25531,"exact_zero"
25532,"exact_zero"
25533,"exact_zero"
25534,"exact_zero"
25535,"exact_zero"
25536,"exact_zero"
25537,"exact_zero"
25538,"exact_zero"
25539,"exact_zero"
25540,"exact_zero"
25541,"exact_zero"
25542,"exact_zero"
25543,"exact_zero"
25544,"exact_zero"
25545,"exact_zero"
25546,"exact_zero"
25547,"exact_zero"
25548,"exact_zero"
25549,"exact_zero"
25550,"exact_zero"
25551,"exact_zero"
25552,"exact_zero"
25553,"exact_zero"
25554,"exact_zero"
25555,"exact_zero"
25556,"exact_zero"
25557,"exact_zero"
25558,"exact_zero"
25559,"exact_zero"
25560,"exact_zero"
25561,"exact_zero"
25562,"exact_zero"
25563,"exact_zero"
25564,"exact_zero"
25565,"exact_zero"
25566,"exact_zero"
25567,"exact_zero"
25568,"exact_zero"
25569,"exact_zero"
25570,"exact_zero"
25571,"exact_zero"
25572,"exact_zero"
25573,"exact_zero"
25574,"exact_zero"
25575,"exact_zero"
25576,"exact_zero"
25577,"exact_zero"
25578,"exact_zero"
25579,"exact_zero"
25580,"exact_zero"
25581,"exact_zero"
25582,"exact_zero"
25583,"exact_zero"
25584,"exact_zero"
25585,"exact_zero"
25586,"exact_zero"
25587,"exact_zero"
25588,"exact_zero"
25589,"exact_zero"
25590,"exact_zero"
25591,"exact_zero"
25592,"exact_zero"
25593,"exact_zero"
25594,"exact_zero"
25595,"exact_zero"
25596,"exact_zero"
25597,"exact_zero"
25598,"exact_zero"
25599,"exact_zero"
25600,"exact_zero"
25601,"exact_zero"
25602,"exact_zero"
25603,"exact_zero"
25604,"exact_zero"
25605,"exact_zero"
25606,"exact_zero"
25607,"exact_zero"
25608,"exact_zero"
25609,"exact_zero"
25610,"exact_zero"
25611,"exact_zero"
25612,"exact_zero"
25613,"exact_zero"
25614,"exact_zero"
25615,"exact_zero"
25616,"exact_zero"
25617,"exact_zero"
25618,"exact_zero"
25619,"exact_zero"
25620,"exact_zero"
25621,"exact_zero"
25622,"exact_zero"
25623,"exact_zero"
25624,"exact_zero"
25625,"exact_zero"
25626,"exact_zero"
25627,"exact_zero"
25628,"exact_zero"
25629,"exact_zero"
25630,"exact_zero"
25631,"exact_zero"
25632,"exact_zero"
25633,"exact_zero"
25634,"exact_zero"
25635,"exact_zero"
25636,"exact_zero"
25637,"exact_zero"
25638,"exact_zero"
25639,"exact_zero"
25640,"exact_zero"
25641,"exact_zero"
25642,"exact_zero"
25643,"exact_zero"
25644,"exact_zero"
25645,"exact_zero"
25646,"exact_zero"
25647,"exact_zero"
25648,"exact_zero"
25649,"exact_zero"
25650,"exact_zero"
25651,"exact_zero"
25652,"exact_zero"
25653,"exact_zero"
25654,"exact_zero"
25655,"exact_zero"
25656,"exact_zero"
25657,"exact_zero"
25658,"exact_zero"
25659,"exact_zero"
25660,"exact_zero"
25661,"exact_zero"
25662,"exact_zero"
25663,"exact_zero"
25664,"exact_zero"
25665,"exact_zero"
25666,"exact_zero"
25667,"exact_zero"
25668,"exact_zero"
25669,"exact_zero"
25670,"exact_zero"
25671,"exact_zero"
25672,"exact_zero"
25673,"exact_zero"
25674,"exact_zero"
25675,"exact_zero"
25676,"exact_zero"
25677,"exact_zero"
25678,"exact_zero"
25679,"exact_zero"
25680,"exact_zero"
25681,"exact_zero"
25682,"exact_zero"
25683,"exact_zero"
25684,"exact_zero"
25685,"exact_zero"
25686,"exact_zero"
25687,"exact_zero"
25688,"exact_zero"
25689,"exact_zero"
25690,"exact_zero"
25691,"exact_zero"
25692,"exact_zero"
25693,"exact_zero"
25694,"exact_zero"
25695,"exact_zero"
25696,"exact_zero"
25697,"exact_zero"
25698,"exact_zero"
25699,"exact_zero"
25700,"exact_zero"
25701,"exact_zero"
25702,"exact_zero"
25703,"exact_zero"
25704,"exact_zero"
25705,"exact_zero"
25706,"exact_zero"
25707,"exact_zero"
25708,"exact_zero"
25709,"exact_zero"
25710,"exact_zero"
25711,"exact_zero"
25712,"exact_zero"
25713,"exact_zero"
25714,"exact_zero"
25715,"exact_zero"
25716,"exact_zero"
25717,"exact_zero"
25718,"exact_zero"
25719,"exact_zero"
25720,"exact_zero"
25721,"exact_zero"
25722,"exact_zero"
25723,"exact_zero"
25724,"exact_zero"
25725,"exact_zero"
25726,"exact_zero"
25727,"exact_zero"
25728,"exact_zero"
25729,"exact_zero"
25730,"exact_zero"
25731,"exact_zero"
25732,"exact_zero"
25733,"exact_zero"
25734,"exact_zero"
25735,"exact_zero"
25736,"exact_zero"
25737,"exact_zero"
25738,"exact_zero"
25739,"exact_zero"
25740,"exact_zero"
25741,"exact_zero"
25742,"exact_zero"
25743,"exact_zero"
25744,"exact_zero"
25745,"exact_zero"
25746,"exact_zero"
25747,"exact_zero"
25748,"exact_zero"
25749,"exact_zero"
25750,"exact_zero"
25751,"exact_zero"
25752,"exact_zero"
25753,"exact_zero"
25754,"exact_zero"
25755,"exact_zero"
25756,"exact_zero"
25757,"exact_zero"
25758,"exact_zero"
25759,"exact_zero"
25760,"exact_zero"
25761,"exact_zero"
25762,"exact_zero"
25763,"exact_zero"
25764,"exact_zero"
25765,"exact_zero"
25766,"exact_zero"
25767,"exact_zero"
25768,"exact_zero"
25769,"exact_zero"
25770,"exact_zero"
25771,"exact_zero"
25772,"exact_zero"
25773,"exact_zero"
25774,"exact_zero"
25775,"exact_zero"
25776,"exact_zero"
25777,"exact_zero"
25778,"exact_zero"
25779,"exact_zero"
25780,"exact_zero"
25781,"exact_zero"
25782,"exact_zero"
25783,"exact_zero"
25784,"exact_zero"
25785,"exact_zero"
25786,"exact_zero"
25787,"exact_zero"
25788,"exact_zero"
25789,"exact_zero"
25790,"exact_zero"
25791,"exact_zero"
25792,"exact_zero"
25793,"exact_zero"
25794,"exact_zero"
25795,"exact_zero"
25796,"exact_zero"
25797,"exact_zero"
25798,"exact_zero"
25799,"exact_zero"
25800,"exact_zero"
25801,"exact_zero"
25802,"exact_zero"
25803,"exact_zero"
25804,"exact_zero"
25805,"exact_zero"
25806,"exact_zero"
25807,"exact_zero"
25808,"exact_zero"
25809,"exact_zero"
25810,"exact_zero"
25811,"exact_zero"
25812,"exact_zero"
25813,"exact_zero"
25814,"exact_zero"
25815,"exact_zero"
25816,"exact_zero"
25817,"exact_zero"
25818,"exact_zero"
25819,"exact_zero"
25820,"exact_zero"
25821,"exact_zero"
25822,"exact_zero"
25823,"exact_zero"
25824,"exact_zero"
25825,"exact_zero"
25826,"exact_zero"
25827,"exact_zero"
25828,"exact_zero"
25829,"exact_zero"
25830,"exact_zero"
25831,"exact_zero"
25832,"exact_zero"
25833,"exact_zero"
25834,"exact_zero"
25835,"exact_zero"
25836,"exact_zero"
25837,"exact_zero"
25838,"exact_zero"
25839,"exact_zero"
25840,"exact_zero"
25841,"exact_zero"
25842,"exact_zero"
25843,"exact_zero"
25844,"exact_zero"
25845,"exact_zero"
25846,"exact_zero"
25847,"exact_zero"
25848,"exact_zero"
25849,"exact_zero"
25850,"exact_zero"
25851,"exact_zero"
25852,"exact_zero"
25853,"exact_zero"
25854,"exact_zero"
25855,"exact_zero"
25856,"exact_zero"
25857,"exact_zero"
25858,"exact_zero"
25859,"exact_zero"
25860,"exact_zero"
25861,"exact_zero"
25862,"exact_zero"
25863,"exact_zero"
25864,"exact_zero"
25865,"exact_zero"
25866,"exact_zero"
25867,"exact_zero"
25868,"exact_zero"
25869,"exact_zero"
25870,"exact_zero"
25871,"exact_zero"
25872,"exact_zero"
25873,"exact_zero"
25874,"exact_zero"
25875,"exact_zero"
25876,"exact_zero"
25877,"exact_zero"
25878,"exact_zero"
25879,"exact_zero"
25880,"exact_zero"
25881,"exact_zero"
25882,"exact_zero"
25883,"exact_zero"
25884,"exact_zero"
25885,"exact_zero"
25886,"exact_zero"
25887,"exact_zero"
25888,"exact_zero"
25889,"exact_zero"
25890,"exact_zero"
25891,"exact_zero"
25892,"exact_zero"
25893,"exact_zero"
25894,"exact_zero"
25895,"exact_zero"
25896,"exact_zero"
25897,"exact_zero"
25898,"exact_zero"
25899,"exact_zero"
25900,"exact_zero"
25901,"exact_zero"
25902,"exact_zero"
25903,"exact_zero"
25904,"exact_zero"
25905,"exact_zero"
25906,"exact_zero"
25907,"exact_zero"
25908,"exact_zero"
25909,"exact_zero"
25910,"exact_zero"
25911,"exact_zero"
25912,"exact_zero"
25913,"exact_zero"
25914,"exact_zero"
25915,"exact_zero"
25916,"exact_zero"
25917,"exact_zero"
25918,"exact_zero"
25919,"exact_zero"
25920,"exact_zero"
25921,"exact_zero"
25922,"exact_zero"
25923,"exact_zero"
25924,"exact_zero"
25925,"exact_zero"
25926,"exact_zero"
25927,"exact_zero"
25928,"exact_zero"
25929,"exact_zero"
25930,"exact_zero"
25931,"exact_zero"
25932,"exact_zero"
25933,"exact_zero"
25934,"exact_zero"
25935,"exact_zero"
25936,"exact_zero"
25937,"exact_zero"
25938,"exact_zero"
25939,"exact_zero"
25940,"exact_zero"
25941,"exact_zero"
25942,"exact_zero"
25943,"exact_zero"
25944,"exact_zero"
25945,"exact_zero"
25946,"exact_zero"
25947,"exact_zero"
25948,"exact_zero"
25949,"exact_zero"
25950,"exact_zero"
25951,"exact_zero"
25952,"exact_zero"
25953,"exact_zero"
25954,"exact_zero"
25955,"exact_zero"
25956,"exact_zero"
25957,"exact_zero"
25958,"exact_zero"
25959,"exact_zero"
25960,"exact_zero"
25961,"exact_zero"
25962,"exact_zero"
25963,"exact_zero"
25964,"exact_zero"
25965,"exact_zero"
25966,"exact_zero"
25967,"exact_zero"
25968,"exact_zero"
25969,"exact_zero"
25970,"exact_zero"
25971,"exact_zero"
25972,"exact_zero"
25973,"exact_zero"
25974,"exact_zero"
25975,"exact_zero"
25976,"exact_zero"
25977,"exact_zero"
25978,"exact_zero"
25979,"exact_zero"
25980,"exact_zero"
25981,"exact_zero"
25982,"exact_zero"
25983,"exact_zero"
25984,"exact_zero"
25985,"exact_zero"
25986,"exact_zero"
25987,"exact_zero"
25988,"exact_zero"
25989,"exact_zero"
25990,"exact_zero"
25991,"exact_zero"
25992,"exact_zero"
25993,"exact_zero"
25994,"exact_zero"
25995,"exact_zero"
25996,"exact_zero"
25997,"exact_zero"
25998,"exact_zero"
25999,"exact_zero"
26000,"exact_zero"
26001,"exact_zero"
26002,"exact_zero"
26003,"exact_zero"
26004,"exact_zero"
26005,"exact_zero"
26006,"exact_zero"
26007,"exact_zero"
26008,"exact_zero"
26009,"exact_zero"
26010,"exact_zero"
26011,"exact_zero"
26012,"exact_zero"
26013,"exact_zero"
26014,"exact_zero"
26015,"exact_zero"
26016,"exact_zero"
26017,"exact_zero"
26018,"exact_zero"
26019,"exact_zero"
26020,"exact_zero"
26021,"exact_zero"
26022,"exact_zero"
26023,"exact_zero"
26024,"exact_zero"
26025,"exact_zero"
26026,"exact_zero"
26027,"exact_zero"
26028,"exact_zero"
26029,"exact_zero"
26030,"exact_zero"
26031,"exact_zero"
26032,"exact_zero"
26033,"exact_zero"
26034,"exact_zero"
26035,"exact_zero"
26036,"exact_zero"
26037,"exact_zero"
26038,"exact_zero"
26039,"exact_zero"
26040,"exact_zero"
26041,"exact_zero"
26042,"exact_zero"
26043,"exact_zero"
26044,"exact_zero"
26045,"exact_zero"
26046,"exact_zero"
26047,"exact_zero"
26048,"exact_zero"
26049,"exact_zero"
26050,"exact_zero"
26051,"exact_zero"
26052,"exact_zero"
26053,"exact_zero"
26054,"exact_zero"
26055,"exact_zero"
26056,"exact_zero"
26057,"exact_zero"
26058,"exact_zero"
26059,"exact_zero"
26060,"exact_zero"
26061,"exact_zero"
26062,"exact_zero"
26063,"exact_zero"
26064,"exact_zero"
26065,"exact_zero"
26066,"exact_zero"
26067,"exact_zero"
26068,"exact_zero"
26069,"exact_zero"
26070,"exact_zero"
26071,"exact_zero"
26072,"exact_zero"
26073,"exact_zero"
26074,"exact_zero"
26075,"exact_zero"
26076,"exact_zero"
26077,"exact_zero"
26078,"exact_zero"
26079,"exact_zero"
26080,"exact_zero"
26081,"exact_zero"
26082,"exact_zero"
26083,"exact_zero"
26084,"exact_zero"
26085,"exact_zero"
26086,"exact_zero"
26087,"exact_zero"
26088,"exact_zero"
26089,"exact_zero"
26090,"exact_zero"
26091,"exact_zero"
26092,"exact_zero"
26093,"exact_zero"
26094,"exact_zero"
26095,"exact_zero"
26096,"exact_zero"
26097,"exact_zero"
26098,"exact_zero"
26099,"exact_zero"
26100,"exact_zero"
26101,"exact_zero"
26102,"exact_zero"
26103,"exact_zero"
26104,"exact_zero"
26105,"exact_zero"
26106,"exact_zero"
26107,"exact_zero"
26108,"exact_zero"
26109,"exact_zero"
26110,"exact_zero"
26111,"exact_zero"
26112,"exact_zero"
26113,"exact_zero"
26114,"exact_zero"
26115,"exact_zero"
26116,"exact_zero"
26117,"exact_zero"
26118,"exact_zero"
26119,"exact_zero"
26120,"exact_zero"
26121,"exact_zero"
26122,"exact_zero"
26123,"exact_zero"
26124,"exact_zero"
26125,"exact_zero"
26126,"exact_zero"
26127,"exact_zero"
26128,"exact_zero"
26129,"exact_zero"
26130,"exact_zero"
26131,"exact_zero"
26132,"exact_zero"
26133,"exact_zero"
26134,"exact_zero"
26135,"exact_zero"
26136,"exact_zero"
26137,"exact_zero"
26138,"exact_zero"
26139,"exact_zero"
26140,"exact_zero"
26141,"exact_zero"
26142,"exact_zero"
26143,"exact_zero"
26144,"exact_zero"
26145,"exact_zero"
26146,"exact_zero"
26147,"exact_zero"
26148,"exact_zero"
26149,"exact_zero"
26150,"exact_zero"
26151,"exact_zero"
26152,"exact_zero"
26153,"exact_zero"
26154,"exact_zero"
26155,"exact_zero"
26156,"exact_zero"
26157,"exact_zero"
26158,"exact_zero"
26159,"exact_zero"
26160,"exact_zero"
26161,"exact_zero"
26162,"exact_zero"
26163,"exact_zero"
26164,"exact_zero"
26165,"exact_zero"
26166,"exact_zero"
26167,"exact_zero"
26168,"exact_zero"
26169,"exact_zero"
26170,"exact_zero"
26171,"exact_zero"
26172,"exact_zero"
26173,"exact_zero"
26174,"exact_zero"
26175,"exact_zero"
26176,"exact_zero"
26177,"exact_zero"
26178,"exact_zero"
26179,"exact_zero"
26180,"exact_zero"
26181,"exact_zero"
26182,"exact_zero"
26183,"exact_zero"
26184,"exact_zero"
26185,"exact_zero"
26186,"exact_zero"
26187,"exact_zero"
26188,"exact_zero"
26189,"exact_zero"
26190,"exact_zero"
26191,"exact_zero"
26192,"exact_zero"
26193,"exact_zero"
26194,"exact_zero"
26195,"exact_zero"
26196,"exact_zero"
26197,"exact_zero"
26198,"exact_zero"
26199,"exact_zero"
26200,"exact_zero"
26201,"exact_zero"
26202,"exact_zero"
26203,"exact_zero"
26204,"exact_zero"
26205,"exact_zero"
26206,"exact_zero"
26207,"exact_zero"
26208,"exact_zero"
26209,"exact_zero"
26210,"exact_zero"
26211,"exact_zero"
26212,"exact_zero"
26213,"exact_zero"
26214,"exact_zero"
26215,"exact_zero"
26216,"exact_zero"
26217,"exact_zero"
26218,"exact_zero"
26219,"exact_zero"
26220,"exact_zero"
26221,"exact_zero"
26222,"exact_zero"
26223,"exact_zero"
26224,"exact_zero"
26225,"exact_zero"
26226,"exact_zero"
26227,"exact_zero"
26228,"exact_zero"
26229,"exact_zero"
26230,"exact_zero"
26231,"exact_zero"
26232,"exact_zero"
26233,"exact_zero"
26234,"exact_zero"
26235,"exact_zero"
26236,"exact_zero"
26237,"exact_zero"
26238,"exact_zero"
26239,"exact_zero"
26240,"exact_zero"
26241,"exact_zero"
26242,"exact_zero"
26243,"exact_zero"
26244,"exact_zero"
26245,"exact_zero"
26246,"exact_zero"
26247,"exact_zero"
26248,"exact_zero"
26249,"exact_zero"
26250,"exact_zero"
26251,"exact_zero"
26252,"exact_zero"
26253,"exact_zero"
26254,"exact_zero"
26255,"exact_zero"
26256,"exact_zero"
26257,"exact_zero"
26258,"exact_zero"
26259,"exact_zero"
26260,"exact_zero"
26261,"exact_zero"
26262,"exact_zero"
26263,"exact_zero"
26264,"exact_zero"
26265,"exact_zero"
26266,"exact_zero"
26267,"exact_zero"
26268,"exact_zero"
26269,"exact_zero"
26270,"exact_zero"
26271,"exact_zero"
26272,"exact_zero"
26273,"exact_zero"
26274,"exact_zero"
26275,"exact_zero"
26276,"exact_zero"
26277,"exact_zero"
26278,"exact_zero"
26279,"exact_zero"
26280,"exact_zero"
26281,"exact_zero"
26282,"exact_zero"
26283,"exact_zero"
26284,"exact_zero"
26285,"exact_zero"
26286,"exact_zero"
26287,"exact_zero"
26288,"exact_zero"
26289,"exact_zero"
26290,"exact_zero"
26291,"exact_zero"
26292,"exact_zero"
26293,"exact_zero"
26294,"exact_zero"
26295,"exact_zero"
26296,"exact_zero"
26297,"exact_zero"
26298,"exact_zero"
26299,"exact_zero"
26300,"exact_zero"
26301,"exact_zero"
26302,"exact_zero"
26303,"exact_zero"
26304,"exact_zero"
26305,"exact_zero"
26306,"exact_zero"
26307,"exact_zero"
26308,"exact_zero"
26309,"exact_zero"
26310,"exact_zero"
26311,"exact_zero"
26312,"exact_zero"
26313,"exact_zero"
26314,"exact_zero"
26315,"exact_zero"
26316,"exact_zero"
26317,"exact_zero"
26318,"exact_zero"
26319,"exact_zero"
26320,"exact_zero"
26321,"exact_zero"
26322,"exact_zero"
26323,"exact_zero"
26324,"exact_zero"
26325,"exact_zero"
26326,"exact_zero"
26327,"exact_zero"
26328,"exact_zero"
26329,"exact_zero"
26330,"exact_zero"
26331,"exact_zero"
26332,"exact_zero"
26333,"exact_zero"
26334,"exact_zero"
26335,"exact_zero"
26336,"exact_zero"
26337,"exact_zero"
26338,"exact_zero"
26339,"exact_zero"
26340,"exact_zero"
26341,"exact_zero"
26342,"exact_zero"
26343,"exact_zero"
26344,"exact_zero"
26345,"exact_zero"
26346,"exact_zero"
26347,"exact_zero"
26348,"exact_zero"
26349,"exact_zero"
26350,"exact_zero"
26351,"exact_zero"
26352,"exact_zero"
26353,"exact_zero"
26354,"exact_zero"
26355,"exact_zero"
26356,"exact_zero"
26357,"exact_zero"
26358,"exact_zero"
26359,"exact_zero"
26360,"exact_zero"
26361,"exact_zero"
26362,"exact_zero"
26363,"exact_zero"
26364,"exact_zero"
26365,"exact_zero"
26366,"exact_zero"
26367,"exact_zero"
26368,"exact_zero"
26369,"exact_zero"
26370,"exact_zero"
26371,"exact_zero"
26372,"exact_zero"
26373,"exact_zero"
26374,"exact_zero"
26375,"exact_zero"
26376,"exact_zero"
26377,"exact_zero"
26378,"exact_zero"
26379,"exact_zero"
26380,"exact_zero"
26381,"exact_zero"
26382,"exact_zero"
26383,"exact_zero"
26384,"exact_zero"
26385,"exact_zero"
26386,"exact_zero"
26387,"exact_zero"
26388,"exact_zero"
26389,"exact_zero"
26390,"exact_zero"
26391,"exact_zero"
26392,"exact_zero"
26393,"exact_zero"
26394,"exact_zero"
26395,"exact_zero"
26396,"exact_zero"
26397,"exact_zero"
26398,"exact_zero"
26399,"exact_zero"
26400,"exact_zero"
26401,"exact_zero"
26402,"exact_zero"
26403,"exact_zero"
26404,"exact_zero"
26405,"exact_zero"
26406,"exact_zero"
26407,"exact_zero"
26408,"exact_zero"
26409,"exact_zero"
26410,"exact_zero"
26411,"exact_zero"
26412,"exact_zero"
26413,"exact_zero"
26414,"exact_zero"
26415,"exact_zero"
26416,"exact_zero"
26417,"exact_zero"
26418,"exact_zero"
26419,"exact_zero"
26420,"exact_zero"
26421,"exact_zero"
26422,"exact_zero"
26423,"exact_zero"
26424,"exact_zero"
26425,"exact_zero"
26426,"exact_zero"
26427,"exact_zero"
26428,"exact_zero"
26429,"exact_zero"
26430,"exact_zero"
26431,"exact_zero"
26432,"exact_zero"
26433,"exact_zero"
26434,"exact_zero"
26435,"exact_zero"
26436,"exact_zero"
26437,"exact_zero"
26438,"exact_zero"
26439,"exact_zero"
26440,"exact_zero"
26441,"exact_zero"
26442,"exact_zero"
26443,"exact_zero"
26444,"exact_zero"
26445,"exact_zero"
26446,"exact_zero"
26447,"exact_zero"
26448,"exact_zero"
26449,"exact_zero"
26450,"exact_zero"
26451,"exact_zero"
26452,"exact_zero"
26453,"exact_zero"
26454,"exact_zero"
26455,"exact_zero"
26456,"exact_zero"
26457,"exact_zero"
26458,"exact_zero"
26459,"exact_zero"
26460,"exact_zero"
26461,"exact_zero"
26462,"exact_zero"
26463,"exact_zero"
26464,"exact_zero"
26465,"exact_zero"
26466,"exact_zero"
26467,"exact_zero"
26468,"exact_zero"
26469,"exact_zero"
26470,"exact_zero"
26471,"exact_zero"
26472,"exact_zero"
26473,"exact_zero"
26474,"exact_zero"
26475,"exact_zero"
26476,"exact_zero"
26477,"exact_zero"
26478,"exact_zero"
26479,"exact_zero"
26480,"exact_zero"
26481,"exact_zero"
26482,"exact_zero"
26483,"exact_zero"
26484,"exact_zero"
26485,"exact_zero"
26486,"exact_zero"
26487,"exact_zero"
26488,"exact_zero"
26489,"exact_zero"
26490,"exact_zero"
26491,"exact_zero"
26492,"exact_zero"
26493,"exact_zero"
26494,"exact_zero"
26495,"exact_zero"
26496,"exact_zero"
26497,"exact_zero"
26498,"exact_zero"
26499,"exact_zero"
26500,"exact_zero"
26501,"exact_zero"
26502,"exact_zero"
26503,"exact_zero"
26504,"exact_zero"
26505,"exact_zero"
26506,"exact_zero"
26507,"exact_zero"
26508,"exact_zero"
26509,"exact_zero"
26510,"exact_zero"
26511,"exact_zero"
26512,"exact_zero"
26513,"exact_zero"
26514,"exact_zero"
26515,"exact_zero"
26516,"exact_zero"
26517,"exact_zero"
26518,"exact_zero"
26519,"exact_zero"
26520,"exact_zero"
26521,"exact_zero"
26522,"exact_zero"
26523,"exact_zero"
26524,"exact_zero"
26525,"exact_zero"
26526,"exact_zero"
26527,"exact_zero"
26528,"exact_zero"
26529,"exact_zero"
26530,"exact_zero"
26531,"exact_zero"
26532,"exact_zero"
26533,"exact_zero"
26534,"exact_zero"
26535,"exact_zero"
26536,"exact_zero"
26537,"exact_zero"
26538,"exact_zero"
26539,"exact_zero"
26540,"exact_zero"
26541,"exact_zero"
26542,"exact_zero"
26543,"exact_zero"
26544,"exact_zero"
26545,"exact_zero"
26546,"exact_zero"
26547,"exact_zero"
26548,"exact_zero"
26549,"exact_zero"
26550,"exact_zero"
26551,"exact_zero"
26552,"exact_zero"
26553,"exact_zero"
26554,"exact_zero"
26555,"exact_zero"
26556,"exact_zero"
26557,"exact_zero"
26558,"exact_zero"
26559,"exact_zero"
26560,"exact_zero"
26561,"exact_zero"
26562,"exact_zero"
26563,"exact_zero"
26564,"exact_zero"
26565,"exact_zero"
26566,"exact_zero"
26567,"exact_zero"
26568,"exact_zero"
26569,"exact_zero"
26570,"exact_zero"
26571,"exact_zero"
26572,"exact_zero"
26573,"exact_zero"
26574,"exact_zero"
26575,"exact_zero"
26576,"exact_zero"
26577,"exact_zero"
26578,"exact_zero"
26579,"exact_zero"
26580,"exact_zero"
26581,"exact_zero"
26582,"exact_zero"
26583,"exact_zero"
26584,"exact_zero"
26585,"exact_zero"
26586,"exact_zero"
26587,"exact_zero"
26588,"exact_zero"
26589,"exact_zero"
26590,"exact_zero"
26591,"exact_zero"
26592,"exact_zero"
26593,"exact_zero"
26594,"exact_zero"
26595,"exact_zero"
26596,"exact_zero"
26597,"exact_zero"
26598,"exact_zero"
26599,"exact_zero"
26600,"exact_zero"
26601,"exact_zero"
26602,"exact_zero"
26603,"exact_zero"
26604,"exact_zero"
26605,"exact_zero"
26606,"exact_zero"
26607,"exact_zero"
26608,"exact_zero"
26609,"exact_zero"
26610,"exact_zero"
26611,"exact_zero"
26612,"exact_zero"
26613,"exact_zero"
26614,"exact_zero"
26615,"exact_zero"
26616,"exact_zero"
26617,"exact_zero"
26618,"exact_zero"
26619,"exact_zero"
26620,"exact_zero"
26621,"exact_zero"
26622,"exact_zero"
26623,"exact_zero"
26624,"exact_zero"
26625,"exact_zero"
26626,"exact_zero"
26627,"exact_zero"
26628,"exact_zero"
26629,"exact_zero"
26630,"exact_zero"
26631,"exact_zero"
26632,"exact_zero"
26633,"exact_zero"
26634,"exact_zero"
26635,"exact_zero"
26636,"exact_zero"
26637,"exact_zero"
26638,"exact_zero"
26639,"exact_zero"
26640,"exact_zero"
26641,"exact_zero"
26642,"exact_zero"
26643,"exact_zero"
26644,"exact_zero"
26645,"exact_zero"
26646,"exact_zero"
26647,"exact_zero"
26648,"exact_zero"
26649,"exact_zero"
26650,"exact_zero"
26651,"exact_zero"
26652,"exact_zero"
26653,"exact_zero"
26654,"exact_zero"
26655,"exact_zero"
26656,"exact_zero"
26657,"exact_zero"
26658,"exact_zero"
26659,"exact_zero"
26660,"exact_zero"
26661,"exact_zero"
26662,"exact_zero"
26663,"exact_zero"
26664,"exact_zero"
26665,"exact_zero"
26666,"exact_zero"
26667,"exact_zero"
26668,"exact_zero"
26669,"exact_zero"
26670,"exact_zero"
26671,"exact_zero"
26672,"exact_zero"
26673,"exact_zero"
26674,"exact_zero"
26675,"exact_zero"
26676,"exact_zero"
26677,"exact_zero"
26678,"exact_zero"
26679,"exact_zero"
26680,"exact_zero"
26681,"exact_zero"
26682,"exact_zero"
26683,"exact_zero"
26684,"exact_zero"
26685,"exact_zero"
26686,"exact_zero"
26687,"exact_zero"
26688,"exact_zero"
26689,"exact_zero"
26690,"exact_zero"
26691,"exact_zero"
26692,"exact_zero"
26693,"exact_zero"
26694,"exact_zero"
26695,"exact_zero"
26696,"exact_zero"
26697,"exact_zero"
26698,"exact_zero"
26699,"exact_zero"
26700,"exact_zero"
26701,"exact_zero"
26702,"exact_zero"
26703,"exact_zero"
26704,"exact_zero"
26705,"exact_zero"
26706,"exact_zero"
26707,"exact_zero"
26708,"exact_zero"
26709,"exact_zero"
26710,"exact_zero"
26711,"exact_zero"
26712,"exact_zero"
26713,"exact_zero"
26714,"exact_zero"
26715,"exact_zero"
26716,"exact_zero"
26717,"exact_zero"
26718,"exact_zero"
26719,"exact_zero"
26720,"exact_zero"
26721,"exact_zero"
26722,"exact_zero"
26723,"exact_zero"
26724,"exact_zero"
26725,"exact_zero"
26726,"exact_zero"
26727,"exact_zero"
26728,"exact_zero"
26729,"exact_zero"
26730,"exact_zero"
26731,"exact_zero"
26732,"exact_zero"
26733,"exact_zero"
26734,"exact_zero"
26735,"exact_zero"
26736,"exact_zero"
26737,"exact_zero"
26738,"exact_zero"
26739,"exact_zero"
26740,"exact_zero"
26741,"exact_zero"
26742,"exact_zero"
26743,"exact_zero"
26744,"exact_zero"
26745,"exact_zero"
26746,"exact_zero"
26747,"exact_zero"
26748,"exact_zero"
26749,"exact_zero"
26750,"exact_zero"
26751,"exact_zero"
26752,"exact_zero"
26753,"exact_zero"
26754,"exact_zero"
26755,"exact_zero"
26756,"exact_zero"
26757,"exact_zero"
26758,"exact_zero"
26759,"exact_zero"
26760,"exact_zero"
26761,"exact_zero"
26762,"exact_zero"
26763,"exact_zero"
26764,"exact_zero"
26765,"exact_zero"
26766,"exact_zero"
26767,"exact_zero"
26768,"exact_zero"
26769,"exact_zero"
26770,"exact_zero"
26771,"exact_zero"
26772,"exact_zero"
26773,"exact_zero"
26774,"exact_zero"
26775,"exact_zero"
26776,"exact_zero"
26777,"exact_zero"
26778,"exact_zero"
26779,"exact_zero"
26780,"exact_zero"
26781,"exact_zero"
26782,"exact_zero"
26783,"exact_zero"
26784,"exact_zero"
26785,"exact_zero"
26786,"exact_zero"
26787,"exact_zero"
26788,"exact_zero"
26789,"exact_zero"
26790,"exact_zero"
26791,"exact_zero"
26792,"exact_zero"
26793,"exact_zero"
26794,"exact_zero"
26795,"exact_zero"
26796,"exact_zero"
26797,"exact_zero"
26798,"exact_zero"
26799,"exact_zero"
26800,"exact_zero"
26801,"exact_zero"
26802,"exact_zero"
26803,"exact_zero"
26804,"exact_zero"
26805,"exact_zero"
26806,"exact_zero"
26807,"exact_zero"
26808,"exact_zero"
26809,"exact_zero"
26810,"exact_zero"
26811,"exact_zero"
26812,"exact_zero"
26813,"exact_zero"
26814,"exact_zero"
26815,"exact_zero"
26816,"exact_zero"
26817,"exact_zero"
26818,"exact_zero"
26819,"exact_zero"
26820,"exact_zero"
26821,"exact_zero"
26822,"exact_zero"
26823,"exact_zero"
26824,"exact_zero"
26825,"exact_zero"
26826,"exact_zero"
26827,"exact_zero"
26828,"exact_zero"
26829,"exact_zero"
26830,"exact_zero"
26831,"exact_zero"
26832,"exact_zero"
26833,"exact_zero"
26834,"exact_zero"
26835,"exact_zero"
26836,"exact_zero"
26837,"exact_zero"
26838,"exact_zero"
26839,"exact_zero"
26840,"exact_zero"
26841,"exact_zero"
26842,"exact_zero"
26843,"exact_zero"
26844,"exact_zero"
26845,"exact_zero"
26846,"exact_zero"
26847,"exact_zero"
26848,"exact_zero"
26849,"exact_zero"
26850,"exact_zero"
26851,"exact_zero"
26852,"exact_zero"
26853,"exact_zero"
26854,"exact_zero"
26855,"exact_zero"
26856,"exact_zero"
26857,"exact_zero"
26858,"exact_zero"
26859,"exact_zero"
26860,"exact_zero"
26861,"exact_zero"
26862,"exact_zero"
26863,"exact_zero"
26864,"exact_zero"
26865,"exact_zero"
26866,"exact_zero"
26867,"exact_zero"
26868,"exact_zero"
26869,"exact_zero"
26870,"exact_zero"
26871,"exact_zero"
26872,"exact_zero"
26873,"exact_zero"
26874,"exact_zero"
26875,"exact_zero"
26876,"exact_zero"
26877,"exact_zero"
26878,"exact_zero"
26879,"exact_zero"
26880,"exact_zero"
26881,"exact_zero"
26882,"exact_zero"
26883,"exact_zero"
26884,"exact_zero"
26885,"exact_zero"
26886,"exact_zero"
26887,"exact_zero"
26888,"exact_zero"
26889,"exact_zero"
26890,"exact_zero"
26891,"exact_zero"
26892,"exact_zero"
26893,"exact_zero"
26894,"exact_zero"
26895,"exact_zero"
26896,"exact_zero"
26897,"exact_zero"
26898,"exact_zero"
26899,"exact_zero"
26900,"exact_zero"
26901,"exact_zero"
26902,"exact_zero"
26903,"exact_zero"
26904,"exact_zero"
26905,"exact_zero"
26906,"exact_zero"
26907,"exact_zero"
26908,"exact_zero"
26909,"exact_zero"
26910,"exact_zero"
26911,"exact_zero"
26912,"exact_zero"
26913,"exact_zero"
26914,"exact_zero"
26915,"exact_zero"
26916,"exact_zero"
26917,"exact_zero"
26918,"exact_zero"
26919,"exact_zero"
26920,"exact_zero"
26921,"exact_zero"
26922,"exact_zero"
26923,"exact_zero"
26924,"exact_zero"
26925,"exact_zero"
26926,"exact_zero"
26927,"exact_zero"
26928,"exact_zero"
26929,"exact_zero"
26930,"exact_zero"
26931,"exact_zero"
26932,"exact_zero"
26933,"exact_zero"
26934,"exact_zero"
26935,"exact_zero"
26936,"exact_zero"
26937,"exact_zero"
26938,"exact_zero"
26939,"exact_zero"
26940,"exact_zero"
26941,"exact_zero"
26942,"exact_zero"
26943,"exact_zero"
26944,"exact_zero"
26945,"exact_zero"
26946,"exact_zero"
26947,"exact_zero"
26948,"exact_zero"
26949,"exact_zero"
26950,"exact_zero"
26951,"exact_zero"
26952,"exact_zero"
26953,"exact_zero"
26954,"exact_zero"
26955,"exact_zero"
26956,"exact_zero"
26957,"exact_zero"
26958,"exact_zero"
26959,"exact_zero"
26960,"exact_zero"
26961,"exact_zero"
26962,"exact_zero"
26963,"exact_zero"
26964,"exact_zero"
26965,"exact_zero"
26966,"exact_zero"
26967,"exact_zero"
26968,"exact_zero"
26969,"exact_zero"
26970,"exact_zero"
26971,"exact_zero"
26972,"exact_zero"
26973,"exact_zero"
26974,"exact_zero"
26975,"exact_zero"
26976,"exact_zero"
26977,"exact_zero"
26978,"exact_zero"
26979,"exact_zero"
26980,"exact_zero"
26981,"exact_zero"
26982,"exact_zero"
26983,"exact_zero"
26984,"exact_zero"
26985,"exact_zero"
26986,"exact_zero"
26987,"exact_zero"
26988,"exact_zero"
26989,"exact_zero"
26990,"exact_zero"
26991,"exact_zero"
26992,"exact_zero"
26993,"exact_zero"
26994,"exact_zero"
26995,"exact_zero"
26996,"exact_zero"
26997,"exact_zero"
26998,"exact_zero"
26999,"exact_zero"
27000,"exact_zero"
27001,"exact_zero"
27002,"exact_zero"
27003,"exact_zero"
27004,"exact_zero"
27005,"exact_zero"
27006,"exact_zero"
27007,"exact_zero"
27008,"exact_zero"
27009,"exact_zero"
27010,"exact_zero"
27011,"exact_zero"
27012,"exact_zero"
27013,"exact_zero"
27014,"exact_zero"
27015,"exact_zero"
27016,"exact_zero"
27017,"exact_zero"
27018,"exact_zero"
27019,"exact_zero"
27020,"exact_zero"
27021,"exact_zero"
27022,"exact_zero"
27023,"exact_zero"
27024,"exact_zero"
27025,"exact_zero"
27026,"exact_zero"
27027,"exact_zero"
27028,"exact_zero"
27029,"exact_zero"
27030,"exact_zero"
27031,"exact_zero"
27032,"exact_zero"
27033,"exact_zero"
27034,"exact_zero"
27035,"exact_zero"
27036,"exact_zero"
27037,"exact_zero"
27038,"exact_zero"
27039,"exact_zero"
27040,"exact_zero"
27041,"exact_zero"
27042,"exact_zero"
27043,"exact_zero"
27044,"exact_zero"
27045,"exact_zero"
27046,"exact_zero"
27047,"exact_zero"
27048,"exact_zero"
27049,"exact_zero"
27050,"exact_zero"
27051,"exact_zero"
27052,"exact_zero"
27053,"exact_zero"
27054,"exact_zero"
27055,"exact_zero"
27056,"exact_zero"
27057,"exact_zero"
27058,"exact_zero"
27059,"exact_zero"
27060,"exact_zero"
27061,"exact_zero"
27062,"exact_zero"
27063,"exact_zero"
27064,"exact_zero"
27065,"exact_zero"
27066,"exact_zero"
27067,"exact_zero"
27068,"exact_zero"
27069,"exact_zero"
27070,"exact_zero"
27071,"exact_zero"
27072,"exact_zero"
27073,"exact_zero"
27074,"exact_zero"
27075,"exact_zero"
27076,"exact_zero"
27077,"exact_zero"
27078,"exact_zero"
27079,"exact_zero"
27080,"exact_zero"
27081,"exact_zero"
27082,"exact_zero"
27083,"exact_zero"
27084,"exact_zero"
27085,"exact_zero"
27086,"exact_zero"
27087,"exact_zero"
27088,"exact_zero"
27089,"exact_zero"
27090,"exact_zero"
27091,"exact_zero"
27092,"exact_zero"
27093,"exact_zero"
27094,"exact_zero"
27095,"exact_zero"
27096,"exact_zero"
27097,"exact_zero"
27098,"exact_zero"
27099,"exact_zero"
27100,"exact_zero"
27101,"exact_zero"
27102,"exact_zero"
27103,"exact_zero"
27104,"exact_zero"
27105,"exact_zero"
27106,"exact_zero"
27107,"exact_zero"
27108,"exact_zero"
27109,"exact_zero"
27110,"exact_zero"
27111,"exact_zero"
27112,"exact_zero"
27113,"exact_zero"
27114,"exact_zero"
27115,"exact_zero"
27116,"exact_zero"
27117,"exact_zero"
27118,"exact_zero"
27119,"exact_zero"
27120,"exact_zero"
27121,"exact_zero"
27122,"exact_zero"
27123,"exact_zero"
27124,"exact_zero"
27125,"exact_zero"
27126,"exact_zero"
27127,"exact_zero"
27128,"exact_zero"
27129,"exact_zero"
27130,"exact_zero"
27131,"exact_zero"
27132,"exact_zero"
27133,"exact_zero"
27134,"exact_zero"
27135,"exact_zero"
27136,"exact_zero"
27137,"exact_zero"
27138,"exact_zero"
27139,"exact_zero"
27140,"exact_zero"
27141,"exact_zero"
27142,"exact_zero"
27143,"exact_zero"
27144,"exact_zero"
27145,"exact_zero"
27146,"exact_zero"
27147,"exact_zero"
27148,"exact_zero"
27149,"exact_zero"
27150,"exact_zero"
27151,"exact_zero"
27152,"exact_zero"
27153,"exact_zero"
27154,"exact_zero"
27155,"exact_zero"
27156,"exact_zero"
27157,"exact_zero"
27158,"exact_zero"
27159,"exact_zero"
27160,"exact_zero"
27161,"exact_zero"
27162,"exact_zero"
27163,"exact_zero"
27164,"exact_zero"
27165,"exact_zero"
27166,"exact_zero"
27167,"exact_zero"
27168,"exact_zero"
27169,"exact_zero"
27170,"exact_zero"
27171,"exact_zero"
27172,"exact_zero"
27173,"exact_zero"
27174,"exact_zero"
27175,"exact_zero"
27176,"exact_zero"
27177,"exact_zero"
27178,"exact_zero"
27179,"exact_zero"
27180,"exact_zero"
27181,"exact_zero"
27182,"exact_zero"
27183,"exact_zero"
27184,"exact_zero"
27185,"exact_zero"
27186,"exact_zero"
27187,"exact_zero"
27188,"exact_zero"
27189,"exact_zero"
27190,"exact_zero"
27191,"exact_zero"
27192,"exact_zero"
27193,"exact_zero"
27194,"exact_zero"
27195,"exact_zero"
27196,"exact_zero"
27197,"exact_zero"
27198,"exact_zero"
27199,"exact_zero"
27200,"exact_zero"
27201,"exact_zero"
27202,"exact_zero"
27203,"exact_zero"
27204,"exact_zero"
27205,"exact_zero"
27206,"exact_zero"
27207,"exact_zero"
27208,"exact_zero"
27209,"exact_zero"
27210,"exact_zero"
27211,"exact_zero"
27212,"exact_zero"
27213,"exact_zero"
27214,"exact_zero"
27215,"exact_zero"
27216,"exact_zero"
27217,"exact_zero"
27218,"exact_zero"
27219,"exact_zero"
27220,"exact_zero"
27221,"exact_zero"
27222,"exact_zero"
27223,"exact_zero"
27224,"exact_zero"
27225,"exact_zero"
27226,"exact_zero"
27227,"exact_zero"
27228,"exact_zero"
27229,"exact_zero"
27230,"exact_zero"
27231,"exact_zero"
27232,"exact_zero"
27233,"exact_zero"
27234,"exact_zero"
27235,"exact_zero"
27236,"exact_zero"
27237,"exact_zero"
27238,"exact_zero"
27239,"exact_zero"
27240,"exact_zero"
27241,"exact_zero"
27242,"exact_zero"
27243,"exact_zero"
27244,"exact_zero"
27245,"exact_zero"
27246,"exact_zero"
27247,"exact_zero"
27248,"exact_zero"
27249,"exact_zero"
27250,"exact_zero"
27251,"exact_zero"
27252,"exact_zero"
27253,"exact_zero"
27254,"exact_zero"
27255,"exact_zero"
27256,"exact_zero"
27257,"exact_zero"
27258,"exact_zero"
27259,"exact_zero"
27260,"exact_zero"
27261,"exact_zero"
27262,"exact_zero"
27263,"exact_zero"
27264,"exact_zero"
27265,"exact_zero"
27266,"exact_zero"
27267,"exact_zero"
27268,"exact_zero"
27269,"exact_zero"
27270,"exact_zero"
27271,"exact_zero"
27272,"exact_zero"
27273,"exact_zero"
27274,"exact_zero"
27275,"exact_zero"
27276,"exact_zero"
27277,"exact_zero"
27278,"exact_zero"
27279,"exact_zero"
27280,"exact_zero"
27281,"exact_zero"
27282,"exact_zero"
27283,"exact_zero"
27284,"exact_zero"
27285,"exact_zero"
27286,"exact_zero"
27287,"exact_zero"
27288,"exact_zero"
27289,"exact_zero"
27290,"exact_zero"
27291,"exact_zero"
27292,"exact_zero"
27293,"exact_zero"
27294,"exact_zero"
27295,"exact_zero"
27296,"exact_zero"
27297,"exact_zero"
27298,"exact_zero"
27299,"exact_zero"
27300,"exact_zero"
27301,"exact_zero"
27302,"exact_zero"
27303,"exact_zero"
27304,"exact_zero"
27305,"exact_zero"
27306,"exact_zero"
27307,"exact_zero"
27308,"exact_zero"
27309,"exact_zero"
27310,"exact_zero"
27311,"exact_zero"
27312,"exact_zero"
27313,"exact_zero"
27314,"exact_zero"
27315,"exact_zero"
27316,"exact_zero"
27317,"exact_zero"
27318,"exact_zero"
27319,"exact_zero"
27320,"exact_zero"
27321,"exact_zero"
27322,"exact_zero"
27323,"exact_zero"
27324,"exact_zero"
27325,"exact_zero"
27326,"exact_zero"
27327,"exact_zero"
27328,"exact_zero"
27329,"exact_zero"
27330,"exact_zero"
27331,"exact_zero"
27332,"exact_zero"
27333,"exact_zero"
27334,"exact_zero"
27335,"exact_zero"
27336,"exact_zero"
27337,"exact_zero"
27338,"exact_zero"
27339,"exact_zero"
27340,"exact_zero"
27341,"exact_zero"
27342,"exact_zero"
27343,"exact_zero"
27344,"exact_zero"
27345,"exact_zero"
27346,"exact_zero"
27347,"exact_zero"
27348,"exact_zero"
27349,"exact_zero"
27350,"exact_zero"
27351,"exact_zero"
27352,"exact_zero"
27353,"exact_zero"
27354,"exact_zero"
27355,"exact_zero"
27356,"exact_zero"
27357,"exact_zero"
27358,"exact_zero"
27359,"exact_zero"
27360,"exact_zero"
27361,"exact_zero"
27362,"exact_zero"
27363,"exact_zero"
27364,"exact_zero"
27365,"exact_zero"
27366,"exact_zero"
27367,"exact_zero"
27368,"exact_zero"
27369,"exact_zero"
27370,"exact_zero"
27371,"exact_zero"
27372,"exact_zero"
27373,"exact_zero"
27374,"exact_zero"
27375,"exact_zero"
27376,"exact_zero"
27377,"exact_zero"
27378,"exact_zero"
27379,"exact_zero"
27380,"exact_zero"
27381,"exact_zero"
27382,"exact_zero"
27383,"exact_zero"
27384,"exact_zero"
27385,"exact_zero"
27386,"exact_zero"
27387,"exact_zero"
27388,"exact_zero"
27389,"exact_zero"
27390,"exact_zero"
27391,"exact_zero"
27392,"exact_zero"
27393,"exact_zero"
27394,"exact_zero"
27395,"exact_zero"
27396,"exact_zero"
27397,"exact_zero"
27398,"exact_zero"
27399,"exact_zero"
27400,"exact_zero"
27401,"exact_zero"
27402,"exact_zero"
27403,"exact_zero"
27404,"exact_zero"
27405,"exact_zero"
27406,"exact_zero"
27407,"exact_zero"
27408,"exact_zero"
27409,"exact_zero"
27410,"exact_zero"
27411,"exact_zero"
27412,"exact_zero"
27413,"exact_zero"
27414,"exact_zero"
27415,"exact_zero"
27416,"exact_zero"
27417,"exact_zero"
27418,"exact_zero"
27419,"exact_zero"
27420,"exact_zero"
27421,"exact_zero"
27422,"exact_zero"
27423,"exact_zero"
27424,"exact_zero"
27425,"exact_zero"
27426,"exact_zero"
27427,"exact_zero"
27428,"exact_zero"
27429,"exact_zero"
27430,"exact_zero"
27431,"exact_zero"
27432,"exact_zero"
27433,"exact_zero"
27434,"exact_zero"
27435,"exact_zero"
27436,"exact_zero"
27437,"exact_zero"
27438,"exact_zero"
27439,"exact_zero"
27440,"exact_zero"
27441,"exact_zero"
27442,"exact_zero"
27443,"exact_zero"
27444,"exact_zero"
27445,"exact_zero"
27446,"exact_zero"
27447,"exact_zero"
27448,"exact_zero"
27449,"exact_zero"
27450,"exact_zero"
27451,"exact_zero"
27452,"exact_zero"
27453,"exact_zero"
27454,"exact_zero"
27455,"exact_zero"
27456,"exact_zero"
27457,"exact_zero"
27458,"exact_zero"
27459,"exact_zero"
27460,"exact_zero"
27461,"exact_zero"
27462,"exact_zero"
27463,"exact_zero"
27464,"exact_zero"
27465,"exact_zero"
27466,"exact_zero"
27467,"exact_zero"
27468,"exact_zero"
27469,"exact_zero"
27470,"exact_zero"
27471,"exact_zero"
27472,"exact_zero"
27473,"exact_zero"
27474,"exact_zero"
27475,"exact_zero"
27476,"exact_zero"
27477,"exact_zero"
27478,"exact_zero"
27479,"exact_zero"
27480,"exact_zero"
27481,"exact_zero"
27482,"exact_zero"
27483,"exact_zero"
27484,"exact_zero"
27485,"exact_zero"
27486,"exact_zero"
27487,"exact_zero"
27488,"exact_zero"
27489,"exact_zero"
27490,"exact_zero"
27491,"exact_zero"
27492,"exact_zero"
27493,"exact_zero"
27494,"exact_zero"
27495,"exact_zero"
27496,"exact_zero"
27497,"exact_zero"
27498,"exact_zero"
27499,"exact_zero"
27500,"exact_zero"
27501,"exact_zero"
27502,"exact_zero"
27503,"exact_zero"
27504,"exact_zero"
27505,"exact_zero"
27506,"exact_zero"
27507,"exact_zero"
27508,"exact_zero"
27509,"exact_zero"
27510,"exact_zero"
27511,"exact_zero"
27512,"exact_zero"
27513,"exact_zero"
27514,"exact_zero"
27515,"exact_zero"
27516,"exact_zero"
27517,"exact_zero"
27518,"exact_zero"
27519,"exact_zero"
27520,"exact_zero"
27521,"exact_zero"
27522,"exact_zero"
27523,"exact_zero"
27524,"exact_zero"
27525,"exact_zero"
27526,"exact_zero"
27527,"exact_zero"
27528,"exact_zero"
27529,"exact_zero"
27530,"exact_zero"
27531,"exact_zero"
27532,"exact_zero"
27533,"exact_zero"
27534,"exact_zero"
27535,"exact_zero"
27536,"exact_zero"
27537,"exact_zero"
27538,"exact_zero"
27539,"exact_zero"
27540,"exact_zero"
27541,"exact_zero"
27542,"exact_zero"
27543,"exact_zero"
27544,"exact_zero"
27545,"exact_zero"
27546,"exact_zero"
27547,"exact_zero"
27548,"exact_zero"
27549,"exact_zero"
27550,"exact_zero"
27551,"exact_zero"
27552,"exact_zero"
27553,"exact_zero"
27554,"exact_zero"
27555,"exact_zero"
27556,"exact_zero"
27557,"exact_zero"
27558,"exact_zero"
27559,"exact_zero"
27560,"exact_zero"
27561,"exact_zero"
27562,"exact_zero"
27563,"exact_zero"
27564,"exact_zero"
27565,"exact_zero"
27566,"exact_zero"
27567,"exact_zero"
27568,"exact_zero"
27569,"exact_zero"
27570,"exact_zero"
27571,"exact_zero"
27572,"exact_zero"
27573,"exact_zero"
27574,"exact_zero"
27575,"exact_zero"
27576,"exact_zero"
27577,"exact_zero"
27578,"exact_zero"
27579,"exact_zero"
27580,"exact_zero"
27581,"exact_zero"
27582,"exact_zero"
27583,"exact_zero"
27584,"exact_zero"
27585,"exact_zero"
27586,"exact_zero"
27587,"exact_zero"
27588,"exact_zero"
27589,"exact_zero"
27590,"exact_zero"
27591,"exact_zero"
27592,"exact_zero"
27593,"exact_zero"
27594,"exact_zero"
27595,"exact_zero"
27596,"exact_zero"
27597,"exact_zero"
27598,"exact_zero"
27599,"exact_zero"
27600,"exact_zero"
27601,"exact_zero"
27602,"exact_zero"
27603,"exact_zero"
27604,"exact_zero"
27605,"exact_zero"
27606,"exact_zero"
27607,"exact_zero"
27608,"exact_zero"
27609,"exact_zero"
27610,"exact_zero"
27611,"exact_zero"
27612,"exact_zero"
27613,"exact_zero"
27614,"exact_zero"
27615,"exact_zero"
27616,"exact_zero"
27617,"exact_zero"
27618,"exact_zero"
27619,"exact_zero"
27620,"exact_zero"
27621,"exact_zero"
27622,"exact_zero"
27623,"exact_zero"
27624,"exact_zero"
27625,"exact_zero"
27626,"exact_zero"
27627,"exact_zero"
27628,"exact_zero"
27629,"exact_zero"
27630,"exact_zero"
27631,"exact_zero"
27632,"exact_zero"
27633,"exact_zero"
27634,"exact_zero"
27635,"exact_zero"
27636,"exact_zero"
27637,"exact_zero"
27638,"exact_zero"
27639,"exact_zero"
27640,"exact_zero"
27641,"exact_zero"
27642,"exact_zero"
27643,"exact_zero"
27644,"exact_zero"
27645,"exact_zero"
27646,"exact_zero"
27647,"exact_zero"
27648,"exact_zero"
27649,"exact_zero"
27650,"exact_zero"
27651,"exact_zero"
27652,"exact_zero"
27653,"exact_zero"
27654,"exact_zero"
27655,"exact_zero"
27656,"exact_zero"
27657,"exact_zero"
27658,"exact_zero"
27659,"exact_zero"
27660,"exact_zero"
27661,"exact_zero"
27662,"exact_zero"
27663,"exact_zero"
27664,"exact_zero"
27665,"exact_zero"
27666,"exact_zero"
27667,"exact_zero"
27668,"exact_zero"
27669,"exact_zero"
27670,"exact_zero"
27671,"exact_zero"
27672,"exact_zero"
27673,"exact_zero"
27674,"exact_zero"
27675,"exact_zero"
27676,"exact_zero"
27677,"exact_zero"
27678,"exact_zero"
27679,"exact_zero"
27680,"exact_zero"
27681,"exact_zero"
27682,"exact_zero"
27683,"exact_zero"
27684,"exact_zero"
27685,"exact_zero"
27686,"exact_zero"
27687,"exact_zero"
27688,"exact_zero"
27689,"exact_zero"
27690,"exact_zero"
27691,"exact_zero"
27692,"exact_zero"
27693,"exact_zero"
27694,"exact_zero"
27695,"exact_zero"
27696,"exact_zero"
27697,"exact_zero"
27698,"exact_zero"
27699,"exact_zero"
27700,"exact_zero"
27701,"exact_zero"
27702,"exact_zero"
27703,"exact_zero"
27704,"exact_zero"
27705,"exact_zero"
27706,"exact_zero"
27707,"exact_zero"
27708,"exact_zero"
27709,"exact_zero"
27710,"exact_zero"
27711,"exact_zero"
27712,"exact_zero"
27713,"exact_zero"
27714,"exact_zero"
27715,"exact_zero"
27716,"exact_zero"
27717,"exact_zero"
27718,"exact_zero"
27719,"exact_zero"
27720,"exact_zero"
27721,"exact_zero"
27722,"exact_zero"
27723,"exact_zero"
27724,"exact_zero"
27725,"exact_zero"
27726,"exact_zero"
27727,"exact_zero"
27728,"exact_zero"
27729,"exact_zero"
27730,"exact_zero"
27731,"exact_zero"
27732,"exact_zero"
27733,"exact_zero"
27734,"exact_zero"
27735,"exact_zero"
27736,"exact_zero"
27737,"exact_zero"
27738,"exact_zero"
27739,"exact_zero"
27740,"exact_zero"
27741,"exact_zero"
27742,"exact_zero"
27743,"exact_zero"
27744,"exact_zero"
27745,"exact_zero"
27746,"exact_zero"
27747,"exact_zero"
27748,"exact_zero"
27749,"exact_zero"
27750,"exact_zero"
27751,"exact_zero"
27752,"exact_zero"
27753,"exact_zero"
27754,"exact_zero"
27755,"exact_zero"
27756,"exact_zero"
27757,"exact_zero"
27758,"exact_zero"
27759,"exact_zero"
27760,"exact_zero"
27761,"exact_zero"
27762,"exact_zero"
27763,"exact_zero"
27764,"exact_zero"
27765,"exact_zero"
27766,"exact_zero"
27767,"exact_zero"
27768,"exact_zero"
27769,"exact_zero"
27770,"exact_zero"
27771,"exact_zero"
27772,"exact_zero"
27773,"exact_zero"
27774,"exact_zero"
27775,"exact_zero"
27776,"exact_zero"
27777,"exact_zero"
27778,"exact_zero"
27779,"exact_zero"
27780,"exact_zero"
27781,"exact_zero"
27782,"exact_zero"
27783,"exact_zero"
27784,"exact_zero"
27785,"exact_zero"
27786,"exact_zero"
27787,"exact_zero"
27788,"exact_zero"
27789,"exact_zero"
27790,"exact_zero"
27791,"exact_zero"
27792,"exact_zero"
27793,"exact_zero"
27794,"exact_zero"
27795,"exact_zero"
27796,"exact_zero"
27797,"exact_zero"
27798,"exact_zero"
27799,"exact_zero"
27800,"exact_zero"
27801,"exact_zero"
27802,"exact_zero"
27803,"exact_zero"
27804,"exact_zero"
27805,"exact_zero"
27806,"exact_zero"
27807,"exact_zero"
27808,"exact_zero"
27809,"exact_zero"
27810,"exact_zero"
27811,"exact_zero"
27812,"exact_zero"
27813,"exact_zero"
27814,"exact_zero"
27815,"exact_zero"
27816,"exact_zero"
27817,"exact_zero"
27818,"exact_zero"
27819,"exact_zero"
27820,"exact_zero"
27821,"exact_zero"
27822,"exact_zero"
27823,"exact_zero"
27824,"exact_zero"
27825,"exact_zero"
27826,"exact_zero"
27827,"exact_zero"
27828,"exact_zero"
27829,"exact_zero"
27830,"exact_zero"
27831,"exact_zero"
27832,"exact_zero"
27833,"exact_zero"
27834,"exact_zero"
27835,"exact_zero"
27836,"exact_zero"
27837,"exact_zero"
27838,"exact_zero"
27839,"exact_zero"
27840,"exact_zero"
27841,"exact_zero"
27842,"exact_zero"
27843,"exact_zero"
27844,"exact_zero"
27845,"exact_zero"
27846,"exact_zero"
27847,"exact_zero"
27848,"exact_zero"
27849,"exact_zero"
27850,"exact_zero"
27851,"exact_zero"
27852,"exact_zero"
27853,"exact_zero"
27854,"exact_zero"
27855,"exact_zero"
27856,"exact_zero"
27857,"exact_zero"
27858,"exact_zero"
27859,"exact_zero"
27860,"exact_zero"
27861,"exact_zero"
27862,"exact_zero"
27863,"exact_zero"
27864,"exact_zero"
27865,"exact_zero"
27866,"exact_zero"
27867,"exact_zero"
27868,"exact_zero"
27869,"exact_zero"
27870,"exact_zero"
27871,"exact_zero"
27872,"exact_zero"
27873,"exact_zero"
27874,"exact_zero"
27875,"exact_zero"
27876,"exact_zero"
27877,"exact_zero"
27878,"exact_zero"
27879,"exact_zero"
27880,"exact_zero"
27881,"exact_zero"
27882,"exact_zero"
27883,"exact_zero"
27884,"exact_zero"
27885,"exact_zero"
27886,"exact_zero"
27887,"exact_zero"
27888,"exact_zero"
27889,"exact_zero"
27890,"exact_zero"
27891,"exact_zero"
27892,"exact_zero"
27893,"exact_zero"
27894,"exact_zero"
27895,"exact_zero"
27896,"exact_zero"
27897,"exact_zero"
27898,"exact_zero"
27899,"exact_zero"
27900,"exact_zero"
27901,"exact_zero"
27902,"exact_zero"
27903,"exact_zero"
27904,"exact_zero"
27905,"exact_zero"
27906,"exact_zero"
27907,"exact_zero"
27908,"exact_zero"
27909,"exact_zero"
27910,"exact_zero"
27911,"exact_zero"
27912,"exact_zero"
27913,"exact_zero"
27914,"exact_zero"
27915,"exact_zero"
27916,"exact_zero"
27917,"exact_zero"
27918,"exact_zero"
27919,"exact_zero"
27920,"exact_zero"
27921,"exact_zero"
27922,"exact_zero"
27923,"exact_zero"
27924,"exact_zero"
27925,"exact_zero"
27926,"exact_zero"
27927,"exact_zero"
27928,"exact_zero"
27929,"exact_zero"
27930,"exact_zero"
27931,"exact_zero"
27932,"exact_zero"
27933,"exact_zero"
27934,"exact_zero"
27935,"exact_zero"
27936,"exact_zero"
27937,"exact_zero"
27938,"exact_zero"
27939,"exact_zero"
27940,"exact_zero"
27941,"exact_zero"
27942,"exact_zero"
27943,"exact_zero"
27944,"exact_zero"
27945,"exact_zero"
27946,"exact_zero"
27947,"exact_zero"
27948,"exact_zero"
27949,"exact_zero"
27950,"exact_zero"
27951,"exact_zero"
27952,"exact_zero"
27953,"exact_zero"
27954,"exact_zero"
27955,"exact_zero"
27956,"exact_zero"
27957,"exact_zero"
27958,"exact_zero"
27959,"exact_zero"
27960,"exact_zero"
27961,"exact_zero"
27962,"exact_zero"
27963,"exact_zero"
27964,"exact_zero"
27965,"exact_zero"
27966,"exact_zero"
27967,"exact_zero"
27968,"exact_zero"
27969,"exact_zero"
27970,"exact_zero"
27971,"exact_zero"
27972,"exact_zero"
27973,"exact_zero"
27974,"exact_zero"
27975,"exact_zero"
27976,"exact_zero"
27977,"exact_zero"
27978,"exact_zero"
27979,"exact_zero"
27980,"exact_zero"
27981,"exact_zero"
27982,"exact_zero"
27983,"exact_zero"
27984,"exact_zero"
27985,"exact_zero"
27986,"exact_zero"
27987,"exact_zero"
27988,"exact_zero"
27989,"exact_zero"
27990,"exact_zero"
27991,"exact_zero"
27992,"exact_zero"
27993,"exact_zero"
27994,"exact_zero"
27995,"exact_zero"
27996,"exact_zero"
27997,"exact_zero"
27998,"exact_zero"
27999,"exact_zero"
28000,"exact_zero"
28001,"exact_zero"
28002,"exact_zero"
28003,"exact_zero"
28004,"exact_zero"
28005,"exact_zero"
28006,"exact_zero"
28007,"exact_zero"
28008,"exact_zero"
28009,"exact_zero"
28010,"exact_zero"
28011,"exact_zero"
28012,"exact_zero"
28013,"exact_zero"
28014,"exact_zero"
28015,"exact_zero"
28016,"exact_zero"
28017,"exact_zero"
28018,"exact_zero"
28019,"exact_zero"
28020,"exact_zero"
28021,"exact_zero"
28022,"exact_zero"
28023,"exact_zero"
28024,"exact_zero"
28025,"exact_zero"
28026,"exact_zero"
28027,"exact_zero"
28028,"exact_zero"
28029,"exact_zero"
28030,"exact_zero"
28031,"exact_zero"
28032,"exact_zero"
28033,"exact_zero"
28034,"exact_zero"
28035,"exact_zero"
28036,"exact_zero"
28037,"exact_zero"
28038,"exact_zero"
28039,"exact_zero"
28040,"exact_zero"
28041,"exact_zero"
28042,"exact_zero"
28043,"exact_zero"
28044,"exact_zero"
28045,"exact_zero"
28046,"exact_zero"
28047,"exact_zero"
28048,"exact_zero"
28049,"exact_zero"
28050,"exact_zero"
28051,"exact_zero"
28052,"exact_zero"
28053,"exact_zero"
28054,"exact_zero"
28055,"exact_zero"
28056,"exact_zero"
28057,"exact_zero"
28058,"exact_zero"
28059,"exact_zero"
28060,"exact_zero"
28061,"exact_zero"
28062,"exact_zero"
28063,"exact_zero"
28064,"exact_zero"
28065,"exact_zero"
28066,"exact_zero"
28067,"exact_zero"
28068,"exact_zero"
28069,"exact_zero"
28070,"exact_zero"
28071,"exact_zero"
28072,"exact_zero"
28073,"exact_zero"
28074,"exact_zero"
28075,"exact_zero"
28076,"exact_zero"
28077,"exact_zero"
28078,"exact_zero"
28079,"exact_zero"
28080,"exact_zero"
28081,"exact_zero"
28082,"exact_zero"
28083,"exact_zero"
28084,"exact_zero"
28085,"exact_zero"
28086,"exact_zero"
28087,"exact_zero"
28088,"exact_zero"
28089,"exact_zero"
28090,"exact_zero"
28091,"exact_zero"
28092,"exact_zero"
28093,"exact_zero"
28094,"exact_zero"
28095,"exact_zero"
28096,"exact_zero"
28097,"exact_zero"
28098,"exact_zero"
28099,"exact_zero"
28100,"exact_zero"
28101,"exact_zero"
28102,"exact_zero"
28103,"exact_zero"
28104,"exact_zero"
28105,"exact_zero"
28106,"exact_zero"
28107,"exact_zero"
28108,"exact_zero"
28109,"exact_zero"
28110,"exact_zero"
28111,"exact_zero"
28112,"exact_zero"
28113,"exact_zero"
28114,"exact_zero"
28115,"exact_zero"
28116,"exact_zero"
28117,"exact_zero"
28118,"exact_zero"
28119,"exact_zero"
28120,"exact_zero"
28121,"exact_zero"
28122,"exact_zero"
28123,"exact_zero"
28124,"exact_zero"
28125,"exact_zero"
28126,"exact_zero"
28127,"exact_zero"
28128,"exact_zero"
28129,"exact_zero"
28130,"exact_zero"
28131,"exact_zero"
28132,"exact_zero"
28133,"exact_zero"
28134,"exact_zero"
28135,"exact_zero"
28136,"exact_zero"
28137,"exact_zero"
28138,"exact_zero"
28139,"exact_zero"
28140,"exact_zero"
28141,"exact_zero"
28142,"exact_zero"
28143,"exact_zero"
28144,"exact_zero"
28145,"exact_zero"
28146,"exact_zero"
28147,"exact_zero"
28148,"exact_zero"
28149,"exact_zero"
28150,"exact_zero"
28151,"exact_zero"
28152,"exact_zero"
28153,"exact_zero"
28154,"exact_zero"
28155,"exact_zero"
28156,"exact_zero"
28157,"exact_zero"
28158,"exact_zero"
28159,"exact_zero"
28160,"exact_zero"
28161,"exact_zero"
28162,"exact_zero"
28163,"exact_zero"
28164,"exact_zero"
28165,"exact_zero"
28166,"exact_zero"
28167,"exact_zero"
28168,"exact_zero"
28169,"exact_zero"
28170,"exact_zero"
28171,"exact_zero"
28172,"exact_zero"
28173,"exact_zero"
28174,"exact_zero"
28175,"exact_zero"
28176,"exact_zero"
28177,"exact_zero"
28178,"exact_zero"
28179,"exact_zero"
28180,"exact_zero"
28181,"exact_zero"
28182,"exact_zero"
28183,"exact_zero"
28184,"exact_zero"
28185,"exact_zero"
28186,"exact_zero"
28187,"exact_zero"
28188,"exact_zero"
28189,"exact_zero"
28190,"exact_zero"
28191,"exact_zero"
28192,"exact_zero"
28193,"exact_zero"
28194,"exact_zero"
28195,"exact_zero"
28196,"exact_zero"
28197,"exact_zero"
28198,"exact_zero"
28199,"exact_zero"
28200,"exact_zero"
28201,"exact_zero"
28202,"exact_zero"
28203,"exact_zero"
28204,"exact_zero"
28205,"exact_zero"
28206,"exact_zero"
28207,"exact_zero"
28208,"exact_zero"
28209,"exact_zero"
28210,"exact_zero"
28211,"exact_zero"
28212,"exact_zero"
28213,"exact_zero"
28214,"exact_zero"
28215,"exact_zero"
28216,"exact_zero"
28217,"exact_zero"
28218,"exact_zero"
28219,"exact_zero"
28220,"exact_zero"
28221,"exact_zero"
28222,"exact_zero"
28223,"exact_zero"
28224,"exact_zero"
28225,"exact_zero"
28226,"exact_zero"
28227,"exact_zero"
28228,"exact_zero"
28229,"exact_zero"
28230,"exact_zero"
28231,"exact_zero"
28232,"exact_zero"
28233,"exact_zero"
28234,"exact_zero"
28235,"exact_zero"
28236,"exact_zero"
28237,"exact_zero"
28238,"exact_zero"
28239,"exact_zero"
28240,"exact_zero"
28241,"exact_zero"
28242,"exact_zero"
28243,"exact_zero"
28244,"exact_zero"
28245,"exact_zero"
28246,"exact_zero"
28247,"exact_zero"
28248,"exact_zero"
28249,"exact_zero"
28250,"exact_zero"
28251,"exact_zero"
28252,"exact_zero"
28253,"exact_zero"
28254,"exact_zero"
28255,"exact_zero"
28256,"exact_zero"
28257,"exact_zero"
28258,"exact_zero"
28259,"exact_zero"
28260,"exact_zero"
28261,"exact_zero"
28262,"exact_zero"
28263,"exact_zero"
28264,"exact_zero"
28265,"exact_zero"
28266,"exact_zero"
28267,"exact_zero"
28268,"exact_zero"
28269,"exact_zero"
28270,"exact_zero"
28271,"exact_zero"
28272,"exact_zero"
28273,"exact_zero"
28274,"exact_zero"
28275,"exact_zero"
28276,"exact_zero"
28277,"exact_zero"
28278,"exact_zero"
28279,"exact_zero"
28280,"exact_zero"
28281,"exact_zero"
28282,"exact_zero"
28283,"exact_zero"
28284,"exact_zero"
28285,"exact_zero"
28286,"exact_zero"
28287,"exact_zero"
28288,"exact_zero"
28289,"exact_zero"
28290,"exact_zero"
28291,"exact_zero"
28292,"exact_zero"
28293,"exact_zero"
28294,"exact_zero"
28295,"exact_zero"
28296,"exact_zero"
28297,"exact_zero"
28298,"exact_zero"
28299,"exact_zero"
28300,"exact_zero"
28301,"exact_zero"
28302,"exact_zero"
28303,"exact_zero"
28304,"exact_zero"
28305,"exact_zero"
28306,"exact_zero"
28307,"exact_zero"
28308,"exact_zero"
28309,"exact_zero"
28310,"exact_zero"
28311,"exact_zero"
28312,"exact_zero"
28313,"exact_zero"
28314,"exact_zero"
28315,"exact_zero"
28316,"exact_zero"
28317,"exact_zero"
28318,"exact_zero"
28319,"exact_zero"
28320,"exact_zero"
28321,"exact_zero"
28322,"exact_zero"
28323,"exact_zero"
28324,"exact_zero"
28325,"exact_zero"
28326,"exact_zero"
28327,"exact_zero"
28328,"exact_zero"
28329,"exact_zero"
28330,"exact_zero"
28331,"exact_zero"
28332,"exact_zero"
28333,"exact_zero"
28334,"exact_zero"
28335,"exact_zero"
28336,"exact_zero"
28337,"exact_zero"
28338,"exact_zero"
28339,"exact_zero"
28340,"exact_zero"
28341,"exact_zero"
28342,"exact_zero"
28343,"exact_zero"
28344,"exact_zero"
28345,"exact_zero"
28346,"exact_zero"
28347,"exact_zero"
28348,"exact_zero"
28349,"exact_zero"
28350,"exact_zero"
28351,"exact_zero"
28352,"exact_zero"
28353,"exact_zero"
28354,"exact_zero"
28355,"exact_zero"
28356,"exact_zero"
28357,"exact_zero"
28358,"exact_zero"
28359,"exact_zero"
28360,"exact_zero"
28361,"exact_zero"
28362,"exact_zero"
28363,"exact_zero"
28364,"exact_zero"
28365,"exact_zero"
28366,"exact_zero"
28367,"exact_zero"
28368,"exact_zero"
28369,"exact_zero"
28370,"exact_zero"
28371,"exact_zero"
28372,"exact_zero"
28373,"exact_zero"
28374,"exact_zero"
28375,"exact_zero"
28376,"exact_zero"
28377,"exact_zero"
28378,"exact_zero"
28379,"exact_zero"
28380,"exact_zero"
28381,"exact_zero"
28382,"exact_zero"
28383,"exact_zero"
28384,"exact_zero"
28385,"exact_zero"
28386,"exact_zero"
28387,"exact_zero"
28388,"exact_zero"
28389,"exact_zero"
28390,"exact_zero"
28391,"exact_zero"
28392,"exact_zero"
28393,"exact_zero"
28394,"exact_zero"
28395,"exact_zero"
28396,"exact_zero"
28397,"exact_zero"
28398,"exact_zero"
28399,"exact_zero"
28400,"exact_zero"
28401,"exact_zero"
28402,"exact_zero"
28403,"exact_zero"
28404,"exact_zero"
28405,"exact_zero"
28406,"exact_zero"
28407,"exact_zero"
28408,"exact_zero"
28409,"exact_zero"
28410,"exact_zero"
28411,"exact_zero"
28412,"exact_zero"
28413,"exact_zero"
28414,"exact_zero"
28415,"exact_zero"
28416,"exact_zero"
28417,"exact_zero"
28418,"exact_zero"
28419,"exact_zero"
28420,"exact_zero"
28421,"exact_zero"
28422,"exact_zero"
28423,"exact_zero"
28424,"exact_zero"
28425,"exact_zero"
28426,"exact_zero"
28427,"exact_zero"
28428,"exact_zero"
28429,"exact_zero"
28430,"exact_zero"
28431,"exact_zero"
28432,"exact_zero"
28433,"exact_zero"
28434,"exact_zero"
28435,"exact_zero"
28436,"exact_zero"
28437,"exact_zero"
28438,"exact_zero"
28439,"exact_zero"
28440,"exact_zero"
28441,"exact_zero"
28442,"exact_zero"
28443,"exact_zero"
28444,"exact_zero"
28445,"exact_zero"
28446,"exact_zero"
28447,"exact_zero"
28448,"exact_zero"
28449,"exact_zero"
28450,"exact_zero"
28451,"exact_zero"
28452,"exact_zero"
28453,"exact_zero"
28454,"exact_zero"
28455,"exact_zero"
28456,"exact_zero"
28457,"exact_zero"
28458,"exact_zero"
28459,"exact_zero"
28460,"exact_zero"
28461,"exact_zero"
28462,"exact_zero"
28463,"exact_zero"
28464,"exact_zero"
28465,"exact_zero"
28466,"exact_zero"
28467,"exact_zero"
28468,"exact_zero"
28469,"exact_zero"
28470,"exact_zero"
28471,"exact_zero"
28472,"exact_zero"
28473,"exact_zero"
28474,"exact_zero"
28475,"exact_zero"
28476,"exact_zero"
28477,"exact_zero"
28478,"exact_zero"
28479,"exact_zero"
28480,"exact_zero"
28481,"exact_zero"
28482,"exact_zero"
28483,"exact_zero"
28484,"exact_zero"
28485,"exact_zero"
28486,"exact_zero"
28487,"exact_zero"
28488,"exact_zero"
28489,"exact_zero"
28490,"exact_zero"
28491,"exact_zero"
28492,"exact_zero"
28493,"exact_zero"
28494,"exact_zero"
28495,"exact_zero"
28496,"exact_zero"
28497,"exact_zero"
28498,"exact_zero"
28499,"exact_zero"
28500,"exact_zero"
28501,"exact_zero"
28502,"exact_zero"
28503,"exact_zero"
28504,"exact_zero"
28505,"exact_zero"
28506,"exact_zero"
28507,"exact_zero"
28508,"exact_zero"
28509,"exact_zero"
28510,"exact_zero"
28511,"exact_zero"
28512,"exact_zero"
28513,"exact_zero"
28514,"exact_zero"
28515,"exact_zero"
28516,"exact_zero"
28517,"exact_zero"
28518,"exact_zero"
28519,"exact_zero"
28520,"exact_zero"
28521,"exact_zero"
28522,"exact_zero"
28523,"exact_zero"
28524,"exact_zero"
28525,"exact_zero"
28526,"exact_zero"
28527,"exact_zero"
28528,"exact_zero"
28529,"exact_zero"
28530,"exact_zero"
28531,"exact_zero"
28532,"exact_zero"
28533,"exact_zero"
28534,"exact_zero"
28535,"exact_zero"
28536,"exact_zero"
28537,"exact_zero"
28538,"exact_zero"
28539,"exact_zero"
28540,"exact_zero"
28541,"exact_zero"
28542,"exact_zero"
28543,"exact_zero"
28544,"exact_zero"
28545,"exact_zero"
28546,"exact_zero"
28547,"exact_zero"
28548,"exact_zero"
28549,"exact_zero"
28550,"exact_zero"
28551,"exact_zero"
28552,"exact_zero"
28553,"exact_zero"
28554,"exact_zero"
28555,"exact_zero"
28556,"exact_zero"
28557,"exact_zero"
28558,"exact_zero"
28559,"exact_zero"
28560,"exact_zero"
28561,"exact_zero"
28562,"exact_zero"
28563,"exact_zero"
28564,"exact_zero"
28565,"exact_zero"
28566,"exact_zero"
28567,"exact_zero"
28568,"exact_zero"
28569,"exact_zero"
28570,"exact_zero"
28571,"exact_zero"
28572,"exact_zero"
28573,"exact_zero"
28574,"exact_zero"
28575,"exact_zero"
28576,"exact_zero"
28577,"exact_zero"
28578,"exact_zero"
28579,"exact_zero"
28580,"exact_zero"
28581,"exact_zero"
28582,"exact_zero"
28583,"exact_zero"
28584,"exact_zero"
28585,"exact_zero"
28586,"exact_zero"
28587,"exact_zero"
28588,"exact_zero"
28589,"exact_zero"
28590,"exact_zero"
28591,"exact_zero"
28592,"exact_zero"
28593,"exact_zero"
28594,"exact_zero"
28595,"exact_zero"
28596,"exact_zero"
28597,"exact_zero"
28598,"exact_zero"
28599,"exact_zero"
28600,"exact_zero"
28601,"exact_zero"
28602,"exact_zero"
28603,"exact_zero"
28604,"exact_zero"
28605,"exact_zero"
28606,"exact_zero"
28607,"exact_zero"
28608,"exact_zero"
28609,"exact_zero"
28610,"exact_zero"
28611,"exact_zero"
28612,"exact_zero"
28613,"exact_zero"
28614,"exact_zero"
28615,"exact_zero"
28616,"exact_zero"
28617,"exact_zero"
28618,"exact_zero"
28619,"exact_zero"
28620,"exact_zero"
28621,"exact_zero"
28622,"exact_zero"
28623,"exact_zero"
28624,"exact_zero"
28625,"exact_zero"
28626,"exact_zero"
28627,"exact_zero"
28628,"exact_zero"
28629,"exact_zero"
28630,"exact_zero"
28631,"exact_zero"
28632,"exact_zero"
28633,"exact_zero"
28634,"exact_zero"
28635,"exact_zero"
28636,"exact_zero"
28637,"exact_zero"
28638,"exact_zero"
28639,"exact_zero"
28640,"exact_zero"
28641,"exact_zero"
28642,"exact_zero"
28643,"exact_zero"
28644,"exact_zero"
28645,"exact_zero"
28646,"exact_zero"
28647,"exact_zero"
28648,"exact_zero"
28649,"exact_zero"
28650,"exact_zero"
28651,"exact_zero"
28652,"exact_zero"
28653,"exact_zero"
28654,"exact_zero"
28655,"exact_zero"
28656,"exact_zero"
28657,"exact_zero"
28658,"exact_zero"
28659,"exact_zero"
28660,"exact_zero"
28661,"exact_zero"
28662,"exact_zero"
28663,"exact_zero"
28664,"exact_zero"
28665,"exact_zero"
28666,"exact_zero"
28667,"exact_zero"
28668,"exact_zero"
28669,"exact_zero"
28670,"exact_zero"
28671,"exact_zero"
28672,"exact_zero"
28673,"exact_zero"
28674,"exact_zero"
28675,"exact_zero"
28676,"exact_zero"
28677,"exact_zero"
28678,"exact_zero"
28679,"exact_zero"
28680,"exact_zero"
28681,"exact_zero"
28682,"exact_zero"
28683,"exact_zero"
28684,"exact_zero"
28685,"exact_zero"
28686,"exact_zero"
28687,"exact_zero"
28688,"exact_zero"
28689,"exact_zero"
28690,"exact_zero"
28691,"exact_zero"
28692,"exact_zero"
28693,"exact_zero"
28694,"exact_zero"
28695,"exact_zero"
28696,"exact_zero"
28697,"exact_zero"
28698,"exact_zero"
28699,"exact_zero"
28700,"exact_zero"
28701,"exact_zero"
28702,"exact_zero"
28703,"exact_zero"
28704,"exact_zero"
28705,"exact_zero"
28706,"exact_zero"
28707,"exact_zero"
28708,"exact_zero"
28709,"exact_zero"
28710,"exact_zero"
28711,"exact_zero"
28712,"exact_zero"
28713,"exact_zero"
28714,"exact_zero"
28715,"exact_zero"
28716,"exact_zero"
28717,"exact_zero"
28718,"exact_zero"
28719,"exact_zero"
28720,"exact_zero"
28721,"exact_zero"
28722,"exact_zero"
28723,"exact_zero"
28724,"exact_zero"
28725,"exact_zero"
28726,"exact_zero"
28727,"exact_zero"
28728,"exact_zero"
28729,"exact_zero"
28730,"exact_zero"
28731,"exact_zero"
28732,"exact_zero"
28733,"exact_zero"
28734,"exact_zero"
28735,"exact_zero"
28736,"exact_zero"
28737,"exact_zero"
28738,"exact_zero"
28739,"exact_zero"
28740,"exact_zero"
28741,"exact_zero"
28742,"exact_zero"
28743,"exact_zero"
28744,"exact_zero"
28745,"exact_zero"
28746,"exact_zero"
28747,"exact_zero"
28748,"exact_zero"
28749,"exact_zero"
28750,"exact_zero"
28751,"exact_zero"
28752,"exact_zero"
28753,"exact_zero"
28754,"exact_zero"
28755,"exact_zero"
28756,"exact_zero"
28757,"exact_zero"
28758,"exact_zero"
28759,"exact_zero"
28760,"exact_zero"
28761,"exact_zero"
28762,"exact_zero"
28763,"exact_zero"
28764,"exact_zero"
28765,"exact_zero"
28766,"exact_zero"
28767,"exact_zero"
28768,"exact_zero"
28769,"exact_zero"
28770,"exact_zero"
28771,"exact_zero"
28772,"exact_zero"
28773,"exact_zero"
28774,"exact_zero"
28775,"exact_zero"
28776,"exact_zero"
28777,"exact_zero"
28778,"exact_zero"
28779,"exact_zero"
28780,"exact_zero"
28781,"exact_zero"
28782,"exact_zero"
28783,"exact_zero"
28784,"exact_zero"
28785,"exact_zero"
28786,"exact_zero"
28787,"exact_zero"
28788,"exact_zero"
28789,"exact_zero"
28790,"exact_zero"
28791,"exact_zero"
28792,"exact_zero"
28793,"exact_zero"
28794,"exact_zero"
28795,"exact_zero"
28796,"exact_zero"
28797,"exact_zero"
28798,"exact_zero"
28799,"exact_zero"
28800,"exact_zero"
28801,"exact_zero"
28802,"exact_zero"
28803,"exact_zero"
28804,"exact_zero"
28805,"exact_zero"
28806,"exact_zero"
28807,"exact_zero"
28808,"exact_zero"
28809,"exact_zero"
28810,"exact_zero"
28811,"exact_zero"
28812,"exact_zero"
28813,"exact_zero"
28814,"exact_zero"
28815,"exact_zero"
28816,"exact_zero"
28817,"exact_zero"
28818,"exact_zero"
28819,"exact_zero"
28820,"exact_zero"
28821,"exact_zero"
28822,"exact_zero"
28823,"exact_zero"
28824,"exact_zero"
28825,"exact_zero"
28826,"exact_zero"
28827,"exact_zero"
28828,"exact_zero"
28829,"exact_zero"
28830,"exact_zero"
28831,"exact_zero"
28832,"exact_zero"
28833,"exact_zero"
28834,"exact_zero"
28835,"exact_zero"
28836,"exact_zero"
28837,"exact_zero"
28838,"exact_zero"
28839,"exact_zero"
28840,"exact_zero"
28841,"exact_zero"
28842,"exact_zero"
28843,"exact_zero"
28844,"exact_zero"
28845,"exact_zero"
28846,"exact_zero"
28847,"exact_zero"
28848,"exact_zero"
28849,"exact_zero"
28850,"exact_zero"
28851,"exact_zero"
28852,"exact_zero"
28853,"exact_zero"
28854,"exact_zero"
28855,"exact_zero"
28856,"exact_zero"
28857,"exact_zero"
28858,"exact_zero"
28859,"exact_zero"
28860,"exact_zero"
28861,"exact_zero"
28862,"exact_zero"
28863,"exact_zero"
28864,"exact_zero"
28865,"exact_zero"
28866,"exact_zero"
28867,"exact_zero"
28868,"exact_zero"
28869,"exact_zero"
28870,"exact_zero"
28871,"exact_zero"
28872,"exact_zero"
28873,"exact_zero"
28874,"exact_zero"
28875,"exact_zero"
28876,"exact_zero"
28877,"exact_zero"
28878,"exact_zero"
28879,"exact_zero"
28880,"exact_zero"
28881,"exact_zero"
28882,"exact_zero"
28883,"exact_zero"
28884,"exact_zero"
28885,"exact_zero"
28886,"exact_zero"
28887,"exact_zero"
28888,"exact_zero"
28889,"exact_zero"
28890,"exact_zero"
28891,"exact_zero"
28892,"exact_zero"
28893,"exact_zero"
28894,"exact_zero"
28895,"exact_zero"
28896,"exact_zero"
28897,"exact_zero"
28898,"exact_zero"
28899,"exact_zero"
28900,"exact_zero"
28901,"exact_zero"
28902,"exact_zero"
28903,"exact_zero"
28904,"exact_zero"
28905,"exact_zero"
28906,"exact_zero"
28907,"exact_zero"
28908,"exact_zero"
28909,"exact_zero"
28910,"exact_zero"
28911,"exact_zero"
28912,"exact_zero"
28913,"exact_zero"
28914,"exact_zero"
28915,"exact_zero"
28916,"exact_zero"
28917,"exact_zero"
28918,"exact_zero"
28919,"exact_zero"
28920,"exact_zero"
28921,"exact_zero"
28922,"exact_zero"
28923,"exact_zero"
28924,"exact_zero"
28925,"exact_zero"
28926,"exact_zero"
28927,"exact_zero"
28928,"exact_zero"
28929,"exact_zero"
28930,"exact_zero"
28931,"exact_zero"
28932,"exact_zero"
28933,"exact_zero"
28934,"exact_zero"
28935,"exact_zero"
28936,"exact_zero"
28937,"exact_zero"
28938,"exact_zero"
28939,"exact_zero"
28940,"exact_zero"
28941,"exact_zero"
28942,"exact_zero"
28943,"exact_zero"
28944,"exact_zero"
28945,"exact_zero"
28946,"exact_zero"
28947,"exact_zero"
28948,"exact_zero"
28949,"exact_zero"
28950,"exact_zero"
28951,"exact_zero"
28952,"exact_zero"
28953,"exact_zero"
28954,"exact_zero"
28955,"exact_zero"
28956,"exact_zero"
28957,"exact_zero"
28958,"exact_zero"
28959,"exact_zero"
28960,"exact_zero"
28961,"exact_zero"
28962,"exact_zero"
28963,"exact_zero"
28964,"exact_zero"
28965,"exact_zero"
28966,"exact_zero"
28967,"exact_zero"
28968,"exact_zero"
28969,"exact_zero"
28970,"exact_zero"
28971,"exact_zero"
28972,"exact_zero"
28973,"exact_zero"
28974,"exact_zero"
28975,"exact_zero"
28976,"exact_zero"
28977,"exact_zero"
28978,"exact_zero"
28979,"exact_zero"
28980,"exact_zero"
28981,"exact_zero"
28982,"exact_zero"
28983,"exact_zero"
28984,"exact_zero"
28985,"exact_zero"
28986,"exact_zero"
28987,"exact_zero"
28988,"exact_zero"
28989,"exact_zero"
28990,"exact_zero"
28991,"exact_zero"
28992,"exact_zero"
28993,"exact_zero"
28994,"exact_zero"
28995,"exact_zero"
28996,"exact_zero"
28997,"exact_zero"
28998,"exact_zero"
28999,"exact_zero"
29000,"exact_zero"
29001,"exact_zero"
29002,"exact_zero"
29003,"exact_zero"
29004,"exact_zero"
29005,"exact_zero"
29006,"exact_zero"
29007,"exact_zero"
29008,"exact_zero"
29009,"exact_zero"
29010,"exact_zero"
29011,"exact_zero"
29012,"exact_zero"
29013,"exact_zero"
29014,"exact_zero"
29015,"exact_zero"
29016,"exact_zero"
29017,"exact_zero"
29018,"exact_zero"
29019,"exact_zero"
29020,"exact_zero"
29021,"exact_zero"
29022,"exact_zero"
29023,"exact_zero"
29024,"exact_zero"
29025,"exact_zero"
29026,"exact_zero"
29027,"exact_zero"
29028,"exact_zero"
29029,"exact_zero"
29030,"exact_zero"
29031,"exact_zero"
29032,"exact_zero"
29033,"exact_zero"
29034,"exact_zero"
29035,"exact_zero"
29036,"exact_zero"
29037,"exact_zero"
29038,"exact_zero"
29039,"exact_zero"
29040,"exact_zero"
29041,"exact_zero"
29042,"exact_zero"
29043,"exact_zero"
29044,"exact_zero"
29045,"exact_zero"
29046,"exact_zero"
29047,"exact_zero"
29048,"exact_zero"
29049,"exact_zero"
29050,"exact_zero"
29051,"exact_zero"
29052,"exact_zero"
29053,"exact_zero"
29054,"exact_zero"
29055,"exact_zero"
29056,"exact_zero"
29057,"exact_zero"
29058,"exact_zero"
29059,"exact_zero"
29060,"exact_zero"
29061,"exact_zero"
29062,"exact_zero"
29063,"exact_zero"
29064,"exact_zero"
29065,"exact_zero"
29066,"exact_zero"
29067,"exact_zero"
29068,"exact_zero"
29069,"exact_zero"
29070,"exact_zero"
29071,"exact_zero"
29072,"exact_zero"
29073,"exact_zero"
29074,"exact_zero"
29075,"exact_zero"
29076,"exact_zero"
29077,"exact_zero"
29078,"exact_zero"
29079,"exact_zero"
29080,"exact_zero"
29081,"exact_zero"
29082,"exact_zero"
29083,"exact_zero"
29084,"exact_zero"
29085,"exact_zero"
29086,"exact_zero"
29087,"exact_zero"
29088,"exact_zero"
29089,"exact_zero"
29090,"exact_zero"
29091,"exact_zero"
29092,"exact_zero"
29093,"exact_zero"
29094,"exact_zero"
29095,"exact_zero"
29096,"exact_zero"
29097,"exact_zero"
29098,"exact_zero"
29099,"exact_zero"
29100,"exact_zero"
29101,"exact_zero"
29102,"exact_zero"
29103,"exact_zero"
29104,"exact_zero"
29105,"exact_zero"
29106,"exact_zero"
29107,"exact_zero"
29108,"exact_zero"
29109,"exact_zero"
29110,"exact_zero"
29111,"exact_zero"
29112,"exact_zero"
29113,"exact_zero"
29114,"exact_zero"
29115,"exact_zero"
29116,"exact_zero"
29117,"exact_zero"
29118,"exact_zero"
29119,"exact_zero"
29120,"exact_zero"
29121,"exact_zero"
29122,"exact_zero"
29123,"exact_zero"
29124,"exact_zero"
29125,"exact_zero"
29126,"exact_zero"
29127,"exact_zero"
29128,"exact_zero"
29129,"exact_zero"
29130,"exact_zero"
29131,"exact_zero"
29132,"exact_zero"
29133,"exact_zero"
29134,"exact_zero"
29135,"exact_zero"
29136,"exact_zero"
29137,"exact_zero"
29138,"exact_zero"
29139,"exact_zero"
29140,"exact_zero"
29141,"exact_zero"
29142,"exact_zero"
29143,"exact_zero"
29144,"exact_zero"
29145,"exact_zero"
29146,"exact_zero"
29147,"exact_zero"
29148,"exact_zero"
29149,"exact_zero"
29150,"exact_zero"
29151,"exact_zero"
29152,"exact_zero"
29153,"exact_zero"
29154,"exact_zero"
29155,"exact_zero"
29156,"exact_zero"
29157,"exact_zero"
29158,"exact_zero"
29159,"exact_zero"
29160,"exact_zero"
29161,"exact_zero"
29162,"exact_zero"
29163,"exact_zero"
29164,"exact_zero"
29165,"exact_zero"
29166,"exact_zero"
29167,"exact_zero"
29168,"exact_zero"
29169,"exact_zero"
29170,"exact_zero"
29171,"exact_zero"
29172,"exact_zero"
29173,"exact_zero"
29174,"exact_zero"
29175,"exact_zero"
29176,"exact_zero"
29177,"exact_zero"
29178,"exact_zero"
29179,"exact_zero"
29180,"exact_zero"
29181,"exact_zero"
29182,"exact_zero"
29183,"exact_zero"
29184,"exact_zero"
29185,"exact_zero"
29186,"exact_zero"
29187,"exact_zero"
29188,"exact_zero"
29189,"exact_zero"
29190,"exact_zero"
29191,"exact_zero"
29192,"exact_zero"
29193,"exact_zero"
29194,"exact_zero"
29195,"exact_zero"
29196,"exact_zero"
29197,"exact_zero"
29198,"exact_zero"
29199,"exact_zero"
29200,"exact_zero"
29201,"exact_zero"
29202,"exact_zero"
29203,"exact_zero"
29204,"exact_zero"
29205,"exact_zero"
29206,"exact_zero"
29207,"exact_zero"
29208,"exact_zero"
29209,"exact_zero"
29210,"exact_zero"
29211,"exact_zero"
29212,"exact_zero"
29213,"exact_zero"
29214,"exact_zero"
29215,"exact_zero"
29216,"exact_zero"
29217,"exact_zero"
29218,"exact_zero"
29219,"exact_zero"
29220,"exact_zero"
29221,"exact_zero"
29222,"exact_zero"
29223,"exact_zero"
29224,"exact_zero"
29225,"exact_zero"
29226,"exact_zero"
29227,"exact_zero"
29228,"exact_zero"
29229,"exact_zero"
29230,"exact_zero"
29231,"exact_zero"
29232,"exact_zero"
29233,"exact_zero"
29234,"exact_zero"
29235,"exact_zero"
29236,"exact_zero"
29237,"exact_zero"
29238,"exact_zero"
29239,"exact_zero"
29240,"exact_zero"
29241,"exact_zero"
29242,"exact_zero"
29243,"exact_zero"
29244,"exact_zero"
29245,"exact_zero"
29246,"exact_zero"
29247,"exact_zero"
29248,"exact_zero"
29249,"exact_zero"
29250,"exact_zero"
29251,"exact_zero"
29252,"exact_zero"
29253,"exact_zero"
29254,"exact_zero"
29255,"exact_zero"
29256,"exact_zero"
29257,"exact_zero"
29258,"exact_zero"
29259,"exact_zero"
29260,"exact_zero"
29261,"exact_zero"
29262,"exact_zero"
29263,"exact_zero"
29264,"exact_zero"
29265,"exact_zero"
29266,"exact_zero"
29267,"exact_zero"
29268,"exact_zero"
29269,"exact_zero"
29270,"exact_zero"
29271,"exact_zero"
29272,"exact_zero"
29273,"exact_zero"
29274,"exact_zero"
29275,"exact_zero"
29276,"exact_zero"
29277,"exact_zero"
29278,"exact_zero"
29279,"exact_zero"
29280,"exact_zero"
29281,"exact_zero"
29282,"exact_zero"
29283,"exact_zero"
29284,"exact_zero"
29285,"exact_zero"
29286,"exact_zero"
29287,"exact_zero"
29288,"exact_zero"
29289,"exact_zero"
29290,"exact_zero"
29291,"exact_zero"
29292,"exact_zero"
29293,"exact_zero"
29294,"exact_zero"
29295,"exact_zero"
29296,"exact_zero"
29297,"exact_zero"
29298,"exact_zero"
29299,"exact_zero"
29300,"exact_zero"
29301,"exact_zero"
29302,"exact_zero"
29303,"exact_zero"
29304,"exact_zero"
29305,"exact_zero"
29306,"exact_zero"
29307,"exact_zero"
29308,"exact_zero"
29309,"exact_zero"
29310,"exact_zero"
29311,"exact_zero"
29312,"exact_zero"
29313,"exact_zero"
29314,"exact_zero"
29315,"exact_zero"
29316,"exact_zero"
29317,"exact_zero"
29318,"exact_zero"
29319,"exact_zero"
29320,"exact_zero"
29321,"exact_zero"
29322,"exact_zero"
29323,"exact_zero"
29324,"exact_zero"
29325,"exact_zero"
29326,"exact_zero"
29327,"exact_zero"
29328,"exact_zero"
29329,"exact_zero"
29330,"exact_zero"
29331,"exact_zero"
29332,"exact_zero"
29333,"exact_zero"
29334,"exact_zero"
29335,"exact_zero"
29336,"exact_zero"
29337,"exact_zero"
29338,"exact_zero"
29339,"exact_zero"
29340,"exact_zero"
29341,"exact_zero"
29342,"exact_zero"
29343,"exact_zero"
29344,"exact_zero"
29345,"exact_zero"
29346,"exact_zero"
29347,"exact_zero"
29348,"exact_zero"
29349,"exact_zero"
29350,"exact_zero"
29351,"exact_zero"
29352,"exact_zero"
29353,"exact_zero"
29354,"exact_zero"
29355,"exact_zero"
29356,"exact_zero"
29357,"exact_zero"
29358,"exact_zero"
29359,"exact_zero"
29360,"exact_zero"
29361,"exact_zero"
29362,"exact_zero"
29363,"exact_zero"
29364,"exact_zero"
29365,"exact_zero"
29366,"exact_zero"
29367,"exact_zero"
29368,"exact_zero"
29369,"exact_zero"
29370,"exact_zero"
29371,"exact_zero"
29372,"exact_zero"
29373,"exact_zero"
29374,"exact_zero"
29375,"exact_zero"
29376,"exact_zero"
29377,"exact_zero"
29378,"exact_zero"
29379,"exact_zero"
29380,"exact_zero"
29381,"exact_zero"
29382,"exact_zero"
29383,"exact_zero"
29384,"exact_zero"
29385,"exact_zero"
29386,"exact_zero"
29387,"exact_zero"
29388,"exact_zero"
29389,"exact_zero"
29390,"exact_zero"
29391,"exact_zero"
29392,"exact_zero"
29393,"exact_zero"
29394,"exact_zero"
29395,"exact_zero"
29396,"exact_zero"
29397,"exact_zero"
29398,"exact_zero"
29399,"exact_zero"
29400,"exact_zero"
29401,"exact_zero"
29402,"exact_zero"
29403,"exact_zero"
29404,"exact_zero"
29405,"exact_zero"
29406,"exact_zero"
29407,"exact_zero"
29408,"exact_zero"
29409,"exact_zero"
29410,"exact_zero"
29411,"exact_zero"
29412,"exact_zero"
29413,"exact_zero"
29414,"exact_zero"
29415,"exact_zero"
29416,"exact_zero"
29417,"exact_zero"
29418,"exact_zero"
29419,"exact_zero"
29420,"exact_zero"
29421,"exact_zero"
29422,"exact_zero"
29423,"exact_zero"
29424,"exact_zero"
29425,"exact_zero"
29426,"exact_zero"
29427,"exact_zero"
29428,"exact_zero"
29429,"exact_zero"
29430,"exact_zero"
29431,"exact_zero"
29432,"exact_zero"
29433,"exact_zero"
29434,"exact_zero"
29435,"exact_zero"
29436,"exact_zero"
29437,"exact_zero"
29438,"exact_zero"
29439,"exact_zero"
29440,"exact_zero"
29441,"exact_zero"
29442,"exact_zero"
29443,"exact_zero"
29444,"exact_zero"
29445,"exact_zero"
29446,"exact_zero"
29447,"exact_zero"
29448,"exact_zero"
29449,"exact_zero"
29450,"exact_zero"
29451,"exact_zero"
29452,"exact_zero"
29453,"exact_zero"
29454,"exact_zero"
29455,"exact_zero"
29456,"exact_zero"
29457,"exact_zero"
29458,"exact_zero"
29459,"exact_zero"
29460,"exact_zero"
29461,"exact_zero"
29462,"exact_zero"
29463,"exact_zero"
29464,"exact_zero"
29465,"exact_zero"
29466,"exact_zero"
29467,"exact_zero"
29468,"exact_zero"
29469,"exact_zero"
29470,"exact_zero"
29471,"exact_zero"
29472,"exact_zero"
29473,"exact_zero"
29474,"exact_zero"
29475,"exact_zero"
29476,"exact_zero"
29477,"exact_zero"
29478,"exact_zero"
29479,"exact_zero"
29480,"exact_zero"
29481,"exact_zero"
29482,"exact_zero"
29483,"exact_zero"
29484,"exact_zero"
29485,"exact_zero"
29486,"exact_zero"
29487,"exact_zero"
29488,"exact_zero"
29489,"exact_zero"
29490,"exact_zero"
29491,"exact_zero"
29492,"exact_zero"
29493,"exact_zero"
29494,"exact_zero"
29495,"exact_zero"
29496,"exact_zero"
29497,"exact_zero"
29498,"exact_zero"
29499,"exact_zero"
29500,"exact_zero"
29501,"exact_zero"
29502,"exact_zero"
29503,"exact_zero"
29504,"exact_zero"
29505,"exact_zero"
29506,"exact_zero"
29507,"exact_zero"
29508,"exact_zero"
29509,"exact_zero"
29510,"exact_zero"
29511,"exact_zero"
29512,"exact_zero"
29513,"exact_zero"
29514,"exact_zero"
29515,"exact_zero"
29516,"exact_zero"
29517,"exact_zero"
29518,"exact_zero"
29519,"exact_zero"
29520,"exact_zero"
29521,"exact_zero"
29522,"exact_zero"
29523,"exact_zero"
29524,"exact_zero"
29525,"exact_zero"
29526,"exact_zero"
29527,"exact_zero"
29528,"exact_zero"
29529,"exact_zero"
29530,"exact_zero"
29531,"exact_zero"
29532,"exact_zero"
29533,"exact_zero"
29534,"exact_zero"
29535,"exact_zero"
29536,"exact_zero"
29537,"exact_zero"
29538,"exact_zero"
29539,"exact_zero"
29540,"exact_zero"
29541,"exact_zero"
29542,"exact_zero"
29543,"exact_zero"
29544,"exact_zero"
29545,"exact_zero"
29546,"exact_zero"
29547,"exact_zero"
29548,"exact_zero"
29549,"exact_zero"
29550,"exact_zero"
29551,"exact_zero"
29552,"exact_zero"
29553,"exact_zero"
29554,"exact_zero"
29555,"exact_zero"
29556,"exact_zero"
29557,"exact_zero"
29558,"exact_zero"
29559,"exact_zero"
29560,"exact_zero"
29561,"exact_zero"
29562,"exact_zero"
29563,"exact_zero"
29564,"exact_zero"
29565,"exact_zero"
29566,"exact_zero"
29567,"exact_zero"
29568,"exact_zero"
29569,"exact_zero"
29570,"exact_zero"
29571,"exact_zero"
29572,"exact_zero"
29573,"exact_zero"
29574,"exact_zero"
29575,"exact_zero"
29576,"exact_zero"
29577,"exact_zero"
29578,"exact_zero"
29579,"exact_zero"
29580,"exact_zero"
29581,"exact_zero"
29582,"exact_zero"
29583,"exact_zero"
29584,"exact_zero"
29585,"exact_zero"
29586,"exact_zero"
29587,"exact_zero"
29588,"exact_zero"
29589,"exact_zero"
29590,"exact_zero"
29591,"exact_zero"
29592,"exact_zero"
29593,"exact_zero"
29594,"exact_zero"
29595,"exact_zero"
29596,"exact_zero"
29597,"exact_zero"
29598,"exact_zero"
29599,"exact_zero"
29600,"exact_zero"
29601,"exact_zero"
29602,"exact_zero"
29603,"exact_zero"
29604,"exact_zero"
29605,"exact_zero"
29606,"exact_zero"
29607,"exact_zero"
29608,"exact_zero"
29609,"exact_zero"
29610,"exact_zero"
29611,"exact_zero"
29612,"exact_zero"
29613,"exact_zero"
29614,"exact_zero"
29615,"exact_zero"
29616,"exact_zero"
29617,"exact_zero"
29618,"exact_zero"
29619,"exact_zero"
29620,"exact_zero"
29621,"exact_zero"
29622,"exact_zero"
29623,"exact_zero"
29624,"exact_zero"
29625,"exact_zero"
29626,"exact_zero"
29627,"exact_zero"
29628,"exact_zero"
29629,"exact_zero"
29630,"exact_zero"
29631,"exact_zero"
29632,"exact_zero"
29633,"exact_zero"
29634,"exact_zero"
29635,"exact_zero"
29636,"exact_zero"
29637,"exact_zero"
29638,"exact_zero"
29639,"exact_zero"
29640,"exact_zero"
29641,"exact_zero"
29642,"exact_zero"
29643,"exact_zero"
29644,"exact_zero"
29645,"exact_zero"
29646,"exact_zero"
29647,"exact_zero"
29648,"exact_zero"
29649,"exact_zero"
29650,"exact_zero"
29651,"exact_zero"
29652,"exact_zero"
29653,"exact_zero"
29654,"exact_zero"
29655,"exact_zero"
29656,"exact_zero"
29657,"exact_zero"
29658,"exact_zero"
29659,"exact_zero"
29660,"exact_zero"
29661,"exact_zero"
29662,"exact_zero"
29663,"exact_zero"
29664,"exact_zero"
29665,"exact_zero"
29666,"exact_zero"
29667,"exact_zero"
29668,"exact_zero"
29669,"exact_zero"
29670,"exact_zero"
29671,"exact_zero"
29672,"exact_zero"
29673,"exact_zero"
29674,"exact_zero"
29675,"exact_zero"
29676,"exact_zero"
29677,"exact_zero"
29678,"exact_zero"
29679,"exact_zero"
29680,"exact_zero"
29681,"exact_zero"
29682,"exact_zero"
29683,"exact_zero"
29684,"exact_zero"
29685,"exact_zero"
29686,"exact_zero"
29687,"exact_zero"
29688,"exact_zero"
29689,"exact_zero"
29690,"exact_zero"
29691,"exact_zero"
29692,"exact_zero"
29693,"exact_zero"
29694,"exact_zero"
29695,"exact_zero"
29696,"exact_zero"
29697,"exact_zero"
29698,"exact_zero"
29699,"exact_zero"
29700,"exact_zero"
29701,"exact_zero"
29702,"exact_zero"
29703,"exact_zero"
29704,"exact_zero"
29705,"exact_zero"
29706,"exact_zero"
29707,"exact_zero"
29708,"exact_zero"
29709,"exact_zero"
29710,"exact_zero"
29711,"exact_zero"
29712,"exact_zero"
29713,"exact_zero"
29714,"exact_zero"
29715,"exact_zero"
29716,"exact_zero"
29717,"exact_zero"
29718,"exact_zero"
29719,"exact_zero"
29720,"exact_zero"
29721,"exact_zero"
29722,"exact_zero"
29723,"exact_zero"
29724,"exact_zero"
29725,"exact_zero"
29726,"exact_zero"
29727,"exact_zero"
29728,"exact_zero"
29729,"exact_zero"
29730,"exact_zero"
29731,"exact_zero"
29732,"exact_zero"
29733,"exact_zero"
29734,"exact_zero"
29735,"exact_zero"
29736,"exact_zero"
29737,"exact_zero"
29738,"exact_zero"
29739,"exact_zero"
29740,"exact_zero"
29741,"exact_zero"
29742,"exact_zero"
29743,"exact_zero"
29744,"exact_zero"
29745,"exact_zero"
29746,"exact_zero"
29747,"exact_zero"
29748,"exact_zero"
29749,"exact_zero"
29750,"exact_zero"
29751,"exact_zero"
29752,"exact_zero"
29753,"exact_zero"
29754,"exact_zero"
29755,"exact_zero"
29756,"exact_zero"
29757,"exact_zero"
29758,"exact_zero"
29759,"exact_zero"
29760,"exact_zero"
29761,"exact_zero"
29762,"exact_zero"
29763,"exact_zero"
29764,"exact_zero"
29765,"exact_zero"
29766,"exact_zero"
29767,"exact_zero"
29768,"exact_zero"
29769,"exact_zero"
29770,"exact_zero"
29771,"exact_zero"
29772,"exact_zero"
29773,"exact_zero"
29774,"exact_zero"
29775,"exact_zero"
29776,"exact_zero"
29777,"exact_zero"
29778,"exact_zero"
29779,"exact_zero"
29780,"exact_zero"
29781,"exact_zero"
29782,"exact_zero"
29783,"exact_zero"
29784,"exact_zero"
29785,"exact_zero"
29786,"exact_zero"
29787,"exact_zero"
29788,"exact_zero"
29789,"exact_zero"
29790,"exact_zero"
29791,"exact_zero"
29792,"exact_zero"
29793,"exact_zero"
29794,"exact_zero"
29795,"exact_zero"
29796,"exact_zero"
29797,"exact_zero"
29798,"exact_zero"
29799,"exact_zero"
29800,"exact_zero"
29801,"exact_zero"
29802,"exact_zero"
29803,"exact_zero"
29804,"exact_zero"
29805,"exact_zero"
29806,"exact_zero"
29807,"exact_zero"
29808,"exact_zero"
29809,"exact_zero"
29810,"exact_zero"
29811,"exact_zero"
29812,"exact_zero"
29813,"exact_zero"
29814,"exact_zero"
29815,"exact_zero"
29816,"exact_zero"
29817,"exact_zero"
29818,"exact_zero"
29819,"exact_zero"
29820,"exact_zero"
29821,"exact_zero"
29822,"exact_zero"
29823,"exact_zero"
29824,"exact_zero"
29825,"exact_zero"
29826,"exact_zero"
29827,"exact_zero"
29828,"exact_zero"
29829,"exact_zero"
29830,"exact_zero"
29831,"exact_zero"
29832,"exact_zero"
29833,"exact_zero"
29834,"exact_zero"
29835,"exact_zero"
29836,"exact_zero"
29837,"exact_zero"
29838,"exact_zero"
29839,"exact_zero"
29840,"exact_zero"
29841,"exact_zero"
29842,"exact_zero"
29843,"exact_zero"
29844,"exact_zero"
29845,"exact_zero"
29846,"exact_zero"
29847,"exact_zero"
29848,"exact_zero"
29849,"exact_zero"
29850,"exact_zero"
29851,"exact_zero"
29852,"exact_zero"
29853,"exact_zero"
29854,"exact_zero"
29855,"exact_zero"
29856,"exact_zero"
29857,"exact_zero"
29858,"exact_zero"
29859,"exact_zero"
29860,"exact_zero"
29861,"exact_zero"
29862,"exact_zero"
29863,"exact_zero"
29864,"exact_zero"
29865,"exact_zero"
29866,"exact_zero"
29867,"exact_zero"
29868,"exact_zero"
29869,"exact_zero"
29870,"exact_zero"
29871,"exact_zero"
29872,"exact_zero"
29873,"exact_zero"
29874,"exact_zero"
29875,"exact_zero"
29876,"exact_zero"
29877,"exact_zero"
29878,"exact_zero"
29879,"exact_zero"
29880,"exact_zero"
29881,"exact_zero"
29882,"exact_zero"
29883,"exact_zero"
29884,"exact_zero"
29885,"exact_zero"
29886,"exact_zero"
29887,"exact_zero"
29888,"exact_zero"
29889,"exact_zero"
29890,"exact_zero"
29891,"exact_zero"
29892,"exact_zero"
29893,"exact_zero"
29894,"exact_zero"
29895,"exact_zero"
29896,"exact_zero"
29897,"exact_zero"
29898,"exact_zero"
29899,"exact_zero"
29900,"exact_zero"
29901,"exact_zero"
29902,"exact_zero"
29903,"exact_zero"
29904,"exact_zero"
29905,"exact_zero"
29906,"exact_zero"
29907,"exact_zero"
29908,"exact_zero"
29909,"exact_zero"
29910,"exact_zero"
29911,"exact_zero"
29912,"exact_zero"
29913,"exact_zero"
29914,"exact_zero"
29915,"exact_zero"
29916,"exact_zero"
29917,"exact_zero"
29918,"exact_zero"
29919,"exact_zero"
29920,"exact_zero"
29921,"exact_zero"
29922,"exact_zero"
29923,"exact_zero"
29924,"exact_zero"
29925,"exact_zero"
29926,"exact_zero"
29927,"exact_zero"
29928,"exact_zero"
29929,"exact_zero"
29930,"exact_zero"
29931,"exact_zero"
29932,"exact_zero"
29933,"exact_zero"
29934,"exact_zero"
29935,"exact_zero"
29936,"exact_zero"
29937,"exact_zero"
29938,"exact_zero"
29939,"exact_zero"
29940,"exact_zero"
29941,"exact_zero"
29942,"exact_zero"
29943,"exact_zero"
29944,"exact_zero"
29945,"exact_zero"
29946,"exact_zero"
29947,"exact_zero"
29948,"exact_zero"
29949,"exact_zero"
29950,"exact_zero"
29951,"exact_zero"
29952,"exact_zero"
29953,"exact_zero"
29954,"exact_zero"
29955,"exact_zero"
29956,"exact_zero"
29957,"exact_zero"
29958,"exact_zero"
29959,"exact_zero"
29960,"exact_zero"
29961,"exact_zero"
29962,"exact_zero"
29963,"exact_zero"
29964,"exact_zero"
29965,"exact_zero"
29966,"exact_zero"
29967,"exact_zero"
29968,"exact_zero"
29969,"exact_zero"
29970,"exact_zero"
29971,"exact_zero"
29972,"exact_zero"
29973,"exact_zero"
29974,"exact_zero"
29975,"exact_zero"
29976,"exact_zero"
29977,"exact_zero"
29978,"exact_zero"
29979,"exact_zero"
29980,"exact_zero"
29981,"exact_zero"
29982,"exact_zero"
29983,"exact_zero"
29984,"exact_zero"
29985,"exact_zero"
29986,"exact_zero"
29987,"exact_zero"
29988,"exact_zero"
29989,"exact_zero"
29990,"exact_zero"
29991,"exact_zero"
29992,"exact_zero"
29993,"exact_zero"
29994,"exact_zero"
29995,"exact_zero"
29996,"exact_zero"
29997,"exact_zero"
29998,"exact_zero"
29999,"exact_zero"
30000,"exact_zero"
30001,"exact_zero"
30002,"exact_zero"
30003,"exact_zero"
30004,"exact_zero"
30005,"exact_zero"
30006,"exact_zero"
30007,"exact_zero"
30008,"exact_zero"
30009,"exact_zero"
30010,"exact_zero"
30011,"exact_zero"
30012,"exact_zero"
30013,"exact_zero"
30014,"exact_zero"
30015,"exact_zero"
30016,"exact_zero"
30017,"exact_zero"
30018,"exact_zero"
30019,"exact_zero"
30020,"exact_zero"
30021,"exact_zero"
30022,"exact_zero"
30023,"exact_zero"
30024,"exact_zero"
30025,"exact_zero"
30026,"exact_zero"
30027,"exact_zero"
30028,"exact_zero"
30029,"exact_zero"
30030,"exact_zero"
30031,"exact_zero"
30032,"exact_zero"
30033,"exact_zero"
30034,"exact_zero"
30035,"exact_zero"
30036,"exact_zero"
30037,"exact_zero"
30038,"exact_zero"
30039,"exact_zero"
30040,"exact_zero"
30041,"exact_zero"
30042,"exact_zero"
30043,"exact_zero"
30044,"exact_zero"
30045,"exact_zero"
30046,"exact_zero"
30047,"exact_zero"
30048,"exact_zero"
30049,"exact_zero"
30050,"exact_zero"
30051,"exact_zero"
30052,"exact_zero"
30053,"exact_zero"
30054,"exact_zero"
30055,"exact_zero"
30056,"exact_zero"
30057,"exact_zero"
30058,"exact_zero"
30059,"exact_zero"
30060,"exact_zero"
30061,"exact_zero"
30062,"exact_zero"
30063,"exact_zero"
30064,"exact_zero"
30065,"exact_zero"
30066,"exact_zero"
30067,"exact_zero"
30068,"exact_zero"
30069,"exact_zero"
30070,"exact_zero"
30071,"exact_zero"
30072,"exact_zero"
30073,"exact_zero"
30074,"exact_zero"
30075,"exact_zero"
30076,"exact_zero"
30077,"exact_zero"
30078,"exact_zero"
30079,"exact_zero"
30080,"exact_zero"
30081,"exact_zero"
30082,"exact_zero"
30083,"exact_zero"
30084,"exact_zero"
30085,"exact_zero"
30086,"exact_zero"
30087,"exact_zero"
30088,"exact_zero"
30089,"exact_zero"
30090,"exact_zero"
30091,"exact_zero"
30092,"exact_zero"
30093,"exact_zero"
30094,"exact_zero"
30095,"exact_zero"
30096,"exact_zero"
30097,"exact_zero"
30098,"exact_zero"
30099,"exact_zero"
30100,"exact_zero"
30101,"exact_zero"
30102,"exact_zero"
30103,"exact_zero"
30104,"exact_zero"
30105,"exact_zero"
30106,"exact_zero"
30107,"exact_zero"
30108,"exact_zero"
30109,"exact_zero"
30110,"exact_zero"
30111,"exact_zero"
30112,"exact_zero"
30113,"exact_zero"
30114,"exact_zero"
30115,"exact_zero"
30116,"exact_zero"
30117,"exact_zero"
30118,"exact_zero"
30119,"exact_zero"
30120,"exact_zero"
30121,"exact_zero"
30122,"exact_zero"
30123,"exact_zero"
30124,"exact_zero"
30125,"exact_zero"
30126,"exact_zero"
30127,"exact_zero"
30128,"exact_zero"
30129,"exact_zero"
30130,"exact_zero"
30131,"exact_zero"
30132,"exact_zero"
30133,"exact_zero"
30134,"exact_zero"
30135,"exact_zero"
30136,"exact_zero"
30137,"exact_zero"
30138,"exact_zero"
30139,"exact_zero"
30140,"exact_zero"
30141,"exact_zero"
30142,"exact_zero"
30143,"exact_zero"
30144,"exact_zero"
30145,"exact_zero"
30146,"exact_zero"
30147,"exact_zero"
30148,"exact_zero"
30149,"exact_zero"
30150,"exact_zero"
30151,"exact_zero"
30152,"exact_zero"
30153,"exact_zero"
30154,"exact_zero"
30155,"exact_zero"
30156,"exact_zero"
30157,"exact_zero"
30158,"exact_zero"
30159,"exact_zero"
30160,"exact_zero"
30161,"exact_zero"
30162,"exact_zero"
30163,"exact_zero"
30164,"exact_zero"
30165,"exact_zero"
30166,"exact_zero"
30167,"exact_zero"
30168,"exact_zero"
30169,"exact_zero"
30170,"exact_zero"
30171,"exact_zero"
30172,"exact_zero"
30173,"exact_zero"
30174,"exact_zero"
30175,"exact_zero"
30176,"exact_zero"
30177,"exact_zero"
30178,"exact_zero"
30179,"exact_zero"
30180,"exact_zero"
30181,"exact_zero"
30182,"exact_zero"
30183,"exact_zero"
30184,"exact_zero"
30185,"exact_zero"
30186,"exact_zero"
30187,"exact_zero"
30188,"exact_zero"
30189,"exact_zero"
30190,"exact_zero"
30191,"exact_zero"
30192,"exact_zero"
30193,"exact_zero"
30194,"exact_zero"
30195,"exact_zero"
30196,"exact_zero"
30197,"exact_zero"
30198,"exact_zero"
30199,"exact_zero"
30200,"exact_zero"
30201,"exact_zero"
30202,"exact_zero"
30203,"exact_zero"
30204,"exact_zero"
30205,"exact_zero"
30206,"exact_zero"
30207,"exact_zero"
30208,"exact_zero"
30209,"exact_zero"
30210,"exact_zero"
30211,"exact_zero"
30212,"exact_zero"
30213,"exact_zero"
30214,"exact_zero"
30215,"exact_zero"
30216,"exact_zero"
30217,"exact_zero"
30218,"exact_zero"
30219,"exact_zero"
30220,"exact_zero"
30221,"exact_zero"
30222,"exact_zero"
30223,"exact_zero"
30224,"exact_zero"
30225,"exact_zero"
30226,"exact_zero"
30227,"exact_zero"
30228,"exact_zero"
30229,"exact_zero"
30230,"exact_zero"
30231,"exact_zero"
30232,"exact_zero"
30233,"exact_zero"
30234,"exact_zero"
30235,"exact_zero"
30236,"exact_zero"
30237,"exact_zero"
30238,"exact_zero"
30239,"exact_zero"
30240,"exact_zero"
30241,"exact_zero"
30242,"exact_zero"
30243,"exact_zero"
30244,"exact_zero"
30245,"exact_zero"
30246,"exact_zero"
30247,"exact_zero"
30248,"exact_zero"
30249,"exact_zero"
30250,"exact_zero"
30251,"exact_zero"
30252,"exact_zero"
30253,"exact_zero"
30254,"exact_zero"
30255,"exact_zero"
30256,"exact_zero"
30257,"exact_zero"
30258,"exact_zero"
30259,"exact_zero"
30260,"exact_zero"
30261,"exact_zero"
30262,"exact_zero"
30263,"exact_zero"
30264,"exact_zero"
30265,"exact_zero"
30266,"exact_zero"
30267,"exact_zero"
30268,"exact_zero"
30269,"exact_zero"
30270,"exact_zero"
30271,"exact_zero"
30272,"exact_zero"
30273,"exact_zero"
30274,"exact_zero"
30275,"exact_zero"
30276,"exact_zero"
30277,"exact_zero"
30278,"exact_zero"
30279,"exact_zero"
30280,"exact_zero"
30281,"exact_zero"
30282,"exact_zero"
30283,"exact_zero"
30284,"exact_zero"
30285,"exact_zero"
30286,"exact_zero"
30287,"exact_zero"
30288,"exact_zero"
30289,"exact_zero"
30290,"exact_zero"
30291,"exact_zero"
30292,"exact_zero"
30293,"exact_zero"
30294,"exact_zero"
30295,"exact_zero"
30296,"exact_zero"
30297,"exact_zero"
30298,"exact_zero"
30299,"exact_zero"
30300,"exact_zero"
30301,"exact_zero"
30302,"exact_zero"
30303,"exact_zero"
30304,"exact_zero"
30305,"exact_zero"
30306,"exact_zero"
30307,"exact_zero"
30308,"exact_zero"
30309,"exact_zero"
30310,"exact_zero"
30311,"exact_zero"
30312,"exact_zero"
30313,"exact_zero"
30314,"exact_zero"
30315,"exact_zero"
30316,"exact_zero"
30317,"exact_zero"
30318,"exact_zero"
30319,"exact_zero"
30320,"exact_zero"
30321,"exact_zero"
30322,"exact_zero"
30323,"exact_zero"
30324,"exact_zero"
30325,"exact_zero"
30326,"exact_zero"
30327,"exact_zero"
30328,"exact_zero"
30329,"exact_zero"
30330,"exact_zero"
30331,"exact_zero"
30332,"exact_zero"
30333,"exact_zero"
30334,"exact_zero"
30335,"exact_zero"
30336,"exact_zero"
30337,"exact_zero"
30338,"exact_zero"
30339,"exact_zero"
30340,"exact_zero"
30341,"exact_zero"
30342,"exact_zero"
30343,"exact_zero"
30344,"exact_zero"
30345,"exact_zero"
30346,"exact_zero"
30347,"exact_zero"
30348,"exact_zero"
30349,"exact_zero"
30350,"exact_zero"
30351,"exact_zero"
30352,"exact_zero"
30353,"exact_zero"
30354,"exact_zero"
30355,"exact_zero"
30356,"exact_zero"
30357,"exact_zero"
30358,"exact_zero"
30359,"exact_zero"
30360,"exact_zero"
30361,"exact_zero"
30362,"exact_zero"
30363,"exact_zero"
30364,"exact_zero"
30365,"exact_zero"
30366,"exact_zero"
30367,"exact_zero"
30368,"exact_zero"
30369,"exact_zero"
30370,"exact_zero"
30371,"exact_zero"
30372,"exact_zero"
30373,"exact_zero"
30374,"exact_zero"
30375,"exact_zero"
30376,"exact_zero"
30377,"exact_zero"
30378,"exact_zero"
30379,"exact_zero"
30380,"exact_zero"
30381,"exact_zero"
30382,"exact_zero"
30383,"exact_zero"
30384,"exact_zero"
30385,"exact_zero"
30386,"exact_zero"
30387,"exact_zero"
30388,"exact_zero"
30389,"exact_zero"
30390,"exact_zero"
30391,"exact_zero"
30392,"exact_zero"
30393,"exact_zero"
30394,"exact_zero"
30395,"exact_zero"
30396,"exact_zero"
30397,"exact_zero"
30398,"exact_zero"
30399,"exact_zero"
30400,"exact_zero"
30401,"exact_zero"
30402,"exact_zero"
30403,"exact_zero"
30404,"exact_zero"
30405,"exact_zero"
30406,"exact_zero"
30407,"exact_zero"
30408,"exact_zero"
30409,"exact_zero"
30410,"exact_zero"
30411,"exact_zero"
30412,"exact_zero"
30413,"exact_zero"
30414,"exact_zero"
30415,"exact_zero"
30416,"exact_zero"
30417,"exact_zero"
30418,"exact_zero"
30419,"exact_zero"
30420,"exact_zero"
30421,"exact_zero"
30422,"exact_zero"
30423,"exact_zero"
30424,"exact_zero"
30425,"exact_zero"
30426,"exact_zero"
30427,"exact_zero"
30428,"exact_zero"
30429,"exact_zero"
30430,"exact_zero"
30431,"exact_zero"
30432,"exact_zero"
30433,"exact_zero"
30434,"exact_zero"
30435,"exact_zero"
30436,"exact_zero"
30437,"exact_zero"
30438,"exact_zero"
30439,"exact_zero"
30440,"exact_zero"
30441,"exact_zero"
30442,"exact_zero"
30443,"exact_zero"
30444,"exact_zero"
30445,"exact_zero"
30446,"exact_zero"
30447,"exact_zero"
30448,"exact_zero"
30449,"exact_zero"
30450,"exact_zero"
30451,"exact_zero"
30452,"exact_zero"
30453,"exact_zero"
30454,"exact_zero"
30455,"exact_zero"
30456,"exact_zero"
30457,"exact_zero"
30458,"exact_zero"
30459,"exact_zero"
30460,"exact_zero"
30461,"exact_zero"
30462,"exact_zero"
30463,"exact_zero"
30464,"exact_zero"
30465,"exact_zero"
30466,"exact_zero"
30467,"exact_zero"
30468,"exact_zero"
30469,"exact_zero"
30470,"exact_zero"
30471,"exact_zero"
30472,"exact_zero"
30473,"exact_zero"
30474,"exact_zero"
30475,"exact_zero"
30476,"exact_zero"
30477,"exact_zero"
30478,"exact_zero"
30479,"exact_zero"
30480,"exact_zero"
30481,"exact_zero"
30482,"exact_zero"
30483,"exact_zero"
30484,"exact_zero"
30485,"exact_zero"
30486,"exact_zero"
30487,"exact_zero"
30488,"exact_zero"
30489,"exact_zero"
30490,"exact_zero"
30491,"exact_zero"
30492,"exact_zero"
30493,"exact_zero"
30494,"exact_zero"
30495,"exact_zero"
30496,"exact_zero"
30497,"exact_zero"
30498,"exact_zero"
30499,"exact_zero"
30500,"exact_zero"
30501,"exact_zero"
30502,"exact_zero"
30503,"exact_zero"
30504,"exact_zero"
30505,"exact_zero"
30506,"exact_zero"
30507,"exact_zero"
30508,"exact_zero"
30509,"exact_zero"
30510,"exact_zero"
30511,"exact_zero"
30512,"exact_zero"
30513,"exact_zero"
30514,"exact_zero"
30515,"exact_zero"
30516,"exact_zero"
30517,"exact_zero"
30518,"exact_zero"
30519,"exact_zero"
30520,"exact_zero"
30521,"exact_zero"
30522,"exact_zero"
30523,"exact_zero"
30524,"exact_zero"
30525,"exact_zero"
30526,"exact_zero"
30527,"exact_zero"
30528,"exact_zero"
30529,"exact_zero"
30530,"exact_zero"
30531,"exact_zero"
30532,"exact_zero"
30533,"exact_zero"
30534,"exact_zero"
30535,"exact_zero"
30536,"exact_zero"
30537,"exact_zero"
30538,"exact_zero"
30539,"exact_zero"
30540,"exact_zero"
30541,"exact_zero"
30542,"exact_zero"
30543,"exact_zero"
30544,"exact_zero"
30545,"exact_zero"
30546,"exact_zero"
30547,"exact_zero"
30548,"exact_zero"
30549,"exact_zero"
30550,"exact_zero"
30551,"exact_zero"
30552,"exact_zero"
30553,"exact_zero"
30554,"exact_zero"
30555,"exact_zero"
30556,"exact_zero"
30557,"exact_zero"
30558,"exact_zero"
30559,"exact_zero"
30560,"exact_zero"
30561,"exact_zero"
30562,"exact_zero"
30563,"exact_zero"
30564,"exact_zero"
30565,"exact_zero"
30566,"exact_zero"
30567,"exact_zero"
30568,"exact_zero"
30569,"exact_zero"
30570,"exact_zero"
30571,"exact_zero"
30572,"exact_zero"
30573,"exact_zero"
30574,"exact_zero"
30575,"exact_zero"
30576,"exact_zero"
30577,"exact_zero"
30578,"exact_zero"
30579,"exact_zero"
30580,"exact_zero"
30581,"exact_zero"
30582,"exact_zero"
30583,"exact_zero"
30584,"exact_zero"
30585,"exact_zero"
30586,"exact_zero"
30587,"exact_zero"
30588,"exact_zero"
30589,"exact_zero"
30590,"exact_zero"
30591,"exact_zero"
30592,"exact_zero"
30593,"exact_zero"
30594,"exact_zero"
30595,"exact_zero"
30596,"exact_zero"
30597,"exact_zero"
30598,"exact_zero"
30599,"exact_zero"
30600,"exact_zero"
30601,"exact_zero"
30602,"exact_zero"
30603,"exact_zero"
30604,"exact_zero"
30605,"exact_zero"
30606,"exact_zero"
30607,"exact_zero"
30608,"exact_zero"
30609,"exact_zero"
30610,"exact_zero"
30611,"exact_zero"
30612,"exact_zero"
30613,"exact_zero"
30614,"exact_zero"
30615,"exact_zero"
30616,"exact_zero"
30617,"exact_zero"
30618,"exact_zero"
30619,"exact_zero"
30620,"exact_zero"
30621,"exact_zero"
30622,"exact_zero"
30623,"exact_zero"
30624,"exact_zero"
30625,"exact_zero"
30626,"exact_zero"
30627,"exact_zero"
30628,"exact_zero"
30629,"exact_zero"
30630,"exact_zero"
30631,"exact_zero"
30632,"exact_zero"
30633,"exact_zero"
30634,"exact_zero"
30635,"exact_zero"
30636,"exact_zero"
30637,"exact_zero"
30638,"exact_zero"
30639,"exact_zero"
30640,"exact_zero"
30641,"exact_zero"
30642,"exact_zero"
30643,"exact_zero"
30644,"exact_zero"
30645,"exact_zero"
30646,"exact_zero"
30647,"exact_zero"
30648,"exact_zero"
30649,"exact_zero"
30650,"exact_zero"
30651,"exact_zero"
30652,"exact_zero"
30653,"exact_zero"
30654,"exact_zero"
30655,"exact_zero"
30656,"exact_zero"
30657,"exact_zero"
30658,"exact_zero"
30659,"exact_zero"
30660,"exact_zero"
30661,"exact_zero"
30662,"exact_zero"
30663,"exact_zero"
30664,"exact_zero"
30665,"exact_zero"
30666,"exact_zero"
30667,"exact_zero"
30668,"exact_zero"
30669,"exact_zero"
30670,"exact_zero"
30671,"exact_zero"
30672,"exact_zero"
30673,"exact_zero"
30674,"exact_zero"
30675,"exact_zero"
30676,"exact_zero"
30677,"exact_zero"
30678,"exact_zero"
30679,"exact_zero"
30680,"exact_zero"
30681,"exact_zero"
30682,"exact_zero"
30683,"exact_zero"
30684,"exact_zero"
30685,"exact_zero"
30686,"exact_zero"
30687,"exact_zero"
30688,"exact_zero"
30689,"exact_zero"
30690,"exact_zero"
30691,"exact_zero"
30692,"exact_zero"
30693,"exact_zero"
30694,"exact_zero"
30695,"exact_zero"
30696,"exact_zero"
30697,"exact_zero"
30698,"exact_zero"
30699,"exact_zero"
30700,"exact_zero"
30701,"exact_zero"
30702,"exact_zero"
30703,"exact_zero"
30704,"exact_zero"
30705,"exact_zero"
30706,"exact_zero"
30707,"exact_zero"
30708,"exact_zero"
30709,"exact_zero"
30710,"exact_zero"
30711,"exact_zero"
30712,"exact_zero"
30713,"exact_zero"
30714,"exact_zero"
30715,"exact_zero"
30716,"exact_zero"
30717,"exact_zero"
30718,"exact_zero"
30719,"exact_zero"
30720,"exact_zero"
30721,"exact_zero"
30722,"exact_zero"
30723,"exact_zero"
30724,"exact_zero"
30725,"exact_zero"
30726,"exact_zero"
30727,"exact_zero"
30728,"exact_zero"
30729,"exact_zero"
30730,"exact_zero"
30731,"exact_zero"
30732,"exact_zero"
30733,"exact_zero"
30734,"exact_zero"
30735,"exact_zero"
30736,"exact_zero"
30737,"exact_zero"
30738,"exact_zero"
30739,"exact_zero"
30740,"exact_zero"
30741,"exact_zero"
30742,"exact_zero"
30743,"exact_zero"
30744,"exact_zero"
30745,"exact_zero"
30746,"exact_zero"
30747,"exact_zero"
30748,"exact_zero"
30749,"exact_zero"
30750,"exact_zero"
30751,"exact_zero"
30752,"exact_zero"
30753,"exact_zero"
30754,"exact_zero"
30755,"exact_zero"
30756,"exact_zero"
30757,"exact_zero"
30758,"exact_zero"
30759,"exact_zero"
30760,"exact_zero"
30761,"exact_zero"
30762,"exact_zero"
30763,"exact_zero"
30764,"exact_zero"
30765,"exact_zero"
30766,"exact_zero"
30767,"exact_zero"
30768,"exact_zero"
30769,"exact_zero"
30770,"exact_zero"
30771,"exact_zero"
30772,"exact_zero"
30773,"exact_zero"
30774,"exact_zero"
30775,"exact_zero"
30776,"exact_zero"
30777,"exact_zero"
30778,"exact_zero"
30779,"exact_zero"
30780,"exact_zero"
30781,"exact_zero"
30782,"exact_zero"
30783,"exact_zero"
30784,"exact_zero"
30785,"exact_zero"
30786,"exact_zero"
30787,"exact_zero"
30788,"exact_zero"
30789,"exact_zero"
30790,"exact_zero"
30791,"exact_zero"
30792,"exact_zero"
30793,"exact_zero"
30794,"exact_zero"
30795,"exact_zero"
30796,"exact_zero"
30797,"exact_zero"
30798,"exact_zero"
30799,"exact_zero"
30800,"exact_zero"
30801,"exact_zero"
30802,"exact_zero"
30803,"exact_zero"
30804,"exact_zero"
30805,"exact_zero"
30806,"exact_zero"
30807,"exact_zero"
30808,"exact_zero"
30809,"exact_zero"
30810,"exact_zero"
30811,"exact_zero"
30812,"exact_zero"
30813,"exact_zero"
30814,"exact_zero"
30815,"exact_zero"
30816,"exact_zero"
30817,"exact_zero"
30818,"exact_zero"
30819,"exact_zero"
30820,"exact_zero"
30821,"exact_zero"
30822,"exact_zero"
30823,"exact_zero"
30824,"exact_zero"
30825,"exact_zero"
30826,"exact_zero"
30827,"exact_zero"
30828,"exact_zero"
30829,"exact_zero"
30830,"exact_zero"
30831,"exact_zero"
30832,"exact_zero"
30833,"exact_zero"
30834,"exact_zero"
30835,"exact_zero"
30836,"exact_zero"
30837,"exact_zero"
30838,"exact_zero"
30839,"exact_zero"
30840,"exact_zero"
30841,"exact_zero"
30842,"exact_zero"
30843,"exact_zero"
30844,"exact_zero"
30845,"exact_zero"
30846,"exact_zero"
30847,"exact_zero"
30848,"exact_zero"
30849,"exact_zero"
30850,"exact_zero"
30851,"exact_zero"
30852,"exact_zero"
30853,"exact_zero"
30854,"exact_zero"
30855,"exact_zero"
30856,"exact_zero"
30857,"exact_zero"
30858,"exact_zero"
30859,"exact_zero"
30860,"exact_zero"
30861,"exact_zero"
30862,"exact_zero"
30863,"exact_zero"
30864,"exact_zero"
30865,"exact_zero"
30866,"exact_zero"
30867,"exact_zero"
30868,"exact_zero"
30869,"exact_zero"
30870,"exact_zero"
30871,"exact_zero"
30872,"exact_zero"
30873,"exact_zero"
30874,"exact_zero"
30875,"exact_zero"
30876,"exact_zero"
30877,"exact_zero"
30878,"exact_zero"
30879,"exact_zero"
30880,"exact_zero"
30881,"exact_zero"
30882,"exact_zero"
30883,"exact_zero"
30884,"exact_zero"
30885,"exact_zero"
30886,"exact_zero"
30887,"exact_zero"
30888,"exact_zero"
30889,"exact_zero"
30890,"exact_zero"
30891,"exact_zero"
30892,"exact_zero"
30893,"exact_zero"
30894,"exact_zero"
30895,"exact_zero"
30896,"exact_zero"
30897,"exact_zero"
30898,"exact_zero"
30899,"exact_zero"
30900,"exact_zero"
30901,"exact_zero"
30902,"exact_zero"
30903,"exact_zero"
30904,"exact_zero"
30905,"exact_zero"
30906,"exact_zero"
30907,"exact_zero"
30908,"exact_zero"
30909,"exact_zero"
30910,"exact_zero"
30911,"exact_zero"
30912,"exact_zero"
30913,"exact_zero"
30914,"exact_zero"
30915,"exact_zero"
30916,"exact_zero"
30917,"exact_zero"
30918,"exact_zero"
30919,"exact_zero"
30920,"exact_zero"
30921,"exact_zero"
30922,"exact_zero"
30923,"exact_zero"
30924,"exact_zero"
30925,"exact_zero"
30926,"exact_zero"
30927,"exact_zero"
30928,"exact_zero"
30929,"exact_zero"
30930,"exact_zero"
30931,"exact_zero"
30932,"exact_zero"
30933,"exact_zero"
30934,"exact_zero"
30935,"exact_zero"
30936,"exact_zero"
30937,"exact_zero"
30938,"exact_zero"
30939,"exact_zero"
30940,"exact_zero"
30941,"exact_zero"
30942,"exact_zero"
30943,"exact_zero"
30944,"exact_zero"
30945,"exact_zero"
30946,"exact_zero"
30947,"exact_zero"
30948,"exact_zero"
30949,"exact_zero"
30950,"exact_zero"
30951,"exact_zero"
30952,"exact_zero"
30953,"exact_zero"
30954,"exact_zero"
30955,"exact_zero"
30956,"exact_zero"
30957,"exact_zero"
30958,"exact_zero"
30959,"exact_zero"
30960,"exact_zero"
30961,"exact_zero"
30962,"exact_zero"
30963,"exact_zero"
30964,"exact_zero"
30965,"exact_zero"
30966,"exact_zero"
30967,"exact_zero"
30968,"exact_zero"
30969,"exact_zero"
30970,"exact_zero"
30971,"exact_zero"
30972,"exact_zero"
30973,"exact_zero"
30974,"exact_zero"
30975,"exact_zero"
30976,"exact_zero"
30977,"exact_zero"
30978,"exact_zero"
30979,"exact_zero"
30980,"exact_zero"
30981,"exact_zero"
30982,"exact_zero"
30983,"exact_zero"
30984,"exact_zero"
30985,"exact_zero"
30986,"exact_zero"
30987,"exact_zero"
30988,"exact_zero"
30989,"exact_zero"
30990,"exact_zero"
30991,"exact_zero"
30992,"exact_zero"
30993,"exact_zero"
30994,"exact_zero"
30995,"exact_zero"
30996,"exact_zero"
30997,"exact_zero"
30998,"exact_zero"
30999,"exact_zero"
31000,"exact_zero"
31001,"exact_zero"
31002,"exact_zero"
31003,"exact_zero"
31004,"exact_zero"
31005,"exact_zero"
31006,"exact_zero"
31007,"exact_zero"
31008,"exact_zero"
31009,"exact_zero"
31010,"exact_zero"
31011,"exact_zero"
31012,"exact_zero"
31013,"exact_zero"
31014,"exact_zero"
31015,"exact_zero"
31016,"exact_zero"
31017,"exact_zero"
31018,"exact_zero"
31019,"exact_zero"
31020,"exact_zero"
31021,"exact_zero"
31022,"exact_zero"
31023,"exact_zero"
31024,"exact_zero"
31025,"exact_zero"
31026,"exact_zero"
31027,"exact_zero"
31028,"exact_zero"
31029,"exact_zero"
31030,"exact_zero"
31031,"exact_zero"
31032,"exact_zero"
31033,"exact_zero"
31034,"exact_zero"
31035,"exact_zero"
31036,"exact_zero"
31037,"exact_zero"
31038,"exact_zero"
31039,"exact_zero"
31040,"exact_zero"
31041,"exact_zero"
31042,"exact_zero"
31043,"exact_zero"
31044,"exact_zero"
31045,"exact_zero"
31046,"exact_zero"
31047,"exact_zero"
31048,"exact_zero"
31049,"exact_zero"
31050,"exact_zero"
31051,"exact_zero"
31052,"exact_zero"
31053,"exact_zero"
31054,"exact_zero"
31055,"exact_zero"
31056,"exact_zero"
31057,"exact_zero"
31058,"exact_zero"
31059,"exact_zero"
31060,"exact_zero"
31061,"exact_zero"
31062,"exact_zero"
31063,"exact_zero"
31064,"exact_zero"
31065,"exact_zero"
31066,"exact_zero"
31067,"exact_zero"
31068,"exact_zero"
31069,"exact_zero"
31070,"exact_zero"
31071,"exact_zero"
31072,"exact_zero"
31073,"exact_zero"
31074,"exact_zero"
31075,"exact_zero"
31076,"exact_zero"
31077,"exact_zero"
31078,"exact_zero"
31079,"exact_zero"
31080,"exact_zero"
31081,"exact_zero"
31082,"exact_zero"
31083,"exact_zero"
31084,"exact_zero"
31085,"exact_zero"
31086,"exact_zero"
31087,"exact_zero"
31088,"exact_zero"
31089,"exact_zero"
31090,"exact_zero"
31091,"exact_zero"
31092,"exact_zero"
31093,"exact_zero"
31094,"exact_zero"
31095,"exact_zero"
31096,"exact_zero"
31097,"exact_zero"
31098,"exact_zero"
31099,"exact_zero"
31100,"exact_zero"
31101,"exact_zero"
31102,"exact_zero"
31103,"exact_zero"
31104,"exact_zero"
31105,"exact_zero"
31106,"exact_zero"
31107,"exact_zero"
31108,"exact_zero"
31109,"exact_zero"
31110,"exact_zero"
31111,"exact_zero"
31112,"exact_zero"
31113,"exact_zero"
31114,"exact_zero"
31115,"exact_zero"
31116,"exact_zero"
31117,"exact_zero"
31118,"exact_zero"
31119,"exact_zero"
31120,"exact_zero"
31121,"exact_zero"
31122,"exact_zero"
31123,"exact_zero"
31124,"exact_zero"
31125,"exact_zero"
31126,"exact_zero"
31127,"exact_zero"
31128,"exact_zero"
31129,"exact_zero"
31130,"exact_zero"
31131,"exact_zero"
31132,"exact_zero"
31133,"exact_zero"
31134,"exact_zero"
31135,"exact_zero"
31136,"exact_zero"
31137,"exact_zero"
31138,"exact_zero"
31139,"exact_zero"
31140,"exact_zero"
31141,"exact_zero"
31142,"exact_zero"
31143,"exact_zero"
31144,"exact_zero"
31145,"exact_zero"
31146,"exact_zero"
31147,"exact_zero"
31148,"exact_zero"
31149,"exact_zero"
31150,"exact_zero"
31151,"exact_zero"
31152,"exact_zero"
31153,"exact_zero"
31154,"exact_zero"
31155,"exact_zero"
31156,"exact_zero"
31157,"exact_zero"
31158,"exact_zero"
31159,"exact_zero"
31160,"exact_zero"
31161,"exact_zero"
31162,"exact_zero"
31163,"exact_zero"
31164,"exact_zero"
31165,"exact_zero"
31166,"exact_zero"
31167,"exact_zero"
31168,"exact_zero"
31169,"exact_zero"
31170,"exact_zero"
31171,"exact_zero"
31172,"exact_zero"
31173,"exact_zero"
31174,"exact_zero"
31175,"exact_zero"
31176,"exact_zero"
31177,"exact_zero"
31178,"exact_zero"
31179,"exact_zero"
31180,"exact_zero"
31181,"exact_zero"
31182,"exact_zero"
31183,"exact_zero"
31184,"exact_zero"
31185,"exact_zero"
31186,"exact_zero"
31187,"exact_zero"
31188,"exact_zero"
31189,"exact_zero"
31190,"exact_zero"
31191,"exact_zero"
31192,"exact_zero"
31193,"exact_zero"
31194,"exact_zero"
31195,"exact_zero"
31196,"exact_zero"
31197,"exact_zero"
31198,"exact_zero"
31199,"exact_zero"
31200,"exact_zero"
31201,"exact_zero"
31202,"exact_zero"
31203,"exact_zero"
31204,"exact_zero"
31205,"exact_zero"
31206,"exact_zero"
31207,"exact_zero"
31208,"exact_zero"
31209,"exact_zero"
31210,"exact_zero"
31211,"exact_zero"
31212,"exact_zero"
31213,"exact_zero"
31214,"exact_zero"
31215,"exact_zero"
31216,"exact_zero"
31217,"exact_zero"
31218,"exact_zero"
31219,"exact_zero"
31220,"exact_zero"
31221,"exact_zero"
31222,"exact_zero"
31223,"exact_zero"
31224,"exact_zero"
31225,"exact_zero"
31226,"exact_zero"
31227,"exact_zero"
31228,"exact_zero"
31229,"exact_zero"
31230,"exact_zero"
31231,"exact_zero"
31232,"exact_zero"
31233,"exact_zero"
31234,"exact_zero"
31235,"exact_zero"
31236,"exact_zero"
31237,"exact_zero"
31238,"exact_zero"
31239,"exact_zero"
31240,"exact_zero"
31241,"exact_zero"
31242,"exact_zero"
31243,"exact_zero"
31244,"exact_zero"
31245,"exact_zero"
31246,"exact_zero"
31247,"exact_zero"
31248,"exact_zero"
31249,"exact_zero"
31250,"exact_zero"
31251,"exact_zero"
31252,"exact_zero"
31253,"exact_zero"
31254,"exact_zero"
31255,"exact_zero"
31256,"exact_zero"
31257,"exact_zero"
31258,"exact_zero"
31259,"exact_zero"
31260,"exact_zero"
31261,"exact_zero"
31262,"exact_zero"
31263,"exact_zero"
31264,"exact_zero"
31265,"exact_zero"
31266,"exact_zero"
31267,"exact_zero"
31268,"exact_zero"
31269,"exact_zero"
31270,"exact_zero"
31271,"exact_zero"
31272,"exact_zero"
31273,"exact_zero"
31274,"exact_zero"
31275,"exact_zero"
31276,"exact_zero"
31277,"exact_zero"
31278,"exact_zero"
31279,"exact_zero"
31280,"exact_zero"
31281,"exact_zero"
31282,"exact_zero"
31283,"exact_zero"
31284,"exact_zero"
31285,"exact_zero"
31286,"exact_zero"
31287,"exact_zero"
31288,"exact_zero"
31289,"exact_zero"
31290,"exact_zero"
31291,"exact_zero"
31292,"exact_zero"
31293,"exact_zero"
31294,"exact_zero"
31295,"exact_zero"
31296,"exact_zero"
31297,"exact_zero"
31298,"exact_zero"
31299,"exact_zero"
31300,"exact_zero"
31301,"exact_zero"
31302,"exact_zero"
31303,"exact_zero"
31304,"exact_zero"
31305,"exact_zero"
31306,"exact_zero"
31307,"exact_zero"
31308,"exact_zero"
31309,"exact_zero"
31310,"exact_zero"
31311,"exact_zero"
31312,"exact_zero"
31313,"exact_zero"
31314,"exact_zero"
31315,"exact_zero"
31316,"exact_zero"
31317,"exact_zero"
31318,"exact_zero"
31319,"exact_zero"
31320,"exact_zero"
31321,"exact_zero"
31322,"exact_zero"
31323,"exact_zero"
31324,"exact_zero"
31325,"exact_zero"
31326,"exact_zero"
31327,"exact_zero"
31328,"exact_zero"
31329,"exact_zero"
31330,"exact_zero"
31331,"exact_zero"
31332,"exact_zero"
31333,"exact_zero"
31334,"exact_zero"
31335,"exact_zero"
31336,"exact_zero"
31337,"exact_zero"
31338,"exact_zero"
31339,"exact_zero"
31340,"exact_zero"
31341,"exact_zero"
31342,"exact_zero"
31343,"exact_zero"
31344,"exact_zero"
31345,"exact_zero"
31346,"exact_zero"
31347,"exact_zero"
31348,"exact_zero"
31349,"exact_zero"
31350,"exact_zero"
31351,"exact_zero"
31352,"exact_zero"
31353,"exact_zero"
31354,"exact_zero"
31355,"exact_zero"
31356,"exact_zero"
31357,"exact_zero"
31358,"exact_zero"
31359,"exact_zero"
31360,"exact_zero"
31361,"exact_zero"
31362,"exact_zero"
31363,"exact_zero"
31364,"exact_zero"
31365,"exact_zero"
31366,"exact_zero"
31367,"exact_zero"
31368,"exact_zero"
31369,"exact_zero"
31370,"exact_zero"
31371,"exact_zero"
31372,"exact_zero"
31373,"exact_zero"
31374,"exact_zero"
31375,"exact_zero"
31376,"exact_zero"
31377,"exact_zero"
31378,"exact_zero"
31379,"exact_zero"
31380,"exact_zero"
31381,"exact_zero"
31382,"exact_zero"
31383,"exact_zero"
31384,"exact_zero"
31385,"exact_zero"
31386,"exact_zero"
31387,"exact_zero"
31388,"exact_zero"
31389,"exact_zero"
31390,"exact_zero"
31391,"exact_zero"
31392,"exact_zero"
31393,"exact_zero"
31394,"exact_zero"
31395,"exact_zero"
31396,"exact_zero"
31397,"exact_zero"
31398,"exact_zero"
31399,"exact_zero"
31400,"exact_zero"
31401,"exact_zero"
31402,"exact_zero"
31403,"exact_zero"
31404,"exact_zero"
31405,"exact_zero"
31406,"exact_zero"
31407,"exact_zero"
31408,"exact_zero"
31409,"exact_zero"
31410,"exact_zero"
31411,"exact_zero"
31412,"exact_zero"
31413,"exact_zero"
31414,"exact_zero"
31415,"exact_zero"
31416,"exact_zero"
31417,"exact_zero"
31418,"exact_zero"
31419,"exact_zero"
31420,"exact_zero"
31421,"exact_zero"
31422,"exact_zero"
31423,"exact_zero"
31424,"exact_zero"
31425,"exact_zero"
31426,"exact_zero"
31427,"exact_zero"
31428,"exact_zero"
31429,"exact_zero"
31430,"exact_zero"
31431,"exact_zero"
31432,"exact_zero"
31433,"exact_zero"
31434,"exact_zero"
31435,"exact_zero"
31436,"exact_zero"
31437,"exact_zero"
31438,"exact_zero"
31439,"exact_zero"
31440,"exact_zero"
31441,"exact_zero"
31442,"exact_zero"
31443,"exact_zero"
31444,"exact_zero"
31445,"exact_zero"
31446,"exact_zero"
31447,"exact_zero"
31448,"exact_zero"
31449,"exact_zero"
31450,"exact_zero"
31451,"exact_zero"
31452,"exact_zero"
31453,"exact_zero"
31454,"exact_zero"
31455,"exact_zero"
31456,"exact_zero"
31457,"exact_zero"
31458,"exact_zero"
31459,"exact_zero"
31460,"exact_zero"
31461,"exact_zero"
31462,"exact_zero"
31463,"exact_zero"
31464,"exact_zero"
31465,"exact_zero"
31466,"exact_zero"
31467,"exact_zero"
31468,"exact_zero"
31469,"exact_zero"
31470,"exact_zero"
31471,"exact_zero"
31472,"exact_zero"
31473,"exact_zero"
31474,"exact_zero"
31475,"exact_zero"
31476,"exact_zero"
31477,"exact_zero"
31478,"exact_zero"
31479,"exact_zero"
31480,"exact_zero"
31481,"exact_zero"
31482,"exact_zero"
31483,"exact_zero"
31484,"exact_zero"
31485,"exact_zero"
31486,"exact_zero"
31487,"exact_zero"
31488,"exact_zero"
31489,"exact_zero"
31490,"exact_zero"
31491,"exact_zero"
31492,"exact_zero"
31493,"exact_zero"
31494,"exact_zero"
31495,"exact_zero"
31496,"exact_zero"
31497,"exact_zero"
31498,"exact_zero"
31499,"exact_zero"
31500,"exact_zero"
31501,"exact_zero"
31502,"exact_zero"
31503,"exact_zero"
31504,"exact_zero"
31505,"exact_zero"
31506,"exact_zero"
31507,"exact_zero"
31508,"exact_zero"
31509,"exact_zero"
31510,"exact_zero"
31511,"exact_zero"
31512,"exact_zero"
31513,"exact_zero"
31514,"exact_zero"
31515,"exact_zero"
31516,"exact_zero"
31517,"exact_zero"
31518,"exact_zero"
31519,"exact_zero"
31520,"exact_zero"
31521,"exact_zero"
31522,"exact_zero"
31523,"exact_zero"
31524,"exact_zero"
31525,"exact_zero"
31526,"exact_zero"
31527,"exact_zero"
31528,"exact_zero"
31529,"exact_zero"
31530,"exact_zero"
31531,"exact_zero"
31532,"exact_zero"
31533,"exact_zero"
31534,"exact_zero"
31535,"exact_zero"
31536,"exact_zero"
31537,"exact_zero"
31538,"exact_zero"
31539,"exact_zero"
31540,"exact_zero"
31541,"exact_zero"
31542,"exact_zero"
31543,"exact_zero"
31544,"exact_zero"
31545,"exact_zero"
31546,"exact_zero"
31547,"exact_zero"
31548,"exact_zero"
31549,"exact_zero"
31550,"exact_zero"
31551,"exact_zero"
31552,"exact_zero"
31553,"exact_zero"
31554,"exact_zero"
31555,"exact_zero"
31556,"exact_zero"
31557,"exact_zero"
31558,"exact_zero"
31559,"exact_zero"
31560,"exact_zero"
31561,"exact_zero"
31562,"exact_zero"
31563,"exact_zero"
31564,"exact_zero"
31565,"exact_zero"
31566,"exact_zero"
31567,"exact_zero"
31568,"exact_zero"
31569,"exact_zero"
31570,"exact_zero"
31571,"exact_zero"
31572,"exact_zero"
31573,"exact_zero"
31574,"exact_zero"
31575,"exact_zero"
31576,"exact_zero"
31577,"exact_zero"
31578,"exact_zero"
31579,"exact_zero"
31580,"exact_zero"
31581,"exact_zero"
31582,"exact_zero"
31583,"exact_zero"
31584,"exact_zero"
31585,"exact_zero"
31586,"exact_zero"
31587,"exact_zero"
31588,"exact_zero"
31589,"exact_zero"
31590,"exact_zero"
31591,"exact_zero"
31592,"exact_zero"
31593,"exact_zero"
31594,"exact_zero"
31595,"exact_zero"
31596,"exact_zero"
31597,"exact_zero"
31598,"exact_zero"
31599,"exact_zero"
31600,"exact_zero"
31601,"exact_zero"
31602,"exact_zero"
31603,"exact_zero"
31604,"exact_zero"
31605,"exact_zero"
31606,"exact_zero"
31607,"exact_zero"
31608,"exact_zero"
31609,"exact_zero"
31610,"exact_zero"
31611,"exact_zero"
31612,"exact_zero"
31613,"exact_zero"
31614,"exact_zero"
31615,"exact_zero"
31616,"exact_zero"
31617,"exact_zero"
31618,"exact_zero"
31619,"exact_zero"
31620,"exact_zero"
31621,"exact_zero"
31622,"exact_zero"
31623,"exact_zero"
31624,"exact_zero"
31625,"exact_zero"
31626,"exact_zero"
31627,"exact_zero"
31628,"exact_zero"
31629,"exact_zero"
31630,"exact_zero"
31631,"exact_zero"
31632,"exact_zero"
31633,"exact_zero"
31634,"exact_zero"
31635,"exact_zero"
31636,"exact_zero"
31637,"exact_zero"
31638,"exact_zero"
31639,"exact_zero"
31640,"exact_zero"
31641,"exact_zero"
31642,"exact_zero"
31643,"exact_zero"
31644,"exact_zero"
31645,"exact_zero"
31646,"exact_zero"
31647,"exact_zero"
31648,"exact_zero"
31649,"exact_zero"
31650,"exact_zero"
31651,"exact_zero"
31652,"exact_zero"
31653,"exact_zero"
31654,"exact_zero"
31655,"exact_zero"
31656,"exact_zero"
31657,"exact_zero"
31658,"exact_zero"
31659,"exact_zero"
31660,"exact_zero"
31661,"exact_zero"
31662,"exact_zero"
31663,"exact_zero"
31664,"exact_zero"
31665,"exact_zero"
31666,"exact_zero"
31667,"exact_zero"
31668,"exact_zero"
31669,"exact_zero"
31670,"exact_zero"
31671,"exact_zero"
31672,"exact_zero"
31673,"exact_zero"
31674,"exact_zero"
31675,"exact_zero"
31676,"exact_zero"
31677,"exact_zero"
31678,"exact_zero"
31679,"exact_zero"
31680,"exact_zero"
31681,"exact_zero"
31682,"exact_zero"
31683,"exact_zero"
31684,"exact_zero"
31685,"exact_zero"
31686,"exact_zero"
31687,"exact_zero"
31688,"exact_zero"
31689,"exact_zero"
31690,"exact_zero"
31691,"exact_zero"
31692,"exact_zero"
31693,"exact_zero"
31694,"exact_zero"
31695,"exact_zero"
31696,"exact_zero"
31697,"exact_zero"
31698,"exact_zero"
31699,"exact_zero"
31700,"exact_zero"
31701,"exact_zero"
31702,"exact_zero"
31703,"exact_zero"
31704,"exact_zero"
31705,"exact_zero"
31706,"exact_zero"
31707,"exact_zero"
31708,"exact_zero"
31709,"exact_zero"
31710,"exact_zero"
31711,"exact_zero"
31712,"exact_zero"
31713,"exact_zero"
31714,"exact_zero"
31715,"exact_zero"
31716,"exact_zero"
31717,"exact_zero"
31718,"exact_zero"
31719,"exact_zero"
31720,"exact_zero"
31721,"exact_zero"
31722,"exact_zero"
31723,"exact_zero"
31724,"exact_zero"
31725,"exact_zero"
31726,"exact_zero"
31727,"exact_zero"
31728,"exact_zero"
31729,"exact_zero"
31730,"exact_zero"
31731,"exact_zero"
31732,"exact_zero"
31733,"exact_zero"
31734,"exact_zero"
31735,"exact_zero"
31736,"exact_zero"
31737,"exact_zero"
31738,"exact_zero"
31739,"exact_zero"
31740,"exact_zero"
31741,"exact_zero"
31742,"exact_zero"
31743,"exact_zero"
31744,"exact_zero"
31745,"exact_zero"
31746,"exact_zero"
31747,"exact_zero"
31748,"exact_zero"
31750,"exact_zero"
31751,"exact_zero"
31752,"exact_zero"
31753,"exact_zero"
31754,"exact_zero"
31755,"exact_zero"
31756,"exact_zero"
31757,"exact_zero"
