"dataset_name","feature_id","gene_symbol","baseMean","lfc_shrunk","regulation_direction","lfdr","pvalue","padj","empirical_p","empirical_q","HBFSS","hc_p_threshold_dataset","hbfss_threshold_dataset","resLA_padj","resGA_padj","standard_significant","HBFSS_significant","effect_class","log2FoldChange","lfcSE","stat","raw_lfc_pass","shrunk_lfc_pass","padj_strong_effect","padj_weak_effect","deseq2_strong_call","deseq2_weak_call","HBFSS_only_call","overlap_call","R4_1","R4_2","R4_3","R4_4","R4_5","ZT10_1","ZT10_2","ZT10_3","ZT10_4","ZT10_5","dispGeneEst","dispFit","dispersion","dispIter","dispOutlier","neglog10_padj","neglog10_empirical_p"
"RT4_ZT10_leading_edge_dataset","248551","Mbp",25268.3061128349,-0.0182213185503295,"downregulated",1,0.914752758653559,0.963722392414456,0.946413718774737,0.971755850380361,0.000435835226482999,0.0493569045039046,1.30665208558399,0.00136157576143625,1,FALSE,FALSE,"weak_effect",-0.0275216867027638,0.257102319104001,-0.107045657148005,FALSE,FALSE,1,0.00136157576143625,FALSE,TRUE,FALSE,FALSE,19751.5455346731,19569.3335465623,21068.9891852698,24614.9422666876,40133.5176129598,34502.31174347,21008.4709986578,24392.6206319379,28439.3675045984,19201.9621035318,0.0787866727880069,0.0832130395429415,0.0793540636344829,7,FALSE,0.0160480499202801,0.0239189730029235
"RT4_ZT10_leading_edge_dataset","8277","Apoe",8348.58093554608,-0.154719069609423,"downregulated",1,0.387358841325871,0.668703683973083,0.58730636414841,0.955258693851753,0.0357610374938347,0.0493569045039046,1.30665208558399,0.0564959940201518,1,FALSE,FALSE,"weak_effect",-0.309079398757753,0.357558201981006,-0.864417029298552,FALSE,FALSE,1,0.0564959940201518,FALSE,TRUE,FALSE,FALSE,4104.24394492922,5374.70095552037,8658.92883786537,4762.73246635361,14390.1066668388,10893.4474563868,4525.57960464668,7557.14928669161,13440.7875395205,9778.1325967079,0.200743066235456,0.0892211340810125,0.153434008333084,8,FALSE,0.174766284210337,0.23113529304507
"RT4_ZT10_leading_edge_dataset","278624","Atp1a1",6639.33276983779,-0.0920758288340045,"downregulated",1,0.597015725041621,0.84163821409879,0.739923854143982,0.964156304178775,0.0120447127626144,0.0493569045039046,1.30665208558399,0.0275612203835509,1,FALSE,FALSE,"weak_effect",-0.183861436469618,0.347763406556264,-0.528696904284181,FALSE,FALSE,1,0.0275612203835509,FALSE,TRUE,FALSE,FALSE,3377.21525413367,6511.52125888189,4421.03379625334,6644.96344921176,10130.3230382035,10710.3735180536,6142.90756632584,5146.17316362457,10006.2057087,3302.61094498966,0.174477508394735,0.0915310717901466,0.145102773171229,7,FALSE,0.0748745538516245,0.130812971386104
"RT4_ZT10_leading_edge_dataset","335788","Cst3",9158.36897964352,-0.0585375590452998,"downregulated",1,0.75013503145173,0.895789546376886,0.841517286745011,0.96834661476684,0.0043866266133201,0.0493569045039046,1.30665208558399,0.0116691402719449,1,FALSE,FALSE,"weak_effect",-0.101548221786017,0.318871447594776,-0.318461318979756,FALSE,FALSE,1,0.0116691402719449,FALSE,TRUE,FALSE,FALSE,9793.05077495629,10070.6355331028,11598.7877939495,9615.91412203679,3102.19631883378,7564.13278142989,11517.5581125679,10648.589063751,6010.87582386813,11661.9494719391,0.150127467089151,0.0884277695029213,0.122012557763801,10,FALSE,0.0477940099615745,0.0749369581660463
"RT4_ZT10_leading_edge_dataset","339719","Stmn3",3227.3540300922,-0.175748202711756,"downregulated",1,0.331921507906334,0.615360438702432,0.542396078726293,0.951732931553913,0.0466933903881603,0.0493569045039046,1.30665208558399,0.0466176734067802,1,FALSE,FALSE,"weak_effect",-0.320833805160117,0.330671011963845,-0.970250773585186,FALSE,FALSE,1,0.0466176734067802,FALSE,TRUE,FALSE,FALSE,1630.80499263963,2298.33218246094,2239.43354359635,2403.28490175667,5779.90571534193,5004.38639814891,3056.23557716399,2747.2052226868,3955.27645240252,3158.67531472431,0.165383988083561,0.103459068637434,0.131004076847465,10,FALSE,0.210870427824516,0.26568345887862
"RT4_ZT10_leading_edge_dataset","163095","Atp5me",5709.36229213502,-0.0560979349451771,"downregulated",1,0.742145240029006,0.895789546376886,0.836338901867639,0.968156866454995,0.00435419278415973,0.0493569045039046,1.30665208558399,0.0335802996296725,1,FALSE,FALSE,"weak_effect",-0.12811872664321,0.389402261345564,-0.329013822879458,FALSE,FALSE,1,0.0335802996296725,FALSE,TRUE,FALSE,FALSE,7305.73919040417,5170.11361369201,7571.34167214461,5774.32063903946,1458.16994128614,2808.59538927875,8160.10700976993,5889.34621318093,4128.36449968668,8827.52475286748,0.265971532021006,0.0933688342143788,0.181944589676619,10,FALSE,0.0477940099615745,0.0776177017641551
"RT4_ZT10_leading_edge_dataset","206283","Cpe",4623.72225135027,0.0807836134009952,"upregulated",1,0.629220041466415,0.857551967871125,0.761773688041611,0.965148572502914,0.00954652532447289,0.0493569045039046,1.30665208558399,0.0708818480617921,1,FALSE,FALSE,"weak_effect",0.214416260804078,0.444086962850357,0.482824939124208,FALSE,FALSE,1,0.0708818480617921,FALSE,TRUE,FALSE,FALSE,7830.84401160067,4390.06138425778,5897.3891955109,5550.13982622263,1164.4708815149,1713.44051266303,6628.84062684333,5992.08288250918,1798.1130201338,5271.84017224643,0.37926799932291,0.0964494586556971,0.236640604024992,10,FALSE,0.066739552129743,0.118174032115717
"RT4_ZT10_leading_edge_dataset","437093","Clstn1",4468.163232119,-0.00323133026853963,"downregulated",1,0.982093188164202,0.992068743926766,0.98875623554763,0.972932639676669,1.5868302379664e-05,0.0493569045039046,1.30665208558399,0.000482428467600677,1,FALSE,FALSE,"weak_effect",-0.00538008609187581,0.239703598627099,-0.0224447447710015,FALSE,FALSE,1,0.000482428467600677,FALSE,TRUE,FALSE,FALSE,3429.10917481943,4939.32296699894,3200.10876531128,4154.55877613766,6576.10551019054,5020.83016506506,3976.67465723708,4436.35617553842,5093.93831718097,3854.62781271063,0.0485522431393603,0.0970134944586372,0.0687725131757832,12,FALSE,0.00345823301351073,0.00491076462661787
"RT4_ZT10_leading_edge_dataset","161605","Mdh1",4256.99319981032,0.127859239115079,"upregulated",1,0.438331029049917,0.711513577187472,0.626534546111973,0.957942190880295,0.0259624549481557,0.0493569045039046,1.30665208558399,0.0592836248755058,1,FALSE,FALSE,"weak_effect",0.290649521250661,0.375024572555342,0.775014605763653,FALSE,FALSE,1,0.0592836248755058,FALSE,TRUE,FALSE,FALSE,8058.97174214005,4859.70523298692,3964.79338995394,5040.18396736454,1497.17684766201,2538.91761185386,6419.98386865115,4421.67950849152,2677.85805385082,3090.66177514837,0.212164809132965,0.0978451290473098,0.168669638509752,8,FALSE,0.147816808241201,0.203054977707074
"RT4_ZT10_leading_edge_dataset","412143","Yipf1",4485.52894654758,0.170023688293074,"upregulated",1,0.338951695264439,0.624585146329978,0.548242474633693,0.952223054637218,0.0443808278423271,0.0493569045039046,1.30665208558399,0.0154215239370876,1,FALSE,FALSE,"weak_effect",0.262257999909522,0.274259997427032,0.956238614343663,FALSE,FALSE,1,0.0154215239370876,FALSE,TRUE,FALSE,FALSE,3269.83080439779,5364.62276134163,5963.25488796962,3335.52194515339,6529.06777014906,3719.58007643357,4340.86206976314,3833.27858415696,2760.82587816885,5738.44468794181,0.0829563247256999,0.0969485888532198,0.0900998883209832,8,FALSE,0.204408348225628,0.261027320886174
"RT4_ZT10_leading_edge_dataset","179269","Lcp1",12129.9281841966,0.0642535689205864,"upregulated",1,0.711249228956146,0.890418882051969,0.816207870320786,0.967397090008354,0.00566711477915176,0.0493569045039046,1.30665208558399,0.0101122252160426,1,FALSE,FALSE,"weak_effect",0.112739731842354,0.30455475689167,0.370178857138832,FALSE,FALSE,1,0.0101122252160426,FALSE,TRUE,FALSE,FALSE,21829.3575668832,9301.16540755625,7073.33277794457,11231.7916639244,13580.1397285634,12360.2314653075,10448.0855668501,9778.66298060784,8258.15947910298,17438.3552052256,0.1374561689929,0.0864240345893604,0.111319377763314,10,FALSE,0.0504056390102432,0.0881992218386497
"RT4_ZT10_leading_edge_dataset","377785","Eno2",2716.39071962975,0.198742418528467,"upregulated",1,0.266892659344404,0.532093751091614,0.485744375662661,0.946405311063957,0.0623240760970486,0.0493569045039046,1.30665208558399,0.0239609352995782,1,FALSE,FALSE,"weak_effect",0.312131377275759,0.281136911793168,1.11024687325794,FALSE,FALSE,1,0.0239609352995782,FALSE,TRUE,FALSE,FALSE,2554.61954108514,2783.09332245819,2483.61854978476,2533.13220422979,4691.15412267431,2920.41300430858,1426.31323810641,2094.76066032942,3171.37356057012,2505.42899275078,0.0898476327665047,0.107825062436558,0.0945235541022087,8,FALSE,0.274011841399213,0.313592219308339
"RT4_ZT10_leading_edge_dataset","60635","Scd2",2642.86048954377,-0.101842911373083,"downregulated",1,0.535422278200791,0.801276199041192,0.697184407467017,0.962042385775942,0.0159539298139643,0.0493569045039046,1.30665208558399,0.0196072129192646,1,FALSE,FALSE,"weak_effect",-0.193862126171645,0.312806893532002,-0.619750172327361,FALSE,FALSE,1,0.0196072129192646,FALSE,TRUE,FALSE,FALSE,1558.87282535243,1822.13750751563,2324.57699970152,2548.11458528438,4075.07445432603,2970.84055618478,1761.11377008282,2144.12763130533,4188.44464833077,3035.301917354,0.121869727069296,0.108592303242655,0.117123040833941,7,FALSE,0.0962177572696866,0.156652334451829
"RT4_ZT10_leading_edge_dataset","338869","Atp9a",3211.60514212236,-0.00244429021939241,"downregulated",1,0.992490070583361,0.994511435289234,0.995284680545252,0.97310540963213,5.01734700215209e-06,0.0493569045039046,1.30665208558399,0.00415942714008705,1,FALSE,FALSE,"weak_effect",-0.00284757361689823,0.302533000105841,-0.00941243968724737,FALSE,FALSE,1,0.00415942714008705,FALSE,TRUE,FALSE,FALSE,3261.09618408434,3375.18723045898,1701.26264179952,3282.80615996132,4421.54756389992,4273.18689594402,3707.99460649739,2464.34582141939,3836.54663484396,1792.07768231479,0.114135903515766,0.103572887275542,0.109598499187994,7,FALSE,0.00239021881962511,0.00205268055419347
"RT4_ZT10_leading_edge_dataset","379654","Ldhb",1723.69731125893,-0.0566186617544166,"downregulated",1,0.741435900960045,0.895789546376886,0.835878639544414,0.968139891207635,0.00440814628461351,0.0493569045039046,1.30665208558399,0.0148800988903097,1,FALSE,FALSE,"weak_effect",-0.108406852465146,0.328552967827474,-0.329952437142711,FALSE,FALSE,1,0.0148800988903097,FALSE,TRUE,FALSE,FALSE,1027.08858862212,1242.64134223826,1731.78576757307,1259.62981458962,3035.65512560436,2210.04227353082,1057.92769978754,1790.55337972107,2048.44697281751,1833.20214810489,0.128580108634257,0.123706658295603,0.12903509575161,6,FALSE,0.0477940099615745,0.0778567728028232
"RT4_ZT10_leading_edge_dataset","557785","Pcsk1n",1645.66752191337,0.179501839314893,"upregulated",1,0.329771130494143,0.614573470466357,0.540598156112579,0.951580177500369,0.0479495077967826,0.0493569045039046,1.30665208558399,0.0491602153495596,1,FALSE,FALSE,"weak_effect",0.325007523329503,0.333486422985495,0.974574977955366,FALSE,FALSE,1,0.0491602153495596,FALSE,TRUE,FALSE,FALSE,1032.22660057121,1714.80473951208,1980.7902146731,1239.65330651683,3184.79917939444,1559.96535477895,881.606416489613,1292.88094258548,1570.66674312404,1999.28172148799,0.14536255112463,0.125767238752266,0.132901159709759,7,FALSE,0.211426191034968,0.267125439938622
"RT4_ZT10_leading_edge_dataset","214671","Cplx2",1755.67740064963,-0.0729221941304401,"downregulated",1,0.666409811689711,0.866109751066657,0.786649802643538,0.966213437999644,0.00759984620710111,0.0493569045039046,1.30665208558399,0.0115321696507062,1,FALSE,FALSE,"weak_effect",-0.132150974723237,0.30655750674512,-0.431080537307182,FALSE,FALSE,1,0.0115321696507062,FALSE,TRUE,FALSE,FALSE,1129.84882760382,1451.76387144705,1367.11473859433,1397.24575909104,3032.21333974766,2474.238795317,1414.76839217619,1622.43882991119,2042.72505389902,1624.416398709,0.112677461585646,0.122915057549781,0.112267902597554,7,FALSE,0.0624270718826991,0.104218561958062
"RT4_ZT10_leading_edge_dataset","340103","Nsmf",1530.9909271165,-0.110393383866507,"downregulated",1,0.535812742854781,0.801276199041192,0.697459785338155,0.962056803924282,0.0172744481364416,0.0493569045039046,1.30665208558399,0.0335802996296725,1,FALSE,FALSE,"weak_effect",-0.216741652666426,0.350059112588625,-0.619157293360141,FALSE,FALSE,1,0.0335802996296725,FALSE,TRUE,FALSE,FALSE,938.200981902948,1033.01490332053,1243.41575519625,1071.51769690421,2797.02463954022,2444.64001486792,1563.80185782086,1031.36942065901,1812.41781743002,1374.506183523,0.173984438291219,0.129176751493602,0.146488794500813,8,FALSE,0.0962177572696866,0.156480828210962
"RT4_ZT10_leading_edge_dataset","451119","Rpl32-ps3",1212.59751421186,0.0809564047132267,"upregulated",1,0.645477608755313,0.863898083715649,0.77269228624559,0.965624114614673,0.0090665849000142,0.0493569045039046,1.30665208558399,0.0484318530138285,1,FALSE,FALSE,"weak_effect",0.18459227805772,0.401240638598744,0.460053793908744,FALSE,FALSE,1,0.0484318530138285,FALSE,TRUE,FALSE,FALSE,623.240849424028,1109.60917907893,1240.20279458851,792.401486887214,2686.887492126,1994.08080136536,794.495306288854,1071.39669442326,992.752932357088,820.907605579327,0.23329402831442,0.142023908391159,0.192468182476463,10,FALSE,0.0635374893389762,0.111993423276774
"RT4_ZT10_leading_edge_dataset","41059","Clip3",1833.8761561389,0.0306447674529287,"upregulated",1,0.854436057930859,0.942651847061717,0.90829428502664,0.970605338683643,0.00128013669187929,0.0493569045039046,1.30665208558399,0.00918173654312577,1,FALSE,FALSE,"weak_effect",0.0581094827754961,0.316739678947181,0.183461330038118,FALSE,FALSE,1,0.00918173654312577,FALSE,TRUE,FALSE,FALSE,1412.43948480351,1555.56927148804,1749.45705091566,1474.9321793741,3164.14846425428,2492.87506448863,2017.19944344409,1841.25459315579,1700.84039851956,930.045610945364,0.113828420149467,0.121095702908194,0.11991018676068,9,FALSE,0.0256486771654279,0.0417734183770726
"RT4_ZT10_leading_edge_dataset","225736","Tubb2a",3762.11670068179,0.160340434543908,"upregulated",1,0.366154928536734,0.64801519726645,0.570437176123542,0.953996454322737,0.0390897438718998,0.0493569045039046,1.30665208558399,0.0196072129192646,1,FALSE,FALSE,"weak_effect",0.259613021259094,0.287278138585565,0.903699190398953,FALSE,FALSE,1,0.0196072129192646,FALSE,TRUE,FALSE,FALSE,5641.02331890058,4261.06049876995,3931.05730357264,4790.47761645471,1873.47876799392,2624.42519981785,4395.43770506964,3965.368587579,3109.86293219641,3028.97507646322,0.0978821797651607,0.100159824482304,0.0988329648496264,8,FALSE,0.188414808926373,0.243792178704589
"RT4_ZT10_leading_edge_dataset","315271","Tubb5",1791.70156263755,0.030705074323946,"upregulated",1,0.8608161306152,0.942651847061717,0.912339403412972,0.970731853836849,0.00122339971071591,0.0493569045039046,1.30665208558399,0.00652432923208998,1,FALSE,FALSE,"weak_effect",0.0531938754781327,0.303383619612176,0.175335357743216,FALSE,FALSE,1,0.00652432923208998,FALSE,TRUE,FALSE,FALSE,985.470691834531,1627.12445015707,1818.53570398211,1733.51697831629,2959.93583675708,1725.49927506821,1327.65728197543,1617.10186007596,1613.58113501267,2508.59241319617,0.0977576514247065,0.122057198889527,0.109948113876299,9,FALSE,0.0256486771654279,0.0398435678027921
"RT4_ZT10_leading_edge_dataset","467791","Klc1",2692.45349809277,0.102275181886743,"upregulated",1,0.568223495951922,0.819841524951161,0.720112977596262,0.963206497452879,0.0145843757184344,0.0493569045039046,1.30665208558399,0.038015870296607,1,FALSE,FALSE,"weak_effect",0.209247247777734,0.366669567732345,0.570669796983198,FALSE,FALSE,1,0.038015870296607,FALSE,TRUE,FALSE,FALSE,3967.05902588864,3206.37747796513,2660.33138321058,3698.98341147771,902.895156406134,1434.99272621619,3763.61977325209,3090.10553460059,1878.21988499259,2321.95060691802,0.206429056722574,0.108070231424493,0.16107857289096,7,FALSE,0.0862700884586114,0.142599362322178
"RT4_ZT10_leading_edge_dataset","214225","LOC100360522",2921.99797950454,0.0297142966549825,"upregulated",1,0.859430933889283,0.942651847061717,0.911461457850396,0.970704487823654,0.00119634783734458,0.0493569045039046,1.30665208558399,0.0285235426731799,1,FALSE,FALSE,"weak_effect",0.0707732970869528,0.39962649717495,0.177098609795059,FALSE,FALSE,1,0.0285235426731799,FALSE,TRUE,FALSE,FALSE,3290.89665338904,3341.92918966915,3584.05755793648,3803.86007885984,947.638372543159,1783.60058483861,5001.01735068215,4005.39586134326,1338.92902692541,2122.6551188583,0.27003717108159,0.105884629934773,0.191450360828358,8,FALSE,0.0256486771654279,0.0402616912402662
"RT4_ZT10_leading_edge_dataset","481841","Nptxr",1848.26975077855,0.0565156072941872,"upregulated",1,0.744537384200527,0.895789546376886,0.837890437507321,0.968213956667407,0.00434112011685962,0.0493569045039046,1.30665208558399,0.0114163684721122,1,FALSE,FALSE,"weak_effect",0.103010688446634,0.316128571806268,0.325850611534606,FALSE,FALSE,1,0.0114163684721122,FALSE,TRUE,FALSE,FALSE,1075.89970213843,2043.85777944784,1849.05882975567,1659.15997604536,2943.87416942584,1646.56919387068,1261.53680073871,1677.14277072234,2921.03960788642,1404.55867775422,0.117576018394891,0.120777601089298,0.119447839474634,8,FALSE,0.0477940099615745,0.076812765972102
"RT4_ZT10_leading_edge_dataset","309590","Mtch1",2022.96280701148,0.294278829080389,"upregulated",1,0.111699229987762,0.356857280220643,0.317942506097628,0.920371769912433,0.146448273306049,0.0493569045039046,1.30665208558399,0.0355070865852417,1,FALSE,FALSE,"weak_effect",0.419017352030017,0.263433226792796,1.59060175184202,FALSE,FALSE,1,0.0355070865852417,FALSE,TRUE,FALSE,FALSE,2126.62314572634,2320.50420965416,1837.81346762857,1975.45468719782,3313.29251804436,2089.45464947904,1742.22220401519,1071.39669442326,1650.77360798282,2102.09288596325,0.0609721454416166,0.117277709168208,0.0827934602535556,12,FALSE,0.447505438805047,0.497651406877262
"RT4_ZT10_leading_edge_dataset","469966","Atp5f1d",3109.21801990154,0.210124528686724,"upregulated",1,0.222768595838992,0.512908059165432,0.443972969769776,0.941657022906971,0.0740990429406404,0.0493569045039046,1.30665208558399,0.00946940059489918,1,FALSE,FALSE,"weak_effect",0.292547263699684,0.239950341091329,1.21919919917236,FALSE,FALSE,1,0.00946940059489918,FALSE,TRUE,FALSE,FALSE,3040.16167027368,3552.56344800475,2954.317278819,3398.22598438186,4172.5917202657,3310.67840578526,2888.31054545168,2609.77824942952,3488.94006054602,1676.61283605797,0.0423431664670548,0.104340963391066,0.0687981459745928,12,FALSE,0.289960476945987,0.352643470059201
"RT4_ZT10_leading_edge_dataset","441714","Vsnl1",2752.98219014665,0.0661011805538832,"upregulated",1,0.709980950449215,0.890418882051969,0.815377647523152,0.96736497688275,0.00585928785448322,0.0493569045039046,1.30665208558399,0.0213276544205838,1,FALSE,FALSE,"weak_effect",0.128203276623513,0.344742120147951,0.37188167366521,FALSE,FALSE,1,0.0213276544205838,FALSE,TRUE,FALSE,FALSE,3841.17773313606,2868.25406326851,2997.69224702352,3655.70097732001,1011.88504186812,1316.5976044199,3262.99327245977,3132.80129328247,2782.28307411316,2660.43659457501,0.170900978690589,0.107458526578811,0.142354076287774,10,FALSE,0.0504056390102432,0.0886411983172819
"RT4_ZT10_leading_edge_dataset","249918","Mt3",3336.36281712868,0.192118218429269,"upregulated",1,0.264804830540078,0.532093751091614,0.483837060954689,0.946205402957917,0.0605750411461997,0.0493569045039046,1.30665208558399,0.00847045454429059,1,FALSE,FALSE,"weak_effect",0.270020027784664,0.242147322000827,1.11510639702115,FALSE,FALSE,1,0.00847045454429059,FALSE,TRUE,FALSE,FALSE,3319.66952030391,3637.22027910614,4168.81638854557,2769.5208830911,4343.53375114819,3227.36332007675,1955.27708800018,2660.47946286424,3265.78522272512,4015.96225542565,0.0471914261087027,0.102700711339558,0.070095659833818,12,FALSE,0.274011841399213,0.315300868608155
"RT4_ZT10_leading_edge_dataset","261780","Rpl13",1547.86051062547,-0.0672259917107808,"downregulated",1,0.691379898479664,0.883029305753982,0.803163734270057,0.966885122414356,0.00639963943729783,0.0493569045039046,1.30665208558399,0.0110974313987755,1,FALSE,FALSE,"weak_effect",-0.122023981190626,0.30737825096603,-0.396983133345083,FALSE,FALSE,1,0.0110974313987755,FALSE,TRUE,FALSE,FALSE,1257.27152394114,1305.63005585536,1196.82782638399,1152.5335351994,2501.03105586451,1923.92072918978,1415.81792362439,1139.4430598225,2330.25147955288,1255.87791682078,0.108480038542992,0.128643499893463,0.112790817705402,8,FALSE,0.0540248829274776,0.0951959097134678
"RT4_ZT10_leading_edge_dataset","547938","Cox5b",1669.9254686952,-0.0552105726882649,"downregulated",1,0.740079255658125,0.895789546376886,0.834998124771407,0.968107365861607,0.00432378838643332,0.0493569045039046,1.30665208558399,0.0049626796609995,1,FALSE,FALSE,"weak_effect",-0.0929745335032605,0.280256168360492,-0.331748393076108,FALSE,FALSE,1,0.0049626796609995,FALSE,TRUE,FALSE,FALSE,1188.42216382339,1528.35814720545,1561.49885536273,1274.05729264219,2529.7126046703,1795.65934724379,1237.39757743006,1802.56156185035,2321.66860117515,1459.91853554859,0.073021476016665,0.125106017053835,0.0936971712955903,9,FALSE,0.0477940099615745,0.0783144998485471
"RT4_ZT10_leading_edge_dataset","465587","-",3555.18258721797,0.0653448171279148,"upregulated",1,0.709305305946711,0.890418882051969,0.814935236561769,0.967347838518356,0.0058076450097793,0.0493569045039046,1.30665208558399,0.0116691402719449,1,FALSE,FALSE,"weak_effect",0.116795200497875,0.313300882948463,0.372789247826944,FALSE,FALSE,1,0.0116691402719449,FALSE,TRUE,FALSE,FALSE,4227.55623170726,3282.97175372353,5442.75526951537,3731.16778559498,1810.37936062119,1943.65324948916,3163.28778488059,3882.64555513287,3075.5314186855,4991.8774628292,0.130283745396442,0.101318789058251,0.117592900292106,8,FALSE,0.0504056390102432,0.0888769035562626
"RT4_ZT10_leading_edge_dataset","359893","Gnas",3299.90236396655,0.0488987418222082,"upregulated",1,0.75607139949278,0.895789546376886,0.845357966033037,0.968485892232624,0.00356762044431345,0.0493569045039046,1.30665208558399,0.000392407635185998,1,FALSE,FALSE,"weak_effect",0.0674628725015853,0.217171129734456,0.310643834583698,FALSE,FALSE,1,0.000392407635185998,FALSE,TRUE,FALSE,FALSE,3532.38321499604,2735.22190010919,3608.15476249455,3081.9312732294,3930.51944834487,3683.40378921803,3772.0160248377,3342.27735931541,3095.5581349002,2217.55773222007,0.030812633177349,0.102948784593772,0.0563200040862087,10,FALSE,0.0477940099615745,0.0729593505142734
"RT4_ZT10_leading_edge_dataset","484755","Tuba1b",4820.80431395501,-0.0249190476672991,"downregulated",1,0.927350495595098,0.965792394784393,0.954347108928578,0.971984063232309,0.000505698127591404,0.0493569045039046,1.30665208558399,0.00217798140581406,1,FALSE,FALSE,"weak_effect",-0.0247855093046121,0.271834033582705,-0.0911788306193499,FALSE,FALSE,1,0.00217798140581406,FALSE,TRUE,FALSE,FALSE,3915.16510520288,5093.51933793361,6780.95336264002,5505.74758606088,2601.99010766088,3864.28522529571,3976.67465723708,6188.21652395404,5651.82541173322,4629.66582183177,0.0834261414592138,0.0957871383007832,0.0885321922421954,8,FALSE,0.0151162188116057,0.0202936377964004
"RT4_ZT10_leading_edge_dataset","436070","Camk2n1",2630.76173268061,0.0681692476792252,"upregulated",1,0.701411177318316,0.888127150082752,0.809759381240882,0.967145987887912,0.00624730334494,0.0493569045039046,1.30665208558399,0.0225518878222487,1,FALSE,FALSE,"weak_effect",0.133865086939839,0.349137775819248,0.383416221936242,FALSE,FALSE,1,0.0225518878222487,FALSE,TRUE,FALSE,FALSE,3214.85407654258,3940.07001417718,2689.24802868026,2715.14038889295,1202.33052593854,1131.33116383125,2416.02139376082,2416.31309290228,4046.82715509827,2535.48148698201,0.176639137148769,0.108722655104704,0.145998906948028,10,FALSE,0.0515248533359771,0.0916440118913602
"RT4_ZT10_leading_edge_dataset","351615","Ckmt1",922.959324533315,0.135660399375635,"upregulated",1,0.452134321442562,0.724593114494268,0.636874609069482,0.958596754476463,0.0265821214653057,0.0493569045039046,1.30665208558399,0.0512622991197695,1,FALSE,FALSE,"weak_effect",0.273442016373744,0.363686659433699,0.75186155246806,FALSE,FALSE,1,0.0512622991197695,FALSE,TRUE,FALSE,FALSE,613.992427915675,792.146062448718,970.31410353816,738.020992689072,1937.72543731888,1124.75365706479,513.220878170739,691.137593662827,1054.2635607308,794.018531793491,0.154994029961586,0.16140993628856,0.157666658752254,8,FALSE,0.139905797200947,0.195946065230882
"RT4_ZT10_leading_edge_dataset","336848","LOC120101764",2013.90654881801,0.167260394393839,"upregulated",1,0.355584854810605,0.638953843679763,0.561890840211771,0.953329398318213,0.0418733131765128,0.0493569045039046,1.30665208558399,0.0536782553411888,1,FALSE,FALSE,"weak_effect",0.319274662344293,0.345606132799724,0.923810754623703,FALSE,FALSE,1,0.0536782553411888,FALSE,TRUE,FALSE,FALSE,3661.34731491808,2364.34435433167,2377.59084972927,1910.53103596126,863.888250030265,1065.55609616665,2023.4966321333,1906.63247363741,1567.8057836648,2397.87269760744,0.163011865972846,0.117444224346929,0.142912058444722,9,FALSE,0.194530512982728,0.250348047595272
"RT4_ZT10_leading_edge_dataset","469606","Eef2",2559.91656117107,-0.0103709539490199,"downregulated",1,0.939687799267366,0.969928690177245,0.962109752629448,0.97220382265664,0.000173976724689543,0.0493569045039046,1.30665208558399,0.0144692715536053,1,FALSE,FALSE,"weak_effect",-0.0270064432538303,0.356934117579818,-0.0756622634926209,FALSE,FALSE,1,0.0144692715536053,FALSE,TRUE,FALSE,FALSE,2582.36480561019,2533.15410682551,3310.95590627839,3341.07097517361,912.073252023985,1373.60266306256,3655.51803408729,3236.87220506953,1793.82158094494,2859.73208263473,0.188530282565551,0.109510671356797,0.15260496027625,10,FALSE,0.013260194188341,0.0167753830115102
"RT4_ZT10_leading_edge_dataset","176645","Nedd8",998.913948791695,-0.0551844761123659,"downregulated",1,0.750942681369527,0.895789546376886,0.842040153128771,0.9683656482143,0.00412047022897406,0.0493569045039046,1.30665208558399,0.0225518878222487,1,FALSE,FALSE,"weak_effect",-0.112921941702097,0.35577551610417,-0.317396607103884,FALSE,FALSE,1,0.0225518878222487,FALSE,TRUE,FALSE,FALSE,616.561433890218,784.083507105728,854.647521659439,708.611133581914,1836.76638552252,1463.49525553752,690.591692916864,755.181231685638,1197.31153369291,1081.8897923242,0.1565905338498,0.155238648143331,0.150959148781237,8,FALSE,0.0477940099615745,0.0746671984451572
"RT4_ZT10_leading_edge_dataset","351588","Map1a",1498.65287395642,-0.293956283027572,"downregulated",1,0.13074948965714,0.382909219710197,0.342716646422809,0.925700219028893,0.136708720127551,0.0493569045039046,1.30665208558399,0.0779526989560426,1,FALSE,FALSE,"weak_effect",-0.468786782075646,0.310217960219651,-1.51115293822357,FALSE,FALSE,1,0.0779526989560426,FALSE,TRUE,FALSE,FALSE,585.733362195707,1300.59095876599,1135.78157483689,1226.89053747033,2038.68448911525,2009.42831715377,1329.75634487183,1590.41701089979,1929.71715525895,1839.52898899568,0.0967205265083128,0.13023252910247,0.114874473769398,9,FALSE,0.416904176558925,0.465064800519091
"RT4_ZT10_leading_edge_dataset","88697","Vamp2",8750.77537809608,0.288401120364495,"upregulated",1,0.0821570086658065,0.283772318765575,0.275081968336911,0.909092765749068,0.161659751659664,0.0493569045039046,1.30665208558399,0.0110778947956357,1,FALSE,FALSE,"weak_effect",0.377753366037027,0.217311272088425,1.73830543812434,FALSE,FALSE,1,0.0110778947956357,FALSE,TRUE,FALSE,FALSE,13401.9903679937,9052.73792105039,7701.46657675818,9835.65571083745,9456.88027224366,7903.97063103036,8955.65184750699,7423.72504081075,8298.21291153237,5477.46250119693,0.0378797736952088,0.0888087431445864,0.0565935119309469,12,FALSE,0.547029971083238,0.560537876743857
"RT4_ZT10_leading_edge_dataset","66014","Nsg2",4019.70325035267,-0.0282280173074102,"downregulated",1,0.875659680081662,0.944851023287537,0.921737361746956,0.971021621847603,0.00099906880919385,0.0493569045039046,1.30665208558399,0.00524941064867617,1,FALSE,FALSE,"weak_effect",-0.0464670344850795,0.296963940153553,-0.15647365960006,FALSE,FALSE,1,0.00524941064867617,FALSE,TRUE,FALSE,FALSE,4483.4292267717,4203.61479195115,3950.3350672191,4917.55040391771,2219.95187756781,3968.42908243133,6421.03340009935,4528.41890519621,3112.72389165565,2391.54585671665,0.110705289916506,0.0988838876626766,0.105656761648122,7,FALSE,0.024636662246888,0.0353928084397051
"RT4_ZT10_leading_edge_dataset","540549","Ptprn",853.688863882966,-0.0165369617519304,"downregulated",1,0.919957669619848,0.965663682880498,0.94969241763677,0.971850615076994,0.000370709557748679,0.0493569045039046,1.30665208558399,0.0170560375241464,1,FALSE,FALSE,"weak_effect",-0.0366170840358839,0.364396077807303,-0.100487042166374,FALSE,FALSE,1,0.0170560375241464,FALSE,TRUE,FALSE,FALSE,562.612308424824,561.85932546458,772.717026162011,704.726812567761,1614.19756678962,1377.98766757353,606.62917706071,789.87153561466,783.902891832398,762.384327339567,0.151402647893746,0.167995578647273,0.158228249839648,8,FALSE,0.0151741014322317,0.0224170293981243
"RT4_ZT10_leading_edge_dataset","497688","Smdt1",1825.71776570134,0.0994658310365914,"upregulated",1,0.571093918009419,0.821573706610042,0.722100623917818,0.963304058378341,0.0140646952668918,0.0493569045039046,1.30665208558399,0.0332505685410838,1,FALSE,FALSE,"weak_effect",0.201289103624174,0.355357477820208,0.566441164707993,FALSE,FALSE,1,0.0332505685410838,FALSE,TRUE,FALSE,FALSE,2797.13370508195,2012.61537749375,1770.34129486598,2482.08112804377,700.977052813402,1021.70605105691,2475.84468630833,2078.74975082372,1456.22836475435,1461.50024577129,0.174767734388351,0.121278232416744,0.151074372872151,9,FALSE,0.0853534682142027,0.141402279760953
"RT4_ZT10_leading_edge_dataset","377183","Atp6v1e1",876.884706548233,0.0273694236698198,"upregulated",1,0.877004146778121,0.944851023287537,0.922587730202425,0.971047558507259,0.000957719782197443,0.0493569045039046,1.30665208558399,0.0225518878222487,1,FALSE,FALSE,"weak_effect",0.058626321870621,0.378801088952638,0.154768092226765,FALSE,FALSE,1,0.0225518878222487,FALSE,TRUE,FALSE,FALSE,525.618622391411,785.595236232539,1007.2631505272,523.828433908635,1632.55375802532,1079.80736082731,459.694774312441,736.501837262318,855.426878313456,1162.55701368171,0.166591230365007,0.16567444425402,0.171111817616878,6,FALSE,0.024636662246888,0.0349923255144579
"RT4_ZT10_leading_edge_dataset","19325","Apbb1",1616.13277875774,0.0527924769265102,"upregulated",1,0.729790967898992,0.895789546376886,0.828310137742287,0.967858133438268,0.00431879538734162,0.0493569045039046,1.30665208558399,0.000482428467600677,1,FALSE,FALSE,"weak_effect",0.076653803330503,0.221925313979622,0.345403604284375,FALSE,FALSE,1,0.000482428467600677,FALSE,TRUE,FALSE,FALSE,1588.15949346222,1425.05665687339,1534.18869019692,1501.01262046913,2248.6334263736,1827.45062994835,1671.90359698566,1446.31882534846,1343.22046611427,1575.38338180541,0.0252829459224884,0.126599091213353,0.0584840427461153,10,FALSE,0.0477940099615745,0.0818070232498014
"RT4_ZT10_leading_edge_dataset","69656","Rnf187",1218.28007040799,-0.052230793330727,"downregulated",1,0.757415551408099,0.895789546376886,0.846226809335309,0.968517229927272,0.00378742300187736,0.0493569045039046,1.30665208558399,0.0092410239166241,1,FALSE,FALSE,"weak_effect",-0.0943351375810631,0.305413875195424,-0.30887639771016,FALSE,FALSE,1,0.0092410239166241,FALSE,TRUE,FALSE,FALSE,786.115828210027,1150.42586550281,1085.98068541688,1045.43725580918,1825.2937660002,1562.15785703443,765.1084257392,1175.46760621033,1662.21744581979,1124.595968337,0.0913202088973751,0.141735762673019,0.111156212962856,10,FALSE,0.0477940099615745,0.0725132198910953
"RT4_ZT10_leading_edge_dataset","77518","LOC103693430",738.245519555053,0.0383295498499071,"upregulated",1,0.826847424651236,0.928787518101388,0.890758129045309,0.970043987691843,0.00192568446478258,0.0493569045039046,1.30665208558399,0.0285235426731799,1,FALSE,FALSE,"weak_effect",0.0858607404126504,0.392512292578189,0.218746627904773,FALSE,FALSE,1,0.0285235426731799,FALSE,TRUE,FALSE,FALSE,430.565401333335,632.406684715738,751.832782211687,506.626440845957,1481.11518033077,941.679718731634,401.970544661336,849.912446261044,875.453594528153,510.892401930872,0.192009859771249,0.181717050776947,0.183578662756087,6,FALSE,0.0320836296778757,0.050240205593942
"RT4_ZT10_leading_edge_dataset","574524","Plp1",3547.98730505162,0.208240990146394,"upregulated",1,0.236386314193632,0.525614472929513,0.457213319226119,0.943250685173452,0.0707771823190691,0.0493569045039046,1.30665208558399,0.0165776238983805,1,FALSE,FALSE,"weak_effect",0.308035100650439,0.260149933228666,1.18406757529199,FALSE,FALSE,1,0.0165776238983805,FALSE,TRUE,FALSE,FALSE,4093.45411983614,3594.89186355544,4896.55196619919,4781.04426542034,2260.10604589591,2396.40496524721,2790.70412076891,3762.5637338401,4039.67475645017,2864.47721330281,0.0610088382408461,0.101361519374464,0.0809753616799092,10,FALSE,0.279332684873529,0.339881126522269
"RT4_ZT10_leading_edge_dataset","5737","Psmb1",1275.70147740213,-0.205271775951499,"downregulated",1,0.247503271472388,0.532093751091614,0.467781391919563,0.944461555836412,0.0677308713189588,0.0493569045039046,1.30665208558399,0.0210118686815289,1,FALSE,FALSE,"weak_effect",-0.313128244509964,0.27077029312354,-1.1564350021481,FALSE,FALSE,1,0.0210118686815289,FALSE,TRUE,FALSE,FALSE,905.317705428803,1011.85069554518,1055.45755964333,925.57820737246,1793.17043133772,1631.22167808227,1593.18873837052,1231.50578948029,1512.01707420957,1097.70689455116,0.0569159031199693,0.138968120906148,0.087224259502556,12,FALSE,0.274011841399213,0.329957058173268
"RT4_ZT10_leading_edge_dataset","119919","Rpl31l4",1420.48908726525,0.0570981685126142,"upregulated",1,0.739505181381221,0.895789546376886,0.834625432952281,0.968093578982238,0.00448268502340021,0.0493569045039046,1.30665208558399,0.0104994942825421,1,FALSE,FALSE,"weak_effect",0.103089890073359,0.310036682238368,0.332508686807902,FALSE,FALSE,1,0.0104994942825421,FALSE,TRUE,FALSE,FALSE,916.62133171679,1615.53452685152,1195.22134608012,1610.88341486946,2019.18103592731,1869.1081728026,1624.67468181657,1481.00912927749,1122.92658775261,749.730645557998,0.1022126808293,0.132982948249924,0.114688743867673,8,FALSE,0.0477940099615745,0.0785083854731679
"RT4_ZT10_leading_edge_dataset","283060","Prkacb",1544.38591080675,-0.159468223731299,"downregulated",1,0.364967225647453,0.64801519726645,0.5694815829479,0.953922817015533,0.038993220531266,0.0493569045039046,1.30665208558399,0.0196072129192646,1,FALSE,FALSE,"weak_effect",-0.259965342232987,0.286956236974178,-0.905940728015542,FALSE,FALSE,1,0.0196072129192646,FALSE,TRUE,FALSE,FALSE,1015.78496233413,1426.06447629127,1264.29999914658,1351.74371292525,1972.14329588582,2564.13138779196,1873.41363504043,1430.30791584276,1411.88349313609,1134.08622967317,0.0857972593470931,0.128752380212698,0.0982130501081528,9,FALSE,0.188414808926373,0.244520316454825
"RT4_ZT10_leading_edge_dataset","567477","Syn1",1134.50582493716,-0.0371431300726021,"downregulated",1,0.823774596354354,0.928787518101388,0.888800104091937,0.969979975765833,0.00190157609191773,0.0493569045039046,1.30665208558399,0.00313223657115153,1,FALSE,FALSE,"weak_effect",-0.0607957089200415,0.27300256558246,-0.222692811660329,FALSE,FALSE,1,0.00313223657115153,FALSE,TRUE,FALSE,FALSE,889.389868386639,973.553557665981,1138.99453544463,804.054449929673,1749.57447715293,1406.49019689486,1113.55286654224,1132.77184752846,1064.27691883815,1072.39953098802,0.0557389045154265,0.14627610814814,0.0885716709763605,11,FALSE,0.0320836296778757,0.0511959032047325
"RT4_ZT10_leading_edge_dataset","130753","Cox6a1",2551.49270063068,0.00890535880043839,"upregulated",1,0.948690307974927,0.973984113386847,0.967770594323915,0.972361918919467,0.000126701687394284,0.0493569045039046,1.30665208558399,0.00189819855048396,1,FALSE,FALSE,"weak_effect",0.0173604578350146,0.269775288873449,0.0643515494228915,FALSE,FALSE,1,0.00189819855048396,FALSE,TRUE,FALSE,FALSE,3855.56416659349,2781.58159333138,2486.8315103925,2300.62784638263,1407.69041538796,2022.58333068669,2747.67333139263,2954.01280380212,2546.25391872567,2412.1080896117,0.0721669636175307,0.109607281621613,0.0869926177070464,10,FALSE,0.0114481268223052,0.0142275780497521
"RT4_ZT10_leading_edge_dataset","189461","Phyhip",902.14666786472,-0.069894470817187,"downregulated",1,0.684614202678303,0.879452187252545,0.798703087065017,0.966706337762642,0.0068227233953043,0.0493569045039046,1.30665208558399,0.0247798640289937,1,FALSE,FALSE,"weak_effect",-0.143709484489521,0.353811956992734,-0.406174753705319,FALSE,FALSE,1,0.0247798640289937,FALSE,TRUE,FALSE,FALSE,560.557103645189,757.880202241012,811.272553454918,638.693355327159,1518.97482475441,1181.75871570745,535.261038582979,728.496382509467,1303.16703368488,985.405468739731,0.136187252938639,0.163282342414359,0.149171666609062,9,FALSE,0.0557877666406634,0.0976146369739248
"RT4_ZT10_leading_edge_dataset","308159","Gabbr1",5147.96157012927,0.568159017369768,"upregulated",1,0.00236716235782124,0.0237682424499602,0.0563109107851409,0.671819678829045,0.709862108079156,0.0493569045039046,1.30665208558399,0.0940057102562983,1,FALSE,FALSE,"weak_effect",0.655449811513032,0.215620955923916,3.03982425411523,FALSE,FALSE,1,0.0940057102562983,FALSE,TRUE,FALSE,FALSE,8512.65819724427,6878.36752698791,4748.75577824305,5009.66430225334,6337.47502412641,4000.22036513589,4077.42967626446,4536.42435994906,3965.28981050987,3413.3306605784,0.0340647094763259,0.0947996453538531,0.0556125548676604,10,FALSE,1.62400293112433,1.24940744822706
"RT4_ZT10_leading_edge_dataset","321367","Ptgds",4530.16340736801,0.210665876167161,"upregulated",1,0.2109945413037,0.505918087332959,0.432239598418632,0.94016803102227,0.0767404066211704,0.0493569045039046,1.30665208558399,0.00543139690866191,1,FALSE,FALSE,"weak_effect",0.28181533453116,0.225301696338855,1.2508353869973,FALSE,FALSE,1,0.00543139690866191,FALSE,TRUE,FALSE,FALSE,6707.67459953066,5247.21179915935,5507.01448167022,3888.76023816919,3504.88526406701,4063.80293054502,3803.50196828376,4603.13648288949,4407.30804696281,3568.33826240262,0.0389877847872674,0.0967840475222629,0.0607248167886831,12,FALSE,0.295919793632593,0.364275448959174
"RT4_ZT10_leading_edge_dataset","188968","Clu",1557.95986742733,0.0191418752719707,"upregulated",1,0.907678188608386,0.958321177672373,0.941955022848626,0.971625951532664,0.000497111317899244,0.0493569045039046,1.30665208558399,0.0310344326539531,1,FALSE,FALSE,"weak_effect",0.0483924067941062,0.417292332401359,0.115967639557685,FALSE,FALSE,1,0.0310344326539531,FALSE,TRUE,FALSE,FALSE,2207.80373452189,1535.9167928395,2229.79466177312,1397.80066209306,548.391213166623,600.745618003417,1445.20480417404,1866.60519987316,999.905331005194,2747.4306568233,0.278340417600233,0.12832978302342,0.208459990504346,7,FALSE,0.0184889143931018,0.025969833719853
"RT4_ZT10_leading_edge_dataset","341606","-",1400.33600791899,0.0764941022205402,"upregulated",1,0.65896676264353,0.866109751066657,0.781699258086739,0.966006739448706,0.00818183213956013,0.0493569045039046,1.30665208558399,0.0609916617462544,1,FALSE,FALSE,"weak_effect",0.191211435004119,0.433251845383526,0.441340151326657,FALSE,FALSE,1,0.0609916617462544,FALSE,TRUE,FALSE,FALSE,1932.40629405092,1244.656981074,2162.32248901053,1701.33260419902,424.486922325628,520.719285678145,2138.94509143551,1667.80307351068,768.167614806565,1442.51972309893,0.304580765958066,0.133741881361711,0.224675286595525,7,FALSE,0.0624270718826991,0.106960300232965
"RT4_ZT10_leading_edge_dataset","171499","LOC100360491",706.19049956641,0.139506127204538,"upregulated",1,0.439634405416649,0.711513577187472,0.627515678225701,0.958005187524635,0.0282326109515542,0.0493569045039046,1.30665208558399,0.0609916617462544,1,FALSE,FALSE,"weak_effect",0.292631893165837,0.378659203123559,0.772810724661958,FALSE,FALSE,1,0.0609916617462544,FALSE,TRUE,FALSE,FALSE,531.784236730313,642.988788603412,748.619821603945,544.914747985465,1421.45755881474,1042.53482248403,560.449793339826,523.02304385295,682.338831029295,363.793351220126,0.159831841736128,0.186322856402369,0.170643603955977,8,FALSE,0.147816808241201,0.202375419039199
"RT4_ZT10_leading_edge_dataset","118282","Pomp",1434.93099505407,0.00337672526537257,"upregulated",1,0.98532247930816,0.992068743926766,0.990784075222386,0.972986541981509,1.35777528743459e-05,0.0493569045039046,1.30665208558399,0.000392407635185998,1,FALSE,FALSE,"weak_effect",0.00425571034230321,0.23133158038859,0.0183965818032907,FALSE,FALSE,1,0.000392407635185998,FALSE,TRUE,FALSE,FALSE,1286.55819205092,1441.68567726831,1138.99453544463,1352.85351892929,1965.25972417244,1495.28653824208,1372.78713424811,1327.5712465145,1710.85375662691,1257.45962704348,0.0275379528514805,0.13245220082731,0.0635245012494418,9,FALSE,0.00345823301351073,0.00402098240374549
"RT4_ZT10_leading_edge_dataset","370628","Snca",828.272178453955,-0.0676510417251671,"downregulated",1,0.692783154514303,0.883029305753982,0.804087665527267,0.966921914195799,0.00640632362327538,0.0493569045039046,1.30665208558399,0.0374604440126119,1,FALSE,FALSE,"weak_effect",-0.153774313323782,0.389222302644248,-0.395080940324051,FALSE,FALSE,1,0.0374604440126119,FALSE,TRUE,FALSE,FALSE,495.818153086717,629.383226462117,700.425412487811,694.183655529345,1401.9541056268,1158.73744202484,396.722887420326,759.183959062063,1380.41293908442,665.900003755099,0.184132662571531,0.170688219734086,0.180669158632448,6,FALSE,0.0540248829274776,0.0946965997848358
"RT4_ZT10_leading_edge_dataset","300139","LOC100911992",1431.05530153462,0.265784925678787,"upregulated",1,0.116475953673052,0.36060017450666,0.32433166147455,0.921817763070993,0.129971660100582,0.0493569045039046,1.30665208558399,0.0111172604164887,1,FALSE,FALSE,"weak_effect",0.355114320589673,0.226225141323724,1.56973852911207,FALSE,FALSE,1,0.0111172604164887,FALSE,TRUE,FALSE,FALSE,1472.04042341289,1732.9454890338,1416.91562801433,1315.12011479181,2094.90032477459,1477.74652019819,1077.86879730337,1172.79912129271,1341.78998638465,1208.4266101399,0.0258969456973142,0.132593582865309,0.0606858150766989,10,FALSE,0.44297406744373,0.489010653138614
"RT4_ZT10_leading_edge_dataset","379983","Bcat1",1835.08537590735,-0.16537389387198,"downregulated",1,0.363220362331514,0.647479776330091,0.568073963265088,0.953813916478643,0.0406150205561213,0.0493569045039046,1.30665208558399,0.0693705102092766,1,FALSE,FALSE,"weak_effect",-0.337619786780656,0.371318476239652,-0.90924585870258,FALSE,FALSE,1,0.0693705102092766,FALSE,TRUE,FALSE,FALSE,2425.14163996819,1223.99668300759,1879.58195552922,1978.22920220793,598.870739064805,1134.61991721448,2699.39488477534,2448.33491191368,1341.78998638465,2620.8938390076,0.201192392270873,0.121068786865735,0.165025673326187,10,FALSE,0.188773791980935,0.245595115439214
"RT4_ZT10_leading_edge_dataset","130479","Pebp1",3885.93362150172,0.208715574734245,"upregulated",1,0.223094155815859,0.512908059165432,0.44429351993875,0.941696662177023,0.0735367628160594,0.0493569045039046,1.30665208558399,0.0115904768572544,1,FALSE,FALSE,"weak_effect",0.301237120305997,0.247251755589965,1.21834168411552,FALSE,FALSE,1,0.0115904768572544,FALSE,TRUE,FALSE,FALSE,5518.73863451236,4912.61575242529,4074.03405061717,4015.83302563219,2928.95976404684,3119.93070955789,5034.60235702461,3138.1382631177,2707.89812817286,3408.58552991031,0.0596308540445438,0.0995253931796577,0.0731421878146111,9,FALSE,0.289960476945987,0.352330020937311
"RT4_ZT10_leading_edge_dataset","52610","Prkcb",660.414273188577,-0.0774200755360002,"downregulated",1,0.647728645237601,0.863898083715649,0.774198565840772,0.965688701489884,0.00860505849263064,0.0493569045039046,1.30665208558399,0.0625106699201638,1,FALSE,FALSE,"weak_effect",-0.197982746020492,0.433298618166553,-0.456919864776469,FALSE,FALSE,1,0.0625106699201638,FALSE,TRUE,FALSE,FALSE,238.403754437551,405.647315694159,620.101397294254,607.063884211913,1205.77231179523,754.220775887502,354.741629492249,635.099410392868,1147.24474315617,635.847509523872,0.246594784938055,0.193675337405194,0.223887141756034,8,FALSE,0.0635374893389762,0.11114763752238
"RT4_ZT10_leading_edge_dataset","553065","Mff",1380.62740465857,0.0240158237379807,"upregulated",1,0.888912944063845,0.948688001039939,0.930114226930671,0.971275112281468,0.000755626977169826,0.0493569045039046,1.30665208558399,0.00217798140581406,1,FALSE,FALSE,"weak_effect",0.0374782019429604,0.268315012610482,0.139679854579618,FALSE,FALSE,1,0.00217798140581406,FALSE,TRUE,FALSE,FALSE,1030.17139579157,1325.78644421283,1209.67966881496,1595.34613081284,1833.32459966582,1786.88933822184,1551.20748044244,1290.21245766786,1293.15367557753,890.502855377959,0.0568110714707947,0.134505504968175,0.0856881179957739,12,FALSE,0.0228765923202323,0.031463712651039
"RT4_ZT10_leading_edge_dataset","243823","Ndfip1",712.838219756303,0.130206217386929,"upregulated",1,0.468667487044578,0.739052575724142,0.649118594825459,0.959345972830948,0.024436575514625,0.0493569045039046,1.30665208558399,0.0534309437081457,1,FALSE,FALSE,"weak_effect",0.268569748829338,0.370620545083233,0.72464884203606,FALSE,FALSE,1,0.0534309437081457,FALSE,TRUE,FALSE,FALSE,532.81183912013,595.621275963349,851.434561051697,560.452032042077,1356.06362753755,839.728363851492,537.360101479383,555.044862864356,361.911371594155,937.954162058845,0.148563954042606,0.185333638134125,0.163428284611686,8,FALSE,0.13132466507651,0.187675949774408
"RT4_ZT10_leading_edge_dataset","8431","Rabac1",1377.63830380838,0.0410812871744442,"upregulated",1,0.788867933552639,0.912359107540542,0.866479227303186,0.969230442039479,0.00255697508664116,0.0493569045039046,1.30665208558399,0.000482428467600677,1,FALSE,FALSE,"weak_effect",0.0604241484193271,0.22564767199117,0.267780951986474,FALSE,FALSE,1,0.000482428467600677,FALSE,TRUE,FALSE,FALSE,1382.1252143039,1314.19652090729,1254.66111732335,1191.93164834295,1890.68769727739,1637.79918484873,1266.78445797972,1310.22609454999,1223.0601688261,1304.91093372436,0.0244225770025803,0.13462322791194,0.0603699310801458,10,FALSE,0.0398341882874109,0.062241844462746
"RT4_ZT10_leading_edge_dataset","322106","Sh3glb2",782.053356188982,0.0883923197242236,"upregulated",1,0.612357241497864,0.850103093892774,0.750371026054981,0.964637697097683,0.0110246387036713,0.0493569045039046,1.30665208558399,0.0122183807471274,1,FALSE,FALSE,"weak_effect",0.15368499873847,0.303298801367282,0.506711526869387,FALSE,FALSE,1,0.0122183807471274,FALSE,TRUE,FALSE,FALSE,649.444710364363,658.106079871517,843.402159532341,586.532473137105,1382.45065243887,783.819556336576,615.025428646325,700.477290874487,772.459053995429,828.816156692808,0.0704194334426934,0.176033145296565,0.109091145145047,12,FALSE,0.0705284032342102,0.124723943642018
"RT4_ZT10_leading_edge_dataset","521030","Thy1",1384.24080179616,-0.0255120991533525,"downregulated",1,0.87309201696129,0.944851023287537,0.920112944291592,0.97097194691745,0.000922488409671747,0.0493569045039046,1.30665208558399,0.000944674688875927,1,FALSE,FALSE,"weak_effect",-0.0391467221763381,0.245077177175182,-0.159732222427043,FALSE,FALSE,1,0.000944674688875927,FALSE,TRUE,FALSE,FALSE,1159.13549571361,1397.34162288187,1412.09618710272,1021.02152372022,1839.06090942698,1532.55907658536,1040.0856651681,1571.73761647647,1464.81124313207,1404.55867775422,0.0374599695183283,0.134363873484511,0.0713644809635771,10,FALSE,0.024636662246888,0.0361588595327533
"RT4_ZT10_leading_edge_dataset","310948","Zwint",1667.50674085269,-0.0764464474721683,"downregulated",1,0.647566258599023,0.863898083715649,0.774089948748987,0.965684052282106,0.00850150023096918,0.0493569045039046,1.30665208558399,0.0670079644114139,1,FALSE,FALSE,"weak_effect",-0.201853737227515,0.441552215839107,-0.457145791566058,FALSE,FALSE,1,0.0670079644114139,FALSE,TRUE,FALSE,FALSE,2134.84396484488,1311.17306265367,1810.50330246276,1926.62322301989,571.336452211251,687.349457095151,2383.48591886656,2409.64188060824,629.411081033312,2810.69906573114,0.332690184414693,0.125171083121686,0.233540315289657,10,FALSE,0.0635374893389762,0.111208571648333
"RT4_ZT10_leading_edge_dataset","498003","Atxn10",513.20929311484,0.0245712941224908,"upregulated",1,0.882542011808485,0.945992744683605,0.926088985874801,0.971153861218233,0.00081938584721911,0.0493569045039046,1.30665208558399,0.0496563531836703,1,FALSE,FALSE,"weak_effect",0.0682229668562336,0.461753656563055,0.147747540028235,FALSE,FALSE,1,0.0496563531836703,FALSE,TRUE,FALSE,FALSE,246.110772361179,374.908823449011,547.809783620054,348.479085269727,1110.54956976002,743.258264610068,232.995981500826,388.264555513287,410.547682401274,729.168412662947,0.284692835810812,0.226209811012485,0.253982443144079,8,FALSE,0.0241121944184587,0.0333472809016234
"RT4_ZT10_leading_edge_dataset","385935","Arf5",3375.42327350024,-0.021992749758552,"downregulated",1,0.89239954495132,0.950347567350757,0.932315935689534,0.971341003391583,0.000669390960186936,0.0493569045039046,1.30665208558399,0.00313223657115153,1,FALSE,FALSE,"weak_effect",-0.0378907874771835,0.280115264783103,-0.135268556344199,FALSE,FALSE,1,0.00313223657115153,FALSE,TRUE,FALSE,FALSE,3629.49164083375,2731.19062243769,2694.06746959188,4237.23932343891,3363.77204394255,3950.88906438744,4575.95711416037,2956.68128871974,3950.98501321366,1663.9591542764,0.087955276091931,0.102440894051948,0.0939267891104756,8,FALSE,0.022117532630552,0.0304368925002949
"RT4_ZT10_leading_edge_dataset","155886","Ociad1",2417.56965294317,-0.0486530170289503,"downregulated",1,0.778441935004821,0.911522945108516,0.859781810169319,0.968998187977571,0.00319220945385487,0.0493569045039046,1.30665208558399,0.00652432923208998,1,FALSE,FALSE,"weak_effect",-0.082678048884836,0.293861872387764,-0.281350037733846,FALSE,FALSE,1,0.00652432923208998,FALSE,TRUE,FALSE,FALSE,3173.74998094989,2197.04633096464,2106.09567837505,3003.68994994432,1259.69362355011,2043.41210211381,3378.44173176198,2815.25158808603,2539.10152007757,1659.21402360831,0.0976792470431436,0.11123363247809,0.103278582597668,8,FALSE,0.0402323946901963,0.0656117472007005
"RT4_ZT10_leading_edge_dataset","75917","Nme2",532.236685385528,-0.0316646349305296,"downregulated",1,0.843876161496461,0.939337265738142,0.901590939556802,0.9703932593768,0.00142460653358206,0.0493569045039046,1.30665208558399,0.0564108668160975,1,FALSE,FALSE,"weak_effect",-0.092274291422863,0.468545199166504,-0.196937865518652,FALSE,FALSE,1,0.0564108668160975,FALSE,TRUE,FALSE,FALSE,265.121416572794,457.046106005717,398.407115360039,357.912436304099,1097.92968828548,420.96043305349,231.946450052624,464.316375665374,1051.40260127156,577.324231284112,0.292122417727745,0.220991713406444,0.261669109761873,9,FALSE,0.0271784478290776,0.0449904613366792
"RT4_ZT10_leading_edge_dataset","120150","Vgf",449.840992789344,-0.0289391710471589,"downregulated",1,0.855014563865048,0.942651847061717,0.908661219824501,0.970616860029071,0.00120381182620786,0.0493569045039046,1.30665208558399,0.0609916617462544,1,FALSE,FALSE,"weak_effect",-0.0891711433166125,0.488009955433427,-0.182724025040462,FALSE,FALSE,1,0.0609916617462544,FALSE,TRUE,FALSE,FALSE,185.482231361974,298.314547690611,396.800635056168,272.457373992733,1027.94670919936,733.392004460376,207.80722674398,405.609707477798,469.197351315742,501.402140594695,0.310756009246282,0.246771120120449,0.283662620048292,8,FALSE,0.0256486771654279,0.0415980065305305
"RT4_ZT10_leading_edge_dataset","264981","Map1b",1491.34352020746,-0.102243862149052,"downregulated",1,0.550297352841841,0.81156695675663,0.70763269174442,0.962581863695694,0.0153562215376908,0.0493569045039046,1.30665208558399,0.0092410239166241,1,FALSE,FALSE,"weak_effect",-0.167752125660413,0.280843835439978,-0.597314608660033,FALSE,FALSE,1,0.0092410239166241,FALSE,TRUE,FALSE,FALSE,815.916297514721,1227.52405097015,1471.53595834595,1765.70135243355,1743.83816739177,1937.0757427227,1150.2864672293,1367.59852027876,1480.5465201579,1953.4121250298,0.0712804289479713,0.130477510147442,0.0940183002570938,8,FALSE,0.0906756437362749,0.1501921114375
"RT4_ZT10_leading_edge_dataset","264490","Iqgap2",1551.34170003564,-0.165668892099046,"downregulated",1,0.355840148715965,0.638953843679763,0.562098386145016,0.953345826736778,0.0414483127173062,0.0493569045039046,1.30665208558399,0.0334170567039702,1,FALSE,FALSE,"weak_effect",-0.291552808968573,0.315765514970717,-0.923320613384937,FALSE,FALSE,1,0.0334170567039702,FALSE,TRUE,FALSE,FALSE,912.510922157522,1349.47020053287,1489.20724168853,1456.06547730536,1770.22519229309,2376.67244494783,2150.48993736573,1402.28882420778,779.611452643534,1826.87530721411,0.112382800787832,0.128534902197537,0.119072536232511,8,FALSE,0.194530512982728,0.250187661619213
"RT4_ZT10_leading_edge_dataset","299527","Fbxw7",3835.94814448255,-0.0905003293426301,"downregulated",1,0.588715716821088,0.83660043380648,0.734241097229056,0.963888904947662,0.0121416427990072,0.0493569045039046,1.30665208558399,0.00415942714008705,1,FALSE,FALSE,"weak_effect",-0.140836921795763,0.260472401453694,-0.540698058641735,FALSE,FALSE,1,0.00415942714008705,FALSE,TRUE,FALSE,FALSE,3610.48099662213,4989.71393789262,2767.96556356995,4548.53990757318,2324.35271522087,2993.8618298674,4814.20075290221,4336.28799112778,3464.62190514246,4509.45584490686,0.0688796794821573,0.0997765864383383,0.0812121016828403,10,FALSE,0.0774819145585063,0.134161310651584
"RT4_ZT10_leading_edge_dataset","30103","Psd",1408.87606473315,-0.439401429567493,"downregulated",1,0.0276129046125682,0.146081172789071,0.166652243339396,0.858325071902452,0.341937286940968,0.0493569045039046,1.30665208558399,0.0968567469672562,1,FALSE,FALSE,"weak_effect",-0.582627591087251,0.264501001524031,-2.20274247632411,FALSE,FALSE,1,0.0968567469672562,FALSE,TRUE,FALSE,FALSE,873.975832539383,817.845457604497,1463.5035568266,927.797819380548,1561.42351698697,1682.74548108622,1435.75902114023,1638.4497394169,1657.92600663093,2029.33421571922,0.0562800675510315,0.133417625409457,0.0832650261679066,12,FALSE,0.835405753132769,0.778188835838655
"RT4_ZT10_leading_edge_dataset","489152","Ndufa12",619.530408017202,-0.0599485862543456,"downregulated",1,0.72196377456045,0.895789546376886,0.823209206108187,0.96766540952965,0.00506504294901115,0.0493569045039046,1.30665208558399,0.0520494770883993,1,FALSE,FALSE,"weak_effect",-0.151787259996843,0.426565835457379,-0.355835482778624,FALSE,FALSE,1,0.0520494770883993,FALSE,TRUE,FALSE,FALSE,389.975106935563,463.093022512959,472.305209338111,482.765611759017,1127.75849904349,986.626014969116,416.663984936162,457.645163371332,1059.98547964928,338.485987656986,0.228175809873532,0.20116056678403,0.216824749795455,7,FALSE,0.0477940099615745,0.0844897814190571
"RT4_ZT10_leading_edge_dataset","464058","Ahsa1",951.275477369235,-0.110745483079918,"downregulated",1,0.51943756500574,0.791217591278094,0.685857344018217,0.961439681198103,0.0181363676695094,0.0493569045039046,1.30665208558399,0.0101122252160426,1,FALSE,FALSE,"weak_effect",-0.181054892471385,0.281048345448356,-0.644212625349382,FALSE,FALSE,1,0.0101122252160426,FALSE,TRUE,FALSE,FALSE,755.287756515517,795.673430411276,830.550317101372,688.079722507105,1390.48148610449,1026.09105556788,1223.75366860344,840.572749049385,813.942966154442,1148.32162167744,0.058923678442679,0.158994043658023,0.0937490786018915,11,FALSE,0.10170406555891,0.163766206667061
"RT4_ZT10_leading_edge_dataset","408020","LOC100910017",961.723887863463,0.0769418594811037,"upregulated",1,0.646532672164789,0.863898083715649,0.773398444498516,0.965654423807586,0.0085864580515258,0.0493569045039046,1.30665208558399,0.00847045454429059,1,FALSE,FALSE,"weak_effect",0.132077204839894,0.288010706940201,0.45858435696044,FALSE,FALSE,1,0.00847045454429059,FALSE,TRUE,FALSE,FALSE,984.956890639623,1040.06963924564,629.740279117481,875.082034188471,1498.32410961424,983.337261585886,850.120473043556,831.233051837725,1187.29817558557,737.076963776428,0.0641830861226546,0.158138532326417,0.09849792066944,12,FALSE,0.0635374893389762,0.111596705739021
"RT4_ZT10_leading_edge_dataset","159802","Ywhah",1485.06662436151,0.0406020665291492,"upregulated",1,0.806853812245307,0.91715084453051,0.877998849688763,0.969621884526805,0.00229426252665504,0.0493569045039046,1.30665208558399,0.00136157576143625,1,FALSE,FALSE,"weak_effect",0.0607150977305407,0.248336899937005,0.244486815072356,FALSE,FALSE,1,0.00136157576143625,FALSE,TRUE,FALSE,FALSE,1314.30345657598,1530.87769575013,1432.98043105304,1423.32620018607,1879.21507775508,1113.79114578736,1257.3386749459,1319.56579176165,1437.63212826927,2141.63564153065,0.0417710684744717,0.130689811879522,0.0733439367065954,11,FALSE,0.0375592296957242,0.0565060530849564
"RT4_ZT10_leading_edge_dataset","310222","S100b",2589.98579812185,0.223368083977004,"upregulated",1,0.133776781545881,0.387165744238667,0.346492142222655,0.926450269082896,0.102817805496773,0.0493569045039046,1.30665208558399,0.000884428290033481,1,FALSE,FALSE,"weak_effect",0.275291254949151,0.183604196769208,1.49937343368678,FALSE,FALSE,1,0.000884428290033481,FALSE,TRUE,FALSE,FALSE,2958.46728028323,2936.28187397499,2988.05336520029,2276.76701729569,3023.03524412981,2559.74638328098,2095.91430205924,2413.64460798466,2235.83981739788,2412.1080896117,0.00860617401236671,0.109170943265483,0.0400615836523884,10,FALSE,0.412103075295076,0.460306609906536
"RT4_ZT10_leading_edge_dataset","540587","Resp18",745.689983575458,-0.194466045419888,"downregulated",1,0.291133979754586,0.553042154591724,0.507455149847318,0.948580382571884,0.057290151204543,0.0493569045039046,1.30665208558399,0.0564959940201518,1,FALSE,FALSE,"weak_effect",-0.353757740687397,0.335112979060679,-1.0556372411447,FALSE,FALSE,1,0.0564959940201518,FALSE,TRUE,FALSE,FALSE,415.15136548608,498.366702138538,639.379160940708,577.654025104755,1144.96742832697,1132.427414959,616.074960094527,739.170322179935,915.507026957545,778.201429566529,0.103824270027337,0.180704057529701,0.133452600939389,9,FALSE,0.257241764158543,0.294602335748861
"RT4_ZT10_leading_edge_dataset","60343","Pgam1",1511.76151205929,0.107566493787132,"upregulated",1,0.537617520799343,0.801538849191748,0.698731823411245,0.962123262987055,0.0167469711128904,0.0493569045039046,1.30665208558399,0.038015870296607,1,FALSE,FALSE,"weak_effect",0.222476020228739,0.360916436790157,0.616419751362254,FALSE,FALSE,1,0.038015870296607,FALSE,TRUE,FALSE,FALSE,2683.06983981226,1380.71260248695,1505.27204472724,1791.78179352858,777.843603612908,698.311968372586,1492.43371934313,1830.58065348533,1004.19677019406,1953.4121250298,0.175957554866164,0.129799112560348,0.155729780109022,8,FALSE,0.0960754233027023,0.15568947655793
"RT4_ZT10_leading_edge_dataset","7584","Ube2m",925.15985113523,0.0200959059969462,"upregulated",1,0.879556440377423,0.944851023287537,0.924201670399417,0.971096657020448,0.000687948191534148,0.0493569045039046,1.30665208558399,0.00189819855048396,1,FALSE,FALSE,"weak_effect",0.0399143936216652,0.263406523573895,0.151531530351289,FALSE,FALSE,1,0.00189819855048396,FALSE,TRUE,FALSE,FALSE,896.583085115358,832.458839163665,851.434561051697,710.830745590001,1399.65958172234,1065.55609616665,815.485935252892,845.909718884619,848.27447966535,985.405468739731,0.0421229836879301,0.161216890857148,0.0821666644847409,9,FALSE,0.024636662246888,0.0342332508740183
"RT4_ZT10_leading_edge_dataset","49912","Rab6a",1122.062237322,-0.343429568933991,"downregulated",1,0.0723715438925898,0.260731028289161,0.259258847071576,0.90407671065532,0.201341222051929,0.0493569045039046,1.30665208558399,0.0568110150203547,1,FALSE,FALSE,"weak_effect",-0.483641844543707,0.26917236640706,-1.79677375876063,FALSE,FALSE,1,0.0568110150203547,FALSE,TRUE,FALSE,FALSE,875.0034349292,615.777664320823,904.448411079444,921.693886358307,1364.09446120317,1572.02411718413,1491.38418789493,1228.83730456267,1154.39714180428,1092.96176388307,0.0534290493933349,0.14700834937636,0.0860693416829288,10,FALSE,0.583807282552757,0.586266414615649
"RT4_ZT10_leading_edge_dataset","196746","Rab3a",2561.50193799627,0.172369292659053,"upregulated",1,0.31723770164546,0.595728813776972,0.530025656560642,0.950661992683445,0.0475227495923127,0.0493569045039046,1.30665208558399,0.00847045454429059,1,FALSE,FALSE,"weak_effect",0.248958734260319,0.248921282662553,1.00015045558726,FALSE,FALSE,1,0.00847045454429059,FALSE,TRUE,FALSE,FALSE,3549.85245562293,2805.26534965141,3089.26162434417,2729.56786694552,1734.66007177392,1802.23685401025,2591.29314561054,2452.33763929011,1945.45243228478,2915.09194042909,0.0477445480915722,0.109492560280878,0.0739917456627774,12,FALSE,0.224951393754251,0.275703107318035
"RT4_ZT10_leading_edge_dataset","421957","Rab2a",1311.07151394815,0.10144901966255,"upregulated",1,0.56682270135083,0.819841524951161,0.719141931378225,0.963158646096912,0.0145260172301059,0.0493569045039046,1.30665208558399,0.0455400157104635,1,FALSE,FALSE,"weak_effect",0.216889483337552,0.37868941360085,0.572737117933166,FALSE,FALSE,1,0.0455400157104635,FALSE,TRUE,FALSE,FALSE,1916.47845700876,1348.96629082393,1449.04523409176,1762.37193442142,570.18919025902,750.932022504272,2253.34401928952,1315.56306438523,845.413520206108,898.41140649144,0.198326056623604,0.137383985455229,0.171407556973406,9,FALSE,0.0862700884586114,0.143185387876826
"RT4_ZT10_leading_edge_dataset","477219","-",830.552075356117,-0.223567076322234,"downregulated",1,0.2312051326598,0.524207028887658,0.452215462780294,0.942659458769276,0.0770534194153581,0.0493569045039046,1.30665208558399,0.0564959940201518,1,FALSE,FALSE,"weak_effect",-0.383039641643425,0.319930141886935,-1.19726024995417,FALSE,FALSE,1,0.0564959940201518,FALSE,TRUE,FALSE,FALSE,606.285409992047,581.00789440418,555.842185139409,685.305207496996,1177.09076298945,1166.41119991904,768.257020083806,800.545475285128,1298.87559449602,665.900003755099,0.0913557406244321,0.170439959299438,0.121653240726673,8,FALSE,0.280497160065004,0.344654591735586
"RT4_ZT10_leading_edge_dataset","223276","Spock1",769.203566130351,-0.0539411803590315,"downregulated",1,0.754710947684676,0.895789546376886,0.844478292289596,0.968454100280405,0.00395990348476539,0.0493569045039046,1.30665208558399,0.0101122252160426,1,FALSE,FALSE,"weak_effect",-0.0967917617616786,0.309799371592782,-0.312433693018937,FALSE,FALSE,1,0.0101122252160426,FALSE,TRUE,FALSE,FALSE,545.656868992843,634.422323551486,718.096695830393,629.81490729481,1190.85790641622,1095.15487661572,633.91699471396,703.145775792104,894.049831013228,646.919481082745,0.0788597417829154,0.177633258111614,0.113882289915478,12,FALSE,0.0477940099615745,0.0734115096927495
"RT4_ZT10_leading_edge_dataset","203916","Bap1",1034.07013994303,0.171860450822221,"upregulated",1,0.350595544846036,0.634165470824447,0.557823165879721,0.953005067484352,0.0435672178632439,0.0493569045039046,1.30665208558399,0.0564959940201518,1,FALSE,FALSE,"weak_effect",0.325811833005977,0.349046178786327,0.933434751066067,FALSE,FALSE,1,0.0564959940201518,FALSE,TRUE,FALSE,FALSE,1636.45680578362,1433.11921221638,1246.62871580399,1022.68623272629,411.867040851083,648.98066762413,1113.55286654224,1080.73639163492,878.314553987395,868.358912260213,0.140034960631812,0.152689142448379,0.145255351749315,8,FALSE,0.197797408222913,0.253503453847631
"RT4_ZT10_leading_edge_dataset","506287","Atp5mg",1604.88340306159,-0.303973070972015,"downregulated",1,0.0824785398038154,0.283772318765575,0.275585655371662,0.909243837399925,0.170146917769741,0.0493569045039046,1.30665208558399,0.0202297721567201,1,FALSE,FALSE,"weak_effect",-0.403906747859925,0.232600516559099,-1.73648259184885,FALSE,FALSE,1,0.0202297721567201,FALSE,TRUE,FALSE,FALSE,1229.01245822117,1117.16782471298,1421.73506892595,1458.28508931344,1684.18054587574,2058.75961790222,1778.95580470226,1714.50155956898,2254.43605388295,1331.8000075102,0.0303696785280342,0.126923984053744,0.0643174342020625,9,FALSE,0.547029971083238,0.559743391826329
"RT4_ZT10_leading_edge_dataset","437946","Gnb1",1662.44856502004,-0.162030034275456,"downregulated",1,0.274397911183581,0.540015089209288,0.492550028562701,0.947106669615369,0.049832280559284,0.0493569045039046,1.30665208558399,0.000442510805609125,1,FALSE,FALSE,"weak_effect",-0.205986050627023,0.188460947295222,-1.09299063590266,FALSE,FALSE,1,0.000442510805609125,FALSE,TRUE,FALSE,FALSE,1397.53925015116,1505.68221030329,1439.40635226853,1543.18524862279,1834.47186161805,1869.1081728026,1628.87280760938,1797.22459201511,1859.62364850751,1749.37150630199,0.00695488586799743,0.125307764815157,0.0420175680562193,9,FALSE,0.267594104864486,0.307549651409489
"RT4_ZT10_leading_edge_dataset","359875","Gnas",923.976711787338,-0.102197119367213,"downregulated",1,0.556742757567082,0.815230466437513,0.712133609166473,0.962809563213138,0.0150677917422026,0.0493569045039046,1.30665208558399,0.0164292646803975,1,FALSE,FALSE,"weak_effect",-0.180632369874724,0.307361796714641,-0.5876864717915,FALSE,FALSE,1,0.0164292646803975,FALSE,TRUE,FALSE,FALSE,638.654885271284,806.255534298949,791.994789808465,826.250570010548,1268.87171916796,1224.51250968945,758.811237049988,753.846989226829,1431.91020935079,738.658673999124,0.0873389481161402,0.161320569747306,0.112312918783448,12,FALSE,0.0887195984343421,0.147438517205767
"RT4_ZT10_leading_edge_dataset","347898","Psmc3",802.925818963768,-0.213516232195201,"downregulated",1,0.255537536418077,0.532093751091614,0.475293949324792,0.945291377797162,0.0689737956369682,0.0493569045039046,1.30665208558399,0.0984551724691532,1,FALSE,FALSE,"weak_effect",-0.421120491591526,0.37037803673815,-1.13700179227757,FALSE,FALSE,1,0.0984551724691532,FALSE,TRUE,FALSE,FALSE,330.887969521083,592.597817709728,854.647521659439,547.134359993553,1109.40230780779,1000.87727962978,486.982591965691,861.920628390321,1313.18039179223,931.627321168061,0.1563482869808,0.173543175196287,0.163435505733728,8,FALSE,0.274011841399213,0.323037714406232
"RT4_ZT10_leading_edge_dataset","97806","Baiap2",582.555861712634,0.0765191418713482,"upregulated",1,0.664412786471145,0.866109751066657,0.785322849138076,0.966158281111639,0.00803081910832034,0.0493569045039046,1.30665208558399,0.0270202783917882,1,FALSE,FALSE,"weak_effect",0.155105558575878,0.357527136413186,0.433828772081304,FALSE,FALSE,1,0.0270202783917882,FALSE,TRUE,FALSE,FALSE,341.677794614162,491.815875922359,669.902286714259,516.61469488235,1050.89194824399,650.076918751873,453.39758562323,450.973951077289,751.001858051111,449.20570324572,0.116277760673167,0.208834798252674,0.151654096870645,9,FALSE,0.0624270718826991,0.10495176647201
"RT4_ZT10_leading_edge_dataset","516611","Tmem158",833.777905584968,-0.0697873643496529,"downregulated",1,0.696910027752833,0.885994143809803,0.806802453120382,0.967029548017165,0.00650647068260077,0.0493569045039046,1.30665208558399,0.0455400157104635,1,FALSE,FALSE,"weak_effect",-0.158527293003081,0.407007287683523,-0.389494974169472,FALSE,FALSE,1,0.0455400157104635,FALSE,TRUE,FALSE,FALSE,403.333938003184,831.954929454728,541.383862404569,988.837149602952,1174.79623908498,1074.32610518859,845.922347250748,617.754258428357,1502.00371610222,357.466510329341,0.218775953447334,0.17009101468373,0.197687485958809,8,FALSE,0.0525691486767107,0.0932327899646942
"RT4_ZT10_leading_edge_dataset","113644","Tagln3",400.116231684238,0.0337144777452038,"upregulated",1,0.838611058921667,0.935593290225534,0.898244704786045,0.970286242514219,0.00157127450645062,0.0493569045039046,1.30665208558399,0.0686809023325561,1,FALSE,FALSE,"weak_effect",0.102136930529622,0.501481415061696,0.203670420203022,FALSE,FALSE,1,0.0686809023325561,FALSE,TRUE,FALSE,FALSE,328.832764741449,383.475288500938,284.347013785189,153.153228558033,922.398609594068,621.574389430543,257.135204809471,252.171824714815,575.052851307708,223.021141400164,0.322408994184751,0.267465849461361,0.299340563377583,8,FALSE,0.0289129014721992,0.0466053343114339
"RT4_ZT10_leading_edge_dataset","65958","Arhgdig",1035.58449381361,0.0780218439430434,"upregulated",1,0.633741048692741,0.86132761314041,0.764817162606488,0.965282443664052,0.00908504881000935,0.0493569045039046,1.30665208558399,0.00217798140581406,1,FALSE,FALSE,"weak_effect",0.11729984721768,0.24618623736295,0.476467931246481,FALSE,FALSE,1,0.00217798140581406,FALSE,TRUE,FALSE,FALSE,989.067300198891,947.350252801265,1015.29555204655,997.715597635302,1439.81375005044,1057.88233827244,925.686737314094,812.553657414405,1283.14031747018,887.339434932567,0.0321895503612227,0.15258321120257,0.071744148028262,9,FALSE,0.0648316295953052,0.116442374992336
"RT4_ZT10_leading_edge_dataset","125979","Mmd2",669.475473470235,-0.0644192030156109,"downregulated",1,0.708814492022,0.890418882051969,0.814613795513521,0.967335375059603,0.0057364166117878,0.0493569045039046,1.30665208558399,0.0285354252337386,1,FALSE,FALSE,"weak_effect",-0.138500754833103,0.370869522809226,-0.373448736860342,FALSE,FALSE,1,0.0285354252337386,FALSE,TRUE,FALSE,FALSE,371.478263918856,568.410151680759,700.425412487811,478.881290744864,1069.24813947969,1050.20858037824,367.336006870672,648.441834980954,753.862817510353,686.46223665015,0.144609104838422,0.192140130722185,0.163605635260493,8,FALSE,0.0504056390102432,0.0890482393952884
"RT4_ZT10_leading_edge_dataset","37983","Mboat7",487.455604406058,-0.105299023566682,"downregulated",1,0.543809309783878,0.808320786748241,0.70308608823533,0.962349004532674,0.0161098550629002,0.0493569045039046,1.30665208558399,0.0670079644114139,1,FALSE,FALSE,"weak_effect",-0.251508822411567,0.414304530357214,-0.607062689357307,FALSE,FALSE,1,0.0670079644114139,FALSE,TRUE,FALSE,FALSE,222.989718590295,348.705518584296,422.504319918106,322.953547176722,909.778728119522,748.739520248785,337.949126321018,460.313648288949,600.801486440889,499.820430371999,0.186317146028842,0.233921368607135,0.20397643179483,8,FALSE,0.0924162527565888,0.152991495241154
"RT4_ZT10_leading_edge_dataset","40450","Ttc9b",540.312538525195,-0.0124602294349046,"downregulated",1,0.939118883809988,0.969928690177245,0.96175192052166,0.972193768303122,0.000211038130638195,0.0493569045039046,1.30665208558399,0.0213343144716033,1,FALSE,FALSE,"weak_effect",-0.0294074980567992,0.385029010886267,-0.0763773565766083,FALSE,FALSE,1,0.0213343144716033,FALSE,TRUE,FALSE,FALSE,331.401770715992,419.252877835454,554.235704835538,392.871325431476,977.467183301177,632.536900707978,298.066931289345,484.330012547503,746.710418862248,566.252259725239,0.144502129706801,0.218888076384555,0.176067230243023,8,FALSE,0.013260194188341,0.0169369377779689
"RT4_ZT10_leading_edge_dataset","230034","Rpl34-ps1",1196.39496201158,-0.0475120835214557,"downregulated",1,0.776969236685656,0.911522945108516,0.85883455049552,0.968965055437245,0.00314009699625784,0.0493569045039046,1.30665208558399,0.00415942714008705,1,FALSE,FALSE,"weak_effect",-0.0790346795362053,0.279007477478004,-0.283270829336235,FALSE,FALSE,1,0.00415942714008705,FALSE,TRUE,FALSE,FALSE,762.994774439144,1197.79337814288,1341.41105373239,1039.33332278694,1477.67339447408,1033.76481346209,875.309227800402,1324.90276159689,1716.5756755454,1194.19121813563,0.0627594019555189,0.142860521036359,0.0926029322788155,12,FALSE,0.0402323946901963,0.066090492428938
"RT4_ZT10_leading_edge_dataset","77975","Gfap",1108.52587362883,0.004057734784499,"upregulated",1,0.984979239551789,0.992068743926766,0.990568541845241,0.972980823055668,1.66994789483996e-05,0.0493569045039046,1.30665208558399,0.00146331411610329,1,FALSE,FALSE,"weak_effect",0.00500939511156922,0.266077268644223,0.0188268435597458,FALSE,FALSE,1,0.00146331411610329,FALSE,TRUE,FALSE,FALSE,990.094902588708,1018.40152176136,1012.08259143881,1083.72556294869,1448.99184566829,1430.60772170522,943.528771933527,1007.35305640045,1397.57869583988,752.89406600339,0.0482502852806953,0.147823563092245,0.0840615567109549,11,FALSE,0.00345823301351073,0.00411546831798703
"RT4_ZT10_leading_edge_dataset","170072","Mrfap1",940.649004108635,0.0296481679221091,"upregulated",1,0.860742915772106,0.942651847061717,0.912293003558904,0.970730408809323,0.00118194365627552,0.0493569045039046,1.30665208558399,0.0466176734067802,1,FALSE,FALSE,"weak_effect",0.0786780366248893,0.448490514367989,0.17542854108244,FALSE,FALSE,1,0.0466176734067802,FALSE,TRUE,FALSE,FALSE,1231.0676630008,911.57266346675,1330.16569160529,1109.2511010417,248.95584363422,393.554154859903,1024.34269344507,1372.93549011399,489.224067530438,1295.42067238819,0.30789548919508,0.159883628751138,0.240443637962318,5,FALSE,0.0256486771654279,0.0398656557592596
"RT4_ZT10_leading_edge_dataset","320259","Snx3",660.893872838906,-0.146256260926102,"downregulated",1,0.420080782296822,0.702992329557947,0.612687027188276,0.957032473269145,0.0311176744255641,0.0493569045039046,1.30665208558399,0.0564959940201518,1,FALSE,FALSE,"weak_effect",-0.294977972793954,0.365850037482104,-0.806281105843493,FALSE,FALSE,1,0.0564959940201518,FALSE,TRUE,FALSE,FALSE,427.996395358793,416.229419581833,531.744980581342,585.977570135083,1007.29599405919,1167.50745104679,498.527437895912,576.392742205292,876.884074257774,520.382663267049,0.13657144661287,0.193593025448487,0.159148365027275,8,FALSE,0.153049413598713,0.212761315163709
"RT4_ZT10_leading_edge_dataset","569661","Tmsb4x",1877.75770743288,0.255753106696529,"upregulated",1,0.18526143271484,0.474732421331779,0.405544408216274,0.936479730680155,0.10024539240993,0.0493569045039046,1.30665208558399,0.0892817515777533,1,FALSE,FALSE,"weak_effect",0.447799405604304,0.338031246007181,1.32472784955149,FALSE,FALSE,1,0.0892817515777533,FALSE,TRUE,FALSE,FALSE,2500.15661442483,2461.09501844754,2580.00736801703,2004.30964330295,1287.22791040366,635.825654091208,1176.52475343435,2134.78793409368,1863.91508769638,2133.72709041717,0.149369521071618,0.120141139769807,0.136639423003366,8,FALSE,0.323551107601898,0.391961582421278
"RT4_ZT10_leading_edge_dataset","574506","Plp1",2227.96774903095,0.176850739596392,"upregulated",1,0.279837845975406,0.544190593754544,0.497434798880324,0.947598860341866,0.0536324337264186,0.0493569045039046,1.30665208558399,0.00406622579632055,1,FALSE,FALSE,"weak_effect",0.244505273839035,0.226250547516784,1.08068367799595,FALSE,FALSE,1,0.00406622579632055,FALSE,TRUE,FALSE,FALSE,2645.56235258394,2189.99159503952,1842.63290854018,2906.5819245905,2496.44200805559,2327.34114419937,2522.02407002921,1978.68156641308,1587.83249987949,1782.58742097862,0.0316955606750672,0.113870492301291,0.0609882912060873,10,FALSE,0.264248969200512,0.303263836209101
"RT4_ZT10_leading_edge_dataset","279308","Slc6a17",637.481213661917,0.0303227255032494,"upregulated",1,0.866932492288811,0.943652181871892,0.916214046403498,0.970852020223146,0.00115235618610711,0.0493569045039046,1.30665208558399,0.00543139690866191,1,FALSE,FALSE,"weak_effect",0.0499414987769343,0.29805833441835,0.167556122442921,FALSE,FALSE,1,0.00543139690866191,FALSE,TRUE,FALSE,FALSE,615.533831500401,486.776778832991,515.680177542631,569.885383076449,1055.48099605291,692.830712733868,592.985268234085,601.743348922655,562.178533741117,681.717105982061,0.0551049193045554,0.197755809395689,0.105005913780995,10,FALSE,0.0251880516011739,0.0380030543752942
"RT4_ZT10_leading_edge_dataset","415733","Atp5if1",1879.04693313206,0.0144838991490197,"upregulated",1,0.92419373098737,0.965792394784393,0.952359845137672,0.971927244263391,0.000307043081250112,0.0493569045039046,1.30665208558399,7.49560324426374e-05,1,FALSE,FALSE,"weak_effect",0.0187183924036324,0.196720007515383,0.0951524587663949,FALSE,FALSE,1,7.49560324426374e-05,FALSE,TRUE,FALSE,FALSE,2057.25998441369,1684.57015697587,1657.887673595,1980.44881421601,2075.39687158665,1750.71305100631,1992.01068868724,1709.16458973375,2200.07782415735,1682.93967694875,0.0109713883669309,0.12011376918873,0.0459065919434732,10,FALSE,0.0151162188116057,0.0211989242738474
"RT4_ZT10_leading_edge_dataset","100951","Tiam1",611.177036630589,-0.0421748795322213,"downregulated",1,0.8024879797318,0.91715084453051,0.875206408336099,0.969527913338735,0.0024414831550377,0.0493569045039046,1.30665208558399,0.0290737419277538,1,FALSE,FALSE,"weak_effect",-0.0977227325353514,0.390690121900117,-0.250128495852616,FALSE,FALSE,1,0.0290737419277538,FALSE,TRUE,FALSE,FALSE,276.425042860781,621.824580828065,472.305209338111,607.618787213935,975.172659396714,862.749637534105,590.886205337681,472.321830418226,879.745033717016,352.721379661252,0.167093673505524,0.202813153962288,0.181581041058444,8,FALSE,0.0375592296957242,0.0578895110577002
"RT4_ZT10_leading_edge_dataset","163596","Sparcl1",3449.94561289485,0.184783461633699,"upregulated",1,0.26027573299499,0.532093751091614,0.479677821817337,0.945764253443159,0.0589552301276648,0.0493569045039046,1.30665208558399,0.00406622579632055,1,FALSE,FALSE,"weak_effect",0.252180907226236,0.224013523798303,1.12573965602761,FALSE,FALSE,1,0.00406622579632055,FALSE,TRUE,FALSE,FALSE,4515.79870205094,3789.40101120506,3394.49288207969,4471.96329329416,2580.19213056848,2922.60550656407,3767.81789904489,3429.00311913797,2539.10152007757,3089.08006492567,0.0339696734463383,0.101961515902007,0.0599540121884266,11,FALSE,0.274011841399213,0.319050360927501
"RT4_ZT10_leading_edge_dataset","511144","Eef1a1",2609.76989840544,0.237823191812904,"upregulated",1,0.182805693735802,0.474732421331779,0.40291295683223,0.936091388380565,0.0938899245150023,0.0493569045039046,1.30665208558399,0.0202297721567201,1,FALSE,FALSE,"weak_effect",0.342674983453888,0.25723147156323,1.33216585580064,FALSE,FALSE,1,0.0202297721567201,FALSE,TRUE,FALSE,FALSE,2805.35452420049,3138.34966725866,3849.12680807522,2941.54081371787,1857.41710066268,2082.87714271258,2348.8513810759,2860.61583168552,1542.05714853161,2671.50856613388,0.0550615463849985,0.108951688546748,0.0790463851618271,9,FALSE,0.323551107601898,0.394788766391067
"RT4_ZT10_leading_edge_dataset","90685","Git1",736.693214368741,0.234755474178809,"upregulated",1,0.194412755590634,0.48553845558676,0.415215861158696,0.937867353832902,0.0896122833684237,0.0493569045039046,1.30665208558399,0.0262247344431705,1,FALSE,FALSE,"weak_effect",0.352539208587989,0.271678231582345,1.29763509772087,FALSE,FALSE,1,0.0262247344431705,FALSE,TRUE,FALSE,FALSE,661.775939042167,735.204265338854,877.138245913634,676.981662466668,1181.67981079837,682.964452584177,566.746982029037,743.173049556361,542.151817526421,699.115918431719,0.0386613486774872,0.181930857749163,0.0871289574470601,9,FALSE,0.313776367429029,0.381726064884722
"RT4_ZT10_leading_edge_dataset","574436","Bex3",492.347946300953,0.0363217068191342,"upregulated",1,0.836470190648263,0.935325758633966,0.896883286218578,0.970242480873252,0.00171671166319428,0.0493569045039046,1.30665208558399,0.0240504202399789,1,FALSE,FALSE,"weak_effect",0.0779769509309839,0.377775901598959,0.206410601102246,FALSE,FALSE,1,0.0240504202399789,FALSE,TRUE,FALSE,FALSE,405.389142782818,444.952272991233,383.948792625199,366.235981334427,928.134919355225,521.815536805888,297.017399841143,434.963041571586,712.37890535134,428.64347035067,0.130127618683421,0.232394358733293,0.169210193978584,9,FALSE,0.0290371051300915,0.0472640691623534
"RT4_ZT10_leading_edge_dataset","94707","Cnp",1452.40519427098,0.186502919572038,"upregulated",1,0.219941030239249,0.512830601075808,0.441180317161936,0.94130938929297,0.0662801295910227,0.0493569045039046,1.30665208558399,0.000863591006964536,1,FALSE,FALSE,"weak_effect",0.236326786451516,0.192654836429638,1.22668493992274,FALSE,FALSE,1,0.000863591006964536,FALSE,TRUE,FALSE,FALSE,1392.91503939698,1712.78910067633,1513.3044462466,1435.53406623055,1801.20126500334,1351.67764050769,1247.89289191208,1324.90276159689,1410.45301340647,1333.38171773289,0.00649840085011067,0.13182412696982,0.043820015264675,9,FALSE,0.290026067963018,0.355383871432755
"RT4_ZT10_leading_edge_dataset","88863","Fxr2",700.432036242875,-0.13851329630636,"downregulated",1,0.434824006053168,0.710742229163318,0.623889529123132,0.957771413917558,0.0283803082998029,0.0493569045039046,1.30665208558399,0.0255150927533288,1,FALSE,FALSE,"weak_effect",-0.245319817351805,0.31412459174087,-0.780963425984094,FALSE,FALSE,1,0.0255150927533288,FALSE,TRUE,FALSE,FALSE,527.673827171045,555.812408957338,510.860736631018,583.757958126995,1027.94670919936,1004.16603301301,627.619806024748,616.420015969549,942.686141820347,607.37672551534,0.0760207309622292,0.18719492566074,0.116993665458667,12,FALSE,0.148287879931491,0.204892303169452
"RT4_ZT10_leading_edge_dataset","94385","Psmd3",835.999211519435,0.042906411131256,"upregulated",1,0.796286236073507,0.915357075112536,0.871235572244728,0.969393281256869,0.00256856659276356,0.0493569045039046,1.30665208558399,0.00726431018219435,1,FALSE,FALSE,"weak_effect",0.0774232724765199,0.299908444644885,0.258156360245858,FALSE,FALSE,1,0.00726431018219435,FALSE,TRUE,FALSE,FALSE,648.417107974546,700.938405131149,865.892883786537,900.052669279455,1178.23802494168,975.663503691682,680.096378434844,807.216687579171,1095.74747288981,507.72898148548,0.0696572601343434,0.16985229712143,0.106735242471665,12,FALSE,0.0384094572996483,0.0598644007979599
"RT4_ZT10_leading_edge_dataset","94652","Eif1",1247.07101392045,0.304051532215603,"upregulated",1,0.122828380420455,0.368485141261365,0.332638356532778,0.923621020965471,0.145345046638221,0.0493569045039046,1.30665208558399,0.0832006210834847,1,FALSE,FALSE,"weak_effect",0.479885396862373,0.311006044242344,1.54300987310856,FALSE,FALSE,1,0.0832006210834847,FALSE,TRUE,FALSE,FALSE,1471.52662221799,1701.19917737078,1940.62820707632,1457.73018631142,691.798957195551,737.77700897135,1244.74429756748,1210.15791013935,792.485770210125,1222.66200214416,0.0985664659007237,0.14031621553899,0.115258643406375,8,FALSE,0.433580019876304,0.478027673727219
"RT4_ZT10_leading_edge_dataset","319427","Gja1",799.97861688138,0.0958271781507354,"upregulated",1,0.575874707358293,0.82603602338274,0.725404745308878,0.963465096844291,0.0133601875909825,0.0493569045039046,1.30665208558399,0.0926095176943221,1,FALSE,FALSE,"weak_effect",0.258218052419277,0.461581238820826,0.559420597507238,FALSE,FALSE,1,0.0926095176943221,FALSE,TRUE,FALSE,FALSE,1192.01877218775,974.561377083855,883.564167129119,1068.18827889208,237.483224111906,297.084055618478,1023.29316199687,748.510019391595,361.911371594155,1213.17174080798,0.320903450087006,0.173886882180979,0.254523396026676,6,FALSE,0.0830010127096357,0.139419607764793
"RT4_ZT10_leading_edge_dataset","114148","RGD1563835",839.382364508565,0.0713213407738378,"upregulated",1,0.668651248294173,0.866109751066657,0.788138026162101,0.966275084817664,0.00737446388822359,0.0493569045039046,1.30665208558399,0.094064485587046,1,FALSE,FALSE,"weak_effect",0.211470738874371,0.494090714199037,0.427999824318057,FALSE,FALSE,1,0.094064485587046,FALSE,TRUE,FALSE,FALSE,1055.861455537,879.826351803728,1421.73506892595,899.497766277433,246.661319729757,191.843947355106,738.870139534152,1095.41305868182,470.627831045363,1393.48670619535,0.398471530977493,0.169491146660415,0.291912879126519,8,FALSE,0.0624270718826991,0.103397718105276
"RT4_ZT10_leading_edge_dataset","24967","Tmem151a",481.355757414565,0.0886614557165796,"upregulated",1,0.615115246800462,0.850103093892774,0.752241621323041,0.964722530216411,0.0109623365267574,0.0493569045039046,1.30665208558399,0.0239349832670999,1,FALSE,FALSE,"weak_effect",0.170299605496268,0.3387123960157,0.502785275943589,FALSE,FALSE,1,0.0239349832670999,FALSE,TRUE,FALSE,FALSE,429.02399774861,403.127767149475,425.717280525848,381.218362389017,910.925990071754,533.874299211066,474.388214587268,424.289101901118,383.368567538472,447.623993023024,0.0798627491662204,0.235868745206758,0.135521924371853,11,FALSE,0.0705284032342102,0.123642640853995
"RT4_ZT10_leading_edge_dataset","452771","Cox7a2l",999.093500919849,-0.316888929276883,"downregulated",1,0.0984851073337755,0.328524971752917,0.299550646511368,0.915893939626206,0.165900778356324,0.0493569045039046,1.30665208558399,0.0565359609971269,1,FALSE,FALSE,"weak_effect",-0.462121556866489,0.279693526566967,-1.65224259044781,FALSE,FALSE,1,0.0565359609971269,FALSE,TRUE,FALSE,FALSE,545.656868992843,822.884554693865,846.615120140083,837.348630050985,1150.70373808812,1117.07989917059,863.764381870181,1131.43760506965,1593.55441879798,1081.8897923242,0.0577143080444721,0.155225171287272,0.0928884799063834,11,FALSE,0.483431613372671,0.523529738747572
"RT4_ZT10_leading_edge_dataset","418504","Kif1b",457.060562006717,-0.141759982779665,"downregulated",1,0.423273946188571,0.705934852626362,0.615124960948318,0.957195477750736,0.0299165518031634,0.0493569045039046,1.30665208558399,0.0999663763850907,1,FALSE,FALSE,"weak_effect",-0.340119246517504,0.424748615312979,-0.800754220862815,FALSE,FALSE,1,0.0999663763850907,FALSE,TRUE,FALSE,FALSE,194.216851675419,276.14252049739,382.342312321328,369.565399346558,796.199794848611,697.215717244842,297.017399841143,385.59607059567,640.854918870281,531.454634825923,0.187928559722356,0.244140787017287,0.21435607590739,9,FALSE,0.151235376073354,0.211036649529382
"RT4_ZT10_leading_edge_dataset","236149","LOC120098258",2385.27655321299,0.140424929833199,"upregulated",1,0.414935625126314,0.699138108089543,0.608744839904013,0.956766248681981,0.0302706588703057,0.0493569045039046,1.30665208558399,0.0072185218232229,1,FALSE,FALSE,"weak_effect",0.209167389668701,0.256571922719594,0.815238812772584,FALSE,FALSE,1,0.0072185218232229,FALSE,TRUE,FALSE,FALSE,2486.2839821623,2756.38610788453,2073.96607229762,2908.24663359656,2565.27772518947,2866.69669904915,2971.22352985964,2105.43459999989,1719.43663500464,1399.81354708614,0.0580515534366245,0.111653125019627,0.0786073581298445,12,FALSE,0.155437025031706,0.215564707109073
"RT4_ZT10_leading_edge_dataset","436469","Rps21-ps1",3734.63635795193,-0.060419568131933,"downregulated",1,0.682892830786461,0.879452187252545,0.797566577253572,0.966660476946966,0.00593519868789559,0.0493569045039046,1.30665208558399,0.000180778841143526,1,FALSE,FALSE,"weak_effect",-0.0806480018002805,0.197415643308432,-0.408518800479657,FALSE,FALSE,1,0.000180778841143526,FALSE,TRUE,FALSE,FALSE,3207.14705861895,3847.85453744174,4085.27941274427,3593.55184109356,3419.98787960189,3856.6114674015,4752.2783974583,3826.60737186291,3875.16958754373,2881.87602575247,0.0183421125739327,0.100306336687524,0.0465235724858489,10,FALSE,0.0557877666406634,0.0982330538168596
"RT4_ZT10_leading_edge_dataset","23744","Cend1",836.522740541351,0.114973266902593,"upregulated",1,0.508584116295256,0.783664785537127,0.678104384251645,0.961015997054563,0.0193963865202133,0.0493569045039046,1.30665208558399,0.0971796442014302,1,FALSE,FALSE,"weak_effect",0.295911510361857,0.447642704731472,0.66104396929548,FALSE,FALSE,1,0.0971796442014302,FALSE,TRUE,FALSE,FALSE,1534.72416919173,860.173873155192,978.346505057515,901.71737828552,333.853228099346,285.0252932133,832.278438424123,877.931537896024,411.978162130895,1349.19881995986,0.295919009239026,0.169796219525513,0.239354855530666,6,FALSE,0.105869668085356,0.168703447703596
"RT4_ZT10_leading_edge_dataset","171432","Ogdh",853.820397215407,-0.294481915650562,"downregulated",1,0.124650487072651,0.370334238958348,0.334983218243847,0.924115097352804,0.139872121949443,0.0493569045039046,1.30665208558399,0.0633311605743155,1,FALSE,FALSE,"weak_effect",-0.454555425575783,0.296022583638764,-1.53554306562798,FALSE,FALSE,1,0.0633311605743155,FALSE,TRUE,FALSE,FALSE,528.187628365953,685.317204154107,649.018042763935,696.958170539455,1044.0083765306,1281.51756833211,910.993297039267,891.273962484109,1208.75537152988,642.174350414656,0.0688661820214653,0.167982060974602,0.103998247755873,12,FALSE,0.431406133742433,0.474976949400919
"RT4_ZT10_leading_edge_dataset","294657","Ndufb5",563.501903730149,-0.21650506985676,"downregulated",1,0.247902289716902,0.532093751091614,0.468156912085079,0.944503632293625,0.0713619243313834,0.0493569045039046,1.30665208558399,0.0686809023325561,1,FALSE,FALSE,"weak_effect",-0.39226280421461,0.339486402341111,-1.15545954568298,FALSE,FALSE,1,0.0686809023325561,FALSE,TRUE,FALSE,FALSE,337.567385054894,444.448363282296,406.439516879395,397.310549447651,852.415630507951,861.653386406362,524.76572410096,568.387287452441,699.504587784749,542.526606384796,0.0915701658274927,0.213182747674823,0.136531871815301,12,FALSE,0.274011841399213,0.329608560107145
"RT4_ZT10_leading_edge_dataset","483076","Mlc1",478.994661984816,-0.0219914707844736,"downregulated",1,0.895078424419949,0.951141651867419,0.934007045037483,0.971391408758141,0.000652043765107865,0.0493569045039046,1.30665208558399,0.0247213156246569,1,FALSE,FALSE,"weak_effect",-0.0516108955679238,0.391344463287212,-0.131880990814085,FALSE,FALSE,1,0.0247213156246569,FALSE,TRUE,FALSE,FALSE,272.314633301513,305.873193324664,525.319059365858,430.049826566941,820.292295845471,684.060703711921,365.236943974268,324.220917490477,616.536763466722,446.042282800328,0.147101423887778,0.236635839833565,0.181704259519233,10,FALSE,0.0217547995260845,0.0296498479568824
"RT4_ZT10_leading_edge_dataset","400729","Etfbkmt",894.172391380286,-0.153872567862893,"downregulated",1,0.386314960054599,0.668703683973083,0.586484065061985,0.955198773272156,0.035659011021421,0.0493569045039046,1.30665208558399,0.0272552439031932,1,FALSE,FALSE,"weak_effect",-0.268899345102976,0.31039280118216,-0.866319528284318,FALSE,FALSE,1,0.0272552439031932,FALSE,TRUE,FALSE,FALSE,730.625299159908,699.930585713275,710.064294311037,802.389740923608,1112.84409366449,1134.61991721448,1072.62114006236,664.452744486656,592.218608063162,1421.95749020388,0.0839552918638714,0.164022842525638,0.114525177181562,12,FALSE,0.174766284210337,0.231743783292124
"RT4_ZT10_leading_edge_dataset","89024","Gabarap",807.881373300766,0.0891783563046823,"upregulated",1,0.612435848765722,0.850103093892774,0.750424371956139,0.96464012203204,0.0111199229870859,0.0493569045039046,1.30665208558399,0.0509700401814983,1,FALSE,FALSE,"weak_effect",0.201702684204998,0.398150172391881,0.506599514934961,FALSE,FALSE,1,0.0509700401814983,FALSE,TRUE,FALSE,FALSE,1361.57316650756,962.467544069371,790.388309504594,907.821311307761,298.288107580171,511.949276656197,1244.74429756748,816.556384790831,490.654547260059,694.370787763631,0.200991973843553,0.172970904552043,0.189044864796757,7,FALSE,0.0705284032342102,0.12469306957278
"RT4_ZT10_leading_edge_dataset","481950","-",1059.02774698013,0.088788673456271,"upregulated",1,0.583028018274004,0.833865654043052,0.730333985373458,0.963702731353788,0.0121177440310857,0.0493569045039046,1.30665208558399,0.0272629999820284,1,FALSE,FALSE,"weak_effect",0.18916548085855,0.344584358343733,0.548967114374507,FALSE,FALSE,1,0.0272629999820284,FALSE,TRUE,FALSE,FALSE,1611.2805472331,1060.72993731206,1153.45285817947,1316.78482379787,499.058949220671,714.755735288738,1474.5916847237,1091.41033130539,1007.0577296533,661.154873087011,0.134983233443402,0.150981968203017,0.141582183429421,8,FALSE,0.0789039138797908,0.136478489421894
"RT4_ZT10_leading_edge_dataset","469006","Rpl41",2111.26848487805,-0.0176612849677525,"downregulated",1,0.92683973678209,0.965792394784393,0.954025603309092,0.971974886485898,0.000360996133525763,0.0493569045039046,1.30665208558399,0.00309782878558315,1,FALSE,FALSE,"weak_effect",-0.0258802983229227,0.281853966790218,-0.0918216572136636,FALSE,FALSE,1,0.00309782878558315,FALSE,TRUE,FALSE,FALSE,2569.51977573748,2245.92557273151,2297.26683453571,2033.71950241011,1313.61493530499,1414.16395478907,1601.58498995613,2564.41400583003,3082.68381733361,1989.79146015182,0.0810423109386679,0.115728929959359,0.094908707216372,8,FALSE,0.0151162188116057,0.0204399699220584
"RT4_ZT10_leading_edge_dataset","11964","Ptpn5",506.854399329227,0.131740716229411,"upregulated",1,0.457489301553197,0.728149568048181,0.640856733800334,0.958843435642433,0.0254574505838479,0.0493569045039046,1.30665208558399,0.0225518878222487,1,FALSE,FALSE,"weak_effect",0.230382594183538,0.310076039548848,0.742987412115874,FALSE,FALSE,1,0.0225518878222487,FALSE,TRUE,FALSE,FALSE,426.968792968976,479.218133198938,494.795933592307,443.922401617487,892.569798836051,521.815536805888,471.239620242662,430.960314195161,411.978162130895,495.07529970391,0.0538416032886473,0.228039860392315,0.113305797598179,9,FALSE,0.13777940378281,0.193239047976002
"RT4_ZT10_leading_edge_dataset","322155","LOC100361008",1500.2001413547,0.316766535257347,"upregulated",1,0.099921652032086,0.329942636240177,0.301605431093781,0.916419047509891,0.164896254396208,0.0493569045039046,1.30665208558399,0.0591889054952304,1,FALSE,FALSE,"weak_effect",0.464857349451813,0.282547935077767,1.64523357540683,FALSE,FALSE,1,0.0591889054952304,FALSE,TRUE,FALSE,FALSE,1968.37237769452,2093.24093092365,1156.66581878721,1543.18524862279,1937.72543731888,1652.0504495094,1492.43371934313,1156.78821178701,1280.27935801094,721.259861549466,0.07287815176556,0.130180976883157,0.0951275009767599,8,FALSE,0.481561559909661,0.520560842269032
"RT4_ZT10_leading_edge_dataset","514673","Rnf123",545.698102435267,0.0887186089003856,"upregulated",1,0.613301832421994,0.850103093892774,0.751011940370107,0.964666809028195,0.0110324391967741,0.0493569045039046,1.30665208558399,0.0512622991197695,1,FALSE,FALSE,"weak_effect",0.201864055592828,0.399441349640039,0.505365946151393,FALSE,FALSE,1,0.0512622991197695,FALSE,TRUE,FALSE,FALSE,376.616275867941,328.549130226822,546.203303316183,786.297553864974,882.244441265968,689.541959350638,328.503343287201,563.050317617207,682.338831029295,273.635868526442,0.170911675618804,0.217519824865792,0.18962625585626,8,FALSE,0.0705284032342102,0.124353158074892
"RT4_ZT10_leading_edge_dataset","26327","Tmem132a",465.428677038811,-0.0750217278054969,"downregulated",1,0.66356178158821,0.866109751066657,0.784757095079355,0.966134709866416,0.00789714335477159,0.0493569045039046,1.30665208558399,0.036693618642557,1,FALSE,FALSE,"weak_effect",-0.165814285310532,0.381181485388389,-0.435000889777169,FALSE,FALSE,1,0.036693618642557,FALSE,TRUE,FALSE,FALSE,351.440017317424,367.350177814959,329.328462293581,339.600637237378,806.525152418694,606.226873642135,370.484601215278,337.563342078562,712.37890535134,433.388601018758,0.129941438262582,0.241194106862862,0.172221082474421,9,FALSE,0.0624270718826991,0.105264749103698
"RT4_ZT10_leading_edge_dataset","86566","Hint1",1944.13373709239,0.0469412565411886,"upregulated",1,0.802713164699496,0.91715084453051,0.875350497416084,0.969532776445182,0.00271405037490652,0.0493569045039046,1.30665208558399,0.000442510805609125,1,FALSE,FALSE,"weak_effect",0.055928769482927,0.223860756904187,0.249837310730012,FALSE,FALSE,1,0.000442510805609125,FALSE,TRUE,FALSE,FALSE,1792.1385678409,1949.12275416771,1776.76721608146,2371.1005276394,2019.18103592731,1851.56815475871,1804.1445594591,1807.89853168558,2606.33406736976,1463.08195599398,0.0275388883661466,0.118779137518206,0.0596348375790793,9,FALSE,0.0375592296957242,0.0578180171322232
"RT4_ZT10_leading_edge_dataset","186224","Fam107a",685.144753060669,0.104948261750764,"upregulated",1,0.550941795846981,0.81156695675663,0.708083417635316,0.9626047912776,0.0157333791198991,0.0493569045039046,1.30665208558399,0.0174525773727252,1,FALSE,FALSE,"weak_effect",0.184780057846677,0.309851974721386,0.596349460134403,FALSE,FALSE,1,0.0174525773727252,FALSE,TRUE,FALSE,FALSE,518.9392068576,726.637800286928,758.258703427171,617.052138248307,1024.50492334267,762.99078490945,429.258362314585,497.672437135588,665.173074273841,850.960099810554,0.0668431937991812,0.189581166187132,0.113714005093482,11,FALSE,0.0906756437362749,0.149915576088945
"RT4_ZT10_leading_edge_dataset","194659","Itih3",532.442542198713,0.0125793253008682,"upregulated",1,0.95289093013568,0.974682614608638,0.970411095115889,0.972435049503037,0.000164087821822753,0.0493569045039046,1.30665208558399,0.00737488963416583,1,FALSE,FALSE,"weak_effect",0.0188949859851355,0.319837620129385,0.0590768089679126,FALSE,FALSE,1,0.00737488963416583,FALSE,TRUE,FALSE,FALSE,434.675810892603,439.913175901864,469.092248730369,477.77148474082,859.29920222134,651.173169879617,455.496648519633,429.626071736352,656.590195896114,450.787413468416,0.0662778919039462,0.220937298243301,0.120839268672122,10,FALSE,0.011136780366946,0.013044246642658
"RT4_ZT10_leading_edge_dataset","176414","Slc22a17",1214.03436744912,0.1954992501292,"upregulated",1,0.296597589254985,0.561253899667125,0.512244674210436,0.94903665766665,0.0567969403280099,0.0493569045039046,1.30665208558399,0.0913204363332271,1,FALSE,FALSE,"weak_effect",0.392382286166648,0.375932415361761,1.04375752165202,FALSE,FALSE,1,0.0913204363332271,FALSE,TRUE,FALSE,FALSE,1614.87715559746,1388.77515782994,1718.9339251421,1453.84586529727,713.596934287948,521.815536805888,1233.19945163726,1415.63124879587,496.376466178544,1583.29193291889,0.18975224531792,0.141950794987783,0.168818425851739,8,FALSE,0.250840628442019,0.290522548247496
"RT4_ZT10_leading_edge_dataset","309200","Nudt3",782.84167577466,-0.0039332764117738,"downregulated",1,0.978232124373222,0.992068743926766,0.986331524766366,0.972867905025813,2.35095309566124e-05,0.0493569045039046,1.30665208558399,0.0240504202399789,1,FALSE,FALSE,"weak_effect",-0.0110563957885858,0.405213313161488,-0.0272853715055001,FALSE,FALSE,1,0.0240504202399789,FALSE,TRUE,FALSE,FALSE,1116.4899965362,719.079154652875,1052.24459903559,774.644590822515,236.335962159674,424.24918643672,813.386872356488,1179.47033358676,669.464513462705,843.051548697073,0.21074698507068,0.175936690409025,0.195843456775271,8,FALSE,0.00345823301351073,0.00597708589364313
"RT4_ZT10_leading_edge_dataset","413132","Rnf220",730.393595077571,0.0999804043544168,"upregulated",1,0.564246477758561,0.819841524951161,0.717354241963521,0.963070225806657,0.0144238059297849,0.0493569045039046,1.30665208558399,0.0101122252160426,1,FALSE,FALSE,"weak_effect",0.165046539821846,0.286267987387692,0.57654556951324,FALSE,FALSE,1,0.0101122252160426,FALSE,TRUE,FALSE,FALSE,712.128456143201,772.997493509118,668.295806410388,645.907094353444,1061.21730581407,744.354515737811,488.032123413893,592.403651710995,952.699499927695,665.900003755099,0.0514509479048525,0.182807864472738,0.0969307449694675,10,FALSE,0.0862700884586114,0.144266329216418
"RT4_ZT10_leading_edge_dataset","62914","Bmerb1",646.107964720295,0.255804437073524,"upregulated",1,0.15842964558172,0.433041031256702,0.375868634809553,0.931806641253343,0.108707654653774,0.0493569045039046,1.30665208558399,0.0280305314485618,1,FALSE,FALSE,"weak_effect",0.376230628902298,0.26675971109636,1.41037275590089,FALSE,FALSE,1,0.0280305314485618,FALSE,TRUE,FALSE,FALSE,610.909620746224,623.840219663812,743.800380692331,669.767923440383,1002.70694625027,678.579448073203,502.72556368872,552.376377946738,590.788128333541,485.585038367733,0.0293954181658285,0.196186866905663,0.0837284767305359,10,FALSE,0.363470951674057,0.4249639134388
"RT4_ZT10_leading_edge_dataset","63022","Ntan1",367.438349243444,-0.107064840247967,"downregulated",1,0.532683861765938,0.801276199041192,0.695251392316413,0.961940868331949,0.0169010557637651,0.0493569045039046,1.30665208558399,0.0907283240379119,1,FALSE,FALSE,"weak_effect",-0.277764984487386,0.44519732906007,-0.623914310253885,FALSE,FALSE,1,0.0907283240379119,FALSE,TRUE,FALSE,FALSE,162.361177591091,277.654249624201,239.365565276798,310.190778130219,672.295504007617,625.959393941517,328.503343287201,246.834854879581,480.641189152711,330.577436543505,0.210868403989972,0.284115897820507,0.235154230077283,8,FALSE,0.0962177572696866,0.15785813274107
"RT4_ZT10_leading_edge_dataset","513701","Tf",755.284653589919,0.151411986086558,"upregulated",1,0.405643483133269,0.689030015914735,0.601580532910073,0.956273885432457,0.0334175680079055,0.0493569045039046,1.30665208558399,0.0598462300084561,1,FALSE,FALSE,"weak_effect",0.30605541935672,0.368038845369673,0.831584554748034,FALSE,FALSE,1,0.0598462300084561,FALSE,TRUE,FALSE,FALSE,660.74833665235,701.442314840086,994.411308096227,739.130798693116,1079.57349704977,628.151896197004,307.512714323163,620.422743345974,545.012776985664,1276.44014971583,0.139801755007856,0.179427932234624,0.161217580396056,9,FALSE,0.161761858698761,0.220706225917952
"RT4_ZT10_leading_edge_dataset","50224","Pde2a",1437.97596193666,0.249578405348567,"upregulated",1,0.11357126822352,0.358186307474178,0.32046170938358,0.92094825670502,0.123347601630835,0.0493569045039046,1.30665208558399,0.00309782878558315,1,FALSE,FALSE,"weak_effect",0.314238035762073,0.198590329222112,1.58234309290366,FALSE,FALSE,1,0.00309782878558315,FALSE,TRUE,FALSE,FALSE,1424.2569122864,1828.6883337318,1592.02198113629,1396.69085608902,1728.92376201276,1254.11129013852,1434.70948969203,1162.12518162224,1265.97456071473,1292.25725194279,0.00901153449170994,0.132341657590962,0.046593625020698,10,FALSE,0.445891020111967,0.494223855058951
"RT4_ZT10_leading_edge_dataset","53867","Fus",711.201865146793,0.0392185577708758,"upregulated",1,0.81452111258768,0.922452555892461,0.882897346391327,0.96978533607935,0.0021213234943443,0.0493569045039046,1.30665208558399,0.065655393429009,1,FALSE,FALSE,"weak_effect",0.114217903410283,0.48686742130328,0.234597548352151,FALSE,FALSE,1,0.065655393429009,FALSE,TRUE,FALSE,FALSE,824.137116633258,630.391045879991,1159.87877939495,903.382087291586,178.972864548103,202.806458632541,867.962507662988,1080.73639163492,449.170635101046,814.580764688542,0.364272782258068,0.185575421157977,0.283181454486928,6,FALSE,0.0350559614767292,0.0540897884806876
"RT4_ZT10_leading_edge_dataset","90888","Sez6",591.264753305763,-0.144786885113689,"downregulated",1,0.416427820842071,0.699257637727982,0.609889939361568,0.956843919121177,0.0310927708325866,0.0493569045039046,1.30665208558399,0.0907283240379119,1,FALSE,FALSE,"weak_effect",-0.333521396652075,0.410420087212791,-0.812634193703958,FALSE,FALSE,1,0.0907283240379119,FALSE,TRUE,FALSE,FALSE,386.378498571203,528.097374965812,338.967344116807,533.816687945028,828.323129511091,518.526783422658,312.760371564172,688.46910874521,1291.72319584791,485.585038367733,0.19600061845291,0.206940817496599,0.200514529896741,8,FALSE,0.155362781295368,0.214748530629498
"RT4_ZT10_leading_edge_dataset","331577","Scg5",699.285272501134,0.0790015214221002,"upregulated",1,0.650404422913041,0.864862097495179,0.775987363967535,0.965765087765927,0.0087016502792362,0.0493569045039046,1.30665208558399,0.0446681070626173,1,FALSE,FALSE,"weak_effect",0.178951275216321,0.394861221221514,0.453200429919986,FALSE,FALSE,1,0.0446681070626173,FALSE,TRUE,FALSE,FALSE,951.046011775661,779.04441001636,909.267851991057,864.538877150056,208.80167530612,439.596702225128,935.132520347911,728.496382509467,582.205249955814,594.72304373377,0.184544962303992,0.187370307982108,0.185704341848327,7,FALSE,0.0630531353922874,0.110145350653993
"RT4_ZT10_leading_edge_dataset","416884","Pink1",614.665961856729,-0.188937687720797,"downregulated",1,0.306265094029144,0.577327303687121,0.520632829128828,0.949816546185048,0.0535578735608994,0.0493569045039046,1.30665208558399,0.0766905243993865,1,FALSE,FALSE,"weak_effect",-0.372493127603098,0.364086222248156,-1.02309042430398,FALSE,FALSE,1,0.0766905243993865,FALSE,TRUE,FALSE,FALSE,303.656506190932,550.77331186797,416.078398702621,593.191309161367,815.703248036545,936.198463092917,594.034799682287,595.072136628612,951.269020198074,390.682425005961,0.124772923647918,0.20211746083366,0.157479578316788,10,FALSE,0.238577902816197,0.283468450402784
"RT4_ZT10_leading_edge_dataset","196801","Fkbp8",1715.7723357229,0.323025685962177,"upregulated",1,0.0470416986544879,0.204818723345204,0.212431526389491,0.885355999720847,0.217325553826485,0.0493569045039046,1.30665208558399,0.00879197023160136,1,FALSE,FALSE,"weak_effect",0.398772751488845,0.200799544420678,1.98592458284373,FALSE,FALSE,1,0.00879197023160136,FALSE,TRUE,FALSE,FALSE,2391.23076110423,1979.35733670392,1641.82287055629,1680.24629012219,2062.77699011211,1471.16901343173,1365.4404141107,1546.38700975911,1557.79242555745,1461.50024577129,0.0129728799946898,0.123907387012861,0.0477707058380559,9,FALSE,0.688630345187278,0.672781030335563
"RT4_ZT10_leading_edge_dataset","507892","Acsbg1",437.593901348892,0.011342521883177,"upregulated",1,0.950228403304241,0.973984113386847,0.968737497932149,0.97238874300216,0.000156457490656268,0.0493569045039046,1.30665208558399,0.0241178237873161,1,FALSE,FALSE,"weak_effect",0.0249962758180054,0.400453274779498,0.0624199560654588,FALSE,FALSE,1,0.0241178237873161,FALSE,TRUE,FALSE,FALSE,247.652175945904,340.139053532369,486.763532072951,396.755646445629,736.542173332577,468.099231546458,222.500667018807,378.924858301627,665.173074273841,433.388601018758,0.151801605910277,0.25143164590597,0.190141416326612,10,FALSE,0.0114481268223052,0.0137938892485913
"RT4_ZT10_leading_edge_dataset","200505","Dusp26",1490.75381679115,-0.0261172245907107,"downregulated",1,0.8780987229376,0.944851023287537,0.923279943677715,0.971068637107545,0.000905395338156594,0.0493569045039046,1.30665208558399,0.0119632119993632,1,FALSE,FALSE,"weak_effect",-0.051874991633577,0.338212527851698,-0.153379864321063,FALSE,FALSE,1,0.0119632119993632,FALSE,TRUE,FALSE,FALSE,2027.459515109,1248.6882587455,1208.07318851109,2022.06653936765,812.261462179851,1326.46386456959,2010.90225475488,1215.49487997459,2191.49494577962,844.63325891977,0.141204074727515,0.130497379433697,0.136672112923072,6,FALSE,0.024636662246888,0.03466659847458
"RT4_ZT10_leading_edge_dataset","542583","Chchd2",1389.00756677884,0.118992343066523,"upregulated",1,0.486610676089857,0.7592148244101,0.662244155769774,0.960119594533451,0.0212974715558036,0.0493569045039046,1.30665208558399,0.00876735993571298,1,FALSE,FALSE,"weak_effect",0.188298539781359,0.27065678574712,0.695709657755597,FALSE,FALSE,1,0.00876735993571298,FALSE,TRUE,FALSE,FALSE,1382.63901549881,1745.54323175723,1808.89682215889,1652.5011400211,807.672414370925,987.72226609686,1479.83934196471,1408.96003650183,1270.26599990359,1346.03539951446,0.0591289394302399,0.13417816158728,0.087197353634879,12,FALSE,0.119635320474536,0.178981865613801
"RT4_ZT10_leading_edge_dataset","353363","Prnp",1266.89700794141,-0.378643105014197,"downregulated",1,0.0361252496334151,0.177736228196402,0.188269414427707,0.872518481093664,0.274599639014663,0.0493569045039046,1.30665208558399,0.0343401963572203,1,FALSE,FALSE,"weak_effect",-0.484819631692431,0.231360627836448,-2.095514851538,FALSE,FALSE,1,0.0343401963572203,FALSE,TRUE,FALSE,FALSE,886.307061217188,874.78725471436,1029.75387478139,1276.27690465028,1213.80314546085,1384.56517433999,1789.45111918427,1247.51669898599,1338.92902692541,1627.57981915439,0.0256792107124887,0.139376200677191,0.0634463617933431,10,FALSE,0.750224040387341,0.725220228173353
"RT4_ZT10_leading_edge_dataset","172656","Cct4",485.904453720523,-0.0323018680391455,"downregulated",1,0.8488269927244,0.942651847061717,0.904734988230625,0.970493110034644,0.00140444045741618,0.0493569045039046,1.30665208558399,0.0225518878222487,1,FALSE,FALSE,"weak_effect",-0.0711064702954574,0.373036507191115,-0.190615312240815,FALSE,FALSE,1,0.0225518878222487,FALSE,TRUE,FALSE,FALSE,255.87299506444,488.288507959801,375.916391105843,492.753865795411,757.192888472742,622.670640558287,332.701469080009,402.941222560181,705.226506703234,425.480049905277,0.122649539173016,0.234411937816101,0.164930855900273,8,FALSE,0.0256486771654279,0.0434786141691307
"RT4_ZT10_leading_edge_dataset","287384","Tnpo1",854.925179285913,0.00062460974595972,"upregulated",1,0.999508528366767,0.999508528366767,0.999691418522696,0.973220788845958,8.37201384271259e-08,0.0493569045039046,1.30665208558399,0.00309782878558315,1,FALSE,FALSE,"weak_effect",0.000177946563196932,0.288889117588511,0.000615968384971829,FALSE,FALSE,1,0.00309782878558315,FALSE,TRUE,FALSE,FALSE,609.882018356407,882.345900348413,793.601270112336,926.688013376504,1062.3645677663,764.087036037193,960.321275104757,655.113047274997,643.715878329524,1251.13278615269,0.0597423156893451,0.167868686776541,0.0989787636791264,11,FALSE,0.000213495886209433,0.000134035914374805
"RT4_ZT10_leading_edge_dataset","40472","LOC100362069",1002.55552574557,0.467045891218965,"upregulated",1,0.0152799767033519,0.0942991054502867,0.127755228312968,0.822832142798238,0.417362164674411,0.0493569045039046,1.30665208558399,0.0792739459605236,1,FALSE,FALSE,"weak_effect",0.587870785732775,0.242353554013255,2.42567429277568,FALSE,FALSE,1,0.0792739459605236,FALSE,TRUE,FALSE,FALSE,1255.73012035641,1351.98974907755,1029.75387478139,978.848895566559,1403.10136757904,773.953296186884,654.907623677998,900.613659695769,987.031013438603,689.625657095542,0.026614271792797,0.154966261866384,0.0693804905406048,10,FALSE,1.02549242709138,0.893621317565
"RT4_ZT10_leading_edge_dataset","549536","LOC367275",1283.06474048353,0.325506278397256,"upregulated",1,0.0668300551442505,0.254886721945514,0.249825199598392,0.900813820126419,0.196073184761775,0.0493569045039046,1.30665208558399,0.026227847821929,1,FALSE,FALSE,"weak_effect",0.435129619217768,0.237410522766051,1.83281521875319,FALSE,FALSE,1,0.026227847821929,FALSE,TRUE,FALSE,FALSE,1497.73048315832,1671.97241425245,1322.13329008594,1262.40432959973,1622.22840045524,1285.90257284308,1198.56491384659,1182.13881850437,1059.98547964928,727.586702440251,0.029412785602179,0.138631140279842,0.0668131350342854,9,FALSE,0.593652788053657,0.602363756936455
"RT4_ZT10_leading_edge_dataset","198265","LOC103694242",746.586155954011,-0.337500898109432,"downregulated",1,0.0790703719385554,0.277875878526923,0.270196463990648,0.907600922763648,0.191808624760703,0.0493569045039046,1.30665208558399,0.0607121081939816,1,FALSE,FALSE,"weak_effect",-0.483310868830308,0.275217422721967,-1.75610564204201,FALSE,FALSE,1,0.0607121081939816,FALSE,TRUE,FALSE,FALSE,520.480610442325,611.242476940391,626.527318509739,461.679297682186,894.864322740514,936.198463092917,669.601063952825,868.591840684364,875.453594528153,1001.22257096669,0.0441012765115619,0.180583474676292,0.0895410503368049,9,FALSE,0.556149151233873,0.568320338805469
"RT4_ZT10_leading_edge_dataset","160209","Uqcr10",871.925841024082,-0.103522505203125,"downregulated",1,0.55332612799401,0.812646134247919,0.709749666035694,0.962689306834616,0.0154139630342475,0.0493569045039046,1.30665208558399,0.0538429494379125,1,FALSE,FALSE,"weak_effect",-0.231625331119064,0.39074194162734,-0.592783385767098,FALSE,FALSE,1,0.0538429494379125,FALSE,TRUE,FALSE,FALSE,987.525896614165,913.588302302497,854.647521659439,970.525350536231,283.373702201163,585.398102215009,1463.04683879348,1119.42942294037,527.84702023021,1013.87625274826,0.1940766356711,0.166160283429275,0.182160624639752,7,FALSE,0.0900985262373138,0.148894803154186
"RT4_ZT10_leading_edge_dataset","289257","Selenop",557.349331990273,-0.0416714794545373,"downregulated",1,0.80716730829616,0.91715084453051,0.878199275314264,0.969628606958867,0.00235056004161574,0.0493569045039046,1.30665208558399,0.0106522301170693,1,FALSE,FALSE,"weak_effect",-0.0780570025363658,0.319798267063266,-0.244082005988243,FALSE,FALSE,1,0.0106522301170693,FALSE,TRUE,FALSE,FALSE,356.578029266509,519.027000204949,546.203303316183,479.436193746886,811.11420022762,686.253205967408,418.763047832566,453.642435994906,606.523405359374,695.952497986327,0.0691185147960128,0.214650206952137,0.120911058552106,11,FALSE,0.0375592296957242,0.0564069256091604
"RT4_ZT10_leading_edge_dataset","264264","Scamp1",359.952089416282,-0.0850201872461703,"downregulated",1,0.621622757034646,0.851917538888706,0.756646480599911,0.9649206957276,0.0102965384245985,0.0493569045039046,1.30665208558399,0.0533109223432499,1,FALSE,FALSE,"weak_effect",-0.199822698968603,0.404866731174291,-0.493551787742672,FALSE,FALSE,1,0.0533109223432499,FALSE,TRUE,FALSE,FALSE,182.913225387431,278.662069042074,322.902541078096,248.596544905793,643.613955201831,491.120505229071,290.720211151932,357.576978960691,324.718898624004,458.695964581897,0.138650100498907,0.288355918360358,0.193910726035575,12,FALSE,0.0696024406074504,0.12110698362479
"RT4_ZT10_leading_edge_dataset","368120","Ptn",1008.35064004645,0.0590369946180623,"upregulated",1,0.736135891681365,0.895789546376886,0.832436917883922,0.968012378761247,0.00470221795068292,0.0493569045039046,1.30665208558399,0.0386289953568772,1,FALSE,FALSE,"weak_effect",0.135824175149513,0.403069227547024,0.336974806973243,FALSE,FALSE,1,0.0386289953568772,FALSE,TRUE,FALSE,FALSE,923.814548445509,1112.12872762361,1055.45755964333,1761.8170314194,425.63418427786,756.413278142989,1733.82595242957,1131.43760506965,524.986060770967,657.991452641618,0.225041286457957,0.154536849806415,0.194057356739012,10,FALSE,0.0477940099615745,0.0796486674347797
"RT4_ZT10_leading_edge_dataset","399335","Smim10l1",473.280262168014,-0.214710579691824,"downregulated",1,0.251618926024765,0.532093751091614,0.471642461066464,0.944891161678503,0.0700787641142599,0.0493569045039046,1.30665208558399,0.0708818480617921,1,FALSE,FALSE,"weak_effect",-0.393259018731988,0.343030440322251,-1.14642600919776,FALSE,FALSE,1,0.0708818480617921,FALSE,TRUE,FALSE,FALSE,333.456975495626,354.248525382601,293.985895608416,357.357533302077,707.860624526791,685.156954839664,560.449793339826,503.009406970822,545.012776985664,392.264135228657,0.0830024997652218,0.238524065084746,0.139076298555882,11,FALSE,0.274011841399213,0.326387103117343
"RT4_ZT10_leading_edge_dataset","557606","Tspan7",1105.0977738457,0.117243664549262,"upregulated",1,0.509700673520083,0.783664785537127,0.67890437056552,0.961060145046174,0.019719375550556,0.0493569045039046,1.30665208558399,0.031377917291484,1,FALSE,FALSE,"weak_effect",0.224756605155278,0.340899885071692,0.65930384549121,FALSE,FALSE,1,0.031377917291484,FALSE,TRUE,FALSE,FALSE,1248.02310243278,1189.22691309095,1502.0590841195,1431.09484221437,583.956333685797,520.719285678145,1062.12582558034,1424.97094600753,813.942966154442,1274.85843949314,0.131959622442964,0.148033186202623,0.138587241231532,8,FALSE,0.105869668085356,0.168191395469992
"RT4_ZT10_leading_edge_dataset","472448","Nudt4",670.245934448632,0.136047801674213,"upregulated",1,0.445094647061844,0.715642373707278,0.631615016728272,0.958266369515427,0.0271480059333249,0.0493569045039046,1.30665208558399,0.0913204363332271,1,FALSE,FALSE,"weak_effect",0.320946292376954,0.420296667110065,0.763618456895606,FALSE,FALSE,1,0.0913204363332271,FALSE,TRUE,FALSE,FALSE,1058.94426270645,666.168635214507,861.073442874923,887.289900232952,248.95584363422,323.394082684321,1055.82863689113,663.118502027848,466.3363918565,471.349646363467,0.224195242743195,0.192011509085123,0.210510486591611,7,FALSE,0.145303952450081,0.199547553133824
"RT4_ZT10_leading_edge_dataset","205275","Tmem59l",715.299510660949,0.0790261190723148,"upregulated",1,0.647853452832649,0.863898083715649,0.774282042464872,0.96569227373788,0.00877986607667901,0.0493569045039046,1.30665208558399,0.0610392058767439,1,FALSE,FALSE,"weak_effect",0.196784788260244,0.430840524236851,0.456746237157728,FALSE,FALSE,1,0.0610392058767439,FALSE,TRUE,FALSE,FALSE,1056.37525673191,791.138243030844,1005.65667022332,684.195401492952,282.226440248931,349.704109750165,842.773752906142,769.857898732532,301.831222950066,1069.23611054263,0.24933094258608,0.18497204823812,0.221419266997217,9,FALSE,0.0635374893389762,0.1111008129938
"RT4_ZT10_leading_edge_dataset","302392","Tspan2",423.151748949282,-0.161573309265948,"downregulated",1,0.372387888251074,0.650875322197104,0.575433005670048,0.954377629315165,0.0387784394914712,0.0493569045039046,1.30665208558399,0.074207203379873,1,FALSE,FALSE,"weak_effect",-0.338494983296548,0.379474677292784,-0.892009410776526,FALSE,FALSE,1,0.074207203379873,FALSE,TRUE,FALSE,FALSE,227.100128149563,272.111242825895,342.18030472455,366.790884336449,661.970146437534,677.48319694546,377.831321352691,373.587888466393,530.707979689452,401.754396564834,0.119179143424386,0.257274119618746,0.170436403006974,12,FALSE,0.186502194331208,0.240005231480667
"RT4_ZT10_leading_edge_dataset","530004","Map4",590.948678271783,-0.00283615550072126,"downregulated",1,0.984290023857525,0.992068743926766,0.990135753719285,0.972969332213464,1.22103779476153e-05,0.0493569045039046,1.30665208558399,0.00945914386794836,1,FALSE,FALSE,"weak_effect",-0.00662521704435045,0.336462434128869,-0.0196908075681724,FALSE,FALSE,1,0.00945914386794836,FALSE,TRUE,FALSE,FALSE,425.941190579159,607.715108977833,485.15705176908,585.977570135083,843.2375348901,782.723305208832,320.107091701586,552.376377946738,765.306655347323,540.9448961621,0.0910266663583804,0.207008580193405,0.134148903227522,12,FALSE,0.00345823301351073,0.0043052568677952
"RT4_ZT10_leading_edge_dataset","480656","Eef1d",265.736403299315,-0.0552063681737962,"downregulated",1,0.726476759526134,0.895789546376886,0.826151667791359,0.967776863009332,0.00457882810485665,0.0493569045039046,1.30665208558399,0.0968567469672562,1,FALSE,FALSE,"weak_effect",-0.18136613610651,0.518461461684946,-0.349816041325595,FALSE,FALSE,1,0.0968567469672562,FALSE,TRUE,FALSE,FALSE,123.312286778044,192.493508813874,218.481321326473,142.055168517596,570.18919025902,481.25424507938,173.172688953317,202.804853738899,359.050412134912,194.550357391632,0.291036690255462,0.362139495751094,0.31883451427575,9,FALSE,0.0477940099615745,0.0829402160714857
"RT4_ZT10_leading_edge_dataset","120571","Stx1a",465.165553121212,-0.0453010161351708,"downregulated",1,0.789969471163152,0.912359107540542,0.867185956256416,0.969254747275445,0.00280357859467814,0.0493569045039046,1.30665208558399,0.0213343144716033,1,FALSE,FALSE,"weak_effect",-0.0955586632377385,0.358770681851868,-0.266350256783785,FALSE,FALSE,1,0.0213343144716033,FALSE,TRUE,FALSE,FALSE,304.170307385841,360.79935159878,539.777382100698,316.294711152459,729.658601619188,537.163052594297,377.831321352691,585.732439416952,341.884655379458,558.343708611758,0.10071935111504,0.241285146786776,0.152294252986162,12,FALSE,0.0398341882874109,0.0618877639811151
"RT4_ZT10_leading_edge_dataset","56928","Eef1g",725.908899756608,0.0557867250478921,"upregulated",1,0.747606123751923,0.895789546376886,0.83987939449805,0.968286843481524,0.00422768948679036,0.0493569045039046,1.30665208558399,0.0382712794087491,1,FALSE,FALSE,"weak_effect",0.130205194009405,0.404618439331043,0.321797479681533,FALSE,FALSE,1,0.0382712794087491,FALSE,TRUE,FALSE,FALSE,948.990806996027,882.345900348413,1031.36035508526,651.456124373662,278.784654392237,356.281616516625,824.931718286709,976.665479847856,432.004878345592,876.267463373694,0.203699286613905,0.183441480436739,0.195138924866733,7,FALSE,0.0477940099615745,0.0757830735387487
"RT4_ZT10_leading_edge_dataset","321237","Tubb4b",2177.65095179652,0.277872978243761,"upregulated",1,0.122017433406289,0.368485141261365,0.331589463285583,0.923397924181212,0.133212105204436,0.0493569045039046,1.30665208558399,0.0222178560427116,1,FALSE,FALSE,"weak_effect",0.38179227943346,0.246897267820151,1.54636089254568,FALSE,FALSE,1,0.0222178560427116,FALSE,TRUE,FALSE,FALSE,3187.62261321243,2486.79441360332,2584.82680892864,2335.03183250798,1725.48197615607,1710.1517592798,1672.95312843386,2585.76188517096,2032.71169579167,1455.1734048805,0.0490908912029798,0.114647361789394,0.0727004385116492,12,FALSE,0.433580019876304,0.479399278211128
"RT4_ZT10_leading_edge_dataset","414693","Map7d1",646.004064945856,-0.306786643580065,"downregulated",1,0.112709786453807,0.357762677001761,0.319304895318288,0.920684574815407,0.152103106988839,0.0493569045039046,1.30665208558399,0.0674160963500681,1,FALSE,FALSE,"weak_effect",-0.468126908158044,0.295137763541825,-1.5861301601674,FALSE,FALSE,1,0.0674160963500681,FALSE,TRUE,FALSE,FALSE,341.677794614162,498.870611847475,502.828335111662,588.19718214317,780.138127517371,884.674660088974,615.025428646325,780.531838403,805.360087776715,662.736583309707,0.0521859836607372,0.196205513799732,0.102965471713166,10,FALSE,0.446404968457442,0.495794423166091
"RT4_ZT10_leading_edge_dataset","219779","Gdi2",498.8468548828,-0.0376435034540884,"downregulated",1,0.825384851767845,0.928787518101388,0.889826297494704,0.970013558250482,0.00190832850378293,0.0493569045039046,1.30665208558399,0.0111172604164887,1,FALSE,FALSE,"weak_effect",-0.0718699503163823,0.325756941834727,-0.22062446286362,FALSE,FALSE,1,0.0111172604164887,FALSE,TRUE,FALSE,FALSE,337.567385054894,455.534376878906,453.027445691657,441.7027896094,745.720268950428,716.948237544225,419.812579280768,527.025771229376,487.793587800817,403.33610678753,0.0684015495472015,0.230412223400402,0.125305380853629,10,FALSE,0.0320836296778757,0.0506947634698882
"RT4_ZT10_leading_edge_dataset","202868","Rps24",942.524977980353,-0.392291021630358,"downregulated",1,0.050649927497056,0.218594423934663,0.219771833818466,0.888759122519719,0.258138463815604,0.0493569045039046,1.30665208558399,0.0969461332257486,1,FALSE,FALSE,"weak_effect",-0.553628919768674,0.283268176039845,-1.95443387784867,FALSE,FALSE,1,0.0969461332257486,FALSE,TRUE,FALSE,FALSE,698.76962507558,873.779435296486,571.906988178121,681.975789484864,992.381588680185,1049.11232925049,1178.62381633076,853.91517363747,1642.1907296051,882.594304264478,0.0582038917126387,0.159725125358874,0.0952365218136346,11,FALSE,0.660360920544107,0.658027967968226
"RT4_ZT10_leading_edge_dataset","94258","Rpl19",926.190539119974,0.00243291420597173,"upregulated",1,0.992101729171842,0.994511435289234,0.995040844810624,0.973098996378686,5.25288512495985e-06,0.0493569045039046,1.30665208558399,0.019513180316035,1,FALSE,FALSE,"weak_effect",0.00381028044134827,0.384908842776003,0.00989917616303154,FALSE,FALSE,1,0.019513180316035,FALSE,TRUE,FALSE,FALSE,1238.77468092443,859.166053737318,1055.45755964333,1068.18827889208,414.161564755545,394.650405987646,925.686737314094,1058.05426983518,716.670344540203,1531.09549556992,0.188457172993046,0.161126787216367,0.176785967002365,7,FALSE,0.00239021881962511,0.00215909180523766
"RT4_ZT10_leading_edge_dataset","373149","Cnbp",516.85631220844,0.152503032544487,"upregulated",1,0.404845914690671,0.689030015914735,0.600962857834702,0.95623091041003,0.03372640684906,0.0493569045039046,1.30665208558399,0.0550458566777331,1,FALSE,FALSE,"weak_effect",0.299174057439423,0.359153436171923,0.832997898135692,FALSE,FALSE,1,0.0550458566777331,FALSE,TRUE,FALSE,FALSE,495.304351891808,572.945339061191,355.032147155519,610.948205226066,816.850509988777,661.039430029308,322.20615459799,369.585161089967,645.146358059145,319.505464984632,0.107886149086624,0.225179885194774,0.15277912437081,12,FALSE,0.161761858698761,0.221152368489601
"RT4_ZT10_leading_edge_dataset","543506","Ndufv2",1566.8062727618,0.35403195311049,"upregulated",1,0.0650710483673707,0.254483317101476,0.246749814513294,0.899701595969058,0.215160499739087,0.0493569045039046,1.30665208558399,0.0569795462699168,1,FALSE,FALSE,"weak_effect",0.490759804097132,0.266027681864935,1.84476968959304,FALSE,FALSE,1,0.0569795462699168,FALSE,TRUE,FALSE,FALSE,2713.89791150677,1713.7969200942,1502.0590841195,2010.96847932722,1211.50862155639,1170.79620443002,1492.43371934313,1459.66124993655,1363.24718232897,1029.69335497522,0.059834981717552,0.128058309480315,0.0842711596433433,12,FALSE,0.594340682986366,0.607743165125938
"RT4_ZT10_leading_edge_dataset","223914","Diras2",235.87066930462,0.0429392948635459,"upregulated",1,0.794010901273424,0.914879071256498,0.869777483884162,0.969343545334353,0.00260177084970532,0.0493569045039046,1.30665208558399,0.0777612612853716,1,FALSE,FALSE,"weak_effect",0.132113555847877,0.505977056778457,0.2611058230368,FALSE,FALSE,1,0.0777612612853716,FALSE,TRUE,FALSE,FALSE,187.023634946699,138.071260248695,237.759084972927,114.864921418525,556.422046832243,164.437669161519,205.708163847576,246.834854879581,165.935648636055,341.649408102379,0.245579142627781,0.397832281498887,0.30286766870494,8,FALSE,0.0386363071978295,0.060591839199347
"RT4_ZT10_leading_edge_dataset","406003","Vcp",419.116502996939,-0.0656304590489986,"downregulated",1,0.702198092240224,0.888127150082752,0.810275896914198,0.967166243255413,0.00599646338636332,0.0493569045039046,1.30665208558399,0.029623090976321,1,FALSE,FALSE,"weak_effect",-0.142531722236701,0.372773303472175,-0.382354961873871,FALSE,FALSE,1,0.029623090976321,FALSE,TRUE,FALSE,FALSE,229.669134124106,311.416200122969,395.194154752297,397.310549447651,659.675622533071,522.911787933632,285.472553910922,413.61516223065,583.635729685435,392.264135228657,0.109599560698067,0.258978518941413,0.164349939995072,12,FALSE,0.0515248533359771,0.091367079756161
"RT4_ZT10_leading_edge_dataset","452572","Prepl",948.768322760381,0.116789596651796,"upregulated",1,0.48762578153169,0.7592148244101,0.662981894555646,0.960162203904111,0.0208467481538902,0.0493569045039046,1.30665208558399,0.005090554702738,1,FALSE,FALSE,"weak_effect",0.177131210338664,0.255199203652677,0.694089980702828,FALSE,FALSE,1,0.005090554702738,FALSE,TRUE,FALSE,FALSE,976.222270326178,1061.73775672993,819.304954974274,996.605791631258,1180.53254884614,950.449727753582,1058.97723123574,573.724257287675,862.579276961562,1007.54941185748,0.0341936073169612,0.159202131584851,0.0770688725795493,9,FALSE,0.119635320474536,0.178498331628321
"RT4_ZT10_leading_edge_dataset","16739","Mfge8",422.693431688327,0.0219895936698157,"upregulated",1,0.901026061984377,0.953343704293147,0.937760021364483,0.971502639432055,0.000613691870659774,0.0493569045039046,1.30665208558399,0.0225518878222487,1,FALSE,FALSE,"weak_effect",0.0475534355163619,0.382369060716484,0.124365280567565,FALSE,FALSE,1,0.0225518878222487,FALSE,TRUE,FALSE,FALSE,286.187265564043,485.26504970618,427.323760829719,243.602417887596,706.71336257456,476.869240568406,268.680050739692,361.579706337116,557.887094552254,412.826368123708,0.123022401829458,0.257466064625401,0.173046406356215,12,FALSE,0.0207504970876958,0.0279082860681581
"RT4_ZT10_leading_edge_dataset","76729","Rpl23",843.578093234616,-0.110561796002619,"downregulated",1,0.52997405750209,0.799838148131988,0.693335573238494,0.961839716770298,0.0175855741537457,0.0493569045039046,1.30665208558399,0.0477572059253566,1,FALSE,FALSE,"weak_effect",-0.235223574700053,0.374532627102006,-0.628045616533131,FALSE,FALSE,1,0.0477572059253566,FALSE,TRUE,FALSE,FALSE,1158.10789332379,841.025304215592,809.666073151047,740.795507699181,323.527870529263,458.232971396767,963.469869449363,837.904264131767,896.91079047247,1406.14038797692,0.165987241991285,0.169047277969723,0.167219759156067,7,FALSE,0.0969978861138266,0.159056516713324
"RT4_ZT10_leading_edge_dataset","88470","Stx8",281.58469034151,-0.0830377469566434,"downregulated",1,0.615038270310938,0.850103093892774,0.752189443039563,0.964720169404754,0.0102695078637552,0.0493569045039046,1.30665208558399,0.0984551724691532,1,FALSE,FALSE,"weak_effect",-0.243363859239516,0.4839260258024,-0.502894753048245,FALSE,FALSE,1,0.0984551724691532,FALSE,TRUE,FALSE,FALSE,170.581996709627,185.942682597695,199.20355768002,178.123863649017,556.422046832243,424.24918643672,136.43908826625,285.527886185029,426.282959427107,253.073635631392,0.234425602828055,0.346273969513445,0.277485833612948,8,FALSE,0.0705284032342102,0.123672766183278
"RT4_ZT10_leading_edge_dataset","533624","Mea1",476.070142013384,0.0950706038523429,"upregulated",1,0.590221128065907,0.83660043380648,0.735273451047224,0.963937777986443,0.0126967851550989,0.0493569045039046,1.30665208558399,0.0235133641253902,1,FALSE,FALSE,"weak_effect",0.179467838593501,0.333263945803528,0.538515614585275,FALSE,FALSE,1,0.0235133641253902,FALSE,TRUE,FALSE,FALSE,293.380482292762,522.554368167507,467.485768426497,499.967604821695,745.720268950428,485.639249590354,399.871481764932,449.63970861848,572.191891848466,324.250595652721,0.0700253000742297,0.23759653414234,0.13109695026334,11,FALSE,0.0774819145585063,0.133551115072527
"RT4_ZT10_leading_edge_dataset","343401","Kif5c",585.358041985561,0.104347660626479,"upregulated",1,0.548471472557772,0.81156695675663,0.706354807626644,0.962516707008308,0.0157541066271037,0.0493569045039046,1.30665208558399,0.074207203379873,1,FALSE,FALSE,"weak_effect",0.256169392650069,0.426911873280958,0.600052162244454,FALSE,FALSE,1,0.074207203379873,FALSE,TRUE,FALSE,FALSE,682.841788033416,620.312851701254,1071.52236268204,643.132579343334,168.64750697802,331.067840578526,685.344035675854,615.08577351074,407.686722942032,627.938958410391,0.223390064146536,0.208219240011698,0.217016149232325,7,FALSE,0.0906756437362749,0.15097709457519
"RT4_ZT10_leading_edge_dataset","469988","Gpx4",1792.63352592668,0.32005602525343,"upregulated",1,0.0867988429950367,0.296562713566375,0.282262382532646,0.911199979735865,0.175821816336907,0.0493569045039046,1.30665208558399,0.0411566884373121,1,FALSE,FALSE,"weak_effect",0.447242233742648,0.261158609219932,1.71253107480752,FALSE,FALSE,1,0.0411566884373121,FALSE,TRUE,FALSE,FALSE,2673.307617109,2362.83262520486,2147.86416627569,1717.42479125765,1439.81375005044,1282.61381945985,2084.36945612901,1527.70761533579,1122.92658775261,1567.47483069193,0.0568901560379909,0.122035463177926,0.0812851866356845,12,FALSE,0.527883453140108,0.549346996975563
"RT4_ZT10_leading_edge_dataset","557964","Syp",1055.58613619692,0.300675297261586,"upregulated",1,0.125732196962415,0.370420604224599,0.336367608407066,0.924403807098457,0.142275290887346,0.0493569045039046,1.30665208558399,0.0817913066847944,1,FALSE,FALSE,"weak_effect",0.476420640950174,0.311152062111797,1.53115051758518,FALSE,FALSE,1,0.0817913066847944,FALSE,TRUE,FALSE,FALSE,1897.98161399205,1227.52405097015,1302.85552643948,973.854768548362,737.689435284808,596.360613492444,740.969202430556,1064.72548212922,894.049831013228,1119.85083766891,0.0924404167286879,0.151212586086241,0.115201606341435,9,FALSE,0.43130486418186,0.473185832634489
"RT4_ZT10_leading_edge_dataset","189904","Tpt1",4444.16090884928,0.0928271534145792,"upregulated",1,0.568032387429582,0.819841524951161,0.71998053999492,0.963199978495455,0.0132445078625549,0.0493569045039046,1.30665208558399,0.0013169628532736,1,FALSE,FALSE,"weak_effect",0.130199239138853,0.228038974725839,0.570951694969623,FALSE,FALSE,1,0.0013169628532736,FALSE,TRUE,FALSE,FALSE,4882.13895402071,5212.44202924271,4446.73748111527,5146.72534375274,3534.71407482503,4148.21426738126,5919.35736785883,3690.51464106444,4400.1556483147,3060.60928091714,0.0382966763413285,0.0971040399270118,0.0622150223638792,12,FALSE,0.0862700884586114,0.142679241745172
"RT4_ZT10_leading_edge_dataset","100439","App",4220.38670460493,0.127547375008932,"upregulated",1,0.434519568768381,0.710742229163318,0.623659569926202,0.957756500923619,0.0261538965213361,0.0493569045039046,1.30665208558399,0.00409272176797736,1,FALSE,FALSE,"weak_effect",0.190087916295131,0.243240569897712,0.781481133575158,FALSE,FALSE,1,0.00409272176797736,FALSE,TRUE,FALSE,FALSE,5613.79185557043,3835.76070442725,3943.90914600361,5655.57139660678,3440.63859474205,3842.36020274084,5500.59432002627,3827.94161432172,3667.75002674866,2875.54918486169,0.055160286721659,0.0979977573913203,0.0708054678471006,8,FALSE,0.148287879931491,0.205052409110768
"RT4_ZT10_leading_edge_dataset","410960","RGD1560729",1208.79538096773,-0.0603441442724059,"downregulated",1,0.722666582426758,0.895789546376886,0.823667685583351,0.9676828263258,0.00508387178149192,0.0493569045039046,1.30665208558399,0.0110778947956357,1,FALSE,FALSE,"weak_effect",-0.110382745226009,0.311027349209026,-0.354897231728089,FALSE,FALSE,1,0.0110778947956357,FALSE,TRUE,FALSE,FALSE,892.47267555609,1364.08358209203,1002.44370961558,1408.34381913148,1146.1146902792,1702.4780013856,1625.72421326477,1168.79639391629,1200.17249315216,577.324231284112,0.0974256363580328,0.142218216136054,0.115306787249853,10,FALSE,0.0477940099615745,0.0842479720740139
"RT4_ZT10_leading_edge_dataset","481896","Cbx6",1588.95773559057,-0.211422560162297,"downregulated",1,0.237800654015173,0.525614472929513,0.458569429357867,0.94340901054064,0.0715866008247707,0.0493569045039046,1.30665208558399,0.02496064033248,1,FALSE,FALSE,"weak_effect",-0.328310566607052,0.2781110015703,-1.18050190302904,FALSE,FALSE,1,0.02496064033248,FALSE,TRUE,FALSE,FALSE,1887.70559009388,1456.29905882748,1188.79542486463,1587.02258578252,923.5458715463,1858.14566152517,2530.42032161483,1459.66124993655,1729.44999311199,1268.53159860235,0.0710302058955746,0.127391798960522,0.0922292889979027,8,FALSE,0.279332684873529,0.338594900987944
"RT4_ZT10_leading_edge_dataset","91106","Aldoc",4763.69593371197,0.354545926076852,"upregulated",1,0.044637136407099,0.196084563502613,0.207379430567792,0.882890165291628,0.242237945549742,0.0493569045039046,1.30665208558399,0.026227847821929,1,FALSE,FALSE,"weak_effect",0.457765081113292,0.227964081557719,2.00805792730724,FALSE,FALSE,1,0.026227847821929,FALSE,TRUE,FALSE,FALSE,7849.85465581229,5372.68531668462,4239.5015219159,5288.22560926831,4813.91115156307,3703.13630951742,4808.9530956612,3469.03039290222,4716.29166856098,3375.36961523369,0.0461039514315788,0.0959734192967416,0.0621799101358392,12,FALSE,0.707556594244042,0.683234322363175
"RT4_ZT10_leading_edge_dataset","476243","Cox6c",1386.38617097529,-0.294188696055612,"downregulated",1,0.117711666874224,0.361963375638239,0.325964070301243,0.922178825617199,0.14321996168892,0.0493569045039046,1.30665208558399,0.0482443662055462,1,FALSE,FALSE,"weak_effect",-0.434541987144269,0.277760030674217,-1.56445110583222,FALSE,FALSE,1,0.0482443662055462,FALSE,TRUE,FALSE,FALSE,1515.71352498012,1183.68390629265,806.453112543305,1140.88057215694,1248.22100402779,1618.06666454935,2448.55686865508,1339.57942864378,1373.26054043632,1189.44608746754,0.0659371235518981,0.134280132431525,0.0918950324999648,12,FALSE,0.441335370248274,0.486830267815072
"RT4_ZT10_leading_edge_dataset","83846","Fbxl16",1565.53697254977,-0.132140789625235,"downregulated",1,0.411467801413305,0.695677519915279,0.606077943254915,0.956584268598005,0.0287368584798692,0.0493569045039046,1.30665208558399,0.00406216609312752,1,FALSE,FALSE,"weak_effect",-0.19691204095239,0.239752634332799,-0.821313356995518,FALSE,FALSE,1,0.00406216609312752,FALSE,TRUE,FALSE,FALSE,1620.52896874146,1307.64569469111,1593.62846144016,1651.39133401705,1122.02218928234,1778.1193291999,2209.26369846504,1706.49610481613,1366.10814178821,1300.16580305627,0.0358088178114783,0.128097072532584,0.0683588099113099,10,FALSE,0.157592030183367,0.217471520802697
"RT4_ZT10_leading_edge_dataset","496919","Atf4",1593.47410241559,-0.225483526687867,"downregulated",1,0.188648682239362,0.478428616813226,0.409148517464111,0.937004019684738,0.0875144449840455,0.0493569045039046,1.30665208558399,0.0104994942825421,1,FALSE,FALSE,"weak_effect",-0.312486604868305,0.237707023548497,-1.314587176279,FALSE,FALSE,1,0.0104994942825421,FALSE,TRUE,FALSE,FALSE,1187.39456143358,1388.77515782994,1673.95247663371,1533.75189758842,1326.23481677953,1805.52560739348,2198.76838398302,1718.50428694541,1944.02195255516,1157.81188301362,0.0317236405632054,0.127258181227919,0.0671982749672737,10,FALSE,0.320182851276382,0.388119018136479
"RT4_ZT10_leading_edge_dataset","508985","Rplp1",1175.3042360551,-0.258778827271931,"downregulated",1,0.17140303529125,0.460821275209261,0.390480112570369,0.934190457248932,0.105685552577815,0.0493569045039046,1.30665208558399,0.0564108668160975,1,FALSE,FALSE,"weak_effect",-0.413863219116485,0.302595857494989,-1.36770946748119,FALSE,FALSE,1,0.0564108668160975,FALSE,TRUE,FALSE,FALSE,1310.70684821162,993.709946023455,901.235450471701,1109.2511010417,723.922291858031,1146.67867961966,2197.71885253482,1439.64761305442,1012.77964857178,917.391929163795,0.0867284582590035,0.14398408783181,0.109069420492652,9,FALSE,0.336467478602443,0.408401080150032
"RT4_ZT10_leading_edge_dataset","578161","Atp6ap1",2254.76683967415,0.054568800772191,"upregulated",1,0.750644726266537,0.895789546376886,0.841847271751314,0.968358629587392,0.00407992867771269,0.0493569045039046,1.30665208558399,0.00291752316268757,1,FALSE,FALSE,"weak_effect",0.0834968080010555,0.262742621175174,0.317789354569114,FALSE,FALSE,1,0.00291752316268757,FALSE,TRUE,FALSE,FALSE,2989.80915317265,2372.40690967466,1709.29504331888,2691.27955980601,1835.61912357028,1990.79204798213,3011.10572489131,1785.21640988584,2582.0159119662,1580.1285124735,0.057268801992822,0.113470877318393,0.0824360391815591,9,FALSE,0.0477940099615745,0.0747666912224297
"RT4_ZT10_leading_edge_dataset","353529","Chgb",2198.99392328958,0.209739266227164,"upregulated",1,0.239889373130863,0.526899873126717,0.460565860758375,0.943640492156263,0.0706209427696454,0.0493569045039046,1.30665208558399,0.0202297721567201,1,FALSE,FALSE,"weak_effect",0.31495367621899,0.267985619309397,1.17526334819991,FALSE,FALSE,1,0.0202297721567201,FALSE,TRUE,FALSE,FALSE,2650.18656333812,2340.1566883027,2316.54459818216,3048.63709310809,1834.47186161805,1894.3219487407,2235.50198467009,1846.59156299103,2717.91148628021,1105.61544566464,0.0618574501117857,0.114313493762855,0.0857525336170083,9,FALSE,0.278271906001843,0.336708257065978
"RT4_ZT10_leading_edge_dataset","125576","Tmem130",2412.37527179412,-0.0135896697134682,"downregulated",1,0.930652215831659,0.965993439217672,0.956425159766857,0.972043232460652,0.000262946625749945,0.0493569045039046,1.30665208558399,0.000442510805609125,1,FALSE,FALSE,"weak_effect",-0.0201762130222104,0.231845801478461,-0.0870242760211673,FALSE,FALSE,1,0.000442510805609125,FALSE,TRUE,FALSE,FALSE,2633.74492510105,2293.79699508051,2141.43824506021,2693.4991718141,2214.21556780666,2683.622760716,2242.8487048075,2312.24218111521,3288.67289839906,1619.67126804091,0.0375104782182347,0.111300350351451,0.0641163776441175,11,FALSE,0.0150258231924135,0.0193490078341895
"RT4_ZT10_leading_edge_dataset","557519","Atp6ap2",1559.84024844757,0.234136644568444,"upregulated",1,0.198576528550872,0.493432586096107,0.419549061299502,0.938469588912178,0.0883203803135209,0.0493569045039046,1.30665208558399,0.0270202783917882,1,FALSE,FALSE,"weak_effect",0.352529574111146,0.274210275473089,1.28561766514014,FALSE,FALSE,1,0.0270202783917882,FALSE,TRUE,FALSE,FALSE,1956.55495021162,1805.50848712071,1489.20724168853,2185.7629249641,1310.17314944829,1270.55505705467,2080.17133033621,1264.8618509505,1340.35950665503,895.247986046048,0.0695245831111593,0.12827182124331,0.0895943398109505,12,FALSE,0.306772173260509,0.377217246263657
"RT4_ZT10_leading_edge_dataset","399260","Gabarapl1",3215.51968416403,0.0119788533886894,"upregulated",1,0.920520868436897,0.965663682880498,0.950047110157402,0.97186082870126,0.000266587690013169,0.0493569045039046,1.30665208558399,0.000180778841143526,1,FALSE,FALSE,"weak_effect",0.0206979696916893,0.20744098435762,0.0997776295546631,FALSE,FALSE,1,0.000180778841143526,FALSE,TRUE,FALSE,FALSE,3826.79129967862,3012.37224002445,3559.96035337841,3314.43563107656,2479.23307877212,2761.45659078578,3437.21549286129,3649.15312484138,3488.94006054602,2625.63896967569,0.0242406207703261,0.10354449240526,0.0513501374243813,9,FALSE,0.0151741014322317,0.0222548587383902
"RT4_ZT10_leading_edge_dataset","254977","Galnt2",579.14286476543,-0.0755587266643043,"downregulated",1,0.654814390893238,0.866044839568476,0.778931523493261,0.965890073078115,0.00819817623267715,0.0493569045039046,1.30665208558399,0.0625106699201638,1,FALSE,FALSE,"weak_effect",-0.194616934906111,0.435302812920236,-0.447084027784062,FALSE,FALSE,1,0.0625106699201638,FALSE,TRUE,FALSE,FALSE,541.546459433574,469.643848729138,342.18030472455,834.574115040876,512.826092647448,890.155915727692,1099.90895771561,539.033953358653,238.890114846734,322.668885430024,0.226804375760226,0.209592581251825,0.225752694881791,6,FALSE,0.0624596217551381,0.108500719832143
"RT4_ZT10_leading_edge_dataset","134576","LOC100363803",1475.80995678436,0.308760066159714,"upregulated",1,0.0788672396116639,0.277875878526923,0.269871682806321,0.907500009601215,0.175635904394805,0.0493569045039046,1.30665208558399,0.0202297721567201,1,FALSE,FALSE,"weak_effect",0.407475819714507,0.231876498476448,1.75729676095612,FALSE,FALSE,1,0.0202297721567201,FALSE,TRUE,FALSE,FALSE,1865.09833751791,1721.85947543719,1796.04497972792,1547.06956963694,1485.7042281397,1543.5215878628,1479.83934196471,1176.80184866914,1281.70983774056,860.450361146732,0.0267104108984825,0.131006192984356,0.0638130509069476,9,FALSE,0.556149151233873,0.568842682861563
"RT4_ZT10_leading_edge_dataset","523897","Rpl4",1535.45588028637,-0.217551022850591,"downregulated",1,0.22571200109711,0.51412178027675,0.446863753814818,0.942012560722408,0.0761047584116466,0.0493569045039046,1.30665208558399,0.0255150927533288,1,FALSE,FALSE,"weak_effect",-0.335157614488652,0.276651682119187,-1.21147867933172,FALSE,FALSE,1,0.0255150927533288,FALSE,TRUE,FALSE,FALSE,1081.55151528242,1477.46326660282,1558.28589475499,1719.08950026372,953.374682304317,1397.72018787291,1967.8714653786,2438.99521470202,1524.89139177616,1235.31568392573,0.0686618285335713,0.129034473021205,0.0912331793969129,12,FALSE,0.288933997273518,0.349824870572609
"RT4_ZT10_leading_edge_dataset","476374","Ywhaz",1161.84502339889,0.01531726537552,"upregulated",1,0.928495534010199,0.965792394784393,0.955067831023266,0.972004613008366,0.000305821193105236,0.0493569045039046,1.30665208558399,0.0013169628532736,1,FALSE,FALSE,"weak_effect",0.0230136071267375,0.256453726717052,0.0897378541592754,FALSE,FALSE,1,0.0013169628532736,FALSE,TRUE,FALSE,FALSE,1355.40755216866,1189.73082279989,967.101142930417,1145.87469917514,1197.74147812961,1304.53884201472,1558.55420057985,1036.70639049424,1111.48274991564,751.312355780694,0.0415248772330455,0.144722422729368,0.0780655116293676,10,FALSE,0.0151162188116057,0.0199657827691618
"RT4_ZT10_leading_edge_dataset","33487","LOC686007",1969.41327476074,-0.366548072906693,"downregulated",1,0.0344393368933741,0.17289952807694,0.184217446682376,0.870078755315189,0.269291594681837,0.0493569045039046,1.30665208558399,0.0225518878222487,1,FALSE,FALSE,"weak_effect",-0.459700692793195,0.217363894324467,-2.11488984507696,FALSE,FALSE,1,0.0225518878222487,FALSE,TRUE,FALSE,FALSE,1984.81401593159,1710.77346184058,1429.7674704453,1764.03664342749,1399.65958172234,2344.88116224327,2081.22086178441,2959.34977363736,2059.89081065448,1959.73896592059,0.0260155101211369,0.118284555441632,0.056205244617398,9,FALSE,0.762206192115671,0.734669241462325
"RT4_ZT10_leading_edge_dataset","474067","Atxn7l3b",1119.07778479944,0.0408351558242913,"upregulated",1,0.815583052465896,0.922452555892461,0.883575251274106,0.969807817754481,0.00219515330273338,0.0493569045039046,1.30665208558399,0.00469425708637582,1,FALSE,FALSE,"weak_effect",0.0668230821311299,0.286511902629267,0.233229689649563,FALSE,FALSE,1,0.00469425708637582,FALSE,TRUE,FALSE,FALSE,1037.8784137152,1136.31639365258,1436.19339166079,1327.88288383831,788.168961182991,1165.3149487913,1456.74965010427,1024.69820836496,1180.14577693746,637.429219746568,0.0676106576771647,0.147186390242247,0.097629164139234,12,FALSE,0.0350559614767292,0.0537564571120741
"RT4_ZT10_leading_edge_dataset","504989","Nrgn",2361.66629497305,0.331835188134028,"upregulated",1,0.0655770763632701,0.254483317101476,0.247638744189412,0.900025635290487,0.201152321242295,0.0493569045039046,1.30665208558399,0.0290317571087055,1,FALSE,FALSE,"weak_effect",0.443238091328894,0.24071971866252,1.8413036281016,FALSE,FALSE,1,0.0290317571087055,FALSE,TRUE,FALSE,FALSE,3149.08752359429,2609.74838258391,3169.58563953773,2276.76701729569,2402.36652797261,1630.12542695453,2021.3975692369,1755.86307579205,1640.76024987548,2960.96153688728,0.0441203148958653,0.111967086024899,0.0691177106854319,11,FALSE,0.594340682986366,0.606181407021399
"RT4_ZT10_leading_edge_dataset","3082","Tppp",1464.91731974908,-0.120840496790962,"downregulated",1,0.436921011611034,0.711513577187472,0.625471993756486,0.957873752867804,0.0246263424223349,0.0493569045039046,1.30665208558399,0.00136157576143625,1,FALSE,FALSE,"weak_effect",-0.170796998461522,0.219701990793785,-0.777403053310672,FALSE,FALSE,1,0.00136157576143625,FALSE,TRUE,FALSE,FALSE,1588.15949346222,1226.01232184334,1273.9388809698,1336.76133187066,1467.348036904,1687.13048559719,1917.49395586491,1555.72670697077,1187.29817558557,1409.30380842231,0.0207705902660179,0.131383610217909,0.057246283556705,10,FALSE,0.147816808241201,0.203792131580982
"RT4_ZT10_leading_edge_dataset","176237","RGD1566241",558.337172300596,-0.196388887835243,"downregulated",1,0.29012208077174,0.553042154591724,0.506564096618014,0.948494593307514,0.0580065206351178,0.0493569045039046,1.30665208558399,0.0716303068236906,1,FALSE,FALSE,"weak_effect",-0.37511891044001,0.354603722122632,-1.05785384370637,FALSE,FALSE,1,0.0716303068236906,FALSE,TRUE,FALSE,FALSE,457.796864663487,463.093022512959,440.175603260688,539.365717965247,531.182283883151,815.610839041136,901.54751400545,549.707893029121,636.563479681418,248.328504963303,0.108810137020066,0.214412416199788,0.149119374687928,12,FALSE,0.257241764158543,0.295365594634771
"RT4_ZT10_leading_edge_dataset","335741","Napb",1064.80684305928,0.156324394235597,"upregulated",1,0.367764600597346,0.64853112363403,0.571730406889368,0.95409573574685,0.037956924454198,0.0493569045039046,1.30665208558399,0.0107178844119007,1,FALSE,FALSE,"weak_effect",0.238387174647662,0.26467804089868,0.900668502147928,FALSE,FALSE,1,0.0107178844119007,FALSE,TRUE,FALSE,FALSE,1464.84720668418,1119.68737325767,1015.29555204655,1134.22173613268,1029.09397115159,1080.90361195505,1319.26103038981,1040.70911787067,673.755952651568,770.292878453048,0.0457127519398513,0.150598071849667,0.0831064626660917,10,FALSE,0.188069176868771,0.242808709669414
"RT4_ZT10_leading_edge_dataset","578185","Gdi1",2059.82417397622,-0.171268345650832,"downregulated",1,0.233987587665101,0.525614472929513,0.4549053758266,0.942979187061073,0.0585872925740896,0.0493569045039046,1.30665208558399,0.000381103796097479,1,FALSE,FALSE,"weak_effect",-0.212915956787423,0.178898477909566,-1.19014962718159,FALSE,FALSE,1,0.000381103796097479,FALSE,TRUE,FALSE,FALSE,2081.40864057439,1715.30864922101,2062.72071017053,1918.85458099159,1763.3416205797,2408.46372765239,2234.45245322189,2244.19581571598,2108.5271214616,2060.96842017315,0.00512323846885701,0.116615056986631,0.0379223597095099,8,FALSE,0.279332684873529,0.342078930881557
"RT4_ZT10_leading_edge_dataset","11408","Rps11",834.361774496558,-0.213668223603764,"downregulated",1,0.244361041246678,0.532093751091614,0.464815176457045,0.944126939997377,0.0710916273522137,0.0493569045039046,1.30665208558399,0.038015870296607,1,FALSE,FALSE,"weak_effect",-0.350727343473139,0.301271929630813,-1.16415539908723,FALSE,FALSE,1,0.038015870296607,FALSE,TRUE,FALSE,FALSE,828.247526192526,769.974035255497,853.041041355568,647.016900357487,567.894666354557,607.323124769878,717.879510570114,957.986085424537,916.937506687166,1477.31734799825,0.0710567303219923,0.170028144777232,0.107737959028844,12,FALSE,0.274011841399213,0.332719700445721
"RT4_ZT10_leading_edge_dataset","208550","Slc25a4",1697.69074206222,0.210452058920293,"upregulated",1,0.205556716357773,0.503153753472757,0.426724079809332,0.939441519930323,0.0778362936634839,0.0493569045039046,1.30665208558399,0.00568011708290279,1,FALSE,FALSE,"weak_effect",0.285367026220666,0.225430093788556,1.26587813288286,FALSE,FALSE,1,0.00568011708290279,FALSE,TRUE,FALSE,FALSE,2085.00524893875,1918.38426192256,1567.92477657822,2084.77057859612,1668.1188785445,1572.02411718413,1632.02140195399,1518.36791812413,1861.05412823713,1069.23611054263,0.0252337687623764,0.124372384609465,0.0603846299236165,9,FALSE,0.298299283172053,0.36985284944617
"RT4_ZT10_leading_edge_dataset","354252","Snap25",2373.23977906689,0.204537954036851,"upregulated",1,0.26014558546203,0.532093751091614,0.479557856557309,0.94575142195242,0.065280126745911,0.0493569045039046,1.30665208558399,0.0236403044824269,1,FALSE,FALSE,"weak_effect",0.314316114346715,0.279132298839691,1.12604709542134,FALSE,FALSE,1,0.0236403044824269,FALSE,TRUE,FALSE,FALSE,4513.7434972713,2088.70574354322,1569.53125688209,2478.75171003164,2501.03105586451,2106.99466752293,2253.34401928952,2198.83157211649,2177.19014848341,1844.27411966377,0.080612720093525,0.111812405294958,0.0931150691453628,8,FALSE,0.274011841399213,0.319158989603219
"RT4_ZT10_leading_edge_dataset","240798","Ttr",1857.1985138821,-0.0244328764659872,"downregulated",1,0.877223888511419,0.944851023287537,0.922726702781799,0.97105179282668,0.000853364905756618,0.0493569045039046,1.30665208558399,0.000569676459279128,1,FALSE,FALSE,"weak_effect",-0.0363551849591434,0.235324824512556,-0.154489374567466,FALSE,FALSE,1,0.000569676459279128,FALSE,TRUE,FALSE,FALSE,1997.1452446094,2491.83351069269,1588.80902052854,1328.99268984235,1761.04709667524,1848.27940137548,1856.6211318692,2178.81793523436,1994.0887430919,1526.35036490183,0.0361714073538135,0.12058275133539,0.0659355357657051,10,FALSE,0.024636662246888,0.0349269111618758
"RT4_ZT10_leading_edge_dataset","335994","Snph",1123.007320249,0.397737131521085,"upregulated",1,0.0383035737747269,0.186587705912531,0.193362890272011,0.875458321986529,0.283835904639783,0.0493569045039046,1.30665208558399,0.0609916617462544,1,FALSE,FALSE,"weak_effect",0.525321439577415,0.253583534795247,2.07159128056788,FALSE,FALSE,1,0.0609916617462544,FALSE,TRUE,FALSE,FALSE,1535.75177158155,1349.47020053287,1026.54091417365,1410.00852813754,1304.43683968713,1053.49733376147,1110.40427219763,920.627296577897,934.10326344262,585.232782397593,0.0378381903797153,0.146952166673532,0.0762083781024401,9,FALSE,0.729116974899503,0.713626870979573
"RT4_ZT10_leading_edge_dataset","74910","Cltc",1627.42892420764,-0.149289272171455,"downregulated",1,0.344766904526836,0.632500570557305,0.553042924869596,0.952618112168249,0.0384033454404096,0.0493569045039046,1.30665208558399,0.00138635627729318,1,FALSE,FALSE,"weak_effect",-0.200760975499528,0.212493052477026,-0.944788420888409,FALSE,FALSE,1,0.00138635627729318,FALSE,TRUE,FALSE,FALSE,1572.74545761496,1425.05665687339,1505.27204472724,1698.00318618689,1370.97803291656,1482.13152470916,2263.83933377154,1797.22459201511,1672.23080392714,1486.80760933443,0.0198493805399564,0.126277367219816,0.0535774229400647,10,FALSE,0.19893907838965,0.257241159273014
"RT4_ZT10_leading_edge_dataset","340586","Olfm1",1672.04754771135,0.345309974393872,"upregulated",1,0.0539376176420858,0.226814597264156,0.226232153614559,0.891591361822357,0.22287882785312,0.0493569045039046,1.30665208558399,0.0258919519082258,1,FALSE,FALSE,"weak_effect",0.446161983394815,0.23149139557889,1.92733722253088,FALSE,FALSE,1,0.0258919519082258,FALSE,TRUE,FALSE,FALSE,2439.52807342563,2114.90904840793,1759.09593273888,1613.65792987957,1715.15661858598,1266.1700525437,1651.96249946982,1706.49610481613,1358.95574314011,1094.54347410577,0.0317914306417904,0.12504908614934,0.0636843766359389,9,FALSE,0.64432899868887,0.645445670210779
"RT4_ZT10_leading_edge_dataset","229093","Atp5f1c",1509.50621745047,0.147965136027818,"upregulated",1,0.378143712117094,0.65740885640145,0.580018587043102,0.954721985007072,0.0350023498154738,0.0493569045039046,1.30665208558399,0.00707142863061908,1,FALSE,FALSE,"weak_effect",0.221770770838125,0.25163429566585,0.881321722268806,FALSE,FALSE,1,0.00707142863061908,FALSE,TRUE,FALSE,FALSE,2314.67438306286,1689.60925406524,1413.70266740659,1573.70491373399,1133.49480880465,1348.38888712446,1689.74563160509,1466.33246223059,1336.06806746617,1129.34109900509,0.0463711663455598,0.129873144194428,0.0753243997981391,9,FALSE,0.182164449538892,0.236558088987214
"RT4_ZT10_leading_edge_dataset","116715","Septin5",1557.16152172974,0.154205633448413,"upregulated",1,0.373032061613979,0.650875322197104,0.575947522045443,0.954416527746493,0.0369503045147167,0.0493569045039046,1.30665208558399,0.0104994942825421,1,FALSE,FALSE,"weak_effect",0.235556464132872,0.264430050592555,0.890808225483522,FALSE,FALSE,1,0.0104994942825421,FALSE,TRUE,FALSE,FALSE,1566.57984327606,1660.3824909469,2416.14637702217,1341.20055588683,1436.37196419375,1206.97249164555,1018.04550475586,1386.27791470208,1647.91264852358,1891.72542634465,0.0607873157564403,0.128354433953158,0.0832765086180419,12,FALSE,0.186502194331208,0.239617085889912
"RT4_ZT10_leading_edge_dataset","506911","Ncam1",814.305781331706,0.00439688858855135,"upregulated",1,0.981771659718566,0.992068743926766,0.988554325353693,0.972927260894185,2.19820656615486e-05,0.0493569045039046,1.30665208558399,0.00409272176797736,1,FALSE,FALSE,"weak_effect",0.00682900159369182,0.298890673954503,0.0228478242674488,FALSE,FALSE,1,0.00409272176797736,FALSE,TRUE,FALSE,FALSE,726.51488960064,993.206036314518,705.244853399424,1065.96866688399,589.692643446954,846.305870617953,1052.68004254653,980.668207224282,646.576837788766,536.199765494011,0.0674740846406729,0.172239377741802,0.105977188242844,12,FALSE,0.00345823301351073,0.00499945932648501
"RT4_ZT10_leading_edge_dataset","120404","Mdh2",664.99363574715,-0.0478309812536964,"downregulated",1,0.780102697462554,0.911522945108516,0.860849663514351,0.969035453828618,0.00311249042193155,0.0493569045039046,1.30665208558399,0.0240840940346563,1,FALSE,FALSE,"weak_effect",-0.102761412792854,0.368076141289967,-0.279185204541415,FALSE,FALSE,1,0.0240840940346563,FALSE,TRUE,FALSE,FALSE,633.516873322199,726.133890577991,967.101142930417,443.922401617487,435.959541847943,367.24412779406,504.824626585124,716.48820038019,723.822743188309,1130.92280922778,0.132756367155873,0.192894243348016,0.161112918985754,8,FALSE,0.0402323946901963,0.0650726859527059
"RT4_ZT10_leading_edge_dataset","559591","Map7d2",641.985142082727,-0.0774269490283413,"downregulated",1,0.654419042641308,0.866044839568476,0.778667783063043,0.965878914008729,0.00841226717861809,0.0493569045039046,1.30665208558399,0.0363984790316257,1,FALSE,FALSE,"weak_effect",-0.169475197768658,0.378604126954417,-0.447631670399257,FALSE,FALSE,1,0.0363984790316257,FALSE,TRUE,FALSE,FALSE,852.396182353226,676.246829393244,313.263659254869,689.74443151317,488.733591650588,636.921905218952,1061.07629413214,677.795169074742,715.239864810582,308.433493425759,0.152583737513349,0.196931421974668,0.170503755349968,8,FALSE,0.0624596217551381,0.108647793619491
"RT4_ZT10_leading_edge_dataset","138554","Atp1b1",1051.28848363622,0.118473100633582,"upregulated",1,0.503937129361091,0.779676313351122,0.67476890832059,0.960830841769008,0.0202405293944574,0.0493569045039046,1.30665208558399,0.0150679476805,1,FALSE,FALSE,"weak_effect",0.198201348619325,0.296571947557459,0.668307809459709,FALSE,FALSE,1,0.0150679476805,FALSE,TRUE,FALSE,FALSE,1149.37327301035,1085.42151304996,1479.56835986531,1127.56290010842,774.401817756214,655.558174390591,804.990620770873,1056.72002737637,864.009756691183,1515.27839334296,0.0738033204435464,0.151502686242196,0.104597956353092,12,FALSE,0.108085659491215,0.170844936835561
"RT4_ZT10_leading_edge_dataset","125874","Actb",1911.70977271395,0.27446973563335,"upregulated",1,0.114740932688129,0.359570311353883,0.322025677249759,0.921301969503794,0.135069163745981,0.0493569045039046,1.30665208558399,0.0149286717016888,1,FALSE,FALSE,"weak_effect",0.367924225990455,0.233271318977059,1.57723730291352,FALSE,FALSE,1,0.0149286717016888,FALSE,TRUE,FALSE,FALSE,2302.85695557996,2358.80134753336,2366.34548760217,1939.94089506842,1801.20126500334,1193.81747811263,1347.59837949127,1906.63247363741,1800.97397959305,2098.92946551785,0.0332256444533269,0.119432644543957,0.0647708234604625,10,FALSE,0.444216173856114,0.492109497734983
"RT4_ZT10_leading_edge_dataset","523115","Cox5a",777.378604996939,-0.203725934013938,"downregulated",1,0.264103570983974,0.532093751091614,0.483195025744241,0.946137774508165,0.0643524479324586,0.0493569045039046,1.30665208558399,0.0355070865852417,1,FALSE,FALSE,"weak_effect",-0.33598597494718,0.30086198323881,-1.11674453292589,FALSE,FALSE,1,0.0355070865852417,FALSE,TRUE,FALSE,FALSE,634.544475712016,861.181692573065,435.356162349075,582.648152122952,922.398609594068,1113.79114578736,1037.9866022717,768.523656273723,746.710418862248,670.645134423188,0.0668258932590031,0.176609144360285,0.107348936293242,11,FALSE,0.274011841399213,0.31587754521256
"RT4_ZT10_leading_edge_dataset","9067","Pld3",654.872828432172,-0.0600659724427817,"downregulated",1,0.729300256253381,0.895789546376886,0.827990674462685,0.967846130905166,0.00492388133656271,0.0493569045039046,1.30665208558399,0.019513180316035,1,FALSE,FALSE,"weak_effect",-0.117978796682395,0.340923513175173,-0.346056496906318,FALSE,FALSE,1,0.019513180316035,FALSE,TRUE,FALSE,FALSE,600.119795653145,632.406684715738,867.499364090408,566.555965064318,473.81918627158,440.692953352872,520.567598308153,685.800623827593,560.748054011496,1200.51805902641,0.102927891485007,0.194635139802298,0.137966098131142,8,FALSE,0.0477940099615745,0.0819745545825159
"RT4_ZT10_leading_edge_dataset","206079","Gapdh-ps2",499.762091587448,-0.0289285854655626,"downregulated",1,0.854320242548854,0.942651847061717,0.908220822026817,0.970603030941357,0.00120946208489601,0.0493569045039046,1.30665208558399,0.0580082609570128,1,FALSE,FALSE,"weak_effect",-0.0879255970705784,0.478874247499801,-0.183608948548888,FALSE,FALSE,1,0.0580082609570128,FALSE,TRUE,FALSE,FALSE,391.00270932538,413.709871037148,763.078144338785,559.342226038034,297.14084562794,384.784145837955,1242.64523467107,421.620616983501,187.392844580372,336.90427743429,0.305614151969847,0.230137221861471,0.273292929060082,9,FALSE,0.0256486771654279,0.0418085456109074
"RT4_ZT10_leading_edge_dataset","115419","Apod",825.235293207901,0.108522626434165,"upregulated",1,0.528933996027477,0.799838148131988,0.692599455011245,0.961800708013653,0.0173112965358289,0.0493569045039046,1.30665208558399,0.0142132053822297,1,FALSE,FALSE,"weak_effect",0.187138635504857,0.297218067109887,0.629634117887149,FALSE,FALSE,1,0.0142132053822297,FALSE,TRUE,FALSE,FALSE,927.924958004778,851.607408103265,1036.17979599688,843.452563073225,733.100387475882,505.371769889736,543.657290168595,768.523656273723,862.579276961562,1179.95582613136,0.0662058411073089,0.17102103999674,0.104773714974609,11,FALSE,0.0969978861138266,0.159517854521617
"RT4_ZT10_leading_edge_dataset","33431","LOC100360791",456.583238090522,0.0445998081425071,"upregulated",1,0.788881246989579,0.912359107540542,0.866487769969412,0.969230736061214,0.00277578335794005,0.0493569045039046,1.30665208558399,0.0708818480617921,1,FALSE,FALSE,"weak_effect",0.131393525295422,0.490707091333631,0.267763657008347,FALSE,FALSE,1,0.0708818480617921,FALSE,TRUE,FALSE,FALSE,225.558724564838,538.679478853486,708.457814007166,593.191309161367,322.380608577031,612.804380408596,841.72422145794,297.536068314306,134.465094584389,291.0346809761,0.318405046333228,0.244312124241382,0.286831186500077,9,FALSE,0.0398341882874109,0.0622375627507354
"RT4_ZT10_leading_edge_dataset","552437","Dnajb2",659.579837310581,-0.0693265412801343,"downregulated",1,0.689089479592808,0.882895895728285,0.801654767990214,0.966824857698009,0.00665622286664638,0.0493569045039046,1.30665208558399,0.0235133641253902,1,FALSE,FALSE,"weak_effect",-0.139844272020985,0.349531146007181,-0.400091017977872,FALSE,FALSE,1,0.0235133641253902,FALSE,TRUE,FALSE,FALSE,785.602027015119,637.445781805107,480.337610857467,826.80547301257,407.277993042157,643.499411985413,1184.92100501997,660.450017110231,494.945986448923,474.513066808859,0.120369122385267,0.193818833932608,0.145119943126803,9,FALSE,0.0540905020579506,0.0960126200404251
"RT4_ZT10_leading_edge_dataset","485669","Atp5f1b",4126.66415219267,0.0618638880967914,"upregulated",1,0.668946555701889,0.866109751066657,0.788334009605138,0.966283186298499,0.00638990473666257,0.0493569045039046,1.30665208558399,7.49560324426374e-05,1,FALSE,FALSE,"weak_effect",0.0785588514974539,0.183722891939839,0.427594246247651,FALSE,FALSE,1,7.49560324426374e-05,FALSE,TRUE,FALSE,FALSE,4371.93436747655,4388.54965513097,4644.33455849142,4282.74136960471,3507.17978797148,3464.15356366934,4250.60236521778,4669.84860582991,3559.03356729746,4128.26368123708,0.0119806332035933,0.0984008686986907,0.0402795297792914,9,FALSE,0.0624270718826991,0.103289737086441
"RT4_ZT10_leading_edge_dataset","10160","Gpi",471.226660464248,0.087575452255685,"upregulated",1,0.613453460770241,0.850103093892774,0.751114797104904,0.964671476575347,0.0108850754356827,0.0493569045039046,1.30665208558399,0.065655393429009,1,FALSE,FALSE,"weak_effect",0.217167825566869,0.429907572970878,0.505150035078774,FALSE,FALSE,1,0.065655393429009,FALSE,TRUE,FALSE,FALSE,537.436049874306,465.612571057643,734.161498869104,467.228327702405,328.116918338188,214.865221037719,271.828645084297,478.993042712268,306.122662138929,907.901667827618,0.20662768200211,0.239213828592447,0.219651019130726,8,FALSE,0.0705284032342102,0.124293682251309
"RT4_ZT10_leading_edge_dataset","169957","Nsg1",1416.96489289858,0.0455150897375875,"upregulated",1,0.781834721210963,0.911522945108516,0.861962920905557,0.969074208919316,0.00293624288092337,0.0493569045039046,1.30665208558399,0.00113766424501361,1,FALSE,FALSE,"weak_effect",0.0668564199578678,0.241420907255582,0.276928873799193,FALSE,FALSE,1,0.00113766424501361,FALSE,TRUE,FALSE,FALSE,1788.02815828163,1499.13138408711,1383.17954163304,1570.37549572186,1007.29599405919,1260.68879690498,1763.21283297923,1354.25609569068,1420.46637151382,1123.0142581143,0.0350963816183143,0.133114106346454,0.0692405066939571,10,FALSE,0.0402323946901963,0.0645114158370766
"RT4_ZT10_leading_edge_dataset","21439","Ndufab1",1077.60502044409,0.0541159567118221,"upregulated",1,0.746862141798513,0.895789546376886,0.839397338918292,0.968269208901608,0.00411456671298432,0.0493569045039046,1.30665208558399,0.00227763452731536,1,FALSE,FALSE,"weak_effect",0.0831231033910989,0.2575227677985,0.322779628774955,FALSE,FALSE,1,0.00227763452731536,FALSE,TRUE,FALSE,FALSE,1525.47574768338,1070.80813149079,1121.32325210205,904.49189329563,921.251347641837,1009.64728865173,1262.58633218691,1167.46215145748,1038.52828370497,754.475776226086,0.0382082618580324,0.149762565162672,0.0786476098720376,10,FALSE,0.0477940099615745,0.0760324119352667
"RT4_ZT10_leading_edge_dataset","37801","RGD1565566",738.697147253454,0.0639723704802174,"upregulated",1,0.715638617414953,0.893640100934408,0.819078755876339,0.967507650762202,0.00554476286464036,0.0493569045039046,1.30665208558399,0.0290317571087055,1,FALSE,FALSE,"weak_effect",0.136112310676179,0.373633327831816,0.364293815720442,FALSE,FALSE,1,0.0290317571087055,FALSE,TRUE,FALSE,FALSE,626.323656593479,768.462306128686,1219.31855063818,618.161944252351,635.583121536211,434.115446586411,321.156623149788,840.572749049385,928.381344524136,994.895730075908,0.155523002161087,0.181655014522,0.166198896785494,8,FALSE,0.0488373510565306,0.0866743380465322
"RT4_ZT10_leading_edge_dataset","133326","Dbi",415.519240700553,-0.082462324833287,"downregulated",1,0.624805552240636,0.853900921395536,0.758796446660024,0.965016611952306,0.0098851474006812,0.0493569045039046,1.30665208558399,0.0641130944082621,1,FALSE,FALSE,"weak_effect",-0.210560881405437,0.430549897600995,-0.489051054427542,FALSE,FALSE,1,0.0641130944082621,FALSE,TRUE,FALSE,FALSE,324.722355182181,416.733329290769,547.809783620054,359.022242308143,277.637392440006,214.865221037719,225.649261363413,361.579706337116,683.769310758917,743.403804667213,0.193272283318796,0.260525832922523,0.220079856803157,8,FALSE,0.0685925178208936,0.119874711520272
"RT4_ZT10_leading_edge_dataset","189032","Stmn4",728.603029731818,-0.0908510009142085,"downregulated",1,0.591741770253364,0.83660043380648,0.736315504201104,0.963986976227526,0.0120773736289688,0.0493569045039046,1.30665208558399,0.0792739459605236,1,FALSE,FALSE,"weak_effect",-0.239896127009224,0.447305618307939,-0.536313690663442,FALSE,FALSE,1,0.0792739459605236,FALSE,TRUE,FALSE,FALSE,885.279458827371,557.324138084149,896.416009560088,757.997500761859,243.219533873063,262.004019530688,789.247649047844,1098.08154359943,512.111743204377,1284.34870082931,0.282861288954015,0.183059907385777,0.238856033907706,10,FALSE,0.0774819145585063,0.13293605472078
"RT4_ZT10_leading_edge_dataset","532282","Ptprs",1379.58377475199,0.223799846135893,"upregulated",1,0.213508470152539,0.507469407319077,0.434768353922941,0.940495325631745,0.0809578207303573,0.0493569045039046,1.30665208558399,0.0262221546289146,1,FALSE,FALSE,"weak_effect",0.342740795854152,0.275520469301641,1.2439757986871,FALSE,FALSE,1,0.0262221546289146,FALSE,TRUE,FALSE,FALSE,1258.81292752586,1427.57620541808,2385.62325124862,1328.99268984235,1313.61493530499,949.353476625839,993.906281447219,1154.11972686939,1324.6242296292,1659.21402360831,0.0635564202576608,0.134546549394758,0.0903658401743535,12,FALSE,0.29459013397235,0.361742075020011
"RT4_ZT10_leading_edge_dataset","531382","Mobp",1881.42012358042,-0.094693606228386,"downregulated",1,0.517907920037779,0.791217591278094,0.684767777348481,0.961380695529463,0.0155729964905372,0.0493569045039046,1.30665208558399,0.000180778841143526,1,FALSE,FALSE,"weak_effect",-0.122559886397708,0.189552864506305,-0.646573644333563,FALSE,FALSE,1,0.000180778841143526,FALSE,TRUE,FALSE,FALSE,2098.87788120128,1571.19047246508,1672.34599632984,1894.43884890263,1770.22519229309,2097.12840737324,1936.38552193254,1903.9639887198,2117.10999983932,1752.53492674739,0.00872820847953095,0.120063483844949,0.0425867794727256,10,FALSE,0.10170406555891,0.164456684150117
"RT4_ZT10_leading_edge_dataset","313823","Amd1",904.578847457293,0.202967083201608,"upregulated",1,0.255986490588966,0.532093751091614,0.475710787689662,0.945336695405063,0.0654887501597095,0.0493569045039046,1.30665208558399,0.0207666938909732,1,FALSE,FALSE,"weak_effect",0.308722733681476,0.27178007632523,1.13592849724583,FALSE,FALSE,1,0.0207666938909732,FALSE,TRUE,FALSE,FALSE,1164.27350766269,1081.39023537847,873.925285305892,983.843022584756,901.747894453902,807.937081146932,1119.85005523145,741.838807097552,871.162155339289,499.820430371999,0.0444082073022233,0.163059085814036,0.0874874869525932,10,FALSE,0.274011841399213,0.322656999975997
"RT4_ZT10_leading_edge_dataset","42310","Slc17a7",3780.37017235666,0.33102284143485,"upregulated",1,0.0656897993331046,0.254483317101476,0.247836295346336,0.900097363966016,0.200545253384425,0.0493569045039046,1.30665208558399,0.0257393102453022,1,FALSE,FALSE,"weak_effect",0.43434504688236,0.235988534499095,1.84053453191823,FALSE,FALSE,1,0.0257393102453022,FALSE,TRUE,FALSE,FALSE,5086.6318295943,4358.81898230369,4048.33036575524,4516.91043645793,3713.68693937313,3060.73314865975,2504.18203540978,3418.3291794675,4737.7488645053,2358.32994204003,0.0505138605806471,0.100063682930091,0.0665904401473245,12,FALSE,0.594340682986366,0.605835091364519
"RT4_ZT10_leading_edge_dataset","39309","Pnma8b",608.254024814328,-0.0117834592377045,"downregulated",1,0.940357693525499,0.969928690177245,0.962531082587219,0.972215651853501,0.000195431465490952,0.0493569045039046,1.30665208558399,0.0377953179714663,1,FALSE,FALSE,"weak_effect",-0.0334110101036719,0.446550094951269,-0.0748202955982306,FALSE,FALSE,1,0.0377953179714663,FALSE,TRUE,FALSE,FALSE,778.922611481308,539.687298271359,869.105844394279,598.740339181586,219.127032876203,238.982745848075,578.291827959258,777.863353485383,406.256243212411,1075.56295143341,0.263678222560014,0.203402147860514,0.237740464435831,8,FALSE,0.013260194188341,0.0165852371148885
"RT4_ZT10_leading_edge_dataset","249570","Ndrg4",1930.49424271235,0.193549521493315,"upregulated",1,0.218731530105777,0.512456727676392,0.439980991338177,0.941158820552851,0.0690131953442302,0.0493569045039046,1.30665208558399,0.00189819855048396,1,FALSE,FALSE,"weak_effect",0.251696397150527,0.204646511644714,1.22990807479531,FALSE,FALSE,1,0.00189819855048396,FALSE,TRUE,FALSE,FALSE,2454.42830807797,2030.75612701548,2353.4936451712,1932.17225304011,1722.04019029937,1831.83563445933,1821.98659407853,1969.34186920142,1434.77116881003,1754.11663697008,0.0161096276556021,0.119051367446066,0.0497297380891758,10,FALSE,0.290342800954718,0.356566086093961
"RT4_ZT10_leading_edge_dataset","306882","Ttll7",1368.02915621796,0.333288514033126,"upregulated",1,0.0655002316305035,0.254483317101476,0.247503973736533,0.899976642474434,0.202112095434442,0.0493569045039046,1.30665208558399,0.0270202783917882,1,FALSE,FALSE,"weak_effect",0.438251308677406,0.237943595362433,1.84182855609064,FALSE,FALSE,1,0.0270202783917882,FALSE,TRUE,FALSE,FALSE,1920.07506537312,1509.71348797478,1306.06848704723,1816.19752561754,1318.20398311391,1109.40614127638,1430.51136389922,1090.07608884658,1297.4451147664,882.594304264478,0.0315332036328759,0.13500516035031,0.0671722443261931,9,FALSE,0.594340682986366,0.606417823970836
"RT4_ZT10_leading_edge_dataset","25852","Rtn3",897.73799427484,0.25735073848226,"upregulated",1,0.175285558573282,0.468698341402473,0.394754198794268,0.934856574039432,0.103885606916597,0.0493569045039046,1.30665208558399,0.0568110150203547,1,FALSE,FALSE,"weak_effect",0.414150661413518,0.305552793261867,1.35541441788941,FALSE,FALSE,1,0.0568110150203547,FALSE,TRUE,FALSE,FALSE,1093.36894276532,1067.28076352823,1375.14714011368,912.815438325958,679.179075721005,510.853025528454,591.935736785883,793.874262991085,812.512486424821,1140.41307056396,0.0799086905433412,0.163690110690142,0.110876180808823,12,FALSE,0.329106583328581,0.40367324193149
"RT4_ZT10_leading_edge_dataset","532575","Tubb4a",505.512109127351,0.115674201971965,"upregulated",1,0.518516616554671,0.791217591278094,0.685201472604842,0.961404196015557,0.0189915885531978,0.0493569045039046,1.30665208558399,0.0550458566777331,1,FALSE,FALSE,"weak_effect",0.248529784300327,0.384939308327467,0.645633685424778,FALSE,FALSE,1,0.0550458566777331,FALSE,TRUE,FALSE,FALSE,431.079202528244,394.561302097548,702.031892791682,512.730373868197,704.418838670097,356.281616516625,285.472553910922,397.604252724947,366.202810783018,904.738247382225,0.142285695414965,0.228432291910801,0.175788934822867,10,FALSE,0.10170406555891,0.164181712338941
"RT4_ZT10_leading_edge_dataset","191013","LOC498555",1392.04349057481,0.445182800377513,"upregulated",1,0.0249728975480784,0.136518506596162,0.159256083758875,0.85271450311116,0.355213122971234,0.0493569045039046,1.30665208558399,0.0845188197179069,1,FALSE,FALSE,"weak_effect",0.574286144606127,0.25616940995823,2.24182170970284,FALSE,FALSE,1,0.0845188197179069,FALSE,TRUE,FALSE,FALSE,1542.94498831027,1970.28696194306,1947.0541282918,1403.34969211328,1462.75898909507,812.322085657906,864.813913318382,1084.73911901135,1457.65884448397,1374.506183523,0.0463878456124771,0.134060545779616,0.0779819061660668,9,FALSE,0.864808471203488,0.797903968145255
"RT4_ZT10_leading_edge_dataset","101442","Atp5po",1454.43706626859,0.0200990837961682,"upregulated",1,0.900860769537398,0.953343704293147,0.937655750652046,0.971499560740607,0.000561901613945155,0.0493569045039046,1.30665208558399,0.000199811163732518,1,FALSE,FALSE,"weak_effect",0.0265348293885542,0.213004460725229,0.124574054919834,FALSE,FALSE,1,0.000199811163732518,FALSE,TRUE,FALSE,FALSE,1424.77071348131,1682.05060843118,1441.0128325724,1481.59101539836,1309.02588749606,1531.46282545762,1291.97321273656,1553.05822205315,1707.99279716767,1121.4325478916,0.0167302880658596,0.131752074999391,0.0537523217987069,9,FALSE,0.0207504970876958,0.0279565785009702
"RT4_ZT10_leading_edge_dataset","435956","Eif4g3",492.412971223411,-0.0357610157469855,"downregulated",1,0.833556643650815,0.934191044820503,0.895029755661637,0.970182693080458,0.00172234085539219,0.0493569045039046,1.30665208558399,0.0213343144716033,1,FALSE,FALSE,"weak_effect",-0.0768021552112661,0.365476965370604,-0.210142259262185,FALSE,FALSE,1,0.0213343144716033,FALSE,TRUE,FALSE,FALSE,552.850085721562,370.877545777517,406.439516879395,386.212489407214,681.473599625468,718.044488671968,738.870139534152,322.886675031668,404.825763482789,341.649408102379,0.109444671665082,0.232374267320714,0.158256319099793,12,FALSE,0.0295643001864085,0.0481625261311929
"RT4_ZT10_leading_edge_dataset","546052","Hsp90ab1",1689.84180893954,0.219858237792978,"upregulated",1,0.211827491850792,0.505918087332959,0.433078915119248,0.940277061511552,0.0799037301013184,0.0493569045039046,1.30665208558399,0.0170560375241464,1,FALSE,FALSE,"weak_effect",0.320949780769272,0.257056764111637,1.24855606067571,FALSE,FALSE,1,0.0170560375241464,FALSE,TRUE,FALSE,FALSE,2127.13694692125,2141.11235327265,2104.48919807117,1695.22867117678,1315.90945920945,971.278499180708,1607.88217864534,1538.38155500625,1426.1882904323,1970.81093747946,0.0516671501299802,0.12457733004098,0.0787065509246871,12,FALSE,0.295919793632593,0.363432959817303
"RT4_ZT10_leading_edge_dataset","323897","Rpl35",3365.11257632709,0.0370137068787378,"upregulated",1,0.805515023953969,0.91715084453051,0.87714279436873,0.969593138230851,0.00210717922679434,0.0493569045039046,1.30665208558399,0.0007242868410647,1,FALSE,FALSE,"weak_effect",0.0577504079053683,0.234551799688342,0.246216008498351,FALSE,FALSE,1,0.0007242868410647,FALSE,TRUE,FALSE,FALSE,4797.87555805571,3184.70936048085,2356.70660577894,3660.6951043382,3159.55941644535,2671.56399831082,4035.44841833638,3119.45886869438,3443.16470919814,3221.94372363216,0.0413712774026038,0.102508891472452,0.0657570746803645,12,FALSE,0.0375592296957242,0.0569296999540673
"RT4_ZT10_leading_edge_dataset","270274","Stmn2",712.656779234466,-0.208581418301031,"downregulated",1,0.254398512421967,0.532093751091614,0.474235019033951,0.945175914973265,0.0675817101699044,0.0493569045039046,1.30665208558399,0.0374604440126119,1,FALSE,FALSE,"weak_effect",-0.343793743340788,0.301644715701372,-1.13973070120394,FALSE,FALSE,1,0.0374604440126119,FALSE,TRUE,FALSE,FALSE,618.616638669852,646.51615656597,621.707877598126,725.258223642569,528.887759978688,593.071860109213,1316.11243604521,791.205778073468,695.213148595886,589.977913065682,0.064125591852974,0.185360392529022,0.107790496486577,10,FALSE,0.274011841399213,0.324006379477047
"RT4_ZT10_leading_edge_dataset","528799","Rab6b",1438.81711735549,0.128363344642222,"upregulated",1,0.406135578486327,0.689030015914735,0.601961415774461,0.956300343491404,0.0282953047137396,0.0493569045039046,1.30665208558399,0.000569676459279128,1,FALSE,FALSE,"weak_effect",0.168977384765451,0.203412384302261,0.830713357719455,FALSE,FALSE,1,0.000569676459279128,FALSE,TRUE,FALSE,FALSE,1870.23634946699,1489.05318990837,1365.50825829046,1434.4242602265,1454.72815542945,1449.24399087686,1299.31993287398,1509.02822091247,1330.34614854768,1186.28266702215,0.0121124593113332,0.132311203105288,0.0489367202723482,10,FALSE,0.161761858698761,0.220431345043283
"RT4_ZT10_leading_edge_dataset","336456","Zfp341",498.159681169942,-0.0703194003906243,"downregulated",1,0.68301620920706,0.879452187252545,0.79764805788652,0.966663769084012,0.00690456965744458,0.0493569045039046,1.30665208558399,0.0349579731030861,1,FALSE,FALSE,"weak_effect",-0.155498590007621,0.380796661538366,-0.408350717622965,FALSE,FALSE,1,0.0349579731030861,FALSE,TRUE,FALSE,FALSE,355.036625681784,635.43014296936,560.661626051023,482.765611759017,323.527870529263,508.660523272967,802.891557874469,683.132138909976,254.625391872567,374.865322778999,0.135160547220219,0.230619362921991,0.172020645436369,9,FALSE,0.0557877666406634,0.0981886878882598
"RT4_ZT10_leading_edge_dataset","486431","Atcay",1169.02764896533,0.118100440242328,"upregulated",1,0.478346514869861,0.749511099732393,0.656219145759533,0.959768167810609,0.0216066057892933,0.0493569045039046,1.30665208558399,0.00373403947392823,1,FALSE,FALSE,"weak_effect",0.173444773774203,0.244645221118269,0.708964487355977,FALSE,FALSE,1,0.00373403947392823,FALSE,TRUE,FALSE,FALSE,1404.21866568497,1209.38330144842,901.235450471701,1367.83589998388,1312.46767335275,1136.81241946997,1295.12180708117,927.29850887194,1296.01463503677,839.888128251681,0.0304456217105951,0.144326288394446,0.0709509048432569,9,FALSE,0.12522193117216,0.182951102849059
"RT4_ZT10_leading_edge_dataset","410472","Rps6",524.338785443151,0.0731862700864449,"upregulated",1,0.661073555316386,0.866109751066657,0.78310189959311,0.966065559829486,0.00777104422482281,0.0493569045039046,1.30665208558399,0.0832006210834847,1,FALSE,FALSE,"weak_effect",0.207832552915589,0.474036602252024,0.43843144585931,FALSE,FALSE,1,0.0832006210834847,FALSE,TRUE,FALSE,FALSE,588.816169365158,611.242476940391,901.235450471701,541.030426971312,167.500245025788,166.630171417006,382.029447145499,636.433652851677,429.143918886349,819.325895356631,0.301584850172946,0.223111670554085,0.267804219617695,9,FALSE,0.0624270718826991,0.106181722550472
"RT4_ZT10_leading_edge_dataset","339547","Nkain4",647.005916299593,0.205648396250506,"upregulated",1,0.2672760142351,0.532093751091614,0.486093908761301,0.946441785097126,0.0644254927728507,0.0493569045039046,1.30665208558399,0.0550132731692053,1,FALSE,FALSE,"weak_effect",0.361977126036796,0.326294404794054,1.10935744137342,FALSE,FALSE,1,0.0550132731692053,FALSE,TRUE,FALSE,FALSE,913.538524547339,756.368473114202,719.703176134264,745.789634717378,503.647997029597,548.125563871731,821.783123942104,536.365468441036,633.702520222176,291.0346809761,0.0843711015316886,0.196025961062148,0.126144122155856,12,FALSE,0.274011841399213,0.313279821031875
"RT4_ZT10_leading_edge_dataset","469886","Rps15",549.879726433671,-0.0495429464140148,"downregulated",1,0.772788621878561,0.911522945108516,0.856143812026757,0.968870553329204,0.00334183413419916,0.0493569045039046,1.30665208558399,0.0167652078536183,1,FALSE,FALSE,"weak_effect",-0.0981434225668649,0.339915136338163,-0.288729191715745,FALSE,FALSE,1,0.0167652078536183,FALSE,TRUE,FALSE,FALSE,506.607978179795,588.566540038233,634.559720029095,471.112648716558,454.315733083645,344.222854111447,347.394909354836,564.384560076015,796.777209398988,790.855111348099,0.0901538110630743,0.216475929252943,0.13682712569358,12,FALSE,0.0402323946901963,0.0674532779353191
"RT4_ZT10_leading_edge_dataset","208548","Slc25a4",1007.86186630085,-0.0821530838588972,"downregulated",1,0.619259158531801,0.85191427644958,0.755048005530321,0.964849041528898,0.010024765818502,0.0493569045039046,1.30665208558399,0.00179460698069476,1,FALSE,FALSE,"weak_effect",-0.118970511993791,0.239425179674776,-0.496900585625101,FALSE,FALSE,1,0.00179460698069476,FALSE,TRUE,FALSE,FALSE,830.816532167068,1088.94888101252,963.888182322675,1104.81187702552,843.2375348901,937.29471422066,1315.06290459701,1206.15518276293,872.59263506891,915.810218941099,0.0253755184117115,0.154572876758545,0.0677899085960121,10,FALSE,0.0696041037520134,0.122025435292486
"RT4_ZT10_leading_edge_dataset","549216","RGD1561618",780.881949049452,0.182136732395051,"upregulated",1,0.324803938912174,0.607618014999201,0.536427412361704,0.95122207474871,0.0492659893587462,0.0493569045039046,1.30665208558399,0.0609916617462544,1,FALSE,FALSE,"weak_effect",0.345214716699195,0.350602108899004,0.984633885355888,FALSE,FALSE,1,0.0609916617462544,FALSE,TRUE,FALSE,FALSE,965.946246428008,1003.28423049326,963.888182322675,1043.77254680312,392.363587663148,552.510568382705,979.212841172392,917.95881166028,466.3363918565,523.546083712441,0.126269304942917,0.17617683258302,0.146208255428781,8,FALSE,0.216369358412344,0.270489037059747
"RT4_ZT10_leading_edge_dataset","37664","Ppp2r1a",392.905029440701,-0.0262532974972949,"downregulated",1,0.864700763104079,0.943309923386268,0.914800634235216,0.970808299804789,0.0010153080287858,0.0493569045039046,1.30665208558399,0.0765089922103505,1,FALSE,FALSE,"weak_effect",-0.0898346685475836,0.527219182775937,-0.170393398955217,FALSE,FALSE,1,0.0765089922103505,FALSE,TRUE,FALSE,FALSE,301.08750021639,317.967026339148,689.180050360713,462.234200684208,133.082386458846,115.106368413064,349.493972251239,541.70243827627,248.903472954083,770.292878453048,0.375942004342045,0.270901952370578,0.331128692817851,10,FALSE,0.0253455968670878,0.0386735429669517
"RT4_ZT10_leading_edge_dataset","460619","LOC687780",401.478899331754,-0.0529603782384867,"downregulated",1,0.755392218946866,0.895789546376886,0.844918842236838,0.968470030041495,0.00387590553201701,0.0493569045039046,1.30665208558399,0.0377412647449286,1,FALSE,FALSE,"weak_effect",-0.125584380418014,0.403111906780741,-0.311537263736347,FALSE,FALSE,1,0.0377412647449286,FALSE,TRUE,FALSE,FALSE,549.253477357202,347.697699166422,353.425666851648,251.371059915902,418.750612564471,704.889475139046,310.661308667768,445.636981242055,444.879195912182,188.223516500848,0.146806532191373,0.266830411297479,0.192511760776941,9,FALSE,0.0477940099615745,0.0731850047324692
"RT4_ZT10_leading_edge_dataset","546079","Tmem151b",900.914644496431,-0.0422972257850873,"downregulated",1,0.786753167821001,0.912359107540542,0.865121966664693,0.969183656326308,0.00266145397792384,0.0493569045039046,1.30665208558399,0.000388361188954788,1,FALSE,FALSE,"weak_effect",-0.0586085784135359,0.216644198904061,-0.270529184303199,FALSE,FALSE,1,0.000388361188954788,FALSE,TRUE,FALSE,FALSE,824.650917828166,931.729051824223,869.105844394279,934.45665540481,853.562892460182,982.241010458142,971.866121034978,1014.0242686945,898.341270202091,729.168412662947,0.00770970683205169,0.163395893265499,0.0551812891521849,9,FALSE,0.0398341882874109,0.0629226604942537
"RT4_ZT10_leading_edge_dataset","68829","Hnrnpab",723.632200400963,0.0534831763823754,"upregulated",1,0.755366948951294,0.895789546376886,0.844902502508109,0.968469439503666,0.00391461571230979,0.0493569045039046,1.30665208558399,0.00543139690866191,1,FALSE,FALSE,"weak_effect",0.0888968734573321,0.285318637700729,0.31157050998742,FALSE,FALSE,1,0.00543139690866191,FALSE,TRUE,FALSE,FALSE,745.525533812255,765.942757584002,594.397712432316,900.607572281477,722.7750299058,665.424434540282,903.646576901853,696.474563498061,823.956324261791,417.571498791796,0.0486902462760744,0.183766147269328,0.0962776349133664,10,FALSE,0.0477940099615745,0.0731934035540903
"RT4_ZT10_leading_edge_dataset","362096","Agap3",497.467598327647,-0.252177491506479,"downregulated",1,0.185206287238438,0.474732421331779,0.405485489274367,0.936471087246037,0.0988598011323948,0.0493569045039046,1.30665208558399,0.0637522541291632,1,FALSE,FALSE,"weak_effect",-0.418906634832087,0.316181228087376,-1.32489407219433,FALSE,FALSE,1,0.0637522541291632,FALSE,TRUE,FALSE,FALSE,588.302368170249,368.861906941769,359.851588067132,393.98113143552,417.60335061224,669.809439051256,713.681384777306,505.677891888439,613.675804007479,343.231118325075,0.0556049727822207,0.230828560645035,0.117927525124577,10,FALSE,0.323551107601898,0.392024682860544
"RT4_ZT10_leading_edge_dataset","90381","Rpl37",1176.22512986007,-0.132644568056413,"downregulated",1,0.455506568769438,0.727627376086244,0.639384177411729,0.958752558283088,0.0257646308968643,0.0493569045039046,1.30665208558399,0.0328472148092205,1,FALSE,FALSE,"weak_effect",-0.248696314879632,0.333254117417185,-0.746266293143201,FALSE,FALSE,1,0.0328472148092205,FALSE,TRUE,FALSE,FALSE,704.421438219574,1154.45714317431,1839.41994793244,978.848895566559,699.829790861171,894.540920238665,904.696108350055,1695.82216514566,1327.48518908844,1562.72970002384,0.121485095010391,0.143934187774942,0.132485396515161,8,FALSE,0.138090969504748,0.194238115245751
"RT4_ZT10_leading_edge_dataset","502910","Fdx2",541.035938850728,0.20511519690031,"upregulated",1,0.267553383124941,0.532093751091614,0.486346676367523,0.946468130664253,0.0642121426329139,0.0493569045039046,1.30665208558399,0.0439515768209559,1,FALSE,FALSE,"weak_effect",0.34683796107939,0.312828933382114,1.10871445722616,FALSE,FALSE,1,0.0439515768209559,FALSE,TRUE,FALSE,FALSE,809.750683175819,553.292860412654,493.189453288436,601.514854191695,571.336452211251,573.339339809831,624.471211680143,511.014861723673,371.924729701503,300.524942312278,0.0584757889600435,0.218702706242031,0.115472579069766,10,FALSE,0.274011841399213,0.313054047692636
"RT4_ZT10_leading_edge_dataset","393488","Ccdc142",512.502964986182,0.172397987524873,"upregulated",1,0.35018823198003,0.634165470824447,0.557490115730816,0.952978312388704,0.0437482008952812,0.0493569045039046,1.30665208558399,0.0565359609971269,1,FALSE,FALSE,"weak_effect",0.326922525673133,0.349940100078264,0.934224244663636,FALSE,FALSE,1,0.0565359609971269,FALSE,TRUE,FALSE,FALSE,712.128456143201,582.519623530991,441.78208356456,587.642279141148,527.740498026457,445.077957863846,716.829979121912,424.289101901118,473.488790504605,213.530880063987,0.0963272969635518,0.226410973895914,0.144906362876525,12,FALSE,0.197797408222913,0.253762828228894
"RT4_ZT10_leading_edge_dataset","305846","Ppp3ca",1440.8292790028,-0.0117721012864327,"downregulated",1,0.946042473931855,0.973750830908939,0.966105896109196,0.972315614128527,0.000176290364611582,0.0493569045039046,1.30665208558399,0.00313223657115153,1,FALSE,FALSE,"weak_effect",-0.0193363886251933,0.285714296307399,-0.0676773576789779,FALSE,FALSE,1,0.00313223657115153,FALSE,TRUE,FALSE,FALSE,2364.51309896898,1210.3911208663,1185.58246425689,1377.26925101825,1016.47408967705,1165.3149487913,1794.69877642528,1456.99276501893,1650.77360798282,1186.28266702215,0.0777030641705503,0.132238495977239,0.0973025881804678,9,FALSE,0.0115521587324594,0.014975267398927
"RT4_ZT10_leading_edge_dataset","6990","Epn1",517.981163846684,0.0821151576696902,"upregulated",1,0.641716550277969,0.863898083715649,0.770172631660552,0.965515530552934,0.00931283754767675,0.0493569045039046,1.30665208558399,0.0285235426731799,1,FALSE,FALSE,"weak_effect",0.166722735723892,0.358312257535725,0.465300118032576,FALSE,FALSE,1,0.0285235426731799,FALSE,TRUE,FALSE,FALSE,559.529501255372,505.925347772591,568.694027570378,355.692824296011,749.162054807122,357.377867644369,282.323959566317,448.305466159672,579.344290496571,773.456298898441,0.108294998677708,0.224865151168229,0.152091916815896,12,FALSE,0.0635374893389762,0.113411918237286
"RT4_ZT10_leading_edge_dataset","95290","Plekhm1",407.31946497396,0.0485260082495393,"upregulated",1,0.779892737721985,0.911522945108516,0.86071468318926,0.969030748244569,0.0031610224261405,0.0493569045039046,1.30665208558399,0.0374081760640181,1,FALSE,FALSE,"weak_effect",0.113682954471877,0.406796805177927,0.279458818321234,FALSE,FALSE,1,0.0374081760640181,FALSE,TRUE,FALSE,FALSE,503.525171010344,393.553482679675,305.231257735514,284.110337035192,630.994073727285,443.981706736102,456.546179967835,579.061227122909,313.275060787035,162.916152937708,0.153323487027404,0.264155007961448,0.196090955912063,9,FALSE,0.0402323946901963,0.0651407882116598
"RT4_ZT10_leading_edge_dataset","324040","LOC100362366",729.001995871409,-0.138124342651024,"downregulated",1,0.427119615085282,0.709942062912023,0.618052435643994,0.957389586978278,0.028864489995109,0.0493569045039046,1.30665208558399,0.0121387721942413,1,FALSE,FALSE,"weak_effect",-0.221226032351453,0.278576512252447,-0.794130239346873,FALSE,FALSE,1,0.0121387721942413,FALSE,TRUE,FALSE,FALSE,510.204586544155,682.293745900486,856.25400196331,782.968135852843,535.771331692077,935.102211965174,718.929042018315,840.572749049385,871.162155339289,556.761998389062,0.0415561617461243,0.183003641055289,0.0917463276294938,9,FALSE,0.148777091822166,0.208974677751309
"RT4_ZT10_leading_edge_dataset","105785","Cox17",758.106373247719,-0.0942133323942943,"downregulated",1,0.587189217735304,0.83660043380648,0.733193527885815,0.963839175986059,0.0126982027036675,0.0493569045039046,1.30665208558399,0.0153762600286043,1,FALSE,FALSE,"weak_effect",-0.167733217930818,0.308950051646813,-0.542913707367067,FALSE,FALSE,1,0.0153762600286043,FALSE,TRUE,FALSE,FALSE,878.086242098652,655.082621617896,859.466962571052,704.726812567761,473.81918627158,828.765852574058,1142.93974709189,521.688801394142,901.202229661333,615.285276628821,0.074493973056635,0.179058780171479,0.11323526956431,12,FALSE,0.0774819145585063,0.134781377337593
"RT4_ZT10_leading_edge_dataset","362043","Nub1",705.865925341323,0.0730976979586821,"upregulated",1,0.668936706023026,0.866109751066657,0.788327473108314,0.966282916158297,0.00755050522724234,0.0493569045039046,1.30665208558399,0.0119632119993632,1,FALSE,FALSE,"weak_effect",0.132278574968177,0.309345581149962,0.427607772758363,FALSE,FALSE,1,0.0119632119993632,FALSE,TRUE,FALSE,FALSE,845.202965624507,920.643038227613,904.448411079444,529.377463928853,492.175377507283,618.285636047313,930.934394555103,704.480018250913,632.272040492555,480.839907699644,0.071349688486416,0.186371631953483,0.113394281901411,11,FALSE,0.0624270718826991,0.10329333806805
"RT4_ZT10_leading_edge_dataset","50920","Rpl27a",1094.37125217348,-0.0831316595911811,"downregulated",1,0.619888843432825,0.85191427644958,0.755474011380088,0.96486816651743,0.0101238126582493,0.0493569045039046,1.30665208558399,0.00415942714008705,1,FALSE,FALSE,"weak_effect",-0.130761177444838,0.263627211908749,-0.496007891211545,FALSE,FALSE,1,0.00415942714008705,FALSE,TRUE,FALSE,FALSE,1330.74509481305,1091.4684295572,946.216898980093,1026.01565073842,827.17586755886,716.948237544225,1111.45380364583,1222.16609226863,1241.65640531117,1429.86604131736,0.0459320247352494,0.148697580320446,0.0824976084324745,10,FALSE,0.0696041037520134,0.121780470978631
"RT4_ZT10_leading_edge_dataset","484762","Tuba1a",448.201452022788,-0.0516135886842725,"downregulated",1,0.748902757608658,0.895789546376886,0.840719314943674,0.968317522706903,0.00388903099586749,0.0493569045039046,1.30665208558399,0.078754050719336,1,FALSE,FALSE,"weak_effect",-0.157995200781369,0.493601572569376,-0.320086502072808,FALSE,FALSE,1,0.078754050719336,FALSE,TRUE,FALSE,FALSE,488.624936357997,316.959206921274,774.323506465882,402.304676465848,136.52417231554,145.801399989881,431.357425210989,601.743348922655,421.991520238243,762.384327339567,0.32209109647738,0.247380267213418,0.290253325677115,9,FALSE,0.0477940099615745,0.0753489748534487
"RT4_ZT10_leading_edge_dataset","333829","Idh3b",965.181119455837,0.136244588104439,"upregulated",1,0.430372139851955,0.710742229163318,0.620521128643552,0.957551913164015,0.0282357952477352,0.0493569045039046,1.30665208558399,0.00918173654312577,1,FALSE,FALSE,"weak_effect",0.20963283609489,0.265844279293973,0.788555001640926,FALSE,FALSE,1,0.00918173654312577,FALSE,TRUE,FALSE,FALSE,1391.88743700717,952.893259599571,951.036339891706,1051.54118883142,828.323129511091,862.749637534105,1277.27977246174,741.838807097552,793.916249939746,800.345372684276,0.0438353983800148,0.157859534065542,0.0837465772900147,10,FALSE,0.148287879931491,0.207243426256982
"RT4_ZT10_leading_edge_dataset","518655","Septin7",658.549122943983,-0.0290604599669094,"downregulated",1,0.862181567434497,0.942651847061717,0.9132046641442,0.970758774478884,0.0011459085422676,0.0493569045039046,1.30665208558399,0.00409272176797736,1,FALSE,FALSE,"weak_effect",-0.0496824397567607,0.286192809229088,-0.173597791959167,FALSE,FALSE,1,0.00409272176797736,FALSE,TRUE,FALSE,FALSE,780.464015066034,619.808941992317,783.962388289109,594.856018167433,457.75751894034,792.589565358523,673.799189745633,689.803351204019,749.57137832149,442.878862354935,0.0453144044498613,0.193996586149953,0.0967457789445035,9,FALSE,0.0256486771654279,0.0394318790401948
"RT4_ZT10_leading_edge_dataset","276909","Syt11",1276.96039053704,-0.0235276176145247,"downregulated",1,0.887091439771672,0.948688001039939,0.928963663322966,0.971240558382734,0.000752913719636996,0.0493569045039046,1.30665208558399,0.000388361188954788,1,FALSE,FALSE,"weak_effect",-0.031674798726497,0.223084704457858,-0.141985524303306,FALSE,FALSE,1,0.000388361188954788,FALSE,TRUE,FALSE,FALSE,1534.72416919173,1161.51187909942,1299.64256583174,1369.50060898995,948.785634495391,1208.0687427733,1507.12715961796,1326.2370040557,1238.79544585193,1175.21069546327,0.0204752553030076,0.138910231176091,0.0589324862660242,10,FALSE,0.0228765923202323,0.032001273225904
"RT4_ZT10_leading_edge_dataset","377870","Tpi1",553.381014273178,-0.204510845912358,"downregulated",1,0.261627185229363,0.532093751091614,0.480922058959812,0.945896980029687,0.0650191724951444,0.0493569045039046,1.30665208558399,0.0352798662859054,1,FALSE,FALSE,"weak_effect",-0.336635779549314,0.299883958955304,-1.12255347275673,FALSE,FALSE,1,0.0352798662859054,FALSE,TRUE,FALSE,FALSE,430.051600138427,522.05045845857,575.119948785863,471.66755171858,446.284899418025,491.120505229071,447.100396934018,569.721529911249,637.993959411039,942.699292726934,0.0489614265828378,0.215614006993097,0.106085682587436,9,FALSE,0.274011841399213,0.317925302225819
"RT4_ZT10_leading_edge_dataset","442124","Kcnf1",441.321257271301,0.00362774531650289,"upregulated",1,0.986019544268676,0.992068743926766,0.991221785829409,0.972998148672665,1.38912218680908e-05,0.0493569045039046,1.30665208558399,0.0129491933272495,1,FALSE,FALSE,"weak_effect",0.00628965334232209,0.358941123712642,0.0175227994977734,FALSE,FALSE,1,0.0129491933272495,FALSE,TRUE,FALSE,FALSE,522.022014027051,482.241591452559,324.509021381967,527.712754922788,354.503943239511,422.056684181233,693.740287261469,426.957586818735,434.865837804834,224.60285162286,0.0958602619294965,0.249985849961686,0.152306299491541,12,FALSE,0.00345823301351073,0.00382916127129945
"RT4_ZT10_leading_edge_dataset","351660","Serf2",739.624413186338,0.232261320404094,"upregulated",1,0.209839517593552,0.505918087332959,0.431073340770824,0.940015867056395,0.0848796288997609,0.0493569045039046,1.30665208558399,0.038015870296607,1,FALSE,FALSE,"weak_effect",0.367671194948673,0.293197119708654,1.25400684465803,FALSE,FALSE,1,0.038015870296607,FALSE,TRUE,FALSE,FALSE,816.943899904538,969.522279994487,1008.86963083107,693.628752527323,676.884551816543,492.216756356815,465.991963001653,649.776077439762,662.312114814599,960.098105176592,0.0572374923100973,0.181527881348132,0.101731647424029,11,FALSE,0.295919793632593,0.365448834752533
"RT4_ZT10_leading_edge_dataset","301570","Ensa",1165.29414456107,0.181230832531657,"upregulated",1,0.257948504646808,0.532093751091614,0.477528852363079,0.945533476106166,0.0581751666815077,0.0493569045039046,1.30665208558399,0.00227763452731536,1,FALSE,FALSE,"weak_effect",0.24112246036122,0.213146309280535,1.13125327468778,FALSE,FALSE,1,0.00227763452731536,FALSE,TRUE,FALSE,FALSE,1280.39257771202,1356.52493645798,1283.57776279303,1322.33385381809,1069.24813947969,1089.673620977,1090.4631746818,1098.08154359943,1225.92112828534,836.724707806289,0.0116810636127014,0.144531588212896,0.0536202155191789,10,FALSE,0.274011841399213,0.321000383151392
"RT4_ZT10_leading_edge_dataset","91956","Ap2b1",949.582286554186,0.371279267083226,"upregulated",1,0.0427781766648728,0.195099061044101,0.203377594272603,0.880860349428072,0.256812715916729,0.0493569045039046,1.30665208558399,0.0377953179714663,1,FALSE,FALSE,"weak_effect",0.483340479180632,0.23858423217675,2.02586933248195,FALSE,FALSE,1,0.0377953179714663,FALSE,TRUE,FALSE,FALSE,1313.78965538107,1092.98015868401,1045.8186778201,1169.73552826208,913.220513976217,816.70709016888,822.832655390306,908.619114448621,841.122081017245,570.997390393327,0.0208735154704059,0.159134454046931,0.0671630097832387,10,FALSE,0.709744820735399,0.691696894184943
"RT4_ZT10_leading_edge_dataset","87418","Mprip",913.82535167761,0.383589975384512,"upregulated",1,0.0415897547910264,0.194877708163667,0.200772423031208,0.879500706932781,0.267475732335148,0.0493569045039046,1.30665208558399,0.0512622991197695,1,FALSE,FALSE,"weak_effect",0.505053782488058,0.247866752051891,2.03760197084571,FALSE,FALSE,1,0.0512622991197695,FALSE,TRUE,FALSE,FALSE,1185.33935665394,1150.92977521175,1105.25844906333,1043.21764380109,876.508131504811,765.183287164937,882.655947937815,732.499109885892,882.605993176258,514.055822376264,0.0272109340438561,0.162221170387072,0.0725342461628789,10,FALSE,0.710237836486288,0.697295939673683
