"dataset_name","feature_id","gene_symbol","baseMean","lfc_shrunk","regulation_direction","lfdr","pvalue","padj","empirical_p","empirical_q","HBFSS","hc_p_threshold_dataset","hbfss_threshold_dataset","resLA_padj","resGA_padj","hc_empirical_pass","deseq2_standard_call","deseq2_strong_call","deseq2_weak_call_raw","deseq2_weak_call","standard_significant","HBFSS_significant","effect_class","log2FoldChange","lfcSE","stat","raw_lfc_pass","shrunk_lfc_pass","neglog10_wald_pvalue","padj_strong_effect","padj_weak_effect","HBFSS_only_call","overlap_call","R4_1","R4_2","R4_3","R4_4","R4_5","ZT10_1","ZT10_2","ZT10_3","ZT10_4","ZT10_5","dispGeneEst","dispFit","dispersion","dispIter","dispOutlier","neglog10_padj","neglog10_empirical_p"
"RT4_ZT10_leading_edge_dataset","415923","-",11018.7368788437,-0.761935415460007,"downregulated",0.194478077378341,4.91390887092344e-05,0.00234322122207825,0.00159785992434314,0.069638588766648,2.13072289906539,0.018865349975457,1.72433513369119,0.289455368850688,1,TRUE,FALSE,FALSE,FALSE,FALSE,FALSE,TRUE,"intermediate",-0.844116859175319,0.207926719529617,-4.05968439787309,FALSE,FALSE,4.30857290182868,1,0.289455368850688,TRUE,FALSE,8590.24491265083,6466.93977463445,6452.70716731714,7652.98906599785,10257.3380630267,11295.4501504145,11150.8579270663,13986.3489721543,16549.6724705585,17784.8202846165,0.0430239997663534,0.0734271987766573,0.0518297941065326,9,FALSE,2.63018670799181,2.79646129557975
"RT4_ZT10_leading_edge_dataset","378009","Gapdh",7856.25214124763,0.99974848732227,"upregulated",0.0212762316819543,3.66402069737475e-07,4.60964986884615e-05,7.68730969666898e-05,0.00891546403599337,4.11319084236513,0.018865349975457,1.72433513369119,0.756808703547331,1,TRUE,FALSE,FALSE,FALSE,FALSE,FALSE,TRUE,"intermediate",1.12096514891173,0.220418020994867,5.08563294349621,TRUE,FALSE,6.43604208174811,1,0.756808703547331,TRUE,FALSE,14581.6065568879,8709.52672148833,14083.3933306962,8028.70109796067,8414.43225883724,4864.14183282723,4046.11105403269,5316.9519129361,5415.67576435019,5101.98088245969,0.0521307239370867,0.0738722728659806,0.0581832521125054,10,FALSE,4.33633206068473,4.11422562226817
"RT4_ZT10_leading_edge_dataset","450048","-",1707.89192036772,-1.10436979831723,"downregulated",0.196995296615148,9.66461570525366e-05,0.00380979151101099,0.00243534352429031,0.0894022077620514,2.88620395114367,0.018865349975457,1.72433513369119,0.940086196037703,1,TRUE,TRUE,FALSE,FALSE,FALSE,TRUE,TRUE,"intermediate",-1.53375507727726,0.393385402479435,-3.89886118704528,TRUE,TRUE,4.01481541017199,1,0.940086196037703,FALSE,TRUE,326.912405357228,759.226411908027,748.961954286303,1205.60430726659,1345.28464726735,3924.85057687693,3975.27503610214,2096.25655644954,1345.93458338947,1350.61272477363,0.264183543983252,0.0794548483779221,0.185144955062072,11,FALSE,2.41909879022857,2.61343976948798
"RT4_ZT10_leading_edge_dataset","256369","-",549.106342129987,-0.95237168844683,"downregulated",0.384718229163518,0.000369528852182921,0.0100967067021119,0.00563086011200009,0.144168629390781,2.14228893456266,0.018865349975457,1.72433513369119,1,1,TRUE,FALSE,FALSE,FALSE,FALSE,FALSE,TRUE,"intermediate",-3.14545515559471,0.883321463878778,-3.56094047775383,TRUE,FALSE,3.43235164697241,1,1,TRUE,FALSE,158.06238250414,87.2565020556383,79.9862281276635,74.8306121751674,157.336101085665,131.122537743399,123.69871787871,195.668004646814,1738.30873312335,2744.79360195932,0.932817227775244,0.0945083431906401,0.932817227775244,11,TRUE,1.99582025931961,2.2494252617446
"RT4_ZT10_leading_edge_dataset","56995","Fth1",3158.23149053506,-0.916771421890981,"downregulated",0.194478077378341,5.56596693497866e-05,0.00261202876877213,0.00172674515020232,0.0731431180287489,2.53283019027867,0.018865349975457,1.72433513369119,0.675261127120303,1,TRUE,FALSE,FALSE,FALSE,FALSE,FALSE,TRUE,"intermediate",-1.08165098163272,0.268366828087911,-4.03049433992788,TRUE,FALSE,4.25445937795148,1,0.675261127120303,TRUE,FALSE,1478.37575564703,2016.8581697969,1628.8104636906,1819.31925850876,3191.84943055183,4556.50818658311,3015.28840504344,3040.68079221149,4795.17710895707,6039.44733436041,0.100771970379701,0.0761790553658086,0.0861476630370169,10,FALSE,2.58302204406994,2.76277175509499
"RT4_ZT10_leading_edge_dataset","111059","-",2730.41571654393,-0.912373298016379,"downregulated",0.196995296615148,0.0001248483609087,0.00455696517316755,0.00285714666427483,0.0972430823769286,2.32113922401575,0.018865349975457,1.72433513369119,0.689906993271212,1,TRUE,FALSE,FALSE,FALSE,FALSE,FALSE,TRUE,"intermediate",-1.09959617800701,0.286621491440151,-3.83640519237413,TRUE,FALSE,3.90361715497847,1,0.689906993271212,TRUE,FALSE,1129.88806959191,1569.19437664189,1595.36167738267,2037.57521068633,2356.38253718996,3834.07343536226,3330.35009673451,2191.48165204432,3038.61841538098,6221.23169442449,0.119504571232302,0.0767834702605996,0.0982589962090883,7,FALSE,2.341324290522,2.54406746565492
"RT4_ZT10_leading_edge_dataset","97046","-",919.92926605655,-1.13226025796102,"downregulated",0.20113689984951,0.000147575515044224,0.00509758739888098,0.00317156526428586,0.102442004286351,2.82920853855422,0.018865349975457,1.72433513369119,0.966757602241624,1,TRUE,TRUE,FALSE,FALSE,FALSE,TRUE,TRUE,"intermediate",-1.72069759952875,0.453398109020235,-3.79511419499977,TRUE,TRUE,3.83098569239968,1,0.966757602241624,FALSE,TRUE,139.301268853797,373.211234335801,301.039076771388,632.422604285963,696.425687751277,2408.1158374028,2298.47019374629,1111.3942663939,574.873754261266,664.03873676301,0.372628839049867,0.0855648582868855,0.245482163037644,8,FALSE,2.29263531944362,2.49872634728793
"RT4_ZT10_leading_edge_dataset","92652","Septin4",426.037860066688,2.24299803260674,"upregulated",1.17118658678891e-05,4.64172475626157e-14,4.57441974729578e-11,4.53459270133294e-09,4.26757811556682e-06,18.714368212617,0.018865349975457,1.72433513369119,1,5.83429643905081e-05,TRUE,TRUE,TRUE,FALSE,FALSE,TRUE,TRUE,"strong_effect",3.6120137145401,0.478944076640329,7.541618929453,TRUE,TRUE,12,5.83429643905081e-05,1,FALSE,TRUE,757.479963632601,755.906871068953,506.09467978958,262.946456671074,1655.07821064533,57.996507078811,45.4619219554235,23.4801605576177,51.7082212827594,144.225607984726,0.398019511422837,0.100917387721367,0.264689485058252,11,FALSE,10.3396639871778,8.34346171533099
"RT4_ZT10_leading_edge_dataset","144905","LOC100362110",2902.43713915105,-1.33472262584468,"downregulated",0.00392585051891122,1.66712672777737e-09,5.18827386386715e-07,2.78497331041017e-06,0.000758448043003695,7.4146230518651,0.018865349975457,1.72433513369119,0.996644821195231,1,TRUE,TRUE,FALSE,FALSE,FALSE,TRUE,TRUE,"intermediate",-1.55744337632498,0.258397822912621,-6.02730842996166,TRUE,TRUE,8.77803138572537,1,0.996644821195231,FALSE,TRUE,1018.72847121363,1178.43699787098,1234.69650327975,1851.0183372774,2079.51978566712,5378.54563474364,5556.9270185513,3605.50909895863,2954.97276330593,4166.01678064214,0.082664020896566,0.076519021195042,0.0797650731123375,9,FALSE,6.2849771076791,5.55517896249999
"RT4_ZT10_leading_edge_dataset","275619","Fstl5",1122.52942061764,-1.50519124854456,"downregulated",0.0107306592095706,3.0549609443952e-08,6.94768617854185e-06,1.6634689268491e-05,0.00318852387600437,7.19328686135536,0.018865349975457,1.72433513369119,1,0.776910312987674,TRUE,TRUE,FALSE,FALSE,FALSE,TRUE,TRUE,"intermediate",-1.99878381288912,0.360904825882375,-5.53825737298552,TRUE,TRUE,7.51499433754649,0.776910312987674,1,FALSE,TRUE,260.31045189851,420.633246322561,314.127732283187,606.959409865246,645.199980421061,2819.13456148307,2815.46739923936,1073.56511882885,976.372884221516,1293.52342161301,0.208251214229958,0.0831746337294561,0.15516257605804,10,FALSE,5.1581598065182,4.77898530722318
"RT4_ZT10_leading_edge_dataset","256080","Got2",873.249919305952,0.891805163641567,"upregulated",0.20113689984951,0.00017129752717378,0.00559916425142338,0.00348102038676745,0.10711442578023,2.19231877751068,0.018865349975457,1.72433513369119,0.658640922921112,1,TRUE,FALSE,FALSE,FALSE,FALSE,FALSE,TRUE,"intermediate",1.07365513421882,0.285700839056045,3.7579698322419,TRUE,FALSE,3.76624890640129,1,0.658640922921112,TRUE,FALSE,841.435947217887,1287.03340532066,946.746082020162,953.050991175396,1891.692192123,791.778400988985,365.809883641314,426.556250130055,574.873754261266,653.522286180791,0.102374897811577,0.0862727761637999,0.0965121160066507,9,FALSE,2.25187679229417,2.45829343324123
"RT4_ZT10_leading_edge_dataset","7988","Calm3",1705.12779055048,0.795398145597887,"upregulated",0.20113689984951,0.00017139332479412,0.00559916425142338,0.00348223644130008,0.107131914321368,1.95520138474724,0.018865349975457,1.72433513369119,0.423058643066422,1,TRUE,FALSE,FALSE,FALSE,FALSE,FALSE,TRUE,"intermediate",0.912380840849317,0.242794609083418,3.75782989702151,FALSE,FALSE,3.76600609642409,1,0.423058643066422,TRUE,FALSE,2400.95351940265,2366.83261825919,1428.11774584301,2051.08629344018,2888.15416566554,1306.18220290539,1471.69756655696,857.025860353046,1414.37193508724,866.855997991531,0.0603154748669752,0.0794664119555084,0.0700589594209497,11,FALSE,2.25187679229417,2.45814174394077
"RT4_ZT10_leading_edge_dataset","437160","Eno1",447.616649862934,1.03532629004469,"upregulated",0.384718229163518,0.000362725813615178,0.0100181811455378,0.00556570042896887,0.143120960012435,2.3341225935487,0.018865349975457,1.72433513369119,0.912308930848984,1,TRUE,TRUE,FALSE,FALSE,FALSE,TRUE,TRUE,"intermediate",1.48999658065121,0.417855711847239,3.56581599438785,TRUE,TRUE,3.4404215364744,1,0.912308930848984,FALSE,TRUE,384.602829832033,550.095339046415,543.906351268112,456.778528485918,1366.01886213911,409.757930448121,97.267367904627,204.799178196999,141.437193508724,321.502917799285,0.283520443875329,0.0995388338033102,0.20626740435607,10,FALSE,1.999211119802,2.25448017305534
"RT4_ZT10_leading_edge_dataset","189162","-",2266.5219498874,-1.29800184429696,"downregulated",0.0212762316819543,1.74604429168487e-07,2.58899962697443e-05,4.86689904557469e-05,0.00666988213315755,5.5979544196057,0.018865349975457,1.72433513369119,0.991756730579641,1,TRUE,TRUE,FALSE,FALSE,FALSE,TRUE,TRUE,"intermediate",-1.60441032367521,0.307092199616971,-5.22452320728548,TRUE,TRUE,6.75794474379748,1,0.991756730579641,FALSE,TRUE,856.444838138161,957.450422012683,632.618349736975,1486.73875995246,1675.81242551708,4373.69310992164,4035.53851404305,1848.41041723024,2751.18153825035,4047.33112407138,0.125820947418425,0.0776967018634317,0.112710658199286,9,FALSE,4.58686801213869,4.3127476622637
"RT4_ZT10_leading_edge_dataset","218802","LOC688682",880.193589239425,1.52546778339739,"upregulated",0.000913468687997678,2.16399534360927e-10,7.997315291726e-08,7.95958037924649e-07,0.000257476806669482,9.30399554881087,0.018865349975457,1.72433513369119,1,0.581321193989225,TRUE,TRUE,FALSE,FALSE,FALSE,TRUE,TRUE,"intermediate",1.84964365668269,0.291317928909923,6.34922698923419,TRUE,TRUE,9.66474367806037,0.581321193989225,1,FALSE,TRUE,1585.31410345399,1502.32933974055,1697.16233136333,1509.08401219921,595.193932789183,305.112058979832,347.836565658938,375.682568921883,316.332647847469,567.888331439859,0.107921313836838,0.0861627177085824,0.0998988676586932,10,FALSE,7.09705578171719,6.09910982720974
"RT4_ZT10_leading_edge_dataset","568576","-",2725.50956938357,-1.32258273713783,"downregulated",0.0212762316819543,3.35405797996615e-07,4.40723218567552e-05,7.27932151463051e-05,0.00863431581290745,5.47272714110472,0.018865349975457,1.72433513369119,0.994650082004418,1,TRUE,TRUE,FALSE,FALSE,FALSE,TRUE,TRUE,"intermediate",-1.68361418425076,0.329966348236593,-5.10238147995494,TRUE,TRUE,6.47442943422793,1,0.994650082004418,FALSE,TRUE,480.753537290041,1070.31481054117,1218.69925765422,1987.16847887389,1714.84153586392,5195.73055808217,5125.56738697425,2998.9382845535,2918.47284240045,4544.60900160205,0.166101489120219,0.0767915021031066,0.130297545264077,9,FALSE,4.35583406900417,4.13790909818476
"RT4_ZT10_leading_edge_dataset","178330","Ppp2r2a",952.046429618152,-0.989341294459227,"downregulated",0.20113689984951,0.000148280911991803,0.00509758739888098,0.00318102301438361,0.102591674742595,2.47081378383688,0.018865349975457,1.72433513369119,0.82765905627624,1,TRUE,FALSE,FALSE,FALSE,FALSE,FALSE,TRUE,"intermediate",-1.26422186123382,0.333222156741421,-3.79393097264793,TRUE,FALSE,3.82891475153518,1,0.82765905627624,TRUE,FALSE,477.93937024249,608.898633909998,383.933895012785,404.812825586496,923.282391642236,1346.52759913413,872.234549144752,812.674445966435,1268.37225146533,2421.78833407686,0.162695814433087,0.0851180968090809,0.132138558316632,8,FALSE,2.29263531944362,2.4974331888041
"RT4_ZT10_leading_edge_dataset","510514","Prtg",330.428361104526,-1.10461737444513,"downregulated",0.384718229163518,0.000341951349819578,0.00958274090750315,0.00536386318703963,0.139817014389136,2.50805839045742,0.018865349975457,1.72433513369119,0.976180359581429,1,TRUE,TRUE,FALSE,FALSE,FALSE,TRUE,TRUE,"intermediate",-1.89429480524596,0.528947611449204,-3.58125221523544,TRUE,TRUE,3.46603567759249,1,0.976180359581429,FALSE,TRUE,176.823496154483,130.884753083457,143.975210629794,88.8613519580113,159.775420482342,142.469680432731,159.645353843464,198.276911375438,764.977508977294,1338.59392410824,0.507474957505486,0.109191599469736,0.331841465238722,7,FALSE,2.01851025389108,2.27052230797769
"RT4_ZT10_leading_edge_dataset","468058","Crip2",566.796929374992,-1.08017511341592,"downregulated",0.194478077378341,7.75779642740549e-05,0.00325332271455664,0.00212351998495874,0.0827948785289399,2.88724720748893,0.018865349975457,1.72433513369119,0.918434600360453,1,TRUE,TRUE,FALSE,FALSE,FALSE,TRUE,TRUE,"intermediate",-1.43974256922979,0.36432929643973,-3.95176172572211,TRUE,TRUE,4.11026162092241,1,0.918434600360453,FALSE,TRUE,249.522811549563,325.789222349041,321.39920756752,264.505427758057,365.897909501547,554.749198145148,655.497479357269,526.999159182086,482.103121959845,1921.50575637984,0.199567564713374,0.0938158597371451,0.157281212850842,8,FALSE,2.48767285457868,2.67294364740395
"RT4_ZT10_leading_edge_dataset","250403","LOC108348898",506.625038216102,-1.15544123107452,"downregulated",0.194478077378341,6.60436185464596e-05,0.00287144056224423,0.00192086701139749,0.0780652130597728,3.13875922608034,0.018865349975457,1.72433513369119,0.966215776397996,1,TRUE,TRUE,FALSE,FALSE,FALSE,TRUE,TRUE,"intermediate",-1.65695013755684,0.415264633843012,-3.99010655500038,TRUE,TRUE,4.18016913965353,1,0.966215776397996,FALSE,TRUE,446.514504878165,208.182632621876,168.698226596527,172.52613362608,221.978065097605,417.322692241009,477.878807531428,356.115768457202,1069.14351652294,1527.89003458819,0.28268052536552,0.0963687410394156,0.204576699961287,10,FALSE,2.54190016902464,2.71650270188246
"RT4_ZT10_leading_edge_dataset","506371","Fxyd2",2672.71958046142,-0.880592920908611,"downregulated",0.435699515981677,0.000529553657523889,0.0132680117666897,0.00705550155758883,0.166051980728849,1.89457110777244,0.018865349975457,1.72433513369119,0.68316393572871,1,TRUE,FALSE,FALSE,FALSE,FALSE,FALSE,TRUE,"intermediate",-1.10398274262232,0.318578110575259,-3.46534399563376,TRUE,FALSE,3.27609002802885,1,0.68316393572871,TRUE,FALSE,601.762720334754,1478.14411362731,2273.06317388251,2214.77825757336,1920.96402488312,3459.61772661429,3642.24002642869,3558.54877784339,2491.11960179882,5086.95738162795,0.150475489526064,0.0768797900797429,0.121479689649011,8,FALSE,1.87719415199985,2.15147210792654
"RT4_ZT10_leading_edge_dataset","228985","-",1021.00477585884,-1.23008967364903,"downregulated",0.03335529597198,8.95988212626273e-07,9.13444534699854e-05,0.000133512299222094,0.0124305456929292,4.76595627042503,0.018865349975457,1.72433513369119,0.976480980210942,1,TRUE,TRUE,FALSE,FALSE,FALSE,TRUE,TRUE,"intermediate",-1.52777129789637,0.310951981903251,-4.91320649749618,TRUE,TRUE,6.04769770375868,1,0.976480980210942,FALSE,TRUE,368.655883229241,488.920943583495,461.011533026715,602.282496604299,709.841944433001,2023.57377959764,2191.687539851,1434.8987007433,631.144465657211,1298.03047186254,0.133847304770406,0.0842538216415104,0.114916809318088,8,FALSE,4.03931781832251,3.87447872502413
"RT4_ZT10_leading_edge_dataset","414973","LOC120093072",2452.45245762047,0.674429928118362,"upregulated",0.0734640143384264,4.40766326172506e-06,0.000329905226159244,0.000357644396621115,0.0249026292974663,2.32445550759738,0.018865349975457,1.72433513369119,0.0711059091598552,1,TRUE,FALSE,FALSE,TRUE,TRUE,TRUE,TRUE,"weak_effect",0.715252461837046,0.155788683250298,4.59117085345594,FALSE,FALSE,5.35579159227807,1,0.0711059091598552,FALSE,FALSE,3041.64555056187,3331.87056218975,2751.52624759162,2780.68476214806,3335.76927495577,2312.29552135955,1789.93102024493,1761.01204182133,1767.20450384019,1652.58509149165,0.0136226821339653,0.0772891890878947,0.0286584963653522,7,FALSE,3.48161080456941,3.44654857485719
"RT4_ZT10_leading_edge_dataset","263417","Mblac2",1947.62884306228,-1.35641875597538,"downregulated",0.0212762316819543,1.60593164987239e-07,2.5664523907285e-05,4.62231106210798e-05,0.00643608213428999,5.88026633388557,0.018865349975457,1.72433513369119,0.997826455865954,1,TRUE,TRUE,FALSE,FALSE,FALSE,TRUE,TRUE,"intermediate",-1.72506912399028,0.329212861044503,-5.23998096100225,TRUE,TRUE,6.79427294269055,1,0.997826455865954,FALSE,TRUE,371.470050276793,798.586681857037,900.208640200431,1369.81592842876,1084.27747182292,3926.11137050907,3948.84368612806,1831.45252349418,2045.51640074445,3200.00567716111,0.163234122205968,0.078576797979387,0.129501433827746,8,FALSE,4.59066678775844,4.33514083168007
"RT4_ZT10_leading_edge_dataset","287602","NEWGENE_1310139",162.41236614471,-1.03758045628784,"downregulated",0.194478077378341,8.42042195965031e-05,0.00341027089365838,0.00223482349396731,0.0852326258545284,2.75037342068054,0.018865349975457,1.72433513369119,1,0.759449825074825,TRUE,TRUE,FALSE,FALSE,FALSE,TRUE,TRUE,"intermediate",-3.44375449183707,0.875803639106151,-3.93210799552258,TRUE,TRUE,4.07466614482386,0.759449825074825,1,FALSE,TRUE,15.9469466027916,21.8141255139096,23.2687209098657,29.6204506526704,46.3470685368626,63.0396816074032,64.4924939367635,26.0890672862419,570.311264148082,763.193842252509,0.904057941652353,0.147333762471471,0.904057941652353,10,TRUE,2.46721112160919,2.65075677169225
"RT4_ZT10_leading_edge_dataset","25748","Cox8a",830.074615936755,0.818892137285942,"upregulated",0.194478077378341,8.31947371425746e-05,0.00340457667736536,0.00221808420080749,0.0848728264304681,2.17335772472651,0.018865349975457,1.72433513369119,0.454287834941543,1,TRUE,FALSE,FALSE,FALSE,FALSE,FALSE,TRUE,"intermediate",0.933888744581446,0.237328437717488,3.93500565529838,FALSE,FALSE,4.07990414609186,1,0.454287834941543,TRUE,FALSE,1484.00408974214,1212.10662638158,946.746082020162,1137.52923646834,667.153854991153,559.792372673741,715.760957298179,549.174866375392,442.561540978911,585.91653243795,0.052168864948453,0.0869984321963568,0.0661120842677285,10,FALSE,2.4679368802603,2.65402197159895
"RT4_ZT10_leading_edge_dataset","389869","-",947.631332636632,-0.965860099810625,"downregulated",0.20113689984951,0.000197192052660565,0.00620210961373363,0.00380110564075697,0.111503618092908,2.33746842716107,0.018865349975457,1.72433513369119,0.800887271100947,1,TRUE,FALSE,FALSE,FALSE,FALSE,FALSE,TRUE,"intermediate",-1.22941559513813,0.330258405587897,-3.72258684211119,TRUE,FALSE,3.70511059221029,1,0.800887271100947,TRUE,FALSE,200.274888217412,561.950842043105,532.271990813179,718.166014070009,822.050636680142,1462.52061329175,1344.82708668136,932.684155483147,1032.64359561746,1868.92350346874,0.158543571611291,0.0851777170609859,0.129779908830844,7,FALSE,2.20746056247486,2.42009006026791
"RT4_ZT10_leading_edge_dataset","12284","-",626.799592844588,-1.22029320214895,"downregulated",0.0734640143384264,2.62378758352439e-06,0.000221635085448282,0.000259418580556225,0.0199175057405722,4.37597010657247,0.018865349975457,1.72433513369119,0.97525317896388,1,TRUE,TRUE,FALSE,FALSE,FALSE,TRUE,TRUE,"intermediate",-1.55553018495623,0.331085974147873,-4.69826663288819,TRUE,TRUE,5.5810713274661,1,0.97525317896388,FALSE,TRUE,239.204199041874,312.511058992748,269.044585520323,307.636961164577,463.470685368626,1027.54681020067,821.486357194512,361.33358191445,898.810552297377,1566.95113675072,0.153545870481108,0.0917582384993943,0.129661160127082,8,FALSE,3.65436148848125,3.58599892129723
"RT4_ZT10_leading_edge_dataset","572970","-",123.121594870897,-0.788636911335191,"downregulated",0.384718229163518,0.000270936106562647,0.00797037411992505,0.00463654508978451,0.127122914223578,1.84052517095964,0.018865349975457,1.72433513369119,1,0.842964034248926,TRUE,FALSE,FALSE,FALSE,FALSE,FALSE,TRUE,"intermediate",-3.9762259561412,1.09188619009759,-3.64161209492523,TRUE,FALSE,3.56713311443524,0.842964034248926,1,TRUE,FALSE,12.6637517139816,10.4328426370872,18.9058357392659,13.5110827538497,18.2948954750773,8.82555542503645,13.7443019865234,18.2623471003693,521.644702940779,594.930632936995,1.40128050033562,0.171271788094361,1.40128050033562,11,TRUE,2.09852129285662,2.33380551240439
"RT4_ZT10_leading_edge_dataset","118426","Rpl21",622.036862374289,-1.03482211320543,"downregulated",0.20113689984951,0.000157941246757024,0.00533660909756732,0.0033089064319658,0.104571779093703,2.56668534108127,0.018865349975457,1.72433513369119,0.887948098573872,1,TRUE,TRUE,FALSE,FALSE,FALSE,TRUE,TRUE,"intermediate",-1.38248184057542,0.365906399699154,-3.77823902974119,TRUE,TRUE,3.80150443807452,1,0.887948098573872,FALSE,TRUE,253.275034279631,220.512355738434,365.028059273519,236.963605221363,651.298278912753,747.650623863802,519.111713490998,627.442068234117,1609.03817991645,990.048704811818,0.204148402874713,0.091907058833988,0.158880942584894,9,FALSE,2.2727346077617,2.4803155134855
"RT4_ZT10_leading_edge_dataset","434342","Fndc5",167.250639741743,1.42317010163856,"upregulated",0.0304582777074421,5.67063350880895e-07,6.2093436921458e-05,0.000100654890985208,0.0103339567217934,5.68864588609152,0.018865349975457,1.72433513369119,1,1,TRUE,TRUE,FALSE,FALSE,FALSE,TRUE,TRUE,"intermediate",1.99495538606337,0.3988228059736,5.00210959900681,TRUE,TRUE,6.2463684201175,1,1,FALSE,TRUE,169.319050694346,200.595110703995,196.329832676992,197.469671017803,573.24005821909,85.7339669860684,35.9466359647534,52.1781345724838,77.5623319241391,84.1316046577569,0.200652118008921,0.145163787914424,0.179593627727015,10,FALSE,4.20695430094136,3.99716511718587
"RT4_ZT10_leading_edge_dataset","402566","Penk",423.483837391073,1.28746864650242,"upregulated",0.0734640143384264,3.25318059281395e-06,0.000267167456184846,0.000296339172247029,0.0219068806380131,4.54246095905689,0.018865349975457,1.72433513369119,0.991926865339495,1,TRUE,TRUE,FALSE,FALSE,FALSE,TRUE,TRUE,"intermediate",1.7405353457971,0.373974819281905,4.65415117825104,TRUE,TRUE,5.48769182719291,1,0.991926865339495,FALSE,TRUE,559.550214621482,691.887154886827,549.723531495578,524.85359928416,931.820009530606,181.554283029321,59.2062239419468,133.054243159834,308.728497658828,294.460616302149,0.207615080986086,0.101089848687187,0.163946200075688,7,FALSE,3.57321644462507,3.52821093655142
"RT4_ZT10_leading_edge_dataset","466749","RGD1566401",444.247183147809,0.826291204492806,"upregulated",0.20113689984951,0.000181268537441624,0.00582522207550175,0.00360627034618322,0.108882155840316,2.01858125570586,0.018865349975457,1.72433513369119,0.506825125063374,1,TRUE,FALSE,FALSE,FALSE,FALSE,FALSE,TRUE,"intermediate",0.962828948018167,0.25718059725674,3.74378533329631,FALSE,FALSE,3.74167756932558,1,0.506825125063374,TRUE,FALSE,438.541031576769,437.230950517927,574.44654746231,660.484083851651,825.709615775157,347.979042472866,209.336291794741,284.370833420036,398.457469884793,265.915964721839,0.0654227496406041,0.0997452678637192,0.0765367584042449,9,FALSE,2.23468751333601,2.44294171925127
"RT4_ZT10_leading_edge_dataset","55243","Tspan4",601.766416771058,-1.01157136356176,"downregulated",0.196995296615148,0.000123626249083904,0.0045403851604542,0.00283965982575496,0.0969407962249023,2.57620286405336,0.018865349975457,1.72433513369119,0.853174033866992,1,TRUE,TRUE,FALSE,FALSE,FALSE,TRUE,TRUE,"intermediate",-1.3031422576043,0.339464142542552,-3.8388215257255,TRUE,TRUE,3.90788930738662,1,0.853174033866992,FALSE,TRUE,209.655445042584,320.09858091063,238.504389326124,526.932227400137,440.297151100195,1286.00950479103,1212.67033681095,581.786200483194,480.582291922117,721.128039923631,0.165752609020461,0.0925667950515627,0.136452006011017,7,FALSE,2.34290730441937,2.54673368271567
"RT4_ZT10_leading_edge_dataset","19213","Hbb-bs",895.869836637253,-1.15038245714728,"downregulated",0.0939303253638492,9.78054697268228e-06,0.000621853486553444,0.000586105910326262,0.0348157267321136,3.71806359465757,0.018865349975457,1.72433513369119,0.947390569769393,1,TRUE,TRUE,FALSE,FALSE,FALSE,TRUE,TRUE,"intermediate",-1.46798890063108,0.33197629482687,-4.42196904871372,TRUE,TRUE,5.00963685681003,1,0.947390569769393,FALSE,TRUE,206.841277995032,412.097284164944,453.740057742382,607.479066894241,700.084666846293,1999.61870058683,722.104481291959,1359.2404056132,1408.28861493633,1089.20381030132,0.15998534394071,0.0859205199649999,0.131002764409036,7,FALSE,3.20631192636486,3.23202389914536
"RT4_ZT10_leading_edge_dataset","552929","Nyap2",948.70823300703,-0.853404436715797,"downregulated",0.435699515981677,0.000475033738323645,0.012212497803077,0.00659074830218009,0.159108297191639,1.86133078122379,0.018865349975457,1.72433513369119,0.617817244985721,1,TRUE,FALSE,FALSE,FALSE,FALSE,FALSE,TRUE,"intermediate",-1.04352980654817,0.298624626531466,-3.49445328293516,TRUE,FALSE,3.32327554438051,1,0.617817244985721,TRUE,FALSE,273.44323145375,534.920295210652,591.89808814471,892.770775812066,807.41472030008,1383.09061446643,1375.4874526513,1093.13191929353,903.373042410562,1631.55219032721,0.118217908305937,0.0851631237262406,0.10592746418962,7,FALSE,1.91319550139899,2.18106527356109
"RT4_ZT10_leading_edge_dataset","327752","Chn1",256.396279719077,0.953909571518176,"upregulated",0.435699515981677,0.000538599807457241,0.0134377243101041,0.00713087213834851,0.167145339926311,2.04790777551103,0.018865349975457,1.72433513369119,0.81866930459057,1,TRUE,FALSE,FALSE,FALSE,FALSE,FALSE,TRUE,"intermediate",1.28128864456896,0.370230480723531,3.46078648647452,TRUE,FALSE,3.26873380617938,1,0.81866930459057,TRUE,FALSE,517.806736749469,267.934367725194,189.058357392659,183.438931234959,658.616237102784,194.162219350802,136.38576586627,135.663149888458,120.145572980529,160.751458899643,0.185972215967346,0.119837490671085,0.159062259757048,8,FALSE,1.87167427319038,2.14685735069387
"RT4_ZT10_leading_edge_dataset","550029","Ndufb3",353.483661592791,1.61689934270062,"upregulated",0.00392585051891122,1.99101994452725e-09,5.88645046599482e-07,3.10567343508872e-06,0.000827379522852199,8.90562968727652,0.018865349975457,1.72433513369119,1,0.30874118488184,TRUE,TRUE,FALSE,FALSE,FALSE,TRUE,TRUE,"intermediate",2.12984969324197,0.355061468558742,5.9985379486189,TRUE,TRUE,8.70092438951817,0.30874118488184,1,FALSE,TRUE,1041.7108354353,600.362671752381,469.737303367915,465.612697978819,298.81662609293,84.4731733539203,150.130067852794,87.3983754089103,129.270553206899,207.324311478044,0.170394043645976,0.106786820168723,0.145664499933175,7,FALSE,6.23014650618305,5.50784421273986
"RT4_ZT10_leading_edge_dataset","139920","Cadm3",476.99239461058,0.830359795882933,"upregulated",0.194478077378341,7.13559609355662e-05,0.00303545177706477,0.00201572145586826,0.080327896956113,2.23829252438145,0.018865349975457,1.72433513369119,0.478477372893256,1,TRUE,FALSE,FALSE,FALSE,FALSE,FALSE,TRUE,"intermediate",0.948547804776686,0.238825527471334,3.97171866349395,FALSE,FALSE,4.14656974093351,1,0.478477372893256,TRUE,FALSE,648.665504460612,618.383036307349,472.645893481648,527.971541458125,874.496003708697,461.450469366192,279.115055726321,266.108486319667,298.082687394731,323.00526788246,0.0507185530383263,0.0978626474581726,0.065815369488702,9,FALSE,2.5177766621885,2.69556948142154
"RT4_ZT10_leading_edge_dataset","450452","Hsp90aa1",1141.03146798795,-1.08831247778217,"downregulated",0.0734640143384264,4.55337908712349e-06,0.000336551631777015,0.000364921393771311,0.0252352714400417,3.7414013708088,0.018865349975457,1.72433513369119,0.895901373423091,1,TRUE,TRUE,FALSE,FALSE,FALSE,TRUE,TRUE,"intermediate",-1.3103350273245,0.2858260754842,-4.58437889232023,TRUE,TRUE,5.3416661914242,1,0.895901373423091,FALSE,TRUE,650.541615825646,714.649720640472,635.526939850708,971.758644219187,303.695264886284,1592.38235740301,2157.85541188417,1287.49547057604,1859.97513614161,1236.43411845239,0.105354440325757,0.0829986487775062,0.0970915452563731,10,FALSE,3.47294829941704,3.43780067507199
"RT4_ZT10_leading_edge_dataset","54488","Adam12",507.583027125275,-1.25877498145535,"downregulated",0.03335529597198,9.43142349288176e-07,9.45220459549319e-05,0.000137810315636644,0.0126786037025552,4.85977557197776,0.018865349975457,1.72433513369119,0.98460304237152,1,TRUE,TRUE,FALSE,FALSE,FALSE,TRUE,TRUE,"intermediate",-1.59030519718367,0.324343894652905,-4.90314515981725,TRUE,TRUE,6.02542275387483,1,0.98460304237152,FALSE,TRUE,195.115581963568,229.522538015918,142.520915572928,314.392502541502,384.192804976624,1109.4983962903,1059.36850696126,550.479319739704,497.311422337127,593.428282853821,0.144913631410551,0.0963233554646494,0.123863460162444,11,FALSE,4.02446688651787,3.86071827258519
"RT4_ZT10_leading_edge_dataset","30145","Actr1a",358.983256807645,1.08693642449491,"upregulated",0.196995296615148,0.000128077861429902,0.00461783167460371,0.00290305226241561,0.098028006460082,2.75771547306898,0.018865349975457,1.72433513369119,0.931772804252759,1,TRUE,TRUE,FALSE,FALSE,FALSE,TRUE,TRUE,"intermediate",1.51179379287662,0.394711282435836,3.83012561370697,TRUE,TRUE,3.89252593262644,1,0.931772804252759,FALSE,TRUE,801.568580710908,515.951490415948,487.188844050314,610.077352039212,242.712279969359,172.728727604285,285.458579720101,63.9182148512926,130.791383244627,279.437115470407,0.236226845970671,0.106258814862991,0.182797174175712,8,FALSE,2.33556190167504,2.53714514567904
"RT4_ZT10_leading_edge_dataset","125458","Atp5mf",532.602577869889,-1.1295786278374,"downregulated",0.0734640143384264,1.89744591919092e-06,0.000164994084120234,0.000212290336659704,0.0171435018117949,4.14902111552794,0.018865349975457,1.72433513369119,0.926739885937975,1,TRUE,TRUE,FALSE,FALSE,FALSE,TRUE,TRUE,"intermediate",-1.35994788201817,0.285460400341898,-4.76405091700758,TRUE,TRUE,5.72183059347289,1,0.926739885937975,FALSE,TRUE,288.452122374025,262.71794640665,418.836976377583,239.561890366334,285.400369411206,634.179196970476,410.214551597775,675.706842713665,1125.41422791888,985.541654562296,0.0945231853784028,0.0951958458574342,0.0956330152265529,8,FALSE,3.78253162718002,3.67306977423194
"RT4_ZT10_leading_edge_dataset","257118","-",221.241997568202,-1.18809760551713,"downregulated",0.196995296615148,9.47564746512172e-05,0.00376036935981642,0.00240553879099381,0.088801282265851,3.11137531898013,0.018865349975457,1.72433513369119,0.987454595858886,1,TRUE,TRUE,FALSE,FALSE,FALSE,TRUE,TRUE,"intermediate",-1.91648755435473,0.490948775171565,-3.9036405655254,TRUE,TRUE,4.02339110527307,1,0.987454595858886,FALSE,TRUE,35.1770880943933,93.8955837337847,75.6233429570636,128.874943190566,130.503587722218,641.743958763365,626.951621385258,204.799178196999,117.103912905073,157.746758733294,0.396280412332445,0.127387544418025,0.283185185821869,10,FALSE,2.42476949468624,2.61878763540298
"RT4_ZT10_leading_edge_dataset","348412","Alkbh3",308.036372054804,-2.1276373004605,"downregulated",8.72988301957914e-06,3.94772460192055e-14,4.57441974729578e-11,4.10755407465047e-09,4.05223579140265e-06,17.8432530104773,0.018865349975457,1.72433513369119,1,0.000535040979805116,TRUE,TRUE,TRUE,FALSE,FALSE,TRUE,TRUE,"strong_effect",-2.96319403518757,0.391816692985355,-7.56270492870074,TRUE,TRUE,12,0.000535040979805116,1,FALSE,TRUE,39.3983386657204,58.8032948635823,56.7175072177977,99.2544925378956,96.3531161687406,533.315706398631,475.764299533501,181.319017639381,579.436244374451,960.001703148334,0.221007670187644,0.111871782520987,0.177364582434835,7,FALSE,10.3396639871778,8.38641671050575
"RT4_ZT10_leading_edge_dataset","170744","Depdc5",286.760019112342,0.918580750421704,"upregulated",0.529244503507695,0.00095540460211012,0.0205429360446441,0.0102210632036008,0.20661802395886,1.82843859022212,0.018865349975457,1.72433513369119,0.788348738171894,1,TRUE,FALSE,FALSE,FALSE,FALSE,FALSE,TRUE,"intermediate",1.24623250249698,0.377264371418461,3.30334003662025,TRUE,FALSE,3.01981267108468,1,0.788348738171894,TRUE,FALSE,363.496576975397,441.024711476867,408.656910979517,161.613336017202,642.760661024384,151.295235857768,125.813225876637,191.754644553878,89.7289722259649,291.455916135801,0.199095092159311,0.114806239082546,0.1660231234101,8,FALSE,1.68733748591583,1.99050392617384
"RT4_ZT10_leading_edge_dataset","250774","-",266.134215535988,-1.09813149360731,"downregulated",0.20113689984951,0.000202083045541957,0.00622352629317496,0.00385976310196057,0.112263909918745,2.65027375804248,0.018865349975457,1.72433513369119,0.950533501901212,1,TRUE,TRUE,FALSE,FALSE,FALSE,TRUE,TRUE,"intermediate",-1.63048615654449,0.438727522997562,-3.71639815392561,TRUE,TRUE,3.69447012159823,1,0.950533501901212,FALSE,TRUE,264.531702469837,76.8236594185511,61.0803923883976,88.341694929017,157.336101085665,257.201900958205,202.992767800961,303.937633884718,547.498813582159,701.597488842366,0.302381686539609,0.11809886705368,0.226383938598448,10,FALSE,2.20596347130267,2.41343934990559
"RT4_ZT10_leading_edge_dataset","226793","Elmo1",432.904913627506,-1.51220738908818,"downregulated",0.0107306592095706,5.85082311249744e-08,1.08112240825617e-05,2.48152745412344e-05,0.00415012334434847,6.96413982949962,0.018865349975457,1.72433513369119,1,0.759449825074825,TRUE,TRUE,FALSE,FALSE,FALSE,TRUE,TRUE,"intermediate",-2.06376558586317,0.380536771421089,-5.42330134918678,TRUE,TRUE,7.23278303168377,0.759449825074825,1,FALSE,TRUE,252.806006438373,126.142551884781,75.6233429570636,207.862811597687,170.752357767388,816.994273631946,659.726495353122,289.588646877285,523.165532978507,1206.38711678891,0.218622617151571,0.100463779596964,0.170527503439339,8,FALSE,4.96612513100457,4.6052809156678
"RT4_ZT10_leading_edge_dataset","126494","Prkar1b",1775.48070592703,0.957073566369998,"upregulated",0.0212762316819543,4.64771102003607e-07,5.49638305229466e-05,8.90241820765691e-05,0.0096833244642602,3.8766188314421,0.018865349975457,1.72433513369119,0.673831443221782,1,TRUE,FALSE,FALSE,FALSE,FALSE,FALSE,TRUE,"intermediate",1.06333447594795,0.210965961513323,5.04031298850454,TRUE,FALSE,6.33276088283487,1,0.673831443221782,TRUE,FALSE,3247.54877287439,2811.17687057513,2136.35943853705,1645.23415379569,2167.3352839475,1022.50363567208,1341.65532468447,1061.82503855004,1239.4764807485,1081.69205988545,0.0404033108100253,0.0791832986316062,0.0527085534935228,10,FALSE,4.25992300817179,4.05049200778305
"RT4_ZT10_leading_edge_dataset","80330","LOC102552044",184.102974363847,-0.93442865740132,"downregulated",0.529244503507695,0.0014072884672427,0.027205563578963,0.0130430696096244,0.238009865626354,1.76104311191537,0.018865349975457,1.72433513369119,0.841453397645643,1,TRUE,FALSE,FALSE,FALSE,FALSE,FALSE,TRUE,"intermediate",-1.3603480302782,0.42602044278711,-3.19315200317275,TRUE,FALSE,2.85161687137061,1,0.841453397645643,TRUE,FALSE,119.133071679678,105.751086730475,78.5319330707969,86.2630668130402,125.624948928864,189.11904482221,152.24457585072,91.3117355018466,301.124347470187,591.925932770647,0.258638234476334,0.138495987667411,0.211515519987913,7,FALSE,1.56534227300386,1.88462018792627
"RT4_ZT10_leading_edge_dataset","23695","Hras",469.237909012395,0.934243636893165,"upregulated",0.529244503507695,0.00140789826740448,0.027205563578963,0.0130466307178576,0.238045620370046,1.76058365659381,0.018865349975457,1.72433513369119,0.840796437228546,1,TRUE,FALSE,FALSE,FALSE,FALSE,FALSE,TRUE,"intermediate",1.35848204050314,0.425452738040442,3.19302690766561,TRUE,FALSE,2.85142872552138,1,0.840796437228546,TRUE,FALSE,734.497599410931,836.050071326578,708.241692694038,684.907964214379,413.464637736748,310.155233508424,497.966633511731,330.02670117096,106.458102640975,70.6104539091889,0.302312198417604,0.0982847320979725,0.21428465984966,10,FALSE,1.56534227300386,1.88450163005513
"RT4_ZT10_leading_edge_dataset","386148","Atp6v1f",190.557327665739,1.68942096140217,"upregulated",0.0107306592095706,3.45970579985054e-09,9.29874563387101e-07,4.36018618277245e-06,0.00107046295726474,9.05613255851054,0.018865349975457,1.72433513369119,1,0.17214834756924,TRUE,TRUE,TRUE,FALSE,FALSE,TRUE,TRUE,"strong_effect",2.39350535970174,0.405119249122676,5.90815016784589,TRUE,TRUE,8.46096083037886,0.17214834756924,1,FALSE,TRUE,391.638247450912,274.099229283472,225.415733814324,172.006476597086,536.650267268935,59.257300710959,30.6603659699368,37.8291475650507,60.8332015091287,117.18330648759,0.217396465737132,0.136254597950447,0.184941513016914,10,FALSE,6.03157563220196,5.36049496567996
"RT4_ZT10_leading_edge_dataset","558048","-",449.838692385364,-1.14698086866648,"downregulated",0.194478077378341,4.97213993901078e-05,0.00235202107674966,0.00160962039533419,0.0699667401331768,3.20383474503593,0.018865349975457,1.72433513369119,0.957991114226568,1,TRUE,TRUE,FALSE,FALSE,FALSE,TRUE,TRUE,"intermediate",-1.58902794645734,0.391682105601186,-4.05693271082265,TRUE,TRUE,4.30345665680333,1,0.957991114226568,FALSE,TRUE,87.7082063153538,152.698878597367,253.04733989479,458.3374995729,170.752357767388,800.603956414021,968.444663050416,679.620202806601,389.332489658424,537.841329776375,0.237887041569049,0.0994043901130625,0.181454873918397,9,FALSE,2.62855879081228,2.79327653368867
"RT4_ZT10_leading_edge_dataset","55421","Cd81",613.081403192961,-0.885098001441567,"downregulated",0.16552885132673,2.3638852628942e-05,0.00125924806842283,0.00101366821972193,0.0508644861327082,2.65007561625472,0.018865349975457,1.72433513369119,0.580669226244367,1,TRUE,FALSE,FALSE,FALSE,FALSE,FALSE,TRUE,"intermediate",-1.01181525817447,0.239345935125647,-4.22741776518288,TRUE,FALSE,4.6263736068522,1,0.580669226244367,TRUE,FALSE,293.611428627869,363.726831938449,471.191598424781,390.782085803652,515.916052397181,816.994273631946,629.066129383185,688.751376356786,758.894188826381,1201.88006653938,0.0549893021035004,0.0921931501618477,0.0669862024741126,10,FALSE,2.89988870663976,2.99410416918637
"RT4_ZT10_leading_edge_dataset","446277","-",272.229771926592,-0.935370460118349,"downregulated",0.452820287574647,0.000873320654951317,0.0191981869290665,0.00965971250018471,0.19987674792085,1.88480496265224,0.018865349975457,1.72433513369119,0.811976532203585,1,TRUE,FALSE,FALSE,FALSE,FALSE,FALSE,TRUE,"intermediate",-1.28345164581963,0.385600910515337,-3.32844557888715,TRUE,FALSE,3.05882626819913,1,0.811976532203585,TRUE,FALSE,267.814897358647,115.235489127827,63.9889825021308,149.661224350335,193.92589203582,257.201900958205,271.714277733577,285.675286784349,439.519880903455,677.559887511578,0.21194614977903,0.117073857011305,0.174284258191549,8,FALSE,1.71673978399862,2.01503579919956
"RT4_ZT10_leading_edge_dataset","522187","Timm8b",830.756731323985,0.706985061178265,"upregulated",0.0734640143384264,3.48638619439668e-06,0.000282397281746131,0.000309314778836001,0.0225713873333797,2.48123429648364,0.018865349975457,1.72433513369119,0.112547616439492,1,TRUE,FALSE,FALSE,TRUE,TRUE,TRUE,TRUE,"weak_effect",0.753484765500127,0.162393719530223,4.63986395335871,FALSE,FALSE,5.45762450684002,1,0.112547616439492,FALSE,FALSE,1060.00292124438,1111.09774084979,986.012048555561,864.709296246379,1194.04684467338,583.747451684554,722.104481291959,558.306039925576,628.102805581754,599.437683186518,0.0108386397104323,0.0869863813390513,0.0302087646340487,6,FALSE,3.54913948796137,3.50959932922544
"RT4_ZT10_leading_edge_dataset","80363","Fbf1",903.428051428422,-0.963006477225417,"downregulated",0.194478077378341,4.07962245580823e-05,0.00199860208598257,0.00142314958479539,0.064551647570946,2.74143815897717,0.018865349975457,1.72433513369119,0.755591507928708,1,TRUE,FALSE,FALSE,FALSE,FALSE,FALSE,TRUE,"intermediate",-1.15285375441409,0.280983490499376,-4.10292345776326,TRUE,FALSE,4.38938002635765,1,0.755591507928708,TRUE,FALSE,525.780210050865,507.889748378199,404.294025808917,663.082368996622,701.304326544631,1606.25108735663,1528.78928250098,704.404816728531,802.998259920499,1589.48638799834,0.0979587694846232,0.0858067488947654,0.0935635743233785,9,FALSE,2.69927366364276,2.8467494495735
"RT4_ZT10_leading_edge_dataset","527038","-",121.506408566041,-1.41745427151944,"downregulated",0.0734640143384264,4.15291007553744e-06,0.000318911133463024,0.000344699061067821,0.0242993962799779,4.90802032004202,0.018865349975457,1.72433513369119,1,0.688356895203594,TRUE,TRUE,FALSE,FALSE,FALSE,TRUE,TRUE,"intermediate",-2.61964600290013,0.569045485129914,-4.60357927679905,TRUE,TRUE,5.38164747272366,0.688356895203594,1,FALSE,TRUE,50.1859790146677,25.6078864728504,8.72577034119965,27.5418225366935,57.324005821909,79.4299988253281,98.3246219035903,73.0493884014773,381.728339469783,413.146272872914,0.523097504509835,0.172587134996162,0.373779486010276,10,FALSE,3.49633031889704,3.46255989957325
"RT4_ZT10_leading_edge_dataset","10050","Fxyd1",222.362104036064,1.10407056123829,"upregulated",0.20113689984951,0.000187178910201814,0.00595047793560929,0.00367930298260877,0.109882563864214,2.68756659262478,0.018865349975457,1.72433513369119,0.952963019238557,1,TRUE,TRUE,FALSE,FALSE,FALSE,TRUE,TRUE,"intermediate",1.63969283958258,0.438922851169541,3.73571992256384,TRUE,TRUE,3.72774308561366,1,0.952963019238557,FALSE,TRUE,490.134094115213,314.882159592086,430.471336832516,313.872845512508,134.162566817234,56.7357134466629,164.93162383828,92.6161888661587,38.0207509432055,187.793760396779,0.293289564223562,0.12711016000149,0.224035699324589,8,FALSE,2.22544815083247,2.43423444748903
"RT4_ZT10_leading_edge_dataset","3037","Rpl26-ps2",1103.4737399346,0.813647806780653,"upregulated",0.194478077378341,3.22463744575662e-05,0.00164373113937577,0.00122947677485241,0.0584051678479928,2.36794267125463,0.018865349975457,1.72433513369119,0.406467174738211,1,TRUE,FALSE,FALSE,FALSE,FALSE,FALSE,TRUE,"intermediate",0.911188510202483,0.219194136523825,4.15699308682667,FALSE,FALSE,4.49151910712438,1,0.406467174738211,TRUE,FALSE,1914.57164801751,1416.49549804452,1179.43329111882,1089.20113277188,1602.63284361677,748.91141749595,604.749287407028,813.978899330747,1002.2269948629,662.536386679836,0.0456834732766483,0.0833620536853982,0.0565563688622825,10,FALSE,2.78416921735219,2.91027967078757
"RT4_ZT10_leading_edge_dataset","415759","Eya3",85.7837487577606,-1.03632597126596,"downregulated",0.452820287574647,0.000769531193084608,0.0174338618571237,0.00892134226752184,0.191044403157336,2.12402241220344,0.018865349975457,1.72433513369119,0.986691612574909,1,TRUE,TRUE,FALSE,FALSE,FALSE,TRUE,TRUE,"intermediate",-2.22225956391155,0.660693110425806,-3.36352767850014,TRUE,TRUE,3.11377377127116,1,0.986691612574909,FALSE,TRUE,32.8319488881004,29.4016474317912,43.6288517059983,29.6204506526704,15.8555760784004,22.6942853786652,49.6909379512768,140.880963345706,38.0207509432055,455.212075201792,0.709879206812933,0.214340423071156,0.506106992139784,11,FALSE,1.75860639961034,2.04956979859221
"RT4_ZT10_leading_edge_dataset","249916","Mt2A",387.793714867185,1.09207956320254,"upregulated",0.03335529597198,6.17096843884972e-07,6.63435206889426e-05,0.000106048890424981,0.0106933195965372,4.34046353068824,0.018865349975457,1.72433513369119,0.889833619145087,1,TRUE,TRUE,FALSE,FALSE,FALSE,TRUE,TRUE,"intermediate",1.26834989201697,0.254393049827278,4.98578830230668,TRUE,TRUE,6.20964667476021,1,0.889833619145087,FALSE,TRUE,746.223295442396,551.04377928615,609.349628827109,493.674177544507,340.285055836438,197.944600247246,281.229563724247,264.804032955355,228.124505659233,165.258509149165,0.0595995613061865,0.103737504531395,0.0740675418585538,10,FALSE,4.17820148525535,3.97449387108734
"RT4_ZT10_leading_edge_dataset","357911","-",157.623657249957,1.6438776875262,"upregulated",0.0212762316819543,7.56297508523022e-08,1.27771061939904e-05,2.90646430194386e-05,0.0045588671594863,7.45767306414259,0.018865349975457,1.72433513369119,1,0.12592383296003,TRUE,TRUE,TRUE,FALSE,FALSE,TRUE,TRUE,"strong_effect",2.96265037093414,0.550959553445692,5.37725564863296,TRUE,TRUE,7.12130733030135,0.12592383296003,1,FALSE,TRUE,428.222419069081,199.172450344392,370.845239500985,322.187357976415,75.6189012969863,12.6079363214806,23.2595879771934,20.8712538289935,21.2916205281951,102.159805655848,0.499189712407023,0.149612682279027,0.344617549190719,10,FALSE,4.89356749565252,4.5366350068084
"RT4_ZT10_leading_edge_dataset","510666","LOC108351747",427.234096546015,-1.2882880649016,"downregulated",0.0212762316819543,5.28152788396072e-07,6.00570661112688e-05,9.6333452443309e-05,0.0101009196339185,5.17405199582955,0.018865349975457,1.72433513369119,0.990260521737136,1,TRUE,TRUE,FALSE,FALSE,FALSE,TRUE,TRUE,"intermediate",-1.62788237544765,0.324551373157464,-5.01579259890498,TRUE,TRUE,6.27724042299932,1,0.990260521737136,FALSE,TRUE,188.080164344689,182.574746149026,142.520915572928,291.527593265756,239.053300874344,1014.93887387919,862.719263154082,346.984594907017,401.49912996025,602.442383352867,0.134283280191504,0.100837320631911,0.123528144632782,10,FALSE,4.22143588763502,4.01622287498623
"RT4_ZT10_leading_edge_dataset","44835","Tm2d3",245.040054448707,0.994325967578739,"upregulated",0.196995296615148,0.000134488055882316,0.00475119510348965,0.00299291139957059,0.0995292632850343,2.50958541430966,0.018865349975457,1.72433513369119,0.832059418490571,1,TRUE,FALSE,FALSE,FALSE,FALSE,FALSE,TRUE,"intermediate",1.26897938100998,0.332359605736164,3.81809148617576,TRUE,FALSE,3.8713162843957,1,0.832059418490571,TRUE,FALSE,410.399361101255,373.685454455668,487.188844050314,317.510444715467,142.700184705603,90.7771415146607,134.271257868344,203.494724832687,158.166323923735,132.206807319332,0.129687146469562,0.12203958692855,0.12687339489767,8,FALSE,2.32319713530818,2.52390613957382
"RT4_ZT10_leading_edge_dataset","487845","LOC120093766",543.364919506158,0.952613198638074,"upregulated",0.0212762316819543,5.01742849327255e-07,5.8172656236707e-05,9.33308994213178e-05,0.00993307255408545,3.83900694545326,0.018865349975457,1.72433513369119,0.665098868827506,1,TRUE,FALSE,FALSE,FALSE,FALSE,FALSE,TRUE,"intermediate",1.05799074572811,0.210518393185199,5.02564516914855,TRUE,FALSE,6.29951880821735,1,0.665098868827506,TRUE,FALSE,812.356221059855,774.40145574379,596.260973315309,601.762839575304,884.253281295405,375.716502380123,245.282927759494,373.073662193259,357.395058866131,413.146272872914,0.03208242493389,0.0947427782497654,0.0507882958499373,9,FALSE,4.23528110531618,4.02997454889538
"RT4_ZT10_leading_edge_dataset","159662","Nat8l",358.137856797748,-0.879358555521823,"downregulated",0.452820287574647,0.000688175740206979,0.0161475521898566,0.00831663758323309,0.183337998639658,1.82911171866106,0.018865349975457,1.72433513369119,0.694134252733868,1,TRUE,FALSE,FALSE,FALSE,FALSE,FALSE,TRUE,"intermediate",-1.11867262100148,0.329579018664951,-3.39424707778111,TRUE,FALSE,3.16230064133431,1,0.694134252733868,TRUE,FALSE,127.106544981074,177.83254495035,263.227405292856,182.39961717697,381.753485579947,607.702530695367,250.569197754311,483.952198159787,585.519564525364,521.315478861458,0.134961644581973,0.106338925267464,0.127291235835273,10,FALSE,1.79189330311675,2.08005222349334
"RT4_ZT10_leading_edge_dataset","29833","Ndufb8",561.669688321677,0.81533801433535,"upregulated",0.435699515981677,0.000490775233583138,0.0125625712388619,0.00672686779722276,0.16117875576879,1.77106672291222,0.018865349975457,1.72433513369119,0.527412007378342,1,TRUE,FALSE,FALSE,FALSE,FALSE,FALSE,TRUE,"intermediate",0.974544298316539,0.279580207776346,3.48574137657176,FALSE,FALSE,3.3091173615717,1,0.527412007378342,TRUE,FALSE,802.975664234683,825.61722868949,798.407986219768,585.133814647489,708.622284734662,330.327931622793,206.164529797851,356.115768457202,351.311738715218,652.019936097616,0.0902077101701131,0.0940120720964108,0.0915785065899146,8,FALSE,1.90092146246474,2.17218710739982
"RT4_ZT10_leading_edge_dataset","465554","Calm1",342.600639415417,-0.906359453395631,"downregulated",0.194478077378341,6.41245890720442e-05,0.00283959405445171,0.00188590517680454,0.0772084328601467,2.46935833713884,0.018865349975457,1.72433513369119,0.657505466449252,1,TRUE,FALSE,FALSE,FALSE,FALSE,FALSE,TRUE,"intermediate",-1.06793081428791,0.267176745064308,-3.99709493440705,TRUE,FALSE,4.19297540494938,1,0.657505466449252,TRUE,FALSE,217.62891834398,204.388871662935,178.878291994593,237.483262250358,267.105473936129,366.890946955087,280.172309725284,530.912519275022,433.436560752542,709.109239258237,0.0703180472566334,0.107881641119276,0.082458826497205,9,FALSE,2.54674374182367,2.72448014734939
"RT4_ZT10_leading_edge_dataset","318060","-",720.585374839898,-1.47684230658273,"downregulated",0.0107306592095706,5.15422215940486e-08,9.8312631059874e-06,2.29521834347324e-05,0.00395333103320139,6.85133137540065,0.018865349975457,1.72433513369119,1,1,TRUE,TRUE,FALSE,FALSE,FALSE,TRUE,TRUE,"intermediate",-1.95546045072225,0.359069783525511,-5.44590645172825,TRUE,TRUE,7.28783686624218,1,1,FALSE,TRUE,423.532140656495,183.048966268893,107.617834208129,427.158077833247,332.967097646408,1065.37061916511,1017.07834700273,716.14489700734,1759.60035365155,1173.33541495907,0.196987623418714,0.0892285097611656,0.152890275527432,8,FALSE,5.00739068107735,4.63917599384999
"RT4_ZT10_leading_edge_dataset","502863","Eif3g",274.454045018907,1.30360285132765,"upregulated",0.0212762316819543,3.64439408591795e-07,4.60964986884615e-05,7.66187725145251e-05,0.00889830428772619,5.36519238141672,0.018865349975457,1.72433513369119,0.992350325612003,1,TRUE,TRUE,FALSE,FALSE,FALSE,TRUE,TRUE,"intermediate",1.6441876092415,0.323235709360419,5.0866521291686,TRUE,TRUE,6.43837466680178,1,0.992350325612003,FALSE,TRUE,644.913281730543,404.509762247062,363.573764216652,421.961507543305,243.931939667698,65.5612688716994,181.847687821694,153.925496988827,115.583082867345,148.732658234249,0.120577429740448,0.116711168371851,0.119525739018939,6,FALSE,4.33633206068473,4.11566480999375
"RT4_ZT10_leading_edge_dataset","312807","Hk1",401.116161140515,0.885497711800091,"upregulated",0.435699515981677,0.000646140306106282,0.0152825105200258,0.00799392638545915,0.179061167021334,1.85710109304593,0.018865349975457,1.72433513369119,0.704066420053498,1,TRUE,FALSE,FALSE,FALSE,FALSE,FALSE,TRUE,"intermediate",1.12745839736173,0.330490663103098,3.41146822961838,TRUE,FALSE,3.18967316690974,1,0.704066420053498,TRUE,FALSE,710.577179506744,531.600754371579,647.161300305641,427.677734862241,432.979192910164,181.554283029321,124.755971877674,213.930351747183,269.186916677895,471.737926116709,0.143304843263863,0.102694072533256,0.127804633943464,10,FALSE,1.81580529658267,2.09723985539241
"RT4_ZT10_leading_edge_dataset","108071","Psmd2",479.875956181381,0.714524856383458,"upregulated",0.194478077378341,6.131726290912e-05,0.00278899211985867,0.00183404549904953,0.0759140673695622,1.95536150137897,0.018865349975457,1.72433513369119,0.189970661665114,1,TRUE,FALSE,FALSE,TRUE,TRUE,TRUE,TRUE,"weak_effect",0.782458571382661,0.195239620692002,4.0076833206771,FALSE,FALSE,4.21241723949927,1,0.189970661665114,FALSE,FALSE,643.975226048026,608.42441379013,556.995006779911,495.752805660484,730.576159304755,407.236343183825,351.008327655828,369.160302100323,258.541106413797,377.089870876732,0.0206623375995156,0.0977091716660343,0.0432280102715855,9,FALSE,2.554552712807,2.73658989454329
"RT4_ZT10_leading_edge_dataset","577870","-",215.508372438538,-1.16137911744865,"downregulated",0.194478077378341,6.7517406815232e-05,0.00291409070436837,0.0019474596244391,0.0787085594046828,3.14795472488481,0.018865349975457,1.72433513369119,0.969038351982847,1,TRUE,TRUE,FALSE,FALSE,FALSE,TRUE,TRUE,"intermediate",-1.67871949164644,0.421273461356554,-3.98486884562049,TRUE,TRUE,4.1705842462915,1,0.969038351982847,FALSE,TRUE,182.920858090845,71.1330179801399,36.3573764216652,132.512542393526,87.8154982803712,482.883961112709,510.653681499291,206.103631561311,247.8952961497,196.807860895824,0.257785269210768,0.128852581699069,0.207163451816133,7,FALSE,2.5354969344488,2.7105315375399
"RT4_ZT10_leading_edge_dataset","281936","Rpl34",388.516641900858,-0.85682137826592,"downregulated",0.396469043167423,0.000440032063375035,0.0114339353912514,0.00628196335631648,0.154300243761406,1.88663893524313,0.018865349975457,1.72433513369119,0.621985970904892,1,TRUE,FALSE,FALSE,FALSE,FALSE,FALSE,TRUE,"intermediate",-1.04689958222898,0.297851944631383,-3.51483212078608,TRUE,FALSE,3.35651567706038,1,0.621985970904892,TRUE,FALSE,121.009183044713,263.666386646385,234.141504155524,281.134452685872,368.337228898224,409.757930448121,385.897709621618,508.736812081717,695.019327241796,617.465884184609,0.103680654610902,0.103679047713256,0.103668153513168,3,FALSE,1.94180426614503,2.20190460123837
"RT4_ZT10_leading_edge_dataset","265078","Map1b",465.932909432669,-0.879347517504556,"downregulated",0.144837727058969,1.65763419685344e-05,0.000942460673653305,0.000813125215851862,0.0434606731815866,2.71704539411877,0.018865349975457,1.72433513369119,0.556835015854206,1,TRUE,FALSE,FALSE,FALSE,FALSE,FALSE,TRUE,"intermediate",-0.996968621290993,0.231496440308215,-4.30662614061636,FALSE,FALSE,4.78051130238397,1,0.556835015854206,TRUE,FALSE,230.292670057961,312.985279112616,235.595799212391,352.32746565808,424.441575021794,694.697291313584,594.176747417395,546.565959646767,763.456678939566,504.789627946542,0.0463232254672758,0.0984688966457687,0.0619832610676257,9,FALSE,3.02573676268365,3.0898425708067
"RT4_ZT10_leading_edge_dataset","248187","Atp5f1a",1558.50633736694,-0.681631361211172,"downregulated",0.144837727058969,1.5667177515041e-05,0.000899417676179003,0.000785141697508207,0.0424028637662826,2.11650079235696,0.018865349975457,1.72433513369119,0.10080751033103,1,TRUE,FALSE,FALSE,TRUE,TRUE,TRUE,TRUE,"weak_effect",-0.730230112686101,0.169070246347278,-4.31909297148698,FALSE,FALSE,4.80500923582567,1,0.10080751033103,FALSE,FALSE,1094.24195365626,1121.53058348687,1285.59683027008,1401.51500719741,957.432863195714,1807.97806850032,1695.83541433719,2169.30594485101,1837.16268557569,2214.46402259882,0.0172020759620098,0.0801385881286003,0.0336414332201256,9,FALSE,3.04603858153173,3.10505195740438
"RT4_ZT10_leading_edge_dataset","516268","Myrip",637.937890091404,-1.13486561933228,"downregulated",0.0212762316819543,4.61428766985258e-07,5.49638305229466e-05,8.8628514949507e-05,0.0096598268652083,4.59895954107672,0.018865349975457,1.72433513369119,0.926662387971115,1,TRUE,TRUE,FALSE,FALSE,FALSE,TRUE,TRUE,"intermediate",-1.33306175679207,0.264407510708648,-5.0416939867528,TRUE,TRUE,6.33589533362612,1,0.926662387971115,FALSE,TRUE,286.106983167732,321.9954613901,303.947666885121,440.149503558103,461.031365971949,1026.28601656852,1072.05555494882,543.957052918143,687.415177053155,1236.43411845239,0.0772167835255279,0.0914188768204048,0.082112202173578,10,FALSE,4.25992300817179,4.05242652762942
"RT4_ZT10_leading_edge_dataset","271099","-",323.662248010901,-1.019654334173,"downregulated",0.384718229163518,0.00028074536851799,0.00817757322190579,0.00474088549820117,0.129024253483558,2.36981996834145,0.018865349975457,1.72433513369119,0.886116160599609,1,TRUE,TRUE,FALSE,FALSE,FALSE,TRUE,TRUE,"intermediate",-1.39889433542108,0.385110649417376,-3.63244781087573,TRUE,TRUE,3.55168739960318,1,0.886116160599609,FALSE,TRUE,83.0179279027681,175.935664470879,151.246685914127,238.002919279352,242.712279969359,683.350148624251,719.989973294032,271.326299776916,205.312055093309,465.728525784012,0.216733379723703,0.109962362702521,0.174416950863242,8,FALSE,2.08737555851729,2.3241405336285
"RT4_ZT10_leading_edge_dataset","367528","Mkln1",362.197202500948,-0.856642564043,"downregulated",0.396469043167423,0.000427099155032906,0.0112241657942648,0.00616559242826131,0.152541643984287,1.89320164310216,0.018865349975457,1.72433513369119,0.61996466647271,1,TRUE,FALSE,FALSE,FALSE,FALSE,FALSE,TRUE,"intermediate",-1.04517993742399,0.296694594349122,-3.52274681551535,TRUE,FALSE,3.36947128777456,1,0.61996466647271,TRUE,FALSE,124.292377933523,207.234192382141,218.144258529991,297.243820584693,336.626076741423,458.928882101896,400.699265607105,457.863130873545,386.290829582967,734.649190672199,0.099762683805829,0.105957673543687,0.102634072758742,8,FALSE,1.94984592688681,2.2100251873629
"RT4_ZT10_leading_edge_dataset","132055","-",347.671845425725,-1.33185648362779,"downregulated",0.0107306592095706,3.82302242029871e-08,8.32409643320634e-06,1.90964988859843e-05,0.00350621668342513,6.28509234212241,0.018865349975457,1.72433513369119,0.995710894818058,1,TRUE,TRUE,FALSE,FALSE,FALSE,TRUE,TRUE,"intermediate",-1.62215116116524,0.29499890210744,-5.498837960334,TRUE,TRUE,7.41759315503264,1,0.995710894818058,FALSE,TRUE,99.4339023468183,141.791815840412,196.329832676992,216.177324061595,201.243850225851,688.393323152843,629.066129383185,536.130332732271,284.395217055177,483.756726782102,0.0973258292648309,0.107362954957997,0.10086345000217,10,FALSE,5.07966289720539,4.7190462481383
"RT4_ZT10_leading_edge_dataset","90845","Myo18a",146.683696977767,1.07069467900361,"upregulated",0.196995296615148,0.000101061480847758,0.00388036711852463,0.002504148121659,0.0907642825089787,2.78524088124474,0.018865349975457,1.72433513369119,0.914016478520988,1,TRUE,TRUE,FALSE,FALSE,FALSE,TRUE,TRUE,"intermediate",1.43681171657365,0.369547565477494,3.88802917620939,TRUE,TRUE,3.99541434236042,1,0.914016478520988,FALSE,TRUE,354.116020150225,242.800701372211,221.052848643724,165.250935220161,86.5958385820327,63.0396816074032,59.2062239419468,86.0939220445982,72.9998418109545,115.680956404416,0.152807327907934,0.155377208210404,0.153743056471727,8,FALSE,2.41112718419778,2.60133998595818
"RT4_ZT10_leading_edge_dataset","131916","LOC680491",279.52205393627,-1.18861148740336,"downregulated",0.194478077378341,6.00095327168725e-05,0.0027721591168349,0.00180958500449968,0.0752935892485956,3.25967311729749,0.018865349975457,1.72433513369119,0.980649009295706,1,TRUE,TRUE,FALSE,FALSE,FALSE,TRUE,TRUE,"intermediate",-1.77565690817746,0.442501174403587,-4.01277332330413,TRUE,TRUE,4.22177975499151,1,0.980649009295706,FALSE,TRUE,56.7523687922878,128.987872603987,120.706489719928,280.095138627883,43.9077491401856,534.576500030779,582.546953428798,275.239659869852,510.998892676681,261.408914472316,0.312673343442693,0.115906340968649,0.230409154976588,10,FALSE,2.55718184564027,2.74242101127473
"RT4_ZT10_leading_edge_dataset","559735","Mbtps2",145.999459059568,-0.93772155770416,"downregulated",0.452820287574647,0.000853359827729189,0.0188985642747666,0.00952032340175823,0.198255312497588,1.89546187517604,0.018865349975457,1.72433513369119,0.816071363509878,1,TRUE,FALSE,FALSE,FALSE,FALSE,FALSE,TRUE,"intermediate",-1.28955038892485,0.386685606307184,-3.33488076072949,TRUE,FALSE,3.06886780558988,1,0.816071363509878,TRUE,FALSE,54.4072295859949,73.0298984596103,71.2604577864638,102.372434711861,123.185629532187,176.511108500729,161.75986184139,109.574082602216,162.728814036919,425.165073538307,0.180745237450971,0.155766455093153,0.171570381308631,9,FALSE,1.72357118795535,2.02134829854688
"RT4_ZT10_leading_edge_dataset","410481","Slc24a2",558.537570579527,0.80087712482286,"upregulated",0.144837727058969,1.28749130570533e-05,0.00076129360906356,0.00069508425857534,0.038843543466152,2.52913996474207,0.018865349975457,1.72433513369119,0.344970724921172,1,TRUE,FALSE,FALSE,FALSE,FALSE,FALSE,TRUE,"intermediate",0.88274356477748,0.202361069470474,4.36222029804146,FALSE,FALSE,4.89025569502227,1,0.344970724921172,TRUE,FALSE,721.83384769695,742.154487592793,888.574279745498,725.960869504922,541.528906062289,375.716502380123,306.603659699368,370.464755464635,421.269920450716,491.268477197974,0.0271768851084176,0.0941337063237162,0.0469274934032652,9,FALSE,3.11844781602316,3.15796254675331
"RT4_ZT10_leading_edge_dataset","39335","-",203.886051627541,-1.25614127156253,"downregulated",0.0935533667385808,7.56123497508698e-06,0.000506069241984926,0.000499657979599277,0.0313972328922492,4.14693331225982,0.018865349975457,1.72433513369119,0.988098051922379,1,TRUE,TRUE,FALSE,FALSE,FALSE,TRUE,TRUE,"intermediate",-1.72650470529193,0.385617625572208,-4.47724530933982,TRUE,TRUE,5.12140726546932,1,0.988098051922379,FALSE,TRUE,67.0709812999765,69.2361375006695,141.066620516061,121.599744784647,75.6189012969863,408.497136815973,252.683705752237,388.727102565004,416.707430337532,97.652755406325,0.197285101068765,0.132075077024253,0.172165785196974,11,FALSE,3.29579005755814,3.30132717246156
"RT4_ZT10_leading_edge_dataset","340122","Rnf208",222.113258244848,2.98316788332502,"upregulated",6.26909245705265e-13,2.18389556020578e-28,6.89763293811386e-25,2.22044604925031e-16,6.26909245705265e-13,46.6971967790774,0.018865349975457,1.72433513369119,1,9.10652815417199e-13,TRUE,TRUE,TRUE,FALSE,FALSE,TRUE,TRUE,"strong_effect",3.95080573911967,0.357528024544502,11.0503386249318,TRUE,TRUE,12,9.10652815417199e-13,1,FALSE,TRUE,455.895061703337,460.941956511307,312.673437226321,340.895011020207,514.696392698842,25.2158726429613,21.1450799792667,14.348987007433,16.7291304150104,58.591653243795,0.128827614763967,0.127171542723268,0.128027300330766,5,FALSE,12,12
"RT4_ZT10_leading_edge_dataset","418316","Fbxo44",144.849239605343,1.08469774446699,"upregulated",0.0734640143384264,4.32401414283715e-06,0.000327793533674308,0.000353425803496288,0.024707681741897,3.74405309843842,0.018865349975457,1.72433513369119,0.892148188915491,1,TRUE,TRUE,FALSE,FALSE,FALSE,TRUE,TRUE,"intermediate",1.30263616596041,0.283479571834417,4.59516767833024,TRUE,TRUE,5.36411289424091,1,0.892148188915491,FALSE,TRUE,218.097946185238,172.141903511939,184.695472222059,146.543282176369,309.793563377976,97.081109675401,80.3513039212136,61.3093081226684,98.8539524523342,79.6245544082342,0.0534843061703966,0.156429074790689,0.0865859383197184,9,FALSE,3.48439961793228,3.45170174598105
"RT4_ZT10_leading_edge_dataset","477897","Eif3h",136.919474830924,-1.10658519865532,"downregulated",0.20113689984951,0.000147790661840848,0.00509758739888098,0.00317445166871089,0.102487730293244,2.76461641656982,0.018865349975457,1.72433513369119,0.950242913926227,1,TRUE,TRUE,FALSE,FALSE,FALSE,TRUE,TRUE,"intermediate",-1.60586297381342,0.423179869845253,-3.79475274757432,TRUE,TRUE,3.83035300598931,1,0.950242913926227,FALSE,TRUE,30.4868096818075,79.6689801377567,100.346358923796,89.3810089870055,39.0291103468317,136.165712271991,133.21400386938,224.36597866168,139.916363470996,396.620421957997,0.233438268619458,0.161300207480272,0.205845221421218,10,FALSE,2.29263531944362,2.49833128070869
"RT4_ZT10_leading_edge_dataset","141823","-",477.732712618961,-0.914436932220959,"downregulated",0.384718229163518,0.000242432447013514,0.00727666527508077,0.00432507954394135,0.121275238961145,2.16173430374836,0.018865349975457,1.72433513369119,0.717950480758195,1,TRUE,FALSE,FALSE,FALSE,FALSE,FALSE,TRUE,"intermediate",-1.13184251611333,0.308393501066122,-3.67012440988712,TRUE,FALSE,3.61540925490229,1,0.717950480758195,TRUE,FALSE,173.071273424415,307.294637674204,315.582027340054,333.100155585294,369.556888596562,833.384590849871,852.146723164449,303.937633884718,514.040552752138,775.212642917903,0.119996350331378,0.0978230677144048,0.111849256940975,9,FALSE,2.13806760206478,2.36400590087498
"RT4_ZT10_leading_edge_dataset","96935","Cd300e",54.4492038388323,-1.53097213008562,"downregulated",0.0212762316819543,3.20468962206298e-07,4.40682086866474e-05,7.0775934976286e-05,0.00849052428527473,6.35370945969547,0.018865349975457,1.72433513369119,1,0.11527892744643,TRUE,TRUE,TRUE,FALSE,FALSE,TRUE,TRUE,"strong_effect",-3.39908649341294,0.665053961429255,-5.1109935291687,TRUE,TRUE,6.4942140260368,0.11527892744643,1,FALSE,TRUE,14.0708352377573,5.21642131854359,5.81718022746643,5.19657028994218,17.0752357767388,37.8238089644419,41.2329059595701,20.8712538289935,170.33296422556,226.854862559309,0.602594173933487,0.296069752632432,0.482271485374557,8,FALSE,4.35587460261728,4.15011438473418
"RT4_ZT10_leading_edge_dataset","289144","-",130.314330170629,-1.44518560312065,"downregulated",0.03335529597198,6.78357546601313e-07,7.1627288804528e-05,0.000112431182453188,0.0111222794827337,5.70720157321145,0.018865349975457,1.72433513369119,1,1,TRUE,TRUE,FALSE,FALSE,FALSE,TRUE,TRUE,"intermediate",-2.10176386523022,0.423106400292224,-4.96745939975999,TRUE,TRUE,6.16854133919135,1,1,FALSE,TRUE,30.0177818405489,45.0509113874219,45.0831467628649,51.4460458704276,75.6189012969863,192.901425718654,196.649243807181,61.3093081226684,215.957865357407,389.108671542126,0.226750779793506,0.165810202189483,0.203626988748929,10,FALSE,4.14492148719845,3.9491132217811
"RT4_ZT10_leading_edge_dataset","314887","Sim1",162.298963196574,-1.63562981635915,"downregulated",0.00392585051891122,1.30819206686941e-09,4.29741093966602e-07,2.39988535688518e-06,0.000671513269185115,9.19192798724186,0.018865349975457,1.72433513369119,1,0.270021421700195,TRUE,TRUE,FALSE,FALSE,FALSE,TRUE,TRUE,"intermediate",-2.15631299535429,0.35545255910258,-6.06638759557221,TRUE,TRUE,8.88332848884209,0.270021421700195,1,FALSE,TRUE,31.8938932055832,48.3704522264951,49.4460319334647,89.9006660159997,78.0582206936633,220.638885625911,234.710387769861,160.447763810388,281.35355697972,428.169773704656,0.139121799161338,0.147386175663019,0.142446278863771,9,FALSE,6.36679311494629,5.61980950414729
"RT4_ZT10_leading_edge_dataset","178564","Loxl2",52.469797117614,-1.09905836172368,"downregulated",0.384718229163518,0.000300541728120732,0.00862671474940723,0.00494743259614472,0.132706467536533,2.53401106515354,0.018865349975457,1.72433513369119,0.997797942318738,1,TRUE,TRUE,FALSE,FALSE,FALSE,TRUE,TRUE,"intermediate",-2.54934238072065,0.70524493028184,-3.6148326223371,TRUE,TRUE,3.52209522071802,1,0.997797942318738,FALSE,TRUE,30.4868096818075,14.7008237158956,0,12.9914257248554,17.0752357767388,42.8669834930342,35.9466359647534,39.1336009293628,80.6039919995956,250.892463890097,0.802885171871435,0.304510583949682,0.563615417537085,10,FALSE,2.06415456208806,2.30562011391223
"RT4_ZT10_leading_edge_dataset","65070","Cluap1",116.132309090944,1.67110497758071,"upregulated",0.000492535262361333,1.4136620386246e-11,6.9658196953227e-09,1.49642434221775e-07,6.49988775523773e-05,11.405199955231,0.018865349975457,1.72433513369119,1,0.157490306976683,TRUE,TRUE,TRUE,FALSE,FALSE,TRUE,TRUE,"strong_effect",2.06055576827718,0.304973899325127,6.75649874575154,TRUE,TRUE,10.8496544040495,0.157490306976683,1,FALSE,TRUE,175.885440471966,158.389520035778,148.338095800394,177.722703916023,275.643091824499,51.6925389180707,28.5458579720101,37.8291475650507,50.1873912450312,57.0893031606208,0.053052152640946,0.177226991558137,0.0947543452879357,9,FALSE,8.15702777109797,6.824945235782
"RT4_ZT10_leading_edge_dataset","535905","-",39.0963100055765,-1.16704714362586,"downregulated",0.194478077378341,8.51436929656681e-05,0.00342486160888432,0.00225033462815327,0.0855639246523548,3.09005245528667,0.018865349975457,1.72433513369119,1,1,TRUE,TRUE,FALSE,FALSE,FALSE,TRUE,TRUE,"intermediate",-2.91515348371221,0.741874926828745,-3.92944063519368,TRUE,TRUE,4.06984751695159,1,1,FALSE,TRUE,7.03541761887865,10.9070627569548,10.1800653980663,13.5110827538497,3.65897909501547,12.6079363214806,28.5458579720101,44.3514143866112,21.2916205281951,238.873663224703,0.743182931777709,0.383934374175582,0.607687684689255,8,FALSE,2.46535697270066,2.64775289684209
"RT4_ZT10_leading_edge_dataset","496624","Polr2f",150.791118761047,1.90551708767343,"upregulated",0.00014684067502613,1.11722397589345e-11,6.00558669950724e-09,1.29567111706308e-07,5.98319792910773e-05,13.1242588926521,0.018865349975457,1.72433513369119,1,0.0158074516536962,TRUE,TRUE,TRUE,FALSE,FALSE,TRUE,TRUE,"strong_effect",2.62849909687294,0.387083059035333,6.79052992766859,TRUE,TRUE,10.9518597528077,0.0158074516536962,1,FALSE,TRUE,330.664628087297,250.388223290092,199.238422790725,158.495393843236,358.579951311516,35.3022217001458,44.4046679564601,13.0445336431209,50.1873912450312,67.6057537428404,0.169435248241562,0.153114842598342,0.162585071460144,9,FALSE,8.2214445589668,6.88750522236268
"RT4_ZT10_leading_edge_dataset","567963","-",41.0680364348477,-1.19019417514578,"downregulated",0.196995296615148,NA,NA,0.00255829191197154,0.0918121202681377,3.08504269526805,0.018865349975457,1.72433513369119,NA,NA,TRUE,FALSE,FALSE,FALSE,FALSE,FALSE,TRUE,"intermediate",-2.57899172878525,0.664740841313802,-3.87969501571184,TRUE,TRUE,NA,NA,NA,TRUE,FALSE,13.1327795552401,14.226603596028,10.1800653980663,8.8341694929017,12.1965969833849,20.172698114369,31.7176199689001,33.9157874721144,31.9374307922926,234.36661297518,0.554231711505646,0.368973462844222,0.487223938237606,9,FALSE,NA,2.59204990218522
"RT4_ZT10_leading_edge_dataset","217083","-",116.655376645825,-1.17267275544366,"downregulated",0.196995296615148,0.000119047738151352,0.00443166248181316,0.00277356578381993,0.0957815215647233,2.99847912178281,0.018865349975457,1.72433513369119,0.984197754947873,1,TRUE,TRUE,FALSE,FALSE,FALSE,TRUE,TRUE,"intermediate",-1.8905413104415,0.491294846742728,-3.84807885320952,TRUE,TRUE,3.92427885156291,1,0.984197754947873,FALSE,TRUE,79.2657051726995,29.4016474317912,26.1773110235989,49.8870747834449,62.2026446152629,199.205393879394,150.130067852794,37.8291475650507,174.895454338745,357.559319795467,0.345213814370703,0.176756609161885,0.278078857729278,7,FALSE,2.35343332315956,2.55696152900592
"RT4_ZT10_leading_edge_dataset","131468","Sez6l",343.953987290474,0.979061578501443,"upregulated",0.16552885132673,1.68749981700191e-05,0.000950303468374503,0.000822190544645718,0.0437986836145585,3.02043191540933,0.018865349975457,1.72433513369119,0.765717179351471,1,TRUE,FALSE,FALSE,FALSE,FALSE,FALSE,TRUE,"intermediate",1.15490065520264,0.268414707368171,4.30267278021589,TRUE,FALSE,4.77275626559327,1,0.765717179351471,TRUE,FALSE,657.577033444525,482.281861905348,466.828713254181,400.655569354542,367.117569199885,250.897932797465,267.485261737724,259.586219498107,136.87470339554,150.235008317423,0.0687363245958452,0.107741723622292,0.0825623552495437,10,FALSE,3.02213768566411,3.0850275219996
"RT4_ZT10_leading_edge_dataset","329147","Kbtbd4",65.9152957563213,-0.997684683935075,"downregulated",0.529244503507695,0.00117044641098344,0.0237829884128696,0.0116137523179842,0.222913281118704,1.93054724011638,0.018865349975457,1.72433513369119,0.927968419414618,1,TRUE,FALSE,FALSE,FALSE,FALSE,FALSE,TRUE,"intermediate",-1.64142133188195,0.50567728520568,-3.24598588843933,TRUE,FALSE,2.93164846573238,1,0.927968419414618,TRUE,FALSE,27.2036147929975,41.7313705483487,26.1773110235989,40.533248261549,23.1735342684313,55.4749198145148,61.3207319398735,35.2202408364265,104.937272603247,243.380713474225,0.305419652316572,0.257148323402055,0.287827371095433,9,FALSE,1.62373357571919,1.93502744023482
"RT4_ZT10_leading_edge_dataset","125574","Tmem130",193.136164499581,-1.09870588804879,"downregulated",0.396469043167423,0.000387200575664706,0.0103598054475358,0.00579808165777429,0.146816176456435,2.45749267928305,0.018865349975457,1.72433513369119,0.979089507141679,1,TRUE,TRUE,FALSE,FALSE,FALSE,TRUE,TRUE,"intermediate",-1.94976082435788,0.549436203831031,-3.54865735232383,TRUE,TRUE,3.41206400568229,1,0.979089507141679,FALSE,TRUE,20.6372250153774,37.4633894695403,55.2632121609311,127.315972103583,157.336101085665,518.186182812855,95.1528599067003,177.405657546445,530.769683167148,211.831361727567,0.521635340800717,0.135400936425423,0.355255911452052,11,FALSE,1.9846484003683,2.23671567251482
"RT4_ZT10_leading_edge_dataset","286166","-",95.6832473834443,-1.58536209959136,"downregulated",0.0212762316819543,1.7513949785046e-07,2.58899962697443e-05,4.87608755468383e-05,0.00667852187740709,6.83596802769336,0.018865349975457,1.72433513369119,1,0.30874118488184,TRUE,TRUE,FALSE,FALSE,FALSE,TRUE,TRUE,"intermediate",-2.58199525372031,0.494260437027048,-5.22395696740545,TRUE,TRUE,6.75661589980984,0.30874118488184,1,FALSE,TRUE,13.1327795552401,30.824307791394,14.5429505686661,38.9742771745663,39.0291103468317,153.816823122064,120.52695588182,41.742507657987,202.270395017853,301.97236671802,0.323218820705432,0.199646986862696,0.274641294402873,7,FALSE,4.58686801213869,4.31192850482259
"RT4_ZT10_leading_edge_dataset","42263","Irf3",84.873701964499,1.05228135970894,"upregulated",0.20113689984951,0.000162792692168992,0.00544051514162627,0.00337202819450777,0.105520091902532,2.60135401232698,0.018865349975457,1.72433513369119,0.906394161291667,1,TRUE,TRUE,FALSE,FALSE,FALSE,TRUE,TRUE,"intermediate",1.43406222770792,0.380317616272652,3.77069629790653,TRUE,TRUE,3.78836509466743,1,0.906394161291667,FALSE,TRUE,94.7436239342325,90.1018227748439,113.435014435595,117.962145581687,203.683169622528,73.1260306645877,23.2595879771934,50.8736812081717,34.979090867749,46.5728525784012,0.12343913347754,0.215863201292073,0.155917229721957,9,FALSE,2.26435997666697,2.47210880276973
"RT4_ZT10_leading_edge_dataset","236894","Camk2a",75.2984357191553,1.48291641467585,"upregulated",0.03335529597198,8.5293920148447e-07,8.84812192697837e-05,0.00012951259726024,0.0121942978233025,5.76511633127721,0.018865349975457,1.72433513369119,1,0.178766966642007,TRUE,TRUE,TRUE,FALSE,FALSE,TRUE,TRUE,"strong_effect",3.26753504598981,0.663748988036616,4.92284749940674,TRUE,TRUE,6.06908192475376,0.178766966642007,1,FALSE,TRUE,171.195162059381,101.957325771534,97.4377688100628,85.2237527550517,225.63704419262,6.30396816074032,6.34352399378002,11.7400802788088,47.1457311695748,0,0.767004525018586,0.234116562951151,0.479291497733216,11,FALSE,4.05314890142714,3.88768798714619
"RT4_ZT10_leading_edge_dataset","123590","Sppl3",341.731177652574,1.38693981079266,"upregulated",0.0212762316819543,1.66594230405346e-07,2.58899962697443e-05,4.72802917133031e-05,0.00653804945493996,5.99895829795169,0.018865349975457,1.72433513369119,1,1,TRUE,TRUE,FALSE,FALSE,FALSE,TRUE,TRUE,"intermediate",1.79615440971471,0.343222521120567,5.23320673669825,TRUE,TRUE,6.77834004342449,1,1,FALSE,TRUE,671.178840841023,490.343603943098,481.371663822847,442.747788703074,569.581079124074,225.682060154504,233.653133770897,159.143310446075,72.9998418109545,70.6104539091889,0.155324768059386,0.107972116165675,0.136377592671686,9,FALSE,4.58686801213869,4.32531985257758
"RT4_ZT10_leading_edge_dataset","435391","Rsrp1",197.450212527987,0.833506804495088,"upregulated",0.20113689984951,0.000199453572265374,0.00621464559370536,0.00382829435168475,0.111857637019491,2.01458151001994,0.018865349975457,1.72433513369119,0.529315685596022,1,TRUE,FALSE,FALSE,FALSE,FALSE,FALSE,TRUE,"intermediate",0.977418650357491,0.262767605108576,3.71970757184326,FALSE,FALSE,3.70015818095732,1,0.529315685596022,TRUE,FALSE,172.602245583156,274.57344940334,270.498880577189,267.103712903028,324.429479758038,150.03444222562,84.5803199170669,125.227522973961,162.728814036919,142.723257901552,0.0498383855036397,0.134022728105501,0.0763696744447136,9,FALSE,2.20658363308618,2.41699467737436
"RT4_ZT10_leading_edge_dataset","111058","-",30.6565842847447,-1.1562300417533,"downregulated",0.194478077378341,6.34828686439751e-05,0.00283959405445171,0.00187412690085798,0.0769169455073454,3.15327173247037,0.018865349975457,1.72433513369119,1,0.834923101979116,TRUE,TRUE,FALSE,FALSE,FALSE,TRUE,TRUE,"intermediate",-3.16628325537099,0.791674511263568,-3.99947606032861,TRUE,TRUE,4.19734345671082,0.834923101979116,1,FALSE,TRUE,9.38055682517153,5.69064143841119,5.81718022746643,5.7162273189364,3.65897909501547,12.6079363214806,9.51528599067003,20.8712538289935,36.4999209054772,196.807860895824,0.79299725570459,0.469721061556404,0.67612334275157,8,FALSE,2.54674374182367,2.7272010055099
"RT4_ZT10_leading_edge_dataset","277430","S100a1",394.226242699208,0.94096305594958,"upregulated",0.194478077378341,3.72387898293281e-05,0.00188199114752835,0.0013446211296706,0.0621276138960005,2.70188138324295,0.018865349975457,1.72433513369119,0.713857621304996,1,TRUE,FALSE,FALSE,FALSE,FALSE,FALSE,TRUE,"intermediate",1.11183299199461,0.26960220495345,4.12397588582994,TRUE,FALSE,4.42900444098244,1,0.713857621304996,TRUE,FALSE,522.497015162054,692.835595126563,509.003269903313,361.161635150981,608.610189470906,305.112058979832,142.72928986005,237.410512304801,331.540948224752,231.361912808832,0.0738425120505215,0.103224895236652,0.0838772470316513,9,FALSE,2.7253824237295,2.87140006842917
"RT4_ZT10_leading_edge_dataset","78410","-",306.256843255008,-1.38716695711939,"downregulated",0.0107306592095706,1.10721071176654e-08,2.84649432116329e-06,8.91095788690954e-06,0.00198141553254517,7.00529801547953,0.018865349975457,1.72433513369119,1,1,TRUE,TRUE,FALSE,FALSE,FALSE,TRUE,TRUE,"intermediate",-1.69126417497675,0.296015530340057,-5.71343055222087,TRUE,TRUE,7.95576972126286,1,1,FALSE,TRUE,136.018073964987,128.039432364252,114.889309492462,159.015050872231,186.607933845789,702.262053106472,574.088921437092,256.977312769483,322.415967998382,482.254376698928,0.0950315738745876,0.112101592201527,0.101013717018673,10,FALSE,5.54568967828135,5.05007560879826
"RT4_ZT10_leading_edge_dataset","310233","S100b",117.983184350013,0.964555289790768,"upregulated",0.435699515981677,0.00058219967734023,0.0144039610548652,0.00748779744784978,0.172204910055082,2.05030300883086,0.018865349975457,1.72433513369119,0.839337294539265,1,TRUE,FALSE,FALSE,FALSE,FALSE,FALSE,TRUE,"intermediate",1.32164591758908,0.384224613921236,3.43977420941599,TRUE,FALSE,3.23492803958666,1,0.839337294539265,TRUE,FALSE,97.557790981784,254.656204368901,127.977965004262,117.962145581687,243.931939667698,70.6044434002916,48.6336839523135,44.3514143866112,114.062252829616,60.0940033269692,0.159106423585835,0.17558127486322,0.165030512904526,9,FALSE,1.84151806153569,2.12564591219609
"RT4_ZT10_leading_edge_dataset","91694","Cdk5r1",136.305847492414,-1.00559496331783,"downregulated",0.196995296615148,0.000130268824692442,0.00466836097216007,0.00293395016550435,0.098549400523857,2.54671677618222,0.018865349975457,1.72433513369119,0.845140957876206,1,TRUE,TRUE,FALSE,FALSE,FALSE,TRUE,TRUE,"intermediate",-1.29075990276413,0.337369793808297,-3.8259498225783,TRUE,TRUE,3.8851595051162,1,0.845140957876206,FALSE,TRUE,93.8055682517154,77.2978795384187,72.7147528433304,97.1758644219187,53.6650267268935,209.291742936579,333.035009673451,182.623471003693,129.270553206899,114.178606321242,0.110661899954194,0.161700775328642,0.128179596708761,9,FALSE,2.330835570331,2.53254726712201
"RT4_ZT10_leading_edge_dataset","563025","LOC100912627",254.343845259634,-1.31460815762617,"downregulated",0.03335529597198,1.14546792263913e-06,0.000109244384299438,0.000155393516942715,0.013634996622841,5.00677338382984,0.018865349975457,1.72433513369119,0.994152891893559,1,TRUE,TRUE,FALSE,FALSE,FALSE,TRUE,TRUE,"intermediate",-1.73311977640994,0.356253885213847,-4.86484456266239,TRUE,TRUE,5.94101706816457,1,0.994152891893559,FALSE,TRUE,78.7966773314409,103.854206251004,82.8948182413967,182.919274205965,139.041205610588,465.232850262636,416.558075591555,172.187844089196,291.999367243818,609.954133768738,0.163675841791183,0.120220921867801,0.147270950717612,10,FALSE,3.96160087866372,3.80856710403406
"RT4_ZT10_leading_edge_dataset","505420","LOC120094127",377.899318933105,-1.13950295603016,"downregulated",0.0935533667385808,6.67902074706966e-06,0.000464624113852034,0.000462675771952137,0.0298139443013499,3.79992699153298,0.018865349975457,1.72433513369119,0.938267274473232,1,TRUE,TRUE,FALSE,FALSE,FALSE,TRUE,TRUE,"intermediate",-1.42516536593713,0.316445406140942,-4.50366900034054,TRUE,TRUE,5.17528720748243,1,0.938267274473232,FALSE,TRUE,118.66404383842,164.080161474189,207.964193131925,285.81136594682,250.03023815939,653.091101452697,587.833223423615,316.982167527839,384.769999545239,809.766694830911,0.124319237524472,0.104560056809311,0.117071161116448,9,FALSE,3.33289825419762,3.33472324176439
"RT4_ZT10_leading_edge_dataset","437511","Acot7",80.6944469354345,-1.05664696874004,"downregulated",0.435699515981677,0.000629790220175758,0.0150767189145719,0.00786633074194532,0.177366556673068,2.2234259237845,0.018865349975457,1.72433513369119,0.966215776397996,1,TRUE,TRUE,FALSE,FALSE,FALSE,TRUE,TRUE,"intermediate",-1.8612179229059,0.544462618619788,-3.41844942013482,TRUE,TRUE,3.20080408767642,1,0.966215776397996,FALSE,TRUE,15.477918761533,24.1852261132476,36.3573764216652,21.8255952177572,78.0582206936633,100.863490571845,42.2901599585335,60.0048547583563,223.562015546048,204.319611311695,0.412575899829789,0.223297383111766,0.339057315497549,7,FALSE,1.82169316193698,2.10422779751665
"RT4_ZT10_leading_edge_dataset","246241","Csf1r",149.225646751582,0.983570150801502,"upregulated",0.194478077378341,7.51639680401967e-05,0.00317460387872631,0.00208209502305068,0.0818595842059829,2.63744282230421,0.018865349975457,1.72433513369119,0.801938792598555,1,TRUE,FALSE,FALSE,FALSE,FALSE,FALSE,TRUE,"intermediate",1.21439827582707,0.306719022812395,3.95931841687516,TRUE,FALSE,4.12399030078449,1,0.801938792598555,TRUE,FALSE,237.32808767684,230.945198375521,136.703735345461,156.41676572726,281.741390316191,122.296982318362,105.725399896334,54.7870413011079,86.6873121505084,79.6245544082342,0.0778136847033693,0.153962415714808,0.103665261835937,9,FALSE,2.49831045746362,2.6814994539586
"RT4_ZT10_leading_edge_dataset","202195","Mcf2l",238.916691359242,0.8754711013191,"upregulated",0.194478077378341,4.08981654665805e-05,0.00199860208598257,0.00142536109907931,0.0646186282326477,2.49165650059834,0.018865349975457,1.72433513369119,0.573238383780221,1,TRUE,FALSE,FALSE,FALSE,FALSE,FALSE,TRUE,"intermediate",1.00712774932286,0.245500426501386,4.10234623082082,TRUE,FALSE,4.38829617232541,1,0.573238383780221,TRUE,FALSE,365.84171618169,295.439134677514,238.504389326124,316.471130657479,378.094506484932,199.205393879394,141.672035861087,101.747362416343,176.416284376473,175.774959731385,0.0402659250136801,0.123313845429169,0.0669320812818073,9,FALSE,2.69927366364276,2.84607509813184
"RT4_ZT10_leading_edge_dataset","409991","-",284.585400483586,-1.34291973608167,"downregulated",0.0734640143384264,3.74422022657715e-06,0.000291310186838825,0.000323283220018844,0.0232678556328679,4.68734965730705,0.018865349975457,1.72433513369119,0.998456687792968,1,TRUE,TRUE,FALSE,FALSE,FALSE,TRUE,TRUE,"intermediate",-1.93982664873757,0.419413125950947,-4.62509761548198,TRUE,TRUE,5.42663861496214,1,0.998456687792968,FALSE,TRUE,38.9293108244619,82.0400807370947,123.615079833662,238.002919279352,106.110393755449,549.706023616556,633.295145379038,363.942488643074,214.437035319679,495.775527447496,0.269011989668165,0.115130879797671,0.206332712449658,9,FALSE,3.53564432824382,3.49041683681234
"RT4_ZT10_leading_edge_dataset","396394","-",43.5298520007029,-1.10858866863899,"downregulated",0.384718229163518,0.000373268707348558,0.0101244856263854,0.00566649150308973,0.144737694633596,2.49065037344546,0.018865349975457,1.72433513369119,0.991040887295325,1,TRUE,TRUE,FALSE,FALSE,FALSE,TRUE,TRUE,"intermediate",-2.21329937467579,0.622011055730749,-3.55829587639012,TRUE,TRUE,3.42797841724083,1,0.991040887295325,FALSE,TRUE,23.4513920629288,16.1234840754984,10.1800653980663,17.6683389858034,8.53761788836942,32.7806344358497,39.1183979616434,14.348987007433,95.8122923768777,177.277309814559,0.474590302650409,0.352196417293652,0.429424785013816,7,FALSE,1.99462703184633,2.24668575812092
"RT4_ZT10_leading_edge_dataset","235979","Ccdc112",126.326101928771,-1.08025818504524,"downregulated",0.20113689984951,0.00020204479553441,0.00622352629317496,0.00385930643184129,0.112258040584674,2.60719312290519,0.018865349975457,1.72433513369119,0.937199670441403,1,TRUE,TRUE,FALSE,FALSE,FALSE,TRUE,TRUE,"intermediate",-1.55901880520288,0.419491848785318,-3.71644600417667,TRUE,TRUE,3.69455233205527,1,0.937199670441403,FALSE,TRUE,20.6372250153774,52.6384333053035,69.8061627295972,91.9792941319766,86.5958385820327,292.504122658351,235.767641768824,174.796750817821,95.8122923768777,142.723257901552,0.221198876767899,0.168761722885186,0.201480466120006,10,FALSE,2.20596347130267,2.41349073675013
"RT4_ZT10_leading_edge_dataset","419802","Atp5h-ps1",131.632986212382,1.35803857875643,"upregulated",0.03335529597198,1.04812411645782e-06,0.000101599309846149,0.000147095695594901,0.0131949285481772,5.20454709768083,0.018865349975457,1.72433513369119,0.998456687792968,1,TRUE,TRUE,FALSE,FALSE,FALSE,TRUE,TRUE,"intermediate",1.84301689610419,0.377483207209179,4.88238115207838,TRUE,TRUE,5.97958728614897,1,0.998456687792968,FALSE,TRUE,148.21279783771,218.615475258963,203.601307961325,200.587613191768,259.787515746098,89.5163478825126,63.4352399378002,78.2672018587256,18.2499604527386,36.0564019961815,0.152513094496876,0.164873663509983,0.157605123153968,9,FALSE,3.99310924216063,3.8324000356799
"RT4_ZT10_leading_edge_dataset","157759","-",170.100929200171,-1.03776027927933,"downregulated",0.20113689984951,0.00013499082993172,0.00475119510348965,0.00299989108053667,0.0996439672762866,2.61815971468739,0.018865349975457,1.72433513369119,0.8867921219016,1,TRUE,TRUE,FALSE,FALSE,FALSE,TRUE,TRUE,"intermediate",-1.3744147084169,0.360061116009491,-3.81717060606085,TRUE,TRUE,3.86969573258142,1,0.8867921219016,FALSE,TRUE,64.7258420936836,99.5862251721959,75.6233429570636,135.110827538497,97.5727758670791,292.504122658351,226.252355778154,101.747362416343,200.749564980125,407.136872540217,0.151430641120169,0.143943209760906,0.148709300758295,8,FALSE,2.32319713530818,2.52289451327388
"RT4_ZT10_leading_edge_dataset","353321","Smox",80.7119554529304,1.11170302687776,"upregulated",0.194478077378341,3.19099419814942e-05,0.00164373113937577,0.00122148475904171,0.0581390114297241,3.23851536969649,0.018865349975457,1.72433513369119,0.93074330390007,1,TRUE,TRUE,FALSE,FALSE,FALSE,TRUE,TRUE,"intermediate",1.44908939906196,0.348389930051161,4.15938944862489,TRUE,TRUE,4.49607398543795,1,0.93074330390007,FALSE,TRUE,122.416266568489,117.132369607297,62.5346874452642,102.892091740855,185.38827414745,55.4749198145148,32.7748739678634,37.8291475650507,44.1040710941183,46.5728525784012,0.080109115190138,0.223264632534802,0.127022371713336,9,FALSE,2.78416921735219,2.91311194752425
"RT4_ZT10_leading_edge_dataset","441933","Lratd1",38.9605511058929,1.20922526322091,"upregulated",0.196995296615148,9.80073346256593e-05,0.00383786337510943,0.00245667779241932,0.089828268086693,3.15565688480875,0.018865349975457,1.72433513369119,0.993958575084778,1,TRUE,TRUE,FALSE,FALSE,FALSE,TRUE,TRUE,"intermediate",2.1073857079477,0.540983285237238,3.89547286479201,TRUE,TRUE,4.00874142157021,1,0.993958575084778,FALSE,TRUE,38.9293108244619,37.9376095894079,45.0831467628649,66.5160997112599,128.064268325541,23.9550790108132,13.7443019865234,5.21781345724838,9.12498022636931,21.0329011644392,0.250133146328746,0.385020195953288,0.299747727813692,9,FALSE,2.41591048986428,2.6096518000321
"RT4_ZT10_leading_edge_dataset","149237","Gpa33",92.0837204386755,-1.06460662014763,"downregulated",0.435699515981677,0.000621008713589531,0.0149878551977751,0.00779729729088419,0.17644035373766,2.24425027416159,0.018865349975457,1.72433513369119,0.983484434878425,1,TRUE,TRUE,FALSE,FALSE,FALSE,TRUE,TRUE,"intermediate",-2.1088106009178,0.616202490865211,-3.42226886807422,TRUE,TRUE,3.20690230604355,1,0.983484434878425,FALSE,TRUE,5.62833409510292,15.6492639556308,20.3601307961325,106.529690943815,24.3931939667698,194.162219350802,245.282927759494,130.445336431209,91.2498022636931,87.1363048241054,0.605447311812086,0.204624102880358,0.439888992617249,10,FALSE,1.82426051140897,2.10805590693244
"RT4_ZT10_leading_edge_dataset","56397","Pygm",84.2917891542362,1.07299150014266,"upregulated",0.20113689984951,0.000162856617633663,0.00544051514162627,0.00337285521258557,0.105532393048725,2.65243745782164,0.018865349975457,1.72433513369119,0.925107059968337,1,TRUE,TRUE,FALSE,FALSE,FALSE,TRUE,TRUE,"intermediate",1.49570474765241,0.396675704205092,3.77059832955912,TRUE,TRUE,3.78819458930426,1,0.925107059968337,FALSE,TRUE,193.708498439792,110.493287929151,146.883800743527,120.560430726659,50.006047631878,30.2590471715536,42.2901599585335,52.1781345724838,31.9374307922926,64.6010535764919,0.145716935943742,0.2168541486861,0.170714471772326,10,FALSE,2.26435997666697,2.47200230148046
"RT4_ZT10_leading_edge_dataset","546860","-",267.191958929402,-1.2799140560078,"downregulated",0.0939303253638492,8.13270445006441e-06,0.000534318682369232,0.000522744070439396,0.0323481163991077,4.20030788914103,0.018865349975457,1.72433513369119,0.992350325612003,1,TRUE,TRUE,FALSE,FALSE,FALSE,TRUE,TRUE,"intermediate",-1.80787102623299,0.405201398387162,-4.46166038278476,TRUE,TRUE,5.0897650100727,1,0.992350325612003,FALSE,TRUE,206.841277995032,79.1947600178891,52.3546220471979,169.408191452115,82.9368594870173,470.276024791228,474.707045534538,262.195126226731,217.478695395135,656.526986347139,0.242491159658065,0.117917646553918,0.192167739435213,7,FALSE,3.27219964051292,3.28171088474665
"RT4_ZT10_leading_edge_dataset","102843","Rpl24",115.821009919911,-1.03882326692866,"downregulated",0.196995296615148,0.000121232682142485,0.00448030530942821,0.00280522306228703,0.0963401166492838,2.65111084215354,0.018865349975457,1.72433513369119,0.886382702507037,1,TRUE,TRUE,FALSE,FALSE,FALSE,TRUE,TRUE,"intermediate",-1.36974283812135,0.356367913972152,-3.8436199905146,TRUE,TRUE,3.91638028643387,1,0.886382702507037,FALSE,TRUE,43.6195892370476,64.9681564218611,72.7147528433304,79.5075254361153,62.2026446152629,132.383331375547,85.6375739160302,122.618616245337,270.707746715623,223.85016239296,0.124024140469644,0.177508952306698,0.142274935456522,9,FALSE,2.34869239009069,2.55203259933877
"RT4_ZT10_leading_edge_dataset","190232","Epsti1",379.737579148562,-1.03391643616283,"downregulated",0.194478077378341,4.85030098618747e-05,0.00233169347409158,0.00158495365971612,0.0692764699646878,2.8949488902952,0.018865349975457,1.72433513369119,0.862642137471777,1,TRUE,TRUE,FALSE,FALSE,FALSE,TRUE,TRUE,"intermediate",-1.2978348905226,0.319449301193993,-4.06272571475892,TRUE,TRUE,4.3142313103494,1,0.862642137471777,FALSE,TRUE,93.3365404104568,199.646670464259,222.507143700591,334.659126672276,248.810578461052,598.876975270331,615.321827396662,521.781345724838,323.93679803611,638.498785349048,0.128257790449274,0.104403994366343,0.119473230000893,9,FALSE,2.63232854278969,2.79998343100067
"RT4_ZT10_leading_edge_dataset","366280","Cped1",499.792303685666,-1.01070778949459,"downregulated",0.194478077378341,2.4155961014279e-05,0.00127530533461993,0.00102739051620326,0.0513394904639851,3.02026215420495,0.018865349975457,1.72433513369119,0.82076336576506,1,TRUE,TRUE,FALSE,FALSE,FALSE,TRUE,TRUE,"intermediate",-1.22225458321382,0.289459249648786,-4.22254457128881,TRUE,TRUE,4.61697567997849,1,0.82076336576506,FALSE,TRUE,196.991693328602,239.00694041327,285.041831145855,459.376813630889,319.550840964684,834.645384482019,749.593085265005,753.97404457239,364.999209054772,794.743193999168,0.0992270221155651,0.0966974938190131,0.0983200853221317,8,FALSE,2.89438582364957,2.98826444754647
"RT4_ZT10_leading_edge_dataset","120758","-",202.662073012821,-0.947935014609283,"downregulated",0.452820287574647,0.000873382764065432,0.0191981869290665,0.0096601443814468,0.199881739656528,1.91010458401049,0.018865349975457,1.72433513369119,0.833718591046424,1,TRUE,FALSE,FALSE,FALSE,FALSE,FALSE,TRUE,"intermediate",-1.32441230503813,0.397909521459635,-3.32842576920462,TRUE,FALSE,3.05879538299532,1,0.833718591046424,TRUE,FALSE,49.7169511734091,118.080809847032,94.5291786963296,149.661224350335,167.093378672373,370.673327851531,376.382423630948,112.18298933084,196.18707486694,392.113371708474,0.217193660038989,0.132435958785107,0.184341176373683,8,FALSE,1.71673978399862,2.01501638252891
"RT4_ZT10_leading_edge_dataset","516438","Pomgnt2",92.5631306438823,1.57145247618786,"upregulated",0.0107306592095706,6.82277890486695e-08,1.18656151954348e-05,2.72783158625778e-05,0.00439339366133408,7.17239580672601,0.018865349975457,1.72433513369119,1,0.412701470651631,TRUE,TRUE,FALSE,FALSE,FALSE,TRUE,TRUE,"intermediate",2.28718222927391,0.423883787548996,5.3957766172162,TRUE,TRUE,7.16603870199461,0.412701470651631,1,FALSE,TRUE,135.08001828247,126.616772004649,152.700980970994,144.464654060393,208.561808415882,25.2158726429613,24.3168419761567,9.13117355018466,31.9374307922926,67.6057537428404,0.183045881659731,0.203938871123995,0.192028955021115,9,FALSE,4.92570974003776,4.56418244611846
"RT4_ZT10_leading_edge_dataset","187480","Cpne6",183.111435073606,0.836868116333904,"upregulated",0.435699515981677,0.000586581605389686,0.0144354449230594,0.00752311552471685,0.172695212734785,1.77717503079893,0.018865349975457,1.72433513369119,0.589796060459044,1,TRUE,FALSE,FALSE,FALSE,FALSE,FALSE,TRUE,"intermediate",1.02150825780287,0.297144932087425,3.43774416957691,TRUE,FALSE,3.23167156018092,1,0.589796060459044,TRUE,FALSE,270.16003656494,313.933719352351,205.055603018192,124.717686958612,312.232882774653,119.775395054066,89.8665899118836,118.705256152401,142.958023546452,133.709157402507,0.0796940347232982,0.138854318976566,0.0988879323081341,10,FALSE,1.8405698259397,2.1236022691177
"RT4_ZT10_leading_edge_dataset","470644","Marchf2",139.897870622699,-0.847453196666639,"downregulated",0.396469043167423,0.00043582586260906,0.0114028244495901,0.00624425608142265,0.153733194226577,1.86822692325091,0.018865349975457,1.72433513369119,0.600645661989146,1,TRUE,FALSE,FALSE,FALSE,FALSE,FALSE,TRUE,"intermediate",-1.02954861549185,0.292703089136379,-3.51738213125641,TRUE,FALSE,3.3606870015906,1,0.600645661989146,TRUE,FALSE,68.0090369824936,82.9885209768299,90.1662935257297,69.114384856231,152.457462292311,238.289996475984,151.187321851757,164.361123903324,190.103754716027,192.300810646302,0.0641724515974292,0.159405870749338,0.0949485335990472,9,FALSE,1.9429875617389,2.20451929451605
"RT4_ZT10_leading_edge_dataset","490733","Ppp1r12a",111.621802298926,-0.873645657365413,"downregulated",0.452820287574647,0.000813918710616131,0.0182299293025499,0.00924133099331703,0.194946695382083,1.77722719773684,0.018865349975457,1.72433513369119,0.688653936236573,1,TRUE,FALSE,FALSE,FALSE,FALSE,FALSE,TRUE,"intermediate",-1.11420581036005,0.332795694671746,-3.34801750202644,TRUE,FALSE,3.08941896770754,1,0.688653936236573,TRUE,FALSE,75.9825102838894,78.7205398980215,45.0831467628649,91.4596371029824,59.763325218586,223.160472890207,195.591989808217,133.054243159834,129.270553206899,84.1316046577569,0.0929914352524887,0.181466098264945,0.122990706370427,9,FALSE,1.73921501557826,2.03426547451319
"RT4_ZT10_leading_edge_dataset","253476","Ist1",130.911708815015,1.03889807574894,"upregulated",0.194478077378341,4.17748192430884e-05,0.0020247090670851,0.00144429467417173,0.0651892597697804,2.9508281136715,0.018865349975457,1.72433513369119,0.86593341573467,1,TRUE,TRUE,FALSE,FALSE,FALSE,TRUE,TRUE,"intermediate",1.30125693338055,0.317578195464821,4.09743789706964,TRUE,TRUE,4.37908542059433,1,0.86593341573467,FALSE,TRUE,186.204052979655,184.471626628496,174.515406823993,143.944997031398,241.492620271021,104.645871468289,33.8321279668268,69.136028308541,91.2498022636931,79.6245544082342,0.0797795252059925,0.16538359308014,0.110146389932663,9,FALSE,2.69363737226998,2.84034419020774
"RT4_ZT10_leading_edge_dataset","120465","Rhbdd2",59.8206597180376,1.12205351483412,"upregulated",0.20113689984951,0.000178192015536072,0.00575764692822293,0.00356790463159884,0.108347779739743,2.74632332986665,0.018865349975457,1.72433513369119,0.964436583206117,1,TRUE,TRUE,FALSE,FALSE,FALSE,TRUE,TRUE,"intermediate",1.71297487515956,0.457027056397949,3.74808198153594,TRUE,TRUE,3.74911175981829,1,0.964436583206117,FALSE,TRUE,83.0179279027681,97.6893446927255,81.4405231845301,42.6118763775259,153.67712199065,27.7374599072574,20.0878259803034,28.6979740148661,12.1666403018257,51.0799028279239,0.191720655973937,0.275978806915065,0.222627639266419,9,FALSE,2.23975497054962,2.44758676262661
"RT4_ZT10_leading_edge_dataset","136464","-",73.0137041275625,-1.15789390356093,"downregulated",0.194478077378341,3.91942214157055e-05,0.00194752463219384,0.00138811834043118,0.0634813559653589,3.30876694348802,0.018865349975457,1.72433513369119,0.96175572790686,1,TRUE,TRUE,FALSE,FALSE,FALSE,TRUE,TRUE,"intermediate",-1.59599227197774,0.388113521096859,-4.1121790023374,TRUE,TRUE,4.40677795829242,1,0.96175572790686,FALSE,TRUE,37.0531994594276,32.7211882708644,30.5401961941988,36.8956490585895,43.9077491401856,93.2987287789568,70.8360179305435,57.3959480297321,121.666403018257,205.82196139487,0.126384446028838,0.239179423328774,0.163796488576093,9,FALSE,2.71051704068584,2.85757350765247
"RT4_ZT10_leading_edge_dataset","321277","Grin1",897.752598720051,1.15256127072686,"upregulated",0.000913468687997678,1.53778300234078e-10,6.06194059522736e-08,6.45579419922271e-07,0.000220578648892733,7.13441226579961,0.018865349975457,1.72433513369119,0.938119886736131,1,TRUE,TRUE,FALSE,FALSE,FALSE,TRUE,TRUE,"intermediate",1.26474288255664,0.197567334619235,6.40157890976331,TRUE,TRUE,9.81310494381604,1,0.938119886736131,FALSE,TRUE,1524.80951193163,1508.49420129883,1048.54673600082,1094.39770306182,1162.33569251658,518.186182812855,632.237891380075,443.514143866112,442.561540978911,602.442383352867,0.0287936113983055,0.0858920002646898,0.0453012753383154,9,FALSE,7.21738832387261,6.1900503227046
"RT4_ZT10_leading_edge_dataset","8441","Atp1a3",121.763135184888,-1.02729473986288,"downregulated",0.196995296615148,0.000117650542655137,0.00443100419566767,0.00275320841870941,0.0954190272264387,2.63003983721535,0.018865349975457,1.72433513369119,0.871484430600455,1,TRUE,TRUE,FALSE,FALSE,FALSE,TRUE,TRUE,"intermediate",-1.33820210748834,0.347497342370154,-3.85097076818184,TRUE,TRUE,3.92940606532954,1,0.871484430600455,FALSE,TRUE,47.8408398083748,72.0814582198751,95.9834737531962,82.1058105810864,47.5667282352011,124.818569582658,134.271257868344,207.408084925623,117.103912905073,288.451215969452,0.115750478611036,0.172375734017085,0.135353257678413,10,FALSE,2.35349783873967,2.5601609111387
"RT4_ZT10_leading_edge_dataset","306175","-",312.058192309046,-0.905898821964271,"downregulated",0.452820287574647,0.000715226764445462,0.0166335935116995,0.00852048208076428,0.185986007589496,1.87479007273785,0.018865349975457,1.72433513369119,0.749351455780785,1,TRUE,FALSE,FALSE,FALSE,FALSE,FALSE,TRUE,"intermediate",-1.18301492784134,0.34962430369015,-3.38367474845161,TRUE,FALSE,3.14555624220782,1,0.749351455780785,TRUE,FALSE,71.7612597125623,169.770802912601,210.872783245658,306.077990077594,196.365211432497,489.187929273449,434.531393573931,314.373260799215,304.166007545644,623.475284517306,0.162423322795274,0.111362057246639,0.143137184535226,7,FALSE,1.77901391592122,2.06953583256982
"RT4_ZT10_leading_edge_dataset","521278","Scn2b",117.975353744187,-0.951242243108156,"downregulated",0.529244503507695,0.00110393134528166,0.0228235875687078,0.0111938196449075,0.218175849605464,1.85589425325345,0.018865349975457,1.72433513369119,0.854889675315076,1,TRUE,FALSE,FALSE,FALSE,FALSE,FALSE,TRUE,"intermediate",-1.38138138904708,0.423398248478901,-3.26260534617189,TRUE,FALSE,2.95705793502391,1,0.854889675315076,TRUE,FALSE,42.2125057132719,41.7313705483487,77.0776380139302,62.8785005083004,104.89073405711,161.381584914952,61.3207319398735,121.314162881025,301.124347470187,205.82196139487,0.222760518687035,0.175588128720567,0.205161923189062,9,FALSE,1.64161608915385,1.9510216947361
"RT4_ZT10_leading_edge_dataset","247425","Tcf4",126.700338801756,-1.02800575359761,"downregulated",0.144837727058969,1.40608973033381e-05,0.000823188967867706,0.000734154246190499,0.0404176244641649,3.22198867317839,0.018865349975457,1.72433513369119,0.836457170823758,1,TRUE,TRUE,FALSE,FALSE,FALSE,TRUE,TRUE,"intermediate",-1.23483701099671,0.284334134458693,-4.34290808364445,TRUE,TRUE,4.85198696370782,1,0.836457170823758,FALSE,TRUE,97.0887631405254,78.7205398980215,69.8061627295972,68.0750707982425,63.4223043136014,208.030949304431,249.511943755347,172.187844089196,144.478853584181,115.680956404416,0.0520097117035513,0.168476865945811,0.0880834393522404,9,FALSE,3.08450045849135,3.13421268499979
"RT4_ZT10_leading_edge_dataset","355412","Dtd1",81.5759775240085,1.03018483588095,"upregulated",0.452820287574647,0.000720142049551,0.0166335935116995,0.00855721504292828,0.186457657194128,2.13007975982274,0.018865349975457,1.72433513369119,0.9355046597743,1,TRUE,TRUE,FALSE,FALSE,FALSE,TRUE,TRUE,"intermediate",1.64082819946019,0.485194646800809,3.38179369924873,TRUE,TRUE,3.14258182960848,1,0.9355046597743,FALSE,TRUE,229.823642216703,128.987872603987,82.8948182413967,110.686947175768,64.6419640119399,35.3022217001458,43.3474139574968,31.3068807434903,10.6458102640975,78.12220432506,0.290059429915403,0.221665900121676,0.262752763002545,8,FALSE,1.77901391592122,2.06766755404744
"RT4_ZT10_leading_edge_dataset","251526","Gadd45gip1",291.360760197312,0.680555561705532,"upregulated",0.194478077378341,5.7889765737136e-05,0.0026952927937298,0.00176950716453672,0.0742627941374761,1.87298940659289,0.018865349975457,1.72433513369119,0.126445885664536,1,TRUE,FALSE,FALSE,TRUE,TRUE,TRUE,TRUE,"weak_effect",0.737647390057483,0.183437269869835,4.02125146422485,FALSE,FALSE,4.23739820789174,1,0.126445885664536,FALSE,FALSE,391.169219609653,376.056555055006,333.033568022453,315.43181659949,406.146679546717,218.117298361615,233.653133770897,226.974885390304,237.249485885602,175.774959731385,0.00831575532267285,0.114135383202786,0.0362653229718647,11,FALSE,2.56939404984859,2.75214767461309
"RT4_ZT10_leading_edge_dataset","150946","-",129.608108188246,-1.87703434869794,"downregulated",0.00014684067502613,8.91192694850025e-12,5.85513600516466e-09,1.1282678125113e-07,5.49968721212225e-05,13.0408609437025,0.018865349975457,1.72433513369119,1,0.0200849040823719,TRUE,TRUE,TRUE,FALSE,FALSE,TRUE,TRUE,"strong_effect",-2.52719063510441,0.37038943779828,-6.8230634494517,TRUE,TRUE,11.0500283820888,0.0200849040823719,1,FALSE,TRUE,18.2920858090845,35.0922888702024,26.1773110235989,62.8785005083004,48.7863879335396,221.899679258059,197.706497806144,161.7522171747,179.45794445193,344.038169046899,0.143049427360043,0.166319612796376,0.151318278824566,9,FALSE,8.23246301252902,6.94758780133602
"RT4_ZT10_leading_edge_dataset","466826","RGD1566401",243.938535189109,0.817978197401972,"upregulated",0.20113689984951,0.000157836586035428,0.00533660909756732,0.00330753681021934,0.10455099396784,2.02899108541832,0.018865349975457,1.72433513369119,0.478752953748253,1,TRUE,FALSE,FALSE,FALSE,FALSE,FALSE,TRUE,"intermediate",0.946251737884308,0.250436878290335,3.77840414057271,FALSE,FALSE,3.8017923213317,1,0.478752953748253,TRUE,FALSE,312.841570119471,277.892990242413,349.030813647986,325.824957179375,339.0653961381,134.904918639843,106.782653895297,156.534403717451,191.624584753755,244.8830635574,0.0446630221287683,0.122264091765661,0.0700672025049252,9,FALSE,2.2727346077617,2.48049531376596
"RT4_ZT10_leading_edge_dataset","504420","Aplp2",216.609668152583,0.887665628824616,"upregulated",0.194478077378341,6.58271822156757e-05,0.00287144056224423,0.00191694307454404,0.0779696766647676,2.41213439879303,0.018865349975457,1.72433513369119,0.617151057317129,1,TRUE,FALSE,FALSE,FALSE,FALSE,FALSE,TRUE,"intermediate",1.03728829641216,0.259914350786165,3.99088504838101,TRUE,FALSE,4.18159473482703,1,0.617151057317129,TRUE,FALSE,339.57615707121,351.397108821891,194.875537620126,223.972179496508,345.163694629792,139.948093168435,112.068923890114,152.621043624515,123.187233055986,183.286710147256,0.0504084131511701,0.128565164293687,0.0750667261080141,9,FALSE,2.54190016902464,2.71739078372
"RT4_ZT10_leading_edge_dataset","556265","Dlgap1",40.6409436612658,-0.996581203625889,"downregulated",0.529244503507695,0.0013795901855669,0.0268339367343983,0.0128807186546933,0.236370429250326,1.88359817573026,0.018865349975457,1.72433513369119,0.964818777917301,1,TRUE,FALSE,FALSE,FALSE,FALSE,FALSE,TRUE,"intermediate",-1.95733488485698,0.611879885821258,-3.19888744541728,TRUE,FALSE,2.86024990387358,1,0.964818777917301,TRUE,FALSE,14.0708352377573,21.8141255139096,27.6316060804656,12.4717686958612,7.31795819003093,21.4334917465171,15.85880998445,54.7870413011079,95.8122923768777,135.211507485681,0.439934547472351,0.372090956659855,0.415110821789832,9,FALSE,1.57131560848323,1.89005990568267
"RT4_ZT10_leading_edge_dataset","407795","Shoc1",44.2881206062412,-1.09967297445306,"downregulated",0.396469043167423,0.000412233159882674,0.0109306487640639,0.00603020702599411,0.150463280770092,2.44090866732081,0.018865349975457,1.72433513369119,0.988031821849691,1,TRUE,TRUE,FALSE,FALSE,FALSE,TRUE,TRUE,"intermediate",-2.13868087105367,0.605493965321936,-3.53212582377522,TRUE,TRUE,3.38485707666443,1,0.988031821849691,FALSE,TRUE,18.7611136503431,21.339905394042,10.1800653980663,9.35382652189592,21.9538745700928,86.9947606182165,23.2595879771934,31.3068807434903,31.9374307922926,187.793760396779,0.440261027435366,0.347404605708701,0.406592415106862,10,FALSE,1.96135406071348,2.2196677776271
"RT4_ZT10_leading_edge_dataset","39811","Zfp111",138.870060341236,-0.946605946690336,"downregulated",0.384718229163518,0.00021960830683928,0.00669352535227147,0.00406574804452409,0.11619990679199,2.26320185656843,0.018865349975457,1.72433513369119,0.772593762958863,1,TRUE,FALSE,FALSE,FALSE,FALSE,FALSE,TRUE,"intermediate",-1.19316710288986,0.322885829475418,-3.69532198061574,TRUE,FALSE,3.6583512364158,1,0.772593762958863,TRUE,FALSE,68.0090369824936,81.5658606172271,55.2632121609311,106.01003391482,110.989032548802,201.72698114369,172.332401831024,125.227522973961,152.083003772822,315.493517466589,0.0946074635347009,0.160050402518737,0.116988958671314,9,FALSE,2.17434508734692,2.3908595382074
"RT4_ZT10_leading_edge_dataset","453664","-",139.770382955462,-1.54223333765177,"downregulated",0.0212762316819543,3.34324085512123e-07,4.40723218567552e-05,7.26482935489159e-05,0.00862409373120446,6.38295613812766,0.018865349975457,1.72433513369119,1,0.412701470651631,TRUE,TRUE,FALSE,FALSE,FALSE,TRUE,TRUE,"intermediate",-2.46204989359856,0.482471774506356,-5.10299259706462,TRUE,TRUE,6.47583233466017,0.412701470651631,1,FALSE,TRUE,18.7611136503431,25.1336663529828,26.1773110235989,97.695521450913,46.3470685368626,325.284757094201,374.267915633021,108.269629237904,138.395533433268,237.371313141529,0.340114109272002,0.159485302295215,0.267338604563134,8,FALSE,4.35583406900417,4.1387745824808
"RT4_ZT10_leading_edge_dataset","110977","Ltn1",70.4550487339354,-1.04855833051649,"downregulated",0.452820287574647,0.000757181906106763,0.0172865506208853,0.00883112120430662,0.189922713382105,2.15372219609751,0.018865349975457,1.72433513369119,0.966215776397996,1,TRUE,TRUE,FALSE,FALSE,FALSE,TRUE,TRUE,"intermediate",-1.88310504550321,0.559118268275573,-3.36799055289513,TRUE,TRUE,3.12079977264258,1,0.966215776397996,FALSE,TRUE,17.3540301265673,17.5461444351012,8.72577034119965,62.3588434793061,43.9077491401856,200.466187511542,161.75986184139,71.7449350371652,41.0624110186619,79.6245544082342,0.435638384013774,0.24523905736346,0.356032228393647,8,FALSE,1.76229165772472,2.05398415464083
"RT4_ZT10_leading_edge_dataset","428900","-",161.847745524506,1.06720450049257,"upregulated",0.0939303253638492,1.16000747414132e-05,0.000707126205628619,0.000651537982828243,0.0371646561963027,3.40017784945339,0.018865349975457,1.72433513369119,0.88161760591477,1,TRUE,TRUE,FALSE,FALSE,FALSE,TRUE,TRUE,"intermediate",1.30190276044853,0.296901049249296,4.38497190811669,TRUE,TRUE,4.93553921252491,1,0.88161760591477,FALSE,TRUE,291.266289421576,249.914003170225,296.676191600788,147.582596234358,167.093378672373,97.081109675401,119.469701882857,96.529548959095,92.7706323014213,60.0940033269692,0.0721410435449192,0.147595449434153,0.0970045940384581,9,FALSE,3.15050306779205,3.18606026106901
"RT4_ZT10_leading_edge_dataset","150650","Smyd3",31.6917531418294,-1.11286340886883,"downregulated",0.20113689984951,0.000176037329492158,0.00571927873234687,0.00354088783644868,0.107967747008184,2.72750338528112,0.018865349975457,1.72433513369119,1,1,TRUE,TRUE,FALSE,FALSE,FALSE,TRUE,TRUE,"intermediate",-2.85156955738921,0.760188883457914,-3.75113293477552,TRUE,TRUE,3.75439522835959,1,1,FALSE,TRUE,4.69027841258577,6.63908167814639,5.81718022746643,15.0700538408323,6.09829849169245,99.6026969396971,133.21400386938,26.0890672862419,13.687470339554,6.00940033269692,0.733119230691387,0.456740536248445,0.630818478789453,9,FALSE,2.24265873734555,2.45088783002893
"RT4_ZT10_leading_edge_dataset","4512","RGD1560015",370.851134091744,2.56210959115669,"upregulated",6.26909245705265e-13,2.33304006024484e-28,6.89763293811386e-25,2.22044604925031e-16,6.26909245705265e-13,40.1061356340602,0.018865349975457,1.72433513369119,1,3.27675806658561e-10,TRUE,TRUE,TRUE,FALSE,FALSE,TRUE,TRUE,"strong_effect",3.05338605302963,0.276464473552933,11.0444065879047,TRUE,TRUE,12,3.27675806658561e-10,1,FALSE,TRUE,969.01152004022,682.876972609343,546.814941381845,385.065858484715,725.697520511401,93.2987287789568,64.4924939367635,88.7028287732224,66.9165216600416,85.6339547409312,0.071542522352326,0.105172763558048,0.082875048739982,9,FALSE,12,12
"RT4_ZT10_leading_edge_dataset","466842","RGD1566401",354.920630949384,1.39486894758107,"upregulated",0.000913468687997678,1.32149085729535e-10,5.58141102799102e-08,5.88306075188783e-07,0.000205410177267281,8.69058684165061,0.018865349975457,1.72433513369119,1,1,TRUE,TRUE,FALSE,FALSE,FALSE,TRUE,TRUE,"intermediate",1.61537840383065,0.25143337054655,6.42467783937848,TRUE,TRUE,9.87893583717844,1,1,FALSE,TRUE,716.674541443105,432.962969439118,597.715268372176,471.84858232675,454.933067480256,152.556029489916,136.38576586627,134.358696524146,211.395375244222,240.376013307877,0.054033341360798,0.106647280394326,0.0713638724099372,9,FALSE,7.25325599385757,6.2303966668134
"RT4_ZT10_leading_edge_dataset","340968","Rapgef1",166.810667167409,0.750350515484043,"upregulated",0.384718229163518,0.000295286137528354,0.00851720454246419,0.0048931025798038,0.131748218674239,1.73362159611324,0.018865349975457,1.72433513369119,0.333116951824081,1,TRUE,FALSE,FALSE,FALSE,FALSE,FALSE,TRUE,"intermediate",0.854491892688955,0.2360865713056,3.61940066291558,FALSE,FALSE,3.52975694089898,1,0.333116951824081,TRUE,FALSE,247.17767234327,215.770154539758,155.609571084727,195.91069993082,259.787515746098,142.469680432731,132.156749870417,112.18298933084,100.374782490062,106.66685590537,0.0233609767421474,0.145355913453089,0.0594864652457549,6,FALSE,2.06970292295563,2.31041567952398
"RT4_ZT10_leading_edge_dataset","574329","Gprasp1",222.939279179749,-0.988692786903237,"downregulated",0.0935533667385808,4.64400073013176e-06,0.000339012053299618,0.000369402519982298,0.0254378526005153,3.39368813561673,0.018865349975457,1.72433513369119,0.763577834999279,1,TRUE,FALSE,FALSE,FALSE,FALSE,FALSE,TRUE,"intermediate",-1.14214169769842,0.249361805321407,-4.58025917893198,TRUE,FALSE,5.3331077206535,1,0.763577834999279,TRUE,FALSE,116.318904632127,122.823011045708,155.609571084727,190.194472611884,109.769372850464,229.464441050948,299.202881706624,332.635607899584,273.749406791079,399.625122124345,0.0445590670103048,0.126968315876721,0.0696079102661313,9,FALSE,3.46978486053304,3.43250014622476
"RT4_ZT10_leading_edge_dataset","341003","Urm1",208.545732361287,0.829839956059308,"upregulated",0.435699515981677,0.000639745930736253,0.0152532971308204,0.00794416792386898,0.178402971250901,1.74262373043912,0.018865349975457,1.72433513369119,0.57696392742991,1,TRUE,FALSE,FALSE,FALSE,FALSE,FALSE,TRUE,"intermediate",1.01137045309023,0.296226569485608,3.41417873098439,TRUE,FALSE,3.19399246787049,1,0.57696392742991,TRUE,FALSE,365.372688340431,286.903172519898,215.235668416258,221.893551380531,304.914924584622,197.944600247246,160.702607842427,117.400802788088,144.478853584181,70.6104539091889,0.0819652885794258,0.130739962752789,0.0991375595182173,9,FALSE,1.8166362696976,2.0999515842963
"RT4_ZT10_leading_edge_dataset","77047","Krt222",178.360938642079,-1.70934315938056,"downregulated",0.00014684067502613,1.01194430624732e-11,5.98362668284042e-09,1.21951327480829e-07,5.76969812721008e-05,11.8180797565614,0.018865349975457,1.72433513369119,1,0.11527892744643,TRUE,TRUE,TRUE,FALSE,FALSE,TRUE,TRUE,"strong_effect",-2.12675665097756,0.312538024371845,-6.80479328955902,TRUE,TRUE,10.9948433888352,0.11527892744643,1,FALSE,TRUE,68.0090369824936,56.4321942642443,45.0831467628649,96.1365503639303,64.6419640119399,318.98078893346,309.775421696258,168.27448399626,226.603675621504,429.67212378783,0.0922856241918005,0.14062636452294,0.108986851970351,10,FALSE,8.22303550983609,6.91381346788439
"RT4_ZT10_leading_edge_dataset","369581","Tmem176b",247.443094761327,0.880202129038206,"upregulated",0.384718229163518,0.000248352520771604,0.00741670937031563,0.00439084162567038,0.122531907832874,2.07503446956293,0.018865349975457,1.72433513369119,0.647659309674116,1,TRUE,FALSE,FALSE,FALSE,FALSE,FALSE,TRUE,"intermediate",1.06606954801031,0.290961590181367,3.66395285145985,TRUE,FALSE,3.60493142756873,1,0.647659309674116,TRUE,FALSE,483.567704337593,395.973800089445,229.778618984924,284.252394859837,279.302070919514,141.208886800583,182.904941820657,99.1384556877191,223.562015546048,154.742058566946,0.0838028418399074,0.121556750824557,0.0963186909221606,9,FALSE,2.12978873883116,2.35745222728592
"RT4_ZT10_leading_edge_dataset","49244","Rsf1",293.303192341588,-0.970125477237875,"downregulated",0.20113689984951,0.000147840750783174,0.00509758739888098,0.00317512343617543,0.102498366260146,2.42360567698677,0.018865349975457,1.72433513369119,0.798690524371904,1,TRUE,FALSE,FALSE,FALSE,FALSE,FALSE,TRUE,"intermediate",-1.22109410853915,0.321792023238932,-3.79466866906296,TRUE,FALSE,3.83020584063045,1,0.798690524371904,TRUE,FALSE,166.504883646795,143.688696319883,129.432260061128,230.727720873433,209.78146811422,567.357134466629,473.649791535575,249.15059258361,209.874545206494,552.864830608117,0.124221798980088,0.113858466530276,0.120434903733457,8,FALSE,2.29263531944362,2.49823938640104
"RT4_ZT10_leading_edge_dataset","355272","-",127.41304939758,-0.934539588202621,"downregulated",0.196995296615148,8.61737381852421e-05,0.00344287374249552,0.00226726781386621,0.085923310121145,2.47138730296129,0.018865349975457,1.72433513369119,0.72333062735162,1,TRUE,FALSE,FALSE,FALSE,FALSE,FALSE,TRUE,"intermediate",-1.12736942627085,0.287114650220637,-3.92654789786765,TRUE,FALSE,4.06462506711002,1,0.72333062735162,TRUE,FALSE,66.6019534587179,76.3494392986835,59.6260973315309,71.7126700012021,126.844608627203,196.683806615098,139.55752786316,173.492297453509,222.04118550832,141.220907818378,0.0525098541709988,0.167939001758046,0.0901668853129856,9,FALSE,2.46307890350587,2.64449717717625
"RT4_ZT10_leading_edge_dataset","38928","Sult2a6",24.8292573337729,-1.30900457923296,"downregulated",0.0939303253638492,7.61714231974605e-06,0.000506069241984926,0.000501944960529688,0.0314925649683433,4.31885627575972,0.018865349975457,1.72433513369119,1,0.30874118488184,TRUE,TRUE,FALSE,FALSE,FALSE,TRUE,TRUE,"intermediate",-3.48415597308575,0.778465476714148,-4.47567178931575,TRUE,TRUE,5.11820792991233,0.30874118488184,1,FALSE,TRUE,4.22125057132719,5.21642131854359,0,6.23588434793061,3.65897909501547,21.4334917465171,23.2595879771934,7.82672018587256,54.7498813582159,121.690356737113,0.656704113569285,0.562989131719762,0.618077045488637,9,FALSE,3.29579005755814,3.29934390167714
"RT4_ZT10_leading_edge_dataset","377742","Grcc10",170.778793007378,-0.988228883600955,"downregulated",0.194478077378341,6.33215864638665e-05,0.00283959405445171,0.00187115969404728,0.0768432847820512,2.6957788454114,0.018865349975457,1.72433513369119,0.806425265106262,1,TRUE,FALSE,FALSE,FALSE,FALSE,FALSE,TRUE,"intermediate",-1.21775598686821,0.304433053746504,-4.0000780857463,TRUE,FALSE,4.19844821282623,1,0.806425265106262,TRUE,FALSE,64.7258420936836,116.183929367562,107.617834208129,80.5468394941038,146.359163800619,324.023963462053,182.904941820657,164.361123903324,226.603675621504,294.460616302149,0.0850079612928567,0.143658925431872,0.104571417280388,10,FALSE,2.54674374182367,2.72788914607352
"RT4_ZT10_leading_edge_dataset","306218","-",21.9050968106482,-1.48323357628904,"downregulated",0.0107306592095706,4.65883661063647e-08,9.18256695956448e-06,2.15679048360951e-05,0.00379931942104853,6.92105270917985,0.018865349975457,1.72433513369119,1,0.0108505973069204,TRUE,TRUE,TRUE,FALSE,FALSE,TRUE,TRUE,"strong_effect",-4.96201162289594,0.908150845462297,-5.46386280174634,TRUE,TRUE,7.33172252036167,0.0108505973069204,1,FALSE,TRUE,2.34513920629288,1.8968804794704,0,1.55897108698265,0,22.6942853786652,16.9160639834134,7.82672018587256,45.6249011318465,120.188006653938,0.76404729914588,0.628489448858645,0.704629860527331,9,FALSE,5.03703589608222,4.66619204137484
"RT4_ZT10_leading_edge_dataset","2937","Kiaa0408L",11.3166336014928,0.836614244086776,"upregulated",0.384718229163518,0.000316466429081143,0.00903993234375266,0.0051099471696785,0.135529977428305,1.91717147281903,0.018865349975457,1.72433513369119,1,0.688356895203594,TRUE,FALSE,FALSE,FALSE,FALSE,FALSE,TRUE,"intermediate",4.80924461488207,1.33536925649563,3.60143427856263,TRUE,FALSE,3.49967235338152,0.688356895203594,1,TRUE,FALSE,5.62833409510292,9.01018227748439,5.81718022746643,18.1879960147976,70.7402625036324,3.78238089644419,0,0,0,0,1.41431638125777,1.14887065046774,1.27397222872397,6,FALSE,2.04383481983933,2.29158358989185
"RT4_ZT10_leading_edge_dataset","415809","Stx12",199.357433604446,0.878703604006592,"upregulated",0.20113689984951,0.000184153734161464,0.00588595151403642,0.00364203069107738,0.109374730481274,2.14285616652738,0.018865349975457,1.72433513369119,0.633074458224939,1,TRUE,FALSE,FALSE,FALSE,FALSE,FALSE,TRUE,"intermediate",1.05289155157064,0.281535525289291,3.73981773876937,TRUE,FALSE,3.73481947035088,1,0.633074458224939,TRUE,FALSE,310.496430913178,228.574097776183,273.407470690922,225.531150583491,306.134584282961,143.730474064879,62.3779859388368,131.749789795522,171.853794263289,139.718557735203,0.0652262061215615,0.133432442629906,0.0885530737290682,9,FALSE,2.23018331975478,2.43865639876367
"RT4_ZT10_leading_edge_dataset","516233","Ttc21a",86.8037948900143,-0.93075192704535,"downregulated",0.452820287574647,0.000719654499926228,0.0166335935116995,0.00855357560686154,0.186411001424874,1.92465751441548,0.018865349975457,1.72433513369119,0.794107450322337,1,TRUE,FALSE,FALSE,FALSE,FALSE,FALSE,TRUE,"intermediate",-1.2480353815323,0.36902509022623,-3.38197974768381,TRUE,FALSE,3.14287595466366,1,0.794107450322337,TRUE,FALSE,46.9027841258577,41.2571504284811,52.3546220471979,54.5639880443929,63.4223043136014,187.858251190062,174.446909828951,97.834002323407,54.7498813582159,94.6480552399766,0.118505226686642,0.212671535117429,0.150302659256013,9,FALSE,1.77901391592122,2.06785230144541
"RT4_ZT10_leading_edge_dataset","57789","-",22.0196707424215,-0.999780897621444,"downregulated",0.452820287574647,0.000847428602491713,0.0188377643854643,0.00947867512317813,0.19776680011342,2.02280906229749,0.018865349975457,1.72433513369119,0.992528522316747,1,TRUE,FALSE,FALSE,FALSE,FALSE,FALSE,TRUE,"intermediate",-2.51392884173263,0.753390641784986,-3.33681984126648,TRUE,FALSE,3.07189688173852,1,0.992528522316747,TRUE,FALSE,4.69027841258577,6.63908167814639,8.72577034119965,5.7162273189364,7.31795819003093,11.3471426893326,7.40077799274335,13.0445336431209,47.1457311695748,108.169205988545,0.591967994013128,0.625595566190938,0.603192466906212,8,FALSE,1.72497063937048,2.02325236170236
"RT4_ZT10_leading_edge_dataset","312769","LOC108353239",57.2143216406542,-1.58733486369176,"downregulated",0.0212762316819543,2.31919347974647e-07,3.34472952335143e-05,5.79777082183597e-05,0.0074961354646744,6.72512345278265,0.018865349975457,1.72433513369119,1,0.12592383296003,TRUE,TRUE,TRUE,FALSE,FALSE,TRUE,TRUE,"strong_effect",-3.19156466416046,0.617115763944359,-5.17174386173713,TRUE,TRUE,6.63466301864052,0.12592383296003,1,FALSE,TRUE,5.62833409510292,11.85550299669,0,28.581136594682,8.53761788836942,90.7771415146607,88.8093359129203,48.2647744795475,101.895612527791,187.793760396779,0.547800534047556,0.285256198696154,0.415837785495237,10,FALSE,4.47563899636115,4.23673895572458
"RT4_ZT10_leading_edge_dataset","178772","Bmp1",80.3353105287198,0.881302154291191,"upregulated",0.452820287574647,0.000891444664251054,0.0194505988919427,0.00978526599810858,0.201319660721451,1.7709126649495,0.018865349975457,1.72433513369119,0.71340889980428,1,TRUE,FALSE,FALSE,FALSE,FALSE,FALSE,TRUE,"intermediate",1.1416851696376,0.343599611022902,3.32271962194249,TRUE,FALSE,3.04990561015132,1,0.71340889980428,TRUE,FALSE,112.566681902058,103.854206251004,94.5291786963296,86.7827238420344,154.896781688988,69.3436497681435,27.4886039730467,48.2647744795475,38.0207509432055,67.6057537428404,0.0731703706923752,0.223972315713199,0.124856075173938,9,FALSE,1.71106702202662,2.00942736418681
"RT4_ZT10_leading_edge_dataset","397110","Brk1",194.532642986134,1.01888639858377,"upregulated",0.16552885132673,2.30492553277953e-05,0.0012390022432114,0.000997883693821144,0.0503131858643894,3.05759664665438,0.018865349975457,1.72433513369119,0.831867526062187,1,TRUE,TRUE,FALSE,FALSE,FALSE,TRUE,TRUE,"intermediate",1.23597021942886,0.291977602737676,4.23309941529764,TRUE,TRUE,4.6373431011747,1,0.831867526062187,FALSE,TRUE,268.752953041164,340.964266184804,292.313306430188,257.230229352138,204.902829320866,109.689045996882,85.6375739160302,97.834002323407,86.6873121505084,201.314911145347,0.0739676716690155,0.134948112610395,0.0951728852077057,9,FALSE,2.90692790733382,3.00092007401842
"RT4_ZT10_leading_edge_dataset","1922","LOC102547604",295.088992549727,-1.42718366836724,"downregulated",0.0107306592095706,3.94173347082323e-08,8.32409643320634e-06,1.9459303956193e-05,0.0035507872999608,6.72328057856767,0.018865349975457,1.72433513369119,1,1,TRUE,TRUE,FALSE,FALSE,FALSE,TRUE,TRUE,"intermediate",-1.82068009871762,0.33142789393425,-5.49344256183464,TRUE,TRUE,7.40431274486228,1,1,FALSE,TRUE,63.3187585699079,119.029250086767,135.249440288595,178.762017974011,156.116441387327,578.704277155962,625.894367386295,262.195126226731,314.811817809741,516.808428611935,0.135369240092293,0.113607096111205,0.127354828886359,9,FALSE,5.07966289720539,4.71087269815763
"RT4_ZT10_leading_edge_dataset","315058","Mog",61.7662686838184,1.14957740408353,"upregulated",0.196995296615148,0.000126737958754152,0.0045975555221675,0.00288405926922852,0.0977047548087309,2.91992179980127,0.018865349975457,1.72433513369119,0.974395438922396,1,TRUE,TRUE,FALSE,FALSE,FALSE,TRUE,TRUE,"intermediate",1.77030728932602,0.461894080740891,3.83271265673376,TRUE,TRUE,3.89709329191606,1,0.974395438922396,FALSE,TRUE,73.6373710775966,94.3698038536523,91.6205885825963,80.5468394941038,136.601886213911,30.2590471715536,5.28626999481668,22.1757071933056,44.1040710941183,39.06110216253,0.198732663295645,0.269563697117562,0.228184749226474,9,FALSE,2.33747301732091,2.53999581883666
"RT4_ZT10_leading_edge_dataset","55030","Paox",56.3205101696696,1.01922594486766,"upregulated",0.452820287574647,0.000908862744251225,0.0196249207213112,0.00990505015631959,0.20268100809423,2.04267486997376,0.018865349975457,1.72433513369119,0.936426090172337,1,TRUE,TRUE,FALSE,FALSE,FALSE,TRUE,TRUE,"intermediate",1.66680852821155,0.502456739441712,3.3173174870011,TRUE,TRUE,3.04150169864289,1,0.936426090172337,FALSE,TRUE,152.434048409037,81.0916404973595,69.8061627295972,87.8220379000228,36.5897909501547,8.82555542503645,41.2329059595701,14.348987007433,36.4999209054772,34.5540519130073,0.26501863601586,0.288635490463466,0.273991078395758,9,FALSE,1.70719208899629,2.00414332097776
"RT4_ZT10_leading_edge_dataset","101579","-",75.8186445709368,-1.21170776516241,"downregulated",0.194478077378341,8.34878434327715e-05,0.00340457667736536,0.002222952289203,0.084977706756614,3.21474534891719,0.018865349975457,1.72433513369119,1,1,TRUE,TRUE,FALSE,FALSE,FALSE,TRUE,TRUE,"intermediate",-2.45959218456305,0.625188507883153,-3.93416090275087,TRUE,TRUE,4.07837675702443,1,1,FALSE,TRUE,5.15930625384434,28.453207192056,21.8144258529991,21.8255952177572,40.2487700451701,283.678567233315,84.5803199170669,126.531976338273,13.687470339554,132.206807319332,0.595318701916907,0.233006450772739,0.446880298057625,9,FALSE,2.4679368802603,2.65306985837983
"RT4_ZT10_leading_edge_dataset","501209","LOC100909963",394.795512949606,0.735556073511153,"upregulated",0.196995296615148,0.000100202716279398,0.00387254027032734,0.0024908552162517,0.0905038268228615,1.9151316855935,0.018865349975457,1.72433513369119,0.251384040042189,1,TRUE,FALSE,FALSE,FALSE,FALSE,FALSE,TRUE,"intermediate",0.816443653711362,0.209877265295057,3.89010049546605,FALSE,FALSE,3.99912050552302,1,0.251384040042189,TRUE,FALSE,549.231602113793,464.735717470247,612.258218940842,471.84858232675,419.56293622844,276.113805440426,216.737069787484,335.244514628208,352.832568752947,249.390113806922,0.0281965169667953,0.103180334552593,0.049770306845552,9,FALSE,2.41200405734151,2.60365151558287
"RT4_ZT10_leading_edge_dataset","257786","Mri1",51.8964739950536,1.26978800329578,"upregulated",0.0939303253638492,1.15782487233348e-05,0.000707126205628619,0.000650777144436621,0.0371384162198389,4.04626544739675,0.018865349975457,1.72433513369119,0.991926865339495,1,TRUE,TRUE,FALSE,FALSE,FALSE,TRUE,TRUE,"intermediate",1.82208373647133,0.415490326007523,4.38538185468688,TRUE,TRUE,4.93635712517761,1,0.991926865339495,FALSE,TRUE,65.1948699349422,72.5556783397427,81.4405231845301,62.8785005083004,121.965969833849,23.9550790108132,9.51528599067003,19.5668004646814,24.3332806036515,37.5587520793558,0.0960061255360427,0.307075678160943,0.17317713230722,7,FALSE,3.15050306779205,3.18656770806978
"RT4_ZT10_leading_edge_dataset","455172","-",42.4327764904568,-1.19282400099407,"downregulated",0.196995296615148,9.88243421995618e-05,0.00384439694359217,0.00246942993432997,0.0900813298614514,3.11017322656176,0.018865349975457,1.72433513369119,0.989482636361597,1,TRUE,TRUE,FALSE,FALSE,FALSE,TRUE,TRUE,"intermediate",-1.96539784267443,0.504794615197298,-3.89346039657387,TRUE,TRUE,4.00513606775202,1,0.989482636361597,FALSE,TRUE,12.6637517139816,12.3297231165576,21.8144258529991,22.3452522467514,18.2948954750773,118.514601421918,86.6948279149936,75.6582951301015,34.979090867749,21.0329011644392,0.228224096151049,0.359432424316857,0.273253005361795,10,FALSE,2.41517177669768,2.60740329165896
"RT4_ZT10_leading_edge_dataset","270331","LOC100360846",83.9107716495892,2.45146168597971,"upregulated",8.04986829167018e-06,4.87824194103813e-18,9.61501486578615e-15,1.69717573328398e-11,3.19447875241575e-08,26.4029120643149,0.018865349975457,1.72433513369119,1,1.58573638692415e-06,TRUE,TRUE,TRUE,FALSE,FALSE,TRUE,TRUE,"strong_effect",3.3839841096177,0.390932587359491,8.6561832373055,TRUE,TRUE,12,1.58573638692415e-06,1,FALSE,TRUE,112.0976540608,174.513004111277,165.789636482793,125.757001016601,187.827593544127,27.7374599072574,9.51528599067003,11.7400802788088,7.60415018864109,16.5258509149165,0.0713343405032871,0.217510434536454,0.135805893879372,8,FALSE,12,10.7702731865308
"RT4_ZT10_leading_edge_dataset","357893","Snhg11",313.382147084763,0.769195213345036,"upregulated",0.384718229163518,0.000270759810076419,0.00797037411992505,0.00463465714638356,0.127088250760016,1.79528808066612,0.018865349975457,1.72433513369119,0.375965681587613,1,TRUE,FALSE,FALSE,FALSE,FALSE,FALSE,TRUE,"intermediate",0.881597458810502,0.242078749675619,3.64177962746348,FALSE,FALSE,3.56741579920911,1,0.375965681587613,TRUE,FALSE,436.195892370476,372.737014215933,298.130486657655,505.626289211374,417.123616831763,259.723488222501,210.393545793704,163.056670539012,296.561857357003,174.272609648211,0.0465859128788939,0.111197121644641,0.0663723957907658,9,FALSE,2.09852129285662,2.33398238772036
"RT4_ZT10_leading_edge_dataset","55796","Coro1b",125.908319414739,1.02702760704216,"upregulated",0.0734640143384264,2.39559012875189e-06,0.000205291658424781,0.000245218151296411,0.019110855103504,3.70802913924194,0.018865349975457,1.72433513369119,0.81758771320231,1,TRUE,TRUE,FALSE,FALSE,FALSE,TRUE,TRUE,"intermediate",1.1906943961883,0.252435815127286,4.71682037506412,TRUE,TRUE,5.62058748513425,1,0.81758771320231,FALSE,TRUE,174.009329106932,181.152085789423,183.241177165193,123.678372900624,213.440447209236,79.4299988253281,60.2634779409102,73.0493884014773,86.6873121505084,84.1316046577569,0.0246374714548874,0.169081725727728,0.0655517325294729,6,FALSE,3.6876286968724,3.61044738604551
"RT4_ZT10_leading_edge_dataset","80298","H3f3b",237.571589472145,-0.929121238185409,"downregulated",0.0939303253638492,1.18677932051479e-05,0.00071606389002081,0.000660826909853141,0.0374830707642567,2.95452403511093,0.018865349975457,1.72433513369119,0.665071812201048,1,TRUE,FALSE,FALSE,FALSE,FALSE,FALSE,TRUE,"intermediate",-1.06701980061989,0.243611686015618,-4.38000252808677,TRUE,FALSE,4.92563002981775,1,0.665071812201048,TRUE,FALSE,157.593354662882,143.688696319883,189.058357392659,134.071513480508,143.919844403942,322.763169829905,192.420227811327,330.02670117096,410.624110186619,351.54991946277,0.0414716063089242,0.123602557729086,0.0665664357891223,9,FALSE,3.14504822651114,3.17991228021132
"RT4_ZT10_leading_edge_dataset","545475","Prickle4",376.636377793321,0.923594972787378,"upregulated",0.144837727058969,1.20845724462004e-05,0.000721778554286696,0.00066829058494644,0.0377363410078939,2.932446047897,0.018865349975457,1.72433513369119,0.653335149427162,1,TRUE,FALSE,FALSE,FALSE,FALSE,FALSE,TRUE,"intermediate",1.05849735268126,0.24188384275701,4.37605646006127,TRUE,FALSE,4.91776871038174,1,0.653335149427162,TRUE,FALSE,571.275910652946,533.023414731182,559.903596893644,445.346073848045,434.198852608502,252.158726429613,150.130067852794,343.071234814081,206.832885131038,270.423014971362,0.0477022022670013,0.104668159333864,0.0667506016638905,9,FALSE,3.14159602598019,3.17503465728811
"RT4_ZT10_leading_edge_dataset","328649","-",77.418151034952,-0.956379417052728,"downregulated",0.435699515981677,0.000525335973636829,0.0132183472855939,0.00702019867338888,0.165536793958204,2.05970710254496,0.018865349975457,1.72433513369119,0.822645445736058,1,TRUE,FALSE,FALSE,FALSE,FALSE,FALSE,TRUE,"intermediate",-1.28807039012345,0.371470141224595,-3.46749374223505,TRUE,FALSE,3.2795628588256,1,0.822645445736058,TRUE,FALSE,24.8584755867046,44.5766912675543,65.4432775589974,44.6905044935027,47.5667282352011,151.295235857768,125.813225876637,110.878535966528,107.978932678703,51.0799028279239,0.110441580973557,0.229686602099524,0.150727573374634,9,FALSE,1.87882284209823,2.15365059705316
"RT4_ZT10_leading_edge_dataset","431192","Tut4",50.0864254671424,-0.96214708390145,"downregulated",0.562317574488507,0.00165386008790591,0.0310453165072624,0.0144404587099112,0.252006969266744,1.77075378451364,0.018865349975457,1.72433513369119,0.904784386442025,1,TRUE,FALSE,FALSE,FALSE,FALSE,FALSE,TRUE,"intermediate",-1.56120729702165,0.496214165240148,-3.14623685977624,TRUE,FALSE,2.78150123336904,1,0.904784386442025,TRUE,FALSE,9.38055682517153,25.6078864728504,27.6316060804656,36.3759920295953,28.0521730617852,59.257300710959,66.6070019346902,33.9157874721144,57.7915414336723,156.24440865012,0.247251755878764,0.315559341544792,0.270945946327906,10,FALSE,1.50800390815954,1.84041901092018
"RT4_ZT10_leading_edge_dataset","340585","Olfm1",120.464914615922,1.36861488147098,"upregulated",0.0935533667385808,5.83709295400493e-06,0.000413173799778622,0.000425613894237564,0.0281442026760334,4.61357914524432,0.018865349975457,1.72433513369119,1,1,TRUE,TRUE,FALSE,FALSE,FALSE,TRUE,TRUE,"intermediate",2.16223390937322,0.477082018622183,4.53220583667725,TRUE,TRUE,5.23380339062166,1,1,FALSE,TRUE,268.752953041164,73.5041185794779,274.861765747789,235.404634134381,131.723247420557,45.3885707573303,31.7176199689001,27.393520650554,18.2499604527386,97.652755406325,0.312854682826054,0.173453993251719,0.256199216170385,8,FALSE,3.38386722580763,3.37098420286477
"RT4_ZT10_leading_edge_dataset","167600","Cox7a2l2",213.641891036739,1.67122209627497,"upregulated",0.00392585051891122,2.56764600446997e-10,8.93087695554759e-08,8.83949656360628e-07,0.000277299745696275,10.1168640710649,0.018865349975457,1.72433513369119,1,0.180902945496715,TRUE,TRUE,TRUE,FALSE,FALSE,TRUE,TRUE,"strong_effect",2.16348077188127,0.342168022150542,6.32286079302119,TRUE,TRUE,9.59046485167118,0.180902945496715,1,FALSE,TRUE,385.071857673292,354.716649660964,446.468582458049,275.418225366935,284.180709712868,73.1260306645877,43.3474139574968,97.834002323407,39.5415809809337,136.713857568855,0.131789585749087,0.129346464845042,0.130932759688411,6,FALSE,7.04910589405034,6.05357246868305
"RT4_ZT10_leading_edge_dataset","202710","Fam155a",87.7669237056153,-1.02742427405411,"downregulated",0.452820287574647,0.000908244042426807,0.0196249207213112,0.00990080983887109,0.20263306854002,2.05929655622863,0.018865349975457,1.72433513369119,0.951764420636097,1,TRUE,TRUE,FALSE,FALSE,FALSE,TRUE,TRUE,"intermediate",-1.77330970616193,0.534530693967845,-3.31750772439011,TRUE,TRUE,3.04179744218493,1,0.951764420636097,FALSE,TRUE,21.5752806978945,34.6180687503347,15.9972456255327,57.162273189364,69.5206028052939,187.858251190062,212.508053791631,117.400802788088,22.8124505659233,138.216207652029,0.407258872714899,0.211131374948072,0.328064080325998,8,FALSE,1.70719208899629,2.00432928073896
"RT4_ZT10_leading_edge_dataset","325745","Gpd2",61.2883927828304,-1.27355340456863,"downregulated",0.16552885132673,2.21428670933317e-05,0.00120119975342083,0.00097331833147507,0.049444575994665,3.83561822203632,0.018865349975457,1.72433513369119,0.994757635798462,1,TRUE,TRUE,FALSE,FALSE,FALSE,TRUE,TRUE,"intermediate",-1.95992513285583,0.462016636967706,-4.24210943077539,TRUE,TRUE,4.65476614668237,1,0.994757635798462,FALSE,TRUE,14.5398630790159,14.7008237158956,20.3601307961325,47.808446667468,28.0521730617852,124.818569582658,149.07281385383,101.747362416343,50.1873912450312,61.5963534101435,0.212295989159457,0.271101627336293,0.233650423827245,9,FALSE,2.92038476562389,3.01174509704639
"RT4_ZT10_leading_edge_dataset","178442","Dock5",84.2497610795134,-1.71730336656486,"downregulated",0.0107306592095706,1.35889977237302e-08,3.21406974161667e-06,1.01068534037463e-05,0.0021929871833369,8.57858981807904,0.018865349975457,1.72433513369119,1,0.11527892744643,TRUE,TRUE,TRUE,FALSE,FALSE,TRUE,TRUE,"strong_effect",-2.74951299635946,0.484198018603053,-5.67848873956984,TRUE,TRUE,7.86681257410675,0.11527892744643,1,FALSE,TRUE,15.9469466027916,23.2367858735124,4.36288517059983,31.6990787686473,32.9308118551392,218.117298361615,216.737069787484,56.09149466542,123.187233055986,120.188006653938,0.290302631319558,0.216926248915276,0.258774438269124,9,FALSE,5.49294470377969,4.99538403353794
"RT4_ZT10_leading_edge_dataset","486552","Lsm7",39.8993365521052,1.23150017949286,"upregulated",0.194478077378341,6.05864557520693e-05,0.00277711405319369,0.00182040044352472,0.0755687385894275,3.37410491422638,0.018865349975457,1.72433513369119,0.994031774025955,1,TRUE,TRUE,FALSE,FALSE,FALSE,TRUE,TRUE,"intermediate",2.04763370381977,0.510566277223893,4.0105149814308,TRUE,TRUE,4.21762445255942,1,0.994031774025955,FALSE,TRUE,43.6195892370476,69.7103576205371,56.7175072177977,46.7691326094796,103.671074358772,12.6079363214806,4.22901599585335,11.7400802788088,28.8957707168361,21.0329011644392,0.190818881248465,0.377662756751249,0.2638568632453,9,FALSE,2.55640628385957,2.73983306735356
"RT4_ZT10_leading_edge_dataset","77571","Aarsd1",210.182535264948,1.77745994716319,"upregulated",0.00014684067502613,5.35279341384406e-12,3.95638343200749e-09,8.25916461888454e-08,4.47503647716077e-05,12.5898623456138,0.018865349975457,1.72433513369119,1,0.0609167274271885,TRUE,TRUE,TRUE,FALSE,FALSE,TRUE,TRUE,"strong_effect",2.25571942314296,0.327110618163485,6.89589178060732,TRUE,TRUE,11.2714195174906,0.0609167274271885,1,FALSE,TRUE,442.762282148096,397.396460449048,302.493371828255,299.322448700669,293.937987299576,40.3453962287381,56.0344619450568,52.1781345724838,83.645652075052,133.709157402507,0.110534385219456,0.130285027540213,0.118228315615185,9,FALSE,8.40270162548347,7.08306387758955
"RT4_ZT10_leading_edge_dataset","139214","-",257.325354516043,-1.61161248607877,"downregulated",0.00392585051891122,2.83419957104525e-09,7.98029622075741e-07,3.85759000587349e-06,0.000977804230389413,8.72476062069192,0.018865349975457,1.72433513369119,1,0.320166791508111,TRUE,TRUE,FALSE,FALSE,FALSE,TRUE,TRUE,"intermediate",-2.13669251020826,0.359656595850347,-5.94092402269564,TRUE,TRUE,8.54756957203066,0.320166791508111,1,FALSE,TRUE,53.4691739034778,87.2565020556383,74.169047900197,137.709112683468,124.405289230526,525.750944605743,534.970523475448,164.361123903324,354.353398790675,516.808428611935,0.167808860322424,0.119665934051741,0.149508810008774,10,FALSE,6.09798098776547,5.41368393212206
"RT4_ZT10_leading_edge_dataset","369631","Ccdc126",89.2384959979643,-0.922740178874698,"downregulated",0.529244503507695,0.00113788174975584,0.0233621346746745,0.0114092822941185,0.22062473102668,1.79264579996459,0.018865349975457,1.72433513369119,0.805402426448544,1,TRUE,FALSE,FALSE,FALSE,FALSE,FALSE,TRUE,"intermediate",-1.27919240716276,0.393112593314285,-3.25401024774618,TRUE,FALSE,2.94390286807882,1,0.805402426448544,TRUE,FALSE,49.7169511734091,50.2673327059655,26.1773110235989,55.0836450733871,79.2778803920018,170.207140339989,183.962195819621,114.791896059464,53.2290513204876,109.671556071719,0.15193483665241,0.208842354969951,0.172623684162911,10,FALSE,1.63148747683894,1.94274167420645
"RT4_ZT10_leading_edge_dataset","445796","Rpl36al",388.840076243984,-0.89152834602701,"downregulated",0.0463146983100734,1.37363960405991e-06,0.000124958938135481,0.000173855892333652,0.0146995033073184,3.35197771275334,0.018865349975457,1.72433513369119,0.532135721674798,1,TRUE,FALSE,FALSE,FALSE,FALSE,FALSE,TRUE,"intermediate",-0.983990612609344,0.203775739575856,-4.82879176224534,FALSE,FALSE,5.86212719631487,1,0.532135721674798,TRUE,FALSE,295.956567834162,211.027953341082,292.313306430188,247.356745801248,259.787515746098,521.968563709299,445.103933563565,410.90280975831,667.644386562688,536.3389796932,0.0238688468126863,0.103652964770624,0.0470295533663075,9,FALSE,3.90323267395862,3.75981058559835
"RT4_ZT10_leading_edge_dataset","504780","-",229.256318030379,-1.05305672189576,"downregulated",0.0935533667385808,7.16511728584712e-06,0.000492643471060628,0.00048326677611743,0.0307053033600689,3.49173923237679,0.018865349975457,1.72433513369119,0.861483766056614,1,TRUE,TRUE,FALSE,FALSE,FALSE,TRUE,TRUE,"intermediate",-1.26004700603578,0.280713873907609,-4.48872365478627,TRUE,TRUE,5.14477669623952,1,0.861483766056614,FALSE,TRUE,192.301414916016,103.854206251004,97.4377688100628,125.757001016601,154.896781688988,399.671581390937,376.382423630948,200.885818104062,360.436718941588,280.939465553581,0.0717841749664348,0.1254625524596,0.0895887444780048,10,FALSE,3.30746726848398,3.31581306094397
"RT4_ZT10_leading_edge_dataset","186872","-",159.476502512364,-1.43420979045951,"downregulated",0.0212762316819543,3.94441986485176e-07,4.85903222101426e-05,8.04516009424994e-05,0.00915196443010897,5.87232223323498,0.018865349975457,1.72433513369119,1,1,TRUE,TRUE,FALSE,FALSE,FALSE,TRUE,TRUE,"intermediate",-1.9930349173526,0.392977913654499,-5.07162068936232,TRUE,TRUE,6.40401686267529,1,1,FALSE,TRUE,51.1240346971849,60.2259552231851,47.9917368765981,62.8785005083004,98.7924355654176,431.191422194638,303.431897702478,101.747362416343,139.916363470996,297.465316468498,0.193387820628542,0.148714690939198,0.176539991797646,10,FALSE,4.31345022105177,4.09446530925823
"RT4_ZT10_leading_edge_dataset","129054","Dnah10",170.526673443492,-1.0633875234328,"downregulated",0.194478077378341,2.83282164651588e-05,0.00148234286688924,0.0011343344488115,0.0551676079253557,3.13195154472819,0.018865349975457,1.72433513369119,0.888219829932308,1,TRUE,TRUE,FALSE,FALSE,FALSE,TRUE,TRUE,"intermediate",-1.33352610954438,0.318529650362956,-4.18650542586808,TRUE,TRUE,4.54778076765121,1,0.888219829932308,FALSE,TRUE,61.9116750461321,78.7205398980215,93.0748836394629,126.276658045595,125.624948928864,302.590471715536,266.428007738761,142.185416710018,177.937114414202,330.517018298331,0.0999862254516473,0.143764396024628,0.114948976221091,9,FALSE,2.82905133213553,2.94525887854853
"RT4_ZT10_leading_edge_dataset","77020","Smarce1",36.9234760332191,1.1606167471352,"upregulated",0.384718229163518,0.000204655118913493,0.0062700814411165,0.00389039803526914,0.112655881708751,2.79709328108359,0.018865349975457,1.72433513369119,0.993958575084778,1,TRUE,TRUE,FALSE,FALSE,FALSE,TRUE,TRUE,"intermediate",2.22698690672664,0.599748727251841,3.71319988777818,TRUE,TRUE,3.68897738814023,1,0.993958575084778,FALSE,TRUE,61.4426472048736,105.276866610607,81.4405231845301,38.9742771745663,17.0752357767388,3.78238089644419,12.68704798756,27.393520650554,10.6458102640975,10.5164505822196,0.357471124696538,0.40227183897937,0.374464147424594,9,FALSE,2.2027268181489,2.41000596276745
"RT4_ZT10_leading_edge_dataset","466750","RGD1566401",56.5903048159312,1.29698501691117,"upregulated",0.16552885132673,1.94995634364064e-05,0.00107757867849973,0.000899414183587188,0.0467505868461994,3.95066858847081,0.018865349975457,1.72433513369119,0.997412194214678,1,TRUE,TRUE,FALSE,FALSE,FALSE,TRUE,TRUE,"intermediate",2.04449683291462,0.478743744431774,4.27054526914238,TRUE,TRUE,4.70997511167759,1,0.997412194214678,FALSE,TRUE,123.823350092264,75.8752191788159,74.169047900197,141.346711886427,40.2487700451701,13.8687299536287,37.0038899637168,14.348987007433,12.1666403018257,33.0517018298331,0.211443703656895,0.287604212319989,0.240970666827349,9,FALSE,2.96755101036369,3.04604026797435
"RT4_ZT10_leading_edge_dataset","420641","LOC102556004",43.5531159833293,1.08478816248477,"upregulated",0.384718229163518,0.000338894156946432,0.00954229119059168,0.00533378225923919,0.139316855740073,2.46568521925591,0.018865349975457,1.72433513369119,0.953488788801289,1,TRUE,TRUE,FALSE,FALSE,FALSE,TRUE,TRUE,"intermediate",1.69123214641106,0.471936967800778,3.58359751788927,TRUE,TRUE,3.46993591899915,1,0.953488788801289,FALSE,TRUE,94.2745960929739,77.7720996582863,61.0803923883976,76.38958326215,21.9538745700928,22.6942853786652,9.51528599067003,23.4801605576177,24.3332806036515,24.0376013307877,0.164173961393434,0.352046921579569,0.229378502630675,9,FALSE,2.02034733473396,2.27296471746899
"RT4_ZT10_leading_edge_dataset","281697","LOC103691697",41.6866960235913,2.63984323946906,"upregulated",7.34646984889642e-05,8.59963761190031e-14,7.26423674273808e-11,6.60870203006425e-09,5.33104779447001e-06,21.5936110254855,0.018865349975457,1.72433513369119,1,1.40808883516364e-06,TRUE,TRUE,TRUE,FALSE,FALSE,TRUE,TRUE,"strong_effect",5.7481954994122,0.770452598705547,7.46080357061532,TRUE,TRUE,12,1.40808883516364e-06,1,FALSE,TRUE,126.637517139816,90.5760428947115,85.8034083551299,66.5160997112599,40.2487700451701,0,3.17176199689001,3.91336009293628,0,0,0.17468302956627,0.364570941867274,0.279070981700361,9,FALSE,10.1388100105237,8.17988382894605
"RT4_ZT10_leading_edge_dataset","8242","Clptm1",406.107918508712,0.762983094107595,"upregulated",0.196995296615148,0.000119166976933586,0.00443166248181316,0.00277529897397466,0.0958122642152283,1.95071141845543,0.018865349975457,1.72433513369119,0.325471186009862,1,TRUE,FALSE,FALSE,FALSE,FALSE,FALSE,TRUE,"intermediate",0.857479973580228,0.222847471260865,3.84783353712129,FALSE,FALSE,3.92384407783821,1,0.325471186009862,TRUE,FALSE,711.98426303052,545.827357967607,520.637630358246,362.20094920897,475.667282352011,249.637139165317,314.004437692111,283.066380055724,257.020276376069,341.03346888055,0.0374414168710364,0.102320742482574,0.0565679437828329,9,FALSE,2.35343332315956,2.55669022488242
"RT4_ZT10_leading_edge_dataset","398780","Nop2",48.3560733976953,1.05689075789449,"upregulated",0.384718229163518,0.000325415193910069,0.00925086558456846,0.00519994064912832,0.137066463623928,2.4139401960808,0.018865349975457,1.72433513369119,0.929001775769855,1,TRUE,TRUE,FALSE,FALSE,FALSE,TRUE,TRUE,"intermediate",1.55032288243553,0.431342618442812,3.59417969880265,TRUE,TRUE,3.48756217334983,1,0.929001775769855,FALSE,TRUE,85.363067109061,73.9783386993455,40.720261592265,48.8477607254565,110.989032548802,32.7806344358497,14.8015559854867,15.6534403717451,27.3749406791079,33.0517018298331,0.121651590886272,0.324263253910564,0.190887970800365,9,FALSE,2.03381762931349,2.28400161326966
"RT4_ZT10_leading_edge_dataset","125488","-",31.5620407763985,-1.09390426465997,"downregulated",0.435699515981677,0.000468301348101698,0.0120919907044775,0.00653202529921315,0.158205410936079,2.39012846606344,0.018865349975457,1.72433513369119,0.983324987200075,1,TRUE,TRUE,FALSE,FALSE,FALSE,TRUE,TRUE,"intermediate",-2.04928433568371,0.585800749915762,-3.49826171437711,TRUE,TRUE,3.32947459201018,1,0.983324987200075,FALSE,TRUE,7.50444546013723,9.01018227748439,5.81718022746643,25.9828514497109,12.1965969833849,30.2590471715536,35.9466359647534,35.2202408364265,36.4999209054772,117.18330648759,0.318876081739278,0.458320405467571,0.366794066558681,9,FALSE,1.91750219535096,2.18495214186443
"RT4_ZT10_leading_edge_dataset","571388","Il1rapl1",202.32677569333,0.899189514165811,"upregulated",0.196995296615148,0.000105082065616622,0.0040087113160715,0.0025658309948724,0.0919563858694382,2.32959497369103,0.018865349975457,1.72433513369119,0.657354097134188,1,TRUE,FALSE,FALSE,FALSE,FALSE,FALSE,TRUE,"intermediate",1.06987725192372,0.275844832939514,3.87854737216818,TRUE,FALSE,3.97847139879914,1,0.657354097134188,TRUE,FALSE,183.389885932104,321.047021150365,363.573764216652,285.81136594682,218.31908600259,155.077616754212,152.24457585072,148.707683531579,106.458102640975,88.6386549072796,0.0616531640691084,0.132535580804238,0.0848169196192874,9,FALSE,2.39699521797033,2.5907719529539
"RT4_ZT10_leading_edge_dataset","3192","LOC120098984",236.20659821742,-1.81845830922422,"downregulated",8.72988301957914e-06,7.11272296851703e-15,1.05143827282103e-11,1.44256073753013e-09,2.03642566356066e-06,16.0767460425292,0.018865349975457,1.72433513369119,1,0.0158074516536962,TRUE,TRUE,TRUE,FALSE,FALSE,TRUE,TRUE,"strong_effect",-2.17216319527273,0.279110071038268,-7.78246083056929,TRUE,TRUE,12,0.0158074516536962,1,FALSE,TRUE,98.9648745055597,69.7103576205371,45.0831467628649,108.088662030797,104.89073405711,463.972056630488,419.729837588445,272.630753141228,434.95739079027,344.038169046899,0.0664375130495112,0.123898900570057,0.0871615244984667,9,FALSE,10.9782162185175,8.84086589226661
"RT4_ZT10_leading_edge_dataset","416772","Cdc42",60.6236616733721,-0.900364657859815,"downregulated",0.529244503507695,0.00101307058424101,0.0214705604466562,0.010604890397486,0.211279578075127,1.77776444872675,0.018865349975457,1.72433513369119,0.758444490004852,1,TRUE,FALSE,FALSE,FALSE,FALSE,FALSE,TRUE,"intermediate",-1.20255921004635,0.365867426969277,-3.28687147693892,TRUE,FALSE,2.99436029473996,1,0.758444490004852,TRUE,FALSE,37.9912551419447,34.1438486304672,39.2659665353984,34.2973639136184,37.8094506484932,55.4749198145148,47.5764299533501,97.834002323407,82.1248220373238,139.718557735203,0.0822767381258448,0.273281226872975,0.141994808339436,9,FALSE,1.66815661901445,1.97449381559749
"RT4_ZT10_leading_edge_dataset","110578","Ncam2",46.3396345584889,-1.1589757621546,"downregulated",0.20113689984951,0.000188254210060087,0.00595265852452029,0.00369249738142274,0.11006099251566,2.81941692992,0.018865349975457,1.72433513369119,0.989482636361597,1,TRUE,TRUE,FALSE,FALSE,FALSE,TRUE,TRUE,"intermediate",-2.0551699961794,0.550352654741862,-3.7342783367573,TRUE,TRUE,3.72525530258851,1,0.989482636361597,FALSE,TRUE,7.50444546013723,8.06174203774919,15.9972456255327,38.9742771745663,19.5145551734158,98.341903307549,103.610891898407,74.3538417657894,72.9998418109545,24.0376013307877,0.331161991113514,0.335226332333347,0.332659563370455,8,FALSE,2.22528903012591,2.43267980400086
"RT4_ZT10_leading_edge_dataset","400766","LOC500371",122.88308529908,1.2766435457638,"upregulated",0.0107306592095706,6.10839892776679e-08,1.09451402605712e-05,2.54823545973171e-05,0.00421783490698242,5.86459462314894,0.018865349975457,1.72433513369119,0.988031821849691,1,TRUE,TRUE,FALSE,FALSE,FALSE,TRUE,TRUE,"intermediate",1.53179722774499,0.282849105512846,5.41559862799501,TRUE,TRUE,7.21407260775342,1,0.988031821849691,FALSE,TRUE,166.035855805536,221.460795978169,162.88104636906,151.220195437317,211.001127812559,86.9947606182165,39.1183979616434,69.136028308541,65.3956916223134,55.5869530774466,0.0404477670043825,0.17146384528543,0.0833652450127853,7,FALSE,4.9607786686322,4.59376044519947
"RT4_ZT10_leading_edge_dataset","198969","Rwdd4",114.779820465215,-0.974687413753786,"downregulated",0.562317574488507,0.0015697124205918,0.0297490690479466,0.0139726936036964,0.24743582191637,1.80777210762274,0.018865349975457,1.72433513369119,0.919845062643619,1,TRUE,FALSE,FALSE,FALSE,FALSE,FALSE,TRUE,"intermediate",-1.62480749270035,0.513939376789067,-3.16147694860752,TRUE,FALSE,2.80417990529141,1,0.919845062643619,TRUE,FALSE,21.106252856636,49.7931125860979,53.8089171040645,138.228769712462,17.0752357767388,108.428252364734,230.481371774007,233.497152211865,199.228734942397,96.1504053231508,0.393069803698499,0.178463127170921,0.306173180666179,8,FALSE,1.52652662031075,1.85471986414652
"RT4_ZT10_leading_edge_dataset","42000","Syt3",104.424375712927,1.20967192733646,"upregulated",0.194478077378341,8.08226745641465e-05,0.00334198933355104,0.0021784487290688,0.0840113657853615,3.21996843382554,0.018865349975457,1.72433513369119,0.992369698447287,1,TRUE,TRUE,FALSE,FALSE,FALSE,TRUE,TRUE,"intermediate",2.0301897031382,0.515022006233946,3.94194748683418,TRUE,TRUE,4.09246678208897,1,0.992369698447287,FALSE,TRUE,193.239470598534,171.667683392071,138.158030402328,150.180881379329,184.168614449112,8.82555542503645,17.9733179823767,18.2623471003693,83.645652075052,78.12220432506,0.376198029860433,0.188988862049417,0.299964339363665,10,FALSE,2.47599494055493,2.66185265695592
"RT4_ZT10_leading_edge_dataset","96228","Prkca",37.9622921711756,-1.09194124563652,"downregulated",0.384718229163518,0.000370537012406273,0.0100967067021119,0.00564047841293913,0.144322508038415,2.45543087194073,0.018865349975457,1.72433513369119,0.965608508863385,1,TRUE,TRUE,FALSE,FALSE,FALSE,TRUE,TRUE,"intermediate",-1.79118507397843,0.503110061115244,-3.56022511258852,TRUE,TRUE,3.43116840447018,1,0.965608508863385,FALSE,TRUE,12.194723872723,14.7008237158956,21.8144258529991,22.3452522467514,14.6359163800619,110.94983962903,63.4352399378002,57.3959480297321,45.6249011318465,16.5258509149165,0.205816965105257,0.393242940278618,0.269421344741414,9,FALSE,1.99582025931961,2.24868405855426
"RT4_ZT10_leading_edge_dataset","363773","Cacna2d1",102.791353222996,-0.8568351735416,"downregulated",0.435699515981677,0.000577098415429809,0.0143377434051952,0.0074465580285159,0.171630085866661,1.82338331148676,0.018865349975457,1.72433513369119,0.634527468530837,1,TRUE,FALSE,FALSE,FALSE,FALSE,FALSE,TRUE,"intermediate",-1.05927069012135,0.307734700331121,-3.44215549621665,TRUE,FALSE,3.23875011815544,1,0.634527468530837,TRUE,FALSE,53.9382017447363,75.8752191788159,36.3573764216652,68.0750707982425,98.7924355654176,184.075870293617,130.04224187249,134.358696524146,124.708063093714,121.690356737113,0.0571697563606294,0.190842328777524,0.102945680768408,9,FALSE,1.84351919621285,2.12804442183446
"RT4_ZT10_leading_edge_dataset","132758","-",17.2260063913102,-1.07062802725174,"downregulated",0.384718229163518,0.00033454054140626,0.00946477617863738,0.00529077139238354,0.138598150423387,2.43726436572916,0.018865349975457,1.72433513369119,0.999509600464596,1,TRUE,TRUE,FALSE,FALSE,FALSE,TRUE,TRUE,"intermediate",-2.7562405901109,0.768403203662661,-3.58697175776082,TRUE,TRUE,3.47555124458634,1,0.999509600464596,FALSE,TRUE,2.34513920629288,2.8453207192056,4.36288517059983,7.79485543491327,4.87863879335396,8.82555542503645,15.85880998445,16.9578937360572,18.2499604527386,90.1410049904539,0.513269694110274,0.779561023602134,0.598883641113782,11,FALSE,2.02388965169829,2.27648100338408
"RT4_ZT10_leading_edge_dataset","435218","-",12.6529064001357,-0.699334191604222,"downregulated",0.0463146983100734,1.19136510507292e-06,0.000110070966660878,0.000159212304509992,0.01383113171006,2.65608760415517,0.018865349975457,1.72433513369119,1,0.0158074516536962,TRUE,FALSE,FALSE,FALSE,FALSE,FALSE,TRUE,"intermediate",-7.55758486500472,1.55599724004305,-4.85706829711062,TRUE,FALSE,5.92395512447908,0.0158074516536962,1,TRUE,FALSE,0,0,0,0,0,3.78238089644419,12.68704798756,0,31.9374307922926,78.12220432506,3.91093631300017,1.03517635439059,1.88179286221543,6,FALSE,3.95832721946387,3.79802337143319
"RT4_ZT10_leading_edge_dataset","52375","Hs3st2",22.0577195872688,1.02293344476049,"upregulated",0.452820287574647,0.000886414719256033,0.0194124823517071,0.00975051581870012,0.200921947494668,2.05709093343632,0.018865349975457,1.72433513369119,0.990260521737136,1,TRUE,TRUE,FALSE,FALSE,FALSE,TRUE,TRUE,"intermediate",2.39302836658923,0.719859795527,3.32429784446751,TRUE,TRUE,3.0523630409295,1,0.990260521737136,FALSE,TRUE,18.7611136503431,45.5251315072895,36.3573764216652,12.9914257248554,71.9599222019709,12.6079363214806,4.22901599585335,9.13117355018466,0,9.01410049904539,0.438333637827665,0.624641186599704,0.517092350942111,9,FALSE,1.71191892608938,2.01097240878458
"RT4_ZT10_leading_edge_dataset","335747","Napb",346.677928785743,0.78057049278519,"upregulated",0.144837727058969,1.47456562340232e-05,0.000854814365801754,0.000756145443401079,0.0412832291703558,2.43646856839771,0.018865349975457,1.72433513369119,0.297630068687605,1,TRUE,FALSE,FALSE,FALSE,FALSE,FALSE,TRUE,"intermediate",0.856637361470403,0.197725673769743,4.33245387479614,FALSE,FALSE,4.83133589503668,1,0.297630068687605,TRUE,FALSE,512.178402654366,450.034893754352,369.390944444119,443.267445732068,457.372386876933,326.545550726349,210.393545793704,232.192698847553,220.520355470592,244.8830635574,0.0179712658665581,0.107463417773455,0.0433567820285823,7,FALSE,3.06812818779949,3.12139466059501
"RT4_ZT10_leading_edge_dataset","436918","Srm",189.269144163303,1.19158500075972,"upregulated",0.0107306592095706,1.16075946775124e-08,2.85982113867211e-06,9.17348700135712e-06,0.00202875425990098,6.00256839132995,0.018865349975457,1.72433513369119,0.959139298533517,1,TRUE,TRUE,FALSE,FALSE,FALSE,TRUE,TRUE,"intermediate",1.36117338117581,0.238576681369997,5.7053915468999,TRUE,TRUE,7.93525776531818,1,0.959139298533517,FALSE,TRUE,260.779479739769,278.367210362281,289.404716316455,243.719146598288,289.059348506222,92.0379351468087,94.0956059077369,73.0493884014773,144.478853584181,127.69975706981,0.0219454585812889,0.136689732292457,0.0606047213954646,10,FALSE,5.54366112803068,5.03746555008906
"RT4_ZT10_leading_edge_dataset","92285","Usp32",16.5772732309066,-0.85420638527414,"downregulated",0.452820287574647,0.000754318541132802,0.0172865506208853,0.00881012514463864,0.189660295849831,1.75540943129349,0.018865349975457,1.72433513369119,1,1,TRUE,FALSE,FALSE,FALSE,FALSE,FALSE,TRUE,"intermediate",-3.4209106994393,1.01539779663777,-3.36903498389181,TRUE,FALSE,3.12244521720425,1,1,TRUE,FALSE,0,3.3195408390732,0,5.7162273189364,4.87863879335396,21.4334917465171,7.40077799274335,3.91336009293628,34.979090867749,84.1316046577569,1.31091841325045,0.807238054434957,1.07784741764776,9,FALSE,1.76229165772472,2.05501792254823
"RT4_ZT10_leading_edge_dataset","446325","Rtn1",294.880909838302,0.819920583893739,"upregulated",0.384718229163518,0.000354172391823482,0.00987840260779362,0.00548313042366733,0.141780176977058,1.85381700989739,0.018865349975457,1.72433513369119,0.522106621670894,1,TRUE,FALSE,FALSE,FALSE,FALSE,FALSE,TRUE,"intermediate",0.971262223346357,0.271904683175255,3.57206875587478,FALSE,FALSE,3.4507852956192,1,0.522106621670894,TRUE,FALSE,362.55852129288,570.012584080854,331.579272965587,312.313874425525,374.435527389916,127.340156846955,165.988877837244,211.321445018559,287.436877130633,205.82196139487,0.0696986036881371,0.113636229260222,0.0844183985132617,10,FALSE,2.00531327754884,2.26097142371248
"RT4_ZT10_leading_edge_dataset","264620","Cert1",37.3888408451071,1.24072102670559,"upregulated",0.194478077378341,7.10608012153101e-05,0.00303545177706477,0.00201052216011544,0.0802061524726731,3.34584139460675,0.018865349975457,1.72433513369119,0.999505759469801,1,TRUE,TRUE,FALSE,FALSE,FALSE,TRUE,TRUE,"intermediate",2.34655137677951,0.590668301985946,3.97270577901325,TRUE,TRUE,4.14836990011961,1,0.999505759469801,FALSE,TRUE,45.9647284433405,60.7001753430527,61.0803923883976,52.485359928416,92.6941370737252,22.6942853786652,14.8015559854867,5.21781345724838,18.2499604527386,0,0.310933095112805,0.398165072008867,0.358544022539001,7,FALSE,2.5177766621885,2.69669113571063
"RT4_ZT10_leading_edge_dataset","234203","Cdc23",38.5343239638191,0.962150974516404,"upregulated",0.384718229163518,0.000288083186595695,0.00835017589382522,0.00481805588581086,0.130412529748682,2.2294271237856,0.018865349975457,1.72433513369119,1,1,TRUE,FALSE,FALSE,FALSE,FALSE,FALSE,TRUE,"intermediate",3.3473070494552,0.923194720686208,3.62578660216683,TRUE,FALSE,3.54048208771678,1,1,TRUE,FALSE,84.4250114265438,81.0916404973595,82.8948182413967,70.1536989142194,31.7111521568007,0,0,6.52226682156047,0,28.5446515803104,1.86307704977743,0.388478947496354,0.921631009302659,9,FALSE,2.07830437614357,2.31712816682034
"RT4_ZT10_leading_edge_dataset","494613","-",85.4486261905359,-0.908129535230955,"downregulated",0.529244503507695,0.00103415200638441,0.021684187282805,0.0107431995559095,0.212926487998122,1.78798568983595,0.018865349975457,1.72433513369119,0.773710448744821,1,TRUE,FALSE,FALSE,FALSE,FALSE,FALSE,TRUE,"intermediate",-1.22496872168126,0.373344630705266,-3.28106693102091,TRUE,FALSE,2.98541562112406,1,0.773710448744821,TRUE,FALSE,46.9027841258577,39.3602699490107,31.9944912510654,57.6819302183582,80.4975400903403,151.295235857768,139.55752786316,70.4404816728531,72.9998418109545,163.756159065991,0.119822109262577,0.214897409569935,0.153991690642299,9,FALSE,1.66385685044432,1.96886635713398
"RT4_ZT10_leading_edge_dataset","390527","Ppm1k",115.666802953729,0.954310664644478,"upregulated",0.384718229163518,0.000230456845896397,0.00695250678461936,0.00419019867605375,0.1186596901539,2.26912686464396,0.018865349975457,1.72433513369119,0.786565820736949,1,TRUE,FALSE,FALSE,FALSE,FALSE,FALSE,TRUE,"intermediate",1.21263901892375,0.32924828458163,3.68305341503794,TRUE,FALSE,3.63741038629898,1,0.786565820736949,TRUE,FALSE,242.018366089426,167.87392243313,127.977965004262,142.90568297341,125.624948928864,80.6907924574761,44.4046679564601,69.136028308541,106.458102640975,49.5775527447496,0.0873581539731546,0.177649188144462,0.118187553132647,9,FALSE,2.15785857865635,2.37776538470238
"RT4_ZT10_leading_edge_dataset","53898","Tgfb1i1",66.6264020451592,0.936647992099607,"upregulated",0.435699515981677,0.000500629098730187,0.012759568365481,0.0068112565847871,0.162446865860551,2.02950335427184,0.018865349975457,1.72433513369119,0.785906035752691,1,TRUE,FALSE,FALSE,FALSE,FALSE,FALSE,TRUE,"intermediate",1.22683241487379,0.352495550535738,3.4804195769541,TRUE,FALSE,3.30048391091902,1,0.785906035752691,TRUE,FALSE,108.81445917199,97.6893446927255,65.4432775589974,70.6733559432136,124.405289230526,64.3004752395513,34.8893819657901,36.5246942007386,34.979090867749,28.5446515803104,0.0658613239994251,0.255175659703066,0.128311065334517,8,FALSE,1.89416401681081,2.16677275923314
"RT4_ZT10_leading_edge_dataset","237320","Nars1",140.396610176686,0.999466096390127,"upregulated",0.384718229163518,0.00027429977009085,0.00802937891359997,0.00467247949978411,0.127780911796553,2.32920835833192,0.018865349975457,1.72433513369119,0.860181619233987,1,TRUE,FALSE,FALSE,FALSE,FALSE,FALSE,TRUE,"intermediate",1.33894335249985,0.36799979369895,3.63843506280659,TRUE,FALSE,3.56177455640684,1,0.860181619233987,TRUE,FALSE,261.717535422286,221.460795978169,167.24393153966,123.678372900624,230.515682985974,61.7788879752552,44.4046679564601,49.5692278438596,141.437193508724,102.159805655848,0.14820817212287,0.159096515716491,0.152268708606082,9,FALSE,2.09531804685435,2.33045259538523
"RT4_ZT10_leading_edge_dataset","528632","Cep63",295.69615991391,-1.1633918340396,"downregulated",0.16552885132673,1.87202812541235e-05,0.00104427380241162,0.000876917964001356,0.0459055435061783,3.55653657428196,0.018865349975457,1.72433513369119,0.957991114226568,1,TRUE,TRUE,FALSE,FALSE,FALSE,TRUE,TRUE,"intermediate",-1.54175127661023,0.360253258716994,-4.27963172935901,TRUE,TRUE,4.72768763069427,1,0.957991114226568,FALSE,TRUE,77.3895938076652,100.060445292063,133.795145231728,303.999361961617,140.260865308926,461.450469366192,513.825443496181,339.157874721144,299.603517432459,587.418882521124,0.175163141966325,0.113522322472411,0.151666735932716,8,FALSE,2.98118561695993,3.05704103314248
"RT4_ZT10_leading_edge_dataset","552163","Pnkd",114.210290704816,-1.27281574092017,"downregulated",0.0734640143384264,3.66298790718574e-06,0.000288789966602524,0.000318922895114371,0.0230525045314675,4.45016387895237,0.018865349975457,1.72433513369119,0.989482636361597,1,TRUE,TRUE,FALSE,FALSE,FALSE,TRUE,TRUE,"intermediate",-1.70701726635131,0.368714759032819,-4.62964181533988,TRUE,TRUE,5.43616451509226,1,0.989482636361597,FALSE,TRUE,50.1859790146677,42.6798107880839,36.3573764216652,59.7605583343351,79.2778803920018,253.419520061761,233.653133770897,75.6582951301015,133.833043320083,177.277309814559,0.137055567887129,0.178992420894653,0.151961469118254,9,FALSE,3.53941789948485,3.49631430212763
"RT4_ZT10_leading_edge_dataset","388158","Tmem178b",60.7438113134634,0.914569139714594,"upregulated",0.529244503507695,0.00135753703775213,0.0266681611436157,0.0127506043412147,0.235043137323088,1.73262309431637,0.018865349975457,1.72433513369119,0.800887271100947,1,TRUE,FALSE,FALSE,FALSE,FALSE,FALSE,TRUE,"intermediate",1.27725673696768,0.398702860512867,3.20353040689172,TRUE,FALSE,2.86724831269901,1,0.800887271100947,TRUE,FALSE,94.7436239342325,135.626954282133,62.5346874452642,84.7040957260575,51.2257073302165,20.172698114369,29.6031119709734,54.7870413011079,34.979090867749,39.06110216253,0.112403712664247,0.272883733976686,0.167627910213861,9,FALSE,1.57400692929375,1.89446923045868
"RT4_ZT10_leading_edge_dataset","395392","-",143.342224901821,-1.32762967531792,"downregulated",0.0734640143384264,1.54901886691676e-06,0.000136706694926549,0.000187261297688757,0.0155501134191807,4.94880861345956,0.018865349975457,1.72433513369119,0.995793390557429,1,TRUE,TRUE,FALSE,FALSE,FALSE,TRUE,TRUE,"intermediate",-1.79226558294513,0.373015207731559,-4.80480566421016,TRUE,TRUE,5.80994329253909,1,0.995793390557429,FALSE,TRUE,29.5487539992903,52.6384333053035,75.6233429570636,99.7741495668898,64.6419640119399,315.198408037016,264.313499740834,159.143310446075,120.145572980529,252.394813973271,0.158273250858465,0.157313331224338,0.157822132640334,5,FALSE,3.86421021624081,3.72755197135413
"RT4_ZT10_leading_edge_dataset","520688","-",243.675284758882,1.0031279511611,"upregulated",0.0939303253638492,9.25238548691966e-06,0.000601201707518197,0.000566270721224837,0.0340647840378103,3.25713227480945,0.018865349975457,1.72433513369119,0.796211657696534,1,TRUE,TRUE,FALSE,FALSE,FALSE,TRUE,TRUE,"intermediate",1.18076927823012,0.266302139458573,4.43394589555599,TRUE,TRUE,5.03374628128896,1,0.796211657696534,FALSE,TRUE,233.575864946771,332.428304027187,519.183335301379,340.895011020207,267.105473936129,161.381584914952,174.446909828951,164.361123903324,123.187233055986,120.188006653938,0.061455947488751,0.122318046343061,0.0795121109523454,9,FALSE,3.22097979461095,3.24697589279553
"RT4_ZT10_leading_edge_dataset","178810","Dmtn",232.661702962717,-0.991623500419005,"downregulated",0.0212762316819543,1.08397377935203e-07,1.78042693258572e-05,3.62794538666389e-05,0.00540314164119772,4.40314475927758,0.018865349975457,1.72433513369119,0.731937698770573,1,TRUE,FALSE,FALSE,FALSE,FALSE,FALSE,TRUE,"intermediate",-1.0972093281367,0.206550920449604,-5.31205247475237,TRUE,FALSE,6.96498122298255,1,0.731937698770573,TRUE,FALSE,134.610990441212,128.513652484119,158.51816119846,181.879960147976,137.821545912249,281.156979969018,345.722057661011,272.630753141228,304.166007545644,381.596921126255,0.0172314512552799,0.124684746808976,0.0464351001286447,6,FALSE,4.74947584475073,4.44033925922193
"RT4_ZT10_leading_edge_dataset","309684","LOC288777",1253.92103569361,0.760789551555137,"upregulated",0.194478077378341,6.43506854890123e-05,0.00283959405445171,0.00189004447469387,0.0773105287498645,2.07203162774467,0.018865349975457,1.72433513369119,0.296552384021221,1,TRUE,FALSE,FALSE,FALSE,FALSE,FALSE,TRUE,"intermediate",0.845844997098148,0.211659078209929,3.99626136639987,FALSE,FALSE,4.19144682245797,1,0.296552384021221,TRUE,FALSE,1624.71244211971,1711.46041260217,1849.86331233433,1341.75444886307,1528.23360201813,951.899192271789,614.264573397698,1009.64690397756,1186.24742942801,721.128039923631,0.038665631283035,0.0820373971246498,0.0528128834958894,9,FALSE,2.54674374182367,2.72352797630989
"RT4_ZT10_leading_edge_dataset","24658","Ankrd13d",100.965307915015,0.948219630989865,"upregulated",0.196995296615148,0.000111145245690448,0.00421283229338217,0.00265721062398816,0.093674045221579,2.44220984668212,0.018865349975457,1.72433513369119,0.755313497141062,1,TRUE,FALSE,FALSE,FALSE,FALSE,FALSE,TRUE,"intermediate",1.16341585394058,0.301022745945677,3.86487688923857,TRUE,FALSE,3.95410910979418,1,0.755313497141062,TRUE,FALSE,130.389739869884,147.482457278823,159.972456255327,97.695521450913,162.214739879019,66.8220625038474,33.8321279668268,69.136028308541,72.9998418109545,69.1081038260146,0.0480837392925393,0.192985880124063,0.095238851267856,8,FALSE,2.37542582914953,2.57557401984248
"RT4_ZT10_leading_edge_dataset","154205","Alb",29.6009090155143,1.29479419415133,"upregulated",0.0939303253638492,1.02104677550513e-05,0.000642281870591684,0.000601954399162219,0.0354023307582414,4.16980236282824,0.018865349975457,1.72433513369119,1,0.320166791508111,TRUE,TRUE,FALSE,FALSE,FALSE,TRUE,TRUE,"intermediate",3.49885185102574,0.79291080482704,4.41266764146183,TRUE,TRUE,4.99095436185193,0.320166791508111,1,FALSE,TRUE,107.876403489473,77.7720996582863,36.3573764216652,20.7862811597687,29.2718327601237,0,9.51528599067003,3.91336009293628,0,10.5164505822196,0.765559900275929,0.483893762866732,0.610847446008225,9,FALSE,3.19227433645252,3.22043640731747
"RT4_ZT10_leading_edge_dataset","17123","Rps17",173.373156241143,-0.923620385867135,"downregulated",0.16552885132673,2.03222113401752e-05,0.00111264107087459,0.0009227978243882,0.0476164024803455,2.80308944832064,0.018865349975457,1.72433513369119,0.665286629831322,1,TRUE,FALSE,FALSE,FALSE,FALSE,FALSE,TRUE,"intermediate",-1.06930960044958,0.250933831796091,-4.26132097372386,TRUE,FALSE,4.69202903651692,1,0.665286629831322,TRUE,FALSE,73.6373710775966,117.606589727165,146.883800743527,110.167290146774,113.428351945479,199.205393879394,187.133957816511,250.455045947922,278.311896904264,256.901864222794,0.0374408229964629,0.142591429852517,0.0691805925772418,9,FALSE,2.95364491300476,3.03489343805354
"RT4_ZT10_leading_edge_dataset","41106","-",33.0364318472411,-1.0113440785554,"downregulated",0.529244503507695,0.00119747184793796,0.0242488049207436,0.0117818676646062,0.224769656539532,1.95066615793003,0.018865349975457,1.72433513369119,0.97628865366455,1,TRUE,TRUE,FALSE,FALSE,FALSE,TRUE,TRUE,"intermediate",-2.09548709773678,0.646858770860689,-3.23948161814146,TRUE,TRUE,2.92173468787492,1,0.97628865366455,FALSE,TRUE,10.7876403489473,16.1234840754984,11.6343604549329,22.8649092757456,0,40.3453962287381,43.3474139574968,22.1757071933056,68.4373516977698,94.6480552399766,0.473471873035335,0.441093567037778,0.458329657069826,6,FALSE,1.61530966032423,1.92878585962193
"RT4_ZT10_leading_edge_dataset","187618","Rnf17",108.350413505225,-1.32042784116335,"downregulated",0.0734640143384264,2.86075084895214e-06,0.000238248165772592,0.000273676368935272,0.0207036801772747,4.7043710617103,0.018865349975457,1.72433513369119,0.995793390557429,1,TRUE,TRUE,FALSE,FALSE,FALSE,TRUE,TRUE,"intermediate",-1.82609161153227,0.390142799314602,-4.68057238206197,TRUE,TRUE,5.54351996450758,1,0.995793390557429,FALSE,TRUE,24.8584755867046,46.9477918668923,33.448786307932,62.8785005083004,70.7402625036324,214.334917465171,224.137847780227,84.7894686802861,112.541422791888,208.826661561218,0.162269396293804,0.184761464272364,0.170426454813393,9,FALSE,3.62297043422755,3.56276270088758
"RT4_ZT10_leading_edge_dataset","320258","Snx3",28.3271761553352,1.5178632795097,"upregulated",0.03335529597198,1.1876205835122e-06,0.000110070966660878,0.000158902871611799,0.0138153844366483,5.76616262700778,0.018865349975457,1.72433513369119,1,0.399325527870089,TRUE,TRUE,FALSE,FALSE,FALSE,TRUE,TRUE,"intermediate",2.6990972266553,0.55563368809762,4.85769182911942,TRUE,TRUE,5.92532228393866,0.399325527870089,1,FALSE,TRUE,32.3629210468418,63.5454960622583,40.720261592265,32.7383928266357,75.6189012969863,5.04317452859226,5.28626999481668,5.21781345724838,16.7291304150104,6.00940033269692,0.143672171442158,0.502400127771984,0.274701205882209,7,FALSE,3.95832721946387,3.79886825437292
"RT4_ZT10_leading_edge_dataset","307002","-",87.2123803806396,-1.06442984027048,"downregulated",0.384718229163518,0.00022427762022762,0.00680078753028676,0.00411958626643272,0.117269586259458,2.53882099980946,0.018865349975457,1.72433513369119,0.925107059968337,1,TRUE,TRUE,FALSE,FALSE,FALSE,TRUE,TRUE,"intermediate",-1.51201377952387,0.409762800580005,-3.68997326595697,TRUE,TRUE,3.64921406077533,1,0.925107059968337,FALSE,TRUE,40.8054221894962,35.5665089900699,21.8144258529991,64.437471595283,63.4223043136014,184.075870293617,185.019449818584,62.6137614869805,85.1664821127802,129.202107152984,0.173655185188491,0.212014002672381,0.187635971767905,9,FALSE,2.16744079313874,2.38514639834254
"RT4_ZT10_leading_edge_dataset","125167","Slc7a1",16.8492890247227,0.992174301377392,"upregulated",0.194478077378341,3.82665331676178e-05,0.00191754246288241,0.00136758669286552,0.0628458272826901,2.84163197964613,0.018865349975457,1.72433513369119,1,0.264465173435575,TRUE,FALSE,FALSE,FALSE,FALSE,FALSE,TRUE,"intermediate",4.86057100143892,1.18040799026119,4.11770425271641,TRUE,FALSE,4.41718088176227,0.264465173435575,1,TRUE,FALSE,48.3098676496334,36.5149492298051,4.36288517059983,9.87348355089014,63.4223043136014,0,0,0,0,6.00940033269692,1.52988842177685,0.795373524275762,1.07269902691468,5,FALSE,2.71725501006929,2.86404513370404
"RT4_ZT10_leading_edge_dataset","162520","Eml6",132.278170724543,-1.12714745232922,"downregulated",0.0935533667385808,5.86954154936652e-06,0.000413173799778622,0.000427078323595786,0.0282118376693373,3.79791485396368,0.018865349975457,1.72433513369119,0.929173597774742,1,TRUE,TRUE,FALSE,FALSE,FALSE,TRUE,TRUE,"intermediate",-1.39295802950109,0.30742601483009,-4.531034988275,TRUE,TRUE,5.23139581874485,1,0.929173597774742,FALSE,TRUE,49.7169511734091,60.2259552231851,62.5346874452642,121.080087755653,70.7402625036324,229.464441050948,234.710387769861,151.316590260203,161.207983999191,181.784360064082,0.0761835241826655,0.164422242135449,0.10453993630394,9,FALSE,3.38386722580763,3.36949247067488
"RT4_ZT10_leading_edge_dataset","317232","Ggt5",110.546575575924,-1.00559794888292,"downregulated",0.452820287574647,0.000832521695639202,0.0185762293823192,0.00937352575121841,0.196525070447517,2.03945020663434,0.018865349975457,1.72433513369119,0.915825249689408,1,TRUE,TRUE,FALSE,FALSE,FALSE,TRUE,TRUE,"intermediate",-1.5542264957522,0.465093662719412,-3.34174945894685,TRUE,TRUE,3.07960443989538,1,0.915825249689408,FALSE,TRUE,29.5487539992903,37.9376095894079,90.1662935257297,108.608319059792,14.6359163800619,175.250314868581,105.725399896334,176.101204182133,199.228734942397,168.263209315514,0.292606816636003,0.182527688278875,0.248524201873927,10,FALSE,1.73104243483308,2.02809702316903
"RT4_ZT10_leading_edge_dataset","133139","LOC102547127",38.4564608352728,-1.42208518397513,"downregulated",0.0734640143384264,3.56084522971107e-06,0.000284530781665967,0.000313387755261685,0.0227764545359343,4.98286984004839,0.018865349975457,1.72433513369119,1,0.375772833274064,TRUE,TRUE,FALSE,FALSE,FALSE,TRUE,TRUE,"intermediate",-3.00852689416812,0.649019568781937,-4.6354948893366,TRUE,TRUE,5.44844690229968,0.375772833274064,1,FALSE,TRUE,10.3186125076887,7.58752191788159,0,11.4324546378728,12.1965969833849,80.6907924574761,39.1183979616434,13.0445336431209,111.02059275416,99.1551054894992,0.503045988336344,0.389119074121717,0.449791697889336,9,FALSE,3.54587074303155,3.50391797636191
"RT4_ZT10_leading_edge_dataset","107343","Atp13a4",111.706815726837,-1.08231544029046,"downregulated",0.384718229163518,0.000265879030032834,0.00790021459590025,0.00458220686064492,0.126121496897411,2.53145497537001,0.018865349975457,1.72433513369119,0.94598842097362,1,TRUE,TRUE,FALSE,FALSE,FALSE,TRUE,TRUE,"intermediate",-1.62179558659369,0.444759053188881,-3.64645885219326,TRUE,TRUE,3.57531591426737,1,0.94598842097362,FALSE,TRUE,27.2036147929975,45.9993516271571,47.9917368765981,82.6254676100806,70.7402625036324,245.854758268873,238.939403765714,92.6161888661587,56.2707113959441,208.826661561218,0.253538211295298,0.18138303482267,0.226233679806061,10,FALSE,2.10236111167797,2.33892530877195
"RT4_ZT10_leading_edge_dataset","322387","Fubp3",135.701047181259,-1.04381365470456,"downregulated",0.20113689984951,0.000152203596968721,0.00520219577384999,0.00323331480150468,0.103411075541612,2.59946343265866,0.018865349975457,1.72433513369119,0.895669407980817,1,TRUE,TRUE,FALSE,FALSE,FALSE,TRUE,TRUE,"intermediate",-1.40099924949228,0.369906041459721,-3.78744624976566,TRUE,TRUE,3.8175750839307,1,0.895669407980817,FALSE,TRUE,53.4691739034778,57.8548546238471,56.7175072177977,127.315972103583,76.8385609953248,295.025709922647,235.767641768824,106.965175873592,124.708063093714,222.347812309786,0.155674246465866,0.162099125876715,0.155534944416346,4,FALSE,2.28381330806039,2.49035200961651
"RT4_ZT10_leading_edge_dataset","472859","-",9.16151476143287,-0.622574504227992,"downregulated",0.0939303253638492,1.11876268365417e-05,0.000696341447204961,0.000637067389283263,0.0366613990624118,1.9896327059902,0.018865349975457,1.72433513369119,1,0.0732370065092104,TRUE,FALSE,FALSE,FALSE,FALSE,FALSE,TRUE,"intermediate",-7.09197585582056,1.6144375450942,-4.39284621283181,TRUE,FALSE,4.95126202795778,0.0732370065092104,1,TRUE,FALSE,0,0,0,0,0,10.0863490571845,7.40077799274335,6.52226682156047,0,67.6057537428404,3.60140983081475,1.40211384447989,2.0943221487126,9,FALSE,3.15717775424752,3.19581462536343
"RT4_ZT10_leading_edge_dataset","480987","LOC108348051",74.0988366605035,1.48698139987114,"upregulated",0.0657547547302373,1.39621421827148e-06,0.000125088101100595,0.000175616479370921,0.014800790414538,5.5842615971584,0.018865349975457,1.72433513369119,1,0.379444300708697,TRUE,TRUE,FALSE,FALSE,FALSE,TRUE,TRUE,"intermediate",2.76827779917507,0.573671616046703,4.82554430399029,TRUE,TRUE,5.85504794369289,0.379444300708697,1,FALSE,TRUE,136.018073964987,149.853557878161,95.9834737531962,113.285232320739,150.018142895634,27.7374599072574,0,9.13117355018466,30.4166007545644,28.5446515803104,0.516429179539225,0.236735890870228,0.35712879000322,9,FALSE,3.90278400023566,3.75543473350934
"RT4_ZT10_leading_edge_dataset","454671","Dtnb",42.6881452649048,1.15278718828576,"upregulated",0.0935533667385808,7.59714285722155e-06,0.000506069241984926,0.000501127581580718,0.0314585263849213,3.80425731288827,0.018865349975457,1.72433513369119,1,0.180996629972558,TRUE,TRUE,TRUE,FALSE,FALSE,TRUE,TRUE,"strong_effect",4.11332303928594,0.918925057631968,4.47623340458884,TRUE,TRUE,5.11934970701421,0.180996629972558,1,FALSE,TRUE,171.664189900639,83.9369612165651,61.0803923883976,23.904223333734,62.2026446152629,0,0,0,4.56249011318465,19.530551081265,1.78903207405013,0.357714871281616,0.867142229044586,9,FALSE,3.29579005755814,3.30005169344859
"RT4_ZT10_leading_edge_dataset","315593","Hsd17b8",19.4056652295566,1.1380381141416,"upregulated",0.196995296615148,0.000134983688165522,0.00475119510348965,0.0029997920039968,0.0996423409426709,2.8711664375776,0.018865349975457,1.72433513369119,1,1,TRUE,TRUE,FALSE,FALSE,FALSE,TRUE,TRUE,"intermediate",3.01513386847012,0.78988441051301,3.81718366426787,TRUE,TRUE,3.86971870978441,1,1,FALSE,TRUE,24.8584755867046,35.0922888702024,29.0859011373322,24.4238803627282,58.5436655202475,0,0,3.91336009293628,9.12498022636931,9.01410049904539,0.408007637558498,0.700123356158304,0.581666632008566,7,FALSE,2.32319713530818,2.52290885682968
"RT4_ZT10_leading_edge_dataset","486755","Gamt",301.881879170954,1.33633248990115,"upregulated",0.000913468687997678,2.99305512098109e-11,1.36137961002778e-08,2.36867816916231e-07,9.5537190753017e-05,8.85386281712836,0.018865349975457,1.72433513369119,0.998456687792968,1,TRUE,TRUE,FALSE,FALSE,FALSE,TRUE,TRUE,"intermediate",1.5080521357448,0.226880105812993,6.64691216685088,TRUE,TRUE,10.5238852849916,1,0.998456687792968,FALSE,TRUE,585.346745890704,448.612233394749,433.379926946249,357.524035948022,407.366339245055,157.599204018508,151.187321851757,112.18298933084,168.812134187832,196.807860895824,0.0317769089538888,0.112678096759308,0.0566881374461609,9,FALSE,7.86602075829932,6.62549394259158
"RT4_ZT10_leading_edge_dataset","492117","Gns",89.4965756959218,1.36180544321316,"upregulated",0.0212762316819543,5.397507330804e-07,6.02178506548001e-05,9.76338643015051e-05,0.0101720828024869,5.46138389740454,0.018865349975457,1.72433513369119,0.998456687792968,1,TRUE,TRUE,FALSE,FALSE,FALSE,TRUE,TRUE,"intermediate",1.80712037941031,0.360586423894088,5.01161513485351,TRUE,TRUE,6.26780675914184,1,0.998456687792968,FALSE,TRUE,146.805714313935,129.462092723855,152.700980970994,108.608319059792,157.336101085665,32.7806344358497,24.3168419761567,22.1757071933056,48.666561207303,72.1128039923631,0.091328331176301,0.208448672315441,0.13651556887698,9,FALSE,4.22027474974353,4.01039952118159
"RT4_ZT10_leading_edge_dataset","215651","Nol7",119.835603877492,-1.25585170427111,"downregulated",0.0212762316819543,3.05016437840696e-07,4.29419570702866e-05,6.86508394605045e-05,0.00833546685503534,5.22855540206693,0.018865349975457,1.72433513369119,0.983484434878425,1,TRUE,TRUE,FALSE,FALSE,FALSE,TRUE,TRUE,"intermediate",-1.54164762753708,0.301084191046247,-5.12032073879391,TRUE,TRUE,6.51567675517406,1,0.983484434878425,FALSE,TRUE,45.0266727608234,49.7931125860979,79.9862281276635,74.3109551461732,58.5436655202475,156.33841038636,122.641463879747,168.27448399626,267.666086640166,175.774959731385,0.0627887602123383,0.17398508529651,0.0985843881839503,9,FALSE,4.36711816657285,4.16335414785423
"RT4_ZT10_leading_edge_dataset","566560","-",99.8243346948245,-1.22689445526611,"downregulated",0.0939303253638492,9.48607100626631e-06,0.000609686281087529,0.000575098207934444,0.0344013276477554,3.97545455629534,0.018865349975457,1.72433513369119,0.980815352638788,1,TRUE,TRUE,FALSE,FALSE,FALSE,TRUE,TRUE,"intermediate",-1.65793990680927,0.374373797660232,-4.42856823092613,TRUE,TRUE,5.0229136288393,1,0.980815352638788,FALSE,TRUE,35.1770880943933,55.4837540245091,29.0859011373322,50.9263888414334,69.5206028052939,228.2036474188,158.5880998445,113.487442695152,71.4790117732262,186.291410313605,0.134117068182671,0.194365050602052,0.155584710305108,10,FALSE,3.21489357718575,3.24025798570674
"RT4_ZT10_leading_edge_dataset","557976","Syp",28.573878020639,1.05173929877113,"upregulated",0.435699515981677,0.000629658615364888,0.0150767189145719,0.007865298790799,0.177352759992627,2.21315899318645,0.018865349975457,1.72433513369119,0.991756730579641,1,TRUE,TRUE,FALSE,FALSE,FALSE,TRUE,TRUE,"intermediate",2.35737365075245,0.689591724585455,3.4185062939518,TRUE,TRUE,3.20089484998728,1,0.991756730579641,FALSE,TRUE,25.7965312692217,56.4321942642443,58.1718022746643,28.581136594682,69.5206028052939,7.56476179288839,0,7.82672018587256,24.3332806036515,7.51175041587116,0.48415694618738,0.498686904505469,0.491107820712496,5,FALSE,1.82169316193698,2.10428477453714
"RT4_ZT10_leading_edge_dataset","67520","-",12.9434911542044,-0.970714346550762,"downregulated",0.529244503507695,0.00110330365926403,0.0228235875687078,0.0111898134681996,0.218129948573974,1.89403565508651,0.018865349975457,1.72433513369119,0.992454264440004,1,TRUE,FALSE,FALSE,FALSE,FALSE,FALSE,TRUE,"intermediate",-2.59400993285105,0.795033876133235,-3.26276654457468,TRUE,FALSE,2.95730494141934,1,0.992454264440004,TRUE,FALSE,2.81416704755146,1.4226603596028,4.36288517059983,6.23588434793061,3.65897909501547,11.3471426893326,8.45803199170669,14.348987007433,13.687470339554,63.0987034933177,0.449991602090107,1.01356001265126,0.623270597389211,10,FALSE,1.64161608915385,1.95117715300756
"RT4_ZT10_leading_edge_dataset","187314","Cmtm5",285.230010880547,1.07421669210055,"upregulated",0.03335529597198,1.02008237788529e-06,0.000100529118340595,0.000144651571492904,0.0130615370870544,4.12464495790385,0.018865349975457,1.72433513369119,0.872205556786637,1,TRUE,TRUE,FALSE,FALSE,FALSE,TRUE,TRUE,"intermediate",1.24970778883878,0.255682953523121,4.88772431489363,TRUE,TRUE,5.99136475488867,1,0.872205556786637,FALSE,TRUE,495.762428210316,452.40599435369,442.105697287449,246.837088772254,369.556888596562,161.381584914952,122.641463879747,157.838857081763,217.478695395135,186.291410313605,0.0543269204398428,0.115034132115226,0.0735671240976669,9,FALSE,3.99770812627321,3.83967684382043
"RT4_ZT10_leading_edge_dataset","69333","Anxa6",425.513070777368,0.998614400380786,"upregulated",0.0107306592095706,4.14750302069014e-08,8.45661564184165e-06,2.00784025046197e-05,0.00362558689416852,4.69076230717642,0.018865349975457,1.72433513369119,0.738923811316513,1,TRUE,FALSE,FALSE,FALSE,FALSE,FALSE,TRUE,"intermediate",1.09847557442784,0.2002889873959,5.48445318292287,TRUE,FALSE,7.38221328900015,1,0.738923811316513,TRUE,FALSE,710.577179506744,654.897985537155,456.648647856115,530.050169574102,546.407544855643,329.067137990645,236.824895767787,258.281766133795,291.999367243818,240.376013307877,0.0223779810627658,0.100952655244712,0.0450315605198531,9,FALSE,5.0728034079,4.69727084386903
"RT4_ZT10_leading_edge_dataset","325362","Cacnb4",114.86304364394,1.1698031033805,"upregulated",0.0935533667385808,5.48510941828996e-06,0.000395529902321323,0.000409525184392745,0.0273918168226684,3.96296465049667,0.018865349975457,1.72433513369119,0.954323606104849,1,TRUE,TRUE,FALSE,FALSE,FALSE,TRUE,TRUE,"intermediate",1.47888680615284,0.325364518864019,4.54532292370489,TRUE,TRUE,5.26081470459144,1,0.954323606104849,FALSE,TRUE,166.035855805536,210.553733221214,148.338095800394,188.115844495907,131.723247420557,81.9515860896242,61.3207319398735,37.8291475650507,88.2081421882366,34.5540519130073,0.0762906851059504,0.178386223063115,0.113834152579041,9,FALSE,3.40282067797606,3.38771938546282
"RT4_ZT10_leading_edge_dataset","135070","Atp2b4",15.7868918381874,-0.957377539665347,"downregulated",0.562317574488507,0.00187615917138463,0.0342399048777694,0.0156363523340455,0.263111811920522,1.72889416192412,0.018865349975457,1.72433513369119,0.979243065409976,1,TRUE,FALSE,FALSE,FALSE,FALSE,FALSE,TRUE,"intermediate",-2.25789737865973,0.726206631860376,-3.10916656444669,TRUE,FALSE,2.72673031930365,1,0.979243065409976,TRUE,FALSE,9.38055682517153,5.69064143841119,4.36288517059983,3.63759920295953,3.65897909501547,15.1295235857768,24.3168419761567,10.4356269144968,10.6458102640975,70.6104539091889,0.395321495114194,0.844032145411292,0.536517271456812,10,FALSE,1.46546745051116,1.80586455216869
"RT4_ZT10_leading_edge_dataset","33583","-",52.2496531451653,-0.900438094201407,"downregulated",0.529244503507695,0.00102261948040218,0.0215955320986361,0.0106676672158159,0.212029210558952,1.77560137809504,0.018865349975457,1.72433513369119,0.759733065363463,1,TRUE,FALSE,FALSE,FALSE,FALSE,FALSE,TRUE,"intermediate",-1.20447757967027,0.366745965720081,-3.28422857305427,TRUE,FALSE,2.99028593843269,1,0.759733065363463,TRUE,FALSE,17.3540301265673,37.4633894695403,31.9944912510654,32.7383928266357,39.0291103468317,54.2141261823668,61.3207319398735,62.6137614869805,80.6039919995956,105.164505822196,0.0661946987092266,0.305488868290176,0.139803897465203,8,FALSE,1.6656360907758,1.97193054084391
"RT4_ZT10_leading_edge_dataset","140742","Hnrnpu",54.7841335112576,1.26952968592783,"upregulated",0.194478077378341,3.22210665850118e-05,0.00164373113937577,0.00122887667503058,0.0583852189399451,3.69495561242646,0.018865349975457,1.72433513369119,0.996399523042249,1,TRUE,TRUE,FALSE,FALSE,FALSE,TRUE,TRUE,"intermediate",2.06793665220661,0.497438256579601,4.1571725231304,TRUE,TRUE,4.4918600876189,1,0.996399523042249,FALSE,TRUE,92.3984847279396,82.9885209768299,46.5374418197315,115.363860436716,103.671074358772,13.8687299536287,5.28626999481668,19.5668004646814,45.6249011318465,22.5352512476135,0.237869144356203,0.294701839895684,0.261166947458515,9,FALSE,2.78416921735219,2.91049169892079
"RT4_ZT10_leading_edge_dataset","118702","-",43.6916992040139,-1.14820645348777,"downregulated",0.20113689984951,0.000199692653949606,0.00621464559370536,0.00383116195506772,0.111894812566671,2.77483550282366,0.018865349975457,1.72433513369119,0.983484434878425,1,TRUE,TRUE,FALSE,FALSE,FALSE,TRUE,TRUE,"intermediate",-1.93511841967258,0.520276342857334,-3.71940497821792,TRUE,TRUE,3.69963791113246,1,0.983484434878425,FALSE,TRUE,16.4159744440502,17.5461444351012,10.1800653980663,23.904223333734,21.9538745700928,79.4299988253281,78.2367959232869,14.348987007433,51.7082212827594,123.192706820287,0.261267046764277,0.351159676534242,0.293521255018468,9,FALSE,2.20658363308618,2.41666948865761
