"feature_id","dispGeneEst","dispFit","dispersion","residual_fit_minus_final","residual_fit_minus_gene","residual_final_minus_gene"
"534198",10,1.01798527680946,10,-8.98201472319055,-8.98201472319055,0
"433098",1.94906985156187,0.767482863882604,1.50877888681363,-0.741296022931022,-1.18158698767927,-0.440290964748246
"18321",1.78164138437396,0.833898989100534,1.3650514631514,-0.531152474050864,-0.947742395273426,-0.416589921222562
"457865",8.54341244553629,1.27794991210494,8.54341244553629,-7.26546253343135,-7.26546253343135,0
"35860",2.49546948363031,1.10496001035599,1.83446029500276,-0.729500284646777,-1.39050947327432,-0.661009188627544
"146021",2.22501990043369,0.886555609953455,1.65641883807262,-0.769863228119168,-1.33846429048024,-0.568601062361069
"354681",1.83210674026943,1.03454034306695,1.49753799267239,-0.462997649605433,-0.797566397202474,-0.334568747597041
"208999",1.65813861993369,1.00411560783121,1.38070405396467,-0.37658844613346,-0.65402301210248,-0.27743456596902
"270602",1.73427596620605,1.00542378672177,1.42533004639971,-0.419906259677938,-0.728852179484277,-0.30894591980634
"275669",1.82382788152088,1.17000432388605,1.55609083253547,-0.386086508649415,-0.653823557634828,-0.267737048985412
"128848",2.89855764018489,1.06685877336832,2.02889621507726,-0.962037441708942,-1.83169886681657,-0.86966142510763
"23297",10,1.31595806196884,10,-8.68404193803116,-8.68404193803116,0
"170748",1.63188281186363,0.819969398843944,1.32953762880591,-0.509568229961966,-0.811913413019684,-0.302345183057719
"417902",0.635871580161995,0.851475097959103,0.71852793115252,0.132947166806583,0.215603517797107,0.0826563509905246
"494843",1.82309355011584,1.17388883029054,1.55602856491676,-0.382139734626222,-0.649204719825302,-0.26706498519908
"465508",1.64279890293692,1.06066890186793,1.39775613177055,-0.337087229902621,-0.582130001068996,-0.245042771166376
"157795",2.17582771985299,0.855269387601843,1.68463895687736,-0.829369569275522,-1.32055833225114,-0.491188762975621
"572970",1.49341754167437,0.794538140609272,1.27290627780392,-0.478368137194647,-0.6988794010651,-0.220511263870454
"56517",1.48614821756783,0.823516762569612,1.18635507963551,-0.362838317065898,-0.662631454998213,-0.299793137932315
"176730",1.49169217730444,1.20037181600084,1.37038986052786,-0.170018044527021,-0.291320361303602,-0.121302316776581
"75091",3.33699403115381,1.329596453431,2.28456939172861,-0.954972938297605,-2.00739757772281,-1.0524246394252
"121081",3.90431696547693,1.05020847780514,2.57325321728054,-1.5230447394754,-2.85410848767179,-1.33106374819639
"433229",4.91234890052804,1.66024117257981,3.04020710136712,-1.37996592878731,-3.25210772794823,-1.87214179916092
"470412",1.50197532733925,0.740359203560562,1.26138588262018,-0.521026679059613,-0.761616123778689,-0.240589444719076
"180115",2.61045474697223,1.4162278104385,1.97808673813232,-0.561858927693829,-1.19422693653374,-0.632368008839907
"152260",0.689468517731543,0.911235076504881,0.773320195218862,0.137914881286019,0.221766558773339,0.0838516774873195
"18054",1.07070813669841,0.92435654967439,1.01616162092947,-0.0918050712550811,-0.146351587024018,-0.0545465157689367
"508357",4.11726151460866,1.42618815219111,2.50181913785212,-1.07563098566101,-2.69107336241755,-1.61544237675654
"576849",1.52142644332541,0.758135277175561,1.23649246022501,-0.47835718304945,-0.763291166149847,-0.284933983100397
"73573",2.6196715593019,1.01321351162447,1.84077709955983,-0.827563587935356,-1.60645804767743,-0.778894459742075
"330098",2.40804124211227,1.32561815656063,1.90537310366664,-0.579754947106012,-1.08242308555164,-0.502668138445629
"412822",0.580718902028259,0.911376477857752,0.706366748978121,0.205009728879631,0.330657575829494,0.125647846949863
"299208",1.53245190961927,1.06434915268609,1.33431849858661,-0.269969345900521,-0.468102756933177,-0.198133411032656
"182412",1.4529167778921,1.10908949424572,1.306438777112,-0.197349282866282,-0.343827283646384,-0.146478000780102
"212124",2.07969840676909,1.32558547571083,1.72544199405178,-0.399856518340958,-0.754112931058259,-0.354256412717302
"277976",4.35013297301194,1.35927114544312,2.80702910806885,-1.44775796262573,-2.99086182756882,-1.54310386494309
"103037",1.77443904597825,1.17853074288885,1.53209296995417,-0.353562227065321,-0.595908303089405,-0.242346076024084
"202725",1.21158459419056,0.912524720984619,1.1026145010436,-0.190089780058982,-0.299059873205938,-0.108970093146957
"351023",0.561434076203121,0.9576629807563,0.71174322298349,0.24591975777281,0.396228904553178,0.150309146780368
"167027",3.23670201185016,0.836118035343132,2.33507834510672,-1.49896030976359,-2.40058397650703,-0.901623666743443
"527263",1.06925407088037,0.850358118396564,0.988495875012537,-0.138137756615973,-0.218895952483803,-0.08075819586783
"148821",3.77605829207417,1.53246879248416,2.61711899013505,-1.08465019765089,-2.24358949959002,-1.15893930193913
"411736",1.2566140984514,1.16769413935062,1.2178878121184,-0.0501936727677836,-0.0889199591007794,-0.0387262863329958
"154030",0.498930934659312,0.916274991376664,0.660094598215427,0.256180393161237,0.417344056717352,0.161163663556115
"570401",0.662356106859006,0.920827397860866,0.760063739948049,0.160763657912817,0.25847129100186,0.097707633089043
"522280",10,1.93434925059597,4.63111445641758,-2.69676520582161,-8.06565074940403,-5.36888554358242
"561147",1.21324126381863,0.966821489399661,1.10291586339005,-0.136094373990391,-0.246419774418965,-0.110325400428573
"130490",1.98561078222966,1.73438811421508,1.87648255271889,-0.142094438503815,-0.251222668014581,-0.109128229510767
"567691",1.2633383051721,1.39185113960353,1.31706780811235,0.0747833314911774,0.128512834431425,0.0537295029402471
"357860",8.2183135441557,1.86892176585294,4.05836094671053,-2.18943918085758,-6.34939177830276,-4.15995259744518
"246208",1.65214218765925,0.842139609448583,1.29329710633161,-0.451157496883032,-0.810002578210664,-0.358845081327632
"59411",0.526977133412783,0.947040815671567,0.68810001290054,0.258940802771026,0.420063682258783,0.161122879487757
"539343",2.18618138466378,1.38780824710142,1.81313609710243,-0.425327850001014,-0.798373137562362,-0.373045287561348
"531257",2.1300844369775,1.4534601137049,1.8166786303586,-0.3632185166537,-0.676624323272603,-0.313405806618904
"286858",2.28253465438572,1.23297388798344,1.78653181174123,-0.553557923757787,-1.04956076640228,-0.496002842644489
"104836",2.43549605488056,1.32270612790422,1.92274816350978,-0.600042035605566,-1.11278992697634,-0.512747891370774
"451294",1.01690465708931,1.03786379458213,1.02318676851037,0.0146770260717664,0.02095913749282,0.00628211142105362
"388210",3.8972618774697,1.69544073775968,2.78925185226118,-1.09381111450151,-2.20182113971002,-1.10801002520851
"292307",5.16179040508494,1.61585787546348,3.09960310520917,-1.48374522974569,-3.54593252962146,-2.06218729987577
"296034",2.63155270262494,1.67733268291726,2.14483251469698,-0.467499831779717,-0.954220019707676,-0.486720187927959
"2591",2.46602267996778,1.14683590014333,1.8398384172207,-0.693002517077378,-1.31918677982445,-0.626184262747075
"513327",3.44649495854861,1.84876782077499,2.6499676092751,-0.801199788500106,-1.59772713777362,-0.796527349273513
"561348",1.21678229958371,1.20727127347418,1.21251992627706,-0.00524865280288789,-0.00951102610953569,-0.0042623733066478
"440014",1.06204387046612,0.871970797379066,0.992076060291164,-0.120105262912099,-0.190073073087059,-0.0699678101749597
"456477",2.15755201629026,1.42737372389936,1.81785072992744,-0.390477006028083,-0.730178292390907,-0.339701286362824
"293078",1.54038719705218,1.33253417291021,1.4561556495694,-0.123621476659186,-0.20785302414197,-0.0842315474827844
"17748",3.59911806993429,1.52025665374602,2.5366205471218,-1.01636389337578,-2.07886141618827,-1.0624975228125
"481724",10,1.32494204625684,10,-8.67505795374316,-8.67505795374316,0
"385063",1.35848464707309,1.19210111977449,1.28824494569832,-0.0961438259238356,-0.166383527298604,-0.0702397013747684
"282351",2.34753450144616,1.42972822452238,1.92463008149888,-0.494901856976505,-0.917806276923785,-0.42290441994728
"372804",4.14027338010001,1.32143435038963,2.66907099142095,-1.34763664103132,-2.81883902971038,-1.47120238867906
"494158",0.540524484678064,0.960565350412365,0.699278852487694,0.261286497924671,0.420040865734301,0.15875436780963
"283960",5.09964411181614,1.58477314114762,3.0366590930977,-1.45188595195008,-3.51487097066852,-2.06298501871844
"319615",4.36353736729855,0.79496408182454,2.62824712016007,-1.83328303833553,-3.56857328547401,-1.73529024713848
"435225",1.49962861178785,0.936229146640495,1.29504619499848,-0.358817048357986,-0.56339946514735,-0.204582416789365
"221935",1.40540823465356,0.918578156207489,1.18935376453743,-0.27077560832994,-0.486830078446075,-0.216054470116135
"264373",1.38581393716863,1.28627360634548,1.34499026673614,-0.0587166603906675,-0.0995403308231568,-0.0408236704324894
"496988",1.98350582852071,1.43691121547105,1.72671318820514,-0.28980197273409,-0.546594613049651,-0.256792640315561
"86595",4.0636974867905,1.62754184856128,2.65291099107125,-1.02536914250997,-2.43615563822922,-1.41078649571924
"113288",2.14066992751205,1.30060387049244,1.74259321570541,-0.441989345212961,-0.84006605701961,-0.398076711806649
"51714",3.85537717167438,1.5578546577729,2.68070681657155,-1.12285215879865,-2.29752251390148,-1.17467035510282
"163094",8.92571224088302,1.25965292051163,8.92571224088302,-7.66605932037138,-7.66605932037138,0
"2485",0.315558425633957,0.987922377894391,0.584242592817484,0.403679785076907,0.672363952260434,0.268684167183527
"482089",0.36412984363715,0.989363379371406,0.607372091633329,0.381991287738077,0.625233535734256,0.243242247996179
"380194",0.350851309571877,1.0357300324773,0.617707914351752,0.418022118125551,0.684878722905427,0.266856604779875
"416922",4.2226927353683,0.944047344098336,2.44335959852005,-1.49931225442171,-3.27864539126996,-1.77933313684825
"68552",1.15791614403582,0.749165289175398,1.03276141605087,-0.283596126875476,-0.408750854860423,-0.125154727984947
"280457",1.12707541443861,1.1651906848982,1.14311898886403,0.0220716960341645,0.0381152704595853,0.0160435744254208
"442629",2.06227959033316,1.43588797995842,1.77043782974169,-0.334549849783267,-0.626391610374745,-0.291841760591478
"576013",1.17466743330233,1.05083811525662,1.12029713327284,-0.0694590180162222,-0.123829318045712,-0.0543703000294902
"569831",1.23284447318453,1.22298116935395,1.22843485147715,-0.00545368212320607,-0.00986330383058465,-0.00440962170737857
"319395",2.01395616271443,1.44306274739723,1.74676140363547,-0.303698656238244,-0.570893415317208,-0.267194759078964
"436651",1.47826317638791,1.09917574015771,1.32015744933841,-0.220981709180705,-0.379087436230206,-0.158105727049501
"438786",0.451731877961059,1.03363624241195,0.678535926842582,0.355100315569365,0.581904364450888,0.226804048881523
"479064",1.7230011905405,0.982866753673736,1.40814114105096,-0.425274387377228,-0.740134436866768,-0.31486004948954
"200554",1.62855475711267,1.23638072889098,1.46932061948606,-0.232939890595079,-0.392174028221685,-0.159234137626606
"502630",2.43317176597289,1.77424597558342,2.09546486081496,-0.321218885231546,-0.65892579038947,-0.337706905157924
"10226",9.0550130265429,1.08916729587716,9.0550130265429,-7.96584573066574,-7.96584573066574,0
"39594",1.95370062668344,1.04966150562609,1.57680514634633,-0.52714364072024,-0.904039121057342,-0.376895480337102
"336561",0.540074229325303,0.95629276658802,0.695940857134454,0.260351909453566,0.416218537262717,0.155866627809151
"172638",5.77744143939965,1.63852322570233,3.38239043426334,-1.74386720856101,-4.13891821369732,-2.39505100513631
"534141",1.79124096716156,1.68095220806854,1.74933734213005,-0.0683851340615085,-0.110288759093023,-0.0419036250315148
"193163",0.545336096929614,1.03499567556016,0.732289122967965,0.302706552592197,0.489659578630548,0.186953026038352
"279612",10,1.52620570480954,10,-8.47379429519046,-8.47379429519046,0
"304921",1.10697042652467,1.39621757163921,1.22791530439945,0.168302267239761,0.289247145114538,0.120944877874777
"298437",2.5271021710057,1.84603762660325,2.19047378727113,-0.344436160667883,-0.681064544402454,-0.336628383734572
"12322",3.15198266219885,1.63803920651345,2.37604032752676,-0.738001121013302,-1.51394345568539,-0.775942334672088
"523782",2.3667868370508,1.00029812700833,1.79959767464163,-0.799299547633302,-1.36648871004246,-0.567189162409161
"542423",1.42761304877474,1.00998731937244,1.24743553016001,-0.237448210787572,-0.417625729402306,-0.180177518614734
"555084",3.96337672480121,1.01006254308828,2.14378365602733,-1.13372111293905,-2.95331418171294,-1.81959306877388
"416241",0.447100309609867,1.03204415404226,0.671070557340165,0.360973596702099,0.584943844432396,0.223970247730297
"279572",8.54214956071925,1.27798300767075,8.54214956071925,-7.2641665530485,-7.2641665530485,0
"344356",1.85207479152355,1.36770014715368,1.62213706757499,-0.254436920421312,-0.484374644369865,-0.229937723948552
"198508",2.43219168918009,1.45663726010187,1.98652074850559,-0.52988348840372,-0.975554429078224,-0.445670940674504
"322426",1.21750126378943,1.00475427003578,1.14038814557608,-0.135633875540308,-0.212746993753655,-0.0771131182133464
"231701",0.27891027977338,1.09140167580681,0.59822362244029,0.493178053366516,0.812491396033426,0.31931334266691
"244069",1.67984875344542,1.40007793047961,1.567950198855,-0.167872268375387,-0.279770822965813,-0.111898554590426
"141955",0.748170188552613,1.03988065665335,0.854770854981954,0.1851098016714,0.291710468100741,0.10660066642934
"245125",2.73201677012284,1.37816691460863,2.1191929645049,-0.741026049896266,-1.3538498555142,-0.612823805617937
"460757",1.84203776632715,1.08481120796136,1.52613135017884,-0.441320142217482,-0.757226558365788,-0.315906416148306
"92812",0.368545304343467,1.04681085729815,0.628694001810308,0.418116855487842,0.678265552954683,0.260148697466841
"312838",1.73261855364662,1.66181210898263,1.6995213761315,-0.0377092671488708,-0.0708064446639944,-0.0330971775151236
"161642",0.599292494031202,1.02592878223951,0.761680181745271,0.264248600494244,0.426636288208313,0.162387687714069
"385761",2.75667437248683,1.71430990394343,2.21980569894361,-0.50549579500018,-1.0423644685434,-0.53686867354322
"391048",2.40439463860115,1.1917290212432,1.91829010967894,-0.72656108843574,-1.21266561735795,-0.486104528922212
"334188",0.386499864232946,1.04465007294644,0.642214845086463,0.402435227859975,0.658150208713492,0.255714980853517
"333349",0.236543524005788,0.995046862086232,0.540859219209765,0.454187642876468,0.758503338080444,0.304315695203977
"8278",2.02178745828815,1.21621966346922,1.69795468067648,-0.48173501720726,-0.805567794818938,-0.323832777611678
"342433",0.299995515204503,0.938202644856011,0.554369083986663,0.383833560869348,0.638207129651507,0.25437356878216
"549534",2.00029808176557,1.39282355654912,1.71541916021534,-0.322595603666221,-0.607474525216452,-0.284878921550231
"340067",0.411004287178203,1.04849902289258,0.650947596149109,0.397551426743467,0.637494735714374,0.239943308970907
"299776",0.246468712366373,1.00239522038409,0.547669274774659,0.454725945609432,0.755926508017718,0.301200562408286
"199157",0.39130216062479,1.07933795304265,0.652813626991332,0.426524326051317,0.688035792417859,0.261511466366542
"572400",0.523013992814158,1.02698359843824,0.708791825961985,0.318191772476252,0.50396960562408,0.185777833147827
"25956",5.12873724152945,1.79074918581725,3.20303328548603,-1.41228409966878,-3.33798805571219,-1.92570395604341
"382965",1.60800850929944,1.61226205053954,1.60993434715236,0.00232770338717381,0.00425354124009658,0.00192583785292277
"326798",0.887126144710903,0.814980788755184,0.859979339327864,-0.0449985505726801,-0.0721453559557185,-0.0271468053830384
"454351",10,1.5912818442465,10,-8.4087181557535,-8.4087181557535,0
"18581",0.781567827327818,1.0230479155978,0.870617600092075,0.152430315505721,0.241480088269978,0.0890497727642571
"67761",4.44864128354524,1.20348329872007,2.97425079890568,-1.77076750018561,-3.24515798482517,-1.47439048463956
"301431",0.754722388173041,1.16087725698243,0.943536652758087,0.217340604224343,0.406154868809389,0.188814264585046
"401691",0.274071748129946,1.04933010421839,0.579098805842081,0.470231298376311,0.775258356088446,0.305027057712135
"512516",0.442374333355058,0.962035431858571,0.638885037615544,0.323150394243027,0.519661098503513,0.196510704260486
"156998",0.653941876936221,1.049425711236,0.801205029489018,0.248220681746982,0.395483834299778,0.147263152552796
"68847",0.458150397381337,1.05523029795789,0.684697266829887,0.370533031128004,0.597079900576554,0.22654686944855
"270943",1.34461689698873,1.07047712452202,1.2271166203861,-0.156639495864082,-0.274139772466711,-0.117500276602628
"338201",8.22119539425815,1.29036934609975,8.22119539425815,-6.9308260481584,-6.9308260481584,0
"527637",5.46817274199658,1.75534223751907,3.32457218050306,-1.56922994298399,-3.71283050447751,-2.14360056149351
"301786",1.80109943531702,1.06149783045068,1.42108213051431,-0.359584300063629,-0.739601604866347,-0.380017304802719
"179334",0.236313778821608,0.984434654925944,0.534092300373592,0.450342354552351,0.748120876104335,0.297778521551984
"423167",1.1946485544101,1.37445581243942,1.26874946947622,0.105706342963199,0.179807258029317,0.074100915066118
"485230",0.392184996684145,1.07795332356367,0.649026304854677,0.428927018708989,0.685768326879521,0.256841308170532
"527930",1.46525260676272,1.63415269693925,1.54371134393023,0.0904413530090187,0.168900090176526,0.0784587371675076
"422876",0.641950296722327,1.01888015142374,0.784177971049822,0.234702180373914,0.376929854701409,0.142227674327495
"296691",3.45927227667908,2.08642692880293,2.79128249763394,-0.704855568831011,-1.37284534787615,-0.667989779045138
"3038",1.17288053594272,0.935002028332294,1.08600697464526,-0.151004946312967,-0.237878507610426,-0.0868735612974592
"453718",1.51997932074094,1.74540575326314,1.62149455041027,0.123911202852873,0.225426432522208,0.101515229669335
"366176",1.4803329206585,1.59779823713011,1.53431764946486,0.0634805876652482,0.117465316471614,0.0539847288063657
"178069",1.59596847355421,1.23549531275206,1.44846512375066,-0.212969810998597,-0.360473160802152,-0.147503349803555
"146216",1.47795701042334,1.32750950870633,1.41652009174845,-0.0890105830421153,-0.150447501717005,-0.0614369186748898
"53982",1.32712942738489,1.56294081700495,1.42015965936753,0.142781157637423,0.235811389620056,0.093030231982633
"388202",0.672045431101112,1.03812355909216,0.807877955926222,0.230245603165943,0.366078127991053,0.13583252482511
"522751",1.64231738648506,1.802449466644,1.71336886428019,0.089080602363808,0.160132080158934,0.0710514777951259
"266648",4.70817463466604,1.04076397921128,3.00050187828506,-1.95973789907378,-3.66741065545476,-1.70767275638099
"486937",1.65008149769191,1.40089715900825,1.55097211980562,-0.150074960797373,-0.249184338683663,-0.0991093778862893
"203089",0.288232703767982,1.03802041036136,0.573708900228581,0.464311510132778,0.749787706593377,0.285476196460599
"532202",2.49614872048128,1.37933081630067,1.98845993617392,-0.609129119873251,-1.11681790418061,-0.507688784307355
"321615",0.603556779492294,1.15676394832536,0.805672593543399,0.351091354781964,0.553207168833069,0.202115814051105
"40483",0.42434155203371,1.07795213963379,0.674078329114349,0.403873810519438,0.653610587600076,0.249736777080639
"517948",1.67031366329428,1.24809546229275,1.49672807484912,-0.248632612556361,-0.422218201001528,-0.173585588445167
"486839",1.17517395519687,1.05606975492321,1.12277210686792,-0.066702351944707,-0.119104200273661,-0.0524018483289543
"299528",3.54331443670018,0.843303888168701,2.4000232048958,-1.5567193167271,-2.70001054853148,-1.14329123180438
"154457",0.581379793840546,1.02704886539032,0.747876406836597,0.279172458553721,0.445669071549772,0.166496612996051
"478601",1.0789604480492,1.00984496979642,1.05443169742663,-0.0445867276302161,-0.0691154782527832,-0.0245287506225671
"366038",1.98565345807477,1.41226569244249,1.7250239329546,-0.312758240512108,-0.573387765632272,-0.260629525120164
"445741",1.97632787875017,1.5573461492723,1.78331448515368,-0.225968335881377,-0.418981729477871,-0.193013393596493
"201420",1.32629850711769,1.11998642238399,1.23840982490508,-0.118423402521089,-0.206312084733697,-0.0878886822126081
"516456",1.77149250254452,1.90609421816888,1.82967081415548,0.0764234040133969,0.134601715624359,0.0581783116109618
"305685",1.02152842861612,1.26369200212555,1.12506823856515,0.138623763560398,0.242163573509429,0.103539809949031
"207261",3.76440155399621,1.69219376670301,2.71943132421158,-1.02723755750857,-2.0722077872932,-1.04497022978464
"287550",0.992393032468773,1.52717377212204,1.21154336973007,0.315630402391966,0.534780739653267,0.219150337261301
"360123",1.31884874962652,1.91588795221348,1.58583605645653,0.330051895756955,0.597039202586963,0.266987306830008
"517452",0.582945481760672,1.07616316803726,0.768126185071669,0.308036982965596,0.493217686276593,0.185180703310997
"174638",4.45452042673258,1.87389926817481,2.97057938478165,-1.09668011660684,-2.58062115855777,-1.48394104195093
"132023",4.23815628703146,2.36304985551148,3.19928040612255,-0.836230550611069,-1.87510643151998,-1.03887588090892
"571451",10,2.77705291099914,5.66923885306631,-2.89218594206717,-7.22294708900086,-4.33076114693369
"223467",1.2219099410849,0.861149256211998,1.08710419838338,-0.225954942171387,-0.360760684872897,-0.134805742701511
"17096",10,2.67021995836302,5.02923864381389,-2.35901868545087,-7.32978004163698,-4.97076135618611
"313448",1.12034159967915,0.883841375818158,1.03406771844143,-0.150226342623268,-0.236500223860995,-0.0862738812377275
"294917",0.977175287481308,1.15665214862456,1.04070216870075,0.115949979923806,0.179476861143253,0.0635268812194468
"412757",1.03627490333388,1.49924329253316,1.22620534536176,0.273037947171392,0.462968389199277,0.189930442027885
"20416",8.75510722597175,2.05121032758906,4.41582387162763,-2.36461354403857,-6.70389689838269,-4.33928335434412
"310080",1.50307362871308,0.979404299274903,1.27793934347315,-0.298535044198244,-0.523669329438178,-0.225134285239934
"566819",0.82367144392291,0.94793081576607,0.883723768830547,0.0642070469355236,0.124259371843161,0.060052324907637
"235190",0.981560906242659,1.19258753709391,1.07432047558348,0.118267061510424,0.211026630851246,0.0927595693408222
"52219",0.359315461002117,1.12745813233781,0.649559722559493,0.477898409778317,0.768142671335693,0.290244261557376
"377134",2.17134422905989,1.49402304096802,1.8620227800642,-0.367999739096182,-0.67732118809187,-0.309321448995687
"248538",1.10754514397059,1.17161111133931,1.13527334082413,0.0363377705151855,0.064065967368728,0.0277281968535426
"482983",1.18525559555528,1.02261691079405,1.12670445808413,-0.104087547290084,-0.162638684761229,-0.0585511374711456
"152792",0.23888135657051,1.09807454433366,0.570989553627274,0.52708499070639,0.859193187763154,0.332108197056764
"577504",1.2305204925162,1.00369911811606,1.14876180601916,-0.145062687903103,-0.226821374400142,-0.081758686497039
"572693",0.5713716323984,1.10325843851909,0.765644102687976,0.33761433583111,0.531886806120686,0.194272470289576
"284696",4.2630254265479,0.839474803968528,2.39388348723249,-1.55440868326396,-3.42355062257937,-1.86914193931541
"420541",1.57611909809638,1.20449169798348,1.42167770298911,-0.21718600500564,-0.371627400112909,-0.15444139510727
"100329",1.53605337058934,1.5839470264751,1.55882546468377,0.0251215617913285,0.0478936558857543,0.0227720940944258
"235171",2.30984945218576,1.76953188905197,2.07425158984561,-0.304719700793643,-0.540317563133788,-0.235597862340145
"395326",1.43497156859497,1.20391078282921,1.33920673963793,-0.135295956808718,-0.231060785765765,-0.0957648289570465
"489765",10,2.85113665138641,5.72747223771182,-2.87633558632541,-7.14886334861359,-4.27252776228818
"350700",0.670522080201908,1.00575482051518,0.796033825201984,0.209720995313197,0.335232740313273,0.125511745000076
"398316",0.336433440963297,1.13808009758718,0.646859574438114,0.49122052314907,0.801646656623886,0.310426133474816
"123818",0.978837772249503,1.11726298739306,1.04032639785762,0.0769365895354408,0.13842521514356,0.0614886256081195
"255723",2.54780920267814,1.52224759134847,2.08805489680822,-0.565807305459756,-1.02556161132967,-0.459754305869912
"531328",6.22026023495087,1.23523772511082,3.26294417764417,-2.02770645253335,-4.98502250984005,-2.9573160573067
"129647",0.245331284867258,1.12263750505797,0.588552102529804,0.534085402528164,0.87730622019071,0.343220817662546
"316624",2.66341717022479,1.31389599552334,2.04047735214291,-0.726581356619571,-1.34952117470145,-0.622939818081878
"95319",4.91008209696303,1.80442548221833,3.11430888069765,-1.30988339847932,-3.1056566147447,-1.79577321626537
"42239",1.96409321821909,1.26642084589974,1.62631194135332,-0.359891095453579,-0.697672372319354,-0.337781276865775
"90084",1.12090112560989,1.36508400683852,1.22300856181275,0.142075445025773,0.24418288122863,0.102107436202857
"552812",6.5436461419766,2.17949800896036,3.69650993282932,-1.51701192386895,-4.36414813301624,-2.84713620914729
"380564",0.221213687178514,0.984658662360633,0.524613068255381,0.460045594105252,0.76344497518212,0.303399381076867
"84208",2.18197929345502,1.60766795945115,1.92225927153068,-0.314591312079523,-0.574311334003867,-0.259720021924343
"120632",0.444475457584962,1.11421434786236,0.696478186489207,0.417736161373154,0.669738890277399,0.252002728904245
"101079",0.273601295585498,1.12589522829392,0.61329981551931,0.512595412774611,0.852293932708424,0.339698519933813
"277415",3.46689919350971,0.956565893748499,2.42454587843683,-1.46797998468833,-2.51033329976121,-1.04235331507288
"542551",0.340939758951089,1.16099344486543,0.664853204618683,0.496140240246745,0.820053685914339,0.323913445667594
"506177",0.383660388311875,1.10444823828187,0.656530363694576,0.447917874587296,0.720787849969998,0.272869975382702
"33194",0.436477972119116,1.14816687358035,0.698959449386181,0.44920742419417,0.711688901461234,0.262481477267065
"271291",1.43537890246818,1.58032627799485,1.49112394753504,0.0892023304598044,0.144947375526668,0.0557450450668633
"162968",1.13359185020546,1.63867186224249,1.33433431501198,0.304337547230514,0.50508001203703,0.200742464806516
"467664",0.530132801633013,1.12499376247893,0.752279920900528,0.372713841578405,0.59486096084592,0.222147119267515
"327942",1.5776439682871,1.5193498639887,1.5496638139665,-0.0303139499778042,-0.0582941042984058,-0.0279801543206015
"35232",2.23156344411538,2.15713091566349,2.19530217744792,-0.0381712617844263,-0.0744325284518856,-0.0362612666674593
"64538",4.97818458848059,2.42140423001993,3.56610381944448,-1.14469958942455,-2.55678035846067,-1.41208076903612
"535871",0.85570527094636,1.59815707885334,1.16181557164305,0.436341507210285,0.742451807906979,0.306110300696694
"179505",1.06963155715664,1.04621602739623,1.06289912150628,-0.0166830941100489,-0.0234155297604079,-0.00673243565035908
"334496",0.335688669724708,1.16138271590688,0.6498300019216,0.511552713985281,0.825694046182174,0.314141332196892
"386052",1.00815700990787,1.57655820392133,1.24043351427947,0.336124689641857,0.568401194013462,0.232276504371605
"358368",1.46928424854866,1.16141902431056,1.3406602212821,-0.179241196971535,-0.307865224238102,-0.128624027266568
"73285",1.00919979653848,1.13479549941804,1.06401146290685,0.0707840365111929,0.125595702879555,0.0548116663683622
"451969",1.29040316504774,1.37640583002603,1.32631951106504,0.0500863189609908,0.0860026649782899,0.0359163460172991
"4236",1.66289676489904,1.16760516097845,1.45722514282512,-0.289619981846671,-0.495291603920588,-0.205671622073917
"184908",2.01812103581914,1.8207476104785,1.92933861295173,-0.108591002473229,-0.197373425340644,-0.0887824228674154
"417065",3.81188771883431,2.12652306806213,2.85583679109055,-0.729313723028422,-1.68536465077218,-0.956050927743762
"18057",4.76451675024811,1.67566163538609,2.97850250668843,-1.30284087130234,-3.08885511486202,-1.78601424355968
"304489",0.367466665849117,1.12634211972819,0.655330570780836,0.471011548947356,0.758875453879075,0.287863904931719
"549345",2.32633780320563,1.57008592935212,1.98748227950644,-0.417396350154318,-0.75625187385351,-0.338855523699192
"93859",2.05192117387884,1.19397633203188,1.63588883241423,-0.441912500382347,-0.85794484184696,-0.416032341464613
"557811",0.49344623954087,1.22464894485177,0.766139928649726,0.458509016202042,0.731202705310898,0.272693689108856
"350823",0.849629945528752,1.20880746626609,1.01070893761607,0.198098528650021,0.359177520737336,0.161078992087315
"119049",3.47195768873131,2.4515245341249,2.91298215136687,-0.461457617241966,-1.02043315460641,-0.55897553736444
"437966",0.27490957140022,1.06590506461095,0.583841942832977,0.482063121777975,0.790995493210732,0.308932371432757
"127459",3.03518245228562,1.82544834030496,2.41935240796186,-0.593904067656903,-1.20973411198066,-0.615830044323757
"307243",1.00712914329045,1.21111925777,1.09625708711064,0.114862170659355,0.203990114479541,0.0891279438201862
"266845",3.47582436054987,1.74555616654681,2.60100926946022,-0.855453102913409,-1.73026819400306,-0.874815091089652
"476858",0.147586765152669,1.17468119388864,0.555523925816337,0.619157268072301,1.02709442873597,0.407937160663668
"377834",0.318028249739379,1.14468268225734,0.628949281640668,0.515733400616669,0.826654432517958,0.310921031901289
"120304",1.30058345430455,0.983903430710008,1.16278195607475,-0.178878525364738,-0.31668002359454,-0.137801498229801
"245361",0.100452046804233,1.10074627997387,0.511711288533141,0.589034991440727,1.00029423316964,0.411259241728908
"405690",1.01549327370139,1.19881293136316,1.09536434973438,0.103448581628785,0.183319657661771,0.0798710760329864
"383279",1.0488795628878,1.31750500499514,1.16564088877811,0.151864116217027,0.268625442107338,0.116761325890312
"41290",1.75700233618942,1.81622145652837,1.78417668288198,0.0320447736463929,0.0592191203389458,0.0271743466925529
"315689",0.443918848082068,1.08851469401445,0.679635800111407,0.408878893903046,0.644595845932385,0.235716952029339
"56502",2.11629518319165,1.0366381275827,1.66845455607412,-0.631816428491426,-1.07965705560895,-0.447840627117525
"287468",1.28197602554518,1.22631305808772,1.25775756197045,-0.031444503882728,-0.0556629674574514,-0.0242184635747233
"456407",0.380047429585918,1.17960629710456,0.679720837530367,0.499885459574195,0.799558867518644,0.29967340794445
"474050",1.8247935795969,1.80039661428557,1.81372884298009,-0.0133322286945226,-0.0243969653113318,-0.0110647366168093
"183624",1.44017245905057,1.47694016108834,1.45381091410877,0.0231292469795734,0.036767702037771,0.0136384550581976
"122053",0.805115267367558,1.22384405178215,0.993473990303961,0.230370061478193,0.418728784414596,0.188358722936403
"96441",4.25413313911328,2.46321904155072,3.27109831531643,-0.807879273765705,-1.79091409756255,-0.98303482379685
"130880",0.493433468351846,1.19576481813846,0.753557764363297,0.442207053775165,0.702331349786615,0.26012429601145
"214586",6.46109635055781,2.73178429048206,4.10404401080682,-1.37225972032476,-3.72931206007574,-2.35705233975099
"350764",0.889213035256382,1.65933520303416,1.2040755042989,0.45525969873526,0.77012216777778,0.31486246904252
"98128",0.436208472258235,1.24910990985939,0.734545886245073,0.514564023614317,0.812901437601155,0.298337413986838
"188598",10,2.97243316015929,5.81195210711412,-2.83951894695483,-7.02756683984071,-4.18804789288588
"319080",0.196420850234544,1.04790855595399,0.526524197165218,0.521384358788769,0.851487705719443,0.330103346930674
"318655",0.981301627768046,1.25946986826547,1.10250658890744,0.156963279358032,0.278168240497422,0.12120496113939
"384664",1.12697083134352,0.994100841000591,1.07916935569498,-0.0850685146943865,-0.132869990342933,-0.0478014756485461
"410816",2.07234990325729,1.71571770738792,1.91319138826106,-0.197473680873132,-0.356632195869363,-0.159158514996231
"165099",0.786133639648384,1.24893676465877,0.994121511998517,0.254815252660255,0.462803125010389,0.207987872350134
"461096",0.385382379529489,1.07715473153903,0.642434716009921,0.434720015529105,0.691772352009536,0.257052336480432
"198937",5.98546005521449,1.97260465049622,3.30721829167373,-1.33461364117752,-4.01285540471828,-2.67824176354076
"190641",3.38302350462289,1.69379475027547,2.5231705799616,-0.829375829686134,-1.68922875434742,-0.859852924661286
"173767",2.10972800673906,1.57846982393825,1.86785842450334,-0.28938860056509,-0.531258182800808,-0.241869582235718
"551167",1.08639927771994,1.73534342147378,1.34394489130581,0.391398530167963,0.648944143753835,0.257545613585871
"71209",2.45281898628437,0.939718960108755,1.82081233296109,-0.881093372852335,-1.51310002617562,-0.632006653323282
"392502",5.04878309285532,2.03487711578107,3.34002302441959,-1.30514590863852,-3.01390597707425,-1.70876006843573
"4455",0.273584720064189,1.21226383347618,0.639228566506237,0.573035266969939,0.938679113411987,0.365643846442048
"530522",1.61145855525703,1.97851236152448,1.77415709634488,0.204355265179603,0.367053806267448,0.162698541087845
"289470",0.465114561237415,1.03089548843406,0.672836450891673,0.35805903754239,0.565780927196648,0.207721889654258
"51011",0.219728287937378,1.12832868101287,0.573312254052818,0.555016426960054,0.908600393075494,0.35358396611544
"212098",0.729906015733213,1.29385066033786,0.984154212129849,0.309696448208013,0.563944644604649,0.254248196396636
"361202",2.21977682571903,1.55181390001042,1.91625070552663,-0.364436805516211,-0.667962925708605,-0.303526120192394
"477147",0.491599575972059,1.19295711313001,0.752074470843977,0.44088264228603,0.701357537157949,0.260474894871919
"251515",3.1866127156829,1.83237863844256,2.50469588822311,-0.672317249780551,-1.35423407724034,-0.681916827459789
"132941",3.42607258142941,1.93179472880848,2.68255439980571,-0.75075967099722,-1.49427785262093,-0.743518181623709
"118725",7.0607168701722,1.47137965776201,3.81842016666671,-2.3470405089047,-5.58933721241019,-3.24229670350549
"545928",1.83542534579059,1.20989294198922,1.52713404193788,-0.317241099948665,-0.625532403801371,-0.308291303852706
"45941",1.56866800331399,1.86899913031926,1.70659974939283,0.162399380926437,0.300331127005278,0.137931746078841
"23285",3.58166916560281,0.90486492914124,2.29669441204699,-1.39182948290575,-2.67680423646157,-1.28497475355583
"254240",4.015894319306,2.19744398448049,2.99458178115211,-0.797137796671615,-1.81845033482551,-1.02131253815389
"358590",2.09998201386834,0.761115039799885,1.66376970982348,-0.902654670023598,-1.33886697406846,-0.43621230404486
"112593",3.42399704830435,2.33285573035494,2.81114684738792,-0.478291117032989,-1.09114131794942,-0.612850200916427
"269255",0.354203937492841,0.986213659834011,0.595705486691109,0.390508173142902,0.632009722341171,0.241501549198269
"449794",1.07531146669566,1.42920256537766,1.22292177672331,0.206280788654359,0.353891098682007,0.147610310027648
"86684",3.17242019126731,2.03285825275442,2.60423605589359,-0.571377803139164,-1.13956193851288,-0.568184135373721
"359897",2.50348701157697,1.58721039072282,2.0952380900799,-0.508027699357083,-0.916276620854152,-0.408248921497069
"254506",0.218657230772664,1.14745838456661,0.576148765314432,0.57130961925218,0.928801153793948,0.357491534541768
"315590",5.76143581224904,1.22932438205067,3.42202597333174,-2.19270159128107,-4.53211143019837,-2.3394098389173
"528984",0.427395776243953,1.03522702437766,0.650818983443762,0.384408040933901,0.60783124813371,0.223423207199809
"316452",0.166377847488044,1.09345009508097,0.531700396540189,0.561749698540782,0.927072247592927,0.365322549052145
"295921",1.12640799460192,1.66972433056878,1.33898358928183,0.330740741286951,0.543316335966859,0.212575594679908
"208888",1.80773987112233,1.37204756313442,1.5990916545716,-0.227044091437181,-0.435692307987908,-0.208648216550727
"17644",7.34665575903325,2.25248941479053,3.3916236217764,-1.13913420698587,-5.09416634424273,-3.95503213725685
"480402",1.62574625026726,1.89306188252878,1.74403536257302,0.149026519955759,0.267315632261521,0.118289112305762
"256369",1.04285461565305,0.749948315780255,0.954233157736856,-0.204284841956602,-0.292906299872797,-0.088621457916195
"566417",2.17251502572412,2.21327317279733,2.19320698295393,0.0200661898434,0.0407581470732117,0.0206919572298117
"300945",0.575638602129253,1.17549377389845,0.791770114023996,0.383723659874453,0.599855171769196,0.216131511894743
"568762",4.1673189293331,1.75281543962558,2.96482283042029,-1.21200739079471,-2.41450348970752,-1.20249609891281
"1941",0.906605403283551,1.28508704827118,1.03665581580584,0.248431232465336,0.378481644987625,0.130050412522288
"484126",0.991868584097135,1.28382109203779,1.11755994717411,0.16626114486368,0.291952507940657,0.125691363076977
"483841",0.347195651389971,1.17814927579303,0.656814569067558,0.52133470672547,0.830953624403057,0.309618917677586
"523256",4.06624449458832,1.14957131678065,2.72603873843931,-1.57646742165867,-2.91667317780768,-1.34020575614901
"259306",0.803741830307244,1.58015069592867,1.12654813856933,0.453602557359341,0.776408865621427,0.322806308262086
"567689",0.417900712394852,1.15217414917264,0.693889083601773,0.458285065570865,0.734273436777786,0.275988371206921
"125644",2.24548523951194,1.26069059184005,1.77941962586567,-0.518729034025626,-0.984794647671891,-0.466065613646265
"229627",6.54888693737872,1.74848383074923,3.8185548244148,-2.07007099366557,-4.80040310662948,-2.73033211296392
"93946",1.3441693407243,1.36016602619349,1.35204905379,0.0081169724034853,0.0159966854691884,0.00787971306570312
"56127",0.225903597318722,1.03385513849619,0.542379283781713,0.491475854714479,0.80795154117747,0.316475686462991
"101499",0.183967055427807,1.25177741455609,0.590901003368588,0.660876411187501,1.06781035912828,0.406933947940782
"313065",3.5320396783308,2.24499109817413,2.80144945173974,-0.556458353565611,-1.28704858015667,-0.730590226591064
"335448",3.98636214878211,1.67892748717261,2.82798308688086,-1.14905559970826,-2.30743466160951,-1.15837906190125
"278467",2.05245002176756,1.30516839528812,1.70886861271633,-0.403700217428204,-0.747281626479436,-0.343581409051232
"383740",0.548536980779509,1.20511823198121,0.782737001860156,0.422381230121049,0.656581251201696,0.234200021080647
"329429",4.33019191732591,0.7541843419385,2.77960020994193,-2.02541586800343,-3.57600757538741,-1.55059170738398
"472154",0.916657473428439,1.69051091380173,1.23030917924181,0.460201734559912,0.773853440373287,0.313651705813375
"449408",0.522169565499529,1.0673881518853,0.720819799326277,0.346568352559025,0.545218586385773,0.198650233826749
"296082",2.4212004986354,2.35991818782822,2.39140406544658,-0.0314858776183589,-0.0612823108071825,-0.0297964331888236
"279588",2.34975697218997,1.3759057435642,1.90197184149031,-0.526066097926106,-0.973851228625768,-0.447785130699662
"27133",4.04789752024076,2.26517877457345,3.04419699349488,-0.779018218921429,-1.78271874566731,-1.00370052674588
"129055",1.91089606366265,1.31165464848418,1.6724445181995,-0.360789869715319,-0.599241415178476,-0.238451545463157
"125695",1.67890319269847,1.56620671525929,1.62624777474497,-0.0600410594856851,-0.112696477439183,-0.0526554179534975
"537577",0.984814798006725,1.21206186483102,1.08464830225563,0.127413562575392,0.227247066824294,0.0998335042489017
"546029",1.7536605167081,1.26572810807968,1.51370894998962,-0.247980841909942,-0.487932408628418,-0.239951566718476
"230455",3.64778332734665,2.87664444848785,3.23677166062058,-0.360127212132731,-0.771138878858804,-0.411011666726072
"39136",0.868421681421867,1.25523268149614,1.03889966021135,0.21633302128479,0.386811000074276,0.170477978789487
"79581",2.40022966251177,1.3221145218741,1.89948770962366,-0.577373187749557,-1.07811514063767,-0.500741952888113
"269467",1.97911472438463,2.21997289749287,2.09702191501855,0.122950982474324,0.24085817310824,0.117907190633916
"87808",1.40910263808895,1.0797575396816,1.29301059557281,-0.213253055891213,-0.329345098407347,-0.116092042516134
"235124",1.27515618899241,1.89695204999262,1.55931357728969,0.33763847270293,0.621795861000211,0.284157388297281
"229908",2.81585909703176,1.86964068217298,2.33579532526651,-0.466154643093528,-0.94621841485878,-0.480063771765253
"436024",1.82881909361486,1.73380633285704,1.78584545750783,-0.0520391246507841,-0.0950127607578133,-0.0429736361070292
"242043",0.487861176835568,1.21358256813653,0.753214925585819,0.46036764255071,0.725721391300962,0.265353748750252
"141092",0.220005343702158,1.16667981700752,0.568800694506262,0.597879122501262,0.946674473305366,0.348795350804104
"138789",2.02619011386731,1.92705893716806,1.98347529760001,-0.0564163604319521,-0.0991311766992462,-0.0427148162672941
"546046",1.1723536426463,1.1262343143415,1.15565126276499,-0.0294169484234923,-0.0461193283047983,-0.016702379881306
"50997",2.14165191213999,1.94981968367435,2.05932034812178,-0.109500664447426,-0.191832228465637,-0.0823315640182116
"506292",1.99588787736766,1.6905202243379,1.85754060191687,-0.167020377578964,-0.305367653029758,-0.138347275450794
"30074",1.12356111667769,1.12329463862305,1.12332700727684,-3.23686537868628e-05,-0.000266478054636421,-0.000234109400849558
"55228",3.15322197050816,1.79546716051552,2.46706629944477,-0.671599138929249,-1.35775480999263,-0.686155671063385
"397645",2.13460473485478,1.47446347641698,1.83010851256704,-0.355645036150062,-0.6601412584378,-0.304496222287737
"163227",0.85986136652099,1.36097121106659,1.07610193603552,0.284869275031071,0.501109844545604,0.216240569514533
"476077",1.20910768518305,1.52297543264135,1.334647389357,0.188328043284349,0.313867747458297,0.125539704173948
"340090",0.987048676923263,1.44523758077426,1.22757678322633,0.217660797547929,0.458188903851,0.240528106303071
"410980",0.845201592392947,1.21858440490041,0.974673942518809,0.243910462381598,0.37338281250746,0.129472350125862
"171253",3.22816069779978,1.84896775224,2.54350609886236,-0.694538346622362,-1.37919294555978,-0.684654598937421
"229213",2.73103479964279,1.01185370635402,2.02488633978438,-1.01303263343036,-1.71918109328877,-0.706148459858414
"441716",0.910657630693143,1.10643491140386,0.99903224471359,0.107402666690272,0.195777280710719,0.0883746140204467
"294335",2.08686024691513,1.71661568373942,1.92187922954809,-0.205263545808665,-0.370244563175709,-0.164981017367044
"28454",0.960555981840721,1.09368868477347,1.0201071383455,0.0735815464279754,0.133132702932754,0.0595511565047782
"112225",1.20255013877795,1.18224673770643,1.19348001876788,-0.0112332810614455,-0.0203034010715217,-0.00907012001007623
"434667",0.43846090537808,1.19448991884759,0.714419764718847,0.480070154128742,0.756029013469508,0.275958859340766
"91330",1.06277699342903,1.22882505414934,1.13475939450515,0.0940656596441891,0.166048060720308,0.0719824010761188
"378616",0.213733752791702,1.05505514607352,0.534940933122743,0.520114212950781,0.841321393281822,0.321207180331041
"554694",1.09472573985319,1.37498522223512,1.21039524877343,0.164589973461688,0.280259482381926,0.115669508920237
"190957",1.20296912599935,1.59154584623452,1.35631664741632,0.235229198818207,0.388576720235171,0.153347521416964
"421056",3.28866859835552,1.71397277814756,2.482977802614,-0.769005024466437,-1.57469582020796,-0.805690795741522
"327171",0.803351907348461,1.5150661058124,1.10530755792088,0.409758547891525,0.71171419846394,0.301955650572415
"8589",0.751233983193853,1.63352338213438,1.12015398339199,0.513369398742392,0.882289398940531,0.368920000198139
"267368",2.38739009518911,1.46945625407743,1.88060884019347,-0.411152586116035,-0.917933841111678,-0.506781254995643
"73519",2.22006454342354,2.20260881924805,2.21139170039859,-0.00878288115053616,-0.0174557241754827,-0.00867284302494653
"230423",0.981948849633817,1.27521272249065,1.10866875170064,0.166543970790014,0.293263872856836,0.126719902066822
"358701",1.41988412556582,2.04436868014884,1.69675726726166,0.347611412887174,0.624484554583013,0.276873141695839
"497548",0.978311992329324,1.39731480674718,1.15648633865482,0.240828468092357,0.419002814417853,0.178174346325496
"117825",0.714653424575726,1.2717566868188,0.966632987235169,0.305123699583632,0.557103262243075,0.251979562659443
"576041",0.899933577873507,1.15933762593338,1.01617351670871,0.143164109224662,0.259404048059869,0.116239938835207
"418607",1.84047091340866,1.26853500874879,1.56086468010869,-0.292329671359897,-0.571935904659871,-0.279606233299974
"174560",3.75435114000394,2.14494567249488,2.83121553688215,-0.686269864387276,-1.60940546750906,-0.923135603121788
"539047",1.7087595326229,1.34710175474616,1.53213227840447,-0.18503052365831,-0.361657777876743,-0.176627254218434
"436210",1.14155548514387,1.04027429225997,1.09611281039379,-0.0558385181338217,-0.101281192883898,-0.0454426747500765
"42015",1.12429892330607,1.52077502183447,1.28432061771614,0.236454404118337,0.3964760985284,0.160021694410063
"306015",0.162769368514677,1.18013967339877,0.554920295247362,0.625219378151408,1.01737030488409,0.392150926732685
"535977",1.06706634743193,2.04204910987388,1.51392065533556,0.528128454538322,0.974982762441952,0.446854307903631
"166628",1.10298036737533,2.09795884379008,1.55097763806292,0.546981205727165,0.994978476414758,0.447997270687593
"536085",1.20931548371744,1.48726731483743,1.32150781707415,0.165759497763281,0.27795183111999,0.112192333356709
"37431",1.26488820283532,1.32863621739208,1.29165619775847,0.0369800196336143,0.0637480145567599,0.0267679949231456
"374946",0.244500203038721,1.08196304712303,0.56754079379343,0.5144222533296,0.837462844084309,0.323040590754709
"542173",6.82949474151946,1.91071899701595,4.08835594664949,-2.17763694963354,-4.91877574450351,-2.74113879486998
"191135",0.241789588686484,1.08831020309227,0.561018503197088,0.527291699895181,0.846520614405786,0.319228914510604
"179906",3.11181740098992,1.75948007087519,2.42699451391436,-0.667514443039162,-1.35233733011473,-0.684822887075567
"508497",0.466548378501232,1.44154298190846,0.910282540368485,0.531260441539977,0.97499460340723,0.443734161867253
"346532",1.87205459042355,1.16123394324795,1.58387379143563,-0.422639848187675,-0.710820647175597,-0.288180798987922
"341880",0.260533529589835,1.2015666589234,0.606900487065868,0.594666171857536,0.941033129333569,0.346366957476033
"238460",0.90388105216054,1.62144041225366,1.19663067386632,0.424809738387339,0.717559360093123,0.292749621705784
"150270",1.50321679989812,1.87077759016694,1.66945066537187,0.201326924795069,0.36756079026882,0.166233865473751
"81673",0.0955557125702541,1.1823942407593,0.513956918657691,0.668437322101609,1.08683852818905,0.418401206087437
"534231",1.37194265890872,1.99396874821875,1.65213112711208,0.341837621106665,0.622026089310026,0.280188468203361
"182144",0.441036146995653,1.24212475930296,0.737281859712064,0.5048428995909,0.80108861230731,0.29624571271641
"70250",0.444118005492993,1.2224246348391,0.728509995171323,0.493914639667778,0.778306629346109,0.284391989678331
"72439",8.65894000473702,2.27976343032821,4.59150544363993,-2.31174201331172,-6.37917657440881,-4.06743456109709
"530502",2.41057920507114,1.82270791796597,2.15440298243197,-0.331695064465992,-0.587871287105167,-0.256176222639175
"264916",0.29224519947202,1.21369473106206,0.630347523194933,0.583347207867125,0.921449531590038,0.338102323722913
"9942",3.08488738176065,1.11369892132224,2.28824827746731,-1.17454935614507,-1.97118846043841,-0.796639104293333
"403153",1.0110268261877,1.21473516134336,1.09930126692819,0.115433894415175,0.203708335155658,0.0882744407404832
"81696",5.16060143140644,2.46443529539665,3.68203092345805,-1.2175956280614,-2.69616613600979,-1.47857050794838
"81260",1.02973766055332,1.33943563716745,1.15968121974556,0.179754417421889,0.309697976614129,0.12994355919224
"532167",1.02051599804571,1.35978021705892,1.16351072914125,0.19626948791767,0.339264219013212,0.142994731095542
"454105",0.82394011224613,1.24991579416315,1.01281713487025,0.237098659292908,0.425975681917024,0.188877022624117
"461213",0.840709742648017,1.93608063784573,1.27220114537051,0.663879492475223,1.09537089519771,0.43149140272249
"334478",1.3203660899339,1.1162717938357,1.2334736165408,-0.117201822705094,-0.204094296098192,-0.0868924733930978
"346482",1.8251619033338,1.6455987592121,1.7426478018563,-0.0970490426442021,-0.179563144121704,-0.0825141014775015
"163129",0.153001409532021,1.18378868602872,0.546321909520943,0.637466776507778,1.0307872764967,0.393320499988922
"205134",3.28043278664897,0.829220535813397,2.35529836066457,-1.52607782485117,-2.45121225083557,-0.925134425984402
"355316",1.03930364120506,1.29897785545041,1.15065593867146,0.148321916778948,0.259674214245345,0.111352297466397
"535807",4.10685907515104,1.61304098015306,2.8527553624008,-1.23971438224773,-2.49381809499798,-1.25410371275025
"52805",2.10592811023954,1.75908880585151,1.9512493498535,-0.192160544001982,-0.346839304388027,-0.154678760386045
"317776",0.885459129403468,1.15441142310684,1.0061496582588,0.148261764848044,0.268952293703372,0.120690528855328
"572125",0.189864872264995,1.166066700915,0.574318925159249,0.591747775755755,0.976201828650009,0.384454052894255
"455492",3.63205674470655,2.18873492414665,2.81452072970179,-0.625785805555139,-1.4433218205599,-0.817536015004766
"124621",2.04614914983585,1.9592384599735,2.00860494223597,-0.0493664822624704,-0.0869106898623504,-0.03754420759988
"538427",0.812401726052033,1.28658671213478,1.02329938497068,0.263287327164101,0.474184986082743,0.210897658918642
"254058",0.526251579283296,1.14005014140008,0.752409666186418,0.387640475213659,0.613798562116781,0.226158086903122
"210357",1.5722034955026,1.66658962227105,1.61672427501877,0.0498653472522725,0.0943861267684496,0.0445207795161771
"370488",0.23915193667864,1.27381769602164,0.642761105275291,0.631056590746346,1.034665759343,0.40360916859665
"523116",1.06526857245351,1.58098629795109,1.27271906264146,0.308267235309634,0.515717725497585,0.207450490187951
"486313",3.82924232039317,1.68626045737703,2.74993419628015,-1.06367373890312,-2.14298186301614,-1.07930812411302
"346816",0.594735424061306,1.72842750554408,1.07628645659065,0.652141048953426,1.13369208148277,0.481551032529343
"469735",2.31209949341878,1.17708662154448,1.77130625002377,-0.59421962847929,-1.1350128718743,-0.540793243395007
"18177",0.937798028110865,1.77062266084818,1.27224338805382,0.498379272794352,0.832824632737312,0.33444535994296
"230793",0.763900468929849,1.07276301431572,0.874735563356455,0.198027450959265,0.308862545385872,0.110835094426606
"417304",0.328884957372683,1.30289106687968,0.691727604382288,0.611163462497391,0.974006109506996,0.362842647009605
"441288",1.10272172204939,0.977277578863618,1.05782583756983,-0.0805482587062102,-0.125444143185775,-0.0448958844795651
"508714",1.00721642106549,1.32014892716202,1.14157785719801,0.178571069964006,0.312932506096531,0.134361436132525
"546852",2.9157698890754,1.57156488111067,2.07226789942213,-0.500703018311462,-1.34420500796473,-0.84350198965327
"1106",0.862493254929177,1.49033347830478,1.12695671024152,0.363376768063264,0.627840223375605,0.264463455312341
"283050",0.668540876476728,1.33897371853207,0.967250832809935,0.371722885722138,0.670432842055345,0.298709956333207
"336066",0.381252515643382,1.20442758610834,0.681607277431977,0.522820308676362,0.823175070464956,0.300354761788594
"96144",4.06288939509295,2.2402405784218,3.03491458904724,-0.794674010625435,-1.82264881667115,-1.02797480604572
"216038",1.65551415288174,1.88698133261376,1.75811065537833,0.128870677235424,0.23146717973202,0.102596502496596
"431039",0.204438009986752,1.08412136672044,0.542056965635671,0.542064401084774,0.879683356733693,0.337618955648918
"517175",3.04167523637579,2.1388892034949,2.59571421184428,-0.456825008349378,-0.902786032880885,-0.445961024531507
"532931",1.8562068881576,2.34416545267176,2.09839386609477,0.245771586576987,0.487958564514162,0.242186977937174
"8833",2.39026895859161,2.23963962618691,2.3140535189193,-0.0744138927323861,-0.150629332404699,-0.0762154396723127
"467479",0.152972131784069,1.2733782974199,0.557664340961878,0.71571395645802,1.12040616563583,0.404692209177809
"201730",2.93071425076703,1.93836429613207,2.42935021550171,-0.490985919369648,-0.992349954634961,-0.501364035265313
"364264",0.445557553274082,1.3272054914529,0.762588765491051,0.564616725961846,0.881647938178815,0.317031212216969
"89027",0.803422565546557,1.3458238247416,1.04035053742854,0.305473287313061,0.542401259195041,0.236927971881979
"415203",3.29294609664218,2.05615913169567,2.68584270708434,-0.629683575388671,-1.23678696494651,-0.607103389557842
"231702",0.121880833103585,1.42370991115772,0.622608643225309,0.801101267932409,1.30182907805413,0.500727810121724
"218204",0.858561703744298,1.10032215495655,0.968978838281082,0.131343316675464,0.241760451212248,0.110417134536784
"309068",2.5284874037008,2.02798152238398,2.27789704914094,-0.249915526756956,-0.500505881316822,-0.250590354559865
"121320",0.458568417860934,1.07539475748743,0.682008605669418,0.393386151818008,0.616826339626491,0.223440187808484
"342515",9.52759731855501,1.46378362803028,9.52759731855501,-8.06381369052474,-8.06381369052474,0
"511151",1.03169250681071,1.51035617100051,1.22894723634299,0.281408934657524,0.478663664189805,0.197254729532281
"91176",1.91287488098303,1.67467944313788,1.80397084831106,-0.129291405173179,-0.238195437845151,-0.108904032671972
"120700",4.91924707533361,2.65666335883084,3.4585846515977,-0.801921292766861,-2.26258371650276,-1.4606624237359
"579193",4.25568739139741,1.31840720384253,2.72696778352632,-1.40856057968379,-2.93728018755488,-1.52871960787109
"382520",0.731777624519462,1.23017992735401,0.957798738177032,0.272381189176981,0.49840230283455,0.22602111365757
"71259",7.03985002396786,1.38622708327761,3.73815790388837,-2.35193082061075,-5.65362294069025,-3.3016921200795
"351532",0.406098883081757,1.29507233101686,0.730433409087556,0.564638921929302,0.8889734479351,0.324334526005799
"544676",0.824603359541326,1.34712713115839,1.00673866018027,0.340388470978126,0.522523771617068,0.182135300638942
"225383",3.41089097561378,1.59378278351838,2.47857983587536,-0.884797052356978,-1.81710819209539,-0.932311139738417
"26528",0.227381378132085,1.23523473158978,0.621249660599156,0.613985070990628,1.0078533534577,0.393868282467071
"548877",2.88952362873785,2.33650513651684,2.62185580244086,-0.285350665924023,-0.553018492221009,-0.267667826296986
"572017",0.580414521884274,1.26689068229611,0.823530073702301,0.443360608593812,0.68647616041184,0.243115551818028
"578254",1.7840138850607,1.34221917200565,1.60706479089298,-0.264845618887324,-0.441794713055043,-0.176949094167719
"438397",3.02531028003909,2.22919206985537,2.63319521655084,-0.404003146695467,-0.796118210183711,-0.392115063488244
"360549",2.82922971665633,2.0549869438162,2.44191951972357,-0.386932575907371,-0.774242772840128,-0.387310196932757
"370923",2.94804194053699,2.42478924432091,2.65171613284488,-0.226926888523974,-0.523252696216082,-0.296325807692107
"122666",2.48904400174748,1.92516809612043,2.20260525088245,-0.277437154762023,-0.563875905627052,-0.286438750865029
"351465",1.18955124541119,1.20960234572844,1.19818151959763,0.0114208261308022,0.0200511003172441,0.00863027418644191
"286038",0.662450223472892,1.34563651077542,0.974068939317525,0.371567571457892,0.683186287302524,0.311618715844633
"443935",1.05920515902431,1.25589411875802,1.1438948058752,0.111999312882817,0.196688959733708,0.0846896468508913
"87252",0.289247118030865,1.26521950840374,0.666963286795349,0.598256221608391,0.975972390372875,0.377716168764485
"199526",0.960631572560371,1.23020184043759,1.07741483165581,0.15278700878178,0.269570267877221,0.116783259095441
"227055",0.148696460419654,1.29994419885161,0.581895026849178,0.718049172002428,1.15124773843195,0.433198566429524
"362778",0.940897462071666,1.27395151105604,1.08613544687741,0.187816064178632,0.333054048984376,0.145237984805744
"574701",0.638216666574837,1.24371832724521,0.852067736977123,0.391650590268082,0.605501660670368,0.213851070402287
"287596",1.28757005302425,1.95911589780194,1.60108211107614,0.358033786725791,0.671545844777686,0.313512058051895
"562562",1.07080141392444,1.41029704586164,1.21034162213336,0.199955423728279,0.339495631937203,0.139540208208924
"135530",0.876358542535719,1.23795789723885,1.03528735072202,0.202670546516833,0.361599354703132,0.158928808186298
"184282",0.0612211200273003,1.14731052014926,0.4819574616269,0.665353058522358,1.08608940012196,0.4207363415996
"93926",0.835898387963993,1.15316423583825,0.950275748588767,0.20288848724948,0.317265847874254,0.114377360624774
"45956",1.23581745422806,1.42302613416103,1.31103063173521,0.111995502425825,0.187208679932977,0.0752131775071518
"12092",1.23118394807233,1.22500769911409,1.22882534351383,-0.00381764439974064,-0.00617624895823887,-0.00235860455849823
"378621",1.90896910348011,1.08394836361803,1.56561020040429,-0.481661836786262,-0.825020739862072,-0.34335890307581
"413801",1.53211551237595,1.44809560137886,1.49113852324774,-0.0430429218688755,-0.0840199109970836,-0.0409769891282081
"243236",5.21329678374904,1.46671628982102,3.32480966528698,-1.85809337546596,-3.74658049392802,-1.88848711846206
"377956",1.76868168897406,0.782177546767874,1.40271128526164,-0.620533738493762,-0.986504142206185,-0.365970403712424
"66389",6.58253355902015,2.30125421543998,3.80176037775863,-1.50050616231865,-4.28127934358017,-2.78077318126152
"436355",1.83249749519752,1.76595090685755,1.80305765724304,-0.0371067503854847,-0.0665465883399654,-0.0294398379544807
"528635",0.185468817920056,1.31690264031679,0.625416184322295,0.691486455994492,1.13143382239673,0.439947366402239
"484366",0.766761221684254,1.25428846952443,0.985943649160994,0.26834482036344,0.48752724784018,0.21918242747674
"515679",0.670277040996089,1.08497268417423,0.820938745836023,0.264033938338207,0.41469564317814,0.150661704839934
"214154",1.32993425013227,1.43266672215074,1.37244303235727,0.0602236897934771,0.102732472018477,0.0425087822250003
"143571",6.7988649710385,2.59974237375837,4.12812411769922,-1.52838174394085,-4.19912259728014,-2.67074085333928
"412201",1.20998919407064,1.31334049368309,1.25431069274963,0.0590298009334558,0.103351299612449,0.044321498678993
"401797",2.60383075049855,2.30161499267071,2.45618777997064,-0.154572787299923,-0.302215757827842,-0.147642970527919
"491035",0.169683325572765,1.22832281759603,0.57085634750461,0.657466470091422,1.05863949202327,0.401173021931845
"483491",0.70817876308511,1.24203302783162,0.95221522945843,0.289817798373192,0.533854264746512,0.24403646637332
"318509",1.5763301221146,2.18267865325585,1.83772712140068,0.344951531855175,0.606348531141256,0.261396999286082
"460777",0.239137086243107,1.19126198113213,0.58634964999735,0.604912331134776,0.952124894889019,0.347212563754243
"95976",7.56300745332196,1.4336912366958,4.01323512470265,-2.57954388800685,-6.12931621662616,-3.54977232861931
"568691",0.128354885073115,1.27421892720866,0.551958142196796,0.722260785011865,1.14586404213555,0.42360325712368
"348670",0.999615796736093,1.1767907619826,1.06173735865759,0.11505340332501,0.177174965246503,0.0621215619214931
"362155",2.78639912524519,1.50077618946573,2.09684650096031,-0.596070311494581,-1.28562293577946,-0.689552624284878
"95969",3.05809110591261,1.16751105767024,2.18208867110648,-1.01457761343624,-1.89058004824237,-0.876002434806132
"363658",2.66967294939474,1.39390731301645,2.09040143183458,-0.696494118818125,-1.27576563637829,-0.579271517560167
"499833",0.22999749390519,1.0197248037308,0.535367644277525,0.484357159453276,0.78972730982561,0.305370150372335
"495883",6.29877132162368,2.28807269999581,3.68814492696611,-1.40007222697031,-4.01069862162788,-2.61062639465757
"160301",0.978311611142925,1.29505009266195,1.08934013663542,0.205709956026532,0.316738481519025,0.111028525492494
"50131",0.592448320883646,1.17241426428623,0.792404192174561,0.380010072111672,0.579965943402586,0.199955871290914
"259279",10,3.53909960093105,5.5034197608189,-1.96432015988786,-6.46090039906895,-4.4965802391811
"393480",3.34533330643,2.45418478129242,2.92278503804757,-0.46860025675515,-0.891148525137582,-0.422548268382431
"381498",1.03040109242396,1.59580696027419,1.25592881517488,0.339878145099311,0.565405867850234,0.225527722750924
"414492",1.88328929191403,2.265023778908,2.07796355985729,0.18706021905071,0.381734486993971,0.194674267943261
"573721",6.32088212760577,2.96377703309372,4.21920295516997,-1.25542592207625,-3.35710509451205,-2.1016791724358
"130484",3.52459199845877,1.72583271527238,2.62568412288968,-0.899851407617292,-1.79875928318638,-0.898907875569091
"422042",1.19594059893852,1.58884046039213,1.39028298342774,0.198557476964393,0.392899861453605,0.194342384489213
"549569",0.221025704606712,1.24822871928879,0.596983717424824,0.651245001863965,1.02720301468208,0.375958012818111
"562563",1.64919198189996,1.79063089296329,1.71362474096968,0.0770061519936101,0.141438911063329,0.0644327590697191
"495650",1.09519700947254,1.53688975031928,1.27313879808498,0.263750952234304,0.441692740846738,0.177941788612434
"38083",0.796498300347874,1.82077629033088,1.20490959000299,0.615866700327883,1.024277989983,0.408411289655118
"230726",0.921797774352848,1.56300699814583,1.18674053360126,0.376266464544572,0.641209223792983,0.264942759248411
"255784",1.66800840786709,2.41391895428527,2.03947774543093,0.374441208854348,0.745910546418181,0.371469337563834
"73144",0.442690921589585,1.16151700028676,0.710140512776495,0.451376487510266,0.718826078697177,0.267449591186911
"188928",0.590417026557236,0.986334503593379,0.733146735044109,0.253187768549269,0.395917477036142,0.142729708486873
"105798",0.393691535446745,1.14155545889917,0.676448465376189,0.465106993522986,0.74786392345243,0.282756929929444
"148794",0.329892483314464,1.27783253012748,0.674238774663444,0.603593755464041,0.947940046813021,0.34434629134898
"453774",1.90460656511275,2.43620116277944,2.16304858699734,0.273152575782097,0.531594597666687,0.25844202188459
"94192",7.2640672220391,2.085100324568,3.9198219341203,-1.8347216095523,-5.17896689747109,-3.34424528791879
"485185",2.45643963645613,1.53205885125792,1.95211834415065,-0.420059492892727,-0.924380785198204,-0.504321292305477
"61803",0.768738113140282,1.30517754053545,0.955399085783001,0.349778454752451,0.53643942739517,0.186660972642719
"563787",2.35141037637063,1.54925025472052,1.91156186368816,-0.362311608967648,-0.802160121650109,-0.439848512682461
"578490",1.47815502478871,1.81457446162643,1.63058443454477,0.183990027081663,0.336419436837719,0.152429409756056
"406360",2.28417940876549,1.96441986812635,2.11865539855641,-0.154235530430065,-0.319759540639144,-0.16552401020908
"411571",0.919428108627018,1.42419424443868,1.13214175911827,0.292052485320404,0.504766135811659,0.212713650491255
"369256",6.08186443078309,2.42791750758349,3.71147602656153,-1.28355851897804,-3.6539469231996,-2.37038840422156
"171377",3.84377282307826,1.42735383608119,2.59495428901961,-1.16760045293842,-2.41641898699707,-1.24881853405864
"18986",0.543831561344234,1.46258477337613,0.957858810144366,0.504725963231759,0.918753212031892,0.414027248800133
"415503",0.386222514737893,1.3973242383837,0.739161554510891,0.658162683872812,1.01110172364581,0.352939039772998
"529462",4.67606945871219,1.78932977244401,3.26629319037867,-1.47696341793466,-2.88673968626818,-1.40977626833352
"472098",0.802952639306141,1.39489261865777,1.05776921400534,0.337123404652431,0.591939979351626,0.254816574699195
"419887",0.368542702168581,1.42412634462316,0.740656178628103,0.683470165995057,1.05558364245458,0.372113476459522
"458952",1.03278558896058,1.89314060773386,1.36493897784657,0.528201629887293,0.860355018773289,0.332153388885996
"232731",0.333272622816692,1.40295623000364,0.708504052607202,0.694452177396434,1.06968360718694,0.37523142979051
"56266",1.67474443656128,1.34266620978012,1.54135770642723,-0.198691496647112,-0.33207822678116,-0.133386730134048
"155690",0.768129200914714,1.25460127909367,0.987264867638743,0.267336411454925,0.486472078178953,0.219135666724028
"200961",1.36714007713909,1.19154140109205,1.29415207085106,-0.102610669759008,-0.175598676047033,-0.072988006288025
"309114",1.29731994683983,0.743941193249088,1.12493413364771,-0.380992940398624,-0.553378753590742,-0.172385813192118
"76970",0.289414729309983,1.23380470001926,0.633261850862712,0.600542849156552,0.944389970709281,0.343847121552729
"392771",0.273746425515553,1.10131157872484,0.579388440923783,0.521923137801055,0.827565153209284,0.30564201540823
"227413",0.892816952726706,1.25464224285564,1.05139460331671,0.203247639538934,0.361825290128939,0.158577650590005
"62684",0.983636340490763,1.77319824141558,1.29614281577033,0.477055425645244,0.789561900924813,0.312506475279569
"346069",1.24905519270399,1.54857663918585,1.39550450118111,0.153072138004742,0.299521446481861,0.146449308477119
"318386",0.870593081518779,1.38654470775032,1.09400675833054,0.29253794941978,0.515951626231542,0.223413676811763
"113552",0.815802236977124,1.67261179409919,1.16256054634338,0.510051247755809,0.856809557122061,0.346758309366253
"365891",0.763706046605671,1.17717242386926,0.908932591986027,0.268239831883229,0.413466377263585,0.145226545380356
"321607",0.917290608258323,1.61630943312075,1.27343657397128,0.342872859149468,0.699018824862425,0.356145965712957
"7993",1.67064222194298,0.99996874960157,1.43063397704766,-0.430665227446089,-0.670673472341408,-0.240008244895319
"487336",0.899459289668584,1.68797792431579,1.21476073909841,0.473217185217385,0.788518634647211,0.315301449429826
"112890",0.189424718079387,1.39469466069228,0.631412167859313,0.763282492832965,1.20526994261289,0.441987449779926
"249129",1.26472702467537,1.85154796358134,1.53615506705308,0.315392896528264,0.586820938905973,0.27142804237771
"547708",0.773678075650066,1.05953898399368,0.879425065497968,0.180113918495717,0.285860908343618,0.105746989847901
"471467",0.112372964919585,1.37471244656402,0.568997699463174,0.805714747100848,1.26233948164444,0.456624734543589
"4276",1.29142520069896,2.05520862646928,1.64291302073314,0.412295605736143,0.763783425770324,0.351487820034182
"254944",1.0805842456532,1.54891308635899,1.31697215344437,0.231940932914617,0.468328840705795,0.236387907791178
"451497",1.52698772081292,1.5523744351156,1.53910214902792,0.0132722860876844,0.025386714302684,0.0121144282149996
"197043",0.853510375001527,1.53242907458771,1.13858946715898,0.393839607428729,0.678918699586183,0.285079092157454
"339849",0.907604457176601,1.11234402700247,0.987639983855575,0.124704043146898,0.204739569825871,0.0800355266789735
"433715",0.877953623230645,1.50130858761226,1.13994276686431,0.36136582074795,0.623354964381617,0.261989143633667
"244121",0.89317303980131,1.53374403455241,1.15881856574242,0.374925468809989,0.6405709947511,0.26564552594111
"554672",3.52237174026733,2.57793435160139,2.99979638198456,-0.421862030383172,-0.944437388665938,-0.522575358282766
"253918",0.394671349913964,1.39367678662747,0.754580443218725,0.639096343408744,0.999005436713505,0.359909093304761
"323200",0.812943924211867,1.29630800313445,0.982356515513784,0.31395148762067,0.483364078922587,0.169412591301917
"525889",1.69492117262632,1.13311014168746,1.46086247023768,-0.327752328550224,-0.561811030938863,-0.234058702388639
"82012",1.81900404175525,1.30782360340593,1.5711439114202,-0.263320308014267,-0.511180438349322,-0.247860130335056
"336929",3.16098437170516,2.41201461995567,2.73851942772447,-0.326504807768795,-0.74896975174949,-0.422464943980695
"155214",0.620001629223103,1.18396682658564,0.821726846303284,0.362239980282359,0.563965197362541,0.201725217080182
"343726",1.23284979708669,1.07965200513251,1.17833145211645,-0.0986794469839452,-0.153197791954179,-0.0545183449702342
"523865",2.73499571799927,2.06560334050502,2.39759316461533,-0.331989824110319,-0.669392377494257,-0.337402553383939
"433170",0.578274759191134,1.39801763754622,0.948481892403911,0.449535745142311,0.819742878355089,0.370207133212778
"388242",1.49193507621876,2.06694936388622,1.75186268617041,0.315086677715811,0.575014287667457,0.259927609951647
"276825",0.197942485467338,1.47150394732661,0.666860746693959,0.804643200632654,1.27356146185927,0.468918261226621
"55811",0.22622729088878,1.24828677021238,0.611659014194539,0.636627756017843,1.0220594793236,0.385431723305759
"329176",6.82172473055652,2.55940333769523,4.10983069437015,-1.55042735667492,-4.26232139286129,-2.71189403618637
"541534",1.15915835068632,1.21312037164537,1.18150388056606,0.0316164910793066,0.0539620209590455,0.0223455298797388
"400132",0.481936303745232,1.14138274165724,0.715415511103647,0.425967230553591,0.659446437912006,0.233479207358415
"155739",0.779922131326995,1.31986158989233,0.967468380646373,0.352393209245954,0.539939458565333,0.187546249319378
"421032",1.39581085995891,2.08432854004699,1.70775821558054,0.376570324466445,0.688517680088077,0.311947355621632
"494885",2.12873642745942,1.32855207968988,1.75865524810974,-0.430103168419864,-0.80018434776954,-0.370081179349676
"465025",0.939311379625059,0.826679426806028,0.904730201001697,-0.0780507741956693,-0.112631952819031,-0.0345811786233621
"270310",2.21054447762832,2.11427548157269,2.16144278817952,-0.0471673066068292,-0.0962689960556262,-0.049101689448797
"89919",3.0581508833265,1.4603176455068,2.21236728563333,-0.752049640126531,-1.5978332378197,-0.84578359769317
"287615",1.75553693713503,2.43533033392948,2.09114304113629,0.344187292793186,0.679793396794449,0.335606104001263
"170991",1.33208957372799,2.22509087624132,1.71758941591442,0.507501460326904,0.893001302513333,0.38549984218643
"200535",1.60222904148695,1.85613750775833,1.71593117824,0.140206329518331,0.253908466271376,0.113702136753045
"19072",0.618553063455575,1.30656138097844,0.934927879599095,0.371633501379346,0.688008317522866,0.31637481614352
"120212",1.24293643206787,1.78452765922452,1.50047983351,0.28404782571452,0.541591227156653,0.257543401442134
"242903",1.49459730253415,1.81305954966616,1.64070234359292,0.172357206073241,0.318462247132015,0.146105041058774
"429281",1.03246766452407,1.71903836019851,1.30220170373233,0.416836656466173,0.686570695674436,0.269734039208263
"217108",1.90122293622395,2.47208165019151,2.18276442191631,0.289317228275198,0.570858713967559,0.281541485692361
"430670",1.30053837856132,2.21479157251294,1.70278156768711,0.512010004825828,0.914253193951612,0.402243189125784
"39508",2.70074732515775,1.74854078543313,2.20038128147974,-0.451840496046612,-0.952206539724624,-0.500366043678013
"579165",10,3.52845522007777,5.67478637500758,-2.14633115492981,-6.47154477992223,-4.32521362499242
"369129",0.875346959563763,1.44708212850385,1.11666145080182,0.330420677702022,0.571735168940084,0.241314491238062
"475235",0.383086074077017,1.62846564220612,0.954229039101317,0.674236603104807,1.24537956812911,0.5711429650243
"114495",0.309702139664679,1.13444052582357,0.608786973678181,0.525653552145393,0.824738386158895,0.299084834013502
"564740",0.901376164095742,2.03840514707373,1.33842000051394,0.699985146559789,1.13702898297798,0.437043836418195
"352228",2.72131945212139,1.59695611484549,2.12385252366889,-0.526896408823399,-1.1243633372759,-0.597466928452505
"367880",1.4386646725777,1.75566125586326,1.58641159014706,0.169249665716202,0.316996583285558,0.147746917569356
"109076",1.05490402972689,1.2931584788122,1.15705216074471,0.136106318067492,0.238254449085315,0.102148131017823
"375430",1.33610330360028,1.7365725493825,1.52599219728192,0.21058035210058,0.400469245782212,0.189888893681632
"270573",3.35890466588177,2.33861430980307,2.78450830992634,-0.445894000123263,-1.02029035607869,-0.574396355955431
"25256",0.762456267242011,1.813084557656,1.35393273087283,0.459151826783166,1.05062829041399,0.59147646363082
"27143",1.87735159411536,1.90338545015891,1.88917948439194,0.0142059657669638,0.0260338560435409,0.0118278902765772
"263253",1.02708691693484,2.23532909331042,1.56703681511859,0.668292278191824,1.20824217637558,0.539949898183757
"326820",5.05931441535235,2.29905984192349,3.22905925799161,-0.929999416068124,-2.76025457342886,-1.83025515736074
"21910",1.29321793382392,1.54063305330259,1.4145521626927,0.126080890609884,0.247415119478664,0.12133422886878
"327832",0.938803268870218,1.35875103708013,1.11692012406244,0.241830913017688,0.419947768209908,0.17811685519222
"76450",1.14898763723579,1.3116208950769,1.21677251401174,0.0948483810651535,0.16263325784111,0.0677848767759566
"28565",0.527734778531345,1.19335769917814,0.774093491191122,0.419264207987022,0.6656229206468,0.246358712659778
"461101",0.187568936432727,1.34320984810752,0.619929762650632,0.723280085456887,1.15564091167479,0.432360826217905
"411806",0.0716401114251138,1.25262343569694,0.504770309323994,0.74785312637295,1.18098332427183,0.43313019789888
"110796",1.53374059870604,1.72903912432626,1.62293343561044,0.106105688715815,0.19529852562022,0.0891928369044042
"297437",2.51916273484761,2.28145149015952,2.40255068906216,-0.121099198902635,-0.23771124468809,-0.116612045785455
"93988",1.2041077850593,1.64308376319067,1.41904570428043,0.22403805891024,0.438975978131367,0.214937919221127
"21244",0.297510544450577,1.14957510005488,0.607001448496346,0.542573651558536,0.852064555604305,0.309490904045769
"256275",0.626947409730952,1.58755058207746,1.04066811653482,0.546882465542646,0.960603172346512,0.413720706803867
"232177",1.2958177063614,1.44697465042863,1.37187298087368,0.0751016695549482,0.151156944067236,0.0760552745122882
"548516",0.780592035069853,1.75102325528588,1.16809655135463,0.582926703931244,0.970431220216023,0.387504516284779
"483034",0.64562845519996,1.41205985110403,0.986634825104377,0.425425025999653,0.76643139590407,0.341006369904417
"336349",1.01578487232013,1.66129514876448,1.27502405959459,0.386271089169888,0.645510276444348,0.25923918727446
"111308",0.624106531403108,1.39372968986017,0.967931147975117,0.425798541885049,0.769623158457058,0.343824616572009
"480144",0.923011852528469,1.24630426619947,1.06401470451286,0.182289561686604,0.323292413671,0.141002851984395
"391876",0.405262931436565,1.27227484893822,0.721180313426109,0.551094535512114,0.867011917501658,0.315917381989544
"28798",0.26932915079125,1.38273154589051,0.667204594587044,0.715526951303468,1.11340239509926,0.397875443795794
"30487",6.49573862672804,1.61784647742153,3.70020414010537,-2.08235766268384,-4.87789214930651,-2.79553448662267
"552533",0.309886046836618,1.23469454235359,0.637544951890993,0.597149590462601,0.924808495516976,0.327658905054375
"531718",0.532364896680232,1.58165947562889,0.994949954801378,0.586709520827513,1.04929457894866,0.462585058121146
"440585",0.579239423375022,1.25256824905394,0.814125800037038,0.438442449016905,0.673328825678921,0.234886376662016
"229981",2.62202396818659,2.68588556420334,2.65284197589291,0.0330435883104307,0.0638615960167512,0.0308180077063205
"529376",3.09529614143598,2.06254651062932,2.58455188376846,-0.522005373139134,-1.03274963080665,-0.510744257667519
"559737",0.647020735270984,1.1320055699383,0.821066718117458,0.31093885182084,0.484984834667314,0.174045982846474
"197059",1.76702295985661,1.78500936725751,1.77483625129909,0.0101731159584229,0.0179864074008973,0.00781329144247445
"528132",2.58700124065341,2.29166074619119,2.44090927892991,-0.149248532738713,-0.295340494462218,-0.146091961723505
"23382",1.97288100179217,1.60444578674808,1.80465206367178,-0.200206276923694,-0.368435215044089,-0.168228938120395
"172469",4.54946101581181,1.71712935931315,3.14472942916469,-1.42760006985154,-2.83233165649866,-1.40473158664712
"206376",10,3.29397201129951,9.89107987890977,-6.59710786761026,-6.70602798870049,-0.108920121090231
"529653",1.72347536145658,2.06564532425646,1.87388275936917,0.191762564887286,0.342169962799876,0.15040739791259
"535873",2.27016617432333,1.96104752063252,2.13618114488196,-0.175133624249437,-0.309118653690807,-0.13398502944137
"534452",0.558628917888505,1.88419234561831,1.11612453533092,0.768067810287388,1.3255634277298,0.557495617442413
"408758",0.426837247525006,1.26857805058907,0.729844093009097,0.538733957579971,0.841740803064062,0.303006845484091
"283134",1.72656046844838,2.65450927693159,2.17455775899989,0.479951517931704,0.927948808483216,0.447997290551512
"325040",3.52288170069275,0.930319061683392,2.28358261291938,-1.35326355123599,-2.59256263900936,-1.23929908777337
"130764",1.45101175785611,1.57809143294928,1.51260622064268,0.0654852123065983,0.127079675093173,0.0615944627865748
"56183",1.61497449265338,1.68483090726995,1.64746823977321,0.0373626674967393,0.0698564146165761,0.0324937471198368
"208787",3.170174228917,1.48478368448436,2.4268040128989,-0.942020328414535,-1.68539054443263,-0.743370216018098
"292406",0.541354326226825,1.1141215830229,0.751790183123758,0.362331399899137,0.572767256796071,0.210435856896933
"442733",0.560992949389082,1.2961489381515,0.817333243169127,0.478815694982371,0.735155988762416,0.256340293780045
"322189",0.2828667544239,1.50417533904228,0.721723624211323,0.782451714830961,1.22130858461838,0.438856869787424
"154791",0.723775732398439,1.88322025205083,1.19168681353141,0.691533438519415,1.15944451965239,0.467911081132973
"556427",1.0658396114112,1.58575603805277,1.33139450337008,0.254361534682688,0.519916426641562,0.265554891958874
"424793",0.567449216561218,1.07430802512194,0.750634796042315,0.323673229079624,0.506858808560721,0.183185579481097
"526777",2.98934185312329,1.15953737863812,2.13501094645657,-0.975473567818446,-1.82980447448517,-0.854330906666722
"49031",0.981767141354775,1.1444064355572,1.05375895099744,0.0906474845597618,0.162639294202427,0.0719918096426648
"508501",0.302801519611248,1.40336798196846,0.702384028813268,0.700983953155192,1.10056646235721,0.399582509202019
"430977",3.26890704460022,2.22141550587986,2.76506123701139,-0.543645731131528,-1.04749153872036,-0.503845807588834
"361194",0.384353683309697,1.26425212997237,0.704165689054214,0.560086440918153,0.879898446662671,0.319812005744518
"292860",0.548508050231894,1.34916466960547,0.918432828075104,0.430731841530362,0.800656619373572,0.36992477784321
"182993",0.387777122369478,1.1942858679598,0.682057891156299,0.512227976803498,0.806508745590319,0.294280768786821
"454671",1.69702177474974,0.907377232552643,1.28243318738202,-0.375055954829376,-0.789644542197094,-0.414588587367717
"502237",1.1106576710945,1.8961993784521,1.41937643482294,0.476822943629158,0.785541707357599,0.308718763728441
"114500",0.283962039113744,1.32073012097761,0.657146378825508,0.663583742152102,1.03676808186387,0.373184339711764
"358364",0.142308587947207,1.39798028477692,0.583925455792118,0.814054828984801,1.25567169682971,0.441616867844911
"96387",2.05802332106329,2.66047349597278,2.34446007282962,0.316013423143161,0.602450174909491,0.28643675176633
"315308",1.66019309709273,1.76725613885171,1.70815258704325,0.0591035518084557,0.107063041758981,0.0479594899505253
"279624",0.867106374972533,1.32901825369196,1.06532967460175,0.263688579090206,0.461911878719426,0.19822329962922
"48300",0.933325658170534,1.50101457612909,1.16983605826671,0.33117851786238,0.567688917958553,0.236510400096173
"460114",0.419735899861024,1.38834346313681,0.763301796765746,0.625041666371061,0.968607563275783,0.343565896904722
"329263",1.67142144211179,1.5091630172937,1.59500580145105,-0.0858427841573557,-0.162258424818098,-0.0764156406607419
"438145",0.319735863238991,1.41162872251751,0.733280579996698,0.678348142520816,1.09189285927852,0.413544716757707
"126860",0.270702035874615,1.17163245727958,0.606235540109267,0.565396917170309,0.900930421404961,0.335533504234652
"172703",0.234466516260118,1.34448664864044,0.636372224368604,0.708114424271838,1.11002013238032,0.401905708108486
"424500",0.321212919069294,1.44609754106336,0.869725583657717,0.576371957405639,1.12488462199406,0.548512664588423
"553101",0.214674662503903,1.36380187235775,0.633035620612428,0.730766251745327,1.14912720985385,0.418360958108525
"173816",1.69317618953098,1.70267414076829,1.69742356619168,0.00525057457660805,0.0094979512373119,0.00424737666070385
"160432",1.3599755818778,1.22885642929404,1.3154616300968,-0.0866052008027665,-0.131119152583759,-0.0445139517809927
"245499",0.724569811100416,1.48260727199393,1.05002983597635,0.432577436017578,0.75803746089351,0.325460024875932
"10917",0.264929624169894,1.10684856730247,0.569865697937472,0.536982869364998,0.841918943132577,0.304936073767578
"433856",1.37986312659757,1.87640180710076,1.60706825704621,0.269333550054555,0.496538680503193,0.227205130448638
"442657",1.97974225883877,1.74397196046301,1.85126227042225,-0.107290309959235,-0.235770298375753,-0.128479988416519
"210865",0.682196608897269,1.44207751323574,1.01321036501626,0.428867148219477,0.759880904338467,0.331013756118989
"243193",1.60662129980972,1.9623309955869,1.76517664341297,0.197154352173931,0.355709695777181,0.158555343603251
"241340",2.0176643447673,1.5026856887143,1.77902418248522,-0.27633849377092,-0.514978656053003,-0.238640162282083
"192087",5.660138949442,2.74546081085936,3.7916888995355,-1.04622808867614,-2.91467813858264,-1.8684500499065
"553156",1.54074093316729,1.97376414004321,1.73240295682883,0.24136118321438,0.433023206875923,0.191662023661543
"214932",3.38417727032501,2.34017375974573,2.79212131939892,-0.451947559653194,-1.04400351057928,-0.592055950926091
"460191",3.60100005392752,2.5290907067978,3.00605977249471,-0.47696906569691,-1.07190934712972,-0.594940281432811
"374507",0.10487214770755,1.28292610510607,0.555463369865761,0.72746273524031,1.17805395739852,0.450591222158211
"295802",0.760379858373006,1.66302632405913,1.1329287588038,0.530097565255329,0.902646465686121,0.372548900430791
"425210",0.22844046416417,1.433770736561,0.645416429818953,0.788354306742043,1.20533027239683,0.416975965654782
"398687",1.08672688858799,1.23286656610513,1.14940065453807,0.0834659115670611,0.146139677517148,0.0626737659500867
"22463",0.531732728977736,1.28557572985242,0.793110470285325,0.492465259567095,0.753843000874683,0.261377741307589
"17379",0.606025507237763,1.09664805215305,0.784727047185819,0.311921004967231,0.490622544915287,0.178701539948056
"250872",1.26019563970221,1.39913800315619,1.31629016477592,0.0828478383802644,0.138942363453972,0.0560945250737075
"153647",0.14301071349864,1.39372216199847,0.575065123879978,0.818657038118494,1.25071144849983,0.432054410381338
"568785",1.65993362005633,1.83924765461857,1.74147057416608,0.0977770804524885,0.179314034562234,0.0815369541097453
"13113",1.7774374863978,1.96597555068166,1.85994923732967,0.106026313351995,0.188538064283863,0.0825117509318674
"285558",3.77630693795055,1.92712244896674,2.86892941449459,-0.941806965527848,-1.84918448898381,-0.907377523455958
"431131",0.163025082402897,1.22944131869008,0.552502576401159,0.676938742288919,1.06641623628718,0.389477493998262
"93501",1.00626634200698,1.14260347845865,1.06627464774296,0.0763288307156933,0.136337136451668,0.0600083057359748
"352536",0.318462592555406,1.27093871983504,0.677364216893246,0.593574502941791,0.95247612727963,0.35890162433784
"485222",5.02355565866357,1.19005507737024,3.01887044258921,-1.82881536521897,-3.83350058129333,-2.00468521607436
"444409",0.918320927021419,1.41177659286977,1.12503801320199,0.286738579667779,0.493455665848354,0.206717086180575
"436136",10,2.21159065096629,5.67685021128008,-3.46525956031379,-7.78840934903371,-4.32314978871992
"17639",0.596927072812496,1.21513402233415,0.820938108609547,0.394195913724603,0.618206949521653,0.224011035797051
"169585",3.68190148509733,2.61356031993791,3.09308050331393,-0.479520183376012,-1.06834116515942,-0.588820981783405
"540674",2.19264492298292,2.39382449842478,2.29187722532742,0.101947273097356,0.201179575441861,0.0992323023445043
"258834",2.01627365538113,2.00804760528998,2.01281636094742,-0.0047687556574485,-0.00822605009114952,-0.00345729443370102
"417626",0.805692980262847,1.48534464304187,1.0930471830567,0.392297459985177,0.679651662779027,0.28735420279385
"38204",7.6938955861549,2.3050691768617,3.54354994691928,-1.23848077005757,-5.3888264092932,-4.15034563923563
"481334",0.19175130571319,1.11184303904997,0.529643930392093,0.582199108657872,0.920091733336775,0.337892624678903
"160731",4.19852659057627,2.2157675545996,3.08879005476617,-0.873022500166575,-1.98275903597667,-1.10973653581009
"60559",0.930241405296194,0.93149542230629,0.930869144620564,0.00062627768572554,0.00125401701009575,0.000627739324370213
"158045",1.4432484228388,1.93919882150479,1.66825934256914,0.270939478935651,0.495950398665984,0.225010919730333
"506922",0.779125914520729,1.39274678096806,1.04467253683257,0.348074244135489,0.61362086644733,0.265546622311841
"232843",0.188228002342254,1.31773377619832,0.618109031549485,0.699624744648834,1.12950577385606,0.429881029207231
"280719",2.60415863604768,2.23272810153227,2.41904487610074,-0.186316774568466,-0.371430534515408,-0.185113759946942
"434302",1.53242157523898,1.67959198710893,1.58899559778678,0.0905963893221486,0.147170411869945,0.0565740225477966
"140315",0.254749500633305,1.5434570324071,0.868248649139977,0.675208383267119,1.28870753177379,0.613499148506672
"38425",0.215832181330372,1.19113188856493,0.567393118493108,0.623738770071821,0.975299707234557,0.351560937162736
"388237",2.99540766003764,2.81972892612465,2.89988831334799,-0.0801593872233402,-0.175678733912994,-0.0955193466896538
"106328",5.21856441254372,2.67943063798481,3.57355307775387,-0.894122439769063,-2.53913377455891,-1.64501133478985
"417985",0.946443119913541,0.747901296458479,0.886882603531297,-0.138981307072818,-0.198541823455062,-0.0595605163822442
"130875",0.342585458362166,1.23869544681369,0.668593635143278,0.570101811670415,0.896109988451527,0.326008176781112
"282271",0.959653334401649,1.0663612625335,0.997573614069321,0.0687876484641828,0.106707928131854,0.0379202796676714
"145145",3.33078720343664,2.52073527746581,2.87622640637381,-0.355491128907995,-0.81005192597082,-0.454560797062825
"191805",3.35821109305441,2.54018845155726,2.90178314937386,-0.361594697816607,-0.81802264149715,-0.456427943680542
"195065",3.64910072251903,2.82754174486386,3.19802959521127,-0.370487850347404,-0.821558977655165,-0.451071127307761
"554150",2.54334537652171,2.06872860574838,2.30557319545636,-0.236844589707985,-0.474616770773336,-0.237772181065351
"220822",0.862637805279327,1.30841387987437,1.05547774985051,0.252936130023862,0.445776074595043,0.19283994457118
"175318",0.992970046675897,2.0331614706791,1.38695720608437,0.646204264594724,1.0401914240032,0.393987159408476
"278950",1.45246548816317,1.84770935898732,1.63084887873902,0.216860480248296,0.39524387082415,0.178383390575854
"526764",1.32915344555621,1.80673241733676,1.55510849870398,0.251623918632782,0.477578971780553,0.225955053147772
"220990",4.08877213414599,0.991535754772721,2.62752975409704,-1.63599399932432,-3.09723637937327,-1.46124238004894
"187960",1.66404147453149,2.07268705121195,1.84586529167031,0.226821759541639,0.408645576680464,0.181823817138825
"228871",0.696829510289836,1.35671070482233,0.991633030493084,0.365077674329243,0.659881194532491,0.294803520203248
"505464",0.918003935672638,1.65228189692315,1.28941861308149,0.362863283841656,0.73427796125051,0.371414677408854
"319629",0.598480621661912,1.16165659558373,0.805118424294148,0.356538171289587,0.563175973921822,0.206637802632236
"460617",1.7292326939242,0.780703289596231,1.42706167386965,-0.646358384273417,-0.94852940432797,-0.302171020054553
"86321",1.40153112013429,2.12966308823941,1.71912881139112,0.410534276848289,0.728131968105121,0.317597691256832
"578621",3.75565582993904,1.13346098451782,2.54813152848501,-1.41467054396719,-2.62219484542122,-1.20752430145403
"356499",3.34156857953236,2.13649653510995,2.75462620770823,-0.618129672598278,-1.20507204442241,-0.586942371824132
"30514",2.37714379708192,2.30368419978388,2.34040576947098,-0.0367215696871086,-0.073459597298045,-0.0367380276109364
"446318",1.2329313021358,0.778777706730388,1.09302741383459,-0.314249707104204,-0.454153595405408,-0.139903888301204
"374084",0.0802070563921139,1.25914823691984,0.504181190993609,0.754967045926229,1.17894118052772,0.423974134601495
"136547",0.802730196074176,1.81419850331206,1.21488830166206,0.599310201650002,1.01146830723788,0.412158105587883
"402987",2.2259117500375,1.55190223562357,1.92218521621382,-0.370282980590254,-0.674009514413936,-0.303726533823682
"112638",0.0744668068103034,1.3122721099716,0.551266347855167,0.761005762116435,1.2378053031613,0.476799541044863
"329629",10,3.01360774427959,5.9431885533868,-2.92958080910721,-6.98639225572041,-4.0568114466132
"129131",2.16971658817095,2.1039657237178,2.13621683381057,-0.0322511100927692,-0.0657508644531486,-0.0334997543603794
"308516",0.919536994992078,1.35632486706563,1.0997847817182,0.25654008534743,0.436787872073549,0.180247786726119
"422773",0.620951937065308,1.53174087814381,0.936432159448909,0.595308718694901,0.910788941078502,0.315480222383602
"63560",5.14388776257972,1.66092498067592,3.12341507741017,-1.46249009673425,-3.48296278190381,-2.02047268516955
"286713",1.8522836193475,1.56315642947426,1.71995004952742,-0.156793620053154,-0.289127189873239,-0.132333569820086
"444928",2.67564772319475,2.77878062937547,2.73262383637141,0.0461567930040623,0.103132906180725,0.0569761131766628
"18905",0.558382236620292,2.08452958780243,1.16551703973929,0.919012548063144,1.52614735118214,0.607134803118994
"389837",10,2.74721163339531,6.72649471362599,-3.97928308023068,-7.25278836660469,-3.27350528637401
"55036",1.20847034029598,1.51833959454524,1.36458106830342,0.153758526241813,0.309869254249256,0.156110728007443
"116601",1.62912146164841,1.3844814734809,1.51076783254996,-0.126286359069058,-0.244639988167505,-0.118353629098447
"144315",4.25942661472339,2.80055464384903,3.30868752759823,-0.508132883749194,-1.45887197087436,-0.950739087125164
"10203",1.41539510175866,1.41840805682948,1.41677221105425,0.00163584577523701,0.003012955070822,0.00137710929558499
"466073",0.454653524472915,1.22607902526658,0.732736006750606,0.493343018515972,0.771425500793663,0.278082482277691
"70800",1.62627747440273,2.95840725957738,2.24587279842171,0.712534461155671,1.33212978517465,0.619595324018978
"488238",0.315132099642407,1.42849450239409,0.721078268752393,0.707416233641696,1.11336240275168,0.405946169109986
"7606",0.981707012801434,1.07262526430336,1.01445228540903,0.0581729788943275,0.0909182515019229,0.0327452726075954
"294571",1.59922354093333,1.91794517277516,1.74154712940855,0.176398043366615,0.318721631841837,0.142323588475222
"103135",0.749157053564097,1.21226536907421,0.959260023150773,0.253005345923441,0.463108315510116,0.210102969586676
"294819",4.37729260799958,3.40918600542342,3.76805973061375,-0.358873725190337,-0.968106602576166,-0.60923287738583
"49406",2.08067736340154,1.56341040444753,1.84484971103141,-0.281439306583877,-0.51726695895401,-0.235827652370133
"535211",6.72082884504578,3.52939074836896,4.33446200967467,-0.805071261305716,-3.19143809667682,-2.3863668353711
"387773",1.35943736923385,1.60169223355642,1.47704259798604,0.124649635570378,0.242254864322574,0.117605228752196
"72119",0.214121051849288,1.46104937646727,0.644017934452998,0.817031442014273,1.24692832461798,0.42989688260371
"260768",2.60375327556399,2.11507373756262,2.36058975740928,-0.245516019846663,-0.488679538001374,-0.243163518154712
"56809",0.874026740056691,2.72969955685534,1.66516994252841,1.06452961432693,1.85567281679865,0.791143202471718
"116089",1.63973513063128,1.34876537500909,1.49747936113098,-0.148713986121885,-0.290969755622192,-0.142255769500307
"331363",1.69539323051927,1.08148468278835,1.43793539198482,-0.356450709196479,-0.613908547730924,-0.257457838534445
"132971",1.58707695066223,2.45917074410513,2.02615541080619,0.433015333298936,0.872093793442895,0.439078460143959
"248091",0.562695942883416,1.53236654566798,0.980238071993562,0.55212847367442,0.969670602784566,0.417542129110146
"395024",10,2.42110628224975,8.45575256048817,-6.03464627823843,-7.57889371775025,-1.54424743951183
"139459",10,2.8707737673013,6.82771840725827,-3.95694463995697,-7.1292262326987,-3.17228159274173
"237257",0.31744083812567,1.3284979898486,0.678063490468037,0.650434499380563,1.01105715172293,0.360622652342366
"119516",3.62047720240695,2.32687415294817,2.89346506735083,-0.566590914402658,-1.29360304945878,-0.727012135056118
"304568",1.9519704330861,2.03366237717975,1.98713087273856,0.0465315044411931,0.0816919440936543,0.0351604396524612
"301106",1.58240305031579,1.90612798894477,1.7276798180103,0.178448170934475,0.323724938628983,0.145276767694507
"262730",0.163027606011006,1.23076745849968,0.548773226505163,0.68199423199452,1.06773985248868,0.385745620494157
"442767",1.14652251814635,1.35607479720188,1.23650193120649,0.119572865995393,0.209552279055529,0.0899794130601359
"158927",2.42465420230095,1.84804400248056,2.12116809313681,-0.273124090656247,-0.576610199820391,-0.303486109164144
"356857",2.44114831130013,2.47896396420731,2.4598672610662,0.0190967031411038,0.0378156529071738,0.01871894976607
"560153",4.44782259879799,2.2015686069283,3.18758376184504,-0.986015154916746,-2.24625399186969,-1.26023883695295
"69790",0.414660188260067,1.41967793560419,0.757810994868336,0.661866940735851,1.00501774734412,0.343150806608268
"527619",2.90381826837819,2.08341440674325,2.49414928246695,-0.410734875723705,-0.820403861634944,-0.409668985911238
"528110",0.247661049679001,1.22348601859718,0.594269351888362,0.629216666708816,0.975824968918177,0.346608302209361
"308099",1.1002547095911,1.79937276728249,1.4375745441663,0.36179822311619,0.699118057691394,0.337319834575204
"100405",1.74446030763372,1.24949109412692,1.54320250208163,-0.293711407954708,-0.494969213506803,-0.201257805552095
"186870",1.74986909126076,1.23358004314457,1.54061014552266,-0.307030102378082,-0.51628904811619,-0.209258945738108
"150650",0.760069876210929,0.962682363286606,0.819695324955461,0.142987038331145,0.202612487075677,0.0596254487445322
"435219",1.3133393781894,1.49828542459903,1.38751348798475,0.110771936614281,0.184946046409633,0.0741741097953521
"36546",0.605411242747799,0.773596502059172,0.65425478177822,0.119341720280952,0.168185259311374,0.0488435390304218
"316580",1.44246730359701,1.65665430689101,1.54501035475784,0.111643952133172,0.214187003294005,0.102543051160834
"137178",0.108599596718541,1.31799789769089,0.537971499858783,0.780026397832107,1.20939830097235,0.429371903140241
"246532",2.2750713791565,2.47425868968742,2.37159558158183,0.102663108105596,0.19918731053092,0.0965242024253241
"197969",0.211247462716435,1.46439084567095,0.681740087339813,0.78265075833114,1.25314338295452,0.470492624623379
"109932",3.59465113598292,2.39547247485569,2.91859147817304,-0.523119003317349,-1.19917866112723,-0.676059657809877
"513293",0.512260532642104,1.31763290151774,0.798648171482471,0.518984730035266,0.805372368875633,0.286387638840366
"420241",1.07743103259094,2.27799752763783,1.6138617167193,0.664135810918533,1.20056649504689,0.536430684128353
"545676",10,3.42685398540484,5.38800781489077,-1.96115382948593,-6.57314601459516,-4.61199218510923
"315133",0.601444820818358,1.31852672245789,0.854447543695381,0.464079178762505,0.717081901639528,0.253002722877023
"384838",0.911148276223544,1.15503251241695,0.997322204159075,0.157710308257875,0.243884236193406,0.086173927935531
"256298",0.549132598961945,1.40938063794994,0.846872747190112,0.562507890759828,0.860248038987996,0.297740148228167
"286169",1.1062484579013,1.32401497475122,1.19663443341228,0.127380541338938,0.217766516849921,0.0903859755109837
"576100",1.97525839311677,1.75029333136132,1.87470226632471,-0.124408934963397,-0.224965061755455,-0.100556126792058
"97230",8.09403103912021,1.27472784417447,8.09403103912021,-6.81930319494573,-6.81930319494573,0
"575736",5.66088098145316,2.58952103157046,3.67405009247423,-1.08452906090377,-3.0713599498827,-1.98683088897893
"189244",1.02892156733288,1.42955968814831,1.19470261412644,0.234857074021876,0.400638120815439,0.165781046793562
"191296",2.0321389045574,2.44630753942386,2.23648590883878,0.209821630585083,0.414168634866462,0.204347004281379
"449192",1.17369688969285,2.23363900071254,1.63960631360486,0.594032687107672,1.05994211101968,0.46590942391201
"325042",5.78370333314514,3.09601688868374,4.09720393105408,-1.00118704237034,-2.6876864444614,-1.68649940209106
"466165",2.33166432164985,2.22163259692804,2.27646727008556,-0.0548346731575182,-0.110031724721807,-0.055197051564289
"141634",0.919297083557537,2.19818694022395,1.50587577139429,0.692311168829665,1.27888985666641,0.586578687836749
"454209",1.36468307038787,1.55353492539324,1.45427879125753,0.0992561341357068,0.188851855005367,0.0895957208696605
"80542",5.37091753026349,2.89816456015032,3.79425625632225,-0.896091696171939,-2.47275297011318,-1.57666127394124
"418189",0.954712835696574,1.51927651426244,1.1894811688633,0.329795345399137,0.564563678565863,0.234768333166726
"431144",0.529564595093233,1.78918459313199,1.0625351965362,0.726649396595788,1.25961999803875,0.532970601442965
"55194",5.96807791006832,3.04041589381023,4.13097329149152,-1.09055739768129,-2.92766201625808,-1.8371046185768
"151391",1.59440397607852,1.40366412198468,1.50157336809073,-0.0979092461060447,-0.190739854093838,-0.0928306079877934
"218524",0.290311128096539,1.32548733901175,0.666584853286492,0.658902485725262,1.03517621091522,0.376273725189953
"63946",1.58343869648845,1.41363908297345,1.50143495322016,-0.0877958702467139,-0.169799613515001,-0.0820037432682872
"69239",2.21102495962649,1.40520314371869,1.83134945084773,-0.426146307129036,-0.805821815907799,-0.379675508778763
"102951",1.8321847264014,1.20466435800795,1.57650691924776,-0.371842561239806,-0.627520368393445,-0.255677807153639
"445829",2.1583803348086,1.24808250433379,1.72247323283211,-0.474390728498328,-0.910297830474818,-0.43590710197649
"99924",0.631566367664197,1.32497051514901,0.871891995821654,0.45307851932736,0.693404147484817,0.240325628157457
"570380",0.331984131130877,1.11943568065187,0.611013607463,0.508422073188868,0.787451549520992,0.279029476332124
"216194",0.66803092026516,1.63700568354709,1.0804584678586,0.556547215688491,0.96897476328193,0.412427547593439
"534443",2.41301443654794,2.26750898934788,2.34082618082948,-0.073317191481594,-0.145505447200056,-0.0721882557184617
"169272",1.21016116376382,1.35281219175011,1.27034845316953,0.0824637385805775,0.142651027986293,0.0601872894057154
"101235",1.30172933291279,1.17081894895444,1.25573350806639,-0.0849145591119509,-0.130910383958343,-0.0459958248463925
"212525",0.512741372658261,1.6163172540066,0.996104202483563,0.620213051523035,1.10357588134834,0.483362829825302
"225317",1.29527243821393,1.45611592546459,1.36055223741359,0.0955636880510022,0.160843487250658,0.0652797991996559
"366192",1.58335569634946,2.6418347234132,2.10186080186194,0.539973921551262,1.05847902706374,0.518505105512482
"539062",1.75570696890538,1.47859678679586,1.62420978396298,-0.14561299716712,-0.277110182109516,-0.131497184942396
"337075",0.714157074036602,0.995308237030565,0.813883629884946,0.181424607145618,0.281151162993963,0.0997265558483448
"576074",0.390435091907108,1.21831813836434,0.694101936284809,0.524216202079526,0.827883046457228,0.303666844377702
"257148",1.04046080167226,1.56957743633725,1.255208269214,0.314369167123245,0.529116634664989,0.214747467541744
"277298",4.72816236518291,1.63976937304925,3.19586877389893,-1.55609940084968,-3.08839299213366,-1.53229359128398
"547665",1.66794196727794,1.71372342262594,1.68936637512783,0.0243570474981103,0.0457814553480043,0.021424407849894
"129066",1.00687034345756,1.3457562953085,1.15113642628771,0.194619869020787,0.338885951850932,0.144266082830146
"208609",1.03775001581235,0.950607262446848,1.00624915913354,-0.0556418966866929,-0.087142753365498,-0.0315008566788051
"507975",10,1.75333963952059,4.83814060189992,-3.08480096237932,-8.24666036047941,-5.16185939810008
"417186",0.110092930288665,1.23928169929695,0.521521964804336,0.717759734492619,1.12918876900829,0.41142903451567
"117131",0.801245389576609,1.40364004197882,1.0631225892187,0.340517452760116,0.60239465240221,0.261877199642094
"234179",0.528003273463571,1.49451272429125,0.963935008176225,0.530577716115027,0.966509450827681,0.435931734712654
"27803",0.638767377980216,1.3536985546662,0.888123539135174,0.465575015531029,0.714931176685988,0.249356161154959
"383530",0.620896171732921,0.937413032070772,0.73942191030883,0.197991121761942,0.316516860337851,0.118525738575909
"334160",1.05694183413779,1.47589762934312,1.23097705838374,0.244920570959384,0.418955795205334,0.17403522424595
"360566",0.81792482723115,1.35210842531358,1.05048421446628,0.301624210847296,0.534183598082427,0.232559387235131
"403530",2.51361006389571,2.48194122593692,2.49835679187943,-0.016415565942502,-0.0316688379587893,-0.0152532720162872
"40965",2.69258615369772,1.73182950355687,2.19109576287581,-0.459266259318947,-0.960756650140853,-0.501490390821906
"522631",0.65273062766524,1.82331251744779,1.13586707392196,0.687445443525833,1.17058188978255,0.483136446256718
"325803",0.534043497992058,1.36045642401672,0.916653627826386,0.443802796190334,0.826412926024662,0.382610129834328
"447530",0.170154751723902,1.25014925910326,0.559717193585691,0.69043206551757,1.07999450737936,0.389562441861789
"275468",0.975358505254638,1.64772587504251,1.2420249903742,0.405700884668303,0.67236736978787,0.266666485119566
"378699",0.713899684703894,1.862712435595,1.18666392790218,0.676048507692823,1.14881275089111,0.472764243198287
"410727",0.0941295201224401,1.28404396181486,0.513279585328505,0.770764376486356,1.18991444169242,0.419150065206065
"194238",0.273468137792965,1.20416334258625,0.613247530755763,0.590915811830491,0.930695204793289,0.339779392962798
"526568",3.41724812576749,2.59729328252471,2.96370720984606,-0.366413927321359,-0.819954843242785,-0.453540915921426
"191748",0.227081764909993,1.36480123585237,0.63184899540664,0.732952240445733,1.13771947094238,0.404767230496647
"277392",4.4649064588214,2.79561319970996,3.55627060355668,-0.760657403846724,-1.66929325911144,-0.908635855264714
"569937",0.32877907503484,1.28128032791979,0.663231331166157,0.618048996753628,0.952501252884945,0.334452256131317
"273422",2.12780866401273,1.61138447173917,1.89650658529103,-0.285122113551858,-0.516424192273556,-0.231302078721699
"127016",1.44680698299102,1.33278269567168,1.40064813838761,-0.0678654427159258,-0.114024287319341,-0.0461588446034153
"162413",3.87351899925505,1.23373200820116,2.67587490901056,-1.4421429008094,-2.63978699105389,-1.19764409024449
"45810",0.713557159081035,1.11201012912393,0.861205189307617,0.250804939816316,0.398452970042897,0.147648030226582
"261246",1.59843543496358,1.39393452727251,1.49936317371053,-0.105428646438017,-0.204500907691073,-0.0990722612530561
"225345",0.33211236128076,1.3423054592303,0.692153651696894,0.650151807533404,1.01019309794954,0.360041290416134
"5788",0.510594230465664,1.35942214225772,0.802073644596892,0.557348497660825,0.848827911792052,0.291479414131228
"195430",0.814458298869426,2.06938547158381,1.29863061771746,0.770754853866358,1.25492717271439,0.48417231884803
"396628",0.467871376447201,1.48499608042487,0.924190693820513,0.560805386604353,1.01712470397767,0.456319317373312
"45376",0.344949089396603,1.25297641495314,0.678612978777817,0.57436343617532,0.908027325556534,0.333663889381214
"505463",0.277634360696589,1.29403281964761,0.637151280349812,0.656881539297799,1.01639845895102,0.359516919653223
"178769",1.30073681471419,1.49153639993703,1.37772070405705,0.11381569587998,0.190799585222843,0.0769838893428629
"176860",1.47270999662934,1.7775486417013,1.64347085464229,0.134077787059016,0.304838645071968,0.170760858012952
"410397",1.15700906557175,2.05154018615554,1.56491168084758,0.486628505307959,0.894531120583787,0.407902615275828
"108499",0.974714246349276,0.958113650603104,0.969858535661043,-0.0117448850579391,-0.0166005957461721,-0.00485571068823298
"560954",1.19126230679775,1.40349628463013,1.27667250043122,0.12682378419891,0.212233977832381,0.0854101936334706
"433175",2.42940228560995,1.66581836878413,2.02185431034115,-0.356035941557024,-0.76358391682582,-0.407547975268796
"242816",0.28084485335014,1.51294493286953,0.710573011845692,0.80237192102384,1.23210007951939,0.429728158495552
"203181",0.291243908691486,0.828398340240173,0.44318719893629,0.385211141303882,0.537154431548687,0.151943290244804
"138984",1.01256910971783,1.73250889332568,1.29834448650417,0.434164406821508,0.719939783607851,0.285775376786344
"32278",0.686320911528945,2.20105112259076,1.2757159624202,0.925335160170563,1.51473021106182,0.589395050891255
"318829",0.606507292765599,1.1780588917011,0.804123140143952,0.373935751557144,0.571551598935498,0.197615847378353
"11119",1.00161682266678,1.60891361453704,1.24090322335389,0.368010391183149,0.607296791870263,0.239286400687114
"132918",0.953893667372735,2.45749969690131,1.61328787891816,0.844211817983141,1.50360602952857,0.659394211545429
"313398",1.2593733539088,2.08002502740452,1.62846209580329,0.451562931601223,0.820651673495711,0.369088741894488
"193374",0.820427327947683,1.29043900392482,1.02469220629116,0.265746797633664,0.470011675977139,0.204264878343474
"99051",0.476704255936298,1.54388342155104,0.958598190023671,0.585285231527369,1.06717916561474,0.481893934087373
"62680",1.091881859575,2.0670527756033,1.46207475609773,0.604978019505572,0.975170916028302,0.37019289652273
"353511",0.829772234687499,1.03399408870149,0.904283827575953,0.129710261125533,0.204221854013987,0.0745115928884541
"63559",2.61660543499218,1.688700380461,2.12600395743793,-0.437303576976925,-0.927905054531177,-0.490601477554252
"359468",1.6349298982563,1.74813438006943,1.6959419778396,0.0521924022298321,0.113204481813125,0.0610120795832929
"267551",0.96315577951353,1.50820794090717,1.19155525004185,0.316652690865319,0.545052161393637,0.228399470528318
"565815",0.214624832758904,1.30970716775077,0.602713332415362,0.706993835335406,1.09508233499186,0.388088499656458
"7995",5.84369005102601,2.08909228550491,3.76580458095084,-1.67671229544593,-3.7545977655211,-2.07788547007517
"210595",1.22504081122978,1.83019910083065,1.45768100843505,0.372518092395603,0.605158289600864,0.232640197205262
"244056",1.13149959034384,1.34979465216791,1.2222211823823,0.127573469785609,0.218295061824072,0.0907215920384623
"428544",4.04958811413061,1.22887150163341,2.56002798313861,-1.33115648150519,-2.8207166124972,-1.489560130992
"548856",1.3236340661191,1.72507641309142,1.51416502464756,0.21091138844386,0.401442346972318,0.190530958528458
"349740",0.300431695197471,1.15835927992933,0.611514027007999,0.546845252921331,0.857927584731859,0.311082331810528
"113471",0.29760433520142,1.39058985830802,0.68997127958254,0.700618578725477,1.0929855231066,0.39236694438112
"481721",4.09604780538341,2.35425460114706,3.12353420444952,-0.769279603302465,-1.74179320423635,-0.972513600933884
"118798",3.42521353177631,1.6007778256557,2.48896317883892,-0.888185353183216,-1.82443570612061,-0.936250352937394
"370658",9.27501505291872,1.67746470695666,4.23729573596717,-2.55983102901051,-7.59755034596206,-5.03771931695154
"379529",0.844601033985726,1.70694736451482,1.19987689434217,0.507070470172647,0.862346330529096,0.355275860356448
"415735",2.60562715478876,0.910778300090519,1.89263559128236,-0.981857291191837,-1.69484885469824,-0.712991563506401
"347621",6.68869060874554,3.37481580623349,4.6420937234459,-1.26727791721242,-3.31387480251206,-2.04659688529964
"436077",2.15078170320047,0.759561010020781,1.69597488479905,-0.936413874778273,-1.39122069317969,-0.454806818401418
"416885",7.31677182034425,3.19165600810292,4.77848391186648,-1.58682790376356,-4.12511581224133,-2.53828790847777
"564193",10,4.20954090646876,5.9551628645864,-1.74562195811764,-5.79045909353124,-4.0448371354136
"62662",10,4.16686057827426,6.0210460746963,-1.85418549642204,-5.83313942172574,-3.9789539253037
"276793",3.98082915849473,1.63083806087765,2.80176757123497,-1.17092951035732,-2.34999109761708,-1.17906158725976
"384594",0.594484680681853,1.46982807292266,0.984946525905466,0.484881547017189,0.875343392240802,0.390461845223613
"232810",1.96485092592639,1.20753285289912,1.70225264081711,-0.494719787917996,-0.757318073027276,-0.26259828510928
"255367",0.597788210067331,1.67776379258718,1.05174982279661,0.626013969790571,1.07997558251985,0.453961612729282
"434466",0.863469586636325,2.0433602677483,1.32316739123261,0.72019287651569,1.17989068111198,0.459697804596287
"517184",1.2887743998021,1.26548223488706,1.27945966247087,-0.0139774275838151,-0.0232921649150446,-0.00931473733122945
"57182",0.504981226367671,1.43649676053856,0.822513177440268,0.613983583098296,0.931515534170892,0.317531951072597
"274720",1.21645189914553,1.58496847735004,1.36272243894467,0.22224603840537,0.368516578204505,0.146270539799134
"192718",3.96779131373438,2.48254438925091,3.14032429528874,-0.657779906037826,-1.48524692448347,-0.827467018445644
"416567",2.42122056472989,2.37829977272961,2.40018840173382,-0.0218886290042062,-0.0429207920002801,-0.0210321629960739
"331245",0.415459193935319,1.66856749270589,0.987137989676464,0.681429503029431,1.25310829877058,0.571678795741145
"125852",0.691699700629938,0.8276687201673,0.743998024039842,0.0836706961274587,0.135969019537363,0.0522983234099038
"355785",0.854725149289912,2.42960272277916,1.56555376077033,0.864048962008836,1.57487757348925,0.710828611480415
"65850",0.98299289393977,0.940104593725068,0.967215259476376,-0.0271106657513079,-0.0428883002147018,-0.0157776344633939
"375796",1.15313410660281,2.07169763730359,1.80881744798962,0.26288018931397,0.918563530700786,0.655683341386816
"107795",6.5628656396597,3.52783911424789,4.28570268576846,-0.757863571520575,-3.03502652541181,-2.27716295389124
"318002",1.33467939153859,1.98935211964655,1.63317600367916,0.356176115967384,0.654672728107962,0.298496612140578
"21257",3.02926991319407,3.02642710570253,3.02628200189416,0.000145103808370628,-0.00284280749154098,-0.00298791129991161
"481370",0.533714020762986,1.65970336443746,1.03249408369269,0.627209280744772,1.12598934367447,0.498780062929702
"135666",1.83185119934652,1.65274975463985,1.75329347376677,-0.100543719126928,-0.179101444706674,-0.0785577255797463
"307935",8.56924122268384,1.16387690270682,8.56924122268384,-7.40536431997701,-7.40536431997701,0
"60891",0.947025068578564,1.4632198370803,1.15982976994129,0.303390067139011,0.516194768501733,0.212804701362722
"103027",5.09884349295119,2.44483686575673,3.63832036349314,-1.19348349773641,-2.65400662719446,-1.46052312945805
"33826",0.0752511533785448,1.36932127353412,0.561796907664549,0.807524365869573,1.29407012015558,0.486545754286004
"8279",1.01122410761884,0.919237473137945,0.977345354410596,-0.0581078812726508,-0.0919866344808963,-0.0338787532082455
"224990",0.854716955419089,0.783301824832406,0.833122744288331,-0.0498209194559246,-0.0714151305866825,-0.0215942111307579
"131614",0.719361180395624,1.79296955563102,1.26758975711482,0.525379798516194,1.07360837523539,0.548228576719198
"175628",3.13746580395547,2.44092958442797,2.80364906961994,-0.362719485191969,-0.696536219527493,-0.333816734335524
"490306",2.28989264374124,1.92101126354682,2.09801440034009,-0.177003136793272,-0.368881380194417,-0.191878243401145
"303383",1.67763644572974,2.85544660216139,2.23940914374606,0.616037458415332,1.17781015643165,0.561772698016318
"85447",0.104767771197503,1.45139973909162,0.58422678449451,0.867172954597114,1.34663196789412,0.479459013297007
"397898",0.240234532672364,1.48096210060105,0.671539211036272,0.809422889564778,1.24072756792869,0.431304678363908
"474418",0.416424676927747,1.44359842181048,0.766472227627123,0.677126194183359,1.02717374488274,0.350047550699376
"180383",0.272223558047043,1.51714881646795,0.719873358912712,0.797275457555238,1.24492525842091,0.447649800865668
"17163",2.69381729320195,0.98218454605614,1.98152725803831,-0.999342711982173,-1.71163274714581,-0.712290035163639
"557158",1.2396844600703,2.13989818958738,1.64364627815951,0.496251911427866,0.900213729517081,0.403961818089214
"203694",1.18119670289861,1.77034980084759,1.46535443943611,0.304995361411483,0.589153097948978,0.284157736537495
"553126",4.36475109408017,3.22905409966676,3.63502240781724,-0.405968308150477,-1.13569699441341,-0.729728686262932
"107678",3.09872293184612,2.04838700675938,2.58239948006794,-0.534012473308568,-1.05033592508674,-0.516323451778173
"83253",1.07119116353354,0.950298938701012,1.02714595743141,-0.0768470187303938,-0.120892224832526,-0.0440452061021324
"391945",3.24837155908992,1.57410286383161,2.3835258497006,-0.809422985868988,-1.67426869525831,-0.864845709389324
"571650",1.10295971380213,2.44020595371225,1.69901875569044,0.741187198021811,1.33724623991011,0.596059041888302
"306217",1.66405999079171,2.49144997337379,2.0762558677541,0.41519410561969,0.827389982582075,0.412195876962386
"348467",1.06152674387197,1.61674365166545,1.28305517220541,0.33368847946004,0.555216907793476,0.221528428333436
"406516",5.11689926889324,2.82217660438387,3.6392017229671,-0.81702511858323,-2.29472266450937,-1.47769754592614
"381918",0.0214985897502931,1.64410688403023,0.85709169046362,0.787015193566606,1.62260829427993,0.835593100713327
"11399",0.721166042543065,1.03084840796505,0.834279591554726,0.196568816410324,0.309682365421984,0.11311354901166
"498568",1.33390614692774,1.67708204529189,1.49745868955139,0.179623355740497,0.343175898364152,0.163552542623655
"394857",0.705512753357184,1.37171097238694,0.936316453202095,0.43539451918484,0.666198219029751,0.230803699844911
"263992",1.50453704868003,2.25315612867957,1.83309009982065,0.420066028858923,0.748619079999535,0.328553051140612
"322769",1.41289220999786,1.55023577823596,1.47885838307565,0.0713773951603154,0.137343568238102,0.0659661730777867
"322963",0.306584705907802,1.50560737911132,0.716571662495781,0.789035716615544,1.19902267320352,0.409986956587979
"49732",4.22045993952019,1.6653599271421,2.9471113785762,-1.2817514514341,-2.5551000123781,-1.27334856094399
"387775",0.117737168470364,1.35982258703676,0.560688125534235,0.799134461502524,1.24208541856639,0.442950957063871
"498423",3.21078634570013,1.41307675110895,2.40652240023243,-0.993445649123483,-1.79770959459119,-0.804263945467703
"349078",3.10728924040052,1.90657559979094,2.50704872636372,-0.600473126572787,-1.20071364060958,-0.600240514036796
"260136",9.58090542061599,2.50856658329715,5.13760307732018,-2.62903649402303,-7.07233883731883,-4.44330234329581
"333603",10,2.93596485850912,8.57948693453256,-5.64352207602344,-7.06403514149088,-1.42051306546744
"15628",0.281736515855834,1.33365388142051,0.641273442982147,0.692380438438365,1.05191736556468,0.359536927126313
"30063",2.79099750830909,2.62608703297162,2.69835190029955,-0.0722648673279376,-0.164910475337469,-0.0926456080095317
"404756",3.41940726388433,2.65744404522194,2.99863131368453,-0.341187268462588,-0.761963218662387,-0.420775950199799
"474675",1.01207754743329,1.79265180780342,1.30535332788069,0.487298479922733,0.780574260370132,0.293275780447399
"207308",0.572030621246643,1.27077503032313,0.818234295870748,0.452540734452381,0.698744409076486,0.246203674624105
"562203",0.539788967236911,1.51981398012171,0.977763276822953,0.542050703298754,0.980025012884796,0.437974309586042
"384516",2.0267750271881,2.36691299609124,2.19643938547585,0.170473610615394,0.34013796890314,0.169664358287746
"424204",0.663307150660407,1.79200311539608,1.13146819647491,0.660534918921175,1.12869596473568,0.468161045814502
"407891",0.898251700422758,1.71329533905727,1.22268225511093,0.490613083946336,0.81504363863451,0.324430554688174
"426629",0.227263351297431,1.2763450954904,0.620727862312507,0.655617233177898,1.04908174419297,0.393464511015076
"386357",2.59425356560305,3.17795943126221,2.91164839899277,0.266311032269434,0.583705865659152,0.317394833389718
"140689",0.238454381965837,1.39618361965479,0.647973819713626,0.748209799941159,1.15772923768895,0.409519437747789
"29962",2.14118047939165,1.1251754781819,1.72314225527512,-0.59796677709322,-1.01600500120975,-0.418038224116532
"370661",10,2.14117818559727,4.18589764449294,-2.04471945889567,-7.85882181440273,-5.81410235550706
"420234",1.37800663695956,1.90143378016695,1.61964214752975,0.281791632637195,0.523427143207392,0.241635510570197
"507474",0.934046979544653,1.46512841969712,1.15661991930654,0.308508500390582,0.531081440152467,0.222572939761885
"37284",0.600641622724879,1.08582064555002,0.77926892438236,0.306551721167659,0.48517902282514,0.178627301657481
"519767",0.468693561387007,1.5687537577104,0.952169451373674,0.616584306336726,1.10006019632339,0.483475889986667
"561737",1.61838083443178,1.46975059472762,1.54769341035972,-0.0779428156321023,-0.148630239704168,-0.0706874240720661
"3656",0.96398656805017,1.12245943552041,1.0200497977043,0.102409637816109,0.158472867470238,0.0560632296541291
"380915",0.108327339356566,1.33532879216951,0.555091449630954,0.780237342538554,1.22700145281294,0.446764110274388
"94939",1.20876868878774,2.41720860424717,1.74729001519586,0.669918589051312,1.20843991545943,0.538521326408117
"195397",0.543754235149042,1.29230264277934,0.807435532387635,0.484867110391704,0.748548407630297,0.263681297238593
"542241",0.141384123771595,1.59917471218982,0.6538312213486,0.945343490841223,1.45779058841823,0.512447097577005
"45293",6.64254963521612,3.46177541379102,4.25345791476297,-0.791682500971947,-3.1807742214251,-2.38909172045315
"430906",0.806161656319263,1.43782217826436,1.06692861327718,0.370893564987174,0.631660521945095,0.260766956957921
"17923",2.71393222005615,2.36647174031717,2.5449512264176,-0.178479486100435,-0.347460479738982,-0.168980993638547
"191462",1.81460988523554,1.89192125793792,1.84866353924925,0.0432577186886647,0.0773113727023791,0.0340536540137144
"288498",0.146698103632318,1.31073751450988,0.567836557678994,0.742900956830891,1.16403941087757,0.421138454046676
"511576",1.1090103237999,2.2681713395548,1.64401778274942,0.62415355680538,1.1591610157549,0.535007458949518
"57818",0.101371099114074,1.34711314495444,0.541964203423575,0.805148941530866,1.24574204584037,0.440593104309502
"262280",0.71421869017235,0.939977630532397,0.79839233099503,0.141585299537366,0.225758940360047,0.0841736408226805
"87131",1.7592174895313,1.59382209804928,1.68322789934711,-0.0894058012978243,-0.165395391482014,-0.0759895901841894
"304343",5.43894342426441,3.35455680576192,4.1400697145493,-0.78551290878738,-2.08438661850249,-1.29887370971511
"273009",1.32000999076794,1.73803397686255,1.48214180931015,0.255892167552405,0.418023986094609,0.162131818542204
"253384",10,3.76335314812506,6.31532726654261,-2.55197411841755,-6.23664685187494,-3.68467273345739
"405706",4.34430543236701,2.92288146361375,3.41485733500149,-0.491975871387748,-1.42142396875326,-0.929448097365512
"559716",2.71735214732231,1.98427850942347,2.35078285842504,-0.366504349001573,-0.733073637898846,-0.366569288897273
"336333",0.31496393006653,1.48595383756603,0.72564024622959,0.760313591336441,1.1709899074995,0.41067631616306
"404154",0.659964707130527,1.97077339424821,1.17797739537989,0.792795998868313,1.31080868711768,0.518012688249364
"537123",1.01116059255198,1.86472869975308,1.34285040005285,0.521878299700222,0.853568107201091,0.331689807500869
"555842",2.24699048319138,1.75062959965849,1.98175584910074,-0.231126249442253,-0.496360883532895,-0.265234634090642
"7994",5.23924737344239,1.02267456185721,2.98833778683943,-1.96566322498222,-4.21657281158518,-2.25090958660296
"486370",0.82336535921181,0.971449235679047,0.877284936741385,0.094164298937662,0.148083876467238,0.0539195775295755
"216454",3.78657107607212,2.68745047856715,3.18171656538523,-0.494266086818078,-1.09912059750497,-0.604854510686887
"160726",0.34307562851268,1.46547012263422,0.738914326566333,0.726555796067889,1.12239449412154,0.395838698053652
"165672",2.00031067429284,2.57070583223352,2.27746429471441,0.29324153751911,0.570395157940685,0.277153620421575
"100524",6.28315952514053,1.13605836191422,3.16340124500687,-2.02734288309265,-5.14710116322632,-3.11975828013367
"205417",0.112802697374421,1.47349299848086,0.594386635153273,0.879106363327588,1.36069030110644,0.481583937778851
"331975",1.36615007167698,1.82569314351036,1.54149424086299,0.284198902647377,0.459543071833386,0.175344169186008
"242643",2.11940404712529,1.48531395981722,1.82723926707804,-0.341925307260813,-0.634090087308068,-0.292164780047255
"330227",0.275050504366435,0.817551868915771,0.428070832842338,0.389481036073433,0.542501364549335,0.153020328475902
"154567",10,4.61285833792892,7.22283252625958,-2.60997418833067,-5.38714166207108,-2.77716747374042
"491347",9.84067275605985,4.36812097230296,5.89699218114975,-1.52887120884679,-5.47255178375689,-3.9436805749101
"80059",2.47210286511959,1.81468701656241,2.18724040363653,-0.372553387074122,-0.657415848557186,-0.284862461483064
"505030",1.37738907549035,1.38590538414323,1.38105221284591,0.00485317129731899,0.00851630865288677,0.00366313735556778
"431908",0.17881393807583,1.49314841934266,0.658392082087171,0.83475633725549,1.31433448126683,0.479578144011341
"552928",2.8377437348179,1.5061710563293,2.24308173755247,-0.736910681223174,-1.3315726784886,-0.594661997265426
"207853",0.401588766019978,1.28054673945219,0.714225867354351,0.566320872097841,0.878957973432214,0.312637101334374
"316196",1.64369296469453,1.59996957644405,1.6228634177271,-0.0228938412830497,-0.0437233882504837,-0.020829546967434
"90649",0.61003049679993,1.21187370708445,0.817063665491739,0.39481004159271,0.601843210284519,0.207033168691809
"442882",2.14742876492284,1.59265789357744,1.89699589059379,-0.304337997016354,-0.554770871345396,-0.250432874329043
"513338",0.777146171294221,1.12803166706176,0.902856751784228,0.22517491527753,0.350885495767536,0.125710580490007
"400610",1.53009819879025,1.30149664681196,1.41540726407603,-0.113910617264076,-0.228601551978293,-0.114690934714217
"176602",2.27853017583418,0.99526305873251,1.81403414968261,-0.818771090950097,-1.28326711710167,-0.464496026151574
"164864",1.36730823047964,2.68914386488135,2.02623913633349,0.662904728547863,1.32183563440172,0.658930905853852
"406069",0.426301989745129,1.50376703680499,0.930253839653885,0.573513197151103,1.07746504705986,0.503951849908756
"429180",0.450576157636432,1.26298510780479,0.734851629636779,0.528133478168007,0.812408950168354,0.284275472000348
"111591",1.07984556597077,1.05293032364662,1.07238315102174,-0.0194528273751218,-0.0269152423241481,-0.00746241494902633
"394898",0.70441821073684,1.46842104095232,1.03522226520103,0.433198775751294,0.76400283021548,0.330804054464186
"313645",7.98615582970182,2.84432357868777,4.74293846834344,-1.89861488965567,-5.14183225101405,-3.24321736135838
"344839",10,3.12229841733481,5.83710806519265,-2.71480964785784,-6.87770158266519,-4.16289193480735
"476872",10,3.69489504890517,6.28437632409968,-2.58948127519452,-6.30510495109483,-3.71562367590032
"500569",4.04097354740959,2.59371385730296,3.24150032570573,-0.647786468402775,-1.44725969010664,-0.79947322170386
"277386",2.83313083207436,3.72119635004802,3.29611633715311,0.425080012894911,0.888065517973665,0.462985505078755
"50560",10,4.48660903413029,7.09738086800749,-2.6107718338772,-5.51339096586971,-2.90261913199251
"108381",0.792307695161381,1.32188832866319,1.02381295721479,0.298075371448392,0.529580633501805,0.231505262053413
"393791",0.156974725227053,1.29322149780977,0.586368164161696,0.706853333648071,1.13624677258271,0.429393438934643
"504785",0.810861228567193,1.83233827530636,1.19882236383134,0.633515911475021,1.02147704673917,0.387961135264145
"341518",0.541361230589941,1.84985913001187,1.22332572356335,0.626533406448514,1.30849789942192,0.681964492973411
"384960",0.966093616353707,1.71932761374874,1.34109701634395,0.378230597404788,0.753233997395028,0.37500339999024
"147319",0.239212547661509,1.39546277350288,0.641701244478266,0.753761529024619,1.15625022584138,0.402488696816757
"402522",0.200828005661182,1.35773540176802,0.631481418881049,0.726253982886968,1.15690739610684,0.430653413219867
"436386",1.79142459817379,1.88233712846952,1.84185720506322,0.0404799234063009,0.0909125302957292,0.0504326068894283
"339880",1.59813704684013,1.77314437618048,1.67921022847591,0.0939341477045685,0.175007329340344,0.0810731816357759
"264673",1.76876734388557,1.30781547272945,1.61279359386071,-0.304978121131264,-0.460951871156126,-0.155973750024862
"120846",0.754479032037374,1.52163041822914,1.07450449650984,0.447125921719301,0.767151386191767,0.320025464472466
"329585",0.731216620269712,0.973614237634174,0.820342169274141,0.153272068360032,0.242397617364462,0.0891255490044297
"9514",0.340813812909184,1.60709953726319,0.914230127819676,0.692869409443509,1.266285724354,0.573416314910492
"94486",0.418040053141749,1.36398060096948,0.755149957827794,0.60883064314169,0.945940547827735,0.337109904686045
"186070",0.493773532049594,1.41966359682637,0.808331266701851,0.611332330124514,0.925890064776771,0.314557734652257
"136402",2.01415960960512,2.20290819137362,2.11111917139439,0.0917890199792342,0.188748581768498,0.096959561789264
"315367",1.19780872470779,1.70369387425377,1.44283394050572,0.260859933748058,0.505885149545989,0.24502521579793
"36619",1.35199592593512,2.0583569704607,1.66971828609339,0.388638684367311,0.706361044525577,0.317722360158266
"377875",4.0176215466752,2.35129657423593,3.07266031972072,-0.72136374548479,-1.66632497243927,-0.944961226954476
"392420",3.71102501761042,3.39091228671913,3.54379058105689,-0.152878294337762,-0.32011273089129,-0.167234436553528
"438129",2.06139296294166,2.22323862171502,2.14424276920045,0.0789958525145673,0.161845658773359,0.0828498062587912
"488921",10,4.30019311084939,6.19811934842939,-1.89792623757999,-5.69980688915061,-3.80188065157061
"460477",1.45279177271022,2.58380733315164,2.01660487494829,0.567202458203348,1.13101556044142,0.563813102238068
"286491",4.63589889097019,3.61924713613165,4.00136527104311,-0.382118134911461,-1.01665175483854,-0.634533619927079
"326374",1.04456475581925,2.36353500032661,1.63486325054098,0.728671749785634,1.31897024450736,0.59029849472173
"401103",3.97877218857612,2.82596904775172,3.35540182556591,-0.529432777814196,-1.1528031408244,-0.623370363010203
"120097",0.197157797122188,1.43283868905915,0.617720871561154,0.815117817497994,1.23568089193696,0.420563074438966
"70034",2.85232042780901,2.3243778321357,2.59342875368758,-0.269050921551879,-0.527942595673311,-0.258891674121431
"540260",0.705938287400596,1.25476333496806,0.953187328172938,0.301576006795125,0.548825047567467,0.247249040772342
"186962",0.196616296262825,1.47993942645617,0.643904712140457,0.836034714315717,1.28332313019335,0.447288415877632
"525747",1.53393895111492,2.15513203529964,1.80610322212614,0.349028813173506,0.621193084184726,0.27216427101122
"23735",0.699780098808791,1.68939666203409,1.03257742348092,0.656819238553167,0.989616563225295,0.332797324672128
"523328",1.38572827649797,1.0082976935161,1.2529875639317,-0.244689870415596,-0.37743058298187,-0.132740712566274
"172193",1.4795541150302,0.993294937368843,1.30573482284932,-0.31243988548048,-0.486259177661355,-0.173819292180874
"577474",0.741862324313297,1.78115078567776,1.16722425688871,0.613926528789056,1.03928846136446,0.425361932575408
"62448",2.04231970600591,2.24489356744243,2.1449122070368,0.0999813604056299,0.202573861436514,0.102592501030884
"381352",0.276409925030292,1.33486704715382,0.659986044251363,0.674881002902459,1.05845712212353,0.383576119221071
"322151",0.466057223394008,1.40639769062422,0.801640844012221,0.604756846611997,0.94034046723021,0.335583620618213
"403862",0.507563600971854,1.71870963092889,1.03071048215241,0.687999148776481,1.21114602995704,0.523146881180557
"292320",2.51741206127535,3.12210486439758,2.84953916397172,0.272565700425863,0.60469280312223,0.332127102696367
"352636",1.38442401516882,1.68868546691204,1.52848473328901,0.160200733623027,0.304261451743219,0.144060718120192
"292314",10,3.53379420685916,5.62376282731881,-2.08996862045965,-6.46620579314084,-4.37623717268119
"106548",2.85211627607623,1.9667580834433,2.48003889380239,-0.513280810359092,-0.885358192632936,-0.372077382273845
"41106",0.350611600522633,0.96073259637124,0.567939683969396,0.392792912401844,0.610120995848606,0.217328083446763
"89960",1.66818764070458,1.60673340142611,1.63903078459676,-0.0322973831706548,-0.0614542392784707,-0.0291568561078159
"285224",1.11356628591256,2.14004422564997,1.5854611082396,0.554583117410373,1.02647793973741,0.471894822327035
"499496",0.428827287743458,1.66632373100655,0.982686170636146,0.6836375603704,1.23749644326309,0.553858882892688
"419951",0.184388977690108,1.36804968736836,0.604339784797344,0.763709902571013,1.18366070967825,0.419950807107237
"348162",0.799479079780571,2.03390927143964,1.26656238854299,0.767346882896651,1.23443019165907,0.467083308762422
"144432",0.733715357058078,1.29589328105499,0.930951776765738,0.364941504289253,0.562177923996913,0.19723641970766
"514047",0.237867310893028,1.33767943789561,0.640692149042315,0.696987288853299,1.09981212700259,0.402824838149286
"15653",7.60840822583473,2.50971889399826,4.34958373729223,-1.83986484329397,-5.09868933183648,-3.2588244885425
"187991",7.91896060039347,2.90375376267215,4.76385493399246,-1.86010117132031,-5.01520683772133,-3.15510566640101
"22345",7.09374673372173,2.85991561877679,4.43123785079817,-1.57132223202138,-4.23383111494494,-2.66250888292356
"177546",0.549280151531033,1.32026917080338,0.809701135365279,0.510568035438104,0.77098901927235,0.260420983834246
"206491",0.239916385546036,1.4885286811145,0.683534383201684,0.804994297912813,1.24861229556846,0.443617997655648
"468777",3.23006885859955,2.70721000510671,2.93876910307219,-0.231559097965472,-0.522858853492833,-0.291299755527361
"99105",1.87468324005344,2.61015463185869,2.23053881924204,0.379615812616649,0.735471391805246,0.355855579188597
"351266",1.71571419180237,1.49841363035386,1.6128962477357,-0.114482617381841,-0.217300561448503,-0.102817944066662
"253529",1.28541959243051,0.998339941308943,1.18244683275385,-0.184106891444908,-0.287079651121563,-0.102972759676655
"18979",1.27294780724513,1.54071688168102,1.37736673601365,0.163350145667367,0.267769074435889,0.104418928768523
"323047",0.621136581447736,1.39107980323398,0.967377633034442,0.423702170199537,0.769943221786243,0.346241051586706
"573331",3.19114602119107,1.46962507616067,2.42572933876614,-0.95610426260547,-1.7215209450304,-0.765416682424934
"462432",0.427050868491545,1.20782482353922,0.716461880832159,0.491362942707058,0.780773955047671,0.289411012340614
"477117",2.52853736061181,3.21793479166887,2.90443520885543,0.31349958281344,0.689397431057063,0.375897848243623
"415348",5.73605352337883,2.86330746764524,3.90976548418881,-1.04645801654357,-2.87274605573359,-1.82628803919002
"39310",0.128038746900025,1.39470033216284,0.560667018778726,0.834033313384109,1.26666158526281,0.432628271878701
"90496",5.38352343379032,1.99347896455303,3.47574916843771,-1.48227020388468,-3.39004446923728,-1.90777426535261
"60546",0.244484122657332,1.33879409535945,0.643173099866002,0.69562099549345,1.09430997270212,0.39868897720867
"428332",0.857391921970661,2.03895539337408,1.31139379330663,0.727561600067444,1.18156347140342,0.454001871335972
"56115",0.456018622236137,1.71412407056404,1.00238469784524,0.711739372718791,1.2581054483279,0.546366075609108
"241731",2.81200735043254,2.97742819206841,2.90239895705308,0.0750292350153279,0.165420841635874,0.0903916066205466
"41670",0.771621650566489,1.24342868613748,0.937574978122714,0.305853708014764,0.471807035570989,0.165953327556225
"466263",0.500884800944751,1.72984477001204,1.01282642419957,0.717018345812477,1.22895996906729,0.511941623254817
"431520",0.334682384794187,1.13135728296597,0.611377514384907,0.519979768581064,0.796674898171784,0.27669512959072
"200696",3.50393620730784,1.22539970659121,2.46295129343078,-1.23755158683957,-2.27853650071663,-1.04098491387706
"561646",2.974365941579,2.93038251693078,2.95024903683502,-0.0198665199042418,-0.0439834246482196,-0.0241169047439778
"125312",10,3.82026290624099,6.20421579674357,-2.38395289050258,-6.17973709375901,-3.79578420325643
"144318",3.70683582363629,3.36218970139122,3.52429011258019,-0.162100411188975,-0.344646122245066,-0.182545711056091
"168292",5.28620269605636,3.8573808792853,4.4153370483664,-0.557956169081108,-1.42882181677107,-0.870865647689959
"381095",9.79068890795618,4.16764576304271,5.71955255521951,-1.5519067921768,-5.62304314491347,-4.07113635273667
"261677",1.88082866836486,1.88714252599124,1.88359680937813,0.00354571661311076,0.00631385762637948,0.00276814101326872
"205221",2.5096893246567,1.94718623456945,2.22117379225593,-0.273987557686474,-0.562503090087244,-0.28851553240077
"452527",1.1769350619391,1.9797392851088,1.5523110237346,0.427428261374202,0.802804223169703,0.375375961795501
"57811",3.04580744550961,1.94462346018304,2.49609828857718,-0.551474828394144,-1.10118398532658,-0.549709156932432
"158885",0.531265924781283,1.58278022728022,0.978856437639733,0.603923789640486,1.05151430249894,0.44759051285845
"113093",1.05500977708892,1.59160286929791,1.27137797970164,0.320224889596268,0.536593092208983,0.216368202612714
"42718",0.119368829863843,1.81614380231833,0.903430400481802,0.912713401836524,1.69677497245448,0.784061570617959
"328789",1.62452995823124,1.55358665074627,1.59234103231611,-0.0387543815698463,-0.0709433074849695,-0.0321889259151231
"323240",0.412896970869031,1.27215615149529,0.710609842572736,0.561546308922552,0.859259180626257,0.297712871703705
"123794",2.05396544323638,1.70973459460351,1.89995236607429,-0.190217771470779,-0.34423084863287,-0.154013077162092
"111328",0.631271958117819,1.05919291920843,0.786289105488462,0.272903813719969,0.427920961090612,0.155017147370643
"331339",1.34697184259348,1.31600072107361,1.33470490420167,-0.0187041831280599,-0.0309711215198616,-0.0122669383918017
"146215",2.39358460033026,2.23926567359121,2.31545772472878,-0.0761920511375678,-0.154318926739045,-0.0781268756014772
"240801",6.20855715931335,3.05362072234442,4.22743882613741,-1.17381810379299,-3.15493643696893,-1.98111833317594
"303313",10,3.23780812472349,5.73400657948779,-2.4961984547643,-6.76219187527651,-4.26599342051221
"117364",1.12983821208624,2.18078971478066,1.61638614776856,0.564403567012092,1.05095150269442,0.486547935682324
"521096",2.72562133825591,3.04799673992452,2.90199539006355,0.14600134986097,0.322375401668615,0.176374051807645
"311044",0.803090890404979,2.49483449189336,1.56922799210449,0.92560649978887,1.69174360148838,0.766137101699513
"235947",0.197822445952131,1.77516857582854,0.909425866070564,0.865742709757981,1.57734612987641,0.711603420118434
"297152",10,2.93029104765867,5.52199607979615,-2.59170503213748,-7.06970895234133,-4.47800392020385
"393253",5.62792505044496,3.38413104400411,4.23674055278135,-0.852609508777238,-2.24379400644084,-1.3911844976636
"239668",3.62233198505138,2.80447689578709,3.17463528217973,-0.370158386392639,-0.817855089264287,-0.447696702871648
"287602",1.06656633983047,0.780552684739087,0.979392387018106,-0.198839702279019,-0.286013655091381,-0.087173952812362
"387385",1.1187853730602,1.61803912135049,1.36604820605947,0.251990915291024,0.499253748290293,0.24726283299927
"415078",3.16842894690569,2.11225796855512,2.65836514476535,-0.546107176210226,-1.05617097835057,-0.510063802140346
"284936",2.6296892393554,3.1170516574475,2.89561166265194,0.221439994795562,0.487362418092096,0.265922423296534
"577850",0.753324808036594,1.38180797001677,1.02658796730186,0.35522000271491,0.628483161980174,0.273263159265265
"173795",0.402783349186818,1.44620332075833,0.757142777408309,0.689060543350022,1.04341997157151,0.35435942822149
"358317",9.80108842229349,2.04427656261281,4.8007948345716,-2.75651827195879,-7.75681185968068,-5.00029358772189
"352282",1.49161832934856,1.53990324008163,1.51480255711985,0.0251006829617819,0.0482849107330652,0.0231842277712833
"182118",4.72106913907925,3.19888040762367,3.74938688331248,-0.550506475688811,-1.52218873145559,-0.971682255766779
"225449",0.716449012283956,1.43825601154518,1.02920865707906,0.409047354466119,0.721806999261219,0.3127596447951
"237181",7.9184482425314,2.83370739084777,4.71089748624456,-1.87719009539679,-5.08474085168363,-3.20755075628684
"502473",3.13241062315808,3.10729706439495,3.11877000444458,-0.0114729400496358,-0.0251135587631288,-0.013640618713493
"349151",0.913497126996109,1.51990720675511,1.11870650649884,0.401200700256274,0.606410079759001,0.205209379502728
"559669",0.818740070610442,1.51066321217998,1.10654533487883,0.404117877301152,0.691923141569538,0.287805264268385
"369222",0.508870344450025,1.23917614048678,0.776987193282233,0.462188947204549,0.730305796036756,0.268116848832208
"81319",0.508548062402025,1.09942847705602,0.727436764729739,0.371991712326279,0.590880414653994,0.218888702327715
"405567",0.886982724999716,1.87451791042829,1.27777142014582,0.596746490282471,0.987535185428577,0.390788695146106
"422580",0.495006776566683,1.2237767480535,0.760722634001899,0.463054114051603,0.728769971486819,0.265715857435216
"572770",1.0677132643665,0.790990321671467,0.98597702374685,-0.194986702075383,-0.276722942695032,-0.0817362406196492
"165045",10,3.16179781087957,7.30112095136239,-4.13932314048282,-6.83820218912043,-2.69887904863761
"39446",0.44844359078062,1.42686015263668,0.789570123485145,0.637290029151535,0.978416561856061,0.341126532704525
"566380",0.176043789023946,1.41816877077339,0.615803548886897,0.802365221886497,1.24212498174945,0.439759759862951
"523273",0.577470816534813,1.66182376741256,1.03843584381387,0.623387923598697,1.08435295087775,0.460965027279052
"545424",0.519077371609854,1.28350500566278,0.784594283601218,0.498910722061559,0.764427634052924,0.265516911991364
"212311",2.43601165842596,1.87676808962101,2.14318389356382,-0.266415803942803,-0.559243568804951,-0.292827764862148
"109149",0.665611288655955,1.40635664506908,0.919414416550627,0.486942228518457,0.740745356413129,0.253803127894672
"300666",0.580120565158549,1.31125895795911,0.84646111288341,0.464797845075701,0.731138392800562,0.26634054772486
"252443",0.570081327782903,1.70385373881565,1.04206456538493,0.661789173430719,1.13377241103274,0.471983237602026
"73518",2.89533717596018,2.12776959033613,2.5143111520478,-0.386541561711667,-0.767567585624044,-0.381026023912377
"165573",10,2.23942096448926,6.41885267245635,-4.17943170796708,-7.76057903551074,-3.58114732754365
"277979",1.5186913932734,1.80973249526753,1.6496326795799,0.160099815687629,0.291041101994133,0.130941286306504
"186297",0.970136974186612,2.61256611685173,1.68337310417223,0.929193012679501,1.64242914266512,0.713236129985618
"293209",3.1859911851314,2.98998203237529,3.07986194629565,-0.0898799139203623,-0.196009152756116,-0.106129238835754
"146676",0.602200494980347,1.24245324091916,0.836388688437771,0.40606455248139,0.640252745938815,0.234188193457425
"408799",0.406289198331842,1.60999095196561,0.933417217593526,0.676573734372083,1.20370175363377,0.527128019261684
"536666",0.271539980923313,1.49181469559709,0.711514514007609,0.780300181589486,1.22027471467378,0.439974533084296
"194123",3.262625710384,2.17290638657107,2.73178535929712,-0.55887897272605,-1.08971932381293,-0.530840351086882
"203746",0.446761453156728,1.88355742521726,1.20118553370569,0.682371891511574,1.43679597206054,0.754424080548963
"553847",0.442219063175702,1.38420991751126,0.784860993436211,0.59934892407505,0.941990854335558,0.342641930260509
"358297",1.52253882960047,2.02157399060405,1.74317512190771,0.278398868696339,0.499035161003577,0.220636292307238
"414647",1.29456356161544,1.64703771475894,1.46520798999944,0.181829724759498,0.352474153143496,0.170644428383998
"277229",0.401231065350522,1.2801283428248,0.714960214607782,0.565168128217019,0.878897277474279,0.31372914925726
"255977",0.917929422084546,2.08876520948301,1.46687618695374,0.621889022529276,1.17083578739847,0.54894676486919
"573355",0.664312074793612,2.49444003843925,1.49701240313063,0.997427635308621,1.83012796364564,0.832700328337017
"143515",0.948305134373981,1.03179177741335,0.978459711692005,0.0533320657213485,0.0834866430393729,0.0301545773180244
"166917",2.71551365867304,3.16496443783975,2.96017024188738,0.204794195952374,0.449450779166716,0.244656583214341
"221107",3.5671225396889,2.78154884320715,3.13514444057316,-0.353595597366013,-0.785573696481752,-0.431978099115738
"350253",1e-08,1.44709903817791,0.51708294075613,0.930016097421785,1.44709902817791,0.51708293075613
"170172",3.21349397737542,2.35959546374572,2.73809436073022,-0.378498896984504,-0.853898513629704,-0.475399616645199
"328831",0.446317892445735,1.32004169900976,0.744977135527153,0.575064563482604,0.873723806564021,0.298659243081417
"375876",0.731587690272113,1.72304969865278,1.14608724211051,0.576962456542272,0.991462008380665,0.414499551838393
"113861",1.0608060565987,1.73554950475981,1.39670947832924,0.338840026430575,0.674743448161115,0.33590342173054
"126120",1.38852957236444,1.89298862878305,1.61627212646814,0.276716502314907,0.504459056418604,0.227742554103698
"132989",1.59492401294896,1.30312573094128,1.49532723178768,-0.192201500846399,-0.291798282007677,-0.0995967811612786
"121306",0.818315440091137,1.24346485696359,1.00174806698325,0.241716789980341,0.425149416872455,0.183432626892114
"231928",1.59890061127494,2.0466642469062,1.79732331564615,0.249340931260057,0.447763635631258,0.198422704371201
"366173",1.33415894306597,1.79558032276948,1.5486816641563,0.246898658613179,0.461421379703508,0.214522721090328
"471693",2.04403508437549,2.41231515887161,2.22653015392142,0.185785004950188,0.368280074496119,0.182495069545932
"314286",2.90857965116978,2.43046181623436,2.68113157363506,-0.250669757400697,-0.478117834935421,-0.227448077534725
"65867",0.361814302635696,1.36713995006269,0.71659779009823,0.650542159964464,1.005325647427,0.354783487462533
"578557",0.649389315020239,1.45211289653282,0.925931883242223,0.526181013290595,0.802723581512579,0.276542568221984
"93356",0.847930380512553,0.999774489569286,0.903466036585733,0.0963084529835533,0.151844109056733,0.0555356560731796
"208529",3.81894174743865,1.40950576144292,2.56984362418402,-1.1603378627411,-2.40943598599573,-1.24909812325463
"566174",0.851844822991263,1.44739016394272,1.10688785102871,0.340502312914008,0.595545340951453,0.255043028037445
"359030",4.25116226086481,2.39435793894981,3.22263325438026,-0.82827531543045,-1.856804321915,-1.02852900648455
"482985",0.773145604729935,1.80077923218671,1.18890798592435,0.611871246262362,1.02763362745678,0.415762381194414
"571357",4.30189225960854,2.14611212034353,3.08644925051056,-0.940337130167034,-2.15578013926502,-1.21544300909798
"419023",0.19454961459609,1.27045753117258,0.564353250961922,0.706104280210658,1.07590791657649,0.369803636365831
"358455",1.27832353572684,1.01052256017943,1.18248783934667,-0.171965279167241,-0.267800975547407,-0.0958356963801654
"471355",2.65619895304695,1.18681767337572,2.06744885252148,-0.88063117914576,-1.46938127967123,-0.58875010052547
"175084",1.50591953004724,2.35517206524462,1.87364780808315,0.481524257161475,0.84925253519738,0.367728278035905
"154795",0.871837819235213,1.08689581883142,0.947841005895825,0.139054812935597,0.215057999596209,0.076003186660612
"356143",1.46879455953906,2.0799406318525,1.74028337419608,0.339657257656425,0.61114607231344,0.271488814657016
"148936",1.00493391398171,0.928176223452823,0.976735897158209,-0.0485596737053859,-0.0767576905288836,-0.0281980168234977
"427778",1.97167692170794,2.61567270766178,2.28166773196449,0.334004975697294,0.643995785953842,0.309990810256548
"543181",10,1.75824507277899,3.69103789205451,-1.93279281927552,-8.24175492722101,-6.30896210794549
"489005",0.182675701960139,1.34995791832228,0.586298781366492,0.763659136955788,1.16728221636214,0.403623079406352
"122470",2.02771297215293,2.06803218638117,2.03970875793435,0.0283234284468143,0.0403192142282407,0.0119957857814263
"284211",3.49764962262318,1.54719695939453,2.64102247996632,-1.09382552057179,-1.95045266322865,-0.856627142656858
"87168",0.57802835546372,1.5890835365106,1.01021525506279,0.578868281447803,1.01105518104688,0.432186899599074
"314309",0.575351605356991,1.57395740039863,1.00688833262181,0.567069067776812,0.998605795041636,0.431536727264824
"142521",1.83240351676477,1.64726658690329,1.74656636608835,-0.0992997791850641,-0.185136929861485,-0.0858371506764206
"2845",1.3814868999783,2.14757158167343,1.71623339399185,0.431338187681579,0.766084681695125,0.334746494013546
"487393",0.658142241419319,1.15984028154938,0.841702187349042,0.318138094200343,0.501698040130066,0.183559945929723
"533779",1.23164348177696,1.26927739062379,1.24677541753342,0.0225019730903677,0.037633908846826,0.0151319357564583
"208457",10,2.50591506088283,6.35231479138995,-3.84639973050712,-7.49408493911717,-3.64768520861005
"104828",2.10117256877588,1.94024774770304,2.03003651423226,-0.0897887665292165,-0.160924821072837,-0.0711360545436208
"206300",1.06224069159491,1.67451427021928,1.30419721372975,0.370317056489532,0.612273578624372,0.24195652213484
"399283",5.24158369438722,2.61031220473339,3.53492801587239,-0.924615811138998,-2.63127148965383,-1.70665567851483
"332619",0.423999134380944,1.47348949946615,0.794187132765815,0.679302366700338,1.04949036508521,0.370187998384871
"108387",0.853049262512034,1.55198659815632,1.1475399185885,0.404446679567825,0.698937335644289,0.294490656076464
"336789",0.569032390006242,1.35505046629724,0.842391157513842,0.512659308783396,0.786018076290995,0.2733587675076
"110397",10,3.93507203571472,6.45672053692691,-2.52164850121219,-6.06492796428528,-3.54327946307309
"303128",2.10505728728801,2.76187683196487,2.42105893838925,0.340817893575621,0.656819544676864,0.316001651101242
"533503",3.90179221733549,3.15237765461918,3.50023265557588,-0.347855000956702,-0.749414562716307,-0.401559561759605
"230953",2.27524446125219,2.51264441101971,2.39165890718856,0.120985503831154,0.237399949767518,0.116414445936365
"399415",7.96510178558876,2.3008000611131,4.31834200180603,-2.01754194069293,-5.66430172447566,-3.64675978378273
"548706",0.056860771106413,1.51198702594721,0.557354119106385,0.954632906840826,1.4551262548408,0.500493347999972
"347892",3.3647764615352,2.00376565055054,2.69288922704157,-0.68912357649103,-1.36101081098466,-0.671887234493626
"375185",5.9466443293859,3.28326422445455,4.29689546075302,-1.01363123629848,-2.66338010493135,-1.64974886863287
"372632",0.976639419308057,2.28941570248892,1.46689210278717,0.82252359970175,1.31277628318086,0.490252683479112
"365656",3.48998917541037,3.05889414266699,3.2553713745519,-0.196477231884913,-0.431095032743382,-0.234617800858469
"480994",0.741188029941377,1.54459923813705,1.07614000240143,0.468459235735626,0.803411208195677,0.334951972460051
"407076",0.774768926309745,1.41261896559405,0.993452663689653,0.419166301904401,0.637850039284309,0.218683737379908
"328106",0.804439921292876,1.56908375003966,1.12012023842283,0.448963511616831,0.764643828746784,0.315680317129953
"129324",1.09710711520592,1.94583168544372,1.42307197404029,0.522759711403436,0.848724570237804,0.325964858834368
"454788",0.618247938050844,1.45544678177679,0.912417627897527,0.543029153879262,0.837198843725944,0.294169689846683
"16772",0.120724136507117,1.57460471998535,0.626128692607608,0.948476027377745,1.45388058347824,0.505404556100491
"202579",2.23386644138904,2.08721683887495,2.15840492732012,-0.0711880884451697,-0.146649602514086,-0.0754615140689165
"22582",2.36089563423482,1.23121877480513,1.84328863792985,-0.612069863124721,-1.1296768594297,-0.517606996304977
"17916",0.904967717325741,1.67844410299817,1.21764388160217,0.460800221396003,0.773476385672432,0.312676164276429
"172080",2.50868947994599,1.00298547834119,1.88780344971954,-0.884817971378356,-1.5057040016048,-0.620886030226444
"127377",0.41318474031596,1.55706974263991,0.928974746093383,0.628094996546528,1.14388500232395,0.515790005777423
"487927",0.62866775610219,1.67052184041201,1.07555396314961,0.594967877262396,1.04185408430982,0.446886207047424
"201480",1.96534455599858,2.36344220549151,2.16695783298702,0.196484372504489,0.39809764949293,0.201613276988441
"260945",0.550849646168392,1.84644111621762,1.06414559264998,0.782295523567645,1.29559147004923,0.513295946481584
"376437",0.85503654035317,1.4141947742763,1.04753203183476,0.366662742441542,0.559158233923129,0.192495491481587
"507466",0.776454628274082,1.80033233005769,1.29310685879516,0.507225471262526,1.0238777017836,0.516652230521077
"302976",0.517456608299827,1.59193789770635,0.981859681327192,0.610078216379154,1.07448128940652,0.464403073027364
"24605",0.562305109421442,1.82448456140538,1.07208977722759,0.752394784177785,1.26217945198393,0.509784667806149
"464823",6.95127086954712,3.43113820052719,4.78776958116626,-1.35663138063907,-3.52013266901992,-2.16350128838086
"517003",1.92246761213677,2.38524436868429,2.16047362817354,0.22477074051075,0.462776756547523,0.238006016036773
"537980",10,4.40395848917248,6.04370731273839,-1.63974882356591,-5.59604151082752,-3.95629268726161
"56207",1.02688826923554,2.09128649534302,1.5320800038797,0.559206491463322,1.06439822610748,0.50519173464416
"261189",3.13324517461952,3.16713960911316,3.15177352363632,0.0153660854768423,0.0338944344936429,0.0185283490168007
"577318",6.62914774578516,2.58341416029434,4.06798064007889,-1.48456647978455,-4.04573358549082,-2.56116710570627
"365416",5.95213256084587,3.11735711420882,4.17705623651163,-1.05969912230281,-2.83477544663706,-1.77507632433425
"497729",1.5706793292589,2.16550543889938,1.83109277855849,0.334412660340886,0.594826109640478,0.260413449299593
"501654",1.36252830093564,2.7357292821832,2.05727060313192,0.678458679051282,1.37320098124756,0.694742302196274
"542779",0.590618102413949,2.09358400718096,1.18913163343397,0.904452373746985,1.50296590476701,0.598513531020025
"551871",0.704403368138074,1.17842692321611,0.874009648963018,0.304417274253095,0.474023555078039,0.169606280824944
"493006",0.643073169899535,1.26745721313613,0.863709679074803,0.403747534061329,0.624384043236597,0.220636509175268
"433779",1.63261492580739,1.14132731346129,1.42854134024374,-0.287214026782452,-0.491287612346095,-0.204073585563644
"41887",10,2.96522487582817,6.4201532705524,-3.45492839472423,-7.03477512417182,-3.5798467294476
"304484",0.312090852390461,1.57786043338571,0.754584619627582,0.823275813758126,1.26576958099525,0.442493767237121
"494867",0.700384847485546,0.961489281288361,0.776461951730134,0.185027329558226,0.261104433802815,0.0760771042445884
"4755",0.297435584867196,1.49462510357282,0.69703573864624,0.797589364926576,1.19718951870562,0.399600153779044
"230157",2.86466904748545,1.55235631742652,2.28602466110498,-0.733668343678459,-1.31231273005894,-0.578644386380477
"383710",2.13628099598452,1.88179589563586,2.02501847803607,-0.143222582400208,-0.25448510034866,-0.111262517948452
"454326",0.603948401174334,1.7063216292709,1.06281619067074,0.643505438600161,1.10237322809657,0.458867789496408
"211886",5.4210825275301,3.55363583251618,4.26708771501668,-0.713451882500494,-1.86744669501391,-1.15399481251342
"554540",0.664405532395234,1.24291342519255,0.867851750662147,0.375061674530401,0.578507892797314,0.203446218266914
"271232",3.20958630825121,3.1878150579849,3.19780371549119,-0.00998865750628974,-0.0217712502663101,-0.0117825927600204
"40016",1.92532019420761,1.84893799167781,1.88352873313584,-0.0345907414580289,-0.0763822025297995,-0.0417914610717707
"151995",3.12093460985406,1.53588273971675,2.42269391652915,-0.886811176812399,-1.58505187013731,-0.698240693324907
"242632",1.15043111413899,1.73188118295777,1.43186049506608,0.300020687891698,0.581450068818787,0.281429380927089
"377824",0.750286392846909,2.37351231007799,1.80227788904771,0.571234421030281,1.62322591723108,1.0519914962008
"188906",1.49982953941363,1.97636385425066,1.7638931883789,0.212470665871763,0.47653431483703,0.264063648965267
"37466",1.3403952284998,1.24223914161864,1.29968195838557,-0.0574428167669354,-0.0981560868811628,-0.0407132701142274
"74560",1.25829841314456,1.9342481070001,1.5731584312226,0.361089675777498,0.675949693855543,0.314860018078045
"258075",0.716956802989486,1.38113033421184,1.00565528778118,0.375475046430664,0.664173531222358,0.288698484791694
"466120",5.56606802799644,3.31624499084231,4.16664397786776,-0.850398987025449,-2.24982303715413,-1.39942405012868
"7477",2.95082734278431,2.1834688839834,2.57224023304745,-0.388771349064045,-0.767358458800912,-0.378587109736867
"530490",0.671460198503111,1.47322962732207,0.947804968329694,0.525424658992381,0.801769428818964,0.276344769826583
"55992",0.346674583432252,1.70880826852762,0.937300927050881,0.771507341476738,1.36213368509537,0.590626343618629
"282259",2.41761607987233,2.4385230964733,2.42753912579611,0.0109839706771897,0.0209070166009684,0.00992304592377868
"572396",0.518325476419105,0.963673236039732,0.687582405415212,0.27609083062452,0.445347759620627,0.169256928996107
"60203",0.583010170782104,1.59554053111752,1.01347163188256,0.582068899234958,1.01253036033542,0.43046146110046
"287084",2.66455504531031,1.3538362102131,2.06569528396231,-0.711859073749202,-1.31071883509721,-0.598859761348006
"402370",1.85896758984787,2.89232057732403,2.35606649906663,0.536254078257398,1.03335298747615,0.497098909218757
"339707",0.273212389304893,2.03362986668713,1.18597452236627,0.847655344320865,1.76041747738224,0.912762133061376
"424272",1.06290074051905,1.7707908801468,1.41051705722099,0.360273822925814,0.707890139627753,0.347616316701939
"261995",1.27700250784769,1.65157239366825,1.45779414317201,0.193778250496241,0.374569885820566,0.180791635324326
"479492",2.71765833811662,3.15959322890462,2.95823208844451,0.201361140460111,0.441934890788007,0.240573750327895
"219914",1.07172350252284,1.26865166639196,1.15416617832295,0.114485488069006,0.196928163869112,0.0824426758001064
"223622",3.50706452676685,1.86325385771346,2.68885793609789,-0.82560407838443,-1.64381066905339,-0.818206590668959
"239378",5.49222678937646,3.78066755407051,4.19136291326841,-0.410695359197902,-1.71155923530595,-1.30086387610805
"294568",1.8174447575674,2.40431113863408,2.11732155339203,0.28698958524205,0.58686638106668,0.29987679582463
"386199",0.795076434729926,1.49491639289194,1.08482403196998,0.410092360921961,0.699839958162012,0.289747597240051
"60341",10,1.91039850085586,3.88978882915257,-1.97939032829671,-8.08960149914414,-6.11021117084743
"232788",0.773405433243034,1.86006339863972,1.20556052935917,0.654502869280553,1.08665796539669,0.432155096116135
"330842",0.234920274848225,1.95282798652497,0.952129593742566,1.0006983927824,1.71790771167674,0.71720931889434
"470596",5.47652043911274,1.63828391944461,3.24711711388431,-1.60883319443969,-3.83823651966813,-2.22940332522843
"540397",4.71989937387197,2.67964537182996,3.60940162213806,-0.929756250308097,-2.04025400204201,-1.11049775173391
"405962",0.168687237669236,1.39337296828036,0.601362005907014,0.792010962373347,1.22468573061112,0.432674768237778
"329996",1.27199235777915,0.999746520528078,1.17463772556847,-0.174891205040397,-0.272245837251071,-0.097354632210674
"29509",0.883846832340989,1.88792990630268,1.37771347422996,0.510216432072715,1.00408307396169,0.493866641888973
"500670",0.598172651704979,1.62132213052798,1.03562978580145,0.585692344726529,1.023149478823,0.437457134096472
"252382",1.15029950664954,2.06602718960067,1.5785452586144,0.487481930986267,0.915727682951132,0.428245751964865
"487643",1.69112126424495,1.74007920895872,1.7132224809916,0.0268567279671152,0.0489579447137702,0.022101216746655
"214585",1.08248437310988,1.06430740487553,1.07744771305964,-0.013140308184113,-0.0181769682343536,-0.0050366600502405
"260379",1.99240443900026,1.92901196010697,1.95867246005097,-0.0296604999439991,-0.0633924788932843,-0.0337319789492851
"228737",3.27122218147189,2.60672567812947,2.91041602677335,-0.303690348643882,-0.664496503342425,-0.360806154698543
"409349",0.690541599187197,1.34554532568873,0.978018340549165,0.367526985139568,0.655003726501536,0.287476741361968
"71594",2.91662391225191,3.18340640393063,3.05990632028677,0.123500083643857,0.266782491678722,0.143282408034866
"304691",0.921263478569851,2.77951427423361,1.70724491101261,1.072269363221,1.85825079566376,0.785981432442756
"503210",0.391312395430377,1.29067644460808,0.721215895019086,0.569460549588995,0.899364049177704,0.329903499588709
"135780",0.899200729217011,1.30730412029593,1.03953741368073,0.267766706615194,0.408103391078915,0.140336684463721
"36579",1.11984679986873,1.51755993718353,1.27977810425068,0.237781832932846,0.397713137314793,0.159931304381947
"396835",0.887438058291331,2.11665079910195,1.56555446867166,0.55109633043029,1.22921274081062,0.678116410380327
"129500",0.795020837424596,1.52503773021874,1.10234377184533,0.422693958373411,0.730016892794146,0.307322934420735
"131467",3.29782979691547,1.13004547843751,2.29207422010104,-1.16202874166353,-2.16778431847796,-1.00575557681443
"514580",0.588050291397454,1.53405759538797,0.998183265546682,0.535874329841288,0.946007303990516,0.410132974149228
"382740",1.08128657479831,1.80739420612171,1.36271813576509,0.444676070356616,0.726107631323396,0.281431560966781
"498711",4.60994765455132,3.24672084544352,3.74136377090186,-0.49464292545834,-1.36322680910779,-0.868583883649453
"187563",3.45437308518451,2.62620936443491,2.99712082748809,-0.370911463053178,-0.828163720749592,-0.457252257696414
"221307",1.84244480124319,2.57514710695821,2.19649328873223,0.378653818225987,0.732702305715028,0.354048487489041
"278768",2.02107554975383,1.89482437161303,1.96465868962872,-0.0698343180156973,-0.126251178140802,-0.0564168601251052
"576687",0.657234150521277,1.72871665758663,1.10185616199543,0.626860495591203,1.07148250706535,0.44462201147415
"164999",0.995913065399217,1.92347091420533,1.43228567415628,0.491185240049045,0.927557848806112,0.436372608757067
"103501",1.09708066786335,1.54284390235293,1.27598013665872,0.266863765694213,0.445763234489581,0.178899468795368
"261632",1.54752985655844,2.23704932719687,1.84871118163368,0.388338145563185,0.689519470638428,0.301181325075242
"208507",0.577756837526852,1.36224792465853,0.853097576180232,0.509150348478293,0.784491087131673,0.27534073865338
"176773",0.931120428750635,2.36961907075347,1.58171313410914,0.78790593664433,1.43849864200283,0.650592705358501
"333395",0.549152598047612,1.77811169234654,1.05877382649183,0.719337865854718,1.22895909429893,0.509621228444214
"557257",0.74375352477267,1.447187084474,1.04479891895494,0.402388165519059,0.703433559701327,0.301045394182269
"264953",0.260751428135921,1.99411277801225,0.963181587315914,1.03093119069633,1.73336134987633,0.702430159179993
"569254",1.08365018177257,1.76465627818128,1.4188823748262,0.345773903355076,0.681006096408706,0.335232193053631
"378217",3.1413942681871,2.23716202303549,2.70509264161348,-0.467930618577992,-0.904232245151608,-0.436301626573616
"343301",0.0839389495123298,1.25085808030802,0.4895018286717,0.761356251636323,1.16691913079569,0.40556287915937
"506493",1.80116443411736,1.61142820052074,1.71313045055916,-0.101702250038419,-0.189736233596621,-0.0880339835582014
"566185",0.158573639919412,1.37902422263419,0.604031036251034,0.774993186383153,1.22045058271478,0.445457396331622
"480943",6.60324872766578,1.62192850820768,3.74391987931628,-2.1219913711086,-4.9813202194581,-2.8593288483495
"320902",1.06725993382929,1.5013167449638,1.24231234906259,0.259004395901212,0.434056811134515,0.175052415233303
"569979",0.923715243243033,1.77606036697539,1.34602123259348,0.43003913438191,0.852345123732356,0.422305989350446
"202742",0.876632815550735,1.27556935971105,1.05225005838836,0.22331930132269,0.398936544160316,0.175617242837626
"306401",1.26300562593242,1.80056742004137,1.52138700712984,0.279180412911531,0.537561794108949,0.258381381197418
"175596",3.03019803018697,2.2325488004856,2.64034728232253,-0.407798481836929,-0.797649229701369,-0.38985074786444
"196628",3.04167070962824,2.41193204129201,2.73642429942101,-0.324492258128999,-0.629738668336228,-0.305246410207229
"352229",1.61700880681977,1.99585888799072,1.82263321445205,0.173225673538677,0.378850081170958,0.205624407632281
"540830",0.649120643719385,1.46369733243064,1.00439511810495,0.459302214325683,0.814576688711252,0.355274474385569
"527757",0.58901351594187,1.25806327369264,0.827057838025341,0.431005435667297,0.669049757750768,0.238044322083471
"139927",0.600424530402179,0.825243402754829,0.667713613563321,0.157529789191508,0.22481887235265,0.0672890831611417
"477036",3.63245339976368,1.85613367450701,2.7495302773919,-0.893396602884893,-1.77631972525667,-0.882923122371777
"522833",2.2185651754814,2.29211145108389,2.25459588622801,0.037515564855878,0.0735462756024887,0.0360307107466107
"2569",1.22328643722821,1.34252518225637,1.27298552589153,0.0695396563648421,0.119238745028166,0.0496990886633235
"289085",0.192593950990849,1.43704892850059,0.62056884345323,0.816480085047365,1.24445497750975,0.42797489246238
"373019",1.03723813857527,1.26311555402758,1.13390067162514,0.129214882402442,0.22587741545231,0.0966625330498685
"56869",0.321476342047657,1.77668678712138,0.97721974181341,0.799467045307973,1.45521044507373,0.655743399765753
"514480",1.27697182616997,2.12307094475163,1.7296993666759,0.393371578075726,0.846099118581654,0.452727540505928
"307504",2.08309566601288,2.46482696436436,2.27486959556722,0.189957368797133,0.381731298351475,0.191773929554341
"162457",0.43469282441014,1.08278059210848,0.680881975375793,0.401898616732682,0.648087767698335,0.246189150965653
"215708",1.07608598563395,1.27727940506216,1.14560959677095,0.13166980829121,0.201193419428217,0.0695236111370072
"568735",3.71070940318386,2.80473825272233,3.21597304117833,-0.411234788456,-0.905971150461529,-0.494736362005529
"240525",1.26848677004704,1.83824997200169,1.53499243566627,0.303257536335423,0.569763201954647,0.266505665619225
"535929",0.759945056884168,1.51254000809489,1.07666939912938,0.435870608965515,0.752594951210724,0.316724342245209
"256638",0.7100836653974,1.74949163492338,1.13291306225088,0.616578572672499,1.03940796952598,0.422829396853485
"286779",0.445050748359943,1.28488312399388,0.755234671011285,0.529648452982596,0.839832375633938,0.310183922651342
"361910",0.106441450934761,1.67474591123216,0.665524267944642,1.00922164328752,1.5683044602974,0.559082817009881
"190737",0.860092853308746,1.39285120049187,1.04223021764419,0.350620982847672,0.53275834718312,0.182137364335448
"155291",1.79723326077044,1.49953725810064,1.68071797405554,-0.181180715954899,-0.297696002669803,-0.116515286714904
"65155",3.20303677489691,3.01489432992078,3.10122712338971,-0.0863327934689253,-0.188142444976122,-0.101809651507197
"340339",1.43641217668425,1.69198263807653,1.53525645635276,0.156726181723767,0.255570461392284,0.0988442796685176
"26106",0.334774207098115,1.66248369209727,0.928740203956906,0.733743488140359,1.32770948499915,0.593965996858792
"150300",1.44546066875728,1.57986380417712,1.49832886561075,0.0815349385663655,0.134403135419836,0.0528681968534708
"350761",1.10386099988167,2.47370486880451,1.71944557341303,0.754259295391479,1.36984386892284,0.615584573531358
"255963",0.707360684189675,2.58898277138882,1.53853416621084,1.05044860517797,1.88162208719914,0.831173482021169
"71035",2.45901476827905,3.44163762246025,2.9873906984515,0.454246924008757,0.982622854181197,0.528375930172441
"272052",2.30427469151671,2.0014447620651,2.14635027377654,-0.144905511711445,-0.302829929451616,-0.157924417740171
"82567",6.31576693019238,3.29144549454282,4.43950141178435,-1.14805591724153,-3.02432143564956,-1.87626551840803
"137793",2.8250839040936,3.33866932145072,3.10240749175712,0.236261829693605,0.513585417357117,0.277323587663512
"36977",3.00962083052634,3.12497375615596,3.07317771353716,0.0517960426188018,0.115352925629622,0.0635568830108197
"485900",1.1774374707402,1.07335158839355,1.14003810976797,-0.0666865213744274,-0.104085882346652,-0.0373993609722243
"528658",2.96482477980029,2.81984480821486,2.88486432899895,-0.0650195207840909,-0.144979971585435,-0.0799604508013445
"328777",3.57687772301383,2.08522892141836,2.69913582199147,-0.613906900573114,-1.49164880159547,-0.877741901022361
"384707",0.507611578776106,1.74516991572357,1.01939008183229,0.725779833891286,1.23755833694747,0.511778503056183
"121895",0.332674494259448,1.52063586976605,0.887807952907226,0.632827916858828,1.18796137550661,0.555133458647778
"237415",2.18048695648736,1.96698843156708,2.08853598858003,-0.121547557012946,-0.213498524920277,-0.0919509679073314
"293467",1.82356882737316,2.17836695797266,1.97628489283279,0.202082065139875,0.354798130599503,0.152716065459628
"430946",0.403832501088872,1.74027465558013,0.982346106335867,0.757928549244266,1.33644215449126,0.578513605246995
"522941",4.84029982384021,1.15126006208255,2.89965150314229,-1.74839144105974,-3.68903976175766,-1.94064832069792
"399295",0.333276787497173,1.52258078696474,0.740603640290955,0.781977146673785,1.18930399946757,0.407326852793783
"100775",0.835605511869718,0.879187005607902,0.848906854710331,0.0302801508975707,0.0435814937381841,0.0133013428406134
"460879",3.58786369911544,2.82293687204512,3.17359837086862,-0.350661498823496,-0.764926827070312,-0.414265328246817
"423334",0.578135617248967,1.58927611562026,0.926819015942399,0.662457099677861,1.01114049837129,0.348683398693432
"276972",0.762923851375199,1.66204393914102,1.12408581666456,0.537958122476465,0.899120087765822,0.361161965289357
"47159",0.310412971654769,1.51312850383177,0.736572067930489,0.77655643590128,1.202715532177,0.42615909627572
"534462",4.04266175398401,3.21482752672621,3.50491078083451,-0.290083254108301,-0.827834227257805,-0.537750973149504
"46201",0.583423305935007,1.6533747903532,1.04153835551945,0.611836434833753,1.06995148441819,0.458115049584441
"360607",1.00081078628973,2.47377107193537,1.6537854943869,0.819985577548471,1.47296028564564,0.65297470809717
"37170",0.760339147113213,0.756467475914421,0.760003190829368,-0.00353571491494753,-0.00387167119879195,-0.000335956283844419
"157973",2.03909196823302,2.59161932362802,2.30914997327099,0.282469350357034,0.552527355395002,0.270058005037968
"14777",3.48114191163945,3.29583715296684,3.38314090851398,-0.0873037555471452,-0.18530475867261,-0.0980010031254648
"66537",4.06253796769902,3.24602844557785,3.62833235936281,-0.382303913784963,-0.816509522121173,-0.434205608336211
"387853",0.0121088386724617,1.92521092623867,0.947439803210764,0.977771123027902,1.9131020875662,0.935330964538302
"407203",3.62390686063889,3.58062794174036,3.59556810621611,-0.014940164475747,-0.043278918898535,-0.028338754422788
"150427",0.380223054659725,1.32765416082813,0.724406572207257,0.603247588620869,0.947431106168401,0.344183517547532
"321025",1.08729477223926,1.25630282538276,1.15757089436808,0.0987319310146801,0.169008053143497,0.0702761221288164
"117298",0.27821407340171,1.4161436703931,0.67409965572475,0.742044014668354,1.13792959699139,0.39588558232304
"433255",1.25449368061442,1.72650471290427,1.47671974662761,0.249784966276658,0.472011032289841,0.222226066013183
"377170",1.13737473882951,1.8131143557969,1.45601097561946,0.357103380177436,0.675739616967385,0.318636236789949
"503007",1.57440411870956,0.889767097521324,1.32637349112142,-0.436606393600093,-0.684637021188239,-0.248030627588146
"42654",0.952747679723592,1.75267745983573,1.26731872590539,0.485358733930337,0.799929780112139,0.314571046181802
"223921",1.78034041578141,2.0756462869381,1.90884688951098,0.166799397427124,0.295305871156695,0.128506473729571
"558575",0.933466877402371,1.81576177937704,1.27157036339229,0.544191415984743,0.882294901974666,0.338103485989922
"402981",0.296778110747292,1.6113325321981,0.747243013860746,0.864089518337351,1.3145544214508,0.450464903113454
"83748",0.830249274001959,1.58348495950868,1.13945644274549,0.444028516763192,0.75323568550672,0.309207168743528
"508339",1.64836218906557,1.69933805707896,1.67215176858769,0.0271862884912626,0.0509758680133905,0.0237895795221279
"472784",1.1683382148125,2.17570790542187,1.70886555675667,0.466842348665208,1.00736969060937,0.540527341944166
"161347",1.35956732461318,1.07712002046254,1.25886393584396,-0.181743915381425,-0.282447304150642,-0.100703388769217
"316168",2.44547057753071,2.21231925947174,2.32914515503729,-0.11682589556555,-0.23315131805897,-0.11632542249342
"415217",0.429785209585901,1.87506139457692,1.05079740826458,0.824263986312333,1.44527618499102,0.621012198678684
"317164",0.551532336032828,1.41391357223567,0.935556898925321,0.478356673310349,0.862381236202841,0.384024562892493
"260300",0.146624070158522,1.54127817862072,0.62114950946414,0.920128669156581,1.3946541084622,0.474525439305618
"202024",0.913727023591564,1.0154237609548,0.95079005206923,0.0646337088855682,0.101696737363234,0.0370630284776661
"96796",0.477711935791827,1.09820821861801,0.710750426136454,0.387457792481555,0.620496282826182,0.233038490344627
"467214",5.80195507708874,3.33845276193666,4.26874888332955,-0.930296121392896,-2.46350231515208,-1.53320619375919
"474768",0.719851984008826,1.42687279338509,0.960878589849837,0.465994203535255,0.707020809376267,0.241026605841011
"195168",0.297446968618829,1.39952070046602,0.671836951056094,0.727683749409927,1.10207373184719,0.374389982437265
"89902",0.66716233859306,0.748413627865205,0.690533117542558,0.0578805103226473,0.0812512892721446,0.0233707789494974
"187713",2.03911082624731,3.53518028839485,2.85227696185122,0.682903326543624,1.49606946214754,0.813166135603916
"529355",1.33845266170534,1.69420047408933,1.50867093674577,0.185529537343565,0.355747812383988,0.170218275040424
"302992",2.09420272305017,2.41771656251407,2.25281663371445,0.164899928799618,0.323513839463897,0.158613910664279
"60409",2.99934377940324,1.68805545025791,2.32401351180894,-0.635958061551035,-1.31128832914533,-0.6753302675943
"416088",0.454638800670724,1.71030640058563,0.977327941423517,0.732978459162117,1.25566759991491,0.522689140752794
"147320",1.58826630590095,2.06408409075764,1.79998092219359,0.264103168564051,0.475817784856689,0.211714616292638
"443345",2.34136216001768,2.64993107604974,2.49300360893007,0.156927467119669,0.308568916032059,0.15164144891239
"176301",2.81447982034741,1.00872876362681,2.07078738645743,-1.06205862283062,-1.8057510567206,-0.743692433889977
"275527",0.303279814586393,1.21879626886129,0.623925847696281,0.594870421165012,0.9155164542749,0.320646033109888
"3452",0.686863266547498,1.97332504824833,1.32828300388461,0.645042044363719,1.28646178170083,0.641419737337116
"427554",0.635021269734778,1.80509164047764,1.13299952153246,0.672092118945181,1.17007037074286,0.497978251797677
"129611",1.52498728741032,0.938150785123214,1.31108080946989,-0.372930024346676,-0.586836502287105,-0.213906477940428
"254958",0.52208044773392,1.99134088950674,1.28510795509122,0.706232934415523,1.46926044177282,0.763027507357299
"507528",10,2.00655234569036,4.94404121368501,-2.93748886799465,-7.99344765430964,-5.05595878631499
"40553",0.145419424333284,1.38654318960446,0.578639088102859,0.807904101501601,1.24112376527118,0.433219663769575
"299912",0.696129069812877,1.54208036339387,0.988924378073438,0.553155985320428,0.845951293580989,0.292795308260561
"109329",6.70920582481713,3.07795038234898,4.44511193068454,-1.36716154833555,-3.63125544246815,-2.26409389413259
"114221",2.29952289552194,2.36270809334343,2.33102060421726,0.0316874891261683,0.0631851978214826,0.0314977086953143
"162787",2.31891609659586,2.44591540491441,2.38224621804509,0.06366918686932,0.126999308318548,0.0633301214492281
"281036",5.39338515062976,3.47525002400103,4.20627243058891,-0.731022406587882,-1.91813512662873,-1.18711272004084
"556815",2.59534004225872,2.69819490141214,2.64473807875274,0.0534568226593999,0.102854859153422,0.0493980364940216
"92801",10,3.64275391555389,5.5341061265087,-1.89135221095481,-6.35724608444611,-4.4658938734913
"68733",7.575081051683,2.88838947320686,4.64979782051513,-1.76140834730827,-4.68669157847613,-2.92528323116787
"193809",1.71836383136305,2.0121632854422,1.87548634113253,0.136676944309669,0.293799454079154,0.157122509769485
"304317",2.23040483787239,3.31046853950959,2.82284202072607,0.487626518783511,1.0800637016372,0.592437182853686
"207153",0.146045989589349,1.46563007444323,0.638759480838551,0.826870593604678,1.31958408485388,0.492713491249202
"509416",0.877390081944487,0.925721039314228,0.897128555654018,0.0285924836602095,0.0483309573697405,0.019738473709531
"508732",0.674275031620243,1.64809932183816,1.07806304230195,0.570036279536204,0.973824290217914,0.40378801068171
"31674",2.55848754287817,2.66423627682439,2.60938335092841,0.0548529258959767,0.105748733946218,0.0508958080502411
"233114",0.627529094206748,1.61178850712726,1.04880866727971,0.56297983984755,0.984259412920515,0.421279573072965
"316361",0.996768336112298,1.84987692131678,1.4187827239937,0.431094197323084,0.853108585204486,0.422014387881402
"209732",10,2.6457277114743,6.67465241590278,-4.02892470442848,-7.3542722885257,-3.32534758409722
"255529",10,1.83381141899816,5.01833525837274,-3.18452383937458,-8.16618858100184,-4.98166474162726
"337418",10,3.56435525535233,6.70289697726665,-3.13854172191432,-6.43564474464767,-3.29710302273335
"419657",0.282041788188578,1.75629360912083,0.95442456793685,0.80186904118398,1.47425182093225,0.672382779748271
"163156",0.471345977585408,1.55286792987859,0.83780333592709,0.715064593951504,1.08152195229319,0.366457358341681
"12351",1.97922397312755,2.70380727841617,2.32604967239437,0.377757606021799,0.72458330528862,0.346825699266821
"573916",0.761283397440581,1.13156234554058,0.89481841398747,0.236743931553114,0.370278948100002,0.133535016546888
"141631",1.7196873030112,3.02829487583946,2.34454225758113,0.68375261825833,1.30860757282827,0.624854954569935
"550548",1.55572455959505,1.15594471540029,1.38920611994689,-0.233261404546601,-0.399779844194762,-0.16651843964816
"255291",0.632998253468214,1.30901811837715,0.864992117953564,0.444026000423591,0.67601986490894,0.231993864485349
"350153",4.93635304850489,2.59259610313147,3.65250236048278,-1.0599062573513,-2.34375694537341,-1.28385068802211
"282976",1.99277191606725,2.73666713155846,2.35269330135469,0.383973830203774,0.74389521549121,0.359921385287436
"180211",1.36150983298432,1.49765254118182,1.42833605018659,0.0693164909952304,0.136142708197503,0.0668262172022724
"140448",0.682061584296981,2.01226335907393,1.36023206140696,0.652031297666963,1.33020177477695,0.678170477109983
"222127",3.52446915382084,1.48461830781035,2.46744586888477,-0.982827561074423,-2.03985084601049,-1.05702328493607
"557015",1.1875850180297,1.68262268860054,1.38219964411761,0.300423044482929,0.495037670570838,0.194614626087908
"568368",0.802851159264597,1.61941495037898,1.14062101943892,0.478793930940062,0.816563791114384,0.337769860174322
"531956",0.571408482879933,1.17471277597926,0.794023761618906,0.380689014360355,0.603304293099327,0.222615278738973
"156774",1.11514617838554,1.73216463109585,1.39000184652672,0.342162784569133,0.617018452710309,0.274855668141176
"409279",2.24962720551367,3.33684240903332,2.84532506769097,0.491517341342345,1.08721520351964,0.595697862177298
"10986",0.655130397686573,2.28890129191537,1.28260328974573,1.00629800216964,1.6337708942288,0.62747289205916
"362236",0.814657929818666,2.26351673215891,1.4903186105403,0.773198121618609,1.44885880234024,0.675660680721631
"406445",1.44732981473205,2.75415486260121,2.09289826872818,0.661256593873029,1.30682504786916,0.645568453996135
"195150",1.39756282459907,1.58682058910092,1.48823447141161,0.0985861176893092,0.189257764501849,0.0906716468125395
"556194",6.32610473661224,1.99005404951991,3.90053685269013,-1.91048280317022,-4.33605068709233,-2.4255678839221
"52090",0.801107766952229,1.29713980720497,0.972606154212014,0.324533652992961,0.496032040252746,0.171498387259785
"107378",0.870996544778073,2.72100722941902,1.67052356437579,1.05048366504323,1.85001068464095,0.799527019597718
"273462",1.06266054723409,2.66728993501562,1.77261030746121,0.894679627554411,1.60462938778153,0.709949760227124
"295777",2.96973383934274,3.17437920937636,3.07958714648012,0.0947920628962429,0.204645370033622,0.109853307137379
"357015",2.84099759429582,2.47856499939916,2.66773908983719,-0.189174090438037,-0.362432594896663,-0.173258504458626
"257905",1.89922323771777,1.26310739722043,1.6459973633298,-0.382889966109365,-0.636115840497333,-0.253225874387968
"305073",2.11500078949848,1.31788394296392,1.74096275985856,-0.423078816894642,-0.797116846534558,-0.374038029639916
"124240",0.589365969444702,1.37684732215938,0.86637232635573,0.510474995803652,0.78748135271468,0.277006356911028
"218454",3.88659476651898,3.53005218185444,3.69868448499416,-0.168632303139715,-0.356542584664542,-0.187910281524827
"275046",10,4.87234723028021,6.41582203392499,-1.54347480364478,-5.12765276971979,-3.58417796607501
"29012",1.0151762230623,1.82245618288618,1.40712581870954,0.415330364176639,0.807279959823878,0.391949595647239
"380831",2.00834655039076,2.30041994857448,2.15780439762668,0.142615550947797,0.292073398183716,0.149457847235919
"73435",3.39363093524534,3.56444009854715,3.48352214556998,0.0809179529771682,0.170809163301811,0.0898912103246423
"142048",4.53213737184341,2.88481250241712,3.64385524857912,-0.759042746162001,-1.64732486942629,-0.888282123264289
"147791",2.61370528207981,3.63707871604504,3.15217801326609,0.484900702778943,1.02337343396523,0.538472731186287
"20879",6.58175986578083,2.98109939017857,4.33555090489805,-1.35445151471947,-3.60066047560226,-2.24620896088278
"378967",10,3.15354045584661,5.62024182830977,-2.46670137246316,-6.84645954415339,-4.37975817169023
"223058",1.72374321325307,2.90342037642647,2.3036631691029,0.59975720732357,1.1796771631734,0.57991995584983
"426864",3.71769819864182,2.64301377309598,3.11674731155946,-0.473733538463473,-1.07468442554584,-0.600950887082368
"442137",3.52118846900571,2.78279108465717,3.10837575769334,-0.325584673036167,-0.738397384348539,-0.412812711312372
"571894",4.28479139258377,3.17463977122771,3.69263292559653,-0.517993154368817,-1.11015162135606,-0.592158466987245
"60204",3.44421068914383,2.86040194896123,3.11911975931467,-0.258717810353436,-0.583808740182599,-0.325090929829163
"9149",0.932827809037085,2.2883243780324,1.56926730356406,0.719057074468339,1.35549656899532,0.636439494526977
"25456",0.488083732996667,1.38252882167713,0.801726709212066,0.580802112465067,0.894445088680466,0.313642976215399
"320492",1.0025046806903,1.94878903058943,1.36095563437724,0.587833396212187,0.946284349899121,0.358450953686934
"373278",1.1553540996323,0.909281805488573,1.06585821276506,-0.156576407276482,-0.246072294143727,-0.0894958868672449
"17162",2.28433110501535,1.01803126895326,1.75848845277434,-0.740457183821083,-1.26629983606209,-0.525842652241009
"32783",0.523711818028569,1.0426660225806,0.717702662803597,0.324963359776998,0.518954204552026,0.193990844775029
"465555",10,3.71981624617786,6.42883044484654,-2.70901419866867,-6.28018375382214,-3.57116955515346
"568625",2.18539740550326,2.33029744231287,2.25829774376759,0.0719996985452811,0.144900036809614,0.0729003382643327
"455395",1.86452080949749,2.70766202077269,2.27825093749362,0.429411083279074,0.843141211275203,0.413730127996128
"305308",0.699112411100656,1.22544805080372,0.881211332810296,0.344236717993428,0.526335639703068,0.18209892170964
"304412",0.855393226917596,1.64281752817241,1.17222447755881,0.470593050613606,0.787424301254818,0.316831250641211
"342724",0.530962125702605,2.14043983418669,1.16490663348023,0.975533200706457,1.60947770848408,0.633944507777625
"106184",0.725813324572784,1.41453725606761,1.02200084629414,0.392536409773476,0.688723931494827,0.296187521721352
"102694",0.679870423129886,2.27269343512118,1.30283651560156,0.969856919519621,1.5928230119913,0.622966092471676
"255437",3.01623154919554,2.1773350634893,2.60362659660802,-0.426291533118713,-0.838896485706237,-0.412604952587524
"517578",0.155451488817584,1.37571566666077,0.586773685411206,0.788941981249568,1.22026417784319,0.431322196593621
"439183",6.42878211310182,1.86007902847998,3.85731293003484,-1.99723390155487,-4.56870308462184,-2.57146918306698
"16969",1.10938975605162,1.19612874332767,1.14024812951289,0.0558806138147805,0.0867389872760511,0.0308583734612706
"78513",10,3.1297047283559,6.89388803099645,-3.76418330264055,-6.8702952716441,-3.10611196900355
"420705",0.181125876285232,1.53164500146167,0.64495107588244,0.886693925579233,1.35051912517644,0.463825199597209
"238829",2.21671507159935,2.69540347008516,2.45081533653557,0.244588133549589,0.478688398485807,0.234100264936218
"342791",0.470721121722816,2.19244440008512,1.16551997871736,1.02692442136776,1.7217232783623,0.69479885699454
"542816",1.06249730821218,3.32906380721892,2.13464733974667,1.19441646747225,2.26656649900675,1.07215003153449
"420120",0.438605389860706,1.54485116109926,0.933953383955818,0.610897777143439,1.10624577123855,0.495347994095112
"411162",0.732119790129002,1.83660038223504,1.17700992752845,0.659590454706592,1.10448059210604,0.444890137399448
"412767",2.56769152407091,2.07120724675542,2.31842832660481,-0.247221079849383,-0.49648427731549,-0.249263197466107
"183175",4.40910991901329,1.82712289499085,3.14328919199676,-1.3161662970059,-2.58198702402243,-1.26582072701653
"520177",1.43588097772953,2.24756620928171,1.78628090414141,0.461285305140299,0.811685231552183,0.350399926411884
"414557",2.00596997097851,1.43499261414589,1.73801859103738,-0.303025976891486,-0.570977356832619,-0.267951379941133
"400561",1.39601706085865,1.99224891664544,1.66142557702473,0.330823339620703,0.596231855786784,0.265408516166081
"243520",3.53958810971834,2.54105275378044,2.97135165078895,-0.430298897008512,-0.998535355937897,-0.568236458929385
"284854",1.65379651086166,2.90586833239349,2.27010049904042,0.635767833353072,1.25207182153183,0.616303988178759
"340484",1.73194585437463,2.65795597484235,2.19847316750747,0.459482807334881,0.926010120467727,0.466527313132846
"142861",0.65161597415699,2.16185887508533,1.39456105617121,0.767297818914113,1.51024290092834,0.742945082014224
"266078",0.499516507281255,1.61963802556566,0.984057944027015,0.63558008153865,1.12012151828441,0.48454143674576
"400721",1.02815324057774,2.04085354148199,1.48770746073377,0.553146080748221,1.01270030090425,0.459554220156027
"62763",0.180499676051443,1.64747259489102,0.698647682126106,0.948824912764911,1.46697291883957,0.518148006074663
"469840",4.46458520816429,1.96381716290688,3.25467101679517,-1.29085385388829,-2.50076804525741,-1.20991419136912
"27343",0.0650210707376796,1.51103188909506,0.568683976196895,0.942347912898165,1.44601081835738,0.503662905459215
"132931",0.760220608396477,1.08327105538191,0.873920320917568,0.209350734464347,0.323050446985438,0.113699712521091
"68036",1.11319041101253,2.21826432534583,1.71578768917031,0.502476636175524,1.1050739143333,0.602597278157776
"19187",0.579670249592544,1.72009200991605,1.05980003183852,0.660291978077526,1.1404217603235,0.480129782245976
"48680",4.37262478511118,1.35222893864473,2.81089533440765,-1.45866639576292,-3.02039584646645,-1.56172945070353
"233804",0.598507429826669,1.62087868469044,1.03955044828358,0.581328236406867,1.02237125486377,0.441043018456908
"442563",1.45695650686277,1.54259414154199,1.49544047629232,0.0471536652496707,0.0856376346792203,0.0384839694295496
"497542",0.904882644353491,1.4991298595614,1.14889362680121,0.350236232760188,0.594247215207906,0.244010982447718
"400458",0.726163225538698,1.48274478239031,1.05403696454056,0.42870781784975,0.756581556851615,0.327873739001865
"72036",0.61107512785765,1.43345384883456,0.984363208892567,0.44909063994199,0.822378720976908,0.373288081034917
"108425",0.98851846636713,1.66469449941529,1.26269727834688,0.401997221068414,0.676176033048163,0.274178811979749
"532658",0.978202270915271,2.48422033744487,1.65155763452032,0.832662702924554,1.5060180665296,0.673355363605046
"464023",0.216706917008634,1.44223615003692,0.635893182473274,0.806342967563644,1.22552923302828,0.41918626546464
"3346",10,2.17763433648864,5.17843614167306,-3.00080180518441,-7.82236566351136,-4.82156385832694
"244910",0.863356843986463,1.37786680477178,1.08203130399675,0.295835500775029,0.514509960785317,0.218674460010288
"97566",1.52324828998733,1.68334550583716,1.59740446548916,0.085941040348003,0.16009721584983,0.0741561755018274
"352842",0.301727565983823,1.39401112833726,0.680198130517814,0.713812997819449,1.09228356235344,0.378470564533991
"282672",0.655546774020871,1.00723458517222,0.785726223393795,0.221508361778425,0.35168781115135,0.130179449372924
"19742",0.190414267059372,0.889641187054924,0.39665670236745,0.492984484687474,0.699226919995552,0.206242435308078
"253515",0.735529548464447,1.20710396376891,0.898677021416322,0.308426942352591,0.471574415304467,0.163147472951875
"430118",1.26530088404749,1.67189853393671,1.46238322956005,0.209515304376664,0.406597649889219,0.197082345512555
"194802",3.60404721776066,2.02068562573574,2.83152214945137,-0.810836523715632,-1.58336159202492,-0.772525068309293
"25424",0.48196939163262,2.25849812331122,1.58837351966059,0.670124603650624,1.7765287316786,1.10640412802797
"188821",1.04999486464501,1.77391316015568,1.40271247950897,0.371200680646707,0.723918295510668,0.352717614863962
"459879",1.40381637144426,2.38252070475,1.83375393224134,0.548766772508654,0.978704333305733,0.429937560797079
"448369",1.95759538129116,2.63974289345853,2.28484652634802,0.354896367110506,0.68214751216737,0.327251145056864
"397156",1.03181637802562,1.82453973081424,1.42018344796394,0.404356282850299,0.792723352788626,0.388367069938327
"262211",1.95716676613555,2.11046367056361,2.0230358108034,0.0874278597602056,0.153296904428055,0.0658690446678489
"46507",1.59041452196089,1.77423178716294,1.67409319064363,0.100138596519308,0.183817265202048,0.0836786686827407
"351649",1.19449597126126,1.31267404389312,1.24411116673241,0.0685628771607121,0.11817807263186,0.0496151954711481
"85267",5.57167019409938,3.48669904498813,4.28199160859144,-0.795292563603317,-2.08497114911125,-1.28967858550794
"165737",0.17808026385669,1.55635758196885,0.653925323817035,0.902432258151811,1.37827731811216,0.475845059960345
"251104",1.46728185564104,1.29068325746934,1.39585127651993,-0.105168019050589,-0.176598598171704,-0.0714305791211156
"356023",0.0785379065357332,1.35358188053214,0.519625200719033,0.833956679813107,1.27504397399641,0.4410872941833
"563670",0.74961659068914,0.833581353804319,0.774134807669774,0.0594465461345456,0.083964763115179,0.0245182169806334
"68989",1.14893379153334,1.14464445450738,1.14730350651477,-0.00265905200739081,-0.0042893370259558,-0.00163028501856499
"91462",0.269336624579352,1.73528073910657,0.929901793076879,0.805378946029687,1.46594411452721,0.660565168497527
"89038",1.71350007076468,1.83616183084787,1.7687405664521,0.0674212643957663,0.122661760083186,0.05524049568742
"522244",2.23212315404447,1.07041304198242,1.75593783738986,-0.685524795407441,-1.16171011206205,-0.476185316654614
"467094",0.636385933696858,1.55109768190374,1.03052922212935,0.520568459774393,0.914711748206885,0.394143288432491
"310075",2.33266157394093,1.77734820310133,2.08956398944638,-0.312215786345054,-0.555313370839599,-0.243097584494545
"429438",0.278211719975472,1.36882882904306,0.668963658864529,0.699865170178528,1.09061710906759,0.390751938889058
"85332",1.16325781804429,2.58977157791847,1.76939886413932,0.820372713779149,1.42651375987418,0.606141046095034
"87440",9.11613151205315,2.39151723300772,4.84795340677633,-2.45643617376861,-6.72461427904542,-4.26817810527682
"567183",0.580029702179939,1.56691084336413,1.00254377264959,0.564367070714544,0.986881141184195,0.422514070469651
"268552",1.43178903108088,2.89273200575011,2.13330265224001,0.759429353510104,1.46094297466923,0.701513621159125
"411580",1.44569230310393,1.93681292492539,1.6659825182877,0.270830406637698,0.491120621821465,0.220290215183767
"448151",0.212584841858641,0.847459650950751,0.391410275628372,0.456049375322379,0.63487480909211,0.178825433769731
"308071",0.508893697759984,1.81617188388706,1.07054569245129,0.745626191435776,1.30727818612708,0.561651994691302
"108124",0.607150595595726,1.60252004714145,0.948792909149051,0.6537271379924,0.995369451545725,0.341642313553325
"10121",1.59570310455822,2.18540214768067,1.85567693413448,0.329725213546192,0.58969904312245,0.259973829576257
"531636",0.228703556769403,1.62366535573463,0.890759199209214,0.732906156525421,1.39496179896523,0.662055642439811
"277458",4.53087351385276,1.75711285301427,3.16202220277536,-1.40490934976109,-2.77376066083849,-1.3688513110774
"325969",3.06557668708973,1.75684959834554,2.50154870603198,-0.74469910768644,-1.3087270887442,-0.564027981057757
"412817",1.78907673353771,1.62333092438282,1.71300398397027,-0.0896730595874466,-0.165745809154894,-0.0760727495674478
"219637",0.952023005108539,1.37835049945243,1.12603216813303,0.252318331319396,0.426327494343889,0.174009163024493
"265182",0.746045016689365,1.03768615360486,0.85138056931476,0.1863055842901,0.291641136915496,0.105335552625395
"176585",1.33507889205168,0.978262002262916,1.20710539529303,-0.228843393030111,-0.356816889788768,-0.127973496758656
"408960",0.900378754042524,1.23080712214246,1.01566497744122,0.215142144701237,0.330428368099933,0.115286223398696
"459840",1.13361399510525,3.16445137851412,2.11909135272718,1.04536002578695,2.03083738340888,0.985477357621929
"556257",0.267172557032885,2.03117456732163,1.00477834611926,1.02639622120237,1.76400201028875,0.737605789086377
"340574",0.665999773818232,1.95798924898263,1.32468919307553,0.633300055907096,1.2919894751644,0.658689419257301
"351819",2.89606257291022,2.94224715884221,2.92145310627925,0.0207940525629597,0.0461845859319934,0.0253905333690336
"535997",4.95386192517151,3.08835819253973,3.76453994268161,-0.676181750141882,-1.86550373263178,-1.18932198248989
"378914",4.72176819713342,1.27000501458882,2.92958268282972,-1.6595776682409,-3.4517631825446,-1.7921855143037
"239740",3.99221116480887,3.76003217538251,3.84563688547424,-0.085604710091729,-0.232178989426358,-0.146574279334629
"421634",0.16570675605116,1.67164740642416,0.6640916896048,1.00755571681937,1.505940650373,0.498384933553639
"431852",0.286567516694015,2.17980907122117,1.28719450867752,0.892614562543657,1.89324155452716,1.0006269919835
"231511",0.116419805445362,1.49751725761099,0.588908730539438,0.908608527071556,1.38109745216563,0.472488925094075
"544520",0.517608644893854,1.21622249199598,0.844093695963446,0.372128796032533,0.698613847102124,0.326485051069591
"93841",0.785334529358506,2.13245508770107,1.30819440380365,0.824260683897418,1.34712055834256,0.522859874445141
"429099",1.07061178471015,2.15576056608294,1.57065552398197,0.585105042100977,1.0851487813728,0.50004373927182
"309670",1.36389737840413,1.5167223490986,1.42509555599805,0.0916267931005479,0.152824970694465,0.0611981775939174
"367494",0.163668503232935,1.27071751193976,0.556177640237695,0.714539871702065,1.10704900870682,0.39250913700476
"444365",0.126626237943792,1.69828078618899,0.680528181234964,1.01775260495403,1.5716545482452,0.553901943291172
"352632",1.32992395520713,2.32130954328007,1.75600319604274,0.565306347237327,0.991385588072943,0.426079240835616
"134761",10,4.56362376560056,6.24861835132493,-1.68499458572438,-5.43637623439944,-3.75138164867507
"135158",2.310309254606,2.15097838966215,2.22819440229565,-0.0772160126335009,-0.159330864943851,-0.0821148523103505
"136362",2.58167310614403,2.41505800508997,2.49955317161557,-0.0844951665255995,-0.16661510105406,-0.0821199345284609
"39731",4.27529592722694,2.91165193208729,3.536336497246,-0.624684565158713,-1.36364399513965,-0.738959429980941
"518390",1.83951933014965,2.85458097237518,2.33652807597884,0.518052896396339,1.01506164222553,0.497008745829189
"556818",5.66816483805514,3.94778323629029,4.62367182137107,-0.675888585080787,-1.72038160176485,-1.04449301668407
"289680",0.0936699228300215,1.65484544863811,0.8543610568619,0.800484391776206,1.56117552580808,0.760691134031878
"452635",1.96310182990959,2.19820967430437,2.0640944834459,0.134115190858475,0.235107844394779,0.100992653536304
"446244",0.566238643839859,1.79875723398905,1.09690080907984,0.701856424909208,1.23251859014919,0.530662165239979
"215419",0.653725069704248,1.29845917932396,0.882314742242117,0.416144437081838,0.644734109619707,0.228589672537869
"160484",0.649985424212272,0.984511576301659,0.776404248825183,0.208107327476476,0.334526152089387,0.126418824612911
"282105",5.55362480128902,2.40515611614046,3.82829935531751,-1.42314323917705,-3.14846868514855,-1.72532544597151
"440078",0.312316072137506,1.71118855061283,0.926194889823905,0.784993660788922,1.39887247847532,0.6138788176864
"458539",1.25037815665995,1.67678475258657,1.45582045345683,0.220964299129746,0.426406595926628,0.205442296796882
"486878",0.807386271458393,1.38110799630016,1.04675113184349,0.334356864456668,0.573721724841764,0.239364860385096
"116190",0.323554268416309,1.3121487189345,0.671760060608554,0.640388658325946,0.988594450518191,0.348205792192245
"280975",7.1705617692296,1.28034602261084,3.6802897948969,-2.39994377228606,-5.89021574661876,-3.4902719743327
"535812",0.393692151198301,1.64014771764746,0.803168890209604,0.836978827437852,1.24645556644915,0.409476739011303
"188947",0.0726767410333954,1.91942507228078,0.910502884341608,1.00892218793917,1.84674833124738,0.837826143308212
"206342",3.03469142959821,3.31292725372437,3.18357289850294,0.129354355221431,0.278235824126159,0.148881468904728
"33561",4.41799939916693,2.69602474839709,3.47923853963446,-0.783213791237368,-1.72197465076984,-0.938760859532471
"460141",0.45771281434211,1.57715553409067,0.946349862130773,0.630805671959897,1.11944271974856,0.488637047788664
"490482",2.49584539504539,2.49836949155268,2.49715518866805,0.00121430288463609,0.00252409650729568,0.00130979362265959
"75979",1.95198428975987,2.75806755409364,2.33754145986135,0.420526094232287,0.806083264333769,0.385557170101483
"121196",1.19825041272834,2.03509418637491,1.59158579729008,0.443508389084826,0.836843773646561,0.393335384561735
"84675",10,4.48381194753015,7.1350933488769,-2.65128140134674,-5.51618805246985,-2.8649066511231
"323477",10,3.1805156387629,6.1400467032143,-2.9595310644514,-6.8194843612371,-3.8599532967857
"227504",2.59082443251363,2.16780854346665,2.37885353704292,-0.211044993576269,-0.42301588904698,-0.211970895470711
"282694",3.16200164897696,3.23220725753639,3.20032185884652,0.0318853986898682,0.070205608559434,0.0383202098695659
"79679",0.805741082964404,1.80695400538353,1.20422801057654,0.602725994806991,1.00121292241912,0.398486927612131
"130916",1.86995457611422,2.13249349803828,2.02869911916799,0.103794378870289,0.262538921924065,0.158744543053776
"294149",1.25118210429125,1.27010752375642,1.259410439507,0.0106970842494216,0.0189254194651645,0.00822833521574284
"153974",0.0639873585963251,1.7919209511659,0.636921026150277,1.15499992501562,1.72793359256957,0.572933667553951
"216823",0.473218876097654,1.747314792546,1.02447652580421,0.722838266741787,1.27409591644834,0.551257649706558
"379545",1.40981995095937,2.16972062699359,1.74912422256886,0.420596404424729,0.759900676034221,0.339304271609492
"199069",0.480825461593513,1.50509138861256,0.9233505960286,0.581740792583956,1.02426592701904,0.442525134435087
"264829",0.167778823012864,1.68461977641419,0.656984848421444,1.02763492799274,1.51684095340132,0.48920602540858
"468090",1.15829189745591,2.07702480599519,1.57727821054557,0.499746595449622,0.918732908539277,0.418986313089654
"476032",4.33609183932785,1.2635109340035,2.73172333537662,-1.46821240137312,-3.07258090532436,-1.60436850395123
"305793",4.6178379927614,3.32031565995476,3.79287721112926,-0.472561551174504,-1.29752233280665,-0.824960781632141
"75200",2.37618633150785,3.23345079008071,2.84558164578253,0.387869144298181,0.857264458572858,0.469395314274677
"272812",0.771803462479071,1.9824713211036,1.36541885318777,0.617052467915829,1.21066785862453,0.5936153907087
"215580",1.56975496877136,2.72179820271887,2.14233416611606,0.579464036602813,1.15204323394751,0.572579197344701
"76763",2.7029058672083,2.08433407265743,2.31773503197339,-0.23340095931596,-0.618571794550864,-0.385170835234904
"423123",9.2557915574642,2.13370933495059,4.67091678884974,-2.53720745389915,-7.12208222251361,-4.58487476861447
"316176",0.945971453741294,2.35610899466977,1.57972132288202,0.776387671787754,1.41013754092847,0.633749869140721
"407969",0.827066913662378,2.09490738282284,1.37881580006906,0.716091582753781,1.26784046916047,0.551748886406685
"109155",6.3849008827713,1.73613237121753,3.74610255688866,-2.00997018567113,-4.64876851155377,-2.63879832588263
"460152",2.76121867298453,3.2995854332178,3.04969902690162,0.249886406316183,0.538366760233276,0.288480353917092
"33321",2.64998779030733,0.944200472504761,1.93927576125545,-0.995075288750687,-1.70578731780257,-0.710712029051878
"423827",1.37302591700757,1.98805382858861,1.65334214028479,0.33471168830382,0.615027911581036,0.280316223277216
"475749",0.202987560912781,0.975015210850217,0.434880151882182,0.540135058968035,0.772027649937436,0.231892590969401
"99249",1.40853301988909,1.82934973770118,1.60293923689817,0.226410500803016,0.42081671781209,0.194406217009074
"406523",2.30472083956784,1.90781136813554,2.13242455118313,-0.224613183047593,-0.396909471432299,-0.172296288384706
"533653",3.44779827903514,1.62958807035024,2.52140189257678,-0.891813822226541,-1.8182102086849,-0.926396386458362
"505421",2.87242321570066,2.04103599459389,2.39316859515022,-0.352132600556331,-0.831387221106771,-0.479254620550441
"493549",1.03879726994159,1.65500733314823,1.28532427948708,0.36968305366115,0.61621006320664,0.246527009545491
"440886",2.73561907656708,1.93057864802435,2.32874683302379,-0.39816818499944,-0.805040428542733,-0.406872243543293
"531392",0.627386033084481,1.59682542681422,1.03426972339664,0.562555703417573,0.969439393729734,0.406883690312161
"80612",0.727885603398128,1.81315925053229,1.1660247416301,0.647134508902183,1.08527364713416,0.438139138231974
"463260",0.384887960392727,1.52873400777638,0.776419248307565,0.752314759468819,1.14384604738366,0.391531287914837
"265391",1.4654653373139,1.82062395792308,1.62910142948559,0.191522528437484,0.355158620609174,0.16363609217169
"392160",0.601424391475682,1.41617984976764,0.960539575954487,0.455640273813158,0.814755458291963,0.359115184478805
"282618",0.831835358488487,1.09395307044594,0.909278474022209,0.184674596423735,0.262117711957457,0.0774431155337221
"135237",0.34761517115463,1.66509173308663,0.939713466262,0.725378266824629,1.317476561932,0.59209829510737
"353039",0.668945183235351,1.63424043546495,0.990624393167891,0.643616042297058,0.965295252229599,0.32167920993254
"313219",2.82145473449754,1.9352102545744,2.37018700410783,-0.434976749533426,-0.886244479923133,-0.451267730389707
"334938",2.12823622917807,1.68363536089269,1.93054891028612,-0.246913549393424,-0.444600868285374,-0.19768731889195
"35389",3.87730515138815,2.66410157392184,3.20665138019847,-0.54254980627663,-1.21320357746631,-0.670653771189682
"570311",1.85425018421725,2.38023691619651,2.07610625100128,0.304130665195231,0.525986731979259,0.221856066784029
"577475",2.96400862510976,2.01212934947966,2.48706460218669,-0.474935252707022,-0.951879275630094,-0.476944022923072
"430114",0.862582111298722,1.46962050880368,1.11351114690038,0.356109361903294,0.607038397504956,0.250929035601662
"454211",2.79092652128806,2.99849466520024,2.90420278090822,0.0942918842920224,0.207568143912174,0.113276259620152
"329174",3.69889885305109,3.63542464369169,3.65809379375734,-0.0226691500656431,-0.0634742093593945,-0.0408050592937514
"389776",1.29017151396569,2.43524085234187,1.79552307357134,0.639717778770527,1.14506933837618,0.505351559605653
"359082",0.74380454387158,1.31432541876424,0.942035853357897,0.372289565406342,0.570520874892658,0.198231309486316
"170626",1.10850617804934,2.1889647289948,1.59698198404338,0.591982744951426,1.08045855094547,0.48847580599404
"18067",0.641679100171597,1.62055665474034,0.968820004519383,0.651736650220953,0.978877554568739,0.327140904347786
"62803",1.15681433745277,1.94850962405311,1.53254751649385,0.415962107559256,0.791695286600341,0.375733179041085
"516226",8.14186682228012,2.31936130196907,4.40591343439729,-2.08655213242822,-5.82250552031105,-3.73595338788283
"276627",0.88585820767462,2.0748201228969,1.45572284614774,0.619097276749161,1.18896191522228,0.569864638473117
"41307",2.66184713183492,2.14765336743237,2.40688521266153,-0.259231845229158,-0.514193764402544,-0.254961919173386
"85818",0.20059879999752,1.98541951969797,0.949351968673597,1.03606755102438,1.78482071970045,0.748753168676077
"234932",4.24291773818979,3.02956342721858,3.58654009260133,-0.556976665382755,-1.21335431097121,-0.656377645588459
"248153",4.92313434819092,3.96228099527895,4.33409888754348,-0.371817892264534,-0.960853352911975,-0.589035460647441
"347221",3.71980279846362,2.83359422026021,3.23449305257085,-0.400898832310642,-0.886208578203405,-0.485309745892762
"577399",2.62266444452974,2.13731158203208,2.38095606948503,-0.243644487452957,-0.485352862497667,-0.24170837504471
"30856",0.55585749530873,1.1377229028577,0.772044044986219,0.36567885787148,0.581865407548969,0.21618654967749
"54287",0.369046621068008,1.11273287775361,0.62709805746901,0.485634820284604,0.743686256685607,0.258051436401003
"188439",1.73800498171698,2.24229934406769,1.95672263464348,0.28557670942421,0.504294362350712,0.218717652926502
"284834",0.595446728364031,1.97378174793665,1.30456466905446,0.669217078882191,1.37833501957261,0.709117940690424
"159164",0.0875263046574132,1.65197009752017,0.639938516687825,1.01203158083234,1.56444379286276,0.552412212030412
"8482",5.6531616156913,1.52288305509847,3.23667213150181,-1.71378907640334,-4.13027856059283,-2.41648948418949
"514529",0.530150269732573,1.54851054432556,0.880788451834372,0.667722092491184,1.01836027459298,0.350638182101799
"349930",0.91571324819904,1.44110421525009,1.13565711516773,0.30544710008236,0.525390967051051,0.219943866968691
"390542",1.81676345223866,1.6472181596946,1.73918956369343,-0.0919714039988315,-0.16954529254406,-0.0775738885452286
"506283",1.05790550581277,1.54398613335372,1.25662785535723,0.28735827799649,0.486080627540953,0.198722349544462
"318117",0.260343726128439,1.46180510196377,0.674897602094539,0.786907499869229,1.20146137583533,0.4145538759661
"390386",1.71871049285089,1.35956925646471,1.57426604713065,-0.214696790665944,-0.359141236386185,-0.144444445720241
"188226",0.673011634733929,1.71320521632465,1.1018816006495,0.611323615675143,1.04019358159072,0.428869965915574
"182909",1.05715161904554,2.46437650588339,1.67583383611563,0.788542669767766,1.40722488683786,0.618682217070089
"315593",0.905905078683894,1.05959149846482,0.973479213877181,0.0861122845876338,0.153686419780921,0.0675741351932877
"69022",1.8031028352163,2.0132961624146,1.89502998979344,0.118266172621161,0.210193327198303,0.0919271545771416
"439097",0.542756875095199,1.58573728875467,0.992379778605394,0.593357510149276,1.04298041365947,0.449622903510195
"569142",0.610394840039409,1.52038254074542,0.91556675343549,0.604815787309934,0.909987700706015,0.305171913396081
"442938",0.586183944651041,1.43783569751413,0.969207622595892,0.468628074918238,0.851651752863088,0.383023677944851
"62146",2.88412238992785,2.04755111739685,2.47010308005466,-0.422551962657816,-0.836571272531005,-0.414019309873189
"294565",0.252442368465227,1.74299027440205,0.740374074027773,1.00261620037428,1.49054790593682,0.487931705562546
"242405",1.74738797071161,2.13156228551297,1.91518213174471,0.216380153768253,0.384174314801353,0.1677941610331
"295415",0.498371909405077,1.91085525211629,1.08082830121973,0.830026950896563,1.41248334271122,0.582456391814655
"406269",2.51873813486413,3.26160634918093,2.92517314789574,0.336433201285185,0.742868214316798,0.406435013031613
"296383",10,3.61864238946149,7.4341660466852,-3.81552365722371,-6.38135761053851,-2.5658339533148
"316165",0.597586609331145,1.10254904765563,0.778497650323334,0.324051397332294,0.504962438324484,0.180911040992189
"406136",0.516736949171452,1.39187601280513,0.814537966050188,0.577338046754945,0.875139063633682,0.297801016878736
"334419",1.09695705417865,1.77552054878417,1.42307406551215,0.352446483272023,0.678563494605527,0.326117011333505
"191560",1.13907120592938,1.7799244022765,1.38832493550186,0.391599466774635,0.640853196347116,0.249253729572482
"94346",2.4957004373726,1.09780189050254,1.92667284836846,-0.828870957865924,-1.39789854687006,-0.569027589004139
"153595",0.791187819271504,1.98035911912733,1.37991762468591,0.600441494441419,1.18917129985583,0.588729805414408
"256030",4.22723222363655,3.70883178356811,3.89990426397029,-0.19107248040218,-0.518400440068439,-0.327327959666259
"270254",0.568223584151015,1.84786974359366,1.08642555323736,0.761444190356302,1.27964615944265,0.518201969086346
"83861",0.638805689156348,1.55119034865251,1.02384148997028,0.527348858682233,0.912384659496166,0.385035800813933
"526269",0.377016844125234,1.85761493016155,1.00926416554852,0.84835076461303,1.48059808603631,0.632247321423284
"369226",0.689871860486568,1.36108822733138,0.924520671532725,0.436567555798652,0.67121636684481,0.234648811046158
"432654",1.00258122037286,1.64096057057416,1.2591138212649,0.381846749309253,0.638379350201295,0.256532600892042
"80331",1.40803720474494,2.24449569773012,1.76902698665595,0.47546871107417,0.836458492985182,0.360989781911012
"3046",0.395192745718283,2.04173786198577,1.2832278615106,0.758510000475167,1.64654511626749,0.888035115792318
"433462",0.550588947316932,1.60685025584794,1.00502508493664,0.601825170911301,1.05626130853101,0.454436137619711
"343476",1.81448974821631,2.03861694795468,1.91264538901778,0.125971558936897,0.224127199738364,0.0981556408014661
"246177",5.81402376742124,2.07818342369579,3.731776892643,-1.65359346894721,-3.73584034372545,-2.08224687477824
"416083",1.39203997340988,2.07068914930288,1.694601691735,0.376087457567877,0.678649175892995,0.302561718325118
"541775",1.57287742711363,1.96600020588586,1.74955279409963,0.216447411786233,0.393122778772232,0.176675366986
"312346",0.472241577282489,1.7761268624011,1.01010732969368,0.766019532707417,1.30388528511861,0.537865752411189
"186809",4.31635746603187,1.52244290067292,2.9006497379821,-1.37820683730917,-2.79391456535895,-1.41570772804977
"336057",1.38360163529159,2.23008190282396,1.75834548322434,0.471736419599624,0.846480267532379,0.374743847932755
"389860",1.6963805725636,2.32587446666387,2.08437515100805,0.241499315655815,0.629493894100267,0.387994578444453
"27342",0.335835723810038,1.5177646328329,0.753290703825798,0.7644739290071,1.18192890902286,0.417454980015759
"99266",0.626294204865535,1.50911652157146,1.01002590521758,0.499090616353875,0.882822316705924,0.383731700352049
"529069",1.60356799022533,2.19452170594457,1.91879638576395,0.275725320180627,0.590953715719245,0.315228395538618
"204664",0.627487644588992,0.819202528804342,0.682049508939032,0.13715301986531,0.19171488421535,0.0545618643500403
"553663",0.54536327424269,1.37019776874851,0.828956379118012,0.5412413896305,0.824834494505822,0.283593104875322
"471171",0.344631587932382,1.38911411202055,0.703406097974182,0.685708014046369,1.04448252408817,0.3587745100418
"416368",2.09559580130211,2.84006479215143,2.45930984435019,0.380754947801238,0.744468990849324,0.363714043048085
"5196",2.09393434413242,3.54771368864032,2.88592563575287,0.661788052887456,1.4537793445079,0.791991291620448
"489140",0.220476756155591,1.70859905726835,0.75056546783968,0.958033589428668,1.48812230111276,0.530088711684089
"413021",1.80894507935993,1.19576460223384,1.55898800612002,-0.363223403886182,-0.613180477126094,-0.249957073239912
"576306",2.76453623221907,3.21121779437212,3.00490372283588,0.206314071536245,0.446681562153054,0.240367490616809
"565001",0.270918789446936,1.37034258400825,0.64759162771494,0.722750956293312,1.09942379456132,0.376672838268004
"98062",1.69768794711778,2.00951601135934,1.86603383618907,0.14348217517027,0.31182806424156,0.16834588907129
"225344",0.630950439701813,1.62507525383619,1.05408287670978,0.570992377126418,0.994124814134381,0.423132437007963
"420370",0.737599225065421,1.72232736792229,1.13964294126849,0.582684426653798,0.984728142856871,0.402043716203073
"536606",0.35369813115125,2.04669731807777,1.24877381923855,0.797923498839219,1.69299918692652,0.895075688087303
"227473",0.684022231188472,1.15698518881167,0.852495425274977,0.304489763536696,0.472962957623201,0.168473194086505
"507531",4.20569008617947,2.55564509580975,3.30190049824186,-0.74625540243211,-1.65004499036972,-0.903789587937611
"342043",0.510266483143454,1.54490887519619,0.869112827372905,0.675796047823289,1.03464239205274,0.358846344229451
"244867",0.895146779191747,1.70945323244425,1.22528757972826,0.484165652715994,0.814306453252507,0.330140800536513
"287129",0.0755371854459741,1.79639515574495,0.626650557880413,1.16974459786454,1.72085797029897,0.551113372434439
"559251",1.49866636782377,2.22586256164193,1.8162773036632,0.40958525797873,0.72719619381816,0.31761093583943
"116680",0.648553182731687,1.46125238421438,1.01090230640636,0.450350077808019,0.812699201482693,0.362349123674675
"288483",2.84871685977534,3.34020762325712,3.11296756386871,0.227240059388406,0.491490763481775,0.264250704093369
"433001",1.88733660572299,2.76623059058768,2.31335239472262,0.452878195865055,0.878893984864689,0.426015788999634
"389690",0.364931034625278,1.86241468737796,1.02399709312868,0.838417594249278,1.49748365275268,0.659066058503405
"531658",0.129308686863522,1.54855867955518,0.604172616934252,0.944386062620928,1.41924999269166,0.47486393007073
"328651",1.94470532235849,1.62912608676663,1.80277948786914,-0.173653401102514,-0.315579235591865,-0.141925834489351
"314035",1.73644347661445,1.68103079891274,1.71046498039741,-0.0294341814846737,-0.0554126777017163,-0.0259784962170426
"82595",2.50447645351503,2.41671822129355,2.46030044671113,-0.0435822254175791,-0.0877582322214772,-0.0441760068038981
"352227",2.99074444590654,0.962767316096821,2.14896082429459,-1.18619350819777,-2.02797712980972,-0.841783621611954
"126537",2.65097310490828,1.67404570939156,2.22351649356256,-0.549470784170997,-0.976927395516718,-0.427456611345721
"137597",7.91220508545734,2.38687410782388,4.37455363409087,-1.98767952626699,-5.52533097763346,-3.53765145136647
"173593",4.59930133667564,3.47608869692337,3.88926932310719,-0.413180626183823,-1.12321263975227,-0.710032013568449
"28702",0.440752735067048,1.86685730784543,1.05412163215279,0.812735675692641,1.42610457277839,0.613368897085745
"392557",1.85380195708063,1.04354888824269,1.51412542314332,-0.470576534900628,-0.810253068837936,-0.339676533937309
"167588",1.11707629083982,2.02997596954642,1.46338419473845,0.566591774807975,0.912899678706603,0.346307903898627
"254288",0.672260579951247,1.91914671829908,1.29781187845236,0.621334839846716,1.24688613834783,0.625551298501114
"37045",0.0949210637280085,1.92874968977718,0.741300860945249,1.18744882883193,1.83382862604918,0.64637979721724
"101361",0.956705225963158,2.29217909071094,1.55700768994593,0.735171400765001,1.33547386474778,0.600302463982777
"243180",0.882578729898431,2.12164845036061,1.4547346012383,0.666913849122315,1.23906972046218,0.572155871339865
"547868",1.55852091825077,1.59645642993622,1.57644498978411,0.0200114401521161,0.037935511685451,0.0179240715333349
"314455",2.74908636254266,2.42588760795121,2.59479579006788,-0.168908182116676,-0.32319875459145,-0.154290572474773
"466121",0.359739526460734,1.73841972291976,0.957663186031057,0.780756536888707,1.37868019645903,0.597923659570322
"471362",4.1518640360388,1.39174440997602,2.72443605045976,-1.33269164048375,-2.76011962606279,-1.42742798557904
"134718",10,3.15989833097268,6.1722375259354,-3.01233919496272,-6.84010166902732,-3.8277624740646
"85394",0.636916120888512,2.22097366858191,1.2387555034674,0.982218165114504,1.58405754769339,0.60183938257889
"91155",0.854284932942632,2.50763205130131,1.61731743604554,0.89031461525577,1.65334711835867,0.763032503102903
"440782",0.560305388716757,1.4142050165776,0.857519955063769,0.55668506151383,0.853899627860842,0.297214566347012
"318127",1.5738712117147,3.01613278864917,2.28169413713082,0.734438651518356,1.44226157693447,0.707822925416111
"472571",1.97135273396442,2.367913193721,2.1750587723186,0.192854421402399,0.396560459756577,0.203706038354178
"579361",1.36063086674643,2.58789245909008,1.8830237655425,0.704868693547584,1.22726159234365,0.52239289879607
"494178",0.604841555103496,1.39296821519765,0.884019645292322,0.508948569905327,0.788126660094153,0.279178090188826
"76280",1.19941651122139,1.75893882617436,1.46817679883833,0.290762027336028,0.559522314952965,0.268760287616937
"59525",0.240857344492519,1.52415127499401,0.672723051748637,0.851428223245369,1.28329393050149,0.431865707256118
"89536",1.93006151895586,1.56492222636549,1.78961919467947,-0.224696968313976,-0.365139292590367,-0.140442324276391
"482294",1.51059358275608,1.82072026269948,1.65154247275216,0.169177789947319,0.310126679943401,0.140948889996081
"60301",0.0589958666648789,1.42436190257302,0.526123577016888,0.898238325556129,1.36536603590814,0.467127710352009
"477094",0.568908718027246,1.66252558330334,1.0240283001932,0.638497283110134,1.09361686527609,0.455119582165955
"176292",2.12289563674211,2.21860818291979,2.1616312580739,0.0569769248458902,0.0957125461776749,0.0387356213317847
"570784",0.820000604699108,1.43053391554656,1.07899007035899,0.351543845187576,0.610533310847455,0.258989465659879
"305228",0.185281903049541,0.904288043786404,0.39813720478305,0.506150839003355,0.719006140736863,0.212855301733508
"171038",3.00542051860368,3.41424228512236,3.22684589404031,0.187396391082049,0.408821766518681,0.221425375436632
"236626",4.54562893268277,2.7382433305073,3.56109930031598,-0.822855969808673,-1.80738560217547,-0.984529632366797
"30795",9.89281223556237,5.22418741670828,6.59643333726196,-1.37224592055368,-4.66862481885409,-3.29637889830041
"336199",2.87345761153592,2.39981899260359,2.64515609845213,-0.245337105848543,-0.47363861893233,-0.228301513083787
"77332",5.50498118890323,4.27285670905866,4.76546726680415,-0.492610557745496,-1.23212447984457,-0.739513922099074
"1683",0.1898193803523,0.875208816105654,0.384677394983218,0.490531421122436,0.685389435753354,0.194858014630918
"287442",2.15139852513526,2.97812152996619,2.53904912903449,0.439072400931705,0.826723004830932,0.387650603899227
"330016",1.46265776077587,2.77938941942989,2.00903262854185,0.770356790888044,1.31673165865402,0.546374867765976
"341987",0.963653706014715,1.25152152237983,1.08619670250167,0.165324819878166,0.287867816365117,0.122542996486951
"334823",1.26928541059515,1.68586934461173,1.46360752015211,0.222261824459626,0.416583934016586,0.19432210955696
"188828",0.624807607359202,1.56781369904712,0.945379058481246,0.622434640565869,0.943006091687913,0.320571451122044
"252066",2.16845193546047,1.3513131756818,1.84719924230369,-0.495886066621886,-0.817138759778666,-0.32125269315678
"287091",0.659219754483051,2.07663131232121,1.38033320759429,0.69629810472692,1.41741155783816,0.721113453111241
"408196",1.76677058121334,1.64563047394328,1.71065801960942,-0.0650275456661409,-0.121140107270052,-0.0561125616039109
"334362",0.326277454917857,1.3369832246499,0.669984005663393,0.666999218986508,1.01070576973204,0.343706550745535
"245452",1.39515635793467,2.13199466106641,1.72268800153617,0.409306659530239,0.73683830313174,0.327531643601501
"402529",1.11028995840995,2.1333228528962,1.59005793195083,0.543264920945368,1.02303289448625,0.479767973540878
"424875",3.82094914301346,3.12031460163591,3.44390972407686,-0.323595122440946,-0.700634541377556,-0.377039418936609
"515641",2.15720545277885,2.68879289050069,2.41499006697562,0.273802823525066,0.531587437721838,0.257784614196772
"554099",1.83519961625545,2.11477163213846,1.95619504376365,0.158576588374816,0.279572015883011,0.120995427508195
"196303",2.15265229821614,0.947677560512896,1.71856152740154,-0.770883966888648,-1.20497473770325,-0.434090770814598
"333672",1.80127663583922,2.2883803800281,2.09924943913923,0.189130940888863,0.487103744188877,0.297972803300014
"186468",0.913011340652069,2.3351804047689,1.54720991527119,0.787970489497719,1.42216906411684,0.634198574619118
"198678",0.747688311751777,2.01900915726328,1.22766603519791,0.791343122065375,1.27132084551151,0.479977723446132
"81096",0.53704054242625,2.23474274330069,1.18294881620858,1.0517939270921,1.69770220087444,0.645908273782334
"261487",0.171230161319313,1.79472199020763,0.741678948826452,1.05304304138118,1.62349182888832,0.57044878750714
"326167",0.515636130010729,1.84412225506877,1.06219781970378,0.78192443536499,1.32848612505804,0.546561689693047
"339642",2.32783051556577,3.30854863248542,2.85940785586232,0.449140776623104,0.980718116919649,0.531577340296545
"65490",2.70670360030476,1.78667312666628,2.22828651821678,-0.4416133915505,-0.920030473638479,-0.478417082087979
"103327",2.19164708486249,1.79476139940111,2.01741245594529,-0.222651056544175,-0.396885685461375,-0.174234628917199
"327750",2.68024348749295,1.93331438501403,2.29539684238327,-0.362082457369238,-0.746929102478917,-0.384846645109679
"415147",1.32755634913475,1.16702738310714,1.27203723172305,-0.105009848615908,-0.160528966027609,-0.0555191174117007
"211975",1.34274940159128,2.00071136928319,1.64427304129857,0.356438327984628,0.657961967691914,0.301523639707285
"61796",0.777679027168428,1.96668312841321,1.24309607275832,0.723587055654893,1.18900410124478,0.465417045589891
"252640",2.71984408200641,1.83031469392629,2.26286420099742,-0.432549507071136,-0.88952938808012,-0.456979881008984
"577883",1.15140754031397,1.96655418909474,1.53710975660073,0.429444432494012,0.815146648780763,0.385702216286751
"309990",8.81307709454402,2.80924620069631,5.07082050221341,-2.26157430151709,-6.00383089384771,-3.74225659233062
"455229",10,3.31223704860144,6.8740236852958,-3.56178663669436,-6.68776295139856,-3.1259763147042
"205206",3.1298991228147,1.17214856528662,2.21859493487741,-1.04644636959079,-1.95775055752808,-0.911304187937292
"106718",0.439797254548509,1.256312088534,0.740748931740084,0.515563156793914,0.816514833985489,0.300951677191575
"38084",2.50853178646648,1.89925727780287,2.15604557441897,-0.256788296616107,-0.609274508663611,-0.352486212047505
"200834",0.779146538888378,2.19652082721197,1.46917485654657,0.727345970665401,1.41737428832359,0.690028317658191
"76399",0.499787615966125,1.45469169831641,0.835448609698892,0.619243088617517,0.954904082350284,0.335660993732767
"218696",0.496269003676504,1.82552515701823,0.951371570860547,0.874153586157685,1.32925615334173,0.455102567184043
"407856",0.606931266624517,1.37718759302068,0.86480977153239,0.512377821488288,0.770256326396161,0.257878504907873
"111058",0.695751747213028,0.994942967651526,0.779754515288096,0.21518845236343,0.299191220438498,0.0840027680750676
"504318",3.31544787528535,2.23360778669425,2.79241496817475,-0.558807181480506,-1.08184008859111,-0.523032907110599
"353521",6.16879704489928,1.86077750834628,3.73277483021065,-1.87199732186437,-4.308019536553,-2.43602221468863
"102553",0.406155903667908,1.49894553280598,0.77165538652443,0.72729014628155,1.09278962913807,0.365499482856522
"18304",1.03722896619652,1.35886602292786,1.1701037995183,0.188762223409562,0.321637056731341,0.132874833321779
"369292",2.77842554106413,3.20617994179493,3.01144640850969,0.194733533285234,0.427754400730803,0.233020867445568
"254313",5.14715627901029,3.86521671868418,4.36132647757909,-0.496109758894906,-1.28193956032611,-0.785829801431205
"474818",2.46737458633789,2.16343484030897,2.31209852804071,-0.148663687731743,-0.303939746028922,-0.155276058297179
"546832",1.35748352443729,2.69916487969403,1.92508073230734,0.774084147386686,1.34168135525674,0.567597207870057
"577409",2.75121541589288,2.30183866792915,2.53386074141892,-0.232022073489766,-0.449376747963726,-0.217354674473959
"308633",0.175307346129609,1.97514098112335,0.970727263370203,1.00441371775315,1.79983363499375,0.795419917240594
"452841",2.11138707680727,2.6628101475704,2.37732387763858,0.285486269931818,0.551423070763127,0.265936800831309
"148893",0.219487047856615,1.35817742188817,0.602785651784855,0.755391770103313,1.13869037403155,0.38329860392824
"224896",1.52807636839328,2.50009513899627,1.93113537364712,0.568959765349145,0.972018770602987,0.403059005253841
"194618",1.02386672480143,1.04169850732636,1.02912621223073,0.0125722950956264,0.0178317825249279,0.00525948742930149
"42137",10,3.87948277450023,7.64813593328391,-3.76865315878368,-6.12051722549977,-2.35186406671609
"330596",1.28491584419467,1.66668389191095,1.46828215894351,0.19840173296744,0.381768047716279,0.18336631474884
"397665",10,3.63816976061275,7.22000009299423,-3.58183033238148,-6.36183023938725,-2.77999990700577
"306450",1.57620655212332,1.74775245358822,1.65506181385052,0.0926906397376968,0.171545901464898,0.0788552617272014
"466614",0.602422503718092,1.60251826956124,1.01819766094684,0.584320608614395,1.00009576584314,0.41577515722875
"316732",0.116623962146717,1.9153911227293,0.919384434976136,0.996006687753165,1.79876716058258,0.802760472829419
"9333",2.55709443510525,1.26983596141753,1.83248824984287,-0.562652288425348,-1.28725847368773,-0.724606185262378
"121584",4.12667148004342,1.72612667285365,2.74151118580092,-1.01538451294728,-2.40054480718977,-1.38516029424249
"237497",1.38043280114111,1.74789237700731,1.55077389370055,0.197118483306759,0.367459575866202,0.170341092559443
"125529",1.20267527268298,1.82442593644078,1.49556541520351,0.328860521237269,0.621750663757802,0.292890142520532
"176614",9.39424884186913,5.17595109278204,6.39656121777069,-1.22061012498865,-4.21829774908709,-2.99768762409844
"179600",1.87734928456206,3.23920951952675,2.51522303945559,0.72398648007116,1.36186023496469,0.63787375489353
"324028",1.96760418491383,3.03962201158188,2.47783479724977,0.56178721433211,1.07201782666804,0.510230612335934
"424576",2.55023848505484,2.40050101916955,2.47646109191997,-0.0759600727504184,-0.149737465885289,-0.0737773931348711
"475989",2.19238959819428,2.24114504312884,2.21731410910668,0.0238309340221616,0.048755444934558,0.0249245109123963
"449739",0.269117943879848,1.91450331897945,0.954584127044542,0.959919191934905,1.6453853750996,0.685466183164694
"279775",4.35735768553722,2.42425863370511,3.29023111689606,-0.865972483190949,-1.93309905183211,-1.06712656864117
"417537",0.424908434580888,1.27885468740169,0.743978908466723,0.534875778934965,0.853946252820801,0.319070473885835
"366966",1.74534289092144,2.07260123150954,1.91886991601096,0.153731315498581,0.327258340588102,0.173527025089521
"249041",1.19578069517417,2.21103731692603,1.73507486082959,0.47596245609644,1.01525662175187,0.539294165655425
"69693",4.20310177568709,1.73480274693559,2.97601975552101,-1.24121700858541,-2.46829902875149,-1.22708202016608
"427796",1.33812949494626,1.57623952525396,1.4482720356862,0.127967489567761,0.238110030307699,0.110142540739938
"384469",0.633100163585664,1.5366985786974,1.02147123705634,0.51522734164106,0.903598415111735,0.388371073470675
"137660",0.492303345013264,1.57715480679089,0.856081612561756,0.72107319422913,1.08485146177762,0.363778267548491
"155655",1.45834312660802,2.16523926531516,1.83386034108626,0.3313789242289,0.706896138707136,0.375517214478235
"118166",0.592885236528613,1.14823044180549,0.795069981828456,0.353160459977033,0.555345205276876,0.202184745299844
"74504",0.423585197989878,1.47419874951118,0.773666221980326,0.700532527530849,1.0506135515213,0.350081023990448
"37690",0.215869078457545,1.52319772081792,0.650291002794603,0.872906718023317,1.30732864236038,0.434421924337059
"559438",2.33762356483441,2.26551503579591,2.30123184242108,-0.035716806625171,-0.0721085290384957,-0.0363917224133248
"572476",1.69286646032747,2.34467694950895,1.97234922923756,0.372327720271386,0.651810489181475,0.279482768910089
"536642",0.23412845745759,2.44629811330892,1.50532975151875,0.940968361790173,2.21216965585133,1.27120129406116
"147796",4.14443930890549,2.65226894777272,3.33272535682715,-0.680456409054437,-1.49217036113277,-0.811713952078335
"554180",1.39299544396829,1.84975282524344,1.60528726340144,0.244465561842002,0.456757381275143,0.212291819433141
"26309",0.112816330391204,1.58985285764505,0.629065419181963,0.960787438463091,1.47703652725385,0.516249088790759
"364332",2.31909437811445,3.78326460462119,3.09189959178747,0.691365012833726,1.46417022650675,0.772805213673021
"470265",1.60634740540502,1.65412553408029,1.6287567684894,0.0253687655908927,0.0477781286752712,0.0224093630843785
"194872",1.06962566169888,1.91173536898017,1.47268056808934,0.439054800890828,0.842109707281284,0.403054906390456
"295781",2.89152936746145,2.14596772132485,2.5240313270239,-0.378063605699044,-0.7455616461366,-0.367498040437556
"106277",1.97553240694361,2.93769415781082,2.43519534111484,0.502498816695983,0.962161750867213,0.45966293417123
"181180",1.07377622854694,2.59322070514048,1.74579452430002,0.847426180840457,1.51944447659354,0.672018295753083
"296950",1.00851464563035,2.16019097197073,1.54139809746327,0.618792874507461,1.15167632634038,0.532883451832918
"245106",0.18616953294653,1.35512043080502,0.569727241650264,0.785393189154758,1.16895089785849,0.383557708703734
"67491",0.256323166299082,1.78573809209581,0.768178791912136,1.01755930018367,1.52941492579673,0.511855625613054
"334875",2.07668046422835,1.55494818021323,1.83911130143806,-0.284163121224828,-0.521732284015116,-0.237569162790288
"61237",0.232058437371016,1.28783114313842,0.591620679126571,0.696210464011848,1.0557727057674,0.359562241755555
"407910",0.958563609894966,1.67488128674757,1.24151506982624,0.433366216921325,0.716317676852605,0.282951459931279
"131915",2.96283838181829,1.83733661557203,2.39487860363323,-0.557541988061203,-1.12550176624626,-0.567959778185061
"398557",0.500996496091139,1.34266989759541,0.802317224813667,0.540352672781744,0.841673401504272,0.301320728722528
"210617",0.590388374599948,1.72449494449912,1.06675970004005,0.657735244459079,1.13410656989918,0.476371325440097
"236081",0.440110624095622,1.41226076686424,0.787014319744772,0.62524644711947,0.972150142768621,0.346903695649151
"191535",0.735411741722635,1.5035413032764,1.00162290898997,0.501918394286427,0.768129561553762,0.266211167267336
"140993",1.0973421079599,2.2358605339314,1.61981095840832,0.616049575523082,1.13851842597151,0.522468850448426
"127373",10,2.01150487472397,4.89965203132418,-2.8881471566002,-7.98849512527603,-5.10034796867582
"401412",5.84055665333062,1.42368298027042,3.24511194341178,-1.82142896314136,-4.4168736730602,-2.59544470991884
"446500",2.35705041730044,2.51004101334989,2.43099088484094,0.0790501285089511,0.152990596049455,0.0739404675405035
"294639",2.71720953848326,3.15312160445144,2.95544493766062,0.197676666790819,0.435912065968178,0.238235399177359
"199891",6.24431386734545,3.21131214649101,4.35880136379262,-1.14748921730161,-3.03300172085445,-1.88551250355284
"66334",1.32289237930806,2.17522154108405,1.70257338175066,0.472648159333382,0.852329161775988,0.379681002442606
"319298",1.18153507786214,2.30307956235776,1.78790940481182,0.515170157545943,1.12154448449562,0.606374326949676
"316108",0.884634721906826,1.28981813893915,1.02355206933372,0.266266069605424,0.40518341703232,0.138917347426896
"351850",0.271710136353868,1.34024501104798,0.650399668668308,0.689845342379673,1.06853487469411,0.37868953231444
"149359",0.940185692485478,2.68883812473827,2.04729379956756,0.641544325170708,1.74865243225279,1.10710810708208
"191103",2.95393441799541,1.00282850487332,2.02365104810154,-1.02082254322822,-1.95110591312209,-0.930283369893866
"253657",2.00270506663605,1.8651727195833,1.94116940207198,-0.0759966824886815,-0.137532347052753,-0.061535664564071
"96673",2.42607523162349,1.79966765434689,2.15358820157088,-0.353920547223988,-0.626407577276601,-0.272487030052612
"124308",0.790971540306077,1.41483848822385,1.05430986363645,0.3605286245874,0.62386694791777,0.26333832333037
"334609",0.309411120216545,1.59535889589132,0.872618808774896,0.722740087116423,1.28594777567477,0.563207688558351
"85078",3.38150486627208,3.27197292904333,3.32267433244363,-0.0507014034003013,-0.109531937228752,-0.0588305338284503
"317230",1.56875238238296,1.67896838139035,1.62020559426914,0.0587627871212013,0.110215999007383,0.0514532118861819
"542718",2.16523086140862,1.65281864059069,1.9374802455579,-0.284661604967209,-0.512412220817935,-0.227750615850725
"120847",0.710414286669048,1.25708734895379,0.90186844705132,0.355218901902474,0.546673062284746,0.191454160382272
"284904",0.787494092066461,2.51382162303142,1.55352728792945,0.960294335101971,1.72632753096496,0.766033195862992
"350228",0.415231578699265,1.86579136118733,1.03734931056256,0.828442050624772,1.45055978248807,0.622117731863294
"403422",0.441533196082925,1.77169496449631,1.02180603444205,0.749888930054267,1.33016176841339,0.580272838359122
"544808",4.8573962901244,2.37970023387783,3.49563763248065,-1.11593739860282,-2.47769605624657,-1.36175865764375
"263782",6.2776997200414,3.21160318750509,4.37314934377869,-1.1615461562736,-3.06609653253631,-1.90455037626271
"440883",0.161439881429592,1.24205690158279,0.529498227644564,0.712558673938222,1.08061702015319,0.368058346214972
"171353",0.493773134643235,1.85988829719411,1.06988952590376,0.789998771290354,1.36611516255088,0.576116391260521
"301149",0.668133892137611,1.04082961244467,0.80334689908298,0.237482713361693,0.372695720307062,0.135213006945369
"420240",0.0620341056692622,1.1971099954864,0.434962528809893,0.762147466676505,1.13507588981714,0.372928423140631
"204273",1.16360385513293,2.10080660133722,1.51500712354286,0.585799477794359,0.937202746204291,0.351403268409932
"340659",0.854052851482254,2.22063795332899,1.49997297452167,0.720664978807315,1.36658510184673,0.645920123039419
"342091",0.316389153513591,1.61920519156636,0.749472996451179,0.869732195115181,1.30281603805277,0.433083842937587
"576080",1.92388524901484,2.91862035466819,2.39751196096766,0.521108393700525,0.994735105653342,0.473626711952817
"522447",0.598489104986527,1.54704342680643,0.927798848198382,0.61924457860805,0.948554321819906,0.329309743211855
"469657",8.83722990616622,2.39193894481076,4.74431227265059,-2.35237332783983,-6.44529096135546,-4.09291763351563
"138083",0.343821445888621,1.77100200483993,0.962235245148874,0.808766759691051,1.4271805589513,0.618413799260254
"313791",0.38613107473368,1.75564498262155,0.984084227892008,0.771560754729538,1.36951390788787,0.597953153158328
"139618",2.84660139765357,3.49214731816508,3.19828832011176,0.293858998053327,0.645545920511511,0.351686922458184
"30261",0.505047903135152,2.66731235106082,1.50064036975081,1.16667198131001,2.16226444792567,0.995592466615662
"309769",2.91610853012599,3.41692908264054,3.18800438141335,0.228924701227196,0.500820552514555,0.271895851287359
"519781",0.717892146105797,2.41871908222423,1.50274812075833,0.915970961465901,1.70082693611843,0.784855974652529
"526975",1.48047118723248,3.01392131081288,2.21726346032554,0.796657850487335,1.53345012358039,0.736792273093058
"261913",0.18597232814756,1.90821567352625,0.919589669583451,0.988626003942798,1.72224334537869,0.733617341435891
"452373",0.810485570723577,0.854871770353906,0.828658217382785,0.0262135529711203,0.0443861996303283,0.018172646659208
"314050",2.06495936620131,1.33593200142593,1.72215417464287,-0.386222173216942,-0.729027364775382,-0.342805191558441
"333347",0.683384838596966,1.27699192284253,0.954749527241214,0.322242395601312,0.59360708424556,0.271364688644247
"429459",2.25978733814626,1.99793282545088,2.14741953790881,-0.149486712457927,-0.261854512695376,-0.112367800237449
"213800",2.52741722661498,2.33940116874833,2.43510813396007,-0.095706965211737,-0.188016057866644,-0.0923090926549071
"240592",1.24502514694796,2.01436014409587,1.59159809159548,0.422762052500388,0.769334997147907,0.346572944647519
"91005",1.10831351667304,1.6598533834437,1.32853157670158,0.331321806742116,0.551539866770664,0.220218060028548
"85987",0.542873220529063,1.04021655517759,0.725888408820335,0.314328146357253,0.497343334648524,0.183015188291271
"561749",0.34582574070134,1.5640479984101,0.762958142293761,0.80108985611634,1.21822225770876,0.417132401592421
"276227",0.463621362469144,1.8361541989405,1.0390567477627,0.7970974511778,1.37253283647135,0.575435385293553
"344402",0.456993076205609,1.7489041918674,0.988571656094417,0.760332535772985,1.29191111566179,0.531578579888808
"41976",1.31734373216523,1.81597012155863,1.54985342520496,0.26611669635367,0.498626389393406,0.232509693039736
"373115",0.628422478018693,1.68766243125091,1.06532185740399,0.622340573846921,1.05923995323222,0.436899379385301
"288418",1.08363513640736,1.19356220254437,1.13086450518602,0.0626976973583571,0.109927066137014,0.0472293687786569
"308931",0.730032935357639,0.949212102293266,0.810909584357462,0.138302517935804,0.219179166935627,0.0808766489998231
"329011",2.83653947194837,1.83175963260828,2.32491868169785,-0.493159049089577,-1.0047798393401,-0.511620790250522
"108775",0.292570102733686,0.947353547023848,0.482044451313478,0.46530909571037,0.654783444290162,0.189474348579792
"331911",1.50101846003651,2.01993202739279,1.73471986853668,0.285212158856112,0.518913567356285,0.233701408500174
"97133",1.32579597469224,2.29094269268559,1.75599752471729,0.534945167968295,0.965146717993345,0.43020155002505
"522939",5.78962338630748,2.5255033566778,3.68904923946158,-1.16354588278378,-3.26412002962969,-2.10057414684591
"40136",0.547394656475839,0.952744903290413,0.665865955259601,0.286878948030811,0.405350246814574,0.118471298783763
"201464",0.943812536431975,1.07073278814946,0.989002919534572,0.0817298686148905,0.126920251717487,0.0451903831025964
"487424",0.774242880061981,1.6344724004076,1.06232025842722,0.572152141980382,0.860229520345622,0.28807737836524
"563720",0.730238033262971,2.23184043329011,1.31368406847047,0.918156364819639,1.50160240002714,0.583446035207502
"60569",4.03076122540217,1.86062134835717,2.96649840943933,-1.10587706108216,-2.170139877045,-1.06426281596284
"363957",0.300681066645676,0.884918643593915,0.469509594541251,0.415409049052665,0.58423757694824,0.168828527895575
"100241",1.52928704132553,2.96474834295851,2.22317362394817,0.741574719010344,1.43546130163298,0.693886582622636
"330542",1.47866330235233,3.00801057751602,2.2331655738226,0.774845003693424,1.5293472751637,0.754502271470271
"474015",4.57402981125732,2.72867904148343,3.56874384873641,-0.840064807252973,-1.84535076977388,-1.00528596252091
"94899",1.80324347699707,1.81945272512763,1.81024345357311,0.00920927155451801,0.0162092481305665,0.00699997657604845
"488280",0.217556489543941,1.48035150601903,0.642498828161469,0.837852677857563,1.26279501647509,0.424942338617528
"279248",1.68288159696643,2.45341260825165,2.0775142210272,0.375898387224455,0.770531011285225,0.39463262406077
"307295",4.13192977140393,2.96324612187105,3.4963302856982,-0.533084163827152,-1.16868364953288,-0.635599485705725
"80913",3.6821310794986,3.87821050565843,3.80695040458851,0.071260101069913,0.19607942615983,0.124819325089917
"394975",0.23206542450482,1.77901422319319,0.909803560781104,0.869210662412082,1.54694879868837,0.677738136276284
"133321",1.51145611042464,2.07355185964909,1.80215446883384,0.27139739081525,0.562095749224445,0.290698358409195
"566542",0.576095712965927,1.63045529389404,1.02076312474363,0.609692169150418,1.05435958092812,0.444667411777699
"247494",0.356771557427504,2.3538963961008,1.14099346932446,1.21290292677633,1.99712483867329,0.784221911896961
"456593",0.446676220259576,2.56261880474732,1.45953242927318,1.10308637547415,2.11594258448775,1.0128562090136
"475710",6.2091495266901,1.99975045330542,3.85875771023294,-1.85900725692752,-4.20939907338468,-2.35039181645717
"490036",1.2475590057247,2.12614490598508,1.64525774555288,0.480887160432195,0.878585900260383,0.397698739828188
"505150",3.53450541879144,3.05867674465496,3.27462378579394,-0.215947041138985,-0.475828674136483,-0.259881632997498
"232300",0.379093303297732,1.39681498522061,0.715999265415808,0.680815719804804,1.01772168192288,0.336905962118076
"181655",1.29362731236178,0.954202420065898,1.18901679516694,-0.234814375101039,-0.33942489229588,-0.104610517194842
"318690",3.07986014325485,1.30816807651126,2.2760936942138,-0.967925617702535,-1.77169206674358,-0.803766449041047
"170813",0.158831193585985,1.96135152941737,0.906652679215808,1.05469885020156,1.80252033583138,0.747821485629823
"158772",1.34378502985385,1.68083346190491,1.50390650864287,0.176926953262043,0.33704843205106,0.160121478789017
"336475",0.464234602269516,1.37492313978205,0.773883537366137,0.60103960241591,0.91068853751253,0.309648935096621
"193504",5.6942693326084,3.24817996627688,4.17112702448082,-0.922947058203931,-2.44608936633151,-1.52314230812758
"228171",1.64228921115991,2.00707134380248,1.8045736803976,0.202497663404883,0.364782132642565,0.162284469237682
"232695",2.39642969199662,2.5808091384249,2.48417355187911,0.0966355865457946,0.18437944642828,0.0877438598824858
"356424",2.45211069791797,2.37004665505611,2.41192986196729,-0.0418832069111748,-0.082064042861862,-0.0401808359506872
"235962",0.255845347738853,1.55334422785803,0.69245603220382,0.86088819565421,1.29749888011918,0.436610684464968
"175123",10,2.41699724333205,6.02842188226237,-3.61142463893032,-7.58300275666795,-3.97157811773763
"234203",1.51226609880597,0.939202520259212,1.2018067622454,-0.26260424198619,-0.573063578546753,-0.310459336560562
"177929",0.447204482402541,1.47133000035477,0.794008731901485,0.677321268453287,1.02412551795223,0.346804249498943
"521934",0.863495516152457,1.65465629435583,1.18601540523023,0.468640889125604,0.791160778203373,0.322519889077769
"396312",0.050214925438329,1.47904841008484,0.515887291311327,0.963161118773509,1.42883348464651,0.465672365872998
"77039",0.914769944580836,1.77645492704601,1.34341789431963,0.433037032726384,0.861684982465178,0.428647949738794
"306115",0.486712149973762,2.01078153019145,1.26750354744872,0.743277982742724,1.52406938021769,0.780791397474962
"267417",0.68120075921374,1.93658188519641,1.19314481570688,0.743437069489526,1.25538112598267,0.511944056493143
"510799",0.592039504837932,1.76547179834708,1.06710235329955,0.698369445047523,1.17343229350914,0.475062848461622
"16944",3.90390238430618,2.8379131259307,3.32194170697837,-0.484028581047671,-1.06598925837548,-0.581960677327813
"486366",3.94270690980833,1.89466205405928,2.94059117415403,-1.04592912009474,-2.04804485574904,-1.0021157356543
"494579",2.40319242550761,2.50217793021556,2.45182811800174,0.05034981221382,0.0989855047079509,0.0486356924941309
"461586",0.436229704723137,1.78518143678562,1.01843060661117,0.766750830174454,1.34895173206249,0.582200901888033
"76337",0.283892398097026,1.72633010591224,0.784472042192771,0.941858063719471,1.44243770781522,0.500579644095745
"202479",0.221593802545332,1.74791946050577,0.899324173978946,0.848595286526823,1.52632565796044,0.677730371433614
"374489",0.715522726763899,2.03460895180788,1.35554731039211,0.67906164141577,1.31908622504398,0.640024583628207
"78329",0.893630568456622,1.15987733320139,0.986309038631847,0.173568294569542,0.266246764744766,0.0926784701752245
"282845",3.22780731694422,1.27112871424141,2.33875607091919,-1.06762735667778,-1.95667860270281,-0.889051246025025
"285024",0.793269821517273,2.1061770417235,1.40843919334739,0.697737848376109,1.31290722020623,0.615169371830121
"30286",0.210369432572454,1.78908992213322,0.742526302418763,1.04656361971446,1.57872048956077,0.532156869846309
"33484",1.17428292156831,1.31750586144145,1.23268504280759,0.084820818633859,0.143222939873145,0.0584021212392862
"117358",0.838799927368984,1.58099499175815,1.14535745973881,0.435637532019343,0.742195064389164,0.306557532369821
"369540",9.28043952960805,2.39861121608527,4.9135217403691,-2.51491052428383,-6.88182831352278,-4.36691778923896
"226843",1.31679570909503,1.77416838747458,1.49181024930025,0.282358138174323,0.457372678379549,0.175014540205225
"341364",10,2.94286977844848,6.49320219259117,-3.55033241414269,-7.05713022155152,-3.50679780740883
"126934",0.167430405549832,0.912495584470502,0.382734475332051,0.529761109138452,0.74506517892067,0.215304069782219
"139251",0.543465983884601,1.39708741738403,0.840372036191493,0.556715381192536,0.853621433499427,0.296906052306891
"369782",0.310724660623796,1.94867920771996,1.02678319744878,0.921896010271179,1.63795454709617,0.716058536824989
"462531",5.952772846761,2.75269372547202,3.91450090996407,-1.16180718449205,-3.20007912128897,-2.03827193679693
"301463",1.07917776819602,2.51724868175818,1.71638527481498,0.800863406943205,1.43807091356217,0.637207506618964
"397530",0.0453190300301872,1.90983735622028,0.880051704306611,1.02978565191367,1.86451832619009,0.834732674276423
"436017",0.524380260650883,1.88028203927997,1.05978029076831,0.820501748511656,1.35590177862908,0.535400030117427
"289278",1.80016435624618,2.08372303095205,1.9500878826156,0.133635148336453,0.283558674705869,0.149923526369416
"19535",0.311185313557105,2.15344070135926,1.23107101380698,0.922369687552284,1.84225538780216,0.919885700249873
"137169",0.129376049378962,2.04162089794335,0.962879285441044,1.0787416125023,1.91224484856438,0.833503236062082
"299526",1.81292735540439,1.72437487279988,1.77396899035097,-0.0495941175510857,-0.0885524826045121,-0.0389583650534264
"65334",0.882527303965727,1.72395271681053,1.21941086030583,0.504541856504702,0.841425412844803,0.336883556340101
"200491",0.21065810352548,1.46145700383587,0.636480857426952,0.824976146408918,1.25079890031039,0.425822753901471
"258795",1.09750390367228,2.57491933072533,1.72607864770584,0.848840683019491,1.47741542705305,0.628574744033559
"234618",0.773923502935014,1.70328845132607,1.15479316325975,0.548495288066325,0.929364948391056,0.380869660324731
"72676",0.550470379970141,1.46224756411169,0.875123728287528,0.587123835824158,0.911777184141545,0.324653348317387
"50928",0.331984170576598,2.04278303805716,1.02791146519672,1.01487157286044,1.71079886748056,0.695927294620122
"92522",10,3.42884183913974,7.0471256648817,-3.61828382574196,-6.57115816086026,-2.9528743351183
"165745",0.925585756352625,1.93841984394779,1.40813659273556,0.530283251212227,1.01283408759516,0.482550836382938
"170794",0.402137224692898,1.36587484167943,0.733029821650627,0.632845020028798,0.963737616986527,0.330892596957729
"522538",0.361015082102613,1.38786582202822,0.71050365783101,0.677362164197207,1.0268507399256,0.349488575728397
"433374",0.131697704099985,1.76022409956658,0.650598639745229,1.10962545982135,1.6285263954666,0.518900935645245
"480094",1.36720198964035,1.61769105579037,1.46495221955229,0.152738836238079,0.25048906615002,0.097750229911941
"121295",0.17522894271487,2.10605317986517,0.999675039767985,1.10637814009719,1.9308242371503,0.824446097053115
"455732",1.29196254517383,2.97329268371483,2.11790252867114,0.855390155043687,1.681330138541,0.825939983497313
"122944",1.05668124768425,1.10615652010712,1.07424423807731,0.0319122820298112,0.0494752724228695,0.0175629903930583
"245048",9.66789603110108,2.46056878968074,5.12772280703169,-2.66715401735095,-7.20732724142034,-4.54017322406939
"72587",1.13874466483712,1.4643314990163,1.27332380152605,0.191007697490245,0.325586834179179,0.134579136688934
"358820",0.220351770642271,1.97720517087136,0.947085172503581,1.03011999836777,1.75685340022908,0.72673340186131
"219958",1.15330757057793,2.65869391524572,1.80379246802593,0.854901447219796,1.50538634466779,0.650484897447994
"284377",3.83566297850295,3.52849981284688,3.67290337906622,-0.144403566219335,-0.307163165656071,-0.162759599436736
"360514",0.761819112534513,2.05678451333596,1.41198911787838,0.644795395457574,1.29496540080144,0.65017000534387
"468118",10,4.79386115391713,6.43904044956757,-1.64517929565044,-5.20613884608287,-3.56095955043243
"574767",3.14135007077544,3.24924700747693,3.20059773963323,0.0486492678436905,0.107896936701483,0.0592476688577928
"91474",10,5.38449490907234,7.85939888057847,-2.47490397150613,-4.61550509092766,-2.14060111942153
"457325",2.87911281267201,3.2297354884646,3.06892078460162,0.160814703862985,0.350622675792596,0.189807971929611
"544252",0.206056400881148,1.5853073823678,0.66871608808961,0.916591294278191,1.37925098148665,0.462659687208462
"237322",0.513539343499789,1.68200143774708,1.01120354986627,0.670797887880804,1.16846209424729,0.497664206366484
"415648",0.833420619553176,2.69489483207953,1.98557595511937,0.709318876960164,1.86147421252636,1.15215533556619
"18629",0.543406748236295,1.02756670842628,0.724275075424249,0.303291633002033,0.484159960189987,0.180868327187954
"315170",0.314011903385452,1.75924852243342,0.956232316418552,0.803016206014873,1.44523661904797,0.6422204130331
"258556",2.62869473209967,2.53450218540387,2.58305607837876,-0.0485538929748941,-0.0941925466958069,-0.0456386537209128
"84081",0.67939689518308,1.55991162393598,1.04500895935978,0.514902664576197,0.880514728752898,0.3656120641767
"77636",10,1.0611115760223,10,-8.9388884239777,-8.9388884239777,0
"124419",1.14423640067613,1.97360131184159,1.53372408856041,0.439877223281183,0.829364911165454,0.389487687884271
"490665",1.30279466714875,2.7162375773505,1.9008485452076,0.815389032142907,1.41344291020175,0.598053878058846
"56072",1e-08,2.11984691888667,1.01870683203129,1.10114008685538,2.11984690888667,1.01870682203129
"490957",2.15470202637795,2.14772458967953,2.15092350497457,-0.0031989152950378,-0.00697743669842099,-0.00377852140338319
"214297",3.88179328609153,1.02767705812507,2.54369414694293,-1.51601708881786,-2.85411622796646,-1.3380991391486
"152739",0.278107196310742,1.46134926964761,0.675917737454134,0.785431532193473,1.18324207333686,0.397810541143391
"55730",0.479478961634106,1.41785273029461,0.902599071674616,0.515253658619999,0.938373768660509,0.42312011004051
"564503",0.100064826804065,1.72171012055699,0.638776147845071,1.08293397271192,1.62164529375293,0.538711321041006
"235950",1.82347204875516,1.94426762921363,1.87650646753146,0.0677611616821634,0.120795580458471,0.0530344187763079
"221675",1.35567898687331,2.10654322090628,1.68849923690127,0.418043984005009,0.750864234032972,0.332820250027963
"459672",3.01097015811212,2.28799612972519,2.6597405895786,-0.371744459853403,-0.722974028386925,-0.351229568533522
"167508",0.999892101107024,1.58914602651462,1.23886332937686,0.35028269713776,0.589253925407597,0.238971228269838
"551851",0.681271659387392,1.65032397472521,1.08541637179338,0.564907602931823,0.969052315337814,0.404144712405991
"49586",0.63377067826774,2.18765235179494,1.41926238533167,0.768389966463268,1.5538816735272,0.785491707063935
"544644",0.0911204777338773,1.64158748804629,0.615056972830448,1.02653051521584,1.55046701031241,0.523936495096571
"442435",0.643605995739853,1.31665684491772,0.882393493800605,0.434263351117117,0.673050849177869,0.238787498060752
"29480",1.03004032887821,2.44912843148728,1.79924564578552,0.649882785701756,1.41908810260907,0.769205316907309
"33575",0.195453369393176,1.88173576105027,0.937672781344767,0.944062979705506,1.6862823916571,0.742219411951591
"539339",0.0855378144235965,1.83467034638693,0.622820226959932,1.211850119427,1.74913253196334,0.537282412536336
"506428",2.6631138045777,1.63716095309781,2.12719098195318,-0.490030028855368,-1.02595285147989,-0.535922822624524
"568512",0.252830083627381,2.29242748396624,1.24503168189866,1.04739580206758,2.03959740033886,0.99220159827128
"359164",4.51018634424322,3.13442842508233,3.63421605777926,-0.499787632696929,-1.37575791916089,-0.875970286463958
"414096",1.16767579370798,1.88438025109064,1.50587362503213,0.378506626058512,0.716704457382659,0.338197831324147
"554184",0.694698136659718,1.49846171948828,1.03670332521982,0.461758394268461,0.803763582828565,0.342005188560104
"555141",2.54561121802836,2.18051544379787,2.36512286346133,-0.184607419663456,-0.365095774230493,-0.180488354567037
"49857",0.659384424439763,1.37846897959667,0.904073066268411,0.474395913328261,0.71908455515691,0.244688641828649
"276719",0.987405079467479,2.42867871582653,1.80448934439502,0.624189371431509,1.44127363635905,0.817084264927539
"232378",0.504583747435453,1.83882462316327,1.06803393055921,0.770790692604054,1.33424087572782,0.563450183123762
"71602",3.96659945767016,2.00504124488413,3.0103906589383,-1.00534941405417,-1.96155821278604,-0.956208798731867
"364454",1.29707711103162,2.05165582821285,1.64408718642525,0.4075686417876,0.754578717181228,0.347010075393628
"39834",1.29600859804375,2.42769828104677,1.79156918450303,0.636129096543741,1.13168968300302,0.49556058645928
"54087",1.88939212401185,1.2550694158107,1.63694870591224,-0.381879290101534,-0.634322708201142,-0.252443418099608
"236877",0.423911978694594,1.55332692352043,0.806421960142345,0.746904963378083,1.12941494482583,0.382509981447751
"387688",0.140768916819009,1.73176562249804,0.682085096139425,1.04968052635861,1.59099670567903,0.541316179320416
"154171",0.432589256705035,1.6937905723997,0.881354848469283,0.812435723930419,1.26120131569467,0.448765591764248
"261293",0.652087419270123,1.77305286403461,1.11498953606529,0.65806332796932,1.12096544476448,0.462902116795163
"118848",1.33243307954387,1.80308333289124,1.51414734349609,0.288935989395148,0.470650253347374,0.181714263952226
"100191",0.838157868949979,1.59126644717185,1.14872314580375,0.442543301368106,0.753108578221872,0.310565276853766
"289175",0.658401604888179,2.20103165718568,1.39482927718846,0.80620237999722,1.54263005229751,0.736427672300285
"483335",1.40130085825955,1.03684655039139,1.27218590066086,-0.235339350269466,-0.364454307868157,-0.129114957598691
"211351",3.94611173994918,1.98752276006175,2.99356419549071,-1.00604143542896,-1.95858897988744,-0.952547544458473
"10061",0.742910784346043,1.96236422994712,1.21477082254837,0.747593407398754,1.21945344560108,0.471860038202325
"180085",2.5240398079331,2.60203027348528,2.56182152112671,0.0402087523585672,0.0779904655521846,0.0377817131936173
"18485",2.55306666785804,1.7654908284993,2.1380800181418,-0.372589189642503,-0.787575839358747,-0.414986649716244
"285559",1.55539515025608,2.26943363702905,1.86354564157502,0.405887995454029,0.714038486772965,0.308150491318936
"468799",2.4517343154481,2.69487821119258,2.56855163853169,0.126326572660894,0.243143895744484,0.116817323083589
"412826",4.43176220079756,2.00214547086202,3.02169791701177,-1.01955244614974,-2.42961672993554,-1.41006428378579
"287495",1.10525843216456,1.37433941525764,1.19710313068249,0.177236284575148,0.269080983093077,0.0918446985179289
"27530",0.278942307944995,1.99283203849015,1.00966550641221,0.983166532077944,1.71388973054516,0.730723198467216
"331621",0.426427002545618,2.88120842136594,1.52561626836063,1.35559215300531,2.45478141882032,1.09918926581501
"340177",0.305969601884864,1.66989077190253,0.891889732992494,0.778001038910034,1.36392117001766,0.58592013110763
"478160",4.28940248170785,2.6080010239406,3.35951562112116,-0.751514597180563,-1.68140145776726,-0.929886860586692
"19758",1.12511123611871,1.86942050666166,1.47234459108699,0.397075915574676,0.744309270542953,0.347233354968277
"234743",0.308342917664677,1.92257559123912,0.968712463599498,0.953863127639623,1.61423267357444,0.660369545934821
"550054",0.874021547404664,1.81331932927005,1.24964461574632,0.563674713523724,0.939297781865384,0.375623068341659
"237033",0.67493838920536,2.33628637434567,1.287403364881,1.04888300946467,1.66134798514031,0.612464975675644
"60401",1.00163859735224,2.00365283588006,1.4608204854955,0.542832350384562,1.00201423852781,0.459181888143252
"33494",0.304038930649692,1.48062703905561,0.697899579008693,0.782727460046913,1.17658810840591,0.393860648359001
"368821",0.545870086595586,1.53094713857803,0.974299950272032,0.556647188305998,0.985077051982444,0.428429863676445
"128371",0.89137393992154,2.36347232500327,1.54901757669106,0.814454748312214,1.47209838508173,0.657643636769521
"312893",2.33081182939103,2.40712652674666,2.36816494558773,0.0389615811589308,0.0763146973556275,0.0373531161966967
"420624",0.799720001351847,2.5739981161314,1.5770510485826,0.996947067548798,1.77427811477955,0.777331047230755
"243053",2.46200503914112,2.21539801394854,2.3386248259925,-0.123226812043955,-0.246607025192578,-0.123380213148623
"400445",0.772182852983231,1.00740761182559,0.857484189651796,0.149923422173794,0.235224758842358,0.0853013366685648
"108282",1.35983892164087,1.71474491903057,1.5310494569951,0.18369546203547,0.354905997389701,0.171210535354231
"215453",1.40939681205489,2.12308690826377,1.73112149754206,0.391965410721705,0.713690096208872,0.321724685487167
"228090",3.76829225203892,2.90191988705006,3.29786852707052,-0.395948640020458,-0.866372364988855,-0.470423724968397
"329707",2.45137351507883,2.22748974890029,2.33865705218502,-0.111167303284732,-0.223883766178536,-0.112716462893804
"354119",10,3.5787380684058,5.83092999532951,-2.25219192692371,-6.4212619315942,-4.16907000467049
"534200",0.384809488331413,1.28139923086483,0.685730254162469,0.595668976702359,0.896589742533415,0.300920765831056
"487503",0.808245043556524,1.70351988041659,1.17462442707138,0.528895453345208,0.895274836860065,0.366379383514857
"44605",0.657266628928862,1.71895805461657,1.0887673739143,0.630190680702273,1.06169142568771,0.431500744985437
"364221",0.953233556849652,1.64074460149934,1.22961805029035,0.41112655120899,0.687511044649692,0.276384493440702
"396414",1.08701393531805,1.81895654197401,1.37001624737126,0.448940294602749,0.731942606655964,0.283002312053215
"435351",1.22796784006138,0.752078286677922,1.08086014881495,-0.328781862137033,-0.475889553383454,-0.147107691246421
"392419",3.15551752884499,3.06622453081962,3.10748416908151,-0.0412596382618839,-0.0892929980253672,-0.0480333597634832
"382099",1.81434339628411,1.74201039884942,1.7830429650287,-0.0410325661792865,-0.0723329974346951,-0.0313004312554086
"546231",1.9379761433706,2.24303183634588,2.095757078291,0.147274758054887,0.305055692975281,0.157780934920394
"228114",0.591271578717031,1.60755978952031,1.02334344240207,0.584216347118236,1.01628821080327,0.432071863685038
"234481",0.439528405196936,1.28005582381188,0.746150494565455,0.53390532924643,0.840527418614948,0.306622089368519
"150963",0.745636573089306,1.79724553153633,1.15905157860742,0.638193952928909,1.05160895844702,0.413415005518112
"220052",0.878044984382513,2.29073499339846,1.51470246643264,0.776032526965821,1.41269000901595,0.636657482050128
"475023",0.542483608036378,2.25698566258187,1.31114466167811,0.945841000903755,1.71450205454549,0.768661053641736
"366342",1.60855291657378,2.01674526316468,1.79083691111558,0.225908352049096,0.408192346590899,0.182283994541802
"207182",2.06089519179981,2.14863831575185,2.10611038032885,0.0425279354229935,0.0877431239520354,0.0452151885290419
"39738",2.20452670603688,2.23563347697319,2.21956798378277,0.0160654931904185,0.0311067709363084,0.0150412777458899
"54243",0.221268935808775,0.903535873954452,0.413369352159369,0.490166521795083,0.682266938145677,0.192100416350594
"432241",1.13219385386896,1.58146654429725,1.30950665239276,0.271959891904491,0.449272690428288,0.177312798523797
"339264",0.833960618618355,1.56605696726069,1.07797623928256,0.488080727978126,0.732096348642333,0.244015620664207
"520277",1.97722853501401,2.06323345188387,2.02250500405181,0.040728447832056,0.0860049168698598,0.0452764690378038
"5258",0.507460695480617,1.49087191350779,0.836364130059003,0.654507783448784,0.983411218027169,0.328903434578385
"18087",1.11935930487241,3.37541262055618,2.19506366550587,1.18034895505031,2.25605331568377,1.07570436063346
"363756",0.544320132675522,2.75477529089798,1.54497079047133,1.20980450042665,2.21045515822246,1.00065065779581
"491384",0.519917927547922,1.74805199253767,0.940328057015416,0.807723935522251,1.22813406498975,0.420410129467494
"177501",2.79124460533052,3.79580359330737,3.31497342660131,0.480830166706063,1.00455898797685,0.523728821270782
"20842",4.4836471814875,4.36862674105776,4.41429363556085,-0.0456668945030989,-0.115020440429744,-0.0693535459266448
"314916",4.29025217836873,4.42109094870778,4.37008536082822,0.0510055878795592,0.130838770339049,0.07983318245949
"532485",0.249113452399174,1.62075946314968,0.896583570573384,0.724175892576296,1.37164601075051,0.647470118174209
"348394",2.7264544017585,1.88445926104442,2.30962981040161,-0.425170549357188,-0.841995140714076,-0.416824591356888
"317550",3.45117471107027,2.12151108414204,2.65784999289233,-0.536338908750289,-1.32966362692822,-0.793324718177931
"109269",1.08287742732874,2.13765212205669,1.55910906172754,0.578543060329151,1.05477469472796,0.476231634398806
"216423",0.409883335740423,1.94788744314804,1.05958862048008,0.888298822667954,1.53800410740761,0.64970528473966
"154742",1.58085763177446,2.15376643571573,1.8340331704629,0.319733265252831,0.572908803941271,0.25317553868844
"75284",0.782252529858752,1.31228646530728,0.96945195509686,0.342834510210418,0.530033935448526,0.187199425238108
"501312",1.68664486202074,2.08816164616143,1.86246614519059,0.225695500970839,0.40151678414069,0.175821283169851
"96762",1.66287560983043,2.45884547837228,2.17245504192645,0.286390436445824,0.795969868541843,0.509579432096019
"70930",0.706854144977988,1.76690461991669,1.15614509875371,0.610759521162975,1.0600504749387,0.449290953775724
"144485",2.28486590589626,2.99310925247754,2.6143552094904,0.378754042987133,0.708243346581277,0.329489303594144
"152735",0.52289458709085,1.49750610107312,0.867252586485758,0.630253514587365,0.974611513982273,0.344357999394908
"378694",0.762577354039832,0.905284243776984,0.804326353231173,0.100957890545811,0.142706889737152,0.0417489991913413
"41586",0.233804256532168,1.36205830126829,0.608228408838572,0.753829892429716,1.12825404473612,0.374424152306404
"393842",1.15500736659994,2.11601906428622,1.59211190443595,0.52390715985027,0.961011697686282,0.437104537836012
"161812",10,3.93353315544724,5.98876422328093,-2.05523106783369,-6.06646684455276,-4.01123577671907
"403869",4.49162412411092,2.70060578361486,3.51053948641492,-0.809933702800058,-1.79101834049607,-0.981084637696009
"520540",4.58583240231634,2.63269675171374,3.51185730579442,-0.879160554080679,-1.9531356506026,-1.07397509652192
"532248",0.262365718712872,1.14605183881783,0.572547397239048,0.573504441578783,0.883686120104958,0.310181678526176
"190852",2.15963661004005,2.85098371589574,2.48972790834492,0.361255807550827,0.691347105855695,0.330091298304868
"19811",7.8745588109752,2.59799011158358,4.52595874218682,-1.92796863060324,-5.27656869939163,-3.34860006878838
"487939",4.06163129138059,3.10870678088027,3.55268452030476,-0.443977739424493,-0.952924510500321,-0.508946771075827
"507713",1.17382380315171,2.50795945869422,1.76596288167174,0.741996577022484,1.33413565554251,0.592139078520024
"51388",2.27457782889642,2.59132353729588,2.42897538050435,0.162348156791529,0.316745708399464,0.154397551607935
"86229",2.59818011673356,2.64929560503554,2.62281668204084,0.0264789229947029,0.0511154883019742,0.0246365653072713
"116558",4.42315088037789,1.76016884535337,3.10769742176509,-1.34752857641172,-2.66298203502452,-1.31545345861279
"302975",0.378013466266147,1.27684792565306,0.677948403942649,0.598899521710415,0.898834459386917,0.299934937676502
"412862",0.0679916777592583,1.88282978314681,0.667962050709755,1.21486773243705,1.81483810538755,0.599970372950497
"29046",0.558113170368178,2.72654824307002,1.54426812426757,1.18228011880245,2.16843507270184,0.986154953899388
"213107",1.88006607981465,1.62149173841716,1.78045514622563,-0.158963407808462,-0.258574341397486,-0.0996109335890241
"312251",3.49023984607394,1.67736251389992,2.5731522229074,-0.895789709007477,-1.81287733217402,-0.917087623166543
"311995",4.83249916915224,4.29475162841744,4.5057085080985,-0.210956879681065,-0.5377475407348,-0.326790661053734
"71194",6.24346898251245,3.73568729584884,4.70880298750378,-0.97311569165494,-2.50778168666361,-1.53466599500867
"541167",4.74519909327031,2.67886180557134,3.63458541916329,-0.955723613591943,-2.06633728769896,-1.11061367410702
"32343",0.196497446780359,1.51237500924532,0.617694309652875,0.894680699592448,1.31587756246496,0.421196862872516
"347015",0.155842427966281,1.92895360743479,0.950049857278818,0.978903750155974,1.77311117946851,0.794207429312538
"325772",0.661819037261329,1.85025962282519,1.12978253406722,0.720477088757971,1.18844058556386,0.467963496805888
"248951",0.0835146673359978,2.42717201361067,1.29227397345451,1.13489804015617,2.34365734627468,1.20875930611851
"278894",1.73339408074972,3.04278319423831,2.36486350463626,0.677919689602049,1.30938911348859,0.631469423886541
"145503",2.48674491072176,2.47130799391905,2.48484238109911,-0.0135343871800591,-0.0154369168027051,-0.00190252962264603
"84956",1.29714388527678,2.6972539141279,2.12358022044894,0.573673693678955,1.40011002885111,0.826436335172158
"178572",5.74912968572584,2.49984449515025,3.99049358258513,-1.49064908743488,-3.2492851905756,-1.75863610314072
"147405",0.0889873361754224,1.32332169724987,0.499723543617226,0.823598153632646,1.23433436107445,0.410736207441803
"250596",1.13650463822234,1.77618045495126,1.44174770743095,0.334432747520317,0.639675816728923,0.305243069208607
"532242",1.19430733244503,2.65856390287597,2.09919244607086,0.559371456805112,1.46425657043094,0.904885113625823
"150199",2.65502836556379,2.40661360847526,2.53497206457492,-0.12835845609966,-0.248414757088522,-0.120056300988861
"241702",0.990443075348914,2.81875016801682,1.77161021128794,1.04713995672888,1.82830709266791,0.781167135939024
"266086",0.676152670003466,2.9285165357155,1.64269400273554,1.28582253297996,2.25236386571203,0.966541332732069
"347395",0.166114174133281,1.41484731498561,0.594670388041318,0.820176926944288,1.24873314085232,0.428556213908037
"374894",4.38037230739828,2.64932548803768,3.4323804054637,-0.783054917426016,-1.73104681936059,-0.947991901934576
"543967",0.51558545850637,2.62170474109534,1.31033715986775,1.31136758122759,2.10611928258897,0.794751701361382
"73544",4.10510721852398,3.13047037796046,3.59201385587207,-0.461543477911615,-0.974636840563524,-0.51309336265191
"552559",3.52596862259012,2.82420947849208,3.1410852425833,-0.316875764091217,-0.70175914409804,-0.384883380006822
"72517",0.483818448914665,1.64355876442857,0.978826322925699,0.664732441502872,1.15974031551391,0.495007874011034
"543908",0.481752430757581,1.25135853224784,0.765940540078475,0.485417992169362,0.769606101490257,0.284188109320895
"436735",0.604754233429514,1.65933727710348,1.04893186651247,0.610405410591009,1.05458304367397,0.444177633082958
"117125",7.24483228257237,3.82203241199857,5.16767640106138,-1.3456439890628,-3.42279987057379,-2.07715588151099
"126074",2.5046214797336,2.40887691915903,2.45771137524802,-0.0488344560889868,-0.095744560574567,-0.0469101044855802
"239926",3.55517488352527,3.48506979994865,3.51802887060046,-0.0329590706518177,-0.0701050835766277,-0.03714601292481
"268722",1.45884726349516,3.29004018290041,2.34557550984706,0.94446467305335,1.83119291940525,0.886728246351899
"293099",3.43933246463089,3.5471631520664,3.49608879845352,0.0510743536128846,0.107830687435509,0.0567563338226247
"29486",1.20599338497039,2.48154143668553,1.75469044663691,0.726850990048614,1.27554805171514,0.548697061666525
"357980",2.12703178955328,2.16358443852188,2.14586061771069,0.0177238208111872,0.036552648968597,0.0188288281574098
"382663",4.10752093427672,3.25468599292408,3.65195046884558,-0.397264475921497,-0.852834941352641,-0.455570465431145
"39272",4.9182065590436,3.07632519027554,3.9466302439714,-0.870305053695865,-1.84188136876806,-0.9715763150722
"42152",2.29469711132444,4.58036573181657,3.4630281020047,1.11733762981187,2.28566862049212,1.16833099068025
"435572",4.98884686119996,4.86288864149641,4.91424867119991,-0.0513600297034946,-0.125958219703544,-0.0745981900000494
"446324",3.09204704308593,3.86500757646222,3.49396415610072,0.371043420361501,0.772960533376287,0.401917113014785
"549122",1.75823294120907,2.79667340264316,2.2793818908836,0.517291511759562,1.0384404614341,0.521148949674536
"556724",8.89761452729793,5.78723760088109,6.71069559042754,-0.923457989546447,-3.11037692641683,-2.18691893687039
"9055",1.01625372529971,1.86800448166177,1.42364490335823,0.444359578303541,0.851750756362062,0.407391178058521
"178861",2.86210063548526,2.50512721590229,2.69207891789684,-0.186951701994545,-0.356973419582968,-0.170021717588424
"573386",3.9180344224712,3.45065889009502,3.66892618741528,-0.218267297320261,-0.467375532376183,-0.249108235055922
"72567",1.42703475517227,3.32716406532236,2.32237616367119,1.00478790165118,1.90012931015009,0.895341408498914
"289150",1.10070584778846,1.39846675742879,1.22357156788354,0.174895189545248,0.297760909640321,0.122865720095073
"211209",0.542818200220168,1.56628946897414,0.884685685993502,0.681603782980634,1.02347126875397,0.341867485773334
"572512",0.812600168195753,1.21039196172926,0.954331649904805,0.256060311824455,0.397791793533507,0.141731481709052
"154464",2.96135849471904,1.84035472286237,2.39252036998659,-0.552165647124224,-1.12100377185667,-0.56883812473245
"468987",1.04385446844359,2.56888124588792,2.01938214258879,0.549499103299126,1.52502677744433,0.975527674145204
"355829",1.02312740307208,1.5772639173737,1.28412263014559,0.29314128722811,0.554136514301624,0.260995227073513
"8376",0.17941358469665,0.95062883752277,0.406854237835951,0.543774599686819,0.77121525282612,0.227440653139302
"229695",4.40455419778629,3.77657516807523,4.0124765849506,-0.235901416875379,-0.627979029711067,-0.392077612835688
"291395",6.01765966852941,4.00704168527441,4.51555084716202,-0.508509161887612,-2.01061798325501,-1.5021088213674
"575148",0.769693420767988,2.21695556087939,1.32980080109345,0.887154759785932,1.4472621401114,0.560107380325466
"486903",2.00464032537337,3.01460180612885,2.47592898950901,0.538672816619849,1.00996148075548,0.471288664135635
"412522",0.343625311127084,1.70208427245407,0.941470188821606,0.760614083632463,1.35845896132698,0.597844877694522
"290001",1.93446894473476,1.77200307499249,1.8610095070659,-0.0890064320734132,-0.162465869742273,-0.0734594376688602
"241916",1.59933309468486,1.04912398129773,1.36575859791216,-0.316634616614428,-0.550209113387128,-0.2335744967727
"199423",0.965032849717695,2.50469065810625,1.64208061602226,0.862610042083994,1.53965780838855,0.677047766304561
"142934",2.49012141101469,1.33605465881325,1.96070174529523,-0.624647086481979,-1.15406675220144,-0.529419665719463
"393414",0.352890557158512,1.62546115720637,0.781388102299102,0.844073054907271,1.27257060004786,0.428497545140591
"71208",1.61367550188014,0.919960993430427,1.36262229928049,-0.442661305850061,-0.693714508449709,-0.251053202599649
"435218",3.73965213018781,1.34800758632154,2.12133977856626,-0.773332192244717,-2.39164454386627,-1.61831235162156
"119521",1.64947267216813,3.09254671694606,2.34088911138068,0.751657605565382,1.44307404477793,0.691416439212546
"175823",2.01731705576215,2.23502355459866,2.12958966092975,0.105433893668907,0.217706498836512,0.112272605167604
"450430",3.33296984149614,2.70000987823009,2.97579844864488,-0.275788570414788,-0.632959963266047,-0.357171392851259
"549373",1.15833244391942,2.24525391803394,1.64853057291032,0.596723345123621,1.08692147411452,0.490198128990901
"154104",0.174753022767343,2.10533749169166,0.95248741761301,1.15285007407865,1.93058446892432,0.777734394845667
"57242",0.511374123540169,2.11895048640169,1.31682662159561,0.80212386480608,1.60757636286152,0.805452498055443
"68774",0.396233203620246,1.71160731237409,0.858400773445745,0.853206538928348,1.31537410875385,0.4621675698255
"535231",0.129868598813186,1.92004972735472,0.696810051596833,1.22323967575789,1.79018112854153,0.566941452783647
"325563",0.57053564965791,1.91929206039638,1.10607912618606,0.813212934210324,1.34875641073847,0.53554347652815
"332608",0.830747607112103,1.37771678593178,1.05943681585536,0.318279970076413,0.546969178819675,0.228689208743262
"402983",1.18793381198399e-08,2.1152154321243,0.886802532225684,1.22841289989862,2.11521542024496,0.886802520346346
"31059",0.596396090908971,2.2651252616021,1.41921764412458,0.845907617477519,1.66872917069313,0.822821553215607
"41089",0.927625798488773,2.00618423813245,1.43683627940749,0.569347958724959,1.07855843964368,0.509210480918717
"153696",1.04574631350415,2.44121783793187,1.80486980291837,0.636348035013498,1.39547152442772,0.759123489414227
"322583",0.540147000407634,1.0342404488433,0.723908698100657,0.310331750742646,0.494093448435669,0.183761697693023
"90742",0.189220057275384,2.18349992216656,0.994454983710255,1.1890449384563,1.99427986489118,0.805234926434871
"572149",5.68777013887582,4.32427253055995,4.67460164413022,-0.350329113570268,-1.36349760831586,-1.01316849474559
"365027",0.422698691690625,2.32764140706124,1.1417049590894,1.18593644797184,1.90494271537061,0.719006267398775
"73522",0.281600451389047,1.40736332271886,0.662380123293532,0.744983199425328,1.12576287132981,0.380779671904485
"178373",1.08949101193632,1.23576298077375,1.14092836711801,0.0948346136557432,0.146271968837434,0.0514373551816909
"19202",2.27534529321333,1.68699778032782,2.01389397493751,-0.326896194609686,-0.588347512885507,-0.261451318275821
"576136",1.18793381198399e-08,1.97416905421878,0.931960301444935,1.04220875277384,1.97416904233944,0.931960289565597
"1272",3.19567703364985,1.57007045244452,2.36040689618634,-0.79033644374182,-1.62560658120534,-0.835270137463517
"445163",1.20366434864784,1.69595426500917,1.39220877517235,0.303745489836821,0.492289916361328,0.188544426524507
"36567",4.44396151947847,2.3410912985163,3.27377613506501,-0.932684836548707,-2.10287022096216,-1.17018538441345
"554403",2.5448395224663,2.10478606873699,2.32821035824752,-0.223424289510533,-0.440053453729307,-0.216629164218773
"458922",1.06706036496223,1.62463157199561,1.28989473426165,0.334736837733961,0.55757120703338,0.222834369299418
"170277",1.00501210195692,1.85174427059402,1.33352544823446,0.518218822359561,0.846732168637104,0.328513346277543
"446456",1.15418828766444,1.67369735188439,1.38874739825835,0.284949953626033,0.51950906421995,0.234559110593917
"578385",3.79077790934774,3.92530663923371,3.87563410344503,0.0496725357886856,0.134528729885975,0.0848561940972892
"224214",0.440291083556928,1.84956033589784,1.03033311099464,0.819227224903207,1.40926925234092,0.590042027437709
"422640",2.57935695037333,3.74871894726396,3.19509069509416,0.5536282521698,1.16936199689063,0.615733744720826
"542004",1.53410451296178,2.15173400700796,1.80419825514837,0.347535751859596,0.617629494046182,0.270093742186586
"180129",0.948021954313873,1.8954254979696,1.40416827450204,0.491257223467563,0.947403543655731,0.456146320188168
"467644",0.234358807047736,1.8447563323425,0.929540338014224,0.915215994328276,1.61039752529476,0.695181530966487
"489587",0.828335087181267,1.5387825816891,1.11860533819356,0.420177243495534,0.710447494507831,0.290270251012298
"38772",2.63803347894572,1.99548624871934,2.31542916930945,-0.319942920590108,-0.642547230226381,-0.322604309636272
"332366",1.17281764882517,1.96796861316825,1.54682878076602,0.421139832402225,0.795150964343083,0.374011131940859
"350180",5.4010580225723,1.6052129923298,3.18289239128999,-1.57767939896019,-3.7958450302425,-2.21816563128231
"469671",0.128980404136891,1.70763823475889,0.677416469245901,1.03022176551299,1.578657830622,0.54843606510901
"45427",1.75999848146326,1.81274406503453,1.78435795732641,0.0283861077081111,0.0527455835712671,0.024359475863156
"315617",0.162938420363242,1.72723349853262,0.689202864604583,1.03803063392804,1.56429507816938,0.526264444241341
"173505",2.02265863467667,2.62200349084887,2.36949271486226,0.252510775986612,0.599344856172205,0.346834080185593
"434512",0.54971686625866,1.30185552001773,0.814754037074068,0.487101482943665,0.752138653759073,0.265037170815408
"93958",0.240991277148175,1.49910112233358,0.670441253085673,0.828659869247906,1.2581098451854,0.429449975937498
"274009",0.932946805866622,3.52679153944839,2.16891614203888,1.35787539740951,2.59384473358177,1.23596933617225
"27850",0.142108766837014,1.4469880702026,0.75930579558704,0.687682274615563,1.30487930336559,0.617197028750026
"542672",2.05182875581369,3.18538340128261,2.59468142898266,0.590701972299951,1.13355464546893,0.542852673168977
"500833",0.532349162168678,1.48139783016954,0.862892090352472,0.618505739817072,0.949048668000866,0.330542928183794
"120567",0.354558189191014,1.61570873512726,0.752868519722383,0.862840215404881,1.26115054593625,0.398310330531369
"116530",1.24371543687825,2.37495170552243,1.74919715213948,0.62575455338295,1.13123626864418,0.505481715261233
"70340",1.41784389408491,2.28154295706263,1.87583357676083,0.4057093803018,0.86369906297772,0.45798968267592
"507885",1.15163946631721,1.5704132969542,1.31782936693161,0.25258393002259,0.418773830636987,0.166189900614397
"478671",4.05295422509076,2.03796656388521,3.07717606650234,-1.03920950261713,-2.01498766120555,-0.975778158588426
"401092",0.267521392688208,2.17319969537448,1.02389565115591,1.14930404421857,1.90567830268627,0.756374258467705
"40262",1.59736252189174,2.40300219656522,1.94396328863904,0.459038907926176,0.80563967467348,0.346600766747304
"83814",1.03231770076927,2.51845327829203,1.82277996948215,0.695673308809881,1.48613557752276,0.790462268712878
"423810",1.00222475748191,1.24369555531585,1.08652741058629,0.157168144729558,0.241470797833935,0.0843026531043776
"503668",2.22283659239654,1.89974329383833,2.08171886786857,-0.181975574030238,-0.323093298558209,-0.141117724527971
"346029",1.79182986869568,1.64534720692557,1.72486666153159,-0.0795194546060141,-0.146482661770104,-0.0669632071640895
"534410",2.7522287763656,3.37186242786202,3.08516860173922,0.286693826122805,0.619633651496425,0.33293982537362
"513538",0.100312310684011,1.91812923007049,0.705742585872351,1.21238664419814,1.81781691938648,0.60543027518834
"38945",0.562053230408724,0.812748937386587,0.637842870002985,0.174906067383602,0.250695706977864,0.0757896395942618
"511094",1.71514464322986,1.7974275187008,1.75128815913926,0.0461393595615376,0.0822828754709397,0.0361435159094021
"88969",0.280238801165565,1.4085580728064,0.667619789268377,0.740938283538019,1.12831927164083,0.387380988102812
"391677",0.397476288399468,1.47962516149348,0.775614284317798,0.704010877175681,1.08214887309401,0.37813799591833
"279108",1.07517798935873,1.49129648346028,1.2434038077688,0.247892675691478,0.416118494101554,0.168225818410076
"174771",2.26695561398734,2.77447853338002,2.50853678512457,0.265941748255448,0.50752291939268,0.241581171137232
"116878",2.32363186682697,2.57521849214199,2.47389569723919,0.101322794902795,0.251586625315014,0.150263830412219
"557043",1.01146741337871,2.25936678566834,1.47350473386844,0.785862051799904,1.24789937228963,0.462037320489731
"83187",6.40803487059706,1.79096055709623,3.78538100906675,-1.99442045197052,-4.61707431350083,-2.62265386153031
"218499",2.93481216454289,1.7759402173844,2.34315797454717,-0.567217757162769,-1.15887194715849,-0.591654189995721
"314197",0.665734478140112,1.91228119676957,1.17192897254636,0.740352224223203,1.24654671862945,0.50619449440625
"21995",0.489797128776773,1.1640801175531,0.735965848840863,0.428114268712236,0.674282988776326,0.24616872006409
"349551",0.86939059984641,3.45698494226113,2.11901869561851,1.33796624664262,2.58759434241472,1.2496280957721
"233964",1.37077781521081,2.39707123697286,1.90473415406474,0.492337082908116,1.02629342176205,0.533956338853933
"344805",4.35762549642405,1.7001325342563,3.03237263339681,-1.33224009914052,-2.65749296216775,-1.32525286302724
"554624",0.348223922528152,1.17488007300308,0.654341141853197,0.520538931149881,0.826656150474927,0.306117219325045
"330632",2.58821418428167,1.59614415936965,2.14766104062941,-0.551516881259762,-0.992070024912024,-0.440553143652262
"277777",0.573242641729383,1.37319913052341,0.856507956128625,0.516691174394781,0.799956488794022,0.283265314399242
"80168",0.523752307078837,1.22623313503759,0.781300089664935,0.444933045372656,0.702480827958753,0.257547782586097
"426790",1.75692515819975,1.43160936954563,1.60269626348116,-0.171086893935537,-0.32531578865412,-0.154228894718583
"17643",0.70397382041361,1.01351634491935,0.816719959966562,0.196796384952792,0.309542524505744,0.112746139552952
"261878",4.64672980170293,1.60982709411789,3.12952012176946,-1.51969302765158,-3.03690270758505,-1.51720967993347
"538566",0.532073829796333,2.08932452593885,1.31533237468815,0.773992151250699,1.55725069614252,0.78325854489182
"179921",1.89192245160716,3.06837250743027,2.43775380503857,0.630618702391696,1.17645005582311,0.545831353431413
"270621",0.896093311595683,3.50880968057763,2.14690096978267,1.36190871079496,2.61271636898195,1.25080765818699
"460750",4.76946346915623,3.84309492189622,4.19591917449634,-0.352824252600126,-0.926368547260017,-0.573544294659891
"458211",0.983149893717195,1.65588172804895,1.20815688559077,0.447724842458173,0.672731834331751,0.225006991873578
"386639",2.00090064429255,1.08784780490409,1.62567667209741,-0.537828867193323,-0.913052839388468,-0.375223972195145
"153075",0.570295803769438,2.26736523867316,1.39335588964119,0.874009349031965,1.69706943490372,0.823060085871756
"433728",1.17801076246383,0.89526511272864,1.09178245744916,-0.196517344720523,-0.282745649735193,-0.0862283050146695
"26870",0.404558402914293,1.40819010048216,0.759191013237264,0.648999087244899,1.00363169756787,0.354632610322972
"30884",6.84933043062524,2.247934220571,3.88368758427267,-1.63575336370168,-4.60139621005424,-2.96564284635257
"141187",1.53186078589173,2.36597477994451,1.98141621633184,0.384558563612664,0.834113994052778,0.449555430440113
"191990",6.26712272839378,3.46695913915632,4.55063388434629,-1.08367474518997,-2.80016358923746,-1.71648884404749
"320728",1.41127815139291,2.24042746824573,1.77859882360868,0.461828644637044,0.829149316852818,0.367320672215774
"526493",3.23345345441303,3.43371512675955,3.33829920081144,0.0954159259481062,0.200261672346513,0.104845746398407
"389633",1.10890032139647,1.38987027147605,1.22376817795331,0.166102093522745,0.280969950079578,0.114867856556832
"126000",0.601906659283094,1.85234706198316,1.10473252716964,0.747614534813522,1.25044040270007,0.502825867886545
"200263",1.13245399090474,0.913503942468484,1.05294431583438,-0.139440373365894,-0.218950048436251,-0.0795096750703572
"406902",2.18562194349765,2.98243119282843,2.56562443895869,0.416806753869741,0.796809249330781,0.380002495461039
"556737",5.2159773878882,4.58319383102415,4.74322173084949,-0.160027899825342,-0.632783556864053,-0.472755657038712
"559453",3.42172550177213,3.17558702838468,3.28973645836704,-0.114149429982356,-0.246138473387452,-0.131989043405096
"79572",0.870174710201906,2.35905236587321,1.41734421641487,0.941708149458337,1.4888776556713,0.547169506212967
"533718",0.64077294926731,1.06595509144713,0.795607502899677,0.270347588547456,0.425182142179823,0.154834553632367
"6612",1.35545497724318,3.02136792579301,2.1901482734899,0.831219652303115,1.66591294854984,0.834693296246722
"165513",5.57207732358364,4.38273982450359,4.68556025828874,-0.302820433785143,-1.18933749908005,-0.886517065294904
"346744",3.37383161364723,2.06254422871252,2.73343179529015,-0.67088756657763,-1.31128738493471,-0.64039981835708
"366332",1.08192389313238,3.68581566514328,2.27981074489649,1.40600492024679,2.6038917720109,1.19788685176411
"425778",2.12567261853747,2.89521378686933,2.49180027293674,0.403413513932586,0.769541168331858,0.366127654399272
"573960",0.822736024065709,2.3894805062991,1.40845353351864,0.981026972780457,1.56674448223339,0.58571750945293
"436068",1.47506167187343,0.770985316702389,1.25453203170614,-0.483546715003751,-0.704076355171043,-0.220529640167292
"239793",0.678256767210637,1.57673257631835,1.0534209840382,0.523311592280145,0.898475809107712,0.375164216827567
"399526",0.204542301213952,1.90997822432917,0.946389220879789,0.963589003449378,1.70543592311521,0.741846919665837
"567182",0.635018164931471,1.55168619214187,1.02451303950531,0.527173152636562,0.916668027210397,0.389494874573835
"222004",3.83013424299443,3.220430915975,3.50409658731265,-0.283665671337643,-0.609703327019425,-0.326037655681782
"3458",9.17000721435878,5.54229594404803,6.60669177964481,-1.06439583559678,-3.62771127031075,-2.56331543471398
"353258",2.1642862613573,3.07715887641292,2.59856236839513,0.478596508017791,0.912872615055625,0.434276107037834
"392337",2.30129192544862,2.92028288133892,2.59585319554182,0.324429685797102,0.618990955890304,0.294561270093202
"452860",0.8260642910289,2.40208352340208,1.56075710940161,0.841326414000467,1.57601923237318,0.734692818372709
"65029",0.622489583918299,1.64677604660873,1.03907345937176,0.607702587236979,1.02428646269044,0.416583875453457
"283700",1.5178652648752,2.51147486397436,2.01337609828949,0.498098765684873,0.993609599099163,0.49551083341429
"472507",0.982705576101767,1.92607710512805,1.43597308728397,0.490104017844079,0.943371529026284,0.453267511182204
"188328",0.272874329504667,1.45855026236488,0.677600708660149,0.780949553704729,1.18567593286021,0.404726379155483
"459303",1.11530437859551,1.79531894770502,1.44200927757974,0.353309670125276,0.68001456910951,0.326704898984234
"198770",3.80227136711701,2.33932122254666,2.98385710747401,-0.64453588492735,-1.46295014457035,-0.818414259642998
"202006",4.01450716503224,2.18150842040559,2.98447288805747,-0.802964467651882,-1.83299874462665,-1.03003427697477
"564133",0.645709396814062,1.29945923147604,0.876894768776659,0.422564462699381,0.653749834661978,0.231185371962597
"90184",1.32521211894792,2.82846701748854,2.21059234736144,0.6178746701271,1.50325489854063,0.885380228413525
"413936",3.43395119992685,0.950479465155522,2.25015950742564,-1.29968004227012,-2.48347173477133,-1.18379169250121
"199086",0.927664425677925,1.67155971662718,1.21753190371903,0.454027812908153,0.743895290949258,0.289867478041106
"282173",3.98940012013966,2.71058234029716,3.28907353648843,-0.578491196191264,-1.27881777984249,-0.70032658365123
"499723",1.63408907988899,2.72443528519956,2.17762995328774,0.546805331911824,1.09034620531057,0.543540873398744
"93408",6.48801288564565,3.36838173024524,4.56231763895972,-1.19393590871447,-3.11963115540041,-1.92569524668593
"327657",0.56807174303672,1.5210856563209,0.971018474683926,0.550067181636976,0.953013913284182,0.402946731647206
"107389",2.17563133846585,3.91405431747467,3.09685937365061,0.817194943824054,1.73842297900882,0.921228035184768
"22612",0.999861434944115,2.21482627252949,1.55498407313695,0.659842199392543,1.21496483758538,0.555122638192832
"395956",1.05716103010846,3.49501628601902,2.20935964358585,1.28565664243318,2.43785525591057,1.15219861347739
"334882",1.00899361347725,1.34238636577731,1.12091040258458,0.221475963192727,0.333392752300062,0.111916789107335
"37462",4.63232815218776,4.01250573205668,4.25156375479542,-0.239058022738742,-0.619822420131083,-0.38076439739234
"69780",1.77423588060652,2.75055483523891,2.25012031765927,0.500434517579638,0.976318954632387,0.475884437052749
"118398",0.613098829489937,1.24760135253279,0.840286337920269,0.407315014612519,0.634502523042852,0.227187508430333
"90347",2.72190528208205,0.851125846455631,1.92889067542283,-1.0777648289672,-1.87077943562642,-0.793014606659223
"567375",2.06051348708526,1.46124979711314,1.82807155336588,-0.366821756252733,-0.599263689972115,-0.232441933719382
"160888",0.102277841303081,1.46158126303301,0.560369907027934,0.901211356005077,1.35930342172993,0.458092065724853
"227545",3.48451006826468,3.29778866191648,3.38472135878822,-0.0869326968717399,-0.186721406348198,-0.0997887094764578
"528506",1.02596634229898,1.93630915088721,1.4581197954532,0.478189355434003,0.910342808588226,0.432153453154223
"439578",3.54364111491165,1.87614821232823,2.72156347601998,-0.845415263691747,-1.66749290258342,-0.822077638891674
"7237",1.18593815322768,1.84966489202374,1.43678429406011,0.412880597963635,0.663726738796066,0.250846140832431
"196502",8.20576028989681,2.55836044008599,4.63638757306019,-2.07802713297421,-5.64739984981082,-3.56937271683662
"36051",3.2894321681358,4.3175684060096,3.93865593500588,0.378912471003716,1.0281362378738,0.649223766870081
"444531",1.26517904986631,1.1516266256415,1.21631900866517,-0.0646923830236732,-0.113552424224811,-0.0488600412011382
"273665",0.991319459865233,1.58440151428184,1.2248310474692,0.359570466812646,0.593082054416608,0.233511587603963
"455360",0.177133255964381,2.16905275077166,1.00540502182265,1.163647728949,1.99191949480727,0.828271765858269
"52149",1.30941893464288,1.70476692884072,1.49734610500769,0.207420823833028,0.39534799419784,0.187927170364812
"352737",1.89937221703956,1.59710215221419,1.76087964298327,-0.163777490769074,-0.302270064825369,-0.138492574056295
"307907",1.61478200273595,2.26345997632052,1.94991278298055,0.313547193339965,0.648677973584572,0.335130780244608
"568012",0.457106119445638,2.1280316372547,1.11612744781278,1.01190418944193,1.67092551780907,0.659021328367139
"446936",0.335375537311762,1.52184135103611,0.76020533697314,0.761636014062965,1.18646581372434,0.424829799661378
"574428",0.547886061034233,2.22154211850047,1.32425908041225,0.897283038088224,1.67365605746624,0.776373019378013
"239333",0.24145031705943,2.36601586462366,1.33301628089749,1.03299958372617,2.12456554756423,1.09156596383806
"341076",1.07189226086493,1.74013942661563,1.33370928029535,0.406430146320282,0.668247165750702,0.261817019430421
"351672",0.706135459729418,1.49215893402723,1.03545575804308,0.456703175984157,0.786023474297816,0.329320298313659
"422373",0.617036247895951,2.15336672764003,1.22473950235206,0.928627225287968,1.53633047974408,0.607703254456112
"540796",0.26004016645373,1.58790219297642,0.715704571506112,0.872197621470304,1.32786202652269,0.455664405052382
"521507",0.438158084982179,2.29851529129345,1.38683042775386,0.91168486353959,1.86035720631127,0.948672342771681
"350080",4.34479997413485,1.88245891112823,3.14200426610805,-1.25954535497983,-2.46234106300663,-1.2027957080268
"176762",4.06987130370965,2.13781827080574,3.00041371786562,-0.862595447059885,-1.93205303290391,-1.06945758584403
"443603",2.19943308391016,2.10423951291879,2.15026206986514,-0.0460225569463555,-0.0951935709913707,-0.0491710140450152
"82055",1.72757687354322,2.61819895071133,2.17970517571884,0.438493774992484,0.890622077168109,0.452128302175624
"130894",0.266061254250949,1.25106836244276,0.641420562071725,0.609647800371036,0.985007108191812,0.375359307820776
"158638",0.625088485026704,1.74350006722722,1.09906410932088,0.644435957906341,1.11841158220051,0.473975624294174
"151773",0.601730725723599,1.60694066960068,1.02734784833139,0.579592821269293,1.00520994387708,0.425617122607787
"145601",0.69597968760661,1.58401509557628,1.06277312700369,0.521241968572597,0.888035407969674,0.366793439397077
"95964",0.855566181182441,1.46223906428183,1.10723224910055,0.355006815181276,0.606672883099387,0.251666067918111
"176673",1.18414189757985,1.71821486798667,1.44439443852634,0.273820429460322,0.534072970406817,0.260252540946495
"251172",2.52083677858183,1.93706750868234,2.21936870159062,-0.282301192908284,-0.583769269899487,-0.301468076991203
"276908",2.69978453601549,4.02761779231849,3.38896996432977,0.63864782798872,1.32783325630299,0.689185428314275
"92712",10,5.20414554209448,7.7500092551737,-2.54586371307921,-4.79585445790552,-2.2499907448263
"237867",0.313876879266064,1.61971511044343,0.738122439619129,0.881592670824302,1.30583823117737,0.424245560353065
"3354",0.71201831308854,0.74979500583346,0.717752850150472,0.0320421556829874,0.0377766927449198,0.00573453706193239
"114267",1.52210437426802,2.72491186832129,2.25909554312784,0.465816325193452,1.20280749405328,0.736991168859825
"154179",0.290032080662612,1.36246135060686,0.64579194255239,0.716669408054469,1.07242926994425,0.355759861889779
"212006",0.998366283102264,2.29660829885132,1.57688587821222,0.719722420639109,1.29824201574906,0.578519595109952
"195467",2.33364774431984,2.13799989755859,2.23398696664127,-0.0959870690826814,-0.195647846761251,-0.0996607776785701
"499872",2.42463868291768,2.69106606933054,2.55069745131667,0.140368618013866,0.266427386412855,0.126058768398989
"89045",3.76293570934909,1.61466083333346,2.67377233491703,-1.05911150158357,-2.14827487601563,-1.08916337443207
"447857",1.3346208019301,2.56792991887081,1.94502216546996,0.622907753400851,1.23330911694071,0.610401363539861
"140279",2.14341421710697,1.43880294915311,1.81725382624988,-0.37845087709677,-0.704611267953855,-0.326160390857085
"450790",1.25465463075422,1.93236855477902,1.57056767295704,0.361800881821978,0.677713924024803,0.315913042202825
"287107",0.974427700587014,0.791394409283061,0.905393280769218,-0.113998871486157,-0.183033291303953,-0.0690344198177961
"337821",2.20270853344494,1.74310152787491,1.9978622961852,-0.254760768310286,-0.459607005570032,-0.204846237259745
"203183",1.33059609628063,1.60706504731261,1.44022730946508,0.166837737847524,0.276468951031972,0.109631213184448
"333147",0.593675807140765,1.87666138302675,1.10180629262073,0.774855090406014,1.28298557588598,0.50813048547997
"92028",0.856909371141713,2.56494843874122,1.78834033047723,0.776608108263986,1.7080390675995,0.931430959335519
"22547",1.76965865566631,2.22363562537329,1.96410381080777,0.259531814565528,0.453976969706986,0.194445155141458
"569076",0.81156561580957,1.22244712472505,0.990809271786914,0.231637852938135,0.410881508915478,0.179243655977344
"127566",10,4.89614245316492,10,-5.10385754683508,-5.10385754683508,0
"234280",10,4.50354207233274,8.61580461914958,-4.11226254681684,-5.49645792766726,-1.38419538085042
"349776",10,4.61561929797068,8.51458571825731,-3.89896642028663,-5.38438070202932,-1.48541428174269
"345066",0.723651637709977,1.79433728338248,1.15166695711113,0.64267032627135,1.0706856456725,0.428015319401152
"186808",0.138726260960225,1.3494576457642,0.548930445201891,0.800527200562313,1.21073138480398,0.410204184241666
"117142",3.35489172523319,2.18840388807039,2.78820934519972,-0.599805457129329,-1.16648783716281,-0.566682380033479
"578125",1.35990132728125,1.39874800461291,1.37461054104368,0.0241374635692309,0.0388466773316609,0.0147092137624301
"424311",3.09008192046975,2.76394071256421,2.91155771524521,-0.147617002680999,-0.326141207905537,-0.178524205224537
"211259",0.859947286398911,1.75809474309439,1.21658461281856,0.541510130275833,0.898147456695479,0.356637326419647
"308990",1.88308275111289,2.5311150657402,2.28813524553111,0.242979820209098,0.648032314627318,0.405052494418219
"45919",0.179582017388198,1.95046598130262,0.934124170526708,1.01634181077591,1.77088396391442,0.75454215313851
"574133",1.02304675441105,1.61138356025746,1.25562703590119,0.355756524356273,0.58833680584641,0.232580281490137
"118743",0.393330907830704,0.94107909447417,0.552283947782434,0.388795146691737,0.547748186643466,0.15895303995173
"425265",2.04716859073819,1.33053721660383,1.76026633591236,-0.429729119308531,-0.716631374134364,-0.286902254825833
"470705",0.406471086702904,1.49195058782892,0.765736028642492,0.72621455918643,1.08547950112602,0.359264941939587
"555803",0.37276871970377,1.22350999170703,0.683329514343277,0.540180477363749,0.850741272003256,0.310560794639507
"539580",1.45266415021855,2.25839864034632,1.80852875828727,0.44986988205905,0.805734490127774,0.355864608068724
"195461",0.912675459809304,2.14844676094451,1.4870173055361,0.66142945540841,1.23577130113521,0.574341845726797
"198203",2.06192050309081,2.72215998113688,2.37960653645143,0.342553444685442,0.660239478046071,0.317686033360628
"280707",0.674721512302501,2.26659145837375,1.43347138415036,0.833120074223388,1.59186994607125,0.758749871847859
"217413",2.33153580171761,2.45577509066222,2.39320068722375,0.062574403438465,0.124239288944605,0.0616648855061399
"570453",1.76031286100215,2.5310102210415,2.15646157210465,0.374548648936849,0.770697360039355,0.396148711102506
"97677",1.05847473970316,2.2756115992158,1.62151880243915,0.654092796776655,1.21713685951264,0.563044062735982
"138641",0.0270478633717192,2.28978015156559,0.997934572201054,1.29184557936453,2.26273228819387,0.970886708829335
"279934",0.248526821842263,2.40227327094813,1.11042405100763,1.29184921994051,2.15374644910587,0.861897229165364
"414982",1.9535983131139,3.38291117225596,2.63112441849712,0.751786753758839,1.42931285914206,0.677526105383218
"338323",1.4879947696863,2.80626839906489,2.29303359819638,0.513234800868507,1.31827362937859,0.805038828510085
"218521",0.927287180913465,1.00250092149039,0.949657720699323,0.0528432007910716,0.0752137405769294,0.0223705397858578
"274337",2.21949526607113,2.27807846116106,2.24916541635009,0.0289130448109693,0.0585831950899336,0.0296701502789642
"43370",4.44268332213734,4.61186055322722,4.5436769425801,0.0681836106471208,0.169177231089884,0.100993620442763
"96256",5.98280139655476,3.64866179920891,4.5454641747628,-0.896802375553888,-2.33413959734585,-1.43733722179196
"438079",1.35381091309325,2.15478944544664,1.71454499748693,0.440244447959715,0.80097853235339,0.360734084393675
"443909",1.44721089680224,2.84045331648605,2.10742013499437,0.733033181491676,1.3932424196838,0.660209238192129
"563109",0.478362900900498,1.29067230467238,0.777890291514635,0.512782013157742,0.812309403771878,0.299527390614136
"563624",1.33269432407408,1.42842488535564,1.37250872427725,0.0559161610783949,0.0957305612815658,0.0398144002031708
"253607",0.314680556741938,2.05356336958963,1.06791800967224,0.985645359917393,1.73888281284769,0.753237452930301
"129658",1.32710673978536,1.961519009408,1.56372948160552,0.397789527802485,0.63441226962264,0.236622741820155
"216342",0.527294496703341,1.78266259913564,1.07665899634874,0.706003602786897,1.2553681024323,0.5493644996454
"56090",2.819243044457,3.56004391897479,3.2099494896963,0.350094429278485,0.740800874517793,0.390706445239309
"351795",1.31733305926364,1.49922386407461,1.37799964846504,0.121224215609567,0.181890804810962,0.0606665892013947
"548774",4.13438337724225,1.86866404550115,3.02320662582331,-1.15454258032217,-2.26571933174111,-1.11117675141894
"394697",3.06513060343719,1.57613389602013,2.40944381105552,-0.833309915035388,-1.48899670741706,-0.655686792381675
"163139",0.2464882029748,1.2155817567228,0.571566137380678,0.644015619342124,0.969093553748001,0.325077934405877
"503593",2.8514882982575,2.31654406584668,2.59058161541874,-0.274037549572059,-0.534944232410814,-0.260906682838755
"212532",0.257308702623065,1.3634590387113,0.675429403640995,0.688029635070309,1.10615033608824,0.418120701017929
"194867",0.863926372599473,1.26640807314626,1.00633246780808,0.260075605338183,0.402481700546792,0.142406095208609
"246806",3.1416549370159,1.38094941513229,2.34681815306196,-0.965868737929677,-1.76070552188362,-0.79483678395394
"18017",0.173068744606737,1.51299768696581,0.604041218946053,0.908956468019754,1.33992894235907,0.430972474339316
"208268",0.571155577293832,1.61838595774647,0.930805268052261,0.687580689694206,1.04723038045263,0.359649690758429
"83398",0.471254774150225,2.00039089271727,1.06235565152472,0.93803524119255,1.52913611856705,0.591100877374495
"406152",0.517944952970977,2.58494546448947,1.69169457250518,0.893250891984292,2.06700051151849,1.1737496195342
"487266",0.363866468097698,1.08090468712711,0.63618882295648,0.444715864170627,0.717038219029409,0.272322354858782
"162127",0.596778800184699,1.81166206524666,0.972934989784789,0.838727075461869,1.21488326506196,0.37615618960009
"241785",1e-08,2.05600605788122,0.898357116575893,1.15764894130533,2.05600604788122,0.898357106575893
"422403",4.16582252848359,3.56439711192447,3.78376171356588,-0.219364601641408,-0.601425416559114,-0.382060814917705
"452750",0.740586700742893,1.34278189707288,1.00428559785215,0.338496299220723,0.602195196329982,0.26369889710926
"67477",2.69938124955388,3.24618338013312,2.99250057637847,0.25368280375465,0.546802130579242,0.293119326824591
"399246",1.43514308481187,0.944165778278341,1.25429095542922,-0.310125177150884,-0.490977306533525,-0.180852129382641
"208742",1.30874865607435,1.7547928912069,1.51797104366362,0.23682184754328,0.446044235132549,0.209222387589268
"154281",1.52456321022832,2.12077428090001,1.82756073845057,0.29321354244944,0.596211070671683,0.302997528222244
"84143",0.450586609627414,1.75197188724462,0.999068669293926,0.752903217950695,1.30138527761721,0.548482059666512
"167874",0.400187665747726,2.31068993783176,1.35726128082658,0.953428657005177,1.91050227208403,0.957073615078853
"269494",1.93471663872499,2.09475163415764,2.00366074857087,0.0910908855867678,0.160034995432644,0.0689441098458761
"45966",0.235484242706916,0.916884896468012,0.432792643456557,0.484092253011455,0.681400653761096,0.197308400749641
"481952",2.35045388212771,2.68970222346406,2.51636259871047,0.173339624753589,0.339248341336345,0.165908716582756
"392893",0.538416608123014,1.98349926120632,1.12990617108009,0.853593090126226,1.4450826530833,0.591489562957076
"23013",1.28891426488669,2.09999127555585,1.65779360922592,0.442197666329931,0.81107701066916,0.368879344339229
"30780",1.47826296163988,3.1667476714389,2.27579084597137,0.890956825467532,1.68848470979902,0.797527884331493
"399417",3.08879956993116,3.34848324700677,3.22705235346647,0.121430893540299,0.259683677075611,0.138252783535312
"402100",2.66802580577379,1.65826638268606,2.22269664129805,-0.564430258611987,-1.00975942308773,-0.445329164475742
"196580",0.317860526484503,0.936297975802836,0.50227817853814,0.434019797264696,0.618437449318333,0.184417652053637
"236065",1.88887734141581,1.67597626203289,1.7908449872338,-0.114868725200914,-0.21290107938292,-0.0980323541820063
"57789",0.625278577454985,1.07235305636079,0.750465050069042,0.321888006291744,0.447074478905801,0.125186472614057
"117589",0.541297398375352,1.82860644430995,1.06435915331868,0.764247290991269,1.28730904593459,0.523061754943325
"131490",0.32979127998082,2.15828407474364,1.08767298384329,1.07061109090035,1.82849279476282,0.757881703862475
"502578",1.93274047765084,1.4045646998777,1.72249046647252,-0.317925766594815,-0.528175777773134,-0.210250011178319
"356601",1.37663299056023,1.31974365159083,1.35104537391185,-0.0313017223210157,-0.0568893389693925,-0.0255876166483768
"210340",0.454296154372387,2.1298877683898,1.13588191557141,0.994005852818391,1.67559161401741,0.681585761199024
"260319",0.698531743262737,2.49959721448913,1.52462220883298,0.974975005656156,1.8010654712264,0.826090465570241
"54698",1.68602079394331,2.52025197203623,2.11006471813677,0.410187253899458,0.834231178092915,0.424043924193457
"113468",5.37000029898546,4.14554462417336,4.63378897337186,-0.488244349198508,-1.2244556748121,-0.736211325613596
"130155",10,5.26415288972792,7.63368732391756,-2.36953443418964,-4.73584711027208,-2.36631267608244
"566386",0.935662216275034,1.42695904931172,1.14237697775064,0.284582071561079,0.491296833036682,0.206714761475603
"474812",3.01127104870919,2.46282890350587,2.74667700804067,-0.283848104534801,-0.548442145203322,-0.264594040668521
"427056",1.50586992373526,2.7625248000698,2.13497252132929,0.62755227874051,1.25665487633454,0.629102597594032
"177391",0.581295276140296,2.00880868676399,1.30840284804282,0.700405838721173,1.4275134106237,0.727107571902526
"474764",0.832870891003239,2.25828886363291,1.50056272025724,0.757726143375667,1.42541797262967,0.667691829254001
"214901",2.1268784888464,2.12074400136974,2.1238253134146,-0.00308131204486628,-0.00613448747666201,-0.00305317543179573
"171070",0.374093130362624,2.13015857510518,1.05839405257016,1.07176452253503,1.75606544474256,0.684300922207533
"372209",0.511798263339685,1.66563620378867,1.0058043985638,0.65983180522487,1.15383794044898,0.494006135224114
"38415",1.57323928287643,2.38645130770413,1.92384832285806,0.462602984846069,0.81321202482769,0.350609039981621
"260791",0.216519297531218,1.75967167094502,0.720042958351613,1.0396287125934,1.5431523734138,0.503523660820396
"387552",0.278852342844453,2.40281457188161,1.27396993481372,1.12884463706789,2.12396222903716,0.995117591969266
"81210",1.72020549095814,2.52227986501242,2.11901326736188,0.403266597650536,0.802074374054277,0.398807776403741
"351536",1.0298508690742,1.71356568468235,1.30570225264171,0.407863432040635,0.683714815608149,0.275851383567513
"458591",0.507856974821416,1.33635737661159,0.801659521708748,0.534697854902845,0.828500401790176,0.293802546887331
"317373",0.790236057440357,1.22517361344715,0.915331058893194,0.309842554553954,0.434937556006791,0.125095001452836
"486346",0.48179123082592,1.30317988797044,0.778855357230705,0.524324530739737,0.821388657144521,0.297064126404785
"444292",1.06867259009841,2.67144769907226,1.89940816949306,0.772039529579194,1.60277510897385,0.830735579394651
"517047",0.567934298374167,2.05710174380003,1.17463790816473,0.882463835635301,1.48916744542587,0.606703609790564
"578306",1.94944912433427,1.02282235783206,1.56227056356993,-0.539448205737868,-0.926626766502205,-0.387178560764337
"246924",0.796171121740014,1.2441669273439,0.953488002839438,0.290678924504461,0.447995805603885,0.157316881099424
"485849",0.459360058981415,2.02936931594258,1.07721468781657,0.952154628126009,1.57000925696117,0.617854628835158
"312724",4.70080151196523,2.7000511126222,3.60431199990014,-0.904260887277939,-2.00075039934302,-1.09648951206509
"347363",1.69633230972038,2.21083024373967,1.92051143034601,0.29031881339366,0.514497934019299,0.22417912062564
"418025",1.56469637606481,1.88733523248498,1.71120148289963,0.176133749585351,0.322638856420171,0.146505106834819
"444353",2.25316758372128,1.64800067684828,1.98446250102569,-0.33646182417741,-0.605166906872996,-0.268705082695586
"566845",4.77436787754776,2.23106554531989,3.36548029092175,-1.13441474560186,-2.54330233222787,-1.40888758662601
"67617",1.1240493455956,1.66098767121565,1.33774558896809,0.323242082247553,0.53693832562005,0.213696243372498
"487136",0.469614094530357,1.73244591782167,0.890110411270933,0.842335506550741,1.26283182329132,0.420496316740576
"577207",0.845518191411569,0.895609792477384,0.860333878050429,0.0352759144269547,0.0500916010658152,0.0148156866388606
"472755",1.14154443879288,1.84341214392067,1.40725560061236,0.43615654330831,0.701867705127786,0.265711161819476
"355938",1.63844324979571,3.4096129014103,2.46060730985542,0.949005591554879,1.77116965161459,0.822164060059711
"161253",0.777796824474247,2.52481610045803,1.57298837260522,0.951827727852815,1.74701927598378,0.795191548130969
"229849",0.955651018399873,3.45876999037512,2.14156802948486,1.31720196089026,2.50311897197525,1.18591701108499
"314301",0.541263862620116,1.68268919120937,1.01758330540886,0.665105885800509,1.14142532858925,0.476319442788743
"427054",2.33832782048488,2.72734852893438,2.52713367299092,0.200214855943462,0.389020708449507,0.188805852506045
"309099",0.130211821103625,1.29621910658342,0.503576729375516,0.792642377207907,1.1660072854798,0.373364908271891
"364988",0.60248281925485,2.23004255193318,1.33845498345996,0.891587568473211,1.62755973267833,0.735972164205115
"354488",0.0748033088915116,1.47211359309599,0.546916326619206,0.925197266476786,1.39731028420448,0.472113017727694
"51687",0.721859755098755,2.07694588334658,1.36896749367511,0.707978389671473,1.35508612824782,0.64710773857635
"96223",1.66053534596799,0.919899138714169,1.39308402377159,-0.47318488505742,-0.740636207253816,-0.267451322196396
"488273",1.04269497743278,1.95061436889881,1.46946019376014,0.481154175138679,0.907919391466036,0.426765216327357
"151710",0.993485030948588,2.14354943757014,1.52027766753466,0.62327177003548,1.15006440662155,0.526792636586075
"189951",0.0998460015847687,1.50295384371708,0.566789690197615,0.936164153519467,1.40310784213231,0.466943688612846
"439616",3.89412167910584,2.17417730177829,3.07210574133025,-0.897928439551958,-1.71994437732755,-0.822015937775596
"419369",3.35511421954841,1.55048060594025,2.56067127442243,-1.01019066848219,-1.80463361360816,-0.794442945125976
"117742",0.124303579532481,1.71842847986584,0.640714239377357,1.07771424048848,1.59412490033336,0.516410659844876
"139858",5.25056869468041,2.37937205291513,3.66039743657281,-1.28102538365769,-2.87119664176528,-1.59017125810759
"546118",0.402414423231283,2.76041509344354,1.69003977972592,1.07037531371762,2.35800067021226,1.28762535649464
"461100",0.304006432280134,1.73510862435821,0.772388317029136,0.96272030732907,1.43110219207807,0.468381884749003
"431663",1.14942176946392,3.30769773107197,2.17480351090044,1.13289422017153,2.15827596160805,1.02538174143652
"78839",1.40145439655889,3.31264196373908,2.32288099259834,0.989760971140739,1.91118756718018,0.921426596039445
"552268",0.81759934830511,1.72374783732301,1.17938265311762,0.544365184205388,0.9061484890179,0.361783304812513
"303870",1.34395326240884,2.01254731905001,1.64906170047037,0.363485618579638,0.668594056641166,0.305108438061528
"203810",4.96510813255538,1.3668274799741,3.12605237866621,-1.75922489869211,-3.59828065258128,-1.83905575388917
"460113",0.680206702077621,2.02584339985861,1.34175956528422,0.684083834574385,1.34563669778099,0.661552863206602
"416767",0.758750987977173,2.11855517569673,1.4158780460972,0.70267712959953,1.35980418771955,0.657127058120023
"42123",10,3.5763251408385,7.02928250920224,-3.45295736836375,-6.4236748591615,-2.97071749079776
"72447",0.631154480964525,1.20493279592398,0.835400886010298,0.369531909913683,0.573778314959457,0.204246405045773
"487926",0.38696911281699,2.45448318858974,1.40632866244256,1.04815452614717,2.06751407577275,1.01935954962557
"182687",0.346805179496872,1.65054697007367,0.802301994190881,0.848244975882787,1.3037417905768,0.455496814694009
"9321",1.1173479474239,1.4416412270862,1.251493963625,0.190147263461199,0.324293279662304,0.134146016201105
"202465",0.95107335048987,1.56160828760782,1.19695270102618,0.364655586581637,0.610534937117945,0.245879350536308
"515516",1.85394339867998,2.03563843311345,1.93241711984698,0.103221313266463,0.181695034433466,0.0784737211670032
"295618",0.575995512211996,1.8751760284366,1.09667977683708,0.778496251599516,1.2991805162246,0.520684264625082
"389603",2.1790708928619,2.51531930297733,2.37063292078675,0.144686382190576,0.336248410115429,0.191562027924853
"439115",0.544823140025282,1.68055086608252,1.05019715856273,0.630353707519788,1.13572772605724,0.505374018537453
"466297",0.190333271328172,0.832562662823658,0.36062903313059,0.471933629693068,0.642229391495486,0.170295761802418
"130330",10,4.71393035944732,6.40901649913,-1.69508613968268,-5.28606964055268,-3.59098350087
"164497",2.67065125594242,3.64055373035062,3.19346414845753,0.447089581893092,0.969902474408202,0.522812892515109
"19054",1.56146503875958,3.03088793159324,2.29535364931376,0.735534282279482,1.46942289283366,0.733888610554174
"568648",10,4.58668393454621,6.42620570707622,-1.83952177253002,-5.41331606545379,-3.57379429292378
"205675",3.09658113315873,3.32711088701236,3.2198114889682,0.107299398044168,0.230529753853638,0.123230355809471
"218035",1.33489651850856,2.93295627753296,2.1360700887345,0.796886188798462,1.5980597590244,0.801173570225939
"151778",5.5570868288084,3.8087428683384,4.49060566761985,-0.681862799281459,-1.74834396047,-1.06648116118854
"278613",2.88022917636138,2.4182054738435,2.65563854904557,-0.237433075202067,-0.462023702517879,-0.224590627315813
"84630",3.08184888587834,2.74668327691903,2.92391250685147,-0.177229229932446,-0.335165608959315,-0.157936379026869
"204303",2.76333872948768,1.7303998657708,2.31490413310982,-0.584504267339022,-1.03293886371688,-0.448434596377859
"457494",0.267223061650299,2.29633543107625,1.29424754648124,1.00208788459501,2.02911236942595,1.02702448483094
"489390",0.654155483475651,2.2453389186744,1.40890289833778,0.836436020336615,1.59118343519875,0.754747414862134
"264458",0.0770418301675235,2.03411302038974,0.899154895090449,1.13495812529929,1.95707119022222,0.822113064922925
"164271",10,4.07336173491502,7.65697994529542,-3.58361821038039,-5.92663826508498,-2.34302005470458
"281022",3.45716008537066,2.46338031180558,2.9877947672744,-0.52441445546882,-0.993779773565073,-0.469365318096254
"21514",0.33359708279413,1.71366275452551,0.791650447483092,0.922012307042416,1.38006567173138,0.458053364688962
"5845",0.551656262703842,1.28057654407165,0.814798858412055,0.465777685659595,0.728920281367808,0.263142595708212
"378538",0.00136471482567459,2.01230903849231,0.669453536278568,1.34285550221374,2.01094432366663,0.668088821452893
"133129",0.942004439948525,1.41626465330154,1.14228615818733,0.273978495114212,0.474260213353013,0.200281718238801
"94816",2.77043414233766,1.93635311960906,2.41680670798967,-0.480453588380607,-0.834081022728602,-0.353627434347995
"193328",0.288129954790904,0.872029577416232,0.448743394075758,0.423286183340474,0.583899622625328,0.160613439284854
"223342",1.18168994059541,2.12658894075875,1.59827105788127,0.528317882877479,0.94489900016334,0.416581117285861
"449912",0.134958111500386,1.62174949436649,0.632552359677908,0.989197134688585,1.48679138286611,0.497594248177522
"16715",6.76635017951352,3.28903453667195,4.62088851980741,-1.33185398313546,-3.47731564284157,-2.14546165970611
"265847",2.58526909539809,2.6571037136844,2.61989998517263,0.0372037285117779,0.0718346182863123,0.0346308897745344
"402973",4.41805666935881,2.39264475817785,3.28562501672382,-0.892980258545979,-2.02541191118097,-1.13243165263499
"59022",2.2351537759104,2.94895043664735,2.57138002232801,0.377570414319337,0.713796660736949,0.336226246417612
"172903",0.699313861289044,1.66707375729956,1.09396282635483,0.573110930944734,0.967759896010516,0.394648965065782
"12344",0.313303205382117,2.76788235076934,1.46302865509585,1.30485369567349,2.45457914538723,1.14972544971373
"149029",2.12197752273785,3.98965249222752,3.11401064067635,0.875641851551179,1.86767496948967,0.992033117938494
"249046",0.431553388608234,3.15863246599291,1.62244333250419,1.53618913348872,2.72707907738468,1.19088994389596
"375504",2.66503353762878,3.86457689558775,3.3077725217619,0.556804373825847,1.19954335795897,0.642738984133121
"86594",1.54100654805967,3.07356970667407,2.27368679974856,0.799882906925509,1.53256315861439,0.732680251688884
"287749",2.96242283916515,1.23540813280312,2.16968794021076,-0.93427980740764,-1.72701470636203,-0.792734898954393
"427134",1.83445794708527,2.1596550875412,2.00418740709294,0.155467680448264,0.325197140455936,0.169729460007672
"203986",2.21381665181416,4.08860527088264,3.19524085771584,0.893364413166799,1.87478861906848,0.981424205901676
"151980",0.665372324748187,1.2757443963922,0.87909512445055,0.396649271941648,0.610372071644012,0.213722799702364
"230078",0.476111307930304,1.74197044974094,1.02073029385595,0.72124015588499,1.26585914181063,0.544618985925643
"345802",1.73294768999513,1.83116821320139,1.77668374711947,0.0544844660819188,0.0982205232062561,0.0437360571243373
"360478",1.045807005944,1.58970607979028,1.26899042274513,0.320715657045145,0.543899073846283,0.223183416801138
"18514",0.797151423010108,1.86546383850556,1.2296685094972,0.635795329008359,1.06831241549545,0.432517086487092
"416861",1.27089151461282,1.62388203208921,1.4079001635798,0.215981868509412,0.352990517476394,0.137008648966981
"558933",0.759752362503317,2.74796005340931,1.62821586074767,1.11974419266164,1.98820769090599,0.868463498244353
"111659",0.598528900191647,1.59708254081606,1.12526592985338,0.471816610962676,0.99855364062441,0.526737029661735
"55092",1.22776351735868,1.90506430927763,1.53673050280841,0.368333806469223,0.677300791918955,0.308966985449732
"196340",2.009176620461,2.71657360471573,2.46872528730504,0.24784831741069,0.707396984254725,0.459548666844035
"22837",2.19961537218899,2.18465345521554,2.19177036004221,-0.0071169048266726,-0.0149619169734487,-0.00784501214677613
"94227",0.602799491183985,1.86428566439169,1.11563210883754,0.748653555554145,1.2614861732077,0.512832617653558
"225501",0.472922533572317,1.80997878916523,1.03119886240477,0.778779926760454,1.33705625559291,0.558276328832455
"57786",0.883312458591552,0.87793804037175,0.877461639593221,0.000476400778529062,-0.00537441821980233,-0.0058508189983314
"248645",1.45476924711362,2.03218592589053,1.71008449856482,0.322101427325715,0.577416678776909,0.255315251451194
"88016",1.79560818535823,2.2024080585624,2.00851333543005,0.193894723132345,0.406799873204173,0.212905150071827
"319548",1.06957300671055,2.11526456752428,1.45317561241435,0.662088955109933,1.04569156081373,0.383602605703795
"362084",0.427072826872582,1.10435569996783,0.74657467491657,0.357781025051255,0.677282873095243,0.319501848043988
"428168",1.7186519276782,2.48191615079008,2.0370137555254,0.44490239526468,0.76326422311188,0.3183618278472
"480906",0.683045968563127,2.64433959547215,1.57152634359047,1.07281325188168,1.96129362690902,0.888480375027339
"109136",1.45703172645496,2.5947317653356,1.93583361277318,0.658898152562422,1.13770003888064,0.478801886318221
"19746",0.492767175318419,1.26754345498503,0.773885741208865,0.493657713776163,0.774776279666609,0.281118565890446
"558069",0.43817779633125,1.72949091101721,0.99630629571712,0.733184615300087,1.29131311468596,0.55812849938587
"153695",1.29815886321426,2.4127459097972,1.89538416337731,0.517361746419888,1.11458704658294,0.597225300163054
"161626",1.71682437965498,3.08760462999015,2.35729789946505,0.7303067305251,1.37078025033518,0.640473519810075
"208816",1.1622049613342,1.03606183176653,1.11717822509577,-0.0811163933292378,-0.126143129567663,-0.0450267362384249
"224124",4.49706865588463,4.06479981310119,4.23055950946725,-0.165759696366056,-0.432268842783438,-0.266509146417382
"268159",2.98043230304956,3.5121439675648,3.26166487176113,0.25047909580367,0.531711664515242,0.281232568711572
"272840",2.05134028841543,1.97924348119456,2.02074786203175,-0.0415043808371958,-0.0720968072208699,-0.0305924263836741
"577184",0.273140731543252,2.22781191227867,1.09824495501695,1.12956695726173,1.95467118073542,0.825104223473694
"34835",1.39668142184724,2.7820423350826,2.28213694293845,0.499905392144146,1.38536091323536,0.885455521091213
"533824",0.514167474149146,1.76661127364213,1.04181194542887,0.724799328213261,1.25244379949299,0.527644471279727
"7344",0.0696699970388118,2.28369041342975,0.944916252581506,1.33877416084824,2.21402041639093,0.875246255542694
"531296",1.09784946415585,0.933738343742159,1.03782865150457,-0.104090307762414,-0.164111120413691,-0.0600208126512762
"492869",0.310489860564381,1.98618653869593,1.01947475537581,0.966711783320118,1.67569667813154,0.708984894811426
"542207",2.07061223028669,2.08973965011134,2.08058183237614,0.0091578177351912,0.0191274198246423,0.00996960208945108
"553174",2.55683736528764,1.30801917672801,1.98226351631703,-0.674244339589022,-1.24881818855963,-0.574573848970608
"21619",1.33355153950688,0.809560039165088,1.17201399718624,-0.36245395802115,-0.523991500341796,-0.161537542320646
"570505",0.864887812643247,1.13453073591736,0.95976484910187,0.174765886815489,0.269642923274111,0.0948770364586222
"171973",0.310511498268998,1.86729464476822,0.979214355327971,0.888080289440253,1.55678314649923,0.668702857058972
"191164",1.14553191394203,1.50526314600764,1.26651754344693,0.238745602560718,0.359731232065613,0.120985629504895
"60459",0.324646619273551,2.72206365189053,1.66412460448959,1.05793904740094,2.39741703261698,1.33947798521604
"85374",10,3.48075269738764,6.01495176323698,-2.53419906584934,-6.51924730261236,-3.98504823676302
"331880",0.925475655261877,1.81314328794677,1.27935256849639,0.533790719450387,0.887667632684896,0.35387691323451
"231850",1.46509677939053,2.47873054791316,1.8966452494218,0.582085298491363,1.01363376852263,0.43154847003127
"226650",0.254388488452291,1.22987451628534,0.587466828444267,0.642407687841075,0.975486027833052,0.333078339991977
"294658",2.46486965757364,1.05561891043709,1.88465199852238,-0.829033088085291,-1.40925074713656,-0.580217659051265
"34909",0.608683401317804,0.784446642298648,0.659876640527647,0.124570001771001,0.175763240980844,0.0511932392098429
"496405",2.68078487907621,1.7525993540324,2.27815986782054,-0.52556051378814,-0.928185525043808,-0.402625011255668
"359012",0.698691665397526,1.73042353650911,1.11659868644236,0.613824850066741,1.03173187111158,0.417907021044838
"148932",0.364643828892873,3.29956314820857,1.622116917532,1.67744623067657,2.9349193193157,1.25747308863913
"227996",0.977610824597222,2.73480539845666,1.74277126826933,0.992034130187335,1.75719457385944,0.765160443672106
"200334",0.683083351307225,1.61784354928262,1.06835631226977,0.54948723701285,0.934760197975392,0.385272960962542
"294768",0.75383197522836,2.18928330083381,1.43740640580348,0.751876895030328,1.43545132560545,0.683574430575125
"77823",1.22946194537399,1.7260669945377,1.4660605413711,0.260006453166598,0.49660504916371,0.236598595997112
"264867",2.18535725400601,1.60087119713992,1.92452670494915,-0.32365550780924,-0.584486056866096,-0.260830549056857
"335312",1.14600796723844,2.05223287972202,1.55714483979713,0.495088039924888,0.906224912483585,0.411136872558697
"84810",1.02466814047099,1.24919049808222,1.1014122213208,0.147778276761423,0.224522357611234,0.0767440808498117
"227083",7.67633073255657,2.82966974562538,4.62896308029142,-1.79929333466604,-4.84666098693119,-3.04736765226515
"396836",3.59910224048993,2.72489743146675,3.11210444633048,-0.387207014863729,-0.874204809023183,-0.486997794159454
"552229",6.93198476904832,3.23178481398389,4.63956950040509,-1.4077846864212,-3.70019995506443,-2.29241526864323
"560184",3.89076985985651,2.71372300147809,3.24369018623595,-0.529967184757858,-1.17704685837842,-0.647079673620558
"75794",3.4063038037723,1.04676242379453,2.29628881284805,-1.24952638905352,-2.35954137997777,-1.11001499092425
"123946",1.8040722771365,2.8883841736503,2.42884037426308,0.459543799387221,1.0843118965138,0.624768097126579
"403259",1.61340077523681,1.51757271934696,1.57244234542164,-0.0548696260746835,-0.0958280558898568,-0.0409584298151733
"276088",0.521217917775056,0.7885148903168,0.596278920623273,0.192235969693527,0.267296972541743,0.0750610028482167
"578601",2.29036628626739,1.18965568606505,1.84626618198229,-0.656610495917241,-1.10071060020234,-0.4441001042851
"200254",0.996633390428488,2.17836013004774,1.54447462896843,0.633885501079307,1.18172673961925,0.547841238539945
"505170",0.777418297262937,2.15834364733559,1.42223908488884,0.736104562446742,1.38092535007265,0.644820787625906
"215653",2.0555584377715,2.81374169719665,2.54045493274968,0.273286764446972,0.758183259425156,0.484896494978184
"374462",4.73418533956273,2.81319492288652,3.70563210182597,-0.892437178939459,-1.92099041667622,-1.02855323773676
"162940",0.314547161073954,0.974134696034075,0.508594557147473,0.465540138886602,0.659587534960121,0.194047396073519
"146227",0.759898347223211,2.81574484548819,1.65024004135926,1.16550480412893,2.05584649826498,0.890341694136054
"380035",1.17387785803812,3.50265054117225,2.27531248754717,1.22733805362508,2.32877268313413,1.10143462950905
"566141",2.45425127133636,4.04738985230188,3.27958288162628,0.767806970675594,1.59313858096552,0.825331610289925
"399035",0.562461669978199,1.67836278966209,0.936126101320648,0.742236688341438,1.11590111968389,0.373664431342449
"77648",6.89724143483102,1.17816666472929,6.89724143483102,-5.71907477010173,-5.71907477010173,0
"145262",1.87186479237719,2.6406426312358,2.26206204116281,0.37858059007299,0.768777838858617,0.390197248785627
"159752",3.76102832520103,3.2748481880072,3.50236081189308,-0.227512623885882,-0.48618013719383,-0.258667513307948
"165264",1.4866550914542,3.35975636889938,2.39134724829423,0.968409120605147,1.87310127744517,0.904692156840023
"222011",9.36813737469262,5.34974586713801,6.52208434231173,-1.17233847517373,-4.01839150755462,-2.84605303238089
"503200",6.53871291852186,4.10438989997378,5.07334326972703,-0.968953369753244,-2.43432301854808,-1.46536964879484
"533498",2.0170850418191,2.73534542364732,2.37444650719637,0.360898916450952,0.718260381828219,0.357361465377267
"553609",3.29895982335951,3.75044059860215,3.53573470903702,0.21470588956513,0.451480775242635,0.236774885677505
"89190",0.886968050174631,1.77215974882123,1.33282868309315,0.439331065728086,0.885191698646603,0.445860632918518
"540515",0.34733743862048,2.03343611455868,1.07557593059253,0.957860183966154,1.6860986759382,0.728238491972046
"395210",1.69618112580371,2.537861650616,2.12396411235118,0.413897538264814,0.841680524812287,0.427782986547472
"416993",1.28889293227026,1.2235145817924,1.26644695842966,-0.0429323766372518,-0.0653783504778527,-0.0224459738406009
"544264",0.393072703867332,1.82292336631886,0.990390485606882,0.832532880711982,1.42985066245153,0.59731778173955
"118569",1.16696688987765,2.60998950097616,1.95441568527365,0.655573815702519,1.44302261109852,0.787448795395997
"508378",1.17993916063398,1.40008512580995,1.25435916659387,0.145725959216075,0.220145965175971,0.0744200059598961
"473602",2.87644785496852,3.25423845546548,3.07853530076286,0.175703154702619,0.377790600496958,0.202087445794339
"169240",0.50188371769031,2.25143890904839,1.37678606346098,0.874652845587414,1.74955519135808,0.874902345770668
"219016",4.84255301311849,4.71434824920354,4.74813642199881,-0.0337881727952656,-0.128204763914949,-0.0944165911196837
"264610",0.134652133622773,2.35577758564139,1.05103892104763,1.30473866459376,2.22112545201862,0.916386787424855
"407146",2.76711070456889,3.62288279686432,3.22135917371247,0.401523623151851,0.855772092295425,0.454248469143574
"508476",1.56106882211577,2.20611091738419,1.83797469756422,0.368136219819971,0.645042095268424,0.276905875448453
"531404",1.67194105402879,1.69102617534787,1.68073893122129,0.0102872441265873,0.019085121319083,0.0087978771924957
"57424",0.63170132548734,3.03214768355594,1.65608595158296,1.37606173197298,2.4004463580686,1.02438462609561
"481594",0.440535453853619,2.04248454288706,1.07054183574086,0.9719427071462,1.60194908903345,0.630006381887245
"543404",0.798629804275551,1.60654614090893,1.06955174775894,0.536994393149987,0.807916336633374,0.270921943483387
"445256",0.861522641826792,2.2554909215859,1.50486930438406,0.750621617201842,1.39396827975911,0.643346662557265
"263466",1.18115929201964,2.62761091422531,1.79509314583218,0.832517768393128,1.44645162220568,0.613933853812548
"378035",1.73741488212871,1.92199133501782,1.81976913912323,0.102222195894585,0.184576452889103,0.0823542569945179
"433379",0.35996169201758,1.69194408364478,0.808745829881672,0.883198253763108,1.3319823916272,0.448784137864091
"169216",1.67605153486329,3.0695625745736,2.3319650817422,0.737597492831406,1.39351103971031,0.655913546878908
"149575",6.76917491114892,3.6800712001837,4.85584200083089,-1.17577080064718,-3.08910371096522,-1.91333291031804
"216596",1.05000515975582,2.39110394588027,1.65817640187054,0.732927544009724,1.34109878612445,0.608171242114726
"399276",1.27767555550758,1.35084112998102,1.3082816965798,0.0425594334012138,0.0731655744734359,0.030606141072222
"111520",1.81521790715909,2.62835037235938,2.21209058943376,0.416259782925616,0.813132465200288,0.396872682274671
"226282",0.272328100955534,1.23351069602353,0.602557618802521,0.630953077221012,0.961182595067999,0.330229517846987
"365830",0.682416642770363,1.5220933698115,1.03148849723056,0.490604872580935,0.839676727041133,0.349071854460198
"548396",1.72400471040068,1.79574999348056,1.75681715937999,0.0389328341005784,0.0717452830798877,0.0328124489793093
"249058",0.237497016501738,2.30708250334482,1.12638206060758,1.18070044273724,2.06958548684308,0.888885044105841
"374685",0.423720040536092,1.62704197460542,0.810979006522437,0.816062968082982,1.20332193406933,0.387258965986346
"189646",1.55137566369459,1.62871698495266,1.58326780712122,0.0454491778314405,0.0773413212580694,0.0318921434266288
"487781",1.79117353947869,2.20505926609745,2.00595620456641,0.19910306153104,0.413885726618761,0.214782665087721
"310132",0.823080811582938,0.95189858409351,0.874378213906317,0.0775203701871935,0.128817772510573,0.0512974023233792
"517574",0.0804128275395153,1.83129619467907,0.625785298112095,1.20551089656697,1.75088336713955,0.54537247057258
"42555",0.540930287844803,1.69499692019837,0.920994828044849,0.77400209215352,1.15406663235357,0.380064540200045
"149560",0.329871317950176,1.81477337815799,0.978560343603643,0.836213034554348,1.48490206020781,0.648689025653467
"487938",2.25663067626462,1.79153138675657,2.05508929071939,-0.263557903962818,-0.465099289508048,-0.201541385545229
"229620",0.0697271570861879,1.30617253656147,0.474213447783589,0.831959088777882,1.23644537947528,0.404486290697401
"402534",0.17822046222421,1.48515076604085,0.610340405794113,0.874810360246739,1.30693030381664,0.432119943569903
"73138",2.09970711359354,2.75092719769269,2.49871164905541,0.252215548637284,0.651220084099148,0.399004535461864
"187715",1.14416186271533,1.30366286439939,1.20814265018042,0.0955202142189651,0.159501001684052,0.0639807874650868
"319297",1.54008816959207,1.14559592444211,1.40149562455097,-0.255899700108859,-0.394492245149957,-0.138592545041097
"126747",2.13750969771084,1.30150689939805,1.80543570738495,-0.503928807986899,-0.836002798312788,-0.332073990325888
"212455",0.869417545950976,1.90892880067173,1.37669534628214,0.532233454389589,1.03951125472076,0.507277800331169
"389701",1e-08,2.02565812144343,0.673802821698671,1.35185529974476,2.02565811144343,0.673802811698671
"94464",0.170529147068695,1.77340567345496,0.701357122457948,1.07204855099701,1.60287652638626,0.530827975389253
"480772",0.845453891851731,2.23968194369805,1.4918779926727,0.747803951025354,1.39422805184632,0.646424100820966
"565080",0.778649980585092,0.740670619097119,0.749520281680625,-0.00884966258350539,-0.0379793614879724,-0.029129698904467
"469056",1.39374067740114,1.46156953781073,1.41645816458087,0.0451113732298631,0.0678288604095918,0.0227174871797287
"54643",1.29490587044796,3.40276248704108,2.2843153761801,1.11844711086097,2.10785661659311,0.989409505732142
"10937",10,4.61222466783234,8.24208814916166,-3.62986348132932,-5.38777533216766,-1.75791185083834
"296087",1.11711603345644,1.52148934569085,1.25400497131963,0.267484374371217,0.404373312234401,0.136888937863184
"97095",1.08549232801673,2.00877631555989,1.50951047581503,0.499265839744866,0.923283987543164,0.424018147798298
"560242",1.06932331272203,2.55663466045398,1.89187055891946,0.664764101534519,1.48731134773195,0.822547246197434
"39389",0.553185987561656,0.997350442673685,0.725312780534704,0.272037662138981,0.444164455112029,0.172126792973048
"101444",0.462785594417579,1.28464819043571,0.751479710735623,0.533168479700084,0.821862596018128,0.288694116318044
"87429",0.52474619897343,2.79630392808734,1.72921077395662,1.06709315413073,2.27155772911391,1.20446457498319
"305642",1.26348921803868,1.1927033039164,1.23871630004686,-0.0460129961304634,-0.0707859141222804,-0.024772917991817
"94906",0.232473752256284,1.2154359366527,0.552823988506917,0.662611948145782,0.982962184396416,0.320350236250633
"553139",1.92631256898519,2.7068289363721,2.30296533125055,0.403863605121553,0.780516367386914,0.376652762265361
"461521",0.725975058089228,3.06537097446259,2.19495034014402,0.870420634318576,2.33939591637337,1.46897528205479
"314921",0.564087110350367,0.970796471386034,0.715648832648187,0.255147638737847,0.406709361035667,0.151561722297821
"422730",1.29700521865103,2.40968209222257,1.88011021180684,0.52957188041573,1.11267687357154,0.583104993155812
"302067",0.705149035569877,1.96584721342261,1.20422694200157,0.761620271421042,1.26069817785273,0.49907790643169
"316376",2.35823851845475,2.52384175440632,2.43853564783777,0.0853061065685501,0.165603235951571,0.0802971293830206
"361116",1.43804049756592,2.54110146312793,1.90812901500797,0.632972448119966,1.10306096556201,0.470088517442044
"132524",0.838340271734779,1.80027054093763,1.20686829458555,0.593402246352089,0.961930269202856,0.368528022850767
"419957",2.32473285734841,2.63301393071772,2.47475812633126,0.158255804386462,0.308281073369312,0.15002526898285
"60467",2.75880767216324,2.42974129872059,2.60041420254829,-0.170672903827705,-0.329066373442649,-0.158393469614944
"7571",0.781325612036816,2.58943704664476,1.61427717659155,0.975159870053214,1.80811143460795,0.832951564554732
"490211",0.233305384090616,1.5904995914318,0.665413580449516,0.92508601098228,1.35719420734118,0.4321081963589
"176906",2.64369006497036,3.50600678775129,3.11697377557997,0.389033012171319,0.862316722780936,0.473283710609616
"302619",6.13998205181799,3.6065285367641,4.58030326620593,-0.97377472944183,-2.53345351505388,-1.55967878561205
"32488",2.0029584715719,2.45951073383618,2.23469971354517,0.224811020291005,0.456552262264279,0.231741241973275
"12394",0.84202171462571,1.70768891974017,1.19046269645779,0.517226223282375,0.865667205114459,0.348440981832084
"385510",0.56120856282579,1.78492808261187,1.06012823796724,0.724799844644626,1.22371951978608,0.498919675141453
"149458",2.83640703300109,3.4261948599557,3.15840740923983,0.267787450715867,0.589787826954607,0.322000376238741
"412850",1.72029282332507,2.59712343353273,2.1672213842339,0.429902049298835,0.876830610207665,0.44692856090883
"82659",10,3.62673706625849,6.7214361087837,-3.09469904252521,-6.37326293374151,-3.2785638912163
"570271",8.07989597453462,2.31620618918087,4.3712617374806,-2.05505554829973,-5.76368978535375,-3.70863423705401
"134101",1.29599992414404,1.21697419645903,1.26855730538769,-0.0515831089286569,-0.0790257276850146,-0.0274426187563577
"134015",0.854592782571767,2.03974781887979,1.42137946248792,0.618368356391868,1.18515503630802,0.566786679916156
"152819",0.387322274433819,2.06001189486212,1.04527271086005,1.01473918400207,1.6726896204283,0.657950436426233
"349594",0.905930031678007,1.27655663496397,1.03501931382303,0.241537321140944,0.370626603285966,0.129089282145022
"320475",1.30372657975989,2.33977428289123,1.83724774109772,0.502526541793508,1.03604770313134,0.533521161337829
"108041",3.55562050205077,3.36929191274849,3.45646260202598,-0.0871706892774893,-0.186328589302283,-0.0991579000247937
"173973",10,6.85518501713742,9.06514039450885,-2.20995537737143,-3.14481498286258,-0.934859605491152
"184393",2.87094602820624,3.31795771007207,3.11768037715583,0.200277332916236,0.447011681865831,0.246734348949595
"254102",10,6.85518501713742,9.06514039450885,-2.20995537737143,-3.14481498286258,-0.934859605491152
"254172",3.47643711940665,3.9766484138078,3.73698602448707,0.239662389320728,0.500211294401157,0.260548905080429
"274934",4.17378397091647,2.56786770675379,3.28817293049023,-0.720305223736438,-1.60591626416268,-0.885611040426245
"306399",1.06713015389839,3.48139850589464,2.27104672658259,1.21035177931205,2.41426835199625,1.2039165726842
"313600",2.51269716516706,2.77041228027049,2.63456726507554,0.135845015194946,0.257715115103433,0.121870099908487
"370928",10,6.85518501713742,9.06514039450885,-2.20995537737143,-3.14481498286258,-0.934859605491152
"394067",3.00162439929745,4.26778232135785,3.65445705848654,0.613325262871311,1.2661579220604,0.652832659189091
"396095",2.58973816364838,2.28538834926118,2.44167304415227,-0.156284694891083,-0.304349814387201,-0.148065119496117
"422312",3.24605801389209,3.49898902398375,3.38029575326924,0.118693270714511,0.252931010091658,0.134237739377147
"454153",5.64425791377911,4.26593927850723,4.81434161991095,-0.548402341403718,-1.37831863527187,-0.829916293868156
"466770",2.06109520775339,1.40358578728774,1.76299182326565,-0.35940603597791,-0.657509420465657,-0.298103384487748
"54304",1.88252592345062,3.04348664968401,2.44334573265199,0.600140917032018,1.1609607262334,0.560819809201377
"565045",4.19380101014766,3.18559209067668,3.65552063095919,-0.469928540282503,-1.00820891947098,-0.538280379188473
"65637",0.514580443649681,2.19895947232892,1.3515838129562,0.847375659372718,1.68437902867924,0.837003369306518
"347804",0.52082521303537,2.51664388538504,1.28046759264689,1.23617629273815,1.99581867234967,0.75964237961152
"572511",2.17747230837101,2.19628999134732,2.18717397457406,0.00911601677325535,0.0188176829763047,0.00970166620304935
"81934",1.32327948281193,3.6460128721226,2.39064783142778,1.25536504069483,2.32273338931068,1.06736834861585
"152861",0.176957274266756,0.969132650360246,0.407092986964503,0.562039663395743,0.792175376093491,0.230135712697748
"255297",7.48354021262627,1.33288025153575,3.88029800962183,-2.54741775808608,-6.15065996109053,-3.60324220300445
"172098",0.044135699253121,2.07369704477012,0.904133709488718,1.1695633352814,2.029561345517,0.859998010235597
"179134",7.81081972464937,2.59078040416946,4.52225735233256,-1.9314769481631,-5.22003932047991,-3.28856237231681
"72845",0.133224027966579,0.924112086138964,0.35532486855182,0.568787217587144,0.790888058172385,0.222100840585241
"61418",0.382223018924373,3.08085886800271,2.15811833116909,0.922740536833623,2.69863584907834,1.77589531224471
"26030",2.28925305677938,2.2915162416324,2.29048890118674,0.00102734044566288,0.00226318485302368,0.0012358444073608
"206495",0.216903640566575,0.837308875627995,0.383675041681525,0.45363383394647,0.62040523506142,0.16677140111495
"16178",1.17748963493479,3.20935717120166,2.50901237019912,0.700344801002535,2.03186753626687,1.33152273526433
"78758",0.976852242539187,1.65653184636753,1.24627833058269,0.410253515784837,0.679679603828341,0.269426088043504
"76415",0.52259621040399,2.1827201372297,1.17212187447344,1.01059826275627,1.66012392682571,0.649525664069446
"225594",0.53180404094096,1.21550487489151,0.790253318922194,0.425251555969321,0.683700833950554,0.258449277981234
"351506",1.59394490553945,0.868255885558043,1.3668714707873,-0.498615585229253,-0.725689019981402,-0.22707343475215
"269529",2.44317494983435,1.98809865654434,2.21076668589687,-0.222668029352525,-0.455076293290014,-0.232408263937488
"484407",1.19268975069528,2.16939175314153,1.63199318323718,0.537398569904352,0.976702002446255,0.439303432541903
"54669",2.00905139953318,2.52460491854228,2.2618365493022,0.262768369240078,0.515553519009095,0.252785149769017
"479516",0.203196499345922,0.836230914807349,0.371997118249377,0.464233796557972,0.633034415461427,0.168800618903455
"572917",1.04919944695644,1.79910535025061,1.34069502692977,0.458410323320844,0.749905903294169,0.291495579973325
"123018",1.72315364059651,2.53204927007659,2.06268953759008,0.46935973248651,0.808895629480087,0.339535896993577
"125192",7.11985571357803,3.12074293119579,4.63342780958711,-1.51268487839132,-3.99911278238224,-2.48642790399092
"168756",5.48761989376883,1.9841451358639,3.50767113228353,-1.52352599641963,-3.50347475790493,-1.9799487614853
"522635",5.42165973610437,4.06602560362539,4.60438923709433,-0.538363633468935,-1.35563413247898,-0.817270499010043
"526570",4.83489677331923,2.71289928736408,3.68758866716997,-0.974689379805886,-2.12199748595515,-1.14730810614926
"98306",2.16333300800995,2.42781773655404,2.29602638252544,0.1317913540286,0.264484728544096,0.132693374515496
"24797",4.06957840924224,3.06021765412412,3.52111086600126,-0.460893211877139,-1.00936075511812,-0.548467543240979
"252057",0.435609716835288,1.74734839477186,0.862215260204124,0.885133134567737,1.31173867793657,0.426605543368836
"461204",0.166485647327805,1.00896922891418,0.403306109920471,0.605663118993714,0.84248358158638,0.236820462592666
"516677",2.51358869644823,1.81781447718547,2.21095631048087,-0.3931418332954,-0.695774219262759,-0.302632385967359
"350095",0.357091798822042,1.6850658868361,0.935545774098444,0.749520112737659,1.32797408801406,0.578453975276402
"280908",2.05165061251143,2.74587104088792,2.46641693745959,0.279454103428335,0.694220428376499,0.414766324948164
"397609",6.4672239191741,1.607095165335,3.66271236134195,-2.05561719600695,-4.8601287538391,-2.80451155783214
"92727",0.447133322661374,1.22516205617841,0.728521316709819,0.496640739468592,0.778028733517037,0.281387994048445
"45806",1.22205932802033,1.99831326433081,1.57605217412354,0.422261090207271,0.77625393631048,0.35399284610321
"277807",0.408625906235082,1.51440283527678,0.793370341232533,0.721032494044248,1.1057769290417,0.384744434997451
"382436",5.99320240347754,1.91340286323071,3.69144793712558,-1.77804507389487,-4.07979954024684,-2.30175446635197
"575630",0.435235031347845,1.28773371628917,0.750833334013079,0.536900382276093,0.852498684941327,0.315598302665234
"423817",0.169630521141833,0.966750296378423,0.399033251216503,0.56771704516192,0.79711977523659,0.22940273007467
"74396",0.369266983270304,3.0246579692448,2.15568051727439,0.868977451970413,2.6553909859745,1.78641353400408
"381324",0.160925825010671,0.863168533509083,0.351295853980823,0.51187267952826,0.702242708498412,0.190370028970152
"365319",4.0176161676348,2.30943170484925,3.04931200561297,-0.739880300763724,-1.70818446278555,-0.96830416202183
"485440",0.746044031468578,1.52497261152514,1.07592445727706,0.449048154248079,0.77892858005656,0.329880425808481
"71457",1.17713532841117,1.92185554462641,1.52039352919857,0.401462015427835,0.744720216215233,0.343258200787398
"67690",0.264376181825848,1.57379756370305,0.71477378848733,0.859023775215717,1.3094213818772,0.450397606661482
"432165",0.626539648507448,1.32323743814995,0.876188530721642,0.447048907428303,0.696697789642498,0.249648882214195
"202695",1.28973021116432,2.354345938008,1.74688644065222,0.607459497355776,1.06461572684368,0.4571562294879
"483839",0.14308463155757,1.61943531049757,0.663026410639422,0.956408899858147,1.47635067894,0.519941779081852
"457383",1.85482667162548,2.93114169121734,2.46239335775683,0.468748333460509,1.07631501959186,0.607566686131352
"483689",0.422511870708806,1.98234607408184,1.04480073553509,0.937545338546748,1.55983420337303,0.622288864826286
"560944",1.01608918372346,2.09444692845928,1.50386107309989,0.590585855359383,1.07835774473582,0.487771889376434
"395443",0.158803792788179,0.968122146375582,0.389774648673592,0.57834749770199,0.809318353587404,0.230970855885414
"218280",0.13247168029192,1.90413728384507,0.713159778849174,1.19097750499589,1.77166560355315,0.580688098557254
"127749",0.17486289172832,1.57920747360179,0.645865463671599,0.933342009930194,1.40434458187347,0.471002571943278
"313626",1.31633641025151,1.95188724557432,1.55290973634141,0.39897750923291,0.635550835322807,0.236573326089897
"410256",0.756904807816962,2.17934621392477,1.30288458102856,0.87646163289621,1.42244140610781,0.545979773211597
"55142",0.92655856391901,1.80647034986668,1.27728578956449,0.529184560302185,0.879911785947669,0.350727225645483
"308957",2.05256870879153,1.4142800915051,1.80367324340127,-0.38939315189617,-0.638288617286425,-0.248895465390254
"492950",0.738997915092794,1.92324834334419,1.19899707958239,0.724251263761799,1.1842504282514,0.459999164489597
"256078",0.869498657103204,2.17840241995648,1.48630334255467,0.692099077401819,1.30890376285328,0.616804685451462
"112102",1.23659185317888,1.94233782349432,1.56560233488952,0.376735488604802,0.705745970315438,0.329010481710636
"290364",2.51902186968345,2.67866352062512,2.59515016833791,0.0835133522872127,0.159641650941673,0.07612829865446
"319383",0.677275030413082,2.06362535531773,1.21557275210032,0.848052603217408,1.38635032490464,0.538297721687235
"565500",3.82024115792244,3.31252615790629,3.55114018308223,-0.238614025175946,-0.50771500001615,-0.269100974840204
"131841",0.336053568700322,3.08157374420227,1.55969862111054,1.52187512309172,2.74552017550194,1.22364505241022
"416085",1.70685360798238,2.48915491809446,2.10581887347809,0.383336044616367,0.782301310112081,0.398965265495715
"492498",3.61150534130483,4.35352844695682,4.07581377165039,0.277714675306433,0.742023105651991,0.464308430345558
"226940",2.08983757067335,2.31931655625035,2.20382529201508,0.115491264235269,0.229478985577,0.113987721341732
"4655",8.78887036242889,2.557172576182,4.85239226253825,-2.29521968635625,-6.23169778624688,-3.93647809989063
"259332",1.13142031750254,1.72983005456445,1.3664591587367,0.363370895827756,0.598409737061917,0.235038841234161
"164136",0.13305353254644,1.58400424774985,0.607891789134786,0.976112458615064,1.45095071520341,0.474838256588345
"345743",0.758888362983724,1.23680715661835,0.929054748910478,0.307752407707868,0.477918793634622,0.170166385926754
"316293",0.579983577779774,0.954649149992934,0.721205616704513,0.233443533288421,0.37466557221316,0.141222038924739
"152173",3.87099168546448,2.6056812305059,3.16934876543933,-0.563667534933431,-1.26531045495858,-0.70164292002515
"265694",0.674015933169414,2.29877501793498,1.43785987961937,0.860915138315603,1.62475908476556,0.76384394644996
"270662",1.67445677018229,2.80949806845647,2.24272912721504,0.566768941241428,1.13504129827417,0.568272357032747
"299386",3.69950913567776,3.10384020644928,3.37710139734821,-0.273261190898922,-0.595668929228481,-0.322407738329558
"318202",4.07862226999511,3.08892503811653,3.54780744940147,-0.458882411284941,-0.989697231878578,-0.530814820593637
"488870",1.13903782904058,3.00030104911911,2.09659103800364,0.903710011115469,1.86126322007853,0.957553208963061
"526438",0.202003769594737,1.63183402306349,0.684790408922149,0.947043614141345,1.42983025346876,0.482786639327413
"4536",1.48757507265802,2.3934345221303,1.96301799735872,0.43041652477158,0.905859449472285,0.475442924700705
"132992",4.27296597309286,4.91689902810851,4.65560865311509,0.261290374993413,0.643933055015648,0.382642680022235
"268290",3.18648115309304,3.19096871661751,3.19132883247778,-0.000360115860273069,0.00448756352446722,0.00484767938474029
"499870",2.02695388678437,2.38502268180864,2.20775779702127,0.177264884787373,0.358068795024274,0.180803910236901
"505085",2.55314734371313,3.7472803305531,3.19166403871671,0.555616291836388,1.19413298683997,0.638516695003581
"88498",3.88578990042106,3.09816229690734,3.46111617757925,-0.362953880671909,-0.787627603513723,-0.424673722841814
"89459",0.327914426040889,2.01749947876925,1.05448940046845,0.963010078300806,1.68958505272836,0.726574974427558
"134032",0.993202171451588,2.78207287842895,2.10530722852333,0.676765649905614,1.78887070697736,1.11210505707174
