"feature_id","dispGeneEst","dispFit","dispersion","residual_fit_minus_final","residual_fit_minus_gene","residual_final_minus_gene"
"248551",0.245302992819237,0.0713719465749505,0.132807950877516,-0.0614360043025659,-0.173931046244286,-0.112495041941721
"55601",0.410930692649698,0.0714562996151426,0.410930692649698,-0.339474393034555,-0.339474393034555,0
"25328",1.2645539927275,0.0730627175909603,1.2645539927275,-1.19149127513654,-1.19149127513654,0
"8277",0.227054111977265,0.0731800625734476,0.156972306803164,-0.0837922442297163,-0.153874049403818,-0.0700818051741015
"179269",0.319052820028433,0.0722605183714258,0.214522314345401,-0.142261795973975,-0.246792301657007,-0.104530505683032
"415923",0.302311046485961,0.0720106154357122,0.196044586322686,-0.124033970886974,-0.230300431050249,-0.106266460163275
"565080",1.14737705792353,0.0790206248332868,1.14737705792353,-1.06835643309024,-1.06835643309024,0
"470412",1.18802888024724,0.0823636456298602,1.18802888024724,-1.10566523461738,-1.10566523461738,0
"335788",0.0515452826807903,0.0722037981372541,0.0632636533310052,0.00894014480624886,0.0206585154564638,0.011718370650215
"56995",0.179899836179865,0.0758441449735225,0.13088778841849,-0.0550436434449676,-0.104055691206342,-0.0490120477613744
"206283",0.183096377019716,0.0745651519284008,0.135240827443707,-0.0606756755153061,-0.108531225091315,-0.0478555495760091
"249918",0.28552205348989,0.0765075856781437,0.187882897653835,-0.111375311975692,-0.209014467811746,-0.0976391558360546
"161605",0.110469507483409,0.0743295354156389,0.0957410046340902,-0.0214114692184513,-0.0361399720677703,-0.0147285028493191
"163095",0.0661003754548093,0.0731949496911683,0.0740082245561515,-0.000813274864983213,0.00709457423635902,0.00790784910134223
"189162",0.261057858780759,0.080191963162212,0.178163359938252,-0.0979713967760403,-0.180865895618547,-0.0828944988425067
"339719",0.100944808740634,0.0764536382937009,0.0876105024833875,-0.0111568641896866,-0.0244911704469334,-0.0133343062572468
"60635",0.12783315265554,0.079578558560077,0.107878519927149,-0.028299961367072,-0.0482545940954628,-0.0199546327283908
"111059",0.200522635397799,0.0779764615779398,0.150204764209097,-0.0722283026311569,-0.122546173819859,-0.0503178711887023
"120174",0.299901240781081,0.0875891258571541,0.202107732278496,-0.114518606421341,-0.212312114923927,-0.0977935085025858
"214225",0.149540746760372,0.0766582863499265,0.118487113189151,-0.0418288268392242,-0.0728824604104453,-0.0310536335712212
"65320",0.132364618801509,0.0757683447957256,0.108627290830302,-0.0328589460345761,-0.0565962740057839,-0.0237373279712078
"340103",0.245589635724502,0.0832767577004193,0.172202969548897,-0.0889262118484773,-0.162312878024083,-0.0733866661756054
"127268",0.114852058770751,0.0764945855173614,0.0991565864161316,-0.0226620008987702,-0.0383574732533899,-0.0156954723546197
"118426",0.436894921920884,0.0887616107079394,0.269906107922975,-0.181144497215036,-0.348133311212945,-0.166988813997909
"377785",0.0671952280937626,0.0781461265238449,0.072672970845704,0.00547315567814093,0.0109508984300823,0.00547774275194136
"278624",0.0746144670323019,0.0748667266704406,0.074201717468808,0.00066500920163251,0.000252259638138685,-0.000412749563493825
"214671",0.155254657724211,0.0817619757383679,0.121901174636163,-0.0401391988977946,-0.0734926819858435,-0.0333534830880489
"9850",0.16032251292763,0.0785760245087874,0.125182272277609,-0.0466062477688217,-0.0817464884188427,-0.035140240650021
"100439",0.0590134006037334,0.0752959482241134,0.0649748951432884,0.010321053080825,0.01628254762038,0.00596149453955497
"6374",0.173799493595232,0.083440397813202,0.134882219532194,-0.0514418217189921,-0.0903590957820304,-0.0389172740630383
"66014",0.0474861887938292,0.074819086681741,0.0595210873711922,0.0152979993105489,0.0273328978879119,0.012034898577363
"261780",0.207683256071737,0.0819943786348521,0.156047059575329,-0.0740526809404768,-0.125688877436885,-0.051636196496408
"156760",0.0779623611815166,0.0783786984040062,0.0805600197928231,-0.00218132138881694,0.000416337222489516,0.00259765861130645
"486721",0.184132947289384,0.0873267789469768,0.142389933984949,-0.0550631550379721,-0.0968061683424074,-0.0417430133044353
"547938",0.106964219522505,0.0810536256188761,0.0923114805512739,-0.0112578549323978,-0.0259105939036289,-0.014652738971231
"469966",0.0562405219418657,0.0765090645382065,0.0635876786588935,0.012921385879313,0.0202685425963409,0.00734715671702785
"65987",0.728193312879122,0.0990004873905009,0.728193312879122,-0.629192825488621,-0.629192825488621,0
"467791",0.102329648592039,0.076554783949554,0.0919563653714855,-0.0154015814219315,-0.0257748646424851,-0.0103732832205536
"21974",0.357353109045858,0.0870906901284569,0.231491611214587,-0.14440092108613,-0.270262418917401,-0.125861497831271
"225736",0.0567407154522073,0.0755091513915443,0.0635619894893169,0.0119471619022274,0.018768435939337,0.00682127403710962
"65983",0.142594240363109,0.0778640709897366,0.115249404775502,-0.0373853337857652,-0.064730169373372,-0.0273448355876067
"310948",0.291403434583914,0.0814621331419016,0.193966905373549,-0.112504772231647,-0.209941301442012,-0.0974365292103653
"549238",0.705927926141711,0.0949384838283759,0.705927926141711,-0.610989442313335,-0.610989442313335,0
"371305",0.524624936768102,0.103396053959157,0.323005634935197,-0.21960958097604,-0.421228882808945,-0.201619301832904
"19213",0.437381279090454,0.0915614237824521,0.269981962482899,-0.178420538700446,-0.345819855308002,-0.167399316607556
"310222",0.0247473970163624,0.0767346163862478,0.0402576222381883,0.0364769941480595,0.0519872193698854,0.0155102252218259
"3195",0.230457360971294,0.0849161372077306,0.162696339649088,-0.0777802024413569,-0.145541223763564,-0.0677610213222069
"336848",0.157266945042378,0.0781000458105251,0.123378780121742,-0.0452787343112172,-0.0791668992318525,-0.0338881649206353
"159645",0.111857406890668,0.0831611882966897,0.100456731577903,-0.0172955432812137,-0.0286962185939786,-0.0114006753127648
"299527",0.124152007396639,0.0750898963013451,0.102074635368723,-0.0269847390673783,-0.0490621110952939,-0.0220773720279156
"328510",0.31328556081928,0.0861694899899203,0.207779493329215,-0.121610003339295,-0.227116070829359,-0.105506067490065
"175929",0.104719923225417,0.0740288755527432,0.096195992083663,-0.0221671165309198,-0.0306910476726734,-0.00852393114175364
"56157",0.0479261657471227,0.0750155975138446,0.0574808719972432,0.0175347255166014,0.0270894317667219,0.00955470625012052
"315271",0.0931777517622594,0.0826507788432168,0.0891959143298676,-0.00654513548665084,-0.0105269729190426,-0.00398183743239179
"318060",0.481991075231659,0.0958566843983065,0.297488791059793,-0.201632106661486,-0.386134390833353,-0.184502284171867
"379654",0.101838425480578,0.0841287625218981,0.0931188227171273,-0.00899006019522917,-0.0177096629586797,-0.00871960276345055
"94707",0.114425573721655,0.0811138951282806,0.0996795981174395,-0.0185657029891589,-0.0333116785933747,-0.0147459756042158
"155886",0.19652661975654,0.0779866560733514,0.149318878265346,-0.0713322221919946,-0.118539963683188,-0.0472077414911935
"500669",0.311850208257088,0.10261944160908,0.217278322444267,-0.114658880835187,-0.209230766648008,-0.0945718858128217
"341606",0.176653997924147,0.0829389301628376,0.136133065743739,-0.0531941355809014,-0.0937150677613093,-0.0405209321804079
"359542",0.18680629948843,0.0787274607158216,0.14768944224558,-0.0689619815297587,-0.108078838772609,-0.0391168572428502
"469606",0.0683404907569907,0.0772875997502553,0.0716858424472306,0.00560175730302472,0.00894710899326454,0.00334535169023982
"91106",0.0123388527476212,0.0740745360347089,0.0311805102964065,0.0428940257383024,0.0617356832870876,0.0188416575487853
"379983",0.125843001370893,0.0808072037689882,0.107280436831324,-0.026473233062336,-0.0450357976019052,-0.0185625645395693
"256369",1.09330951851763,0.108812514309625,1.09330951851763,-0.984497004208003,-0.984497004208003,0
"357752",0.2087956043945,0.0859603737847314,0.15460523263461,-0.0686448588498788,-0.122835230609769,-0.0541903717598902
"144905",0.216625699131639,0.0784118986487319,0.164044227714354,-0.0856323290656226,-0.138213800482907,-0.0525814714172849
"351588",0.151579423486113,0.0815615936424162,0.121854103082076,-0.04029250943966,-0.0700178298436971,-0.0297253204040371
"441714",0.12041218602815,0.0770058685840452,0.102547771704222,-0.0255419031201769,-0.0434063174441043,-0.0178644143239274
"300139",0.100752979367981,0.0827114546926814,0.0936073513092887,-0.0108958966166074,-0.0180415246752995,-0.00714562805869212
"68552",1.17255371767292,0.107351697588556,1.17255371767292,-1.06520202008436,-1.06520202008436,0
"118282",0.0937584192041396,0.0811223486986552,0.0887997856646438,-0.0076774369659886,-0.0126360705054844,-0.00495863353949584
"557785",0.163764724386138,0.0844490271997208,0.129900539123488,-0.0454515119237674,-0.0793156971864168,-0.0338641852626494
"176645",0.147350430136009,0.0912364663165396,0.124055886356951,-0.032819420040411,-0.0561139638194692,-0.0232945437790582
"475643",0.105416853946163,0.0759190638862965,0.0935035924560351,-0.0175845285697386,-0.0294977900598667,-0.0119132614901281
"349519",0.0283783580126122,0.0775440336126746,0.0442511101605202,0.0332929234521544,0.0491656756000624,0.015872752147908
"309590",0.0539093079350279,0.0786255295932367,0.0660981330607291,0.0125273965325076,0.0247162216582088,0.0121888251257012
"77975",0.0835544519365554,0.0851357527502639,0.0841654849786443,0.00097026777161964,0.00158130081370847,0.000611033042088829
"477219",0.173552516141269,0.0892960340366311,0.137603683412716,-0.0483076493760852,-0.0842564821046378,-0.0359488327285526
"568576",0.393515764308945,0.0801973154785848,0.245372522758757,-0.165175207280173,-0.31331844883036,-0.148143241550188
"241949",0.294406191667072,0.0952195043795264,0.203939167306371,-0.108719662926845,-0.199186687287546,-0.090467024360701
"339308",0.163461417250825,0.0912924700975519,0.133026100174878,-0.0417336300773258,-0.0721689471532734,-0.0304353170759476
"399312",0.768300800553758,0.116385147889495,0.768300800553758,-0.651915652664263,-0.651915652664263,0
"163596",0.0464164463731329,0.0754127007717493,0.0558067945259429,0.0196059062458064,0.0289962543986164,0.00939034815280999
"531382",0.0286600836998034,0.0793667756949938,0.0447761807158112,0.0345905949791826,0.0507066919951904,0.0161160970160078
"419308",0.1452753731349,0.0820532791245814,0.118657063862996,-0.0366037847384142,-0.0632220940103186,-0.0266183092719044
"188968",0.134524591064618,0.0814912759113997,0.112467615571608,-0.0309763396602081,-0.0530333151532186,-0.0220569754930105
"414973",0.0890259126658235,0.0770275182073036,0.0868834869262678,-0.00985596871896416,-0.0119983944585198,-0.00214242573955568
"321367",0.0374483482014569,0.0738116689255363,0.049744634128137,0.0240670347973993,0.0363633207240794,0.0122962859266801
"7988",0.0839096982220074,0.0795770909696062,0.0822273831791177,-0.00265029220951153,-0.00433260725240116,-0.00168231504288963
"309114",0.998345055668084,0.109350889503697,0.998345055668084,-0.888994166164387,-0.888994166164387,0
"413783",0.103934801744058,0.0801075974136937,0.0985584624509183,-0.0184508650372247,-0.0238272043303644,-0.00537633929313974
"75917",0.367967337459483,0.100905963276341,0.24627850968679,-0.145372546410449,-0.267061374183142,-0.121688827772693
"265078",0.426499163855831,0.0925841391002697,0.267647057218971,-0.175062918118702,-0.333915024755562,-0.15885210663686
"436469",0.0374148975078361,0.0752772768591266,0.0502242327095297,0.0250530441495968,0.0378623793512904,0.0128093352016936
"513701",0.277155465720146,0.0976586339214717,0.191706224255714,-0.0940475903342422,-0.179496831798675,-0.0854492414644325
"485624",0.201265345075977,0.0998978420103295,0.157827523948944,-0.0579296819386148,-0.101367503065647,-0.0434378211270327
"203916",0.173399677036095,0.0824358066279287,0.13414271385622,-0.0517069072282913,-0.0909638704081665,-0.0392569631798753
"19325",0.064834861123401,0.0829493112709374,0.0715037190889406,0.0114455921819968,0.0181144501475364,0.00666885796553959
"578161",0.0936286772469147,0.0778031635380398,0.0873858647105042,-0.00958270117246447,-0.0158255137088749,-0.00624281253641046
"128854",0.0956378572110549,0.0776841230181328,0.0885085466379199,-0.0108244236197871,-0.0179537341929221,-0.00712931057313496
"202868",0.12712017515659,0.0841624811056451,0.109513457447783,-0.0253509763421376,-0.0429576940509448,-0.0176067177088072
"421957",0.105979168821463,0.0840459674909427,0.0972232725540988,-0.0131773050631561,-0.0219332013305204,-0.00875589626736431
"125979",0.175768309386402,0.0994468296177423,0.143664170605466,-0.0442173409877238,-0.0763214797686598,-0.032104138780936
"77518",0.132488009021366,0.0927027758393752,0.116291976126592,-0.0235892002872172,-0.0397852331819908,-0.0161960328947736
"41059",0.0299277892710767,0.080828971935173,0.0467376924665238,0.0340912794686492,0.0509011826640963,0.0168099031954471
"69656",0.0759842109794295,0.0865387851513601,0.0815178078904534,0.00502097726090668,0.0105545741719306,0.00553359691102395
"12284",0.438017037819658,0.10433680073147,0.288309354797915,-0.183972554066445,-0.333680237088188,-0.149707683021743
"436070",0.098541818613802,0.0759485219070051,0.0895209781540592,-0.0135724562470541,-0.0225932967067968,-0.00902084045974279
"484755",0.0267625345268707,0.0740275993379331,0.0423150997303189,0.0317124996076142,0.0472650648110624,0.0155525652034482
"196746",0.061204808426817,0.0766819349978932,0.0668998580230381,0.0097820769748551,0.0154771265710763,0.00569504959622117
"226793",0.583172967781941,0.113763322592298,0.358805433994688,-0.24504211140239,-0.469409645189643,-0.224367533787253
"250403",0.334664421475428,0.1076162314481,0.231763191482935,-0.124146960034835,-0.227048190027328,-0.102901229992493
"249570",0.0533393073838327,0.0786312012414385,0.0639058817097784,0.0147253195316602,0.0252918938576059,0.0105665743259457
"574506",0.0663005324676778,0.0779070607351776,0.0706299013759047,0.00727715935927296,0.0116065282674998,0.00432936890822684
"263417",0.604103777634057,0.0828680611846194,0.604103777634057,-0.521235716449438,-0.521235716449438,0
"415733",0.0350591121084161,0.079911303176632,0.0499620712678617,0.0299492319087703,0.0448521910682159,0.0149029591594456
"416884",0.201650582734482,0.101484368690064,0.158625298849312,-0.0571409301592481,-0.100166214044419,-0.0430252838851705
"160497",0.14263042789451,0.084464787568108,0.118309440404344,-0.0338446528362363,-0.0581656403264022,-0.0243209874901659
"451119",0.102237025088011,0.0870210223850226,0.0981249412567977,-0.0111039188717751,-0.0152160027029879,-0.00411208383121284
"465587",0.0297391960390799,0.0765167897674931,0.0448685750927836,0.0316482146747094,0.0467775937284132,0.0151293790537038
"138044",0.0956404533515736,0.0830777580908141,0.0906929832378445,-0.00761522514703046,-0.0125626952607595,-0.00494747011372906
"408020",0.0892139918664686,0.0872234789886512,0.0884321367703243,-0.0012086577816731,-0.00199051287781747,-0.000781855096144368
"436077",1.39257990177191,0.211191916348018,1.39257990177191,-1.1813879854239,-1.1813879854239,0
"323334",0.225566419323445,0.110185968282106,0.176078498982076,-0.0658925306999709,-0.11538045104134,-0.0494879203413686
"317147",0.255216604038957,0.108897867358167,0.191011908571025,-0.0821140412128572,-0.14631873668079,-0.0642046954679324
"92513",0.326779264828896,0.0899886507435974,0.221705297134224,-0.131716646390627,-0.236790614085298,-0.105073967694671
"506287",0.0672373027996179,0.0838725876099726,0.0723852289742906,0.011487358635682,0.0166352848103548,0.00514792617467276
"152655",0.225074385951996,0.094372348869714,0.171076989662524,-0.0767046407928103,-0.130702037082282,-0.0539973962894719
"5737",0.0993299222703922,0.0827411846967671,0.092478315539154,-0.00973713084238695,-0.0165887375736251,-0.00685160673123815
"126494",0.132359550605478,0.0792676825487958,0.110262045565263,-0.030994363016467,-0.0530918680566817,-0.0220975050402147
"468975",0.0472721669291407,0.0834523819330105,0.0612621111459268,0.0221902707870837,0.0361802150038698,0.0139899442167861
"489152",0.198468275036502,0.107101764008456,0.159763969857374,-0.0526622058489182,-0.0913665110280466,-0.0387043051791284
"329429",7.41586473541159,0.155301015616918,7.41586473541159,-7.26056371979467,-7.26056371979467,0
"323897",0.0591420288260438,0.0748137183215514,0.0648940963007831,0.00991962202076828,0.0156716894955076,0.0057520674747393
"385843",0.287151666424019,0.0967642317409552,0.200965487929233,-0.104201256188278,-0.190387434683064,-0.0861861784947858
"450452",0.357806493985629,0.0842179257241878,0.228297016092656,-0.144079090368468,-0.273588568261441,-0.129509477892974
"108156",0.213253400367208,0.111518955904338,0.169970817153349,-0.058451861249011,-0.101734444462869,-0.0432825832138584
"8431",0.0396692187255562,0.0841066332577456,0.0558014014074202,0.0283052318503254,0.0444374145321893,0.016132182681864
"319427",0.202202407848179,0.0920314178093811,0.154306522137481,-0.0622751043281001,-0.110170990038798,-0.0478958857106982
"440540",0.175169547771992,0.0877223407667219,0.137767298204131,-0.0500449574374093,-0.0874472070052699,-0.0374022495678606
"25174",0.605297200959884,0.0976392132889346,0.605297200959884,-0.50765798767095,-0.50765798767095,0
"469006",0.0426748576930536,0.0780632535759481,0.0578924184538528,0.0201708351220954,0.0353883958828945,0.0152175607607991
"80363",0.405444439996249,0.0947707372877734,0.258592086263885,-0.163821348976111,-0.310673702708476,-0.146852353732365
"201714",0.560351308357815,0.112935776058963,0.346797010429821,-0.233861234370858,-0.447415532298852,-0.213554297927994
"358590",0.745281666101215,0.185968628167355,0.493465474576471,-0.307496846409116,-0.55931303793386,-0.251816191524744
"119919",0.0378306460308481,0.0829866394185581,0.0530875984169176,0.0298990410016406,0.04515599338771,0.0152569523860694
"60343",0.0731803908223633,0.0829529563727098,0.0768471068648589,0.00610584950785091,0.00977256555034653,0.00366671604249562
"189461",0.0911581678365943,0.0952761446925942,0.0927563868722799,0.00251975782031431,0.00411797685599986,0.00159821903568555
"56890",0.256320805872013,0.101762436841541,0.189064519065211,-0.0873020822236696,-0.154558369030472,-0.0672562868068026
"476378",0.0384961622266553,0.0831869632114933,0.0535803740476331,0.0296065891638602,0.044690800984838,0.0150842118209778
"435351",0.489809558456827,0.11599639644023,0.315393203359279,-0.199396806919049,-0.373813162016597,-0.174416355097548
"125700",0.222178133618002,0.0922032582172444,0.164944471287926,-0.0727412130706814,-0.129974875400757,-0.057233662330076
"377183",0.0715331591157634,0.0945911728498623,0.0800428772063881,0.0145482956434742,0.0230580137340989,0.00850971809062474
"170072",0.128306271906525,0.0885347362303856,0.11203066814452,-0.0234959319141342,-0.0397715356761397,-0.0162756037620055
"236149",0.0257624064275648,0.0779037339168012,0.0433924556251271,0.0345112782916741,0.0521413274892364,0.0176300491975623
"94652",0.0928643389686178,0.0837997188594252,0.0893411781384841,-0.00554145927905884,-0.00906462010919259,-0.00352316083013375
"359875",0.177382021437366,0.0928027549806254,0.141207920161848,-0.0484051651812221,-0.0845792664567401,-0.036174101275518
"89902",1.28210046291213,0.107706930762596,1.28210046291213,-1.17439353214953,-1.17439353214953,0
"519384",0.213941194388784,0.08637212667402,0.157512349941497,-0.0711402232674771,-0.127569067714764,-0.0564288444472872
"81339",0.055779467103468,0.0837761948747594,0.0658274659594505,0.0179487289153089,0.0279967277712914,0.0100479988559825
"294657",0.151791379463025,0.10004674693464,0.130488764616661,-0.0304420176820204,-0.0517446325283843,-0.0213026148463639
"23554",0.115919901908507,0.0842873561916574,0.103093307846892,-0.0188059516552345,-0.03163254571685,-0.0128265940616155
"414855",0.0764457691077235,0.0852784342226311,0.0797751242259083,0.0055033099967228,0.00883266511490764,0.00332935511818484
"38238",0.179113661547487,0.0938511511887124,0.142754501634444,-0.0489033504457316,-0.0852625103587744,-0.0363591599130428
"452771",0.0605714270430318,0.0905428981889227,0.0727291301652054,0.0178137680237173,0.0299714711458909,0.0121577031221736
"74910",0.0723410181916205,0.0821568478571662,0.0766515675673042,0.00550528028986196,0.00981582966554563,0.00431054937568368
"171462",0.131144394652803,0.0876312402836537,0.113330755568933,-0.0256995152852789,-0.0435131543691494,-0.0178136390838705
"114148",0.153484953132074,0.0926708163761196,0.128128096226547,-0.0354572798504271,-0.060814136755954,-0.0253568569055269
"200505",0.087740646167385,0.0812244249232657,0.0852232959308183,-0.0039988710075526,-0.00651622124411932,-0.00251735023656673
"256080",0.285557768499328,0.0939903244509897,0.198469199673619,-0.104478875222629,-0.191567444048338,-0.0870885688257091
"322155",0.02497217143666,0.0808376604426019,0.0442305817694388,0.0366070786731632,0.055865489005942,0.0192584103327788
"540530",0.113091866508077,0.0958326842433202,0.104148601330162,-0.00831591708684189,-0.0172591822647565,-0.00894326517791466
"246212",0.28616241388488,0.0995215238487075,0.202152056112628,-0.102630532263921,-0.186640890036173,-0.0840103577722519
"474397",0.0950619599729499,0.0863665613986543,0.0916826352251241,-0.00531607382646981,-0.00869539857429559,-0.00337932474782578
"557519",0.0873811303379676,0.0835011034678512,0.0887498398398369,-0.00524873637198565,-0.00388002687011632,0.00136870950186933
"65958",0.121117657497518,0.0908078006211946,0.109505770500776,-0.0186979698795816,-0.030309856876323,-0.0116118869967414
"437093",0.0406116784904858,0.0751357910229885,0.0556788282549878,0.0194569627680007,0.0345241125325027,0.015067149764502
"496298",0.223105153192723,0.110664339060434,0.17481149082042,-0.0641471517599861,-0.11244081413229,-0.0482936623723037
"400729",0.21471160626352,0.0948470417679037,0.163994171316441,-0.0691471295485374,-0.119864564495616,-0.0507174349470786
"18887",0.0883381038230381,0.0902773239056239,0.0890947797725303,0.00118254413309354,0.00193922008258579,0.000756675949492247
"169957",0.353913543198409,0.0803106481668165,0.223864658416091,-0.143554010249275,-0.273602895031592,-0.130048884782318
"389869",0.198317283957488,0.0951616465719323,0.153748483010039,-0.0585868364381069,-0.103155637385556,-0.0445688009474493
"540587",0.105843365489317,0.0970268585953301,0.102399738025199,-0.00537287942986843,-0.00881650689398712,-0.00344362746411869
"94350",0.177783742798349,0.0905950246300917,0.140478741480686,-0.0498837168505943,-0.0871887181682573,-0.037305001317663
"348412",1.04988655827077,0.141432153830536,1.04988655827077,-0.908454404440234,-0.908454404440234,0
"546052",0.0424570721494768,0.0816419694718014,0.0558971011965777,0.0257448682752237,0.0391848973223246,0.0134400290471009
"413132",0.056225790670707,0.0926939315583316,0.0706567886647648,0.0220371428935668,0.0364681408876246,0.0144309979940578
"86566",0.0810933046242938,0.0817902851563752,0.081483560368336,0.000306724788039156,0.000696980532081393,0.000390255744042237
"125458",0.163866158308101,0.102395362234412,0.138258038933994,-0.0358626766995821,-0.061470796073689,-0.0256081193741069
"483076",0.176660707568739,0.117275035762893,0.152210382922863,-0.03493534715997,-0.0593856718058459,-0.024450324645876
"351615",0.0719457665048444,0.0935680407600106,0.0800193024346204,0.0135487383253902,0.0216222742551662,0.00807353592977604
"154452",0.15086755345399,0.0897173284036765,0.125318222390439,-0.0356008939867624,-0.0611502250503139,-0.0255493310635516
"433956",0.140390969278638,0.104000447570419,0.123090550080879,-0.0190901025104604,-0.0363905217082193,-0.0173004191977589
"317176",0.0841264962031076,0.0876267568826383,0.0854743130760446,0.00215244380659375,0.00350026067953067,0.00134781687293692
"249782",0.12795372837823,0.0936603376656214,0.114029949928114,-0.0203696122624926,-0.0342933907126083,-0.0139237784501157
"267824",0.0946959066596614,0.0890581598613213,0.0924900604244454,-0.00343190056312401,-0.00563774679834006,-0.00220584623521605
"542201",0.265819973038121,0.115935506974692,0.200555625464378,-0.0846201184896868,-0.149884466063429,-0.0652643475737422
"529417",0.0773485757683665,0.0970870220760186,0.0840279736203727,0.013059048455646,0.0197384463076521,0.00667939785200619
"205275",0.179341115005837,0.0939114974128647,0.142901197419992,-0.0489897000071269,-0.0854296175929723,-0.0364399175858455
"257992",0.195384402627366,0.0859377633097894,0.147495888454261,-0.0615581251444712,-0.109446639317577,-0.0478885141731056
"78220",0.261202617900078,0.0996049432270381,0.189261006044089,-0.089656062817051,-0.16159767467304,-0.0719416118559887
"413023",0.031599583443085,0.0876203510564524,0.0498214453383784,0.037798905718074,0.0560207676133674,0.0182218618952934
"347898",0.11288587973717,0.0984900783577287,0.107132541528718,-0.00864246317098909,-0.0143958013794413,-0.00575333820845218
"413344",0.0683028509299648,0.0895109981880817,0.0761174391088912,0.0133935590791905,0.0212081472581169,0.00781458817892641
"120150",0.187570388208654,0.117916579044846,0.158648603907037,-0.0407320248621911,-0.0696538091638084,-0.0289217843016173
"339031",0.311823277060641,0.121337405945106,0.227658503250952,-0.106321097305846,-0.190485871115535,-0.0841647738096889
"557606",0.0780077769548065,0.088513011342288,0.0819740594599448,0.00653895188234317,0.0105052343874814,0.00396628250513827
"320259",0.158720507345175,0.1039911394452,0.136001059587354,-0.0320099201421538,-0.0547293678999747,-0.0227194477578209
"176414",0.103659114418436,0.0870915080170989,0.0970946881061635,-0.0100031800890646,-0.0165676064013369,-0.00656442631227223
"322106",0.10141160969068,0.094470232599752,0.0986991705778497,-0.00422893797809766,-0.00694137709092758,-0.00271243911282992
"116216",0.178595212841182,0.0891180543442643,0.140211847279634,-0.0510937929353695,-0.089477158496918,-0.0383833655615486
"497688",0.0475943716825166,0.0803895956335921,0.0600626301751073,0.0203269654584848,0.0327952239510755,0.0124682584925907
"30103",0.0261560518827542,0.0850262228073567,0.0456894873369703,0.0393367354703864,0.0588701709246025,0.0195334354542161
"376247",0.315154435771041,0.132169391341089,0.235137275878832,-0.102967884537743,-0.182985044429952,-0.080017159892209
"524316",0.136309797293459,0.0915234257181781,0.117956327622398,-0.0264329019042203,-0.0447863715752813,-0.018353469671061
"476243",0.0736442717994634,0.0810750315836508,0.0764583827891632,0.0046166487944876,0.00743075978418745,0.00281411098969984
"318776",0.0900576219858495,0.0778361788637186,0.0885306280380007,-0.0106944491742821,-0.0122214431221308,-0.00152699394784876
"318090",0.0779140642316282,0.084558938668888,0.0804474758724448,0.00411146279644321,0.00664487443725982,0.00253341164081661
"40450",0.1308672831329,0.108125048792007,0.122484488129452,-0.0143594393374452,-0.0227422343408936,-0.00838279500344845
"125574",0.804005912305201,0.160975268608972,0.501440522147617,-0.340465253538645,-0.643030643696229,-0.302565390157584
"486719",0.303184090296918,0.127465923319424,0.226357737656032,-0.0988918143366074,-0.175718166977494,-0.0768263526408864
"370628",0.158988636323596,0.0990941855190068,0.1330140535264,-0.0339198680073937,-0.0598944508045892,-0.0259745827971956
"218802",0.22176196169426,0.0919682500087337,0.164618742055621,-0.0726504920468876,-0.129793711685526,-0.0571432196386384
"194659",0.106283176062159,0.10632595593292,0.106322251349911,3.70458300906484e-06,4.27798707603455e-05,3.90752877512807e-05
"540549",0.0928532516654777,0.0964068791759248,0.0952884749176824,0.00111840425824236,0.00355362751044705,0.00243522325220469
"331577",0.117139559212746,0.0934050533041852,0.107615483016149,-0.0142104297119633,-0.0237345059085607,-0.00952407619659737
"406003",0.157401177784803,0.112086934120348,0.13890256315998,-0.0268156290396322,-0.0453142436644546,-0.0184986146248224
"188527",0.159404868331112,0.0910128396237834,0.130572868077495,-0.0395600284537118,-0.0683920287073281,-0.0288320002536163
"23744",0.168088097185323,0.0913137083804952,0.135524832268067,-0.0442111238875717,-0.0767743888048283,-0.0325632649172566
"7584",0.0409825481794607,0.092017892837,0.0594086974661055,0.0326091953708945,0.0510353446575393,0.0184261492866448
"57067",0.0696967458857463,0.0950095714603266,0.0790142205847236,0.015995350875603,0.0253128255745803,0.00931747469897727
"436068",0.712653862304539,0.199389153014276,0.483641146188113,-0.284251993173836,-0.513264709290263,-0.229012716116427
"157319",0.10482856628211,0.0941776378739571,0.100636679355054,-0.00645904148109702,-0.010650928408153,-0.00419188692705602
"308159",0.0933979471953568,0.0740026824582655,0.0856839162363749,-0.0116812337781094,-0.0193952647370914,-0.00771403095898197
"510514",0.555107128537736,0.126584588633971,0.353667201645478,-0.227082613011507,-0.428522539903765,-0.201439926892257
"125485",0.179856506602738,0.0953682494066277,0.143908034843278,-0.0485397854366503,-0.0844882571961103,-0.03594847175946
"25196",0.280011149982026,0.133426958115243,0.217016476046758,-0.0835895179315149,-0.146584191866783,-0.0629946739352682
"459697",0.139100103411507,0.0753454198633806,0.112142989071164,-0.0367975692077833,-0.0637546835481265,-0.0269571143403431
"562593",0.105793368616561,0.0907085519433134,0.0998468950106386,-0.00913834306732511,-0.0150848166732479,-0.00594647360592278
"481841",0.0334372478216095,0.0814270575563773,0.0493030638692711,0.0321239936871062,0.0479898097347678,0.0158658160476617
"309200",0.124544680689774,0.0893718769460677,0.110224323780868,-0.0208524468348,-0.0351728037437064,-0.0143203569089064
"243119",1.07589020611454,0.15544548537381,1.07589020611454,-0.920444720740732,-0.920444720740732,0
"507892",0.131533331434632,0.117949931649731,0.126164567930762,-0.00821463628103056,-0.0135833997849001,-0.00536876350386956
"542202",0.0717088209515158,0.0847875096400284,0.0765987639313004,0.00818874570872807,0.0130786886885127,0.00488994297978458
"215696",0.131379100241413,0.106777146503024,0.121487282798932,-0.0147101362959082,-0.0246019537383894,-0.00989181744248112
"413109",0.0623625710523502,0.0855851008722543,0.0708281044956759,0.0147569963765785,0.0232225298199041,0.00846553344332566
"275619",0.474675107049804,0.0925231958902891,0.2903726923519,-0.19784949646161,-0.382151911159515,-0.184302414697905
"498003",0.0996978604012656,0.112516401922108,0.104592658096921,0.00792374382518646,0.0128185415208422,0.00489479769565579
"353363",0.104547476986,0.0876031718512626,0.0978324838138235,-0.0102293119625609,-0.0169443051347369,-0.00671499317217597
"139736",0.149250641932507,0.0954975875769173,0.127025040301779,-0.0315274527248621,-0.0537530543555896,-0.0222256016307275
"256322",0.16466975184716,0.121307378264028,0.14712230951812,-0.0258149312540924,-0.0433623735831322,-0.0175474423290398
"419376",0.148229673094001,0.0946345836123105,0.126035012432575,-0.0314004288202641,-0.0535950894816903,-0.0221946606614263
"530004",0.105745865799601,0.100034918530032,0.103495892723204,-0.003460974193172,-0.0057109472695685,-0.0022499730763965
"370468",0.0913916353397741,0.0936165819858303,0.0922653481847672,0.00135123380106311,0.00222494664605619,0.000873712844993074
"297005",0.14207364286759,0.0995159507765306,0.124183495506509,-0.024667544729978,-0.0425576920910599,-0.0178901473610819
"81803",0.205139224529332,0.100942982726965,0.16032099399187,-0.0593780112649052,-0.104196241802367,-0.0448182305374618
"276909",0.0367336220067847,0.0820909247703135,0.0519433270279485,0.0301475977423651,0.0453573027635288,0.0152097050211637
"472448",0.0962384725870786,0.0938109056625849,0.0952771143645846,-0.00146620870199966,-0.00242756692449367,-0.000961358222494005
"240798",0.074220892962104,0.0795778910385501,0.0769199078841479,0.00265798315440226,0.00535699807644612,0.00269901492204386
"483874",0.261362511243979,0.105841532152737,0.19273826014447,-0.0868967279917339,-0.155520979091242,-0.0686242510995081
"88863",0.0656786405527406,0.0974119792079542,0.0772194060190946,0.0201925731888596,0.0317333386552136,0.011540765466354
"469886",0.109583756868772,0.100455510856505,0.107592695700847,-0.00713718484434239,-0.00912824601226685,-0.00199106116792445
"50920",0.0467999624642874,0.0859746849457847,0.0604781104215951,0.0254965745241896,0.0391747224814973,0.0136781479573078
"368120",0.120050305668832,0.089279143825061,0.10763822497742,-0.0183590811523592,-0.0307711618437715,-0.0124120806914123
"40472",0.0598035946609557,0.0875800675997424,0.06988017888302,0.0176998887167224,0.0277764729387867,0.0100765842220643
"399260",0.0367648103348331,0.0760291637501149,0.0499605094614417,0.0260686542886732,0.0392643534152818,0.0131956991266086
"171432",0.130961765776781,0.0924630832694718,0.114854953484831,-0.0223918702153588,-0.0384986825073095,-0.0161068122919507
"76288",0.10000624213357,0.0866361135264234,0.0947251820594338,-0.00808906853301038,-0.0133701286071466,-0.00528106007413627
"385935",0.136296477653431,0.0768019686731321,0.115219387265449,-0.0384174185923168,-0.0594945089802991,-0.0210770903879823
"574436",0.122048117962741,0.108669764412026,0.11491288259609,-0.00624311818406412,-0.0133783535507147,-0.00713523536665059
"313487",0.0480590811295005,0.0856235712258045,0.061155348329881,0.0244682228959235,0.0375644900963039,0.0130962672003804
"62914",0.048223206006067,0.0968515382322435,0.0660629487928425,0.030788589439401,0.0486283322261765,0.0178397427867755
"60907",0.165098397309155,0.130554660684148,0.151232525437045,-0.0206778647528964,-0.0345437366250066,-0.0138658718721102
"63022",0.181057219558432,0.132911002657109,0.161513474828283,-0.0286024721711743,-0.0481462169013237,-0.0195437447301494
"146354",0.166890380896696,0.080526566395084,0.134221929881781,-0.0536953634866967,-0.0863638145016118,-0.0326684510149151
"414693",0.0487672351874619,0.0979544401171873,0.0666659187994948,0.0312885213176926,0.0491872049297254,0.0178986836120328
"61430",0.068809057337412,0.0976373172580025,0.0778559698824703,0.0197813473755322,0.0288282599205906,0.00904691254505831
"248189",0.172477552679114,0.131222380623819,0.155782199254872,-0.024559818631053,-0.041255172055295,-0.016695353424242
"203568",0.261422400230419,0.150975129522848,0.215426283816098,-0.0644511542932508,-0.110447270707571,-0.0459961164143203
"154608",0.160704161893174,0.102781175549033,0.136690218016084,-0.0339090424670503,-0.0579229863441409,-0.0240139438770906
"484586",0.122448476729178,0.111370885493269,0.117390289604503,-0.00601940411123418,-0.0110775912359088,-0.00505818712467465
"504994",0.0827725592777021,0.0746713285474273,0.078406729804249,-0.0037354012568217,-0.00810123073027479,-0.00436582947345308
"48190",0.2920552171326,0.100008172693755,0.205293979086174,-0.105285806392419,-0.192047044438846,-0.0867612380464261
"557964",0.085443777086945,0.0841763285078734,0.0846918246458102,-0.000515496137936777,-0.0012674485790716,-0.000751952441134823
"331575",0.179666662684797,0.122290753254011,0.154885724750342,-0.0325949714963308,-0.0573759094307858,-0.024780937934455
"26080",0.148045498250808,0.121063405404133,0.137310824612742,-0.0162474192086084,-0.0269820928466745,-0.010734673638066
"271952",0.0335520533252963,0.0813867256404163,0.0493469140577394,0.0320398115826769,0.04783467231512,0.0157948607324431
"205263",0.34975336361896,0.155638899667346,0.266171552734823,-0.110532653067477,-0.194114463951613,-0.0835818108841362
"42416",0.142869455940499,0.108941063859769,0.129097524528535,-0.0201564606687663,-0.0339283920807306,-0.0137719314119643
"250774",0.390138993146077,0.126639606507236,0.270879192605055,-0.144239586097819,-0.263499386638842,-0.119259800541023
"527038",1.14134378398382,0.207607523945992,1.14134378398382,-0.933736260037832,-0.933736260037832,0
"185139",0.120779549726617,0.0921434877613854,0.110936276208922,-0.0187927884475364,-0.0286360619652313,-0.00984327351769483
"117716",0.0506743690569009,0.0871457911496337,0.0634737290938006,0.0236720620558331,0.0364714220927328,0.0127993600368996
"492677",0.0477485621026828,0.0811149239109504,0.0594522166545676,0.0216627072563828,0.0333663618082676,0.0117036545518848
"55975",0.0780923304472825,0.0897917460403228,0.0825245737806451,0.00726717225967764,0.0116994155930402,0.0044322433333626
"94385",0.0503020545760173,0.0943355133585009,0.0658001702589115,0.0285353430995894,0.0440334587824837,0.0154981156828943
"3037",0.133845730064986,0.0857583516903052,0.11395941381792,-0.0282010621276148,-0.0480873783746806,-0.0198863162470657
"95474",0.158248074664824,0.105037638882669,0.136284625734831,-0.031246986852162,-0.0532104357821553,-0.0219634489299933
"171499",0.0719807490026689,0.0983424327056591,0.080471011659792,0.0178714210458671,0.0263616837029902,0.00849026265712316
"97896",0.294971588336081,0.11887697434748,0.217457403300453,-0.0985804289529729,-0.176094613988601,-0.0775141850356279
"56928",0.117745317601267,0.0916556368069854,0.107280356241857,-0.0156247194348711,-0.0260896807942813,-0.0104649613594101
"206189",0.244551844454551,0.111395225172305,0.186727820762844,-0.0753325955905383,-0.133156619282246,-0.0578240236917074
"357302",0.186482833530245,0.12395324125597,0.160713613119232,-0.0367603718632624,-0.0625295922742757,-0.0257692204110133
"124896",0.140737623552334,0.0918578710066994,0.123675003716406,-0.0318171327097063,-0.0488797525456351,-0.0170626198359287
"287602",1.36631416039521,0.208164874232633,1.36631416039521,-1.15814928616258,-1.15814928616258,0
"447913",0.360948661010334,0.169095831090188,0.278632694100258,-0.109536863010071,-0.191852829920146,-0.0823159669100756
"544522",0.0546672746395,0.0993817156546688,0.0704689029019318,0.028912812752737,0.0447144410151688,0.0158016282624318
"90685",0.0778078474014928,0.0972345908375886,0.085111872812042,0.0121227180255465,0.0194267434360957,0.0073040254105492
"65460",0.170372832950216,0.126353159438979,0.152470363349022,-0.0261172039100426,-0.0440196735112366,-0.0179024696011941
"466099",0.22204786262366,0.110889548724596,0.174532827003726,-0.06364327827913,-0.111158313899064,-0.0475150356199344
"205023",0.0895470652596146,0.103777095810432,0.0949471438563826,0.00882995195404962,0.0142300305508176,0.00540007859676794
"198265",0.0942847023149083,0.0947301320342258,0.0959348776359933,-0.00120474560176748,0.000445429719317478,0.00165017532108495
"437160",0.386542783740136,0.125526771879842,0.269587745195201,-0.144060973315358,-0.261016011860294,-0.116955038544935
"437027",0.181439960528084,0.114877469618374,0.153793384826999,-0.0389159152086244,-0.0665624909097092,-0.0276465757010848
"479180",0.231426120367379,0.100962191232768,0.174379095109294,-0.0734169038765256,-0.130463929134611,-0.0570470252580852
"338869",0.0872957566886113,0.0752630054979018,0.0825632323684489,-0.00730022687054711,-0.0120327511907095,-0.00473252432016241
"536124",0.118378315584505,0.100224038722597,0.111136275050051,-0.0109122363274542,-0.0181542768619084,-0.00724204053445425
"214226",1.56675388994509,0.246302791912724,1.56675388994509,-1.32045109803236,-1.32045109803236,0
"489693",0.175484213744572,0.104061075337121,0.145513365519486,-0.0414522901823654,-0.0714231384074513,-0.0299708482250859
"341222",0.0482013941024147,0.0823911378212243,0.0601890652882089,0.0222020725330154,0.0341897437188095,0.0119876711857942
"96111",0.213349559554789,0.0925945490123136,0.160527268749152,-0.0679327197368383,-0.120755010542475,-0.0528222908056368
"80068",0.233318515964949,0.155001013437374,0.201272186688096,-0.0462711732507222,-0.0783175025275756,-0.0320463292768533
"442210",0.0615628593674037,0.0925339162280427,0.072792707242132,0.0197412089859108,0.030971056860639,0.0112298478747283
"52594",0.450059033426868,0.094038984272317,0.279394966227764,-0.185355981955447,-0.356020049154551,-0.170664067199103
"53867",0.191374563075392,0.103745155392376,0.153979825120163,-0.0502346697277867,-0.0876294076830153,-0.0373947379552287
"172081",0.0657036344946105,0.0877309768457007,0.0738057253103235,0.0139252515353772,0.0220273423510902,0.00810209081571303
"54488",0.189161288029871,0.110004253534941,0.155797901524028,-0.0457936479890872,-0.0791570344949302,-0.033363386505843
"563745",0.239550039889371,0.149110283595145,0.201989736808034,-0.0528794532128881,-0.0904397562942254,-0.0375603030813373
"230034",0.0172186603474451,0.0864486270214333,0.0379098522867304,0.0485387747347028,0.0692299666739882,0.0206911919392854
"437946",0.038799675577522,0.081639945176155,0.0533357733998918,0.0283041717762632,0.0428402695986329,0.0145360978223698
"37983",0.0965708348220284,0.11446844498501,0.103416032769393,0.0110524122156172,0.0178976101629817,0.00684519794736449
"522187",0.0555019074993227,0.0884977457409261,0.0673417491231837,0.0211559966177423,0.0329958382416034,0.011839841623861
"138554",0.065897165924432,0.0876971859534303,0.0738899718596986,0.0138072140937317,0.0218000200289983,0.00799280593526659
"446277",0.485855050442384,0.126735601864263,0.31936914054468,-0.192633538680418,-0.359119448578121,-0.166485909897704
"340608",0.238558010494995,0.106079350861975,0.18086233586167,-0.0747829849996948,-0.132478659633019,-0.0576956746333246
"172656",0.127909753095696,0.113807683697373,0.122256131362003,-0.00844844766462999,-0.0141020693983235,-0.00565362173369355
"41990",0.0515467332008292,0.0844673156500307,0.0632348554487803,0.0212324602012504,0.0329205824492015,0.0116881222479511
"481938",0.41858499238497,0.148433548082195,0.298434770539249,-0.150001222457054,-0.270151444302776,-0.120150221845721
"80330",0.448335716614094,0.179752262649068,0.332081007532478,-0.15232874488341,-0.268583453965025,-0.116254709081615
"527531",0.128566268933712,0.104930701532202,0.119091052218196,-0.0141603506859943,-0.0236355674015102,-0.00947521671551586
"460617",1.22557118639723,0.286332394852843,0.809584713539195,-0.523252318686352,-0.939238791544387,-0.415986472858035
"572961",0.160644091972327,0.0943471098974773,0.132846409678764,-0.0384992997812871,-0.0662969820748497,-0.0277976822935626
"305842",0.392680842757539,0.139460454762417,0.279683365654268,-0.140222910891851,-0.253220387995122,-0.112997477103271
"264490",0.175556522820413,0.0834433261086415,0.135732806986001,-0.0522894808773594,-0.0921131967117717,-0.0398237158344123
"531510",0.147026637822674,0.0857972841744771,0.121369212183295,-0.0355719280088181,-0.0612293536481972,-0.025657425639379
"225503",0.121006973124568,0.0998058802161126,0.112567900456004,-0.0127620202398913,-0.0212010929084553,-0.00843907266856399
"264981",0.0857927999402664,0.081792204914418,0.0842484691855261,-0.00245626427110805,-0.00400059502584839,-0.00154433075474034
"318888",0.13031669491302,0.103194631183257,0.119393381357781,-0.0161987501745243,-0.0271220637297636,-0.0109233135552394
"196801",0.0850448405893193,0.0804380263471911,0.0832710494288301,-0.00283302308163899,-0.00460681424212821,-0.00177379116048922
"39309",0.151163257128299,0.103250647817759,0.13144833928051,-0.0281976914627514,-0.0479126093105401,-0.0197149178477887
"343401",0.105637257405125,0.0983812604614668,0.102773464729329,-0.00439220426786185,-0.00725599694365824,-0.00286379267579638
"416888",0.325688227757032,0.154398436611421,0.249267381994367,-0.0948689453829459,-0.171289791145611,-0.0764208457626651
"495092",0.0605432258424441,0.0811815088311467,0.0681032572732005,0.0130782515579463,0.0206382829887026,0.00756003143075634
"25724",0.0966592656828171,0.117368297983017,0.104542455139452,0.0128258428435645,0.0207090323001997,0.00788318945663517
"287384",0.125031538292824,0.0956411305805213,0.114661659216717,-0.0190205286361961,-0.0293904077123032,-0.0103698790761071
"373149",0.0686161213861957,0.107055292662759,0.082482886603217,0.0245724060595418,0.0384391712765631,0.0138667652170213
"173308",0.292109971485495,0.11575762106313,0.21411295829341,-0.0983553372302809,-0.176352350422365,-0.0779970131920845
"302392",0.14945687794342,0.118351645865692,0.136767787692157,-0.0184161418264651,-0.0311052320777281,-0.012689090251263
"88470",0.142517228928385,0.135471326961362,0.139756047975842,-0.00428472101448005,-0.00704590196702304,-0.00276118095254299
"44036",0.215663752235663,0.115562519299494,0.173128667121602,-0.0575661478221084,-0.10010123293617,-0.0425350851140614
"473167",0.299147666740578,0.112675032511103,0.216102733774641,-0.103427701263538,-0.186472634229475,-0.0830449329659369
"203672",0.0514295221237744,0.0860794946486751,0.0636766759790662,0.0224028186696089,0.0346499725249006,0.0122471538552918
"71599",0.117179962701167,0.0807605803563083,0.101405497316956,-0.0206449169606476,-0.0364193823448585,-0.0157744653842109
"350921",0.256219718535646,0.117542368050251,0.19595475912998,-0.0784123910797294,-0.138677350485395,-0.0602649594056658
"37170",1.42649013504384,0.109921559172394,1.42649013504384,-1.31656857587144,-1.31656857587144,0
"116715",0.0429752103820842,0.0825380767642558,0.0558588767517883,0.0266792000124676,0.0395628663821716,0.012883666369704
"89024",0.0764655877500218,0.0915058162959472,0.082122488222957,0.00938332807299028,0.0150402285459254,0.00565690047293511
"243651",0.187690733974914,0.0992860566367309,0.150018038347173,-0.0507319817104419,-0.0884046773381833,-0.0376726956277414
"572970",2.51456779690482,0.226362190987173,2.51456779690482,-2.28820560591764,-2.28820560591764,0
"16739",0.0701230394217189,0.11227217231443,0.0852888280763156,0.0269833442381148,0.0421491328927115,0.0151657886545967
"93059",0.115504088777459,0.100114909586478,0.109434948089386,-0.00932003850290758,-0.0153891791909809,-0.00606914068807334
"549536",0.05216831082694,0.084700687945599,0.0637254101398318,0.0209752778057672,0.032532377118659,0.0115570993128918
"3192",0.404031204278084,0.149630941574375,0.290889672925382,-0.141258731351008,-0.25440026270371,-0.113141531352702
"223276",0.0579728454677346,0.0935684035677968,0.070840293909499,0.0227281096582978,0.0355955581000622,0.0128674484417644
"459836",0.177051883019072,0.138730648030685,0.161593721998179,-0.0228630739674945,-0.0383212349883876,-0.0154581610208931
"39239",0.135416208108387,0.100193081952234,0.121146640020029,-0.0209535580677952,-0.0352231261561534,-0.0142695680883582
"437639",0.1950968998006,0.144672119161636,0.174745457406881,-0.0300733382452446,-0.0504247806389637,-0.0203514423937191
"7257",0.072394938320343,0.102882420550437,0.0836736911054861,0.0192087294449507,0.0304874822300938,0.0112787527851431
"248332",0.202075809513307,0.116836771582218,0.16600711211742,-0.0491703405352022,-0.0852390379310891,-0.0360686973958869
"552929",0.150102537049931,0.092638002903375,0.122757475396139,-0.0301194724927644,-0.0574645341465557,-0.0273450616537914
"243215",0.351550838097972,0.19547075500074,0.286389950328501,-0.0909191953277617,-0.156080083097232,-0.0651608877694702
"135066",0.0957307013921326,0.0965384493198715,0.0961978675186646,0.000340581801206968,0.000807747927738897,0.000467166126531929
"204278",0.0426480303911467,0.0904832920021831,0.0589769597967294,0.0315063322054537,0.0478352616110365,0.0163289294055828
"25618",0.171554407987887,0.143884491997303,0.16056154211407,-0.0166770501167672,-0.027669915990584,-0.0109928658738168
"24675",0.13655534017818,0.0990280901236208,0.121294010688204,-0.0222659205645835,-0.0375272500545596,-0.0152613294899761
"331882",0.160284297914827,0.106499664761153,0.138102423653856,-0.0316027588927029,-0.0537846331536737,-0.0221818742609708
"3354",0.707143491244273,0.117830352351492,0.707143491244273,-0.589313138892781,-0.589313138892781,0
"256627",0.1666250911014,0.133606347718428,0.153333453993067,-0.0197271062746396,-0.0330187433829718,-0.0132916371083322
"489678",0.150703062369441,0.101031833580084,0.130329740642644,-0.0292979070625595,-0.049671228789357,-0.0203733217267975
"496158",0.0710609311574443,0.0874744370645068,0.0771968871604405,0.0102775499040664,0.0164135059070626,0.00613595600299618
"160209",0.0540327138115062,0.0895748597760583,0.0666830854235153,0.022891774352543,0.0355421459645521,0.0126503716120091
"474067",0.0655571079325843,0.0867981135867189,0.073041914218868,0.0137561993678509,0.0212410056541346,0.00748480628628373
"543183",0.100457295495162,0.105525227053893,0.102401485733309,0.00312374132058491,0.00506793155873124,0.00194419023814633
"476460",0.219674375978417,0.115532575361328,0.175350955795248,-0.0598183804339199,-0.10414180061709,-0.0443234201831699
"576304",0.162669329856561,0.13309977497048,0.150760536171939,-0.0176607612014591,-0.0295695548860813,-0.0119087936846222
"52220",0.109802539224543,0.114705813837017,0.111715259394119,0.00299055444289785,0.00490327461247424,0.00191272016957639
"101442",0.0113597441688443,0.0812956580096898,0.0316565280289192,0.0496391299807706,0.0699359138408454,0.0202967838600748
"95509",0.131047387894849,0.102269934423793,0.11950253177978,-0.017232597355987,-0.028777453471056,-0.011544856115069
"125136",0.0419762746466045,0.104925190696469,0.0632735312382009,0.0416516594582679,0.0629489160498643,0.0212972565915964
"82649",0.196680355925722,0.139756046021149,0.173498488476045,-0.0337424424548954,-0.056924309904573,-0.0231818674496776
"134576",0.0185168313214904,0.0820210257985118,0.038336131464895,0.0436848943336167,0.0635041944770214,0.0198193001434046
"90356",0.122586262806838,0.0829670632800309,0.106325295044306,-0.0233582317642754,-0.0396191995268066,-0.0162609677625313
"183989",0.189801488553203,0.0932685395207127,0.148250947787113,-0.0549824082664004,-0.09653294903249,-0.0415505407660895
"301535",0.0819287825310968,0.094080948507712,0.0870269930797735,0.00705395542793853,0.0121521659766153,0.00509821054867675
"208550",0.0254369180411459,0.0813525137138426,0.0431165835015662,0.0382359302122764,0.0559155956726967,0.0176796654604203
"186224",0.046377026739603,0.0979643209993012,0.0643972064568015,0.0335671145424998,0.0515872942596982,0.0180201797171985
"340586",0.0692636133240045,0.0793136863759331,0.0730227424773951,0.00629094389853797,0.0100500730519286,0.00375912915339061
"549216",0.0654178281403056,0.096814350835811,0.0768411706421267,0.0199731801936842,0.0313965226955053,0.0114233425018211
"50224",0.0276812501679699,0.0815946396044278,0.0453605774464866,0.0362340621579412,0.053913389436458,0.0176793272785167
"251461",0.0140490719825108,0.0912960814397603,0.0364967449493161,0.0547993364904442,0.0772470094572495,0.0224476729668052
"516268",0.387115830666291,0.108318138595001,0.258390002760529,-0.150071864165528,-0.27879769207129,-0.128725827905762
"41987",0.285523964341641,0.110692745516015,0.207948045814444,-0.0972553002984291,-0.174831218825625,-0.0775759185271961
"125316",0.330876979917097,0.120680443600426,0.237272626680621,-0.116592183080195,-0.210196536316671,-0.0936043532364756
"65838",0.0897818617101684,0.129126920373283,0.104317087760621,0.0248098326126619,0.0393450586631148,0.0145352260504529
"26327",0.084267588973973,0.117728030397302,0.096691631660464,0.0210363987368378,0.0334604414233288,0.012424042686491
"20049",0.281792512179323,0.159815685129246,0.229995988169263,-0.0701803030400169,-0.121976827050077,-0.0517965240100604
"129835",0.262323202599556,0.10316074064106,0.191815281183493,-0.0886545405424333,-0.159162461958496,-0.0705079214160624
"189032",0.0688380402012818,0.0956828676222808,0.0787160349520455,0.0169668326702353,0.0268448274209989,0.00987799475076365
"107040",0.232049835537956,0.163738510881908,0.203868842272988,-0.0401303313910801,-0.0683113246560476,-0.0281809932649675
"319615",10,0.234842732331445,10,-9.76515726766856,-9.76515726766856,0
"11203",0.108518973583591,0.0853491682238238,0.0991996331496493,-0.0138504649258255,-0.0231698053597676,-0.00931934043394209
"446322",0.0358509454517448,0.0790161013482266,0.0502320756557275,0.0287840256924991,0.0431651558964818,0.0143811302039827
"24546",0.0891097175214615,0.106398392553003,0.0956687486035741,0.0107296439494289,0.0172886750315415,0.00655903108211267
"76309",0.397650868642806,0.148778542581183,0.287977360960551,-0.139198818379368,-0.248872326061623,-0.109673507682255
"23695",0.54354578704133,0.115414089481723,0.340615721051016,-0.225201631569293,-0.428131697559607,-0.202930065990314
"306540",0.199436100892513,0.117026964988846,0.164846180079678,-0.0478192150908316,-0.082409135903667,-0.0345899208128354
"157795",7.93926553818931,0.315815112342433,7.93926553818931,-7.62345042584688,-7.62345042584688,0
"148698",0.61016858993414,0.189454179908148,0.423824822340303,-0.234370642432155,-0.420714410025992,-0.186343767593837
"9532",0.179856162131823,0.110858178852132,0.151091708900056,-0.0402335300479247,-0.0689979832796915,-0.0287644532317668
"484206",0.153913656074927,0.113145256493523,0.137320546149484,-0.0241752896559613,-0.0407683995814043,-0.016593109925443
"183414",0.110313404037643,0.1106211950584,0.110370127861707,0.000251067196692489,0.000307791020757106,5.67238240646167e-05
"533624",0.102720794748365,0.106869523482834,0.104362860996802,0.00250666248603172,0.00414872873446959,0.00164206624843787
"357678",0.065643083066818,0.0949133553400402,0.0752291157115929,0.0196842396284472,0.0292702722732222,0.00958603264477495
"281936",0.138855074674072,0.110898865296475,0.127604733789188,-0.0167058684927126,-0.0279562093775962,-0.0112503408848836
"506371",0.196200076363164,0.0788765836580956,0.152744495739242,-0.0738679120811468,-0.117323492705068,-0.0434555806239213
"567504",0.12760640132219,0.108364227759119,0.119930227310579,-0.0115659995514594,-0.0192421735630707,-0.00767617401161132
"559591",0.194120232587046,0.0933787275986778,0.150723038022258,-0.05734431042358,-0.100741504988368,-0.0433971945647883
"306882",0.073708250058249,0.0831405159316716,0.0766583323887515,0.00648218354292011,0.00943226587342258,0.00295008233050247
"89498",0.18395057724436,0.162831979746375,0.175647168147524,-0.0128151884011493,-0.0211185974979849,-0.00830340909683561
"335994",0.064882147032229,0.0861858628615554,0.0727115759414601,0.0134742869200953,0.0213037158293264,0.00782942890923112
"299528",9.15668574261878,0.432798388987947,9.15668574261878,-8.72388735363083,-8.72388735363083,0
"480656",0.201120118125351,0.15015267462376,0.180399105257079,-0.0302464306333186,-0.0509674435015914,-0.0207210128682728
"52610",0.130394028382742,0.113331652312849,0.123510735400826,-0.0101790830879774,-0.0170623760698933,-0.0068832929819159
"418504",0.0913280214017115,0.121679592699742,0.102666686649043,0.0190129060506993,0.0303515712980304,0.0113386652473311
"465640",0.14462837905129,0.125427288790929,0.137014617761977,-0.011587328971048,-0.0192010902603616,-0.00761376128931365
"42676",0.125861724549856,0.106081770115235,0.11796637179668,-0.011884601681445,-0.0197799544346212,-0.00789535275317618
"16364",0.12278987221406,0.111397788530771,0.118281802842624,-0.00688401431185347,-0.0113920836832889,-0.00450806937143546
"135478",0.404265928416034,0.195957080848005,0.316152032538166,-0.120194951690161,-0.208308847568028,-0.0881138958778678
"125576",0.0544482072669645,0.0783191608323366,0.0632831845196143,0.0150359763127223,0.0238709535653722,0.00883497725264985
"139511",0.301530516284024,0.129307233922036,0.226342615825572,-0.0970353819035355,-0.172223282361988,-0.0751879004584523
"300010",0.619072892819394,0.210284520300041,0.440316800172947,-0.230032279872906,-0.408788372519353,-0.178756092646447
"310306",0.128375384130283,0.111138150263434,0.121556550164917,-0.0104183999014836,-0.0172372338668492,-0.00681883396536558
"324040",0.0553237876412562,0.0942005725193844,0.0692333095736966,0.0249672629456878,0.0388767848781282,0.0139095219324404
"4543",0.0920758788484528,0.101398368963404,0.0956473670641202,0.00575100189928349,0.00932249011495088,0.0035714882156674
"142246",0.254506598813129,0.147593223302458,0.209690994337203,-0.0620977710347456,-0.106913375510672,-0.044815604475926
"283060",0.0457880391706676,0.0824967799510656,0.0572518896764305,0.025244890274635,0.036708740780398,0.0114638505057629
"223617",0.35525728305375,0.0811559462110914,0.22469829538031,-0.143542349169219,-0.274101336842659,-0.13055898767344
"77634",0.0941755258795943,0.0865328042455407,0.0911896630110185,-0.00465685876547775,-0.00764272163405359,-0.00298586286857584
"321277",0.145567970980411,0.0931475116048801,0.123853981872675,-0.0307064702677947,-0.0524204593755314,-0.0217139891077367
"6990",0.115751695157521,0.105688766171008,0.111797806601223,-0.00610904043021597,-0.0100629289865138,-0.00395388855629786
"540819",0.309039566336832,0.135670488938425,0.233453298870184,-0.0977828099317582,-0.173369077398407,-0.0755862674666483
"366531",0.0338856057376892,0.0923229722268783,0.0531206146519146,0.0392023575749636,0.0584373664891891,0.0192350089142255
"481896",0.0781954036391367,0.081040890746078,0.0811378522740468,-9.69615279688418e-05,0.00284548710694132,0.00294244863491017
"24983",0.0322269541506321,0.0839591986888056,0.0492232409491757,0.0347359577396299,0.0517322445381735,0.0169962867985436
"120571",0.0590170021884949,0.109584754611641,0.0770150009997203,0.0325697536119206,0.0505677524231459,0.0179979988112254
"340275",0.0999174990559467,0.0944784181575394,0.0977754651835661,-0.00329704702602666,-0.00543908089840733,-0.00214203387238067
"80121",0.0789427088456172,0.102634190779557,0.0878385708657516,0.0147956199138059,0.0236914819339403,0.0088958620201344
"88794",0.0416106496737936,0.0955732438957638,0.0598943571570799,0.0356788867386839,0.0539625942219701,0.0182837074832863
"219779",0.0469602758906157,0.103131893726385,0.0664918372660844,0.0366400564603004,0.0561716178357691,0.0195315613754687
"24526",0.186581581467979,0.109522048115,0.154023811221665,-0.0445017631066642,-0.077059533352979,-0.0325577702463147
"53341",0.0598947472645561,0.123914280458169,0.0821311597016802,0.0417831207564885,0.0640195331936126,0.0222364124371241
"37664",0.251596870429145,0.121687649855102,0.19563501984597,-0.0739473699908685,-0.129909220574043,-0.0559618505831749
"500862",0.192509067748427,0.180444930476068,0.187756062322642,-0.00731113184657392,-0.0120641372723598,-0.00475300542578591
"40697",0.155811103642556,0.102519859892999,0.13365215256957,-0.0311322926765714,-0.0532912437495569,-0.0221589510729856
"243823",0.0382260015258909,0.0972203420807885,0.0576843773254366,0.039535964755352,0.0589943405548976,0.0194583757995457
"139214",0.767268984094984,0.151959922800388,0.476859393330957,-0.324899470530569,-0.615309061294596,-0.290409590764027
"485215",0.0333083391402162,0.0996411035461187,0.055013884927728,0.0446272186183907,0.0663327644059024,0.0217055457875118
"482650",0.0988882004037799,0.103771011428817,0.101302595700463,0.00246841572835439,0.00488281102503724,0.00241439529668284
"329514",0.0766821346069511,0.10379443920734,0.0867552900210533,0.0170391491862864,0.0271123046003887,0.0100731554141022
"574524",0.0262125106888017,0.0756360863598384,0.0417355353974116,0.0339005509624268,0.0494235756710367,0.0155230247086099
"359946",0.121961693521374,0.113898915168218,0.118767547938167,-0.00486863276994869,-0.0080627783531558,-0.00319414558320712
"481950",0.0355480273940965,0.0900532862611606,0.0552863624065521,0.0347669238546085,0.0545052588670642,0.0197383350124557
"289257",0.0695352378007108,0.102181927816158,0.0818037932427365,0.0203781345734218,0.0326466900154476,0.0122685554420257
"94440",0.178941101505989,0.102360850128336,0.146670931473522,-0.0443100813451866,-0.0765802513776535,-0.0322701700324669
"434254",0.109315665361086,0.10533366982853,0.107756605858971,-0.00242293603044078,-0.00398199553255614,-0.00155905950211536
"521289",0.221769037275703,0.128339621840817,0.182379090610837,-0.0540394687700191,-0.0934294154348858,-0.0393899466648667
"217083",1.71547009690036,0.25821480168399,1.71547009690036,-1.45725529521637,-1.45725529521637,0
"362115",0.247217463297593,0.121133278682146,0.192989597715761,-0.0718563190336148,-0.126084184615447,-0.0542278655818321
"469734",0.0285118304033714,0.0879690191938449,0.0477523317836685,0.0402166874101764,0.0594571887904735,0.0192405013802971
"179461",0.216871064784017,0.128369435923292,0.179589402018787,-0.0512199660954943,-0.0885016288607248,-0.0372816627652305
"83450",0.281296370613399,0.157546173203553,0.229020209611643,-0.0714740364080902,-0.123750197409846,-0.052276161001756
"177358",0.908152373268674,0.133454052422495,0.908152373268674,-0.774698320846178,-0.774698320846178,0
"10225",0.065233526009645,0.0845880900405673,0.0723483154693484,0.0122397745712189,0.0193545640309224,0.00711478945970349
"55781",0.0302634506942023,0.101899341395639,0.0533495334641248,0.0485498079315146,0.0716358907014372,0.0230860827699225
"389534",0.0439929181318113,0.0998716687834039,0.0621731223834505,0.0376985463999534,0.0558787506515926,0.0181802042516392
"255015",0.115343501726358,0.120593699622655,0.11738197450838,0.00321172511427534,0.00525019789629669,0.00203847278202135
"511144",0.03422993005076,0.0779106540701004,0.0492032850889378,0.0287073689811626,0.0436807240193404,0.0149733550381778
"563025",0.596253761134742,0.161192982170854,0.396820123214353,-0.2356271410435,-0.435060778963889,-0.199433637920389
"417985",1.19557774698855,0.125948272550745,1.19557774698855,-1.0696294744378,-1.0696294744378,0
"450621",0.0534853902793758,0.0998611228389292,0.0699640741896195,0.0298970486493097,0.0463757325595535,0.0164786839102437
"506911",0.0606139910795492,0.0897428897646462,0.0711519487429012,0.018590941021745,0.029128898685097,0.0105379576633521
"531302",0.217118652971872,0.105352315149491,0.168879497555159,-0.0635271824056683,-0.111766337822381,-0.0482391554167131
"564900",0.0569504390828958,0.0971406502210676,0.071246409576182,0.0258942406448857,0.0401902111381718,0.0142959704932861
"30193",0.163615313513841,0.133081899831937,0.151272123060805,-0.0181902232288678,-0.0305334136819046,-0.0123431904530368
"96548",0.0949107246067422,0.106783975024401,0.099441660298126,0.00734231472627546,0.0118732504176593,0.00453093569138381
"414418",0.0727017395676211,0.0981936575691021,0.0821361246570907,0.0160575329120114,0.0254919180014811,0.00943438508946964
"94971",0.141378052648031,0.157097078686961,0.14742344473924,0.00967363394772097,0.0157190260389294,0.00604539209120847
"514482",0.051803661729331,0.104275194457843,0.0701704587634757,0.0341047356943677,0.0524715327285124,0.0183667970341447
"465564",0.337956681605621,0.107581786444941,0.233422986691273,-0.125841200246332,-0.230374895160681,-0.104533694914348
"497499",0.0434981107746847,0.0826134330250445,0.0569744096111503,0.0256390234138941,0.0391153222503598,0.0134762988364657
"13533",0.0668387752375169,0.0914286268154332,0.0756856686912893,0.0157429581241439,0.0245898515779163,0.00884689345377239
"270274",0.05828087390133,0.0984397419269226,0.0725631964888617,0.0258765454380609,0.0401588680255927,0.0142823225875318
"77047",0.789063623915638,0.188050623468052,0.513763821346735,-0.325713197878683,-0.601013000447585,-0.275299802568902
"308916",0.0547916592642357,0.0891834344018813,0.0687040538805014,0.0204793805213798,0.0343917751376456,0.0139123946162658
"496541",0.147108592359152,0.132379500888569,0.141237026319553,-0.00885752543098411,-0.0147290914705827,-0.00587156603959862
"211078",0.191344667907917,0.122402848959547,0.162683175417522,-0.0402803264579752,-0.0689418189483704,-0.0286614924903953
"314887",0.584362824240211,0.218203694307363,0.424031156821099,-0.205827462513736,-0.366159129932848,-0.160331667419112
"485669",0.0151518531592664,0.0749529672710241,0.0325051948928724,0.0424477723781517,0.0598011141117577,0.017353341733606
"362043",0.102890233832534,0.094338287129821,0.0995547379628711,-0.00521645083305017,-0.00855194670271286,-0.0033354958696627
"257271",0.114599897437497,0.10796322087989,0.112004612164994,-0.00404139128510431,-0.00663667655760794,-0.00259528527250363
"39172",0.226828270762271,0.162850042297679,0.200817392485215,-0.037967350187536,-0.0639782284645922,-0.0260108782770562
"482233",0.115404393377252,0.148621230552969,0.12793980397274,0.0206814265802293,0.0332168371757166,0.0125354105954874
"285910",0.157071842415717,0.110337202567544,0.137829129489559,-0.0274919269220149,-0.0467346398481731,-0.0192427129261582
"569661",0.245488952593815,0.0797284808899891,0.170015061587063,-0.0902865806970736,-0.165760471703826,-0.0754738910067523
"290145",0.0438559281614987,0.0996238184743722,0.0628409573031196,0.0367828611712526,0.0557678903128735,0.0189850291416209
"130753",0.0553419666828476,0.0763879524269929,0.0651000983651778,0.0112878540618151,0.0210459857441454,0.00975813168233024
"214357",0.0944039160124116,0.0934918531499081,0.0970319143765733,-0.00354006122666517,-0.000912062862503463,0.00262799836416171
"159662",0.209616598006067,0.12520401727549,0.174005125902808,-0.0488011086273173,-0.0844125807305773,-0.03561147210326
"42310",0.0793155729819808,0.074837120038779,0.0803600748818397,-0.00552295484306076,-0.00447845294320182,0.00104450189985894
"481942",0.144449982656695,0.110410127922101,0.130636855152139,-0.0202267272300381,-0.0340398547345939,-0.0138131275045557
"436827",0.0707260136320628,0.131843307863818,0.0923665451607292,0.0394767627030888,0.0611172942317552,0.0216405315286664
"434903",0.160202801638455,0.10457766373429,0.137187847272505,-0.0326101835382145,-0.0556251379041647,-0.0230149543659502
"164689",0.194051093221598,0.121556450052251,0.163886149325939,-0.0423296992736885,-0.0724946431693471,-0.0301649438956585
"17152",0.143699803343416,0.115999399284487,0.132574302808447,-0.01657490352396,-0.027700404058929,-0.011125500534969
"20090",0.105283440439916,0.117633169172022,0.110025037241759,0.00760813193026384,0.0123497287321062,0.00474159680184234
"289144",1.04291966600019,0.234153313072336,0.67139045748199,-0.437237144409654,-0.808766352927859,-0.371529208518205
"346013",0.143046320366376,0.11480351917253,0.131699236991787,-0.0168957178192572,-0.0282428011938463,-0.0113470833745891
"17114",0.209873845875338,0.127844654202691,0.175585374311018,-0.0477407201083273,-0.0820291916726479,-0.0342884715643206
"563697",0.0745917594369434,0.106564245022925,0.0847164843582675,0.0218477606646575,0.0319724855859815,0.0101247249213241
"487256",0.0622386745870732,0.116518719007052,0.0803386163253093,0.0361801026817431,0.0542800444199792,0.0180999417382361
"49244",0.439414577475041,0.141258176085481,0.305011973727155,-0.163753797641674,-0.298156401389561,-0.134402603747886
"336456",0.125928896241211,0.109823480326165,0.119005758942021,-0.00918227861585633,-0.0161054159150459,-0.00692313729918961
"233795",0.374759642802016,0.113897334208437,0.255952209596853,-0.142054875388416,-0.260862308593579,-0.118807433205163
"68624",0.123754968184006,0.107907364676783,0.117466059703667,-0.00955869502688343,-0.0158476035072223,-0.00628890848033889
"44385",0.128436583812332,0.117407420127555,0.124073161744796,-0.00666574161724055,-0.0110291636847767,-0.00436342206753612
"386681",0.169620934237143,0.102092066689639,0.141316696318651,-0.039224629629012,-0.0675288675475041,-0.0283042379184921
"466514",0.196741443360185,0.152306951370803,0.177303517496531,-0.0249965661257283,-0.0444344919893829,-0.0194379258636546
"120404",0.092737869760175,0.103710294018026,0.0964284833070156,0.0072818107110101,0.0109724242578507,0.00369061354684058
"392498",0.0797198810217785,0.104999203293091,0.0891700373216695,0.0158291659714213,0.0252793222713122,0.00945015629989095
"476437",0.092604316978681,0.105125859001712,0.0973950794326409,0.00773077956907128,0.0125215420230312,0.00479076245395994
"397796",0.177609203716425,0.0790695489097413,0.134716401363668,-0.0556468524539269,-0.0985396548066833,-0.0428928023527564
"528799",0.0256482829836131,0.0822273182533088,0.0436617289631076,0.0385655892902012,0.0565790352696957,0.0180134459794945
"189904",0.0369815991886986,0.0748748357983622,0.0531089659275195,0.0217658698708427,0.0378932366096636,0.016127366738821
"75926",0.0234339144595274,0.0994999022066697,0.0472498393206452,0.0522500628860245,0.0760659877471423,0.0238159248611179
"375868",0.0620838982198125,0.086900122163549,0.0711627673326437,0.0157373548309053,0.0248162239437365,0.00907886911283126
"510666",0.773466708770489,0.121819698154614,0.773466708770489,-0.651647010615876,-0.651647010615876,0
"39561",0.110874246354828,0.139357187061599,0.121845440710757,0.0175117463508425,0.0284829407067712,0.0109711943559288
"123807",0.197108082013237,0.0864609103913318,0.14865252354534,-0.0621916131540084,-0.110647171621905,-0.0484555584678964
"1922",0.635958840889246,0.152451245775104,0.411425925620882,-0.258974679845778,-0.483507595114142,-0.224532915268364
"19217",0.466875960550409,0.148210608309845,0.32191765704264,-0.173707048732794,-0.318665352240563,-0.144958303507769
"158990",0.0769673920435551,0.10180961407163,0.0862026704249672,0.0156069436466625,0.0248422220280747,0.00923527838141214
"261478",0.346572356431128,0.157980301891981,0.264300217657143,-0.106319915765162,-0.188592054539147,-0.0822721387739855
"242450",0.0412480379372709,0.0971016093503581,0.0602610899975627,0.0368405193527954,0.0558535714130872,0.0190130520602918
"50848",0.0420897237826646,0.095026254662973,0.0601736300785655,0.0348526245844075,0.0529365308803084,0.0180839062959009
"147639",0.328054768872537,0.116066274614382,0.232682873113306,-0.116616598498924,-0.211988494258155,-0.0953718957592306
"113644",0.182939120191982,0.125215901121773,0.162649022786968,-0.0374331216651951,-0.057723219070209,-0.0202900974050139
"70096",0.137481513264531,0.11723578105207,0.129404310506692,-0.012168529454622,-0.020245732212461,-0.00807720275783907
"535393",0.533627763266404,0.0978502514967888,0.533627763266404,-0.435777511769615,-0.435777511769615,0
"11964",0.0524871655702856,0.116383616664641,0.0745320267249253,0.0418515899397153,0.063896451094355,0.0220448611546397
"243772",0.0582984343374009,0.0933526960003463,0.0713300353963224,0.022022660604024,0.0350542616629455,0.0130316010589215
"255016",0.212004774348369,0.19549164339277,0.205471938960546,-0.00998029556777585,-0.0165131309555991,-0.00653283538782326
"434930",0.4498133542656,0.219391185755102,0.351659758745635,-0.132268572990533,-0.230422168510498,-0.0981535955199658
"508014",0.102821797765591,0.143969880103795,0.117866514381748,0.026103365722047,0.0411480823382046,0.0150447166161576
"56669",0.0260875545390522,0.10716994872724,0.0514156711749953,0.0557542775522449,0.081082394188188,0.0253281166359431
"472441",0.178933818766764,0.175882351651453,0.177771530790434,-0.00188917913898151,-0.00305146711531057,-0.00116228797632906
"40338",0.166266120264619,0.113660731606721,0.144665703725827,-0.0310049721191063,-0.052605388657898,-0.0216004165387917
"56504",0.0848887770248491,0.0857326334329218,0.0853891747007691,0.000343458732152718,0.000843856408072705,0.000500397675919986
"115419",0.0971841739049716,0.0918324406335319,0.0950811651496609,-0.003248724516129,-0.00535173327143967,-0.00210300875531068
"78410",0.468052491975802,0.139725003448997,0.318549636911649,-0.178824633462652,-0.328327488526805,-0.149502855064153
"318729",0.0889559214658703,0.116734475777408,0.099314711484344,0.0174197642930641,0.0277785543115379,0.0103587900184738
"468771",0.666701634380587,0.141105316230106,0.419577765966431,-0.278472449736326,-0.525596318150481,-0.247123868414156
"523897",0.129729998085674,0.0807250844481422,0.109387122401381,-0.0286620379532393,-0.0490049136375318,-0.0203428756842926
"29097",0.272153784831594,0.198210080868124,0.242198180359019,-0.0439880994908949,-0.0739437039634699,-0.029955604472575
"469914",0.122688238400012,0.10906228709383,0.117229590585457,-0.00816730349162627,-0.013625951306181,-0.00545864781455478
"262324",0.240710368400309,0.133133257955627,0.195027677200134,-0.061894419244507,-0.107577110444682,-0.0456826912001752
"205258",0.176274857951538,0.150047534343801,0.165765649918396,-0.0157181155745952,-0.0262273236077363,-0.0105092080331411
"570575",0.177629084594413,0.127045595557264,0.156878666260649,-0.0298330707033848,-0.0505834890371487,-0.0207504183337639
"77805",0.104101471127221,0.152581327047531,0.122103439927476,0.0304778871200548,0.0484798559203092,0.0180019688002544
"315091",0.0472185855404178,0.115475459898786,0.070520328944466,0.0449551309543197,0.0682568743583679,0.0233017434040482
"438640",0.0500782285087701,0.0944547471218112,0.0655150188626506,0.0289397282591606,0.0443765186130411,0.0154367903538805
"372642",0.0445015298909135,0.0945970529283551,0.0601471672891957,0.0344498856391594,0.0500955230374416,0.0156456373982822
"90381",0.110469509014163,0.0875583984124422,0.1012637052405,-0.0137053068280576,-0.0229111106017208,-0.00920580377366324
"69388",0.0297524659815569,0.102375234865234,0.0535197859208967,0.0488554489443377,0.0726227688836775,0.0237673199393398
"299595",0.295987652360854,0.0884087051116438,0.204434608688843,-0.116025903577199,-0.20757894724921,-0.0915530436720107
"308712",0.129763447100371,0.148903974309151,0.137178907990849,0.0117250663183016,0.0191405272087797,0.00741546089047809
"369791",0.251529275499694,0.168203414382201,0.217240655906093,-0.0490372415238919,-0.0833258611174933,-0.0342886195936014
"49912",0.0683343380393327,0.090129576078493,0.0763956494532654,0.0137339266252276,0.0217952380391603,0.00806131141393271
"121195",0.073872613391283,0.141087036393208,0.0978726220492637,0.0432144143439447,0.0672144230019253,0.0240000086579806
"504989",0.05728603750796,0.0783260533412764,0.0649160309536076,0.0134100223876688,0.0210400158333164,0.00762999344564758
"11494",0.0677399240942712,0.11071671626703,0.083256416208155,0.0274603000588749,0.0429767921727587,0.0155164921138838
"293861",0.0709373147861456,0.123823932892071,0.0897336426137153,0.034090290278356,0.0528866181059257,0.0187963278275697
"249728",0.0676477237482754,0.103838867487454,0.0820701895653009,0.0217686779221535,0.0361911437391791,0.0144224658170255
"65443",0.0740478058354858,0.105348192802403,0.0855710482739551,0.0197771445284481,0.0313003869669174,0.0115232424384693
"532282",0.0195958346064176,0.0842928967878566,0.0387752828156314,0.0455176139722253,0.064697062181439,0.0191794482092137
"497680",0.0865574863127621,0.110216945626565,0.0954275974798801,0.0147893481466847,0.0236594593138026,0.00887011116711799
"275900",0.0790133053158497,0.110567520682866,0.0906387770304875,0.0199287436523788,0.0315542153670166,0.0116254717146378
"29833",0.284117041036472,0.101438958332183,0.201641433811872,-0.100202475479689,-0.182678082704289,-0.0824756072245998
"277430",0.276051864499444,0.110323534252672,0.201882203382026,-0.0915586691293537,-0.165728330246771,-0.0741696611174176
"70696",0.104442965916124,0.116929888493145,0.10925856858557,0.00767131990757507,0.0124869225770209,0.00481560266944588
"263481",1.78333863323754,0.349393756795609,1.07881667577012,-0.729422918974513,-1.43394487644194,-0.704521957467423
"3407",0.158268549963567,0.163754809718405,0.160424926143526,0.00332988357487948,0.00548625975483777,0.00215637617995829
"80858",0.0409380685171799,0.112070477471315,0.0649950531940202,0.0470754242772947,0.071132408954135,0.0240569846768404
"129777",0.186180736186249,0.112924168749837,0.155610348887596,-0.0426861801377588,-0.0732565674364116,-0.0305703872986528
"561534",0.191360492623291,0.134796734847899,0.168097993900583,-0.0333012590526839,-0.0565637577753924,-0.0232624987227084
"156895",0.432329029166131,0.283139700932132,0.37175216797879,-0.0886124670466578,-0.149189328233999,-0.0605768611873415
"532468",0.144860653311247,0.142975620496201,0.144132199532081,-0.00115657903588065,-0.00188503281504671,-0.000728453779166055
"499736",0.045270580594951,0.108448818436681,0.0656316514883444,0.0428171669483365,0.06317823784173,0.0203610708933935
"215661",0.18039886801725,0.139078538511871,0.163555349084606,-0.0244768105727348,-0.0413203295053787,-0.0168435189326439
"305846",0.0792001648175149,0.0811923165897042,0.0830657864215652,-0.00187346983186099,0.00199215177218937,0.00386562160405035
"481480",0.0610536115712206,0.13066674928643,0.0852648908290126,0.0454018584574171,0.0696131377152091,0.024211279257792
"526105",0.0710809592290738,0.104735259704539,0.0833808261786548,0.0213544335258846,0.0336543004754657,0.0122998669495811
"505420",0.471758477229889,0.134506488769417,0.317471144622819,-0.182964655853402,-0.337251988460472,-0.15428733260707
"111932",0.0607455541559161,0.08773816551822,0.0705679393144873,0.0171702262037327,0.0269926113623039,0.00982238515857118
"370047",0.209825557500309,0.175094052849718,0.194886943956951,-0.0197928911072336,-0.0347315046505915,-0.014938613543358
"405874",0.0550077721301242,0.0964842204256955,0.0696502852402546,0.0268339351854409,0.0414764482955714,0.0146425131101305
"264264",0.102667570887675,0.123104914764054,0.110750497985431,0.0123544167786232,0.020437343876379,0.00808292709775572
"483711",0.0556451396016223,0.118880942317267,0.0776560620713707,0.0412248802458966,0.0632358027156451,0.0220109224697485
"296718",0.268515451299799,0.153378578799072,0.220264742764995,-0.0668861639659236,-0.115136872500728,-0.0482507085348043
"300197",0.135966862570256,0.166024357558371,0.147356097980421,0.0186682595779496,0.0300574949881148,0.0113892354101652
"480532",0.100282897842905,0.137070528356265,0.11465582214867,0.022414706207595,0.0367876305133606,0.0143729243057655
"550780",0.123762880553959,0.107113612456895,0.11716244587082,-0.010048833413925,-0.0166492680970642,-0.0066004346831392
"373471",0.0922691673612844,0.112207035362466,0.0998376289958106,0.0123694063666553,0.0199378680011815,0.00756846163452618
"309922",0.111887128208113,0.108973213298926,0.110732820348188,-0.00175960704926169,-0.00291391490918626,-0.00115430785992457
"412863",0.38014378716765,0.0970482013298895,0.245896360224682,-0.148848158894793,-0.283095585837761,-0.134247426942968
"553306",0.0343857295445703,0.0785713654185189,0.0501319480301657,0.0284394173883532,0.0441856358739487,0.0157462184855955
"42285",0.150087616523913,0.179002155051483,0.161105321394745,0.0178968336567381,0.0289145385275695,0.0110177048708315
"489404",0.734584860731299,0.144990033253784,0.456248509646491,-0.311258476392706,-0.589594827477514,-0.278336351084808
"381408",0.101076740866713,0.107545686351193,0.103565295554838,0.00398039079635569,0.00646894548448099,0.0024885546881253
"23675",0.204419759534298,0.173312304668844,0.191543075244582,-0.0182307705757385,-0.0311074548654541,-0.0128766842897156
"8286",0.0820320683924449,0.103108996036672,0.0899720786664856,0.0131369173701866,0.0210769276442274,0.00794001027404077
"55137",0.161347816558118,0.156154708566689,0.160131320716265,-0.00397661214957584,-0.00519310799142919,-0.00121649584185335
"406034",0.111318671550722,0.155104484679484,0.127619772005249,0.0274847126742345,0.0437858131287621,0.0163011004545277
"242751",0.217421482136742,0.126090151938074,0.179066357494877,-0.0529762055568037,-0.0913313301986684,-0.0383551246418647
"517531",0.11494684110332,0.126658159229925,0.12098724370298,0.00567091552694571,0.0117113181266052,0.00604040259965948
"345822",0.209798898645198,0.129476447786563,0.175961363559967,-0.0464849157734046,-0.0803224508586355,-0.0338375350852309
"532220",0.111066796298546,0.143526733888045,0.123346106539136,0.0201806273489091,0.0324599375894991,0.01227931024059
"410481",0.293934364998093,0.100475581136543,0.206534491521451,-0.106058910384908,-0.19345878386155,-0.0873998734766421
"20796",0.0675624199212808,0.126157694872398,0.0886255818546531,0.0375321130177448,0.0585952749511171,0.0210631619333723
"69714",0.0365417960276079,0.0926188614753028,0.0564743414291426,0.0361445200461603,0.056077065447695,0.0199325454015347
"354252",0.043596194240005,0.0774055011518019,0.0565933622501739,0.0208121389016281,0.0338093069117969,0.0129971680101688
"191013",0.107232922284422,0.0836156737193466,0.0977587339813653,-0.0141430602620187,-0.0236172485650757,-0.00947418830305695
"205176",0.123132868992249,0.108842513129364,0.11749172265007,-0.00864920952070569,-0.0142903558628851,-0.00564114634217938
"509127",0.143637075086916,0.120262218485223,0.134310492668823,-0.0140482741835991,-0.0233748566016928,-0.00932658241809367
"176234",0.0428727737831628,0.10327143483102,0.0634753428506421,0.0397960919803782,0.0603986610478575,0.0206025690674794
"24563",0.0678187163586493,0.136153379907747,0.0909377277073993,0.0452156522003478,0.0683346635490978,0.02311901134875
"506730",0.330202672116314,0.259715286399175,0.302255521420513,-0.0425402350213382,-0.070487385717139,-0.0279471506958007
"187182",0.096286354442195,0.147842553532949,0.115262851832326,0.032579701700623,0.0515561990907536,0.0189764973901306
"112160",0.256636988543773,0.17790952698112,0.224102907511109,-0.0461933805299897,-0.0787274615626539,-0.0325340810326642
"71826",0.0998089093946951,0.132696461413136,0.113293188379415,0.0194032730337207,0.0328875520184404,0.0134842789847197
"494700",0.240711418627969,0.147352432967704,0.20185576216939,-0.0545033292016853,-0.0933589856602648,-0.0388556564585795
"414540",0.0510821332405273,0.128654247051677,0.0770921943797179,0.0515620526719596,0.0775721138111502,0.0260100611391905
"65924",0.243236481204143,0.120561947026017,0.190549401128466,-0.0699874541024497,-0.122674534178127,-0.0526870800756771
"358592",0.134493365434094,0.116836621105013,0.12752232507933,-0.0106857039743161,-0.0176567443290804,-0.00697104035476429
"40608",0.157697652597211,0.183817137324247,0.167687001647933,0.0161301356763138,0.0261194847270358,0.00998934905072207
"357506",0.158621465252136,0.10949796880263,0.1384390892093,-0.0289411204066707,-0.0491234964495063,-0.0201823760428357
"335741",0.0493550944060619,0.0848765044343027,0.0618312697103864,0.0230452347239163,0.0355214100282408,0.0124761753043245
"118730",0.0451732169903114,0.110800637456863,0.0674618944410754,0.0433387430157874,0.0656274204665513,0.022288677450764
"449225",0.0632384956851108,0.126191804015267,0.0846721523485943,0.0415196516666724,0.0629533083301559,0.0214336566634835
"26714",0.0435251722265566,0.122909018645079,0.0700789238515665,0.0528300947935123,0.0793838464185222,0.0265537516250099
"397326",0.0718069933480681,0.116695107217988,0.0880744652047111,0.0286206420132772,0.0448881138699201,0.0162674718566429
"123190",0.0413821736061628,0.0978560888264457,0.0606637783659461,0.0371923104604995,0.0564739152202829,0.0192816047597834
"11408",0.0337606206530814,0.0913908562424015,0.0526957257003469,0.0386951305420546,0.05763023558932,0.0189351050472654
"381078",0.70103133912293,0.167976818584281,0.457728854983536,-0.289752036399254,-0.533054520538649,-0.243302484139395
"130479",0.0258908356741509,0.0749263731022178,0.0431193929481924,0.0318069801540254,0.0490355374280668,0.0172285572740414
"352761",0.109377313089623,0.112394282138013,0.110546948716289,0.00184733342172413,0.00301696904839054,0.0011696356266664
"501405",0.257823782891975,0.189509749044382,0.230277572897018,-0.0407678238526367,-0.0683140338475937,-0.027546209994957
"85043",0.211187788253929,0.146308967458111,0.184384517424813,-0.0380755499667024,-0.064878820795818,-0.0268032708291155
"327022",0.11370187390214,0.0864519865163784,0.10273562425276,-0.0162836377363814,-0.0272498873857612,-0.0109662496493799
"486431",0.0217588110533895,0.08531119031843,0.0414164030224585,0.0438947872959715,0.0635523792650405,0.019657591969069
"488848",0.114689887427645,0.123629454783332,0.118137508960196,0.00549194582313528,0.00893956735568673,0.00344762153255145
"15145",0.870424199079445,0.161986899512174,0.870424199079445,-0.708437299567272,-0.708437299567272,0
"358902",0.182853396157366,0.13265879133986,0.162423043838289,-0.0297642524984287,-0.0501946048175058,-0.0204303523190771
"126987",0.213608851729976,0.176315077254621,0.198660807207687,-0.0223457299530664,-0.0372937744753558,-0.0149480445222894
"274429",0.0754133542422041,0.123860458525502,0.0932457668824519,0.0306146916430502,0.0484471042832981,0.0178324126402479
"313823",0.041220156818334,0.0896553679846857,0.0589624956617917,0.0306928723228941,0.0484352111663517,0.0177423388434576
"413329",0.0929045532831154,0.111609455031244,0.100004896625704,0.0116045584055395,0.0187049017481282,0.0071003433425887
"301570",0.00624408623837703,0.0845207167048128,0.0271668679062065,0.0573538487986063,0.0782766304664358,0.0209227816678295
"7579",0.0772674249979725,0.131911784583658,0.0970880972029923,0.0348236873806654,0.0546443595856853,0.0198206722050198
"33431",0.276306903909479,0.110183407612841,0.202837267544632,-0.0926538599317904,-0.166123496296638,-0.0734696363648472
"282505",0.0380614649836079,0.103045124401507,0.059674298876653,0.0433708255248537,0.0649836594178988,0.0216128338930451
"321410",0.0227037865722749,0.105652075087393,0.0487526264785457,0.0568994486088475,0.0829482885151183,0.0260488399062708
"36546",0.819912160790536,0.172924168443072,0.518307434656472,-0.3453832662134,-0.646987992347464,-0.301604726134064
"520315",0.0515442755175227,0.103294581504031,0.0695516307726799,0.0337429507313514,0.0517503059865086,0.0180073552551572
"477215",0.289830941925295,0.212023451180772,0.25858351521344,-0.0465600640326673,-0.0778074907445225,-0.0312474267118552
"289199",0.0942151421294989,0.107797601893523,0.0994130594857368,0.00838454240778636,0.0135824597640243,0.00519791735623798
"86593",0.0901654571131466,0.154622420706931,0.113538798344886,0.0410836223620443,0.064456963593784,0.0233733412317397
"160601",0.0768453374368334,0.157379200642462,0.105260943239704,0.0521182574027577,0.0805338632056286,0.0284156058028709
"565617",0.0903982127566707,0.13054320046078,0.105424352094581,0.0251188483661987,0.0401449877041094,0.0150261393379107
"481515",0.304440261955854,0.170248755826512,0.247464240212463,-0.0772154843859509,-0.134191506129342,-0.0569760217433911
"353004",0.0841809067706704,0.118291211344756,0.0968325469128496,0.0214586644319065,0.0341103045740857,0.0126516401421792
"450741",0.0662945253877063,0.105256270946664,0.0804752202262712,0.024781050720393,0.0389617455589579,0.0141806948385649
"66244",0.0808035763027455,0.0993450668926371,0.0888573634757704,0.0104877034168667,0.0185414905898916,0.00805378717302498
"65671",0.0308701295023976,0.108750612768587,0.0562471388204256,0.0525034739481618,0.0778804832661898,0.025377009318028
"316632",0.115397252316713,0.183183056573721,0.140157836125699,0.0430252204480221,0.0677858042570086,0.0247605838089865
"157759",0.457549706491331,0.189596215182832,0.340737817811928,-0.151141602629096,-0.267953491308499,-0.116811888679403
"497629",0.243248452979144,0.194758049809075,0.223251632865884,-0.028493583056809,-0.0484904031700693,-0.0199968201132602
"23781",0.147389443921242,0.16499946938675,0.154288729234527,0.0107107401522223,0.0176100254655076,0.00689928531328535
"216091",0.0545294180127648,0.103195499814674,0.0716385717761065,0.0315569280385678,0.0486660818019095,0.0171091537633417
"323834",0.0693181762505701,0.106446037227394,0.082813660854953,0.0236323763724414,0.0371278609768244,0.013495484604383
"108476",0.394904120485308,0.230093145572067,0.322590296529134,-0.0924971509570669,-0.164810974913242,-0.0723138239561747
"407665",0.109239098477714,0.140702296554501,0.121174989860856,0.0195273066936459,0.031463198076787,0.0119358913831412
"22121",0.123149235540413,0.12039041519717,0.122071268371121,-0.00168085317395045,-0.00275882034324339,-0.00107796716929294
"369151",0.177106309009706,0.176575467741235,0.175177392945892,0.00139807479534271,-0.000530841268471638,-0.00192891606381435
"552032",0.277955293508139,0.157929240147683,0.227824977133806,-0.0698957369861229,-0.120026053360457,-0.0501303163743338
"163086",0.0762587239700023,0.0852954892307729,0.0793755551487216,0.00591993408205128,0.00903676526077056,0.00311683117871928
"208458",0.105636380988497,0.135454466297406,0.116833689312471,0.0186207769849346,0.0298180853089086,0.0111973083239741
"480728",0.0313422981583533,0.113293409590582,0.0580231272657426,0.0552702823248398,0.0819511114322291,0.0266808291073892
"83650",0.0706758164361698,0.148533208660206,0.0979681341717497,0.0505650744884559,0.0778573922240357,0.0272923177355799
"452196",0.0765591378230569,0.115599077056576,0.0907994293668114,0.0247996476897645,0.039039939233519,0.0142402915437545
"531500",0.0383015318200894,0.107298448860962,0.0611986522475775,0.0460997966133849,0.0689969170408731,0.0228971204274882
"486314",0.0824060966462968,0.153728968092086,0.108142327507717,0.045586640584369,0.0713228714457888,0.0257362308614198
"55243",0.307059706466193,0.109259563548665,0.218197935632214,-0.108938372083549,-0.197800142917527,-0.0888617708339785
"134642",0.0147890626663738,0.102319569061337,0.0407951060054802,0.0615244630558569,0.0875305063949633,0.0260060433391064
"246881",0.0779615890807848,0.14137905879708,0.100578985262274,0.0408000735348062,0.0634174697162949,0.0226173961814887
"81410",0.35718433744552,0.239374406961332,0.309491603482653,-0.0701171965213205,-0.117809930484187,-0.0476927339628666
"486856",0.204537034611065,0.194855782193339,0.200759237259013,-0.00590345506567405,-0.00968125241772658,-0.00377779735205253
"222173",0.247450125688984,0.229510527095274,0.240389631528896,-0.0108791044336211,-0.0179395985937093,-0.00706049416008819
"196774",0.0662014285440457,0.150801349133302,0.0956678049754365,0.0551335441578653,0.0845999205892561,0.0294663764313908
"83912",0.107664129666121,0.174357795806443,0.132078094808507,0.0422797009979363,0.0666936661403222,0.0244139651423859
"419725",0.104484663876379,0.119924992839482,0.110405298629167,0.00951969421031447,0.0154403289631025,0.00592063475278801
"394398",0.114740671576483,0.133222478391211,0.121789134456189,0.0114333439350227,0.0184818068147287,0.00704846287970597
"97920",0.112204169857224,0.146118785294537,0.125062421037689,0.0210563642568476,0.0339146154373134,0.0128582511804658
"478513",0.0875763589352635,0.118761093755531,0.0992181997088494,0.0195428940466819,0.0311847348202678,0.0116418407735858
"471840",0.075982558405968,0.0974277208487871,0.085548576423174,0.0118791444256131,0.0214451624428191,0.00956601801720598
"120272",0.0874226880858808,0.154414125337945,0.110932551828186,0.0434815735097584,0.0669914372520638,0.0235098637423054
"234826",1.08138419058573,0.451669872428574,0.825295900096598,-0.373626027668025,-0.629714318157161,-0.256088290489136
"362721",0.106275718892818,0.102895660065667,0.10494820743994,-0.00205254737427266,-0.00338005882715027,-0.00132751145287761
"202124",0.173453674071701,0.142615703711148,0.161051334460327,-0.0184356307491783,-0.0308379703605526,-0.0124023396113743
"4464",0.388611517008303,0.264922860031832,0.338812598343999,-0.0738897383121669,-0.123688656976471,-0.049798918664304
"489682",0.0786680029935463,0.10885796666676,0.0898234158445527,0.0190345508222076,0.030189963673214,0.0111554128510065
"149965",0.155633690402145,0.146994833359365,0.152234484386338,-0.00523965102697277,-0.0086388570427797,-0.00339920601580693
"392378",0.176413136465086,0.103376738762411,0.145772016593106,-0.0423952778306955,-0.0730363977026748,-0.0306411198719793
"434333",0.33683100160379,0.240993203032062,0.298214421186008,-0.0572212181539455,-0.0958377985717279,-0.0386165804177823
"356364",0.155650494901077,0.136142462141087,0.147923711290987,-0.0117812491498992,-0.0195080327599899,-0.00772678361009069
"397265",0.117768364582405,0.158023611689954,0.132887977932143,0.025135633757811,0.0402552471075486,0.0151196133497376
"272045",0.69587720023229,0.331207517739191,0.543865590978594,-0.212658073239403,-0.3646696824931,-0.152011609253697
"35103",0.120892641707803,0.109505426668859,0.116360775501316,-0.00685534883245725,-0.0113872150389436,-0.00453186620648634
"141823",0.263238445684979,0.114670292331695,0.198015869081241,-0.0833455767495465,-0.148568153353284,-0.0652225766037375
"147186",0.152272888497868,0.0990424319698998,0.130330260430283,-0.0312878284603836,-0.0532304565279682,-0.0219426280675847
"131035",0.0543005300444259,0.111634886521971,0.0743812132591495,0.0372536732628215,0.0573343564775451,0.0200806832147236
"558478",0.229758185602444,0.209261960767009,0.221628752786927,-0.0123667920199182,-0.0204962248354352,-0.00812943281551698
"179133",0.0310579412050479,0.0949384592840192,0.0516803568860799,0.0432581023979393,0.0638805180789712,0.0206224156810319
"55421",0.0688801342268881,0.106733673067243,0.0827355214414818,0.0239981516257609,0.0378535388403545,0.0138553872145937
"515403",0.063674418932409,0.114720924818082,0.0824768504790304,0.0322440743390513,0.0510465058856727,0.0188024315466214
"496578",0.0921047485430935,0.109451691673669,0.0986834877806285,0.0107682038930405,0.0173469431305755,0.00657873923753499
"80282",0.180329235595513,0.101014894393288,0.150938232046723,-0.0499233376534347,-0.0793143412022252,-0.0293910035487905
"79898",0.249800829292173,0.193267689433477,0.226643481376494,-0.0333757919430173,-0.0565331398586963,-0.023157347915679
"348366",0.272784969592778,0.277257336474746,0.274519019013757,0.0027383174609889,0.00447236688196773,0.00173404942097882
"336707",0.0896582600969838,0.136738405716868,0.107122117403936,0.0296162883129327,0.0470801456198845,0.0174638573069519
"493288",0.106672560414634,0.154848190641653,0.123324384516187,0.0315238061254663,0.0481756302270187,0.0166518241015524
"303577",0.513733242829387,0.171775450645089,0.360250125804802,-0.188474675159713,-0.341957792184298,-0.153483117024585
"392308",0.120427000128522,0.127208465967139,0.123072227992945,0.00413623797419446,0.00678146583861747,0.00264522786442301
"49682",0.149107724261419,0.186262174336547,0.163212470211282,0.0230497041252649,0.0371544500751282,0.0141047459498632
"279308",0.0922797415649701,0.106840147328582,0.0978554435721865,0.0089847037563956,0.014560405763612,0.0055757020072164
"232099",0.0581950268218122,0.0977786165079539,0.0721172747998403,0.0256613417081135,0.0395835896861416,0.0139222479780281
"116514",0.106300988005468,0.117890734732372,0.110768513445367,0.00712222128700471,0.0115897467269043,0.00446752543989962
"223914",0.0976296615756465,0.160349659892872,0.12121833414061,0.039131325752262,0.0627199983172256,0.0235886725649636
"546860",0.686963923220449,0.150358895328384,0.434498746354774,-0.28413985102639,-0.536605027892065,-0.252465176865676
"352466",0.169936849458946,0.135154175442303,0.155866147666905,-0.0207119722246022,-0.0347826740166433,-0.0140707017920412
"274442",0.0169437492008097,0.0978202697485824,0.0418555107204447,0.0559647590281377,0.0808765205477728,0.024911761519635
"464058",0.0986929144233514,0.0882077140248197,0.0920030433818678,-0.0037953293570481,-0.0104852003985317,-0.00668987104148358
"176286",0.190104795888968,0.0947658318815529,0.148931469687208,-0.0541656378056554,-0.0953389640074151,-0.0411733262017597
"484762",0.0735454860056713,0.116384177917764,0.0891666867023326,0.0272174912154313,0.0428386919120926,0.0156212006966614
"325040",8.90348101045067,0.430878448693917,8.90348101045067,-8.47260256175676,-8.47260256175676,0
"185414",0.167854262535268,0.213035704257808,0.18489759371689,0.0281381105409179,0.0451814417225402,0.0170433311816223
"466582",0.056544027122811,0.110925125409448,0.075835317143415,0.0350898082660327,0.0543810982866368,0.019291290020604
"205045",0.141718564022281,0.173305633272349,0.153815630724441,0.0194900025479087,0.031587069250068,0.0120970667021593
"351502",0.325212137127305,0.188758890071188,0.268174479503051,-0.0794155894318634,-0.136453247056117,-0.0570376576242541
"339033",0.163680877586116,0.114965140557177,0.143851608241808,-0.0288864676846317,-0.0487157370289396,-0.0198292693443079
"554608",0.116497288630467,0.123433211234489,0.119200381317066,0.00423282991742245,0.00693592260402168,0.00270309268659923
"235160",0.670257572992033,0.150412201777678,0.429615933857127,-0.279203732079449,-0.519845371214355,-0.240641639134906
"480588",0.158654402821352,0.106949396864368,0.137412609097129,-0.030463212232761,-0.051705005956984,-0.021241793724223
"83245",0.0783299389742348,0.115393276239647,0.0919572613020188,0.0234360149376281,0.0370633372654121,0.013627322327784
"11409",0.137251575836925,0.144491764883141,0.140084137324988,0.00440762755815294,0.00724018904621615,0.00283256148806321
"406563",0.111865356229177,0.128053168811899,0.116455810036502,0.0115973587753968,0.0161878125827222,0.00459045380732538
"552437",0.0640216713347417,0.0927580235032366,0.0745189822247496,0.018239041278487,0.0287363521684949,0.0104973108900079
"497245",0.35664304221596,0.29793604270173,0.333573982074504,-0.0356379393727747,-0.0587069995142306,-0.023069060141456
"308897",0.0781712507066774,0.121133124494719,0.0938194966994059,0.0273136277953134,0.0429618737880419,0.0156482459927285
"70158",0.0406878023844821,0.119527801119636,0.0672367922364133,0.0522910088832223,0.0788399987351534,0.0265489898519311
"469465",0.037480521345086,0.0834736480042736,0.0529209883362669,0.0305526596680067,0.0459931266591876,0.0154404669911809
"95978",0.0307436362023179,0.0928959350258629,0.0510932316471123,0.0418027033787506,0.062152298823545,0.0203495954447944
"481963",0.126088183566223,0.186621554857003,0.148399742122807,0.0382218127341954,0.0605333712907798,0.0223115585565844
"171216",0.145243455594342,0.18018287798465,0.157973445125664,0.0222094328589864,0.0349394223903084,0.012729989531322
"417007",0.181390235730768,0.11288147981475,0.152745051758389,-0.0398635719436391,-0.0685087559160185,-0.0286451839723793
"65185",0.165883963732672,0.187476305352397,0.174222120306795,0.0132541850456018,0.0215923416197248,0.00833815657412304
"49178",0.0254349287480732,0.0948464395005141,0.0473762922354849,0.0474701472650291,0.0694115107524408,0.0219413634874117
"351506",3.71686126120165,0.516268083570426,3.71686126120165,-3.20059317763122,-3.20059317763122,0
"387248",0.0561410266298903,0.149381275708139,0.0879600273971012,0.0614212483110375,0.0932402490782484,0.0318190007672109
"9967",0.294682357359077,0.125494516404031,0.218392569920415,-0.092898053516384,-0.169187840955046,-0.076289787438662
"415404",0.176026990079737,0.209352241259256,0.188661301268906,0.02069093999035,0.0333252511795189,0.012634311189169
"559735",0.190140712962196,0.203723353782466,0.195392463545972,0.00833089023649353,0.0135826408202699,0.00525175058377642
"373011",2.40531100620996,0.359430268833928,2.40531100620996,-2.04588073737603,-2.04588073737603,0
"362235",0.119816792879446,0.166184179894579,0.137126514545103,0.0290576653494765,0.0463673870151328,0.0173097216656563
"497441",0.0696537869863136,0.106363574024826,0.0831712270444695,0.0231923469803561,0.036709787038512,0.0135174400581559
"359893",0.0470312910312361,0.0751892554376377,0.0593565378260755,0.0158327176115622,0.0281579644064016,0.0123252467948394
"278428",0.0744110139892345,0.116648851636466,0.0898680815729664,0.0267807700634997,0.0422378376472316,0.0154570675837319
"361346",0.0845605637540132,0.129091909383089,0.101350614696233,0.0277412946868559,0.0445313456290759,0.0167900509422201
"450191",0.090527265082934,0.112472026480835,0.0987994363963327,0.0136725900845021,0.0219447613979008,0.0082721713133987
"577870",0.463265739343541,0.19135685011667,0.344157127698981,-0.152800277582311,-0.271908889226872,-0.119108611644561
"436030",0.121122328981377,0.171340738435912,0.138490328746069,0.0328504096898427,0.0502184094545349,0.0173679997646921
"131468",0.133653677930617,0.114010118703463,0.128230409138076,-0.0142202904346125,-0.0196435592271536,-0.00542326879254115
"4512",0.929130010744548,0.126115680407626,0.929130010744548,-0.803014330336922,-0.803014330336922,0
"175548",0.103227427112701,0.132078189271598,0.114161355676285,0.0179168335953126,0.0288507621588966,0.010933928563584
"137438",0.0979899361363685,0.134839573074506,0.11176309720462,0.0230764758698858,0.0368496369381371,0.0137731610682513
"270284",0.0239546306486733,0.0917201633828591,0.045168679371616,0.0465514840112431,0.0677655327341858,0.0212140487229427
"179130",0.0320679363809073,0.0875275066248038,0.0502012638425872,0.0373262427822166,0.0554595702438965,0.0181333274616799
"356384",0.059819697633829,0.083329085938925,0.0683578060984094,0.0149712798405157,0.023509388305096,0.00853810846458037
"153252",0.255545473082677,0.14671196364272,0.213178123023528,-0.0664661593808083,-0.108833509439957,-0.0423673500591489
"486808",0.181954168734534,0.128261786330383,0.16002554545486,-0.0317637591244766,-0.0536923824041508,-0.0219286232796742
"528271",0.203051616411866,0.14312759703422,0.178471806451686,-0.0353442094174657,-0.0599240193776459,-0.0245798099601801
"251977",0.0657338646048857,0.113275613152037,0.0827402770234974,0.03053533612854,0.0475417485471516,0.0170064124186116
"2383",0.0833548729860037,0.124114470450334,0.0983917586951274,0.025722711755207,0.0407595974643307,0.0150368857091237
"10080",0.105726313240951,0.184715530611306,0.134318615210206,0.0503969154011,0.0789892173703551,0.0285923019692551
"18852",0.0337186754347315,0.128884384417812,0.0651783898161851,0.0637059946016269,0.0951657089830804,0.0314597143814535
"90272",0.106310698497983,0.160660554249445,0.127845010448984,0.0328155438004605,0.0543498557514615,0.021534311951001
"521030",0.0160249839627935,0.0833773142014199,0.0359513637719961,0.0474259504294238,0.0673523302386264,0.0199263798092027
"96935",3.0931036240138,0.464289105981222,3.0931036240138,-2.62881451803257,-2.62881451803257,0
"518030",0.581330455718386,0.216401470869031,0.420429947391435,-0.204028476522404,-0.364928984849355,-0.160900508326951
"9988",0.0353863254958129,0.113420382610014,0.0616372925592956,0.0517830900507185,0.0780340571142012,0.0262509670634827
"229624",0.25849306457593,0.175987636517341,0.224602285467395,-0.0486146489500537,-0.0825054280585884,-0.0338907791085347
"67669",0.056501589708018,0.115971992777215,0.0773605022645152,0.0386114905127002,0.0594704030691973,0.0208589125564972
"30354",0.138069390542314,0.169872127517116,0.150043950155933,0.019828177361183,0.0318027369748026,0.0119745596136195
"40790",0.189598651957222,0.234833618599127,0.206591119091912,0.028242499507215,0.045234966641905,0.0169924671346899
"138940",0.264572080403309,0.102702113405965,0.19225456776486,-0.0895524543588946,-0.161869966997344,-0.0723175126384495
"156505",0.205929615957387,0.13838144457699,0.177963895820048,-0.0395824512430573,-0.067548171380397,-0.0279657201373397
"329218",0.119877408088498,0.122872260141822,0.121062750751597,0.00180950939022542,0.00299485205332407,0.00118534266309865
"178935",0.0591441268043169,0.113982396888857,0.0785090402156459,0.0354733566732106,0.0548382700845396,0.019364913411329
"77279",0.116244344871489,0.13217498691689,0.122378353840498,0.0097966330763925,0.0159306420454011,0.00613400896900862
"516611",0.145762670255286,0.0993073080225155,0.126558156565361,-0.0272508485428453,-0.0464553622327702,-0.0192045136899249
"436418",0.200721448207598,0.150741035552343,0.180442911314156,-0.0297018757618128,-0.0499804126552546,-0.0202785368934418
"243793",0.861581832748606,0.0835267123925457,0.861581832748606,-0.77805512035606,-0.77805512035606,0
"246102",0.163964170389034,0.16895328818261,0.165957942746388,0.00299534543622207,0.004989117793576,0.00199377235735393
"468058",0.565831676754351,0.0892974337390718,0.565831676754351,-0.476534243015279,-0.476534243015279,0
"229093",0.0540377646021832,0.0806932206083408,0.0648593890141511,0.0158338315941897,0.0266554560061576,0.0108216244119679
"286166",0.737240255911595,0.319488224363704,0.562108103170103,-0.242619878806399,-0.417752031547891,-0.175132152741492
"506487",0.140592949027689,0.181770906527731,0.156376811918282,0.0253940946094486,0.0411779575000421,0.0157838628905935
"506486",0.0742971901766187,0.152863172845991,0.10334885083357,0.0495143220124207,0.0785659826693721,0.0290516606569514
"187519",0.0629551057356229,0.14802375646794,0.093967786010056,0.0540559704578839,0.0850686507323171,0.0310126802744332
"125571",0.27876175805705,0.103384744132033,0.200268392697873,-0.0968836485658391,-0.175377013925016,-0.0784933653591774
"39126",0.0916458822287938,0.165568439816413,0.118309970323529,0.047258469492884,0.073922557587619,0.026664088094735
"279466",0.202439257723378,0.153940739465555,0.182769321869562,-0.0288285824040069,-0.0484985182578233,-0.0196699358538164
"530658",0.194720479118502,0.147321095310482,0.175492468398067,-0.0281713730875853,-0.0473993838080204,-0.0192280107204351
"124000",0.0419162606994706,0.11721043948309,0.0674586968387269,0.0497517426443633,0.0752941787836195,0.0255424361392563
"167609",0.534534829476297,0.181632073850271,0.379363035073042,-0.197730961222772,-0.352902755626027,-0.155171794403255
"187426",0.110416521758056,0.177214644651781,0.135092813706732,0.0421218309450488,0.0667981228937251,0.0246762919486763
"468337",0.283594516961836,0.134746900936489,0.219402247138388,-0.0846553462018987,-0.148847616025347,-0.0641922698234481
"71242",0.040328422252939,0.0983765465560959,0.0599650317159692,0.0384115148401267,0.0580481243031568,0.0196366094630301
"125874",0.0494224594506863,0.0806324931504284,0.0590733665874593,0.0215591265629691,0.0312100336997421,0.00965090713677298
"3082",0.0380742698835363,0.0805933879770217,0.0521045364975133,0.0284888514795084,0.0425191180934853,0.014030266613977
"565765",0.181545974597496,0.184901918320464,0.182841303530256,0.00206061479020822,0.00335594372296821,0.00129532893275999
"536340",0.0462051871304992,0.11583615859234,0.0708972544702388,0.0449389041221009,0.0696309714618406,0.0246920673397397
"239541",0.10207246520013,0.150065194194265,0.120042195412386,0.0300229987818789,0.0479927289941348,0.0179697302122559
"58531",0.161316110578076,0.152927910321619,0.157989943589683,-0.00506203326806426,-0.00838820025645776,-0.0033261669883935
"9067",0.100201779416112,0.0989100498675389,0.0996901019963182,-0.000780052128779282,-0.00129172954857298,-0.000511677419793702
"499803",0.13428570190882,0.111062343656637,0.125034788712437,-0.0139724450558003,-0.0232233582521837,-0.00925091319638333
"434568",0.190826138088865,0.200500903656937,0.194621966269789,0.00587893738714865,0.00967476556807256,0.00379582818092392
"38830",0.0248404826867075,0.103234776881742,0.0498125066286744,0.053422270253068,0.0783942941950349,0.024972023941967
"319573",0.0787026016840101,0.0946272567535813,0.0854305186683607,0.00919673808522059,0.0159246550695712,0.00672791698435059
"540112",0.181498733170542,0.148136718056409,0.168122831557878,-0.0199861135014689,-0.0333620151141329,-0.013375901612664
"475802",0.0682178846936081,0.112054180841182,0.0841244520501254,0.0279297287910562,0.0438362961475735,0.0159065673565173
"245908",0.117271914926723,0.178481414749285,0.138288282173612,0.0401931325756729,0.0612094998225624,0.0210163672468895
"178330",0.151865813539472,0.0859098088433891,0.124043472812062,-0.0381336639686726,-0.065956004696083,-0.0278223407274104
"251526",0.155661396527315,0.127280674461969,0.144129084746591,-0.0168484102846223,-0.0283807220653456,-0.0115323117807234
"100951",0.0319989693613196,0.104485127241572,0.0559401902958405,0.0485449369457314,0.0724861578802524,0.0239412209345209
"211236",0.0344599687988567,0.121887801361966,0.0629479512425365,0.0589398501194296,0.0874278325631094,0.0284879824436798
"139628",0.853864385174598,0.41058895870349,0.672743371124185,-0.262154412420694,-0.443275426471108,-0.181121014050413
"415663",0.094800771825451,0.12026758277774,0.10437790124969,0.01588968152805,0.0254668109522887,0.00957712942423875
"29864",0.237843349863181,0.141809616719292,0.193863154964099,-0.0520535382448076,-0.0960337331438889,-0.0439801948990813
"469702",0.316793245924139,0.279150992801575,0.302078460984261,-0.022927468182686,-0.0376422531225638,-0.0147147849398777
"8872",0.0887490293631697,0.182488199361335,0.121888575061048,0.0605996243002867,0.0937391699981655,0.0331395456978787
"438066",0.140835758033204,0.124841670847216,0.134478859865724,-0.00963718901850838,-0.0159940871859885,-0.00635689816748017
"71444",0.127271560775929,0.0931720428080563,0.113406439038337,-0.0202343962302811,-0.0340995179678728,-0.0138651217375918
"496357",0.371917722582582,0.124018941819176,0.260201633877441,-0.136182692058265,-0.247898780763406,-0.111716088705141
"81466",0.0567231418628072,0.10075468070985,0.0723545111274672,0.0284001695823826,0.0440315388470426,0.01563136926466
"25555",0.37403503785857,0.264653298672152,0.328008212867349,-0.0633549141951971,-0.109381739186418,-0.0460268249912212
"433098",1.93807380390888,0.117970617704944,1.93807380390888,-1.82010318620393,-1.82010318620393,0
"362101",0.30374548781509,0.108565026122198,0.216256953213674,-0.107691927091476,-0.195180461692892,-0.0874885346014158
"94258",0.044860323114236,0.0914301387998735,0.0616704619637392,0.0297596768361343,0.0465698156856375,0.0168101388495032
"530796",0.272607943757987,0.212671110906661,0.24835418820574,-0.0356830772990792,-0.0599368328513261,-0.0242537555522468
"53349",0.629438184264771,0.211838061577908,0.449952087790203,-0.238114026212295,-0.417600122686864,-0.179486096474569
"91956",0.0466684590590059,0.0891848624455591,0.0598305240485154,0.0293543383970437,0.0425164033865532,0.0131620649895095
"223335",0.0361043398493259,0.134500182168318,0.0683668482862843,0.0661333338820335,0.0983958423189919,0.0322625084369583
"187514",0.231931391857023,0.285919827243354,0.251993913550485,0.0339259136928681,0.0539884353863305,0.0200625216934624
"77587",0.145826322001769,0.12933430555041,0.139244187376119,-0.00990988182570904,-0.0164920164513588,-0.00658213462564977
"172047",0.114642308669561,0.138746555240405,0.123865862669238,0.0148806925711674,0.0241042465708446,0.00922355399967717
"17381",0.116861372485042,0.123819886683573,0.119552334336823,0.00426755234674953,0.00695851419853057,0.00269096185178104
"189214",0.0422390902210808,0.101589902930444,0.0623285021595466,0.0392614007708973,0.059350812709363,0.0200894119384657
"372233",0.085418232632184,0.170744894243392,0.115629106017156,0.0551157882262359,0.0853266616112082,0.0302108733849723
"378958",0.079826114355523,0.123404548370263,0.0957188374648801,0.027685710905383,0.0435784340147401,0.0158927231093571
"576301",0.0761385298838318,0.123892475638376,0.0936171771267063,0.0302752985116696,0.0477539457545441,0.0174786472428746
"213949",0.697949791201901,0.469720861171746,0.609521729955555,-0.139800868783809,-0.228228930030155,-0.0884280612463462
"541790",0.0558921398449947,0.109666591922043,0.0743470195562886,0.0353195723657544,0.0537744520770483,0.018454879711294
"449679",0.307671656761192,0.282492500339178,0.297873650928364,-0.0153811505891862,-0.0251791564220139,-0.00979800583282769
"357818",0.099019520591476,0.138664707395783,0.114173911922021,0.0244907954737615,0.0396451868043066,0.0151543913305451
"484269",0.192691000360009,0.136027498647324,0.169388363489696,-0.0333608648423722,-0.0566635017126852,-0.023302636870313
"90956",0.0452131803908201,0.117650992296669,0.0700145689652156,0.0476364233314534,0.0724378119058489,0.0248013885743955
"249695",0.0476499601930431,0.114660652830371,0.0707086642301758,0.0439519886001952,0.0670106926373279,0.0230587040371327
"349690",0.0929220150882851,0.146980784873398,0.112932105451247,0.0340486794221511,0.054058769785113,0.0200100903629619
"378009",0.103113930315089,0.0731679260585583,0.091015485929696,-0.0178475598711377,-0.0299460042565305,-0.0120984443853928
"279714",0.440726391950712,0.213846311626779,0.342872428070312,-0.129026116443533,-0.226880080323933,-0.0978539638804004
"257637",0.028431867365739,0.0932680532785354,0.0489295674501375,0.0443384858283979,0.0648361859127963,0.0204977000843984
"66335",0.0830968100765899,0.109699762677354,0.0929875060526731,0.0167122566246812,0.0266029526007645,0.00989069597608321
"377870",0.0349325673343662,0.111097354237155,0.0600685907622269,0.0510287634749282,0.0761647869027889,0.0251360234278607
"508985",0.0231065700806125,0.0847106794377683,0.0422717156283954,0.0424389638093729,0.0616041093571558,0.0191651455477829
"486461",0.0113683064441732,0.0939226170374008,0.0359815833404073,0.0579410336969935,0.0825543105932276,0.0246132768962341
"56871",0.0684867422895218,0.117356143468966,0.0861209856130942,0.0312351578558723,0.0488694011794447,0.0176342433235724
"10044",0.0401175949015107,0.106358624454736,0.0622891248624986,0.0440694995922375,0.0662410295532254,0.0221715299609879
"329774",0.151949177494151,0.143461675096707,0.148599600982889,-0.00513792588618275,-0.00848750239744403,-0.00334957651126128
"66083",0.0684455284671898,0.121408588668124,0.088144273929304,0.0332643147388205,0.0529630602009346,0.0196987454621142
"172193",3.87701936508768,0.537023579708683,3.87701936508768,-3.339995785379,-3.339995785379,0
"82578",0.113406971611894,0.139095516669849,0.123188613358941,0.0159069033109078,0.0256885450579547,0.00978164174704693
"247425",0.20523679179888,0.160412198477353,0.187195766473497,-0.0267835679961445,-0.0448245933215279,-0.0180410253253833
"549148",0.0705547852793739,0.105380822823791,0.0832655556003015,0.0221152672234891,0.0348260375444168,0.0127107703209276
"485743",0.0445473070526011,0.134623137903198,0.0746820885102834,0.0599410493929151,0.0900758308505974,0.0301347814576823
"170701",0.0130209309873572,0.107721935282672,0.0407308479257868,0.0669910873568856,0.0947010042953152,0.0277099169384296
"434502",0.189192987811922,0.177505341147497,0.184552360119757,-0.00704701897225996,-0.0116876466644253,-0.00464062769216536
"429585",0.21878752669116,0.151905523629372,0.191317620114421,-0.0394120964850498,-0.0668820030617888,-0.027469906576739
"506011",0.140378747966325,0.149648689897345,0.143966014301149,0.00568267559619612,0.00926994193101988,0.00358726633482376
"213815",0.266162861596035,0.163513621450912,0.223574400756749,-0.0600607793058366,-0.102649240145123,-0.0425884608392864
"308499",0.0565806136108104,0.108492512270622,0.0750310682935841,0.033461443977038,0.0519118986598116,0.0184504546827737
"339669",0.186509914039548,0.108949700982365,0.153738204525679,-0.0447885035433139,-0.0775602130571828,-0.0327717095138689
"298381",0.182279522289019,0.171224415876862,0.177887067171296,-0.00666265129443372,-0.0110551064121565,-0.00439245511772274
"416326",0.0872622260809482,0.108818295500278,0.0953932005591229,0.0134250949411547,0.0215560694193294,0.00813097447817465
"205983",0.10985950563432,0.123998730841204,0.113010461339531,0.0109882695016732,0.0141392252068833,0.0031509557052101
"342001",0.239333592812025,0.195545292555744,0.221691919057599,-0.0261466265018549,-0.0437883002562815,-0.0176416737544266
"313354",0.269419317463926,0.228845056865317,0.25338618261808,-0.024541125752763,-0.0405742605986097,-0.0160331348458467
"336103",0.112598618858181,0.14893944479108,0.126414539811023,0.0225249049800567,0.0363408259328989,0.0138159209528422
"239968",0.155620739808857,0.150858028303327,0.153740409315414,-0.00288238101208779,-0.00476271150553012,-0.00188033049344233
"130148",0.041743861369352,0.103861105324761,0.062925420064505,0.0409356852602559,0.062117243955409,0.021181558695153
"93357",0.115205653933181,0.138350738985126,0.124041489597337,0.0143092493877883,0.0231450850519443,0.00883583566415597
"283534",0.142448792073872,0.138194197628289,0.140776631115341,-0.00258243348705212,-0.0042545944455829,-0.00167216095853079
"353460",0.0523799587595467,0.094838247800013,0.0673058795350512,0.0275323682649618,0.0424582890404663,0.0149259207755045
"170632",0.0802397854702385,0.129740292833084,0.0983123804849837,0.0314279123480999,0.0495005073628451,0.0180725950147452
"77224",0.14923620956264,0.13920622519939,0.145300949844108,-0.00609472464471814,-0.0100299843632508,-0.00393525971853267
"9793",0.0406970350488171,0.104989538673103,0.0622753359672811,0.0427142027058217,0.0642925036242857,0.021578300918464
"220982",0.343207980597484,0.187539059580124,0.2770874490417,-0.0895483894615755,-0.15566892101736,-0.0661205315557843
"416881",0.107089591424847,0.160006732701227,0.126835145807903,0.0331715868933248,0.05291714127638,0.0197455543830553
"360822",2.78471213886747,0.386513591182253,2.78471213886747,-2.39819854768522,-2.39819854768522,0
"11674",0.0405053221022628,0.1220720236707,0.0676341365351479,0.054437887135552,0.0815667015684371,0.0271288144328851
"482773",0.0594083535664731,0.136168496160379,0.0852512275892532,0.0509172685711262,0.0767601425939063,0.02584287402278
"340333",0.264386226278698,0.146845441651312,0.214879032926133,-0.0680335912748203,-0.117540784627386,-0.0495071933525652
"455967",0.0672605809509104,0.118103362711854,0.0855173095790015,0.0325860531328525,0.0508427817609436,0.0182567286280911
"504780",0.187599684608217,0.147990965074412,0.173351479897206,-0.0253605148227941,-0.0396087195338049,-0.0142482047110108
"396393",0.287794405300701,0.224311354195507,0.262768136450998,-0.0384567822554909,-0.063483051105194,-0.0250262688497031
"198519",0.0574995465503975,0.0959844137083116,0.0712201655018635,0.0247642482064481,0.0384848671579141,0.013720618951466
"81431",0.118261788103332,0.150423999323439,0.130457892598793,0.0199661067246462,0.0321622112201077,0.0121961044954615
"378284",0.0557130322651882,0.0909039667150596,0.068161375709304,0.0227425910057555,0.0351909344498714,0.0124483434441159
"120758",0.589677383053109,0.186255618925285,0.408233631996786,-0.221978013071502,-0.403421764127825,-0.181443751056323
"234243",0.24325510617485,0.16760081487648,0.211885561353935,-0.0442847464774546,-0.0756542912983699,-0.0313695448209153
"91973",0.0501986363679221,0.106381009096276,0.0699143363057747,0.0364666727905013,0.0561823727283539,0.0197156999378526
"419623",0.219006101781918,0.252821079882432,0.23201811531871,0.0208029645637224,0.0338149781005145,0.0130120135367921
"469561",0.196001343996582,0.111168676510257,0.159835257429112,-0.0486665809188547,-0.0848326674863249,-0.0361660865674702
"18989",0.245611685329962,0.0879140330479843,0.17473009942489,-0.0868160663769053,-0.157697652281978,-0.0708815859050725
"505156",0.113925430182512,0.14108378386182,0.12421746685331,0.0168663170085101,0.0271583536793081,0.010292036670798
"402566",0.516034434982538,0.1160688797184,0.322203902932503,-0.206135023214103,-0.399965555264138,-0.193830532050036
"39682",0.115785932775716,0.120255187150284,0.117533816361317,0.00272137078896791,0.00446925437456856,0.00174788358560066
"489394",0.0684026351851094,0.165077839257455,0.102038575946184,0.0630392633112713,0.0966752040723456,0.0336359407610744
"347786",0.109072353444998,0.166999703501544,0.130595377224995,0.0364043262765494,0.0579273500565459,0.0215230237799964
"80316",0.0389080798991848,0.110641586199935,0.0627828098898356,0.0478587763100996,0.0717335063007504,0.0238747299906508
"394170",0.0634870494529819,0.120514291150578,0.0836711791398125,0.036843112010765,0.0570272416975956,0.0201841296868306
"107286",0.0624264571344259,0.130498382592381,0.0862666425870702,0.0442317400053109,0.0680719254579552,0.0238401854526443
"279393",0.0217305966989392,0.0966608261823285,0.0449408095705894,0.051720016611739,0.0749302294833893,0.0232102128716502
"446318",0.732308570680803,0.321688435853542,0.559465145771475,-0.237776709917933,-0.410620134827261,-0.172843424909328
"481714",0.137016360377271,0.151542018501623,0.142640779213765,0.00890123928785774,0.0145256581243522,0.0056244188364945
"95473",0.483205539964778,0.278216756214234,0.397799295388656,-0.119582539174423,-0.204988783750544,-0.0854062445761212
"379434",1.78621067319355,0.190382570314608,1.78621067319355,-1.59582810287894,-1.59582810287894,0
"76158",0.0576465263760758,0.108997113736197,0.075887545159758,0.0331095685764393,0.0513505873601215,0.0182410187836822
"252889",0.227320832370856,0.230644130152003,0.229935951915759,0.000708178236244278,0.00332329778114665,0.00261511954490237
"53377",0.0766794503217087,0.160816744625029,0.106474778033784,0.0543419665912451,0.0841372943033204,0.0297953277120753
"484394",0.0773250211408291,0.165319474215599,0.108443931637265,0.0568755425783345,0.08799445307477,0.0311189104964355
"470610",0.144464823225825,0.152792172829273,0.147716900431647,0.00507527239762581,0.00832734960344797,0.00325207720582216
"357112",0.0277383834128815,0.122822595105872,0.0579048146588851,0.0649177804469868,0.0950842116929903,0.0301664312460036
"277809",0.0381003172955669,0.0814625274112677,0.0527082141311178,0.0287543132801499,0.0433622101157008,0.0146078968355509
"469601",0.238063106012416,0.216844499560441,0.22969288116298,-0.0128483816025395,-0.0212186064519752,-0.00837022484943573
"486755",0.254791502458673,0.132794450432251,0.202393769116216,-0.0695993186839656,-0.121997052026422,-0.0523977333424569
"80394",0.143456739214854,0.144460922192546,0.144004087436349,0.000456834756196928,0.00100418297769217,0.000547348221495242
"353019",0.234416248277898,0.241652819833536,0.237287746392489,0.00436507344104714,0.00723657155563864,0.0028714981145915
"469637",0.167321089832464,0.157627170016513,0.163512920790301,-0.00588575077378767,-0.00969391981595152,-0.00380816904216386
"527540",0.103375466321995,0.194207588515194,0.136115779512003,0.0580918090031906,0.0908321221931982,0.0327403131900076
"215285",0.975378561152386,0.275217893182474,0.661272948483628,-0.386055055301155,-0.700160667969912,-0.314105612668757
"77949",0.0764699021073555,0.136923577694722,0.0982672973656669,0.038656280329055,0.0604536755873664,0.0217973952583114
"446323",0.0819071668231318,0.125691739040122,0.0980579343482343,0.0276338046918879,0.0437845722169904,0.0161507675251025
"466460",0.0108494001483627,0.109286565393299,0.0394250184973746,0.069861546895924,0.0984371652449359,0.0285756183490119
"39811",0.55377282960864,0.218598059700949,0.40821087203833,-0.189612812337381,-0.335174769907691,-0.145561957570311
"97819",0.101889136010383,0.143417081661478,0.119602790433507,0.0238142912279706,0.0415279456510952,0.0177136544231246
"300165",0.0656717780055504,0.120693327093131,0.0853215858584191,0.0353717412347123,0.055021549087581,0.0196498078528688
"512268",0.0882778826357014,0.131025424669078,0.104152175046771,0.0268732496223073,0.0427475420333765,0.0158742924110691
"254977",0.355597034388273,0.110105245647028,0.243637129909078,-0.133531884262051,-0.245491788741245,-0.111959904479195
"416700",0.673242808019682,0.383743987365291,0.553163259716462,-0.169419272351171,-0.289498820654391,-0.12007954830322
"159428",0.603244480662236,0.260764598483578,0.455756653620112,-0.194992055136534,-0.342479882178658,-0.147487827042124
"89928",0.24127165697057,0.229219940150041,0.239265413356813,-0.0100454732067714,-0.0120517168205289,-0.00200624361375751
"126883",0.17954850666233,0.0811659037801971,0.136733169024692,-0.0555672652444947,-0.0983826028821325,-0.0428153376376378
"310275",0.0198849073198769,0.0863766084370458,0.0398166938232037,0.0465599146138421,0.0664917011171689,0.0199317865033267
"74857",0.0645461423592951,0.150796775700724,0.0947291649791681,0.0560676107215557,0.0862506333414286,0.0301830226198729
"141442",0.261809646836401,0.311065977119579,0.280574234822283,0.0304917422972958,0.0492563302831785,0.0187645879858827
"182396",0.184164897332103,0.16106164241763,0.175069438273686,-0.014007795856056,-0.0231032549144728,-0.00909545905841677
"424431",0.0760179118533351,0.14328836901662,0.100282594482469,0.0430057745341509,0.0672704571632844,0.0242646826291334
"558524",0.129313769573946,0.149191531328059,0.136903392391031,0.0122881389370281,0.0198777617541127,0.00758962281708461
"455584",0.1206494759165,0.159615261267084,0.13531197061634,0.0243032906507434,0.038965785350584,0.0146624946998406
"129054",0.481095581071201,0.190878173839019,0.353647786092167,-0.162769612253148,-0.290217407232182,-0.127447794979034
"503023",0.1149856086158,0.176223368089093,0.137515789376738,0.0387075787123554,0.0612377594732935,0.0225301807609381
"371461",0.149241149239839,0.16481517339409,0.155301462576099,0.00951371081799082,0.0155740241542502,0.00606031333625934
"434342",0.380089359809681,0.207931928859765,0.307067339795919,-0.0991354109361538,-0.172157430949916,-0.0730220200137618
"534198",10,0.6783119524542,10,-9.3216880475458,-9.3216880475458,0
"534011",0.0470970025119804,0.107217557383413,0.0678439828344803,0.0393735745489325,0.0601205548714324,0.0207469803225
"435308",0.0794362711364301,0.148797930207118,0.105138537302727,0.0436593929043911,0.0693616590706877,0.0257022661662965
"354251",0.0553704557172234,0.107699920941967,0.0746753557987384,0.0330245651432289,0.0523294652247439,0.019304900081515
"24989",0.204948237072521,0.149036179210681,0.182010763701378,-0.0329745844906975,-0.0559120578618402,-0.0229374733711428
"547792",0.0752813451253842,0.118938825887801,0.0912917525681073,0.0276470733196933,0.0436574807624164,0.0160104074427231
"246461",0.126142220458247,0.144379841526904,0.133220123441128,0.0111597180857756,0.0182376210686574,0.00707790298288177
"346577",0.14035732209202,0.145845416796857,0.142492525842469,0.00335289095438734,0.00548809470483708,0.00213520375044973
"53444",0.187087233532344,0.092607696267134,0.146431035091049,-0.0538233388239147,-0.09447953726521,-0.0406561984412953
"342253",0.081348742836215,0.13047252165341,0.0993162932886757,0.0311562283647347,0.0491237788171953,0.0179675504524606
"397520",0.0115282296755409,0.0807270591508928,0.0308241199626139,0.0499029391882789,0.0691988294753519,0.019295890287073
"161135",1.19057657689149,0.160362572757672,1.19057657689149,-1.03021400413382,-1.03021400413382,0
"123750",0.0706052942279294,0.160616043345971,0.102791647519502,0.0578243958264685,0.0900107491180411,0.0321863532915726
"282841",0.106410091103616,0.128237810063738,0.114715440342615,0.0135223697211229,0.0218277189601216,0.00830534923899871
"500796",0.106369078108664,0.141060920959543,0.119433860344211,0.0216270606153318,0.0346918428508788,0.0130647822355469
"100426",0.0586059635062664,0.135249372799705,0.0851048304173815,0.0501445423823232,0.0766434092934384,0.0264988669111151
"30145",0.28837528708822,0.119399551499945,0.21937700142275,-0.0999774499228053,-0.168975735588275,-0.0689982856654694
"357608",0.161545525645088,0.140441402989852,0.153136974996716,-0.0126955720068642,-0.0211041226552358,-0.00840855064837157
"273664",0.0177534331513861,0.114421406809158,0.0475218501849823,0.0668995566241757,0.0966679736577719,0.0297684170335962
"246908",0.116121789474876,0.116607202011449,0.116384107520458,0.000223094490991074,0.000485412536573346,0.000262318045582272
"190232",0.455186027498755,0.132738549523114,0.307983314798097,-0.175244765274983,-0.322447477975641,-0.147202712700659
"357616",0.0300139834339431,0.112920655151438,0.056930010527253,0.055990644624185,0.0829066717174948,0.0269160270933098
"19397",0.0788268172726499,0.176403686866367,0.113363934690858,0.0630397521755086,0.0975768695937168,0.0345371174182082
"134760",0.06773937381167,0.131642002478754,0.0908895975173169,0.0407524049614373,0.0639026286670841,0.0231502237056468
"69568",0.343007507485282,0.233146824601981,0.29816953063863,-0.0650227060366486,-0.1098606828833,-0.0448379768466515
"540887",0.143876571637062,0.150247475531025,0.14641280993025,0.00383466560077531,0.00637090389396272,0.00253623829318742
"416997",0.0613442483886439,0.162904923628641,0.0961671181396304,0.0667378054890103,0.101560675239997,0.0348228697509865
"233111",0.0863489705745217,0.14684775068804,0.108331764264414,0.0385159864236263,0.0604987801135185,0.0219827936898922
"491587",0.29226298582888,0.171938188048121,0.241497200570313,-0.0695590125221921,-0.120324797780759,-0.0507657852585673
"315383",0.356491231103507,0.361796872037181,0.359560892974803,0.00223597906237788,0.00530564093367475,0.00306966187129687
"546531",0.157406331514224,0.147394025120718,0.15345658764953,-0.00606256252881121,-0.0100123063935057,-0.00394974386469452
"573099",0.162797321795182,0.171852551071117,0.166317690285387,0.00553486078573007,0.00905522927593508,0.00352036849020501
"529823",0.0637988193147236,0.123144644191217,0.0851038898797918,0.0380407543114253,0.0593458248764936,0.0213050705650682
"151987",0.15822202550613,0.238316813216435,0.187951192566787,0.0503656206496474,0.0800947877103051,0.0297291670606576
"419784",0.128374770984113,0.172846704983342,0.1454875616683,0.0273591433150417,0.0444719339992289,0.0171127906841872
"375860",0.121803092387757,0.182784414914858,0.144866789565844,0.0379176253490143,0.0609813225271011,0.0230636971780868
"83368",0.162900159313444,0.150257789187411,0.15786011443112,-0.00760232524370924,-0.0126423701260329,-0.00504004488232371
"83794",0.101663819160404,0.171978766204777,0.127577778945319,0.0444009872594579,0.0703149470443727,0.0259139597849148
"188038",0.230745523324108,0.266090495523765,0.244319451387465,0.0217710441362996,0.0353449721996567,0.0135739280633571
"26038",0.0358470196440601,0.107132207770951,0.0593836523870321,0.0477485553839185,0.0712851881268906,0.023536632742972
"178564",1.26911842967355,0.474293955390545,0.896087579906946,-0.421793624516401,-0.79482447428301,-0.373030849766609
"65246",0.0777521423917888,0.130468264664826,0.096918452638909,0.0335498120259167,0.0527161222730368,0.0191663102471201
"214629",0.123096059571661,0.150253578117157,0.133380073307432,0.0168735048097249,0.0271575185454964,0.0102840137357715
"126126",0.024279642299505,0.104028556542496,0.0496708448952646,0.0543577116472313,0.079748914242991,0.0253912025957597
"317762",0.467077264367623,0.200768135584537,0.352090319034372,-0.151322183449835,-0.266309128783086,-0.114986945333251
"496697",0.063797707870296,0.106899831208613,0.0794967028762099,0.0274031283324031,0.043102123338317,0.0156989950059139
"543997",0.0378350460916736,0.117875175425521,0.0641538962052169,0.0537212792203041,0.0800401293338474,0.0263188501135433
"190718",0.243683603612487,0.19208252034452,0.22269447706955,-0.0306119567250303,-0.0516010832679677,-0.0209891265429373
"108512",0.0915719537769764,0.151319745931012,0.1134200343677,0.0378997115633117,0.0597477921540353,0.0218480805907236
"275685",0.301365617436189,0.182625185812655,0.251837677494347,-0.0692124916816924,-0.118740431623534,-0.0495279399418417
"419734",0.0274316407470325,0.112914601439466,0.0549821755237716,0.0579324259156943,0.0854829606924333,0.027550534776739
"89118",0.235034017795121,0.14195523168596,0.196976276876953,-0.0550210451909923,-0.0930787861091604,-0.0380577409181681
"482456",0.0591042092149874,0.141970101816051,0.0884368980059977,0.0535332038100529,0.0828658926010632,0.0293326887910103
"152095",0.240508036585158,0.183656235545186,0.217333171089106,-0.0336769355439205,-0.0568518010399721,-0.0231748654960517
"153386",0.0609401126079953,0.144137926826453,0.0900121062433618,0.0541258205830914,0.0831978142184579,0.0290719936353665
"255370",0.0489056168965295,0.112382651319135,0.070637813671286,0.0417448376478488,0.0634770344226054,0.0217321967747565
"296384",0.208936930397569,0.188868963260804,0.20098826299921,-0.0121192997384059,-0.0200679671367651,-0.00794866739835914
"559812",0.72003817207371,0.266652165348579,0.52620138239445,-0.259549217045871,-0.453386006725131,-0.19383678967926
"34909",0.326581291863557,0.16123314355541,0.254087635087927,-0.0928544915325171,-0.165348148308148,-0.0724936567756305
"466167",0.190988212983584,0.147182349995398,0.173078960280735,-0.0258966102853367,-0.043805862988186,-0.0179092527028493
"125482",1.77337170969386,0.547323233036917,1.21358630584073,-0.666263072803811,-1.22604847665695,-0.559785403853135
"508392",0.112640508441721,0.136604903925491,0.121800707207568,0.0148041967179229,0.0239643954837699,0.00916019876584705
"506136",0.063975925950789,0.139661919937264,0.0905079396389157,0.0491539802983486,0.0756859939864752,0.0265320136881267
"554421",0.0775678029366202,0.17596800902245,0.112987163939858,0.0629808450825924,0.09840020608583,0.0354193610032376
"552486",0.135188511660474,0.148382686617638,0.140281891795289,0.00810079482234843,0.0131941749571634,0.00509338013481497
"139567",0.0853531899039563,0.135352948422317,0.103690130194649,0.0316628182276675,0.0499997585183605,0.0183369402906929
"187314",0.254830059156112,0.123617361441683,0.197819302395657,-0.0742019409539737,-0.131212697714429,-0.0570107567604548
"465538",0.0820109549009412,0.18401371003411,0.117830273855159,0.0661834361789513,0.102002755133169,0.0358193189542178
"476325",0.0781329582745938,0.113796946036302,0.0917661741622276,0.0220307718740741,0.0356639877617079,0.0136332158876338
"25774",0.144589917168506,0.148260470356897,0.146049544584963,0.00221092577193341,0.00367055318839085,0.00145962741645744
"272046",0.137049525445845,0.0875087100861206,0.11976059201933,-0.0322518819332098,-0.0495408153597246,-0.0172889334265148
"552136",0.142900125619215,0.244411792917494,0.179517132315069,0.0648946606024247,0.101511667298279,0.0366170066958545
"469791",0.0499048809080735,0.126889961176716,0.0777191576129358,0.0491708035637799,0.0769850802686422,0.0278142767048623
"434719",0.200942197190481,0.190394939040408,0.196752668851147,-0.00635772981073898,-0.0105472581500723,-0.00418952833933334
"308689",0.105739683543784,0.138733709510647,0.118139456399291,0.0205942531113557,0.0329940259668631,0.0123997728555073
"531648",0.139477787813744,0.165134591172826,0.149376909987758,0.0157576811850672,0.0256568033590816,0.0098991221740144
"344432",0.391612515794701,0.278392138246043,0.345625919023417,-0.0672337807773737,-0.113220377548657,-0.0459865967712834
"164615",0.223016865669765,0.183985506679511,0.207492153087592,-0.0235066464080811,-0.0390313589902536,-0.0155247125821725
"330962",0.0477587771985431,0.112840048486474,0.0703441029556267,0.0424959455308469,0.0650812712879304,0.0225853257570836
"322581",0.0582047297775745,0.100818229136591,0.0733486261342858,0.0274696030023049,0.0426134993590163,0.0151438963567114
"383478",0.0707100141771543,0.150602681244261,0.0992888422152983,0.0513138390289623,0.0798926670671064,0.028578828038144
"317753",0.0733739922098357,0.134050752253349,0.0951146495912221,0.0389361026621269,0.0606767600435133,0.0217406573813864
"552380",0.0905413360823844,0.103971495727393,0.0956473263279282,0.00832416939946518,0.0134301596450089,0.00510599024554377
"466171",0.0913383500918141,0.108193157701362,0.0977945895695524,0.0103985681318099,0.0168548076095482,0.0064562394777383
"305854",0.254477503643526,0.185123571378489,0.226251161702686,-0.0411275903241964,-0.0693539322650371,-0.0282263419408408
"261522",0.0136750647705103,0.123335653576717,0.0458330730965318,0.0775025804801851,0.109660588806207,0.0321580083260215
"83471",0.125726073590888,0.156527081958869,0.137455594751142,0.0190714872077276,0.0308010083679811,0.0117295211602535
"421836",0.100272201039857,0.157749729192338,0.121236529701268,0.0365131994910694,0.0574775281524811,0.0209643286614118
"39335",0.312915168055701,0.170294669808121,0.253098734912673,-0.0828040651045525,-0.14262049824758,-0.0598164331430275
"362096",0.069033171502375,0.103147024545773,0.0815259443847916,0.0216210801609817,0.0341138530433984,0.0124927728824166
"139539",0.0205518459636813,0.112781467045547,0.0492931919252457,0.0634882751203014,0.0922296210818658,0.0287413459615644
"430871",0.0706031156973102,0.124701676038171,0.0900553954272909,0.0346462806108797,0.0540985603408603,0.0194522797299806
"435535",0.194693994831996,0.129256027854993,0.168325563424997,-0.0390695355700037,-0.0654379669770026,-0.0263684314069988
"29890",0.4618680544968,0.406788878838817,0.440693013935747,-0.0339041350969292,-0.0550791756579823,-0.0211750405610531
"345064",0.113541276796455,0.144306180802624,0.125213201832332,0.019092978970292,0.0307649040061692,0.0116719250358772
"523466",0.0999778038388772,0.158386069599018,0.121529071260209,0.0368569983388087,0.0584082657601406,0.0215512674213319
"338187",0.186192026008448,0.20723607010603,0.194310973030066,0.0129250970759635,0.0210440440975824,0.00811894702161883
"518716",0.0707041125896289,0.130932088978311,0.0922552940352755,0.038676794943035,0.0602279763886817,0.0215511814456466
"7136",0.176297751310908,0.199249680578365,0.185102394040878,0.0141472865374871,0.0229519292674576,0.00880464272997042
"76729",0.0467949092188356,0.0874378045770164,0.0610225690288969,0.0264152355481195,0.0406428953581808,0.0142276598100613
"27536",0.137248778040086,0.144660343156718,0.140179756496643,0.004480586660075,0.00741156511663235,0.00293097845655735
"368051",0.029006195811959,0.0992336235825381,0.0516517831635822,0.0475818404189559,0.0702274277705791,0.0226455873516232
"394307",0.408789909196229,0.178687458265457,0.309409835023788,-0.130722376758331,-0.230102450930772,-0.0993800741724412
"17548",0.319182285745281,0.31523724822016,0.316912111140934,-0.0016748629207744,-0.00394503752512099,-0.00227017460434659
"11310",2.31055661911706,0.334951174079003,2.31055661911706,-1.97560544503805,-1.97560544503805,0
"485551",0.108817790238052,0.135293645436851,0.118841330094694,0.0164523153421568,0.0264758551987996,0.0100235398566428
"94186",0.108436981537039,0.0885169299097649,0.100515634664196,-0.0119987047544316,-0.0199200516272746,-0.00792134687284302
"440397",0.18399933590696,0.224624925554049,0.199417796744299,0.0252071288097497,0.0406255896470886,0.0154184608373389
"329551",0.0661999739218317,0.128620322843533,0.0879837963559115,0.0406365264876219,0.0624203489217017,0.0217838224340798
"500536",0.0988622254305457,0.156029335996448,0.120033590411689,0.0359957455847595,0.0571671105659024,0.0211713649811429
"111881",0.449472495840376,0.260166954835388,0.371508067201826,-0.111341112366437,-0.189305541004987,-0.07796442863855
"353529",0.0461679887268137,0.0788955711065936,0.0571283335612635,0.0217672375453301,0.0327275823797799,0.0109603448344498
"277414",0.132530796955482,0.143663370151103,0.1368800838002,0.0067832863509025,0.0111325731956204,0.00434928684471791
"39786",0.0259764874230023,0.142978245278559,0.0629356826035177,0.0800425626750411,0.117001757855556,0.0369591951805154
"413599",0.931989131520324,0.398851596279107,0.669822219900766,-0.27097062362166,-0.533137535241218,-0.262166911619558
"329147",0.922628340383259,0.392439616112472,0.698949075181407,-0.306509459068935,-0.530188724270787,-0.223679265201852
"253075",0.275044771688868,0.276022921939003,0.272766046370572,0.00325687556843085,0.000978150250135201,-0.00227872531829565
"479770",0.0466453574526217,0.140729455028071,0.0786649909687722,0.0620644640592989,0.0940840975754494,0.0320196335161505
"351660",0.0360465543618383,0.0931859043242978,0.055166907262469,0.0380189970618287,0.0571393499624595,0.0191203529006308
"528234",0.155961830799926,0.173178119549832,0.162609426569119,0.0105686929807128,0.0172162887499058,0.00664759576919297
"130509",0.118832927425866,0.152388959862612,0.131504102531158,0.0208848573314543,0.0335560324367463,0.0126711751052921
"355624",0.037473370353673,0.106745033530669,0.060569173825502,0.0461758597051672,0.0692716631769962,0.023095803471829
"287107",1.08882987798986,0.18451407058234,1.08882987798986,-0.904315807407519,-0.904315807407519,0
"500613",0.158922597001853,0.164060369060002,0.160951232242376,0.00310913681762592,0.00513777205814936,0.00202863524052344
"539597",0.0819767654581248,0.0968935212226938,0.088799427674715,0.00809409354797883,0.014916755764569,0.00682266221659021
"557279",0.135974612381812,0.162109937649895,0.146023257412651,0.016086680237244,0.026135325268083,0.010048645030839
"254831",0.104331551174684,0.156371142295093,0.123877301138615,0.0324938411564782,0.0520395911204097,0.0195457499639315
"308777",0.486994074912504,0.253384993987385,0.388975848153236,-0.135590854165852,-0.233609080925119,-0.0980182267592671
"214275",0.0269629325865677,0.102512674744704,0.0511801651014033,0.0513325096433007,0.0755497421581363,0.0242172325148356
"566781",0.0469787109972637,0.124523669816191,0.0732752427758103,0.051248427040381,0.0775449588189276,0.0262965317785466
"135473",0.101046525929959,0.10504981147767,0.102602636985135,0.00244717449253491,0.00400328554771025,0.00155611105517534
"430127",0.166165346653967,0.172891455839823,0.168814538105756,0.00407691773406652,0.00672610918585562,0.0026491914517891
"529120",0.0846143838299235,0.0989784176046657,0.0901118491790024,0.0088665684256633,0.0143640337747421,0.00549746534907884
"390240",0.0476115647196047,0.107122962635114,0.0694893135153467,0.0376336491197672,0.0595113979155091,0.0218777487957419
"161600",0.0323269752407208,0.104955797761152,0.0559084422983603,0.0490473554627913,0.0726288225204308,0.0235814670576395
"171267",0.0126515943722609,0.122172919354843,0.0446205741978927,0.0775523451569506,0.109521324982582,0.0319689798256318
"488855",0.0636199564046414,0.13920509360254,0.0902698586877988,0.0489352349147417,0.0755851371978991,0.0266499022831574
"442124",0.0529390075911214,0.110500887780247,0.0729122458596975,0.037588641920549,0.0575618801891251,0.0199732382685761
"418491",0.131699543517594,0.201000145744566,0.157425956889195,0.0435741888553708,0.0693006022269716,0.0257264133716008
"134311",0.173059355420341,0.178050702492799,0.175044831553279,0.00300587093951996,0.0049913470724581,0.00198547613293815
"91149",0.0693989172158403,0.150314484943722,0.0981617075541879,0.0521527773895337,0.0809155677278813,0.0287627903383476
"335745",0.807042531082959,0.505570739392245,0.68793707320435,-0.182366333812105,-0.301471791690714,-0.119105457878609
"63750",0.0653174429658665,0.116783885615435,0.0837422826213839,0.0330416029940515,0.0514664426495689,0.0184248396555174
"386004",0.139505432400876,0.208382208937823,0.165524385729516,0.0428578232083069,0.0688767765369468,0.0260189533286399
"17123",0.0869468547807293,0.160058357479614,0.113602554375812,0.0464558031038024,0.0731115026988846,0.0266556995950822
"496028",0.175316057855528,0.103633955207915,0.145177235786338,-0.0415432805784229,-0.0716821026476134,-0.0301388220691906
"514881",0.109831490808712,0.190926838220714,0.138163464761046,0.0527633734596674,0.0810953474120013,0.028331973952334
"424847",0.0588216917352782,0.123848221109629,0.0816469792319007,0.0422012418777287,0.0650265293743512,0.0228252874966225
"69729",0.132704065816055,0.172220539026194,0.1475202832636,0.0247002557625945,0.0395164732101393,0.0148162174475448
"277030",0.0402723377935659,0.103873807886353,0.0628771864021867,0.0409966214841658,0.0636014700927866,0.0226048486086208
"410472",0.153537831604629,0.0996460122882724,0.131311428490316,-0.0316654162020433,-0.0538918193163564,-0.0222264031143131
"131916",0.815488559555194,0.134482914537589,0.815488559555194,-0.681005645017605,-0.681005645017605,0
"478391",0.08824451378633,0.133555160781523,0.104863146238634,0.0286920145428885,0.0453106469951925,0.016618632452304
"514917",0.16802748516295,0.163190177996125,0.166126447902375,-0.00293626990624984,-0.0048373071668249,-0.00190103726057506
"55224",0.0767317761398218,0.0885002721094593,0.0790526188933082,0.00944765321615113,0.0117684959696375,0.0023208427534864
"124577",0.0942549001389199,0.132951247783684,0.108761544623114,0.0241897031605703,0.0386963476447641,0.0145066444841938
"496468",0.138641430681367,0.181726226959828,0.15484146405541,0.0268847629044175,0.0430847962784611,0.0162000333740435
"274051",0.059563742974219,0.1290993318918,0.0839281264367334,0.0451712054550666,0.0695355889175811,0.0243643834625145
"452719",0.18740891315918,0.260813683811285,0.214843181391545,0.0459705024197396,0.0734047706521045,0.0274342682323649
"276879",0.173386959183416,0.212069614567511,0.188773613013361,0.0232960015541497,0.0386826553840947,0.015386653829945
"25176",0.0729857660670425,0.162561277963227,0.104833237501997,0.0577280404612296,0.0895755118961842,0.0318474714349546
"342378",0.0231419325773045,0.112465901789186,0.0518686361136889,0.0605972656754971,0.0893239692118815,0.0287267035363844
"521921",0.0791789647845254,0.115842436563657,0.0935131658718385,0.0223292706918181,0.0366634717791312,0.0143342010873131
"470117",0.155873136968808,0.205175219608179,0.172372535098869,0.03280268450931,0.0493020826393706,0.0164993981300606
"317171",0.277335940386983,0.229815291650126,0.258279142946544,-0.0284638512964179,-0.0475206487368562,-0.0190567974404383
"274517",0.173288656903162,0.182936726776762,0.177067071189594,0.00586965558716782,0.00964806987359926,0.00377841428643144
"38513",0.0811884836095776,0.145737904905214,0.104752467830201,0.040985437075013,0.0645494212956361,0.0235639842206231
"251863",0.0996929666140413,0.104881053783305,0.101717247498249,0.00316380628505633,0.00518808716926368,0.00202428088420735
"7148",0.0587619729728664,0.135096533065523,0.0856204175672856,0.0494761154982374,0.0763345600926565,0.0268584445944192
"248301",0.46631507147828,0.30269001088075,0.398227404702724,-0.0955373938219747,-0.16362506059753,-0.0680876667755556
"6423",0.0335197204065673,0.0935344373927963,0.0532256157738441,0.0403088216189522,0.0600147169862291,0.0197058953672768
"120606",0.281011476000219,0.150638607183702,0.225979406746112,-0.0753407995624101,-0.130372868816517,-0.0550320692541073
"94038",0.114666666854171,0.146162179949642,0.126613625681143,0.0195485542684992,0.0314955130954714,0.0119469588269722
"57220",0.0712838375442465,0.11963431954062,0.0888837137192499,0.0307506058213698,0.0483504819963732,0.0175998761750034
"71438",0.0693389520348863,0.12862582509,0.0905912275122411,0.0380345975777587,0.0592868730551135,0.0212522754773548
"551692",0.560088130105036,0.238339258628233,0.423031137583388,-0.184691878955154,-0.321748871476803,-0.137056992521649
"241229",0.132223353675515,0.152229995482264,0.13993155873966,0.0122984367426039,0.0200066418067485,0.0077082050641446
"22495",0.0697377363288903,0.184907506866735,0.109991470611539,0.0749160362551961,0.115169770537844,0.0402537342826484
"5472",0.147901510965229,0.23616150450814,0.179161111652444,0.0570003928556966,0.0882599935429108,0.0312596006872142
"510869",0.0849900508575913,0.148273092172975,0.107952050083923,0.0403210420890525,0.063283041315384,0.0229619992263316
"481927",0.150916142305658,0.197216362218024,0.168388523179549,0.0288278390384754,0.0463002199123665,0.0174723808738911
"94361",0.0555221206741797,0.161707953748271,0.0914729377675342,0.0702350159807364,0.106185833074091,0.0359508170933544
"301699",0.196234809326551,0.186019475886149,0.192199058156356,-0.00617958227020624,-0.0102153334404018,-0.00403575117019553
"263238",0.104267431535099,0.146720998099928,0.121665648634101,0.025055349465827,0.0424535665648296,0.0173982170990025
"22212",0.136164520991228,0.242818552900608,0.174648665466085,0.0681698874345229,0.10665403190938,0.0384841444748567
"303304",0.191109889843498,0.185566759661525,0.188921905223797,-0.00335514556227218,-0.00554313018197308,-0.00218798461970091
"149052",0.106716003379576,0.169928725202042,0.129968927543886,0.0399597976581567,0.063212721822466,0.0232529241643093
"576849",0.414327679167033,0.18764714029773,0.316432118387706,-0.128784978089975,-0.226680538869302,-0.0978955607793268
"377954",1.44768482055906,0.28565121880645,0.852588300226296,-0.566937081419847,-1.16203360175261,-0.595096520332768
"559013",0.0882934468077069,0.153224214596247,0.11174327843182,0.0414809361644275,0.0649307677885402,0.0234498316241127
"166452",0.229839766454128,0.193405279933723,0.215259559308232,-0.0218542793745087,-0.0364344865204053,-0.0145802071458966
"358806",0.126601533101574,0.204789822044485,0.155583113926877,0.0492067081176078,0.0781882889429112,0.0289815808253034
"418410",0.135793325807306,0.186306039535549,0.1546774695142,0.0316285700213493,0.050512713728243,0.0188841437068937
"112066",0.0561017519043383,0.133072651436359,0.0827606702591828,0.0503119811771763,0.0769708995320209,0.0266589183548446
"545723",0.0420072606549685,0.133506978744713,0.0725041774167275,0.0610028013279853,0.0914997180897443,0.030496916761759
"83635",0.119568881594495,0.1603252013724,0.134948821762441,0.0253763796099587,0.0407563197779052,0.0153799401679465
"319557",0.393816320444011,0.162390500412103,0.291038046067119,-0.128647545655015,-0.231425820031908,-0.102778274376892
"326132",0.321989586827466,0.366334197831672,0.338688077557999,0.0276461202736731,0.0443446110042053,0.0166984907305321
"515091",0.0813746709140744,0.134507634168976,0.10078611082466,0.0337215233443152,0.0531329632549013,0.0194114399105861
"124771",0.250081963230602,0.212317635535997,0.234948405350361,-0.0226307698143636,-0.0377643276946045,-0.015133557880241
"55087",0.165257589347055,0.135468615542533,0.153225071850106,-0.0177564563075732,-0.0297889738045221,-0.0120325174969488
"557586",0.0729276822384875,0.135395974501703,0.0955174280395156,0.039878546462187,0.062468292263215,0.0225897458010281
"521057",0.0650096902034347,0.149550101036168,0.0942735642721937,0.0552765367639747,0.0845404108327337,0.029263874068759
"529800",0.0407214039181215,0.0984153294577968,0.0603675509725238,0.0380477784852729,0.0576939255396752,0.0196461470544023
"449655",0.0885983148105239,0.209896222523218,0.131787583596028,0.0781086389271891,0.121297907712694,0.0431892687855045
"147785",0.0303839515473546,0.0876739134920214,0.0491138319590627,0.0385600815329587,0.0572899619446668,0.0187298804117081
"254987",0.0676325533029057,0.124097219021399,0.0877811338252858,0.0363160851961136,0.0564646657184937,0.0201485805223802
"396394",1.48843119200896,0.531151991170995,1.04595137309569,-0.514799381924692,-0.957279200837961,-0.44247981891327
"515225",0.607844974131479,0.285147672775621,0.465805647908866,-0.180657975133246,-0.322697301355858,-0.142039326222613
"267565",0.673101306567992,0.103069465103303,0.673101306567992,-0.570031841464689,-0.570031841464689,0
"25106",0.159338169877761,0.247920472725624,0.192059528405734,0.0558609443198897,0.0885823028478628,0.032721358527973
"150946",0.44112194319567,0.294960089549267,0.381662643846981,-0.0867025542977145,-0.146161853646404,-0.0594592993486892
"412104",0.0445842365223516,0.149530259623084,0.0799165367986779,0.0696137228244065,0.104946023100733,0.0353323002763263
"39752",0.225007895991735,0.20050734360106,0.215181637685753,-0.0146742940846922,-0.024500552390675,-0.0098262583059828
"25149",0.114383784061027,0.11863708736158,0.116054411017339,0.00258267634424082,0.00425330330055328,0.00167062695631245
"45809",0.0544624626955565,0.118419523384818,0.0772576159648256,0.0411619074199924,0.0639570606892615,0.0227951532692691
"61332",0.162453066914712,0.115226245121409,0.14314884461615,-0.0279225994947404,-0.0472268217933023,-0.0193042222985619
"55804",0.0401484569223561,0.122959255597889,0.0680024405148292,0.0549568150830595,0.0828107986755326,0.0278539835924731
"399335",0.0309032819915612,0.104474501805881,0.0550931375224023,0.0493813642834784,0.0735712198143195,0.0241898555308411
"499069",0.0640426725388934,0.106947961183536,0.0794293334584663,0.0275186277250695,0.0429052886446424,0.0153866609195729
"393488",0.0146363320267638,0.102461162462077,0.0406690875378812,0.0617920749241957,0.087824830435313,0.0260327555111174
"578063",0.107541420233181,0.144419728788683,0.121491214859416,0.0229285139292671,0.0368783085555017,0.0139497946262345
"384109",0.0428481664508783,0.1381934163051,0.075403215375996,0.0627902009291035,0.0953452498542213,0.0325550489251178
"71208",2.32371073949984,0.582009236711344,1.4347016271412,-0.852692390429857,-1.7417015027885,-0.889009112358639
"1367",0.0273218403078666,0.126256918496729,0.0602846457381888,0.0659722727585403,0.0989350781888625,0.0329628054303221
"199468",0.231619600096907,0.215407436184203,0.225284208992983,-0.00987677280878022,-0.0162121639127037,-0.00633539110392353
"304573",0.0748922116012441,0.146924912195087,0.100594419221837,0.04633049297325,0.0720327005938431,0.0257022076205932
"484121",0.553215459859222,0.150587679233325,0.369478983561162,-0.218891304327836,-0.402627780625897,-0.183736476298061
"433837",0.358072077608416,0.163575200134457,0.274142645177489,-0.110567445043032,-0.19449687747396,-0.0839294324309276
"520582",0.0317127881248749,0.11031688255519,0.0571097801409994,0.0532071024141908,0.0786040944303152,0.0253969920161245
"494444",0.143905762821937,0.145704830128595,0.144604434254768,0.0011003958738271,0.0017990673066581,0.000698671432831005
"453466",0.202748301808053,0.154878448848614,0.183162465333932,-0.028284016485318,-0.0478698529594395,-0.0195858364741215
"476386",0.0555974347718017,0.107360153543865,0.0739565739200743,0.0334035796237906,0.0517627187720632,0.0183591391482726
"357694",0.126486380665844,0.149950906908042,0.135480668410223,0.0144702384978188,0.0234645262421981,0.0089942877443793
"514705",0.0763581380534333,0.09556381881636,0.0835553671724249,0.0120084516439351,0.0192056807629267,0.00719722911899159
"73083",0.0725177679914675,0.129799008903942,0.0931972782306403,0.0366017306733014,0.0572812409124742,0.0206795102391728
"234073",0.0427482673122929,0.0999356130899302,0.063853297629147,0.0360823154607832,0.0571873457776372,0.0211050303168541
"179128",0.0529955357578511,0.111883422178695,0.0740205137540956,0.0378629084245998,0.0588878864208443,0.0210249779962446
"458791",0.221418799765097,0.20288557017252,0.214025638582107,-0.0111400684095876,-0.0185332295925771,-0.00739316118298949
"95084",0.175869516646428,0.280208949367688,0.214377444499027,0.0658315048686609,0.10433943272126,0.0385079278525991
"441065",0.0613456031309351,0.142087087060649,0.089677367610825,0.0524097194498243,0.0807414839297142,0.0283317644798899
"120685",0.0780507049726996,0.189539935581719,0.116984729701685,0.0725552058800339,0.111489230609019,0.0389340247289855
"104082",0.696218522192971,0.398857605731901,0.574479831880495,-0.175622226148594,-0.297360916461071,-0.121738690312476
"448089",0.234105107891853,0.189748679400489,0.216023561303267,-0.0262748819027782,-0.044356428491364,-0.0180815465885859
"523088",0.198229874630046,0.236299641658802,0.213160554932296,0.0231390867265063,0.0380697670287563,0.01493068030225
"253894",0.132382647473883,0.138707671349559,0.134852298839768,0.00385537250979137,0.00632502387567546,0.00246965136588409
"340262",0.112901694651864,0.236222641016294,0.156578578970642,0.0796440620456522,0.123320946364429,0.0436768843187772
"572406",0.11820779202068,0.129809690610992,0.12268725301716,0.00712243759383145,0.0116018985903119,0.0044794609964804
"503213",0.125131872072713,0.119684239191174,0.121956455457956,-0.00227221626678271,-0.0054476328815395,-0.00317541661475679
"122229",0.0366260927643468,0.0901459403101662,0.0545413124740965,0.0356046278360697,0.0535198475458194,0.0179152197097497
"456157",0.707836928427512,0.085367770299996,0.707836928427512,-0.622469158127516,-0.622469158127516,0
"119922",0.102514103449379,0.236374609309206,0.149582261714143,0.0867923475950625,0.133860505859827,0.0470681582647646
"39364",0.0331171314476327,0.0966316622587872,0.0548818885428863,0.0417497737159009,0.0635145308111545,0.0217647570952536
"117283",0.160311423238763,0.160893105944009,0.16065226345971,0.000240842484298648,0.000581682705245501,0.000340840220946853
"506031",0.114452997381205,0.155140223455059,0.12971780810029,0.025422415354769,0.0406872260738539,0.0152648107190849
"481128",0.192489969714776,0.242392029314617,0.211502497572486,0.0308895317421309,0.0499020595998408,0.0190125278577098
"165705",0.0247808592236546,0.129591693927596,0.0577339507136051,0.0718577432139908,0.104810834703941,0.0329530914899506
"406169",0.0862952318613315,0.163159006548584,0.11410875125787,0.0490502552907137,0.0768637746872525,0.0278135193965388
"85341",0.48294653654629,0.367003462326023,0.437298887225266,-0.0702954248992422,-0.115943074220267,-0.0456476493210244
"101100",0.0807410407855731,0.143853334322839,0.104213622939784,0.0396397113830543,0.0631122935372656,0.0234725821542113
"573143",0.250730696883228,0.331682430650143,0.280698355927259,0.0509840747228839,0.0809517337669151,0.0299676590440311
"453562",0.39409290481437,0.228050821969806,0.324926615071533,-0.0968757931017275,-0.166042082844564,-0.0691662897428367
"337825",0.072761319503638,0.142359546475312,0.0975209146225966,0.0448386318527154,0.069598226971674,0.0247595951189586
"209743",0.0539313137756489,0.145157888566976,0.0851781489944617,0.0599797395725138,0.0912265747913266,0.0312468352188128
"445796",0.0746123957684335,0.117313835417505,0.090206426708069,0.0271074087094361,0.0427014396490716,0.0155940309396355
"401074",0.515409980867489,0.154222209304068,0.351965716315513,-0.197743507011444,-0.361187771563421,-0.163444264551976
"558048",0.68597417178665,0.1226781833116,0.68597417178665,-0.56329598847505,-0.56329598847505,0
"10226",6.6396061600453,1.23437935223985,6.6396061600453,-5.40522680780544,-5.40522680780544,0
"474518",0.119773899461377,0.218732225264686,0.155646721287516,0.0630855039771698,0.0989583258033089,0.0358728218261391
"3305",0.124578492294984,0.169317936244863,0.141481264923067,0.0278366713217956,0.0447394439498788,0.0169027726280832
"115360",0.243154210189366,0.207953109099767,0.229091550226063,-0.0211384411262957,-0.0352011010895984,-0.0140626599633027
"317232",0.683713620657801,0.190771258278192,0.463366953991948,-0.272595695713755,-0.492942362379608,-0.220346666665853
"498474",0.0784273714147492,0.145520417117291,0.102702529391313,0.0428178877259775,0.0670930457025417,0.0242751579765643
"377956",0.728311146447339,0.192558374661498,0.484216370945725,-0.291657996284227,-0.535752771785841,-0.244094775501614
"480904",0.0851315529766983,0.175963732799929,0.118317772869094,0.0576459599308348,0.0908321798232306,0.0331862198923958
"30430",0.344585879934266,0.125671867719092,0.247244067908991,-0.121572200189899,-0.218914012215175,-0.0973418120252751
"276763",0.0540921041189068,0.109182816414185,0.0734459082413291,0.0357369081728564,0.0550907122952787,0.0193538041224223
"260923",0.0643271592023842,0.0989189078028582,0.0768852648860256,0.0220336429168326,0.034591748600474,0.0125581056836414
"416348",0.0333845787831283,0.118255122713171,0.0608456342781857,0.0574094884349852,0.0848705439300425,0.0274610554950574
"377928",0.175594619033921,0.230986142267034,0.196508634281036,0.0344775079859985,0.055391523233113,0.0209140152471145
"178462",4.96783612129981,0.294976916690708,4.96783612129981,-4.6728592046091,-4.6728592046091,0
"71728",0.0821584540739864,0.162806658514409,0.110786784605126,0.0520198739092833,0.0806482044404229,0.0286283305311396
"121294",0.0229180925776336,0.0930936360211786,0.0447458137735588,0.0483478222476199,0.070175543443545,0.0218277211959251
"184311",0.078688100928305,0.120467331958203,0.0939914977905244,0.0264758341676787,0.041779231029898,0.0153033968622194
"470856",0.0738228608208243,0.156609350850619,0.103896496887963,0.0527128539626557,0.0827864900297946,0.0300736360671389
"109157",0.650775665872739,0.312820743045883,0.508863133839019,-0.196042390793137,-0.337954922826856,-0.141912532033719
"121668",0.0890717824498088,0.182659724392935,0.123583542822423,0.0590761815705121,0.0935879419431258,0.0345117603726137
"363765",0.140405311850227,0.162189619475272,0.148738144584645,0.0134514748906276,0.021784307625045,0.00833283273441737
"91009",0.424463803065381,0.264909785539054,0.358690289180412,-0.0937805036413583,-0.159554017526328,-0.0657735138849692
"127419",0.284538259197407,0.214689682766301,0.25614577323393,-0.0414560904676289,-0.0698485764311055,-0.0283924859634766
"132055",0.567587904400627,0.131299057057308,0.363585466689745,-0.232286409632437,-0.436288847343319,-0.204002437710882
"31921",0.377504583929991,0.231980388903434,0.317428874247618,-0.0854484853441834,-0.145524195026557,-0.0600757096823731
"484764",8.3003825450947,0.865766959221431,8.3003825450947,-7.43461558587327,-7.43461558587327,0
"54213",0.199848194559164,0.178345028488681,0.19139003022736,-0.0130450017386788,-0.0215031660704837,-0.00845816433180485
"486642",0.156736551489245,0.164659010495818,0.159841670956035,0.00481733953978236,0.00792245900657237,0.00310511946679001
"52694",1.29673581576063,0.484129070346937,0.96484427288025,-0.480715202533313,-0.812606745413692,-0.331891542880379
"64933",0.166529140952068,0.192797627059653,0.176638663113402,0.016158963946251,0.0262684861075848,0.0101095221613338
"498341",0.0547816006581278,0.157952568817257,0.0899210212205673,0.0680315475966894,0.103170968159129,0.0351394205624396
"143104",0.355990017705604,0.259781287864842,0.317360879507102,-0.05757959164226,-0.0962087298407617,-0.0386291381985017
"108039",0.0529220901019725,0.117489304628558,0.0755934295520657,0.0418958750764928,0.064567214526586,0.0226713394500932
"303363",0.14900774132663,0.195098268435428,0.164415794820049,0.0306824736153797,0.0460905271087983,0.0154080534934186
"574541",0.0372113286289266,0.11738608654121,0.0637503943053696,0.0536356922358405,0.0801747579122835,0.026539065676443
"262040",0.0374953301708343,0.137590438905429,0.070772011180478,0.0668184277249508,0.100095108734594,0.0332766810096437
"413607",0.125455862000871,0.219654403068554,0.159629257634981,0.0600251454335728,0.0941985410676827,0.0341733956341099
"258660",0.060616615258606,0.145506899414813,0.0903011225184149,0.0552057768963981,0.0848902841562069,0.0296845072598088
"526179",0.193982758692085,0.217372788316173,0.205178734762428,0.0121940535537456,0.0233900296240878,0.0111959760703422
"126560",0.105187923173246,0.16457776159468,0.127361621798241,0.0372161397964393,0.0593898384214345,0.0221736986249951
"345847",0.210112851337025,0.206869248891968,0.208863282966236,-0.0019940340742681,-0.00324360244505617,-0.00124956837078807
"69499",0.166878460203717,0.260738342905618,0.201610660565909,0.0591276823397089,0.0938598827019002,0.0347322003621914
"302482",0.0540500827949721,0.104322175238255,0.0717661446227505,0.0325560306155046,0.050272092443283,0.0177160618277784
"160224",0.109683779111372,0.192147148400674,0.140398532274621,0.0517486161260531,0.0824633692893016,0.0307147531632485
"72212",0.0428251639889391,0.117410221253945,0.0683961377944224,0.0490140834595226,0.0745850572650059,0.0255709738054833
"367187",0.0192493905423753,0.144272404986726,0.0577426102891223,0.0865297946976037,0.125023014444351,0.0384932197467469
"412519",0.22801844092687,0.249021649288737,0.236251762566136,0.0127698867226009,0.0210032083618669,0.00823332163926602
"200517",0.646766556963979,0.188327088979767,0.44121341407666,-0.252886325096893,-0.458439467984212,-0.205553142887319
"65498",0.0602849042900094,0.0928730226971819,0.0720950917165917,0.0207779309805902,0.0325881184071725,0.0118101874265823
"430746",0.0798272034651761,0.123412301429809,0.0958198034545615,0.0275924979752472,0.0435850979646325,0.0159925999893853
"333599",0.0882063683192098,0.113523583434512,0.0977412891475712,0.0157822942869405,0.0253172151153019,0.00953492082836141
"379984",1.03613622887307,0.549810429580236,0.842999905959578,-0.293189476379342,-0.486325799292837,-0.193136322913496
"397118",0.102731784622212,0.220406867426495,0.144409289180352,0.0759975782461436,0.117675082804283,0.0416775045581396
"82859",0.0334094548024839,0.100122123080333,0.0552602069281981,0.0448619161521345,0.0667126682778487,0.0218507521257142
"300874",0.0298571709605288,0.125499153623118,0.062015768515254,0.0634833851078642,0.0956419826625894,0.0321585975547252
"164215",0.157631733036692,0.245449032668201,0.190492522843028,0.0549565098251725,0.087817299631509,0.0328607898063365
"205134",7.22772782141171,0.965779277768585,7.22772782141171,-6.26194854364313,-6.26194854364313,0
"66603",0.0888366864943118,0.14291691873907,0.108631702872392,0.0342852158666782,0.0540802322447586,0.0197950163780805
"482809",0.182044323044801,0.202526521047083,0.189970217842703,0.0125563032043798,0.0204821980022822,0.00792589479790234
"211056",0.214986586932455,0.214841599462071,0.214928769030977,-8.71695689061425e-05,-0.000144987470384633,-5.78179014784908e-05
"56345",0.0783653631476919,0.127200882285047,0.0961338628551159,0.0310670194299308,0.0488355191373547,0.0177684997074239
"117083",0.0582383561864649,0.112698226146074,0.0774012295285011,0.0352969966175732,0.0544598699596094,0.0191628733420362
"494613",0.450077635884687,0.318901120956235,0.397344909169528,-0.0784437882132926,-0.131176514928452,-0.0527327267151594
"44835",0.162074048510982,0.137542689972925,0.152263740066765,-0.0147210500938406,-0.0245313585380577,-0.00981030844421704
"65406",0.0697195568510506,0.230340292975142,0.123218126262975,0.107122166712167,0.160620736124091,0.0534985694119242
"261912",0.101617675158899,0.0971281129294053,0.0998441045035483,-0.00271599157414304,-0.00448956222949368,-0.00177357065535064
"529878",0.0467050804413894,0.161471145955099,0.0848761736871312,0.0765949722679683,0.11476606551371,0.0381710932457417
"196590",0.153512927847958,0.0947693249826334,0.128953865816916,-0.034184540834283,-0.0587436028653243,-0.0245590620310413
"21923",0.101589307040047,0.239896926485077,0.1495725151409,0.0903244113441776,0.138307619445031,0.0479832081008533
"381419",0.22507757458622,0.158724750809604,0.196156273437539,-0.0374315226279357,-0.0663528237766158,-0.0289213011486801
"264423",0.147825266480386,0.189991864736415,0.163832480400031,0.0261593843363841,0.0421665982560295,0.0160072139196455
"378334",0.0587674670294886,0.164880130927816,0.0953772057089295,0.0695029252188868,0.106112663898328,0.036609738679441
"507250",0.127057878777269,0.17985860426342,0.146719361272001,0.0331392429914191,0.0528007254861514,0.0196614824947322
"455337",0.121739819767875,0.176968799477128,0.14223589789116,0.0347329015859675,0.0552289797092524,0.0204960781232849
"25852",0.182088713816218,0.0943984483721488,0.144577063042489,-0.0501786146703403,-0.0876902654440691,-0.0375116507737287
"200236",0.0270265894258441,0.110470799779103,0.0536105218514441,0.0568602779276589,0.0834442103532589,0.0265839324256
"467277",0.0744111221787617,0.145939796039709,0.099768768139668,0.0461710279000409,0.0715286738609472,0.0253576459609063
"225113",0.124773980412787,0.146128033973703,0.132945427104406,0.0131826068692972,0.0213540535609165,0.00817144669161933
"322472",0.550404995484494,0.251222281035164,0.423300368398583,-0.172078087363419,-0.29918271444933,-0.12710462708591
"287272",0.209059882434703,0.204303449092689,0.207205555223122,-0.00290210613043335,-0.00475643334201367,-0.00185432721158033
"12377",0.139450466606401,0.167628860528704,0.150197781190228,0.0174310793384763,0.0281783939223035,0.0107473145838271
"535980",0.0791291023902887,0.169639853565508,0.111062988292648,0.0585768652728604,0.0905107511752198,0.0319338859023594
"66229",0.353931157110502,0.480958227458987,0.400568535925546,0.0803896915334414,0.127027070348486,0.0466373788150445
"393514",0.184593307376985,0.134447475255176,0.163873997603037,-0.0294265223478611,-0.0501458321218091,-0.020719309773948
"330227",0.280802708435052,0.21199169031635,0.25260889265924,-0.04061720234289,-0.0688110181187019,-0.0281938157758119
"83750",0.250638195173338,0.249350513624956,0.249906345048417,-0.00055583142346155,-0.00128768154838182,-0.000731850124920275
"434630",0.0972195081104282,0.167790191889317,0.123312603291602,0.044477588597715,0.0705706837788892,0.0260930951811742
"281103",0.0747919029317217,0.157281916316638,0.104114902578037,0.0531670137386011,0.0824900133849165,0.0293229996463154
"547670",0.117793354752149,0.19063289700171,0.146554216793288,0.0440786802084217,0.0728395422495612,0.0287608620411395
"27386",0.219785198806932,0.189101894216218,0.207420387232507,-0.0183184930162884,-0.0306833045907138,-0.0123648115744253
"300497",0.196092415996376,0.155843174882726,0.179657319030699,-0.0238141441479732,-0.0402492411136498,-0.0164350969656766
"433728",0.991571353693068,0.363403209856684,0.722491674332263,-0.359088464475579,-0.628168143836384,-0.269079679360805
"223878",0.0432729614000458,0.095893715370481,0.0627655126113222,0.0331282027591588,0.0526207539704352,0.0194925512112764
"178155",0.178030505567694,0.167212814832295,0.173720067719107,-0.00650725288681214,-0.010817690735399,-0.00431043784858684
"102843",0.156446166459488,0.2190411372168,0.18171527086261,0.0373258663541905,0.062594970757312,0.0252691044031215
"55218",0.136264111394226,0.176568886513503,0.151534534752411,0.0250343517610917,0.0403047751192772,0.0152704233581855
"316740",0.0720501994013706,0.197322773804352,0.115433159649793,0.0818896141545587,0.125272574402981,0.0433829602484224
"82978",0.0947423400597412,0.152376703207753,0.116640746880793,0.0357359563269601,0.0576343631480115,0.0218984068210513
"133139",1.5266900700291,0.402365356189231,1.04593463535985,-0.643569279170616,-1.12432471383987,-0.480755434669252
"553402",0.108900351939658,0.167634841442612,0.130808147848492,0.0368266935941197,0.058734489502954,0.0219077959088342
"465025",2.47232715951851,0.272339837326709,2.47232715951851,-2.19998732219181,-2.19998732219181,0
"522669",0.0628879560879853,0.130037949102324,0.0864392430020589,0.0435987061002653,0.0671499930143388,0.0235512869140735
"313640",0.158306416767039,0.130805818214769,0.14910580855366,-0.0182999903388914,-0.0275005985522701,-0.00920060821337867
"180237",0.745447231385395,0.262801793434327,0.539660021906292,-0.276858228471964,-0.482645437951068,-0.205787209479103
"23628",0.107558809695114,0.177538840430349,0.133400331979075,0.0441385084512737,0.069980030735235,0.0258415222839614
"361367",0.0206756980491447,0.101823677243659,0.046600111127462,0.0552235661161968,0.0811479791945141,0.0259244130783173
"301277",0.113675381341181,0.126502365138567,0.11864606770987,0.00785629742869733,0.0128269837973866,0.00497068636868932
"303216",0.173155945765352,0.182190323222338,0.176684651800424,0.00550567142191394,0.00903437745698607,0.00352870603507213
"223638",0.0935094827856936,0.103902213559322,0.0975075657808366,0.00639464777848514,0.0103927307736282,0.00399808299514304
"442764",0.331039507434149,0.232729958961161,0.290623504098801,-0.0578935451376396,-0.0983095484729872,-0.0404160033353476
"203181",0.335074869958774,0.225280494408149,0.289450333748706,-0.0641698393405566,-0.109794375550625,-0.045624536210068
"97806",0.0633793207312423,0.111611076324789,0.0808857792080805,0.0307252971167088,0.048231755593547,0.0175064584768382
"424749",0.0787065182031376,0.196960948835309,0.12013615615795,0.0768247926773587,0.118254430632172,0.0414296379548129
"357087",0.0907142411668556,0.0798381424892691,0.0819204108174173,-0.00208226832814812,-0.0108760986775865,-0.00879383034943834
"547672",0.0933432458500039,0.17723069446652,0.123676676830944,0.0535540176355754,0.0838874486165157,0.0303334309809403
"213950",0.145335426296099,0.178905164064415,0.158400734087213,0.0205044299772021,0.0335697377683154,0.0130653077911134
"542583",0.0267897907065375,0.0832350753998315,0.0448512915890038,0.0383837838108277,0.056445284693294,0.0180615008824663
"56324",0.308884433571554,0.331303097212016,0.317494315016378,0.0138087821956377,0.0224186636404616,0.00860988144482383
"3165",0.243754699297006,0.16849153340888,0.212890542494008,-0.0443990090851275,-0.0752631658881264,-0.0308641568029989
"381327",0.0956308546165322,0.156052387409829,0.119041633829623,0.0370107535802059,0.0604215327932967,0.0234107792130908
"69021",0.248567658030018,0.15379902419567,0.209268765859123,-0.0554697416634528,-0.0947686338343479,-0.0392988921708952
"167027",6.44261012227566,1.19672528573301,6.44261012227566,-5.24588483654265,-5.24588483654265,0
"546760",0.0583127385245773,0.10585690372403,0.0751660717609835,0.0306908319630468,0.047544165199453,0.0168533332364062
"469161",0.118816945277372,0.193486037864739,0.146561778441759,0.0469242594229805,0.0746690925873668,0.0277448331643863
"387876",0.0614536186656416,0.0944548525364892,0.0749472495957523,0.0195076029407369,0.0330012338708476,0.0134936309301106
"544334",0.104772436224591,0.146570539098928,0.120385109738503,0.0261854293604241,0.0417981028743368,0.0156126735139126
"416124",0.0738596002633785,0.167049100989487,0.106945867041615,0.0601032339478715,0.0931895007261083,0.0330862667782368
"67759",0.208906790791175,0.197073414756991,0.204195459061433,-0.00712204430444172,-0.0118333760341841,-0.00471133172974239
"452572",0.0515158508239161,0.0871027216953979,0.0640632291604433,0.0230394925349546,0.0355868708714818,0.0125473783365272
"299932",0.0489661852091644,0.164499134256938,0.0877191051079421,0.076780029148996,0.115532949047774,0.0387529198987778
"543611",0.0680568631502667,0.156311634623819,0.0990063287282171,0.0573053058956021,0.0882547714735525,0.0309494655779504
"340745",0.253338215874959,0.307499413984084,0.274416236972767,0.0330831770113169,0.0541611981091246,0.0210780210978077
"266641",0.237613789769889,0.192725166350827,0.21961496975334,-0.0268898034025133,-0.0448886234190621,-0.0179988200165488
"433821",0.140425765808515,0.182944088839428,0.156477438990688,0.0264666498487409,0.0425183230309134,0.0160516731821725
"214795",0.147318568564762,0.191216062122947,0.164004270639557,0.0272117914833899,0.0438974935581858,0.0166857020747959
"258400",0.190497145432508,0.311794998125665,0.235951259260325,0.0758437388653402,0.121297852693158,0.0454541138278174
"398571",0.113421005687928,0.124935151234396,0.117868878924396,0.00706627230999957,0.0115141455464679,0.00444787323646829
"135159",0.388141394928624,0.351008599005297,0.373631532805338,-0.022622933800041,-0.0371327959233268,-0.0145098621232858
"76766",0.0466809029188185,0.141232059341442,0.0789852546063456,0.0622468047350963,0.0945511564226234,0.0323043516875271
"315246",0.150046650608584,0.182832282835875,0.162658855356484,0.0201734274793913,0.0327856322272907,0.0126122047478995
"251401",0.207007120981429,0.17960669612263,0.196013865384663,-0.0164071692620333,-0.0274004248587996,-0.0109932555967663
"90888",0.0983252066932808,0.106466646573026,0.101476970845807,0.00498967572721927,0.00814143987974537,0.0031517641525261
"154660",0.550491542651858,0.209939449762569,0.402454519384152,-0.192515069621583,-0.340552092889288,-0.148037023267706
"39336",0.108771573139287,0.17126538638286,0.131904752095565,0.0393606342872958,0.0624938132435733,0.0231331789562775
"278004",0.0607906284637272,0.169758284784418,0.0987909655918595,0.0709673191925583,0.108967656320691,0.0380003371281323
"108759",0.0874202906309158,0.163102961365016,0.115007240683985,0.0480957206810312,0.0756826707341004,0.0275869500530692
"205812",0.285259855702031,0.23987572388655,0.267131428715956,-0.0272557048294061,-0.0453841318154806,-0.0181284269860745
"496176",0.0827746655502323,0.0980962760809397,0.0885759345958028,0.00952034148513689,0.0153216105307074,0.00580126904557053
"456201",0.942220813814747,0.1153470392939,0.942220813814747,-0.826873774520847,-0.826873774520847,0
"519588",0.416048720811485,0.277262618992669,0.358052249585435,-0.0807896305927663,-0.138786101818817,-0.0579964712260504
"85981",0.352467773975871,0.398388310362134,0.369909672278366,0.0284786380837677,0.0459205363862634,0.0174418983024957
"130211",0.0469187683709584,0.148241540939551,0.0805700889697021,0.0676714519698486,0.101322772568592,0.0336513205987438
"310219",0.0807401214557002,0.216135421109613,0.127274691473145,0.0888607296364688,0.135395299653913,0.0465345700174445
"394497",0.0477877595870266,0.13606355395379,0.0784565879588297,0.0576069659949602,0.0882757943667633,0.0306688283718031
"89244",0.0915197696436117,0.119186017197996,0.101464750575406,0.0177212666225904,0.0276662475543845,0.00994498093179412
"322387",0.951205511194227,0.227237590580243,0.616726723148805,-0.389489132568562,-0.723967920613984,-0.334478788045422
"500301",0.082633085846162,0.158844337422736,0.109930968166069,0.0489133692566667,0.076211251576574,0.0272978823199073
"315813",0.0723446857407641,0.196410873913696,0.115497585825779,0.0809132880879174,0.124066188172932,0.0431529000850147
"93650",0.0877610072497668,0.134518061745308,0.104292824380922,0.0302252373643858,0.0467570544955414,0.0165318171311556
"140780",0.318777105680777,0.247224070462151,0.290244368553925,-0.0430202980917742,-0.0715530352186265,-0.0285327371268523
"261935",0.0663893227334797,0.13676042336847,0.0913541278107686,0.0454062955577016,0.0703711006349906,0.0249648050772889
"553844",0.0915951694926436,0.20178900638635,0.130884196525911,0.0709048098604384,0.110193836893706,0.0392890270332676
"313448",0.890914899963618,0.479263278492305,0.726396134441,-0.247132855948695,-0.411651621471313,-0.164518765522618
"114353",0.0482334900566388,0.119447267890318,0.0724772548586567,0.0469700130316611,0.0712137778336789,0.0242437648020179
"486393",0.0586210417892375,0.145989895232243,0.0887910518826516,0.0571988433495918,0.0873688534430059,0.0301700100934141
"222939",0.405579504713856,0.272936841966792,0.35153602610533,-0.0785991841385376,-0.132642662747064,-0.0540434786085262
"53330",0.507881656955661,0.442463269883778,0.482886540370837,-0.0404232704870586,-0.065418387071883,-0.0249951165848244
"29658",0.0302709237654486,0.106998385641082,0.0548974201306299,0.0521009655104517,0.076727461875633,0.0246264963651813
"543284",0.0216781729215674,0.103781345680608,0.0471865426616083,0.0565948030189999,0.0821031727590408,0.0255083697400409
"482192",0.0437870322877834,0.166215442543496,0.0850545081655956,0.0811609343779008,0.122428410255713,0.0412674758778122
"468942",0.41411153672554,0.128489659678348,0.284639649814208,-0.15614999013586,-0.285621877047192,-0.129471886911332
"149824",0.0469881543370137,0.127761687516648,0.0750474087677057,0.0527142787489428,0.0807735331796348,0.028059254430692
"572868",0.0968917800349926,0.173574164179022,0.124910645458204,0.0486635187208181,0.0766823841440292,0.0280188654232111
"61502",0.131514300879723,0.172890980283685,0.147256664700845,0.0256343155828397,0.0413766794039621,0.0157423638211224
"309684",0.0975783788112698,0.0847497722905537,0.0925147359404335,-0.00776496364987977,-0.0128286065207161,-0.00506364287083629
"567397",0.135227479424456,0.162147162549386,0.145538740616558,0.0166084219328288,0.0269196831249308,0.010311261192102
"496595",0.119912450592955,0.235821557656526,0.162326515203467,0.0734950424530582,0.11590910706357,0.042414064610512
"91697",0.530524606277797,0.237246332756936,0.404697585342861,-0.167451252585925,-0.29327827352086,-0.125827020934936
"147786",0.0425351598226861,0.0963236768412236,0.0621062862590678,0.0342173905821559,0.0537885170185375,0.0195711264363817
"223334",0.094182468579121,0.177643145263852,0.124425150531249,0.0532179947326023,0.0834606766847306,0.0302426819521283
"75907",0.894540160695125,0.149946014338368,0.894540160695125,-0.744594146356756,-0.744594146356756,0
"291454",7.46581161259183,0.885425673068584,7.46581161259183,-6.58038593952324,-6.58038593952324,0
"315575",0.273377885073042,0.273568536723965,0.273459945722446,0.000108591001519054,0.000190651650923634,8.20606494045806e-05
"174376",0.125003878620477,0.19653324537412,0.151774696971984,0.044758548402136,0.0715293667536429,0.0267708183515069
"292287",0.0729799916020872,0.12947587816116,0.0939524639173898,0.0355234142437701,0.0564958865590727,0.0209724723153026
"186872",0.865740121696981,0.223388625900373,0.571242747956197,-0.347854122055824,-0.642351495796608,-0.294497373740784
"188283",0.0807747520806496,0.171627155920092,0.113029818882323,0.0585973370377691,0.0908524038394423,0.0322550668016732
"559330",0.376043798372235,0.242981945920108,0.321682897105064,-0.0787009511849559,-0.133061852452126,-0.0543609012671706
"267016",0.0387079203812448,0.172239802877006,0.0823578985640356,0.0898819043129701,0.133531882495761,0.0436499781827908
"253217",0.118368190020015,0.243405807787784,0.162939434899828,0.0804663728879567,0.125037617767769,0.0445712448798127
"236821",0.0941588187248604,0.0984734214066602,0.0958377836778623,0.00263563772879787,0.00431460268179973,0.00167896495300186
"69078",0.0578295912401054,0.131282329207019,0.0837414834403184,0.0475408457667005,0.0734527379669135,0.025911892200213
"139485",0.223733887249193,0.183778688069381,0.20783731058649,-0.0240586225171098,-0.0399551991798125,-0.0158965766627027
"552354",0.0876393516932495,0.145811809299158,0.110467532831753,0.0353442764674055,0.0581724576059087,0.0228281811385032
"164270",0.231160305372283,0.236457874703398,0.233261451519564,0.00319642318383365,0.00529756933111453,0.00210114614728088
"529529",0.0651596195062492,0.093627750792596,0.075534912273214,0.018092838519382,0.0284681312863468,0.0103752927669649
"327385",0.0412053650031112,0.118213737507195,0.0671930131136127,0.0510207243935825,0.0770083725040839,0.0259876481105014
"85889",0.129665852564168,0.191420348606498,0.152879389132684,0.0385409594738136,0.0617544960423298,0.0232135365685162
"507932",0.150445505489681,0.265004251847504,0.192721785699082,0.0722824661484228,0.114558746357823,0.0422762802094005
"39720",0.0667852342431027,0.195847896433719,0.111032711639336,0.0848151847943825,0.129062662190616,0.0442474773962334
"21613",0.158844121408304,0.29403158318729,0.207692514964102,0.0863390682231882,0.135187461778986,0.0488483935557981
"564964",0.455870575135399,0.340803087118151,0.408970411493246,-0.0681673243750953,-0.115067488017248,-0.0469001636421524
"24876",0.266728666231695,0.301835158856719,0.280386204495489,0.0214489543612301,0.0351064926250242,0.0136575382637941
"112224",5.78048653525473,0.60079955541373,5.78048653525473,-5.17968697984101,-5.17968697984101,0
"336606",0.237312612850081,0.219911634928812,0.230404973737819,-0.0104933388090074,-0.017400977921269,-0.00690763911226158
"136464",0.510076945965068,0.387776563472308,0.458272565356573,-0.0704960018842646,-0.122300382492759,-0.0518043806084948
"325942",0.55217607531842,0.167714188906934,0.379726148540962,-0.212011959634027,-0.384461886411486,-0.172449926777458
"494083",0.12201960362086,0.205732298706243,0.152911451108759,0.0528208475974836,0.083712695085383,0.0308918474878994
"469957",0.085137354430955,0.151773545887711,0.109268970911588,0.0425045749761231,0.0666361914567557,0.0241316164806326
"367528",0.220974486572714,0.136538240323121,0.185671364202298,-0.049133123879177,-0.0844362462495938,-0.0353031223704167
"476643",0.16970582867607,0.166863049660856,0.168572960669018,-0.00170991100816237,-0.00284277901521424,-0.00113286800705187
"76197",0.0573180104998799,0.151703195627067,0.0897410714451632,0.0619621241819041,0.0943851851271874,0.0324230609452833
"503179",0.209313058756237,0.295348255634894,0.243065900397158,0.0522823552377354,0.0860351968786569,0.0337528416409215
"253185",0.332643378042661,0.378053198736265,0.349742333928061,0.0283108648082038,0.0454098206936043,0.0170989558854005
"434508",0.10448222567006,0.137367778731946,0.117530156672121,0.0198376220598245,0.0328855530618854,0.0130479310020609
"468963",0.102175393860895,0.227592089767405,0.147429723290981,0.0801623664764233,0.12541669590651,0.0452543294300868
"310061",0.0413949250093114,0.182635352772079,0.0871997810922076,0.0954355716798716,0.141240427762768,0.0458048560828962
"287661",0.0476431639551202,0.0984421455249028,0.0652195815234298,0.033222564001473,0.0507989815697826,0.0175764175683096
"377363",0.0372595448890021,0.145613946358947,0.0730954651928546,0.0725184811660925,0.108354401469945,0.0358359203038525
"326788",0.16395283000874,0.22101128098737,0.183773285972373,0.0372379950149969,0.0570584509786302,0.0198204559636333
"276896",0.172333851479887,0.174460749688318,0.173173687703953,0.00128706198436479,0.00212689820843093,0.000839836224066137
"97629",0.0780316849243569,0.13890952201683,0.100298411154191,0.0386111108626385,0.0608778370924728,0.0222667262298343
"340186",0.161865634181357,0.174121343652315,0.166654150689014,0.00746719296330051,0.0122557094709578,0.0047885165076573
"139697",0.103434014561413,0.0933312345513615,0.0994410223491244,-0.00610978779776289,-0.0101027800100519,-0.00399299221228898
"279490",0.118862173172233,0.111053081227151,0.11577894893193,-0.00472586770477861,-0.00780909194508179,-0.00308322424030319
"418027",0.208691820052814,0.257146786438705,0.227655314199408,0.029491472239297,0.0484549663858907,0.0189634941465937
"232041",0.249817328479231,0.233725644203831,0.243350853992079,-0.00962520978824827,-0.0160916842754006,-0.00646647448715232
"321237",0.0548354396610169,0.0789113545504079,0.0634945867159955,0.0154167678344124,0.0240759148893911,0.00865914705497864
"419598",0.0828302114618149,0.161688228645997,0.111121771575687,0.0505664570703095,0.078858017184182,0.0282915601138726
"127584",0.0848475679449973,0.147750078744882,0.108087908890712,0.0396621698541705,0.0629025107998848,0.0232403409457143
"432597",0.0493299441681293,0.151997820035109,0.0844938808204698,0.0675039392146392,0.10266787586698,0.0351639366523404
"53453",0.0588352572727833,0.126025434707138,0.0823587766223186,0.0436666580848198,0.0671901774343551,0.0235235193495353
"12195",0.0610629438131121,0.172382332840375,0.0988491630129132,0.0735331698274617,0.111319389027263,0.0377862191998011
"360287",0.0619153335220304,0.136416668271152,0.088363903683597,0.0480527645875552,0.0745013347491218,0.0264485701615665
"55301",0.149440501651683,0.127362396292042,0.140620603205603,-0.0132582069135609,-0.0220781053596412,-0.0088198984460803
"306107",0.253847686389873,0.238547312241535,0.247763975449839,-0.00921666320830411,-0.0153003741483382,-0.00608371094003407
"105785",0.0988739483623649,0.0891530781508068,0.0950770176116679,-0.00592393946086112,-0.00972087021155811,-0.00379693075069699
"41462",0.0814517920892803,0.0882633573241156,0.0840574904762924,0.00420586684782322,0.00681156523483525,0.00260569838701204
"208603",0.0837566950427472,0.169668751187223,0.114025776405462,0.0556429747817609,0.0859120561444762,0.0302690813627153
"315622",0.0923193085229369,0.147741784022155,0.112831253272221,0.0349105307499339,0.0554224754992178,0.020511944749284
"429601",0.158112696623354,0.186590576311808,0.169069438348224,0.0175211379635836,0.0284778796884543,0.0109567417248707
"476374",0.0384452783815295,0.0852873881299519,0.0541853527041148,0.0311020354258372,0.0468421097484225,0.0157400743225853
"357288",0.478507936656259,0.364528664879392,0.433977751676093,-0.0694490867967006,-0.113979271776867,-0.0445301849801662
"200155",0.0757938579621822,0.0935112582922678,0.0824226832573199,0.0110885750349479,0.0177174003300856,0.00662882529513774
"421185",0.0909781322434427,0.138725674157993,0.108709454442423,0.0300162197155697,0.04774754191455,0.0177313221989803
"69877",0.14631198339646,0.215763738108811,0.172592266174603,0.043171471934209,0.0694517547123511,0.0262802827781421
"10050",0.220218278669315,0.158354335511827,0.194935444911935,-0.0365811094001084,-0.0618639431574885,-0.0252828337573801
"534773",0.0455577055463833,0.110064020079391,0.0676726318698298,0.042391388209561,0.0645063145330076,0.0221149263234465
"488197",0.09897953359156,0.186736370350859,0.130668053037183,0.0560683173136767,0.0877568367592992,0.0316885194456225
"469497",0.0627022603645039,0.123129905539054,0.0854698926266758,0.0376600129123785,0.0604276451745504,0.0227676322621719
"159438",0.0358979101129647,0.147711412733053,0.0729860186193121,0.0747253941137412,0.111813502620089,0.0370881085063474
"545475",0.103428959715551,0.116638022867373,0.108470050406209,0.00816797246116417,0.0132090631518221,0.00504109069065789
"544280",0.0299498208096719,0.178417640200327,0.0764748290406468,0.10194281115968,0.148467819390655,0.0465250082309748
"424389",0.100712786061713,0.159772089541997,0.12258213102956,0.0371899585124374,0.0590593034802838,0.0218693449678464
"514463",0.0749094090729682,0.144938617668753,0.100213520427971,0.0447250972407813,0.0700292085957843,0.025304111355003
"308808",0.0812935969875732,0.16109889842107,0.109825548652254,0.0512733497688165,0.079805301433497,0.0285319516646805
"420640",0.155120326637597,0.253467191117626,0.191816841143035,0.0616503499745917,0.0983468644800297,0.036696514505438
"389609",0.222378900504827,0.258165268339985,0.236446216099043,0.0217190522409416,0.0357863678351581,0.0140673155942165
"171529",0.270524876152523,0.194992447063563,0.239463692807599,-0.0444712457440354,-0.0755324290889596,-0.0310611833449242
"338143",0.0836399210378978,0.165568566862313,0.112907012146769,0.0526615547155447,0.0819286458244154,0.0292670911088707
"482309",0.05711621686694,0.129835844004873,0.082392702349494,0.0474431416553791,0.0727196271379331,0.025276485482554
"431192",0.707720529019095,0.442772829450768,0.600540416716955,-0.157767587266187,-0.264947699568327,-0.10718011230214
"569078",0.153164334704517,0.176688991638387,0.161227121062606,0.0154618705757809,0.0235246569338702,0.00806278635808935
"299925",1.35417717352404,0.407300127777727,0.894489427764363,-0.487189299986637,-0.946877045746318,-0.459687745759681
"540644",0.0899886754388123,0.141338356485995,0.109019496867871,0.0323188596181242,0.0513496810471826,0.0190308214290583
"389930",0.117809247960397,0.158268753360649,0.133089256006469,0.0251794973541802,0.0404595054002519,0.0152800080460717
"67985",0.0712905629345084,0.111686974576696,0.0861479933909147,0.0255389811857816,0.040396411642188,0.0148574304564063
"43171",0.238157684702286,0.236550180278963,0.237217983492595,-0.000667803213632717,-0.00160750442332352,-0.000939701209690808
"127003",0.0585511877915959,0.141978928187382,0.0872744136600795,0.0547045145273029,0.0834277403957865,0.0287232258684836
"316692",0.102116271416732,0.164684804823726,0.125041310278484,0.0396434945452427,0.0625685334069942,0.0229250388617515
"567279",0.602712633758487,0.542964139702773,0.57991278751516,-0.0369486478123867,-0.0597484940557133,-0.0227998462433265
"56840",0.0196503693838101,0.123310335626272,0.0517619897806889,0.0715483458455832,0.103659966242462,0.0321116203968788
"380381",0.119456974136345,0.176153775017722,0.140546251983838,0.035607523033884,0.0566968008813766,0.0210892778474926
"440623",0.109757490869521,0.147408927194992,0.123973572386339,0.0234353548086533,0.0376514363254708,0.0142160815168175
"455319",0.136713506297058,0.207614448699521,0.163116237826124,0.0444982108733971,0.0709009424024626,0.0264027315290654
"402596",0.111088633669168,0.153298205269245,0.126989313664352,0.0263088916048926,0.0422095716000763,0.0159006799951838
"565825",0.172205474763058,0.237355165019516,0.196724034158162,0.0406311308613542,0.0651496902564584,0.0245185593951042
"368029",0.114941301061111,0.262795079299875,0.16792513316156,0.0948699461383148,0.147853778238764,0.0529838321004487
"499966",0.306512592922446,0.207184678073437,0.266073058273694,-0.0588883802002573,-0.0993279148490095,-0.0404395346487522
"59836",0.0388450770430726,0.137493701542078,0.0719412954365067,0.065552406105571,0.0986486244990051,0.033096218393434
"55984",0.213888631912898,0.222488416510793,0.217274608944232,0.00521380756656151,0.00859978459789484,0.00338597703133334
"113645",0.154250007810862,0.17611956922367,0.162677583876215,0.0134419853474547,0.0218695614128083,0.0084275760653536
"19810",0.09143508619296,0.114698417789886,0.100251257518567,0.0144471602713192,0.0232633315969263,0.00881617132560707
"498347",0.0715078845247009,0.143827356408949,0.0972051113525812,0.0466222450563674,0.0723194718842476,0.0256972268278802
"199829",0.0961416537139608,0.16993665758315,0.123152915520744,0.0467837420624069,0.0737950038691896,0.0270112618067827
"310233",0.428387446043364,0.189901030450368,0.324615819343353,-0.134714788892985,-0.238486415592997,-0.103771626700011
"190017",0.117370667748135,0.122087333341727,0.11797941434713,0.00410791899459675,0.00471666559359175,0.000608746598995
"333829",0.0143031359345965,0.087562638107655,0.0356955818735559,0.0518670562340991,0.0732595021730585,0.0213924459389595
"528784",0.0596192636723262,0.147821673799547,0.0901077544627526,0.0577139193367947,0.0882024101272211,0.0304884907904264
"572597",0.0796438137707764,0.132188482133673,0.0989249587612421,0.0332635233724307,0.0525446683628964,0.0192811449904657
"196765",0.229871380059668,0.215312796606099,0.224069423116458,-0.00875662651035924,-0.0145585834535693,-0.00580195694321001
"79222",0.0996506008204414,0.159539320817064,0.121662884291752,0.0378764365253123,0.0598887199966225,0.0220122834713103
"300929",0.0489934828659805,0.150210846665564,0.0836358004982805,0.0665750461672836,0.101217363799584,0.0346423176323
"163870",0.0851816469905287,0.157087147375779,0.112851551267446,0.0442355961083329,0.07190550038525,0.0276699042769171
"452377",0.142253875839334,0.0782920276642545,0.115246437483698,-0.0369544098194432,-0.0639618481750798,-0.0270074383556366
"442212",0.0612713439055587,0.112548767828646,0.0807841083827266,0.0317646594459198,0.0512774239230876,0.0195127644771679
"457865",10,0.955136162002331,10,-9.04486383799767,-9.04486383799767,0
"10779",0.13642438176231,0.214054988973618,0.165903310903346,0.0481516780702722,0.077630607211308,0.0294789291410358
"474233",0.103746115670117,0.181421629348576,0.132303583839145,0.0491180455094318,0.0776755136784593,0.0285574681690275
"369634",0.0693785781204791,0.0982222838166844,0.0793054353013527,0.0189168485153317,0.0288437056962053,0.00992685718087361
"412931",0.0417875492968441,0.17107157828925,0.0852130477184239,0.0858585305708259,0.129284028992406,0.0434254984215798
"539571",0.115047634071483,0.168495999270468,0.135074762061618,0.0334212372088504,0.053448365198985,0.0200271279901346
"91409",0.112713542971979,0.173393394299347,0.13519030426712,0.0382030900322274,0.060679851327368,0.0224767612951407
"173947",0.124959957718453,0.193711977608438,0.150694549959326,0.0430174276491122,0.0687520198899851,0.0257345922408729
"4595",0.132230383516461,0.247633309934732,0.173925821428828,0.0737074885059037,0.115402926418271,0.0416954379123675
"57523",0.237591906715772,0.171270212624439,0.210841724716585,-0.0395715120921454,-0.0663216940913325,-0.0267501819991871
"399686",0.127539426298794,0.160007118671299,0.140134238371066,0.0198728803002333,0.0324676923725047,0.0125948120722713
"382951",0.269029575088808,0.231604537010074,0.254045281642065,-0.0224407446319906,-0.0374250380787335,-0.0149842934467429
"470149",0.848470179564156,0.213418283159186,0.562523011867952,-0.349104728708765,-0.635051896404969,-0.285947167696204
"3723",0.115181900222023,0.186453600388136,0.14130087117166,0.0451527292164764,0.0712717001661127,0.0261189709496364
"323178",0.0812796829980802,0.162140533648753,0.110231488521434,0.0519090451273188,0.0808608506506729,0.0289518055233541
"136819",0.204776698088788,0.211505141690887,0.207381174108297,0.0041239675825902,0.00672844360209826,0.00260447601950806
"302481",0.105369630347459,0.174474057662363,0.130883689882674,0.0435903677796886,0.069104427314904,0.0255140595352153
"406000",0.0700214929160966,0.0954103743611978,0.0793993020367784,0.0160110723244194,0.0253888814451012,0.00937780912068183
"23587",0.216925314570479,0.194277628519558,0.207976115013505,-0.0136984864939471,-0.0226476860509204,-0.00894919955697329
"147489",0.23535440199531,0.237228037205106,0.23645634910718,0.000771688097926049,0.00187363520979603,0.00110194711186998
"336815",0.533235082344412,0.32042725064325,0.447837942020428,-0.127410691377178,-0.212807831701162,-0.0853971403239847
"210960",0.108046851602613,0.179117822087451,0.134649674115151,0.0444681479722998,0.071070970484838,0.0266028225125382
"376276",0.0990312295427512,0.258456001445473,0.154367625687306,0.104088375758167,0.159424771902722,0.0553363961445547
"300066",0.0534172376714532,0.153514946682315,0.0872989948767868,0.0662159518055284,0.100097709010862,0.0338817572053336
"270366",0.121571281931678,0.128862441328141,0.124420733199812,0.00444170812832878,0.0072911593964632,0.00284945126813442
"65321",0.101103520942021,0.184461387444622,0.131193690790088,0.0532676966545335,0.0833578665026009,0.0300901698480674
"531571",0.24222598383238,0.207148858776412,0.228326495883457,-0.0211776371070445,-0.0350771250559681,-0.0138994879489237
"538424",0.139708935015713,0.192770820163404,0.159663912774854,0.0331069073885504,0.0530618851476912,0.0199549777591408
"398480",0.0470343443357014,0.11655180633671,0.0710237959814858,0.0455280103552241,0.0695174620010085,0.0239894516457844
"26074",0.137132447977839,0.113265650598337,0.127499060001226,-0.014233409402889,-0.0238667973795019,-0.00963338797661292
"266648",4.18109445180347,1.21924346564542,2.48581791874459,-1.26657445309918,-2.96185098615805,-1.69527653305888
"418942",0.0705057641992188,0.14240049010419,0.0963050826357495,0.0460954074684403,0.0718947259049709,0.0257993184365306
"406769",0.0927974767470983,0.125451262935274,0.104975661870214,0.0204756010650599,0.0326537861881759,0.012178185123116
"516184",0.224011299143126,0.248933173994876,0.233695273819185,0.0152379001756917,0.0249218748517503,0.00968397467605864
"437553",0.321945834194076,0.168985176412262,0.256963933540723,-0.0879787571284607,-0.152960657781814,-0.064981900653353
"57951",0.0431529884273192,0.115784293960072,0.0678293719555107,0.047954922004561,0.0726313055327525,0.0246763835281914
"29011",0.17084902511442,0.277642546575973,0.210070101576894,0.0675724449990786,0.106793521461553,0.0392210764624742
"195406",0.0345637235621828,0.155155009493325,0.0744250767119798,0.0807299327813452,0.120591285931142,0.039861353149797
"118604",0.0650691900713057,0.130635754588213,0.0883459328751035,0.0422898217131099,0.0655665645169077,0.0232767428037978
"527315",0.802128705431722,0.477126612689214,0.672561153039995,-0.195434540350781,-0.325002092742508,-0.129567552391727
"423368",1.22824777248691,0.520309634082005,0.900730059011416,-0.380420424929411,-0.707938138404903,-0.327517713475492
"336782",0.14150155169362,0.261778792364587,0.188028830927878,0.0737499614367085,0.120277240670966,0.0465272792342578
"559631",0.0314296613938798,0.148958039938936,0.0696621524480186,0.0792958874909171,0.117528378545056,0.0382324910541388
"101348",0.115491278370441,0.148722042082375,0.128028901846485,0.0206931402358901,0.0332307637119336,0.0125376234760436
"466749",0.168215132312695,0.122583070843823,0.149533978633576,-0.0269509077897526,-0.0456320614688717,-0.0186811536791192
"427746",0.183769419380644,0.180051565358708,0.182313946390258,-0.00226238103155033,-0.00371785402193692,-0.00145547299038659
"223779",0.799705560935576,0.277099162061595,0.573835899134277,-0.296736737072683,-0.522606398873981,-0.225869661801299
"65201",0.238577304544585,0.170249676343647,0.21020425592507,-0.039954579581423,-0.0683276282009381,-0.0283730486195152
"208187",0.117877986036731,0.191881639863392,0.145174446192307,0.0467071936710852,0.0740036538266612,0.027296460155576
"327576",0.0381756415790438,0.138870422606715,0.0716609884071144,0.0672094341996007,0.100694781027671,0.0334853468280707
"384922",0.760845340317967,0.514188633086329,0.664164413117441,-0.149975780031112,-0.246656707231638,-0.0966809272005261
"538718",0.0531376751415393,0.151330650430128,0.0865293543715631,0.0648012960585645,0.0981929752885883,0.0333916792300238
"552458",0.0958572331359786,0.229340896781772,0.142812789555673,0.0865281072260986,0.133483663645793,0.0469555564196947
"426576",0.0953467596266579,0.167542993722447,0.121790195639688,0.0457527980827591,0.0721962340957894,0.0264434360130303
"171592",0.0292228686194212,0.106423293532625,0.0539732257028613,0.0524500678297633,0.0772004249132035,0.0247503570834402
"576720",0.123393442663134,0.181382171194438,0.145081278882127,0.0363008923123109,0.0579887285313039,0.0216878362189931
"279277",0.218676922144909,0.156457707508449,0.193314892351391,-0.036857184842942,-0.0622192146364597,-0.0253620297935177
"532490",0.0347269967266492,0.141576104278958,0.0695166380361278,0.0720594662428306,0.106849107552309,0.0347896413094786
"550029",0.269305701770217,0.125943644145846,0.207196812440444,-0.0812531682945978,-0.143362057624371,-0.0621088893297732
"83438",0.109111428865475,0.15296763465743,0.125607201252916,0.0273604334045134,0.0438562057919549,0.0164957723874415
"205296",0.224292210034301,0.434318928004629,0.299174243732124,0.135144684272505,0.210026717970327,0.0748820336978229
"113955",0.935551435095231,0.50905814174207,0.763866789002521,-0.254808647260451,-0.426493293353161,-0.171684646092711
"500009",0.128637689440206,0.262260483427366,0.176363300196197,0.0858971832311692,0.13362279398716,0.0477256107559907
"118439",0.0357958114444394,0.137820246715802,0.0697515019228265,0.0680687447929755,0.102024435271363,0.0339556904783871
"322526",0.177997176389417,0.208608239582802,0.189803891694951,0.0188043478878508,0.0306110631933849,0.0118067153055341
"315194",0.152657984126113,0.203861995071806,0.172502715064457,0.0313592800073488,0.0512040109456925,0.0198447309383437
"419812",0.389000600956764,0.388460477720746,0.388634129013597,-0.000173651292851351,-0.000540123236017931,-0.00036647194316658
"160688",0.0124626713493539,0.104943200194425,0.039550118307244,0.0653930818871813,0.0924805288450714,0.0270874469578901
"30818",0.0830352075690193,0.185793199661844,0.119595153214761,0.0661980464470828,0.102757992092825,0.0365599456457419
"531328",10,1.27982474406692,10,-8.72017525593308,-8.72017525593308,0
"373476",0.0328552775187355,0.125434036277827,0.0637956730465401,0.0616383632312871,0.0925787587590917,0.0309403955278046
"220992",0.144737919334808,0.139920978208823,0.143182456287132,-0.00326147807830929,-0.00481694112598505,-0.00155546304767576
"178442",0.710885223578845,0.348165045809885,0.557534112554631,-0.209369066744746,-0.36272017776896,-0.153351111024214
"466753",0.582454936677244,0.29591895659353,0.462189507975493,-0.166270551381962,-0.286535980083714,-0.120265428701752
"23762",0.187172960496082,0.177274480743587,0.184300658845184,-0.00702617810159745,-0.00989847975249517,-0.00287230165089772
"400559",0.0820880562339543,0.164180514334856,0.111696123796183,0.0524843905386736,0.082092458100902,0.0296080675622284
"447905",0.0592512250660785,0.192289169329728,0.104851014691858,0.08743815463787,0.13303794426365,0.0455997896257798
"542285",1.60064306491945,0.714730820864397,1.2122459342098,-0.497515113345407,-0.885912244055056,-0.388397130709649
"414014",0.114728684900322,0.16853109093281,0.134740635703687,0.0337904552291229,0.0538024060324875,0.0200119508033645
"164951",0.457099549509032,0.300980751501035,0.394035553824233,-0.0930548023231976,-0.156118798007997,-0.0630639956847993
"525813",0.18610636905893,0.270942631179234,0.218558818077895,0.0523838131013387,0.0848362621203043,0.0324524490189656
"162409",0.0402375763337229,0.138566184123863,0.0728991591035989,0.0656670250202644,0.0983286077901404,0.032661582769876
"75048",0.218110692561275,0.195142829566629,0.208889271970401,-0.0137464424037723,-0.0229678629946465,-0.00922142059087411
"213927",0.087013893086396,0.139321623132712,0.106156003773145,0.0331656193595669,0.0523077300463157,0.0191421106867488
"366538",0.0659235453108106,0.163628918523186,0.099925829395221,0.0637030891279654,0.0977053732123759,0.0340022840844105
"445166",0.0286564922406574,0.123365393749357,0.0590939160931472,0.0642714776562101,0.0947089015086999,0.0304374238524897
"88627",0.16377008578646,0.21732869445757,0.183866163303924,0.0334625311536451,0.0535586086711094,0.0200960775174643
"69418",0.156082182100258,0.141294422541295,0.150196563620764,-0.0089021410794696,-0.0147877595589635,-0.00588561847949387
"271099",0.185426048532882,0.143772591401825,0.168465282408329,-0.0246926910065036,-0.0416534571310572,-0.0169607661245536
"232383",0.101762599822701,0.15025160063297,0.119809035005421,0.0304425656275487,0.0484890008102689,0.0180464351827202
"163575",2.42363831084354,0.526427736122974,1.4353631278756,-0.908935391752628,-1.89721057472057,-0.988275182967943
"39915",0.0837859126496124,0.117895099751192,0.0964085878138731,0.0214865119373186,0.0341091871015793,0.0126226751642607
"218333",0.0995089298393919,0.181154886189641,0.129233720222156,0.0519211659674848,0.081645956350249,0.0297247903827642
"159680",0.0487549433761407,0.181455983040262,0.0938149686638477,0.0876410143764143,0.132701039664121,0.045060025287707
"30956",0.075181604801094,0.120595774384166,0.0918387486836037,0.0287570257005624,0.0454141695830722,0.0166571438825098
"481693",0.115225401163052,0.158927908667184,0.131670884940624,0.0272570237265592,0.0437025075041316,0.0164454837775724
"500816",0.0890858769310829,0.140680454481403,0.108277479104463,0.0324029753769398,0.0515945775503197,0.0191916021733799
"341952",0.166041511669883,0.301755925677447,0.216028874652134,0.0857270510253133,0.135714414007564,0.0499873629822508
"88834",0.12313897873041,0.316035882307338,0.190177224293793,0.125858658013544,0.192896903576927,0.0670382455633831
"433762",0.231890440302629,0.168921360034276,0.206412896264534,-0.0374915362302577,-0.0629690802683529,-0.0254775440380952
"578190",0.306854636088747,0.430600640503877,0.352309505785814,0.0782911347180633,0.12374600441513,0.0454548696970664
"178467",3.58998726065265,0.534390905554457,3.58998726065265,-3.05559635509819,-3.05559635509819,0
"450217",0.391897334006508,0.438429493823138,0.409521476870181,0.0289080169529563,0.0465321598166292,0.0176241428636729
"155322",0.0746502033775731,0.175577778249399,0.109951269319661,0.0656265089297376,0.100927574871826,0.0353010659420882
"515400",0.282691810122175,0.281321975802745,0.281877787052691,-0.000555811249946359,-0.00136983431942977,-0.000814023069483416
"20864",0.0573784692509168,0.139021006938102,0.084581608193642,0.0544393987444603,0.0816425376871855,0.0272031389427252
"518305",0.322358591318825,0.278508464789227,0.304978902075739,-0.0264704372865114,-0.0438501265295978,-0.0173796892430864
"513768",0.128536804050966,0.198431366420665,0.154536336082281,0.0438950303383846,0.0698945623696992,0.0259995320313147
"481660",0.159846693468512,0.20792127031752,0.178188215120731,0.0297330551967893,0.048074576849008,0.0183415216522186
"85384",0.115172387029686,0.176939812124285,0.137986629286637,0.0389531828376481,0.0617674250945994,0.0228142422569513
"416602",0.30347047520962,0.236686406044388,0.276419827731586,-0.0397334216871983,-0.0667840691652318,-0.0270506474780335
"557280",0.143201735281439,0.321966759832643,0.206475438901621,0.115491320931022,0.178765024551203,0.0632737036201812
"72730",0.0328983814982325,0.107571979343226,0.0580235989190994,0.0495483804241265,0.0746735978449933,0.0251252174208668
"484796",0.145354425993434,0.167228062387993,0.153962259823879,0.0132658025641139,0.0218736363945595,0.00860783383044564
"111349",0.076710420091334,0.112225538018715,0.0898501474970694,0.0223753905216452,0.0355151179273807,0.0131397274057354
"126733",0.150412868564037,0.213032891013616,0.174722112846832,0.0383107781667842,0.0626200224495788,0.0243092442827945
"312769",3.17048169074809,0.502627058843126,3.17048169074809,-2.66785463190497,-2.66785463190497,0
"458558",0.0633827623966949,0.127862086736882,0.0862322291694494,0.0416298575674326,0.0644793243401871,0.0228494667727545
"508368",0.0785062306010698,0.180800193624636,0.115293238727302,0.0655069548973338,0.102293963023566,0.0367870081262325
"481724",10,1.61372530061207,10,-8.38627469938793,-8.38627469938793,0
"258011",0.0343781993307945,0.107445803405084,0.0577309436059211,0.0497148597991633,0.0730676040742899,0.0233527442751266
"333553",0.110617694918578,0.186655975872005,0.138627665542848,0.0480283103291564,0.0760382809534265,0.0280099706242701
"486050",0.19171294659264,0.152739563176817,0.175773997597274,-0.0230344344204571,-0.0389733834158226,-0.0159389489953655
"80834",0.121707630900558,0.157459723844336,0.135153443118727,0.0223062807256092,0.0357520929437777,0.0134458122181685
"179591",0.0380913436714085,0.119975324108144,0.0654096167146952,0.0545657073934489,0.0818839804367356,0.0273182730432867
"269358",0.0511161823628175,0.113174905671708,0.073563529830958,0.0396113758407505,0.062058723308891,0.0224473474681405
"527240",0.156917577708723,0.308989648113241,0.211985028155858,0.0970046199573825,0.152072070404518,0.055067450447135
"410118",0.354707192967506,0.296803789373571,0.331798727262971,-0.0349949378894005,-0.0579034035939355,-0.022908465704535
"93709",0.109067849062646,0.150101551515015,0.124477396232821,0.0256241552821936,0.0410337024523683,0.0154095471701747
"558203",0.0451505741899382,0.107296038508911,0.0665336458405805,0.0407623926683306,0.0621454643189729,0.0213830716506423
"194711",0.458579514200573,0.19916461114513,0.346599137350009,-0.147434526204878,-0.259414903055443,-0.111980376850564
"429991",0.152392197839156,0.222197745494962,0.17842796390249,0.0437697815924711,0.0698055476558056,0.0260357660633344
"159773",0.085961332457828,0.132881132408665,0.102665560613368,0.0302155717952964,0.0469197999508367,0.0167042281555403
"261584",0.0545437407118892,0.139975041458546,0.0839602412943359,0.0560148001642101,0.0854313007466568,0.0294165005824467
"398769",0.0486998588235995,0.13749242868032,0.0787292501934332,0.0587631784868865,0.0887925698567202,0.0300293913698337
"54848",0.0907073082345082,0.167978868781566,0.118499564226923,0.0494793045546434,0.0772715605470578,0.0277922559924144
"481464",0.103575620556268,0.277053599889466,0.164163897002513,0.112889702886953,0.173477979333198,0.0605882764462451
"121427",0.183935962591437,0.140056780068532,0.165997678014623,-0.0259408979460909,-0.0438791825229058,-0.0179382845768149
"94814",0.11279312377382,0.133749065112333,0.120807401317243,0.0129416637950898,0.0209559413385126,0.00801427754342286
"150999",0.135373545070446,0.217702397470308,0.165804364765967,0.0518980327043411,0.0823288523998617,0.0304308196955206
"138556",0.23845618473969,0.235009404487954,0.237067148932482,-0.00205774444452814,-0.00344678025173598,-0.00138903580720784
"353181",0.0954899369333481,0.150275065152433,0.11554229001211,0.0347327751403228,0.0547851282190846,0.0200523530787618
"561221",0.0212796257492392,0.121472948687687,0.052391545438727,0.06908140324896,0.100193322938448,0.0311119196894879
"192155",0.758444902235815,0.233123565011026,0.528365377061207,-0.295241812050181,-0.525321337224789,-0.230079525174608
"61180",0.0614251410495672,0.145838207952892,0.0909938760535716,0.0548443318993208,0.0844130669033252,0.0295687350040044
"567071",0.133355671902536,0.174341315333008,0.14899789075251,0.0253434245804974,0.0409856434304716,0.0156422188499742
"413814",0.0761024328357926,0.154151996641033,0.105267831901507,0.0488841647395267,0.0780495638052406,0.0291653990657139
"546079",0.0199647463658504,0.0880535295089287,0.0402316650468037,0.047821864462125,0.0680887831430783,0.0202669186809533
"370420",0.108649015433751,0.179618853306194,0.134579015057804,0.0450398382483906,0.0709698378724429,0.0259299996240523
"578185",0.0291568720320297,0.0789454937939176,0.0452186679325268,0.0337268258613908,0.0497886217618878,0.0160617959004971
"469608",0.144291657523162,0.185446570775405,0.159845371357715,0.0256011994176905,0.0411549132522431,0.0155537138345526
"34834",0.0793701063128917,0.173712689457993,0.113050759642391,0.0606619298156017,0.0943425831451008,0.0336806533294991
"227597",0.306162092278069,0.277975474944958,0.294926455513339,-0.0169509805683807,-0.0281866173331106,-0.0112356367647299
"130822",0.0855702374252927,0.115969821387296,0.0969134397364794,0.0190563816508162,0.030399583962003,0.0113432023111867
"502910",0.0458272846272483,0.0996522709127475,0.0643189053811237,0.0353333655316239,0.0538249862854993,0.0184916207538754
"83846",0.018195911125687,0.0814440692634741,0.0364922699696341,0.04495179929384,0.0632481581377871,0.0182963588439471
"315490",0.371524753842268,0.451071023727157,0.401059717041977,0.0500113066851805,0.0795462698848896,0.0295349631997091
"506078",0.155600517782736,0.169675274191131,0.161159168017598,0.00851610617353385,0.0140747564083953,0.00555865023486143
"75222",0.115181097564754,0.263280474608473,0.169466746419614,0.0938137281888589,0.148099377043718,0.0542856488548595
"574329",0.138607923488662,0.149163881362353,0.142722800385492,0.00644108097686102,0.0105559578736908,0.00411487689682977
"57786",1.45402011719342,0.467132135238495,0.987584356920394,-0.520452221681899,-0.986887981954927,-0.466435760273029
"470993",0.259952525279053,0.219594056582792,0.243796026975523,-0.0242019703927306,-0.0403584686962606,-0.01615649830353
"450048",0.209663340453676,0.0839400842110992,0.157167547374628,-0.0732274631635288,-0.125723256242577,-0.052495793079048
"303199",0.152586709411311,0.273260193887967,0.197740552213546,0.07551964167442,0.120673484476655,0.0451538428022351
"319895",0.13127909587535,0.193716976735727,0.154620400284803,0.039096576450924,0.0624378808603777,0.0233413044094536
"482661",0.0560137587923554,0.20269194636635,0.106204872897884,0.0964870734684661,0.146678187573994,0.0501911141055282
"413661",0.299822330986306,0.336723479450193,0.314101248855775,0.0226222305944186,0.0369011484638869,0.0142789178694683
"536946",0.0505006563002996,0.115303498971986,0.0730974000878878,0.0422060988840985,0.0648028426716867,0.0225967437875881
"379280",0.197156207409908,0.128851814334196,0.168778439507156,-0.0399266251729603,-0.068304393075712,-0.0283777679027517
"416513",0.125218840673066,0.18693319883781,0.14829411237077,0.0386390864670395,0.0617143581647435,0.023075271697704
"499740",0.204926558066937,0.311358190812144,0.244377552578116,0.0669806382340286,0.106431632745207,0.0394509945111785
"6347",0.218991840233083,0.165515358549618,0.197318301719774,-0.0318029431701561,-0.0534764816834645,-0.0216735385133084
"85985",0.0666667857515351,0.133524098553877,0.0903447510797715,0.0431793474741055,0.0668573128023419,0.0236779653282364
"372210",0.0395560387196744,0.18450552951746,0.0866413566631256,0.0978641728543343,0.144949490797786,0.0470853179434513
"482496",0.100627101921913,0.159933780085322,0.122793396471351,0.0371403836139717,0.0593066781634093,0.0221662945494376
"164820",0.0453945949527173,0.149911623227972,0.0804825180916785,0.0694291051362939,0.104517028275255,0.0350879231389612
"496544",0.119613395068253,0.18817163711843,0.145336482983653,0.0428351541347777,0.0685582420501776,0.0257230879153999
"41839",0.0315224324777357,0.128631412295546,0.0633046067262195,0.0653268055693267,0.0971089798178104,0.0317821742484837
"431372",0.0607650211727611,0.124766595130985,0.0846207091471427,0.0401458859838421,0.0640015739582237,0.0238556879743816
"346079",0.996668390506225,0.393302099480509,0.699579770372835,-0.306277670892326,-0.603366291025715,-0.29708862013339
"372264",0.028089672761117,0.140738029922504,0.0646313329981276,0.0761066969243763,0.112648357161387,0.0365416602370106
"353025",0.139899874593666,0.203485389372391,0.163639710337263,0.0398456790351285,0.063585514778725,0.0237398357435965
"77328",0.348553282350864,0.195864961298571,0.284001179519506,-0.0881362182209353,-0.152688321052293,-0.0645521028313573
"56048",0.193029849478373,0.349447903702394,0.251542253407526,0.0979056502948672,0.156418054224021,0.0585124039291537
"353036",0.185814168127715,0.207091566419976,0.19408510028009,0.0130064661398856,0.0212773982922606,0.00827093215237501
"481378",0.158919771933605,0.280999924223703,0.203000387653616,0.0779995365700876,0.122080152290099,0.0440806157200112
"504420",0.238170283204515,0.143142587168097,0.198577678993379,-0.055435091825282,-0.0950276960364182,-0.0395926042111363
"475622",0.0125741450524794,0.114571137705557,0.04232283478835,0.0722483029172072,0.101996992653078,0.0297486897358706
"77707",0.0953155622193398,0.160455634125142,0.119406871146546,0.0410487629785961,0.0651400719058026,0.0240913089272065
"261207",0.0197650291878321,0.0910822863627889,0.0410034253292384,0.0500788610335505,0.0713172571749568,0.0212383961414063
"460878",0.135231668606371,0.318188576082686,0.198855138396245,0.119333437686441,0.182956907476315,0.0636234697898739
"540378",0.0386153981742663,0.157561033438971,0.0777436809243101,0.0798173525146614,0.118945635264705,0.0391282827500438
"287496",0.0804985729485313,0.151603770408045,0.106210277184752,0.0453934932232928,0.0711051974595136,0.0257117042362208
"18166",0.318475644781901,0.214983769617928,0.275873690327486,-0.0608899207095582,-0.103491875163973,-0.0426019544544152
"45425",1.01259777235382,0.351198578503359,0.731422283619352,-0.380223705115993,-0.661399193850458,-0.281175488734466
"123590",0.384013822418584,0.132429948513177,0.270698131141307,-0.138268182628129,-0.251583873905407,-0.113315691277277
"8271",0.0371825290423447,0.143969926030719,0.0730069345063479,0.0709629915243712,0.106787396988375,0.0358244054640033
"239942",0.190712296855793,0.189878335567424,0.190243948845425,-0.000365613278001164,-0.000833961288369545,-0.00046834801036838
"431325",0.058950275525953,0.207323277320118,0.110492384676509,0.0968308926436094,0.148373001794165,0.0515421091505556
"356381",0.0505677667114587,0.129737675611046,0.0777461924923168,0.0519914831187296,0.0791699088995878,0.0271784257808581
"540624",0.0351653533873197,0.135739238227515,0.0688518609020411,0.0668873773254738,0.100573884840195,0.0336865075147214
"300839",0.150362708579145,0.208020849295888,0.171984380814451,0.0360364684814373,0.0576581407167433,0.021621672235306
"567356",0.341166621456283,0.291600964571155,0.321587191887837,-0.0299862273166821,-0.0495656568851277,-0.0195794295684455
"255539",0.0527816144635496,0.105949746753379,0.0713848625938224,0.0345648841595561,0.0531681322898289,0.0186032481302728
"196933",0.0549513244954775,0.124659207603779,0.0792763573685194,0.0453828502352595,0.0697078831083014,0.0243250328730419
"340250",0.019565387937717,0.107629279499023,0.0473141443490206,0.0603151351500022,0.0880638915613058,0.0277487564113036
"65070",0.310323878448152,0.265634374818329,0.292662388111507,-0.0270280132931785,-0.0446895036298235,-0.017661490336645
"318905",0.181765895623329,0.149209061985889,0.168656653620375,-0.0194475916344863,-0.0325568336374397,-0.0131092420029533
"7094",0.176001554564252,0.177315884311663,0.176732065441485,0.000583818870178027,0.0013143297474108,0.000730510877232776
"467950",0.131153421916606,0.141398143308668,0.135128553541768,0.00626958976690026,0.0102447213920617,0.00397513162516147
"369560",0.186009436109103,0.191290389109173,0.18811686467991,0.00317352442926308,0.00528095300007075,0.00210742857080767
"322216",0.0807761169610866,0.203622887822884,0.123786968115349,0.0798359197075354,0.122846770861797,0.043010851154262
"131240",0.04385777698227,0.164412085020646,0.0837437166061581,0.0806683684144884,0.120554308038376,0.0398859396238881
"151404",0.169116617993936,0.204090175484845,0.182330972659819,0.0217592028250254,0.0349735574909084,0.013214354665883
"80304",0.15789518137268,0.182988258946629,0.167612584906013,0.0153756740406167,0.0250930775739492,0.00971740353333253
"545983",0.122191553805055,0.179042628276655,0.143120934772661,0.0359216935039945,0.0568510744716001,0.0209293809676056
"70805",0.183634480717917,0.205712700969841,0.192222804598144,0.0134898963716976,0.0220782202519246,0.00858832388022693
"487845",0.111981199004731,0.102927899071206,0.108383145745243,-0.00545524667403646,-0.00905329993352499,-0.00359805325948853
"357631",0.177234595573409,0.176292355036298,0.176716349246777,-0.0004239942104792,-0.000942240537110617,-0.000518246326631416
"29382",0.0998204208090081,0.216010933197612,0.142729595132126,0.0732813380654856,0.116190512388604,0.0429091743231182
"149326",0.0616486785901383,0.158138998144705,0.0952159795866952,0.0629230185580098,0.0964903195545666,0.0335673009965569
"437511",0.235581953319147,0.411034914514646,0.298839432553389,0.112195481961257,0.175452961195498,0.0632574792342417
"57139",0.0344946964305387,0.116710035837573,0.0618661009951522,0.0548439348424211,0.0822153394070346,0.0273714045646135
"448596",0.322630785547675,0.459184792652137,0.372470841280886,0.0867139513712513,0.136554007104462,0.0498400557332107
"24385",0.142359136640767,0.23598304411867,0.176153466931405,0.0598295771872646,0.0936239074779027,0.0337943302906381
"3969",0.499667539103018,0.538933444002943,0.514498964064729,0.0244344799382146,0.0392659048999254,0.0148314249617108
"454375",0.129458089534729,0.215674312795277,0.160945974923145,0.0547283378721318,0.0862162232605478,0.031487885388416
"167128",0.273607756623535,0.299431505417999,0.283604136845982,0.0158273685720167,0.0258237487944635,0.00999638022244681
"413936",7.70245609162797,0.762486690978926,7.70245609162797,-6.93996940064904,-6.93996940064904,0
"42214",0.0890995608514638,0.154704440854912,0.112939352938269,0.0417650879166429,0.0656048800034483,0.0238397920868055
"327825",0.272180015824981,0.230279804207883,0.255523172315475,-0.0252433681075926,-0.0419002116170989,-0.0166568435095063
"443154",0.03683178241264,0.154251998679535,0.0751900097878865,0.0790619888916489,0.117420216266895,0.0383582273752465
"538853",0.0308731643571079,0.105196793372707,0.0553313826440198,0.0498654107286874,0.0743236290155993,0.0244582182869119
"447193",0.0901265142932766,0.200355733207482,0.129223683429914,0.0711320497775685,0.110229218914205,0.0390971691366369
"7842",0.108773465126633,0.170081909026225,0.131792154623873,0.0382897544023522,0.0613084438995921,0.0230186894972399
"287041",0.0349392731335347,0.143964104905172,0.0704199488868132,0.073544156018359,0.109024831771638,0.0354806757532786
"24386",0.661651774675085,0.529557242928016,0.609633823768281,-0.0800765808402651,-0.132094531747069,-0.0520179509068034
"185134",0.0443178886648876,0.104375795414168,0.0656627419560979,0.03871305345807,0.0600579067492803,0.0213448532912103
"307002",0.579060136477964,0.308778183427173,0.465731718579276,-0.156953535152103,-0.270281953050791,-0.113328417898688
"9253",0.121696745449159,0.197917889319897,0.149927256286878,0.0479906330330186,0.0762211438707379,0.0282305108377193
"9485",0.186199109820017,0.360984335864525,0.248628453981807,0.112355881882717,0.174785226044508,0.0624293441617904
"90845",0.229948867455171,0.175461047630115,0.207708335210218,-0.0322472875801025,-0.0544878198250557,-0.0222405322449532
"261346",0.203580105040264,0.146273525424128,0.183061512886183,-0.0367879874620552,-0.0573065796161362,-0.0205185921540811
"439203",0.0369093817549369,0.135978134121527,0.0692039109213016,0.0667742232002252,0.0990687523665899,0.0322945291663647
"242685",0.0615127928006295,0.188163864476558,0.105830530891178,0.0823333335853797,0.126651071675928,0.0443177380905487
"322434",0.0203669258278715,0.144153634762524,0.0581928063836389,0.0859608283788855,0.123786708934653,0.0378258805557675
"89636",0.220526027162681,0.2734108624206,0.240747870004898,0.0326629924157023,0.0528848352579194,0.0202218428422171
"468723",0.192405961881745,0.244592336534862,0.212129683673417,0.0324626528614455,0.0521863746531171,0.0197237217916715
"242863",0.108889608516665,0.160048936000747,0.128012526553226,0.0320364094475205,0.0511593274840816,0.0191229180365611
"568199",0.299394870257191,0.205840870611077,0.260962155772472,-0.0551212851613946,-0.0935539996461138,-0.0384327144847192
"119425",0.15023995574351,0.211425726523981,0.173408352973096,0.0380173735508853,0.0611857707804714,0.0231683972295861
"94011",0.128744310226472,0.204282693025738,0.156704022981184,0.0475786700445541,0.0755383827992659,0.0279597127547117
"42414",0.0417965221561724,0.140683429466028,0.075345911877232,0.065337517588796,0.0988869073098555,0.0335493897210596
"197071",0.0424563144337894,0.0843382547647499,0.0568479443903661,0.0274903103743838,0.0418819403309605,0.0143916299565767
"260915",0.284048721497949,0.269078805855126,0.278144969887303,-0.00906616403217708,-0.0149699156428227,-0.0059037516106456
"42055",0.0643693436429707,0.112508620652453,0.083496930548328,0.0290116901041253,0.0481392770094826,0.0191275869053573
"482264",0.273098061779323,0.229392590712786,0.255563604229986,-0.0261710135171997,-0.0437054710665372,-0.0175344575493375
"309907",0.105053435517561,0.226184896520405,0.148681443852237,0.0775034526681682,0.121131461002844,0.0436280083346757
"536424",0.0692325629631211,0.19294637622102,0.113673193345776,0.0792731828752442,0.123713813257899,0.0444406303826545
"296789",0.584873040143598,0.220606991359483,0.426713410143802,-0.206106418784319,-0.364266048784115,-0.158159629999797
"544548",0.124664249994918,0.234612096944014,0.164726396962486,0.0698856999815277,0.109947846949095,0.0400621469675677
"455823",0.0228941890968385,0.128344088835042,0.0562000034721576,0.0721440853628847,0.105449899738204,0.0333058143753191
"176537",0.0519537682810299,0.128318326501759,0.0785560818551752,0.0497622446465839,0.0763645582207293,0.0266023135741454
"181655",2.0749917878905,0.564297436931929,1.29073017177707,-0.726432734845137,-1.51069435095857,-0.784261616113436
"447535",0.377312663928485,0.190416817998489,0.29867884189977,-0.108262023901281,-0.186895845929996,-0.0786338220287152
"74516",0.371041506656516,0.21551459604287,0.306029122609404,-0.0905145265665336,-0.155526910613646,-0.0650123840471121
"56140",0.167039064919948,0.226535100328006,0.189600961432224,0.036934138895782,0.0594960354080578,0.0225618965122758
"202195",0.0456696924398938,0.158101786021497,0.0837755714583993,0.0743262145630981,0.112432093581604,0.0381058790185055
"434359",0.0782417088527397,0.158332048523017,0.107227081555978,0.0511049669670389,0.0800903396702774,0.0289853727032385
"90121",0.0928058455874654,0.149101719886934,0.113678447299205,0.0354232725877287,0.0562958742994683,0.0208726017117396
"71106",0.206740597194101,0.105278352602677,0.167416712293082,-0.0621383596904049,-0.101462244591424,-0.0393238849010187
"508153",0.0198729103185298,0.092328859821461,0.0429745497170374,0.0493543101044236,0.0724559495029312,0.0231016393985077
"404235",0.151367778349364,0.177023916133551,0.159249552924983,0.0177743632085678,0.0256561377841868,0.00788177457561906
"76335",0.0714203658359708,0.157714387774066,0.102329315703263,0.0553850720708027,0.0862940219380948,0.0309089498672921
"222889",0.0261490596567604,0.130009050233034,0.0594930148681568,0.0705160353648775,0.103859990576274,0.0333439552113964
"4687",0.0714951476443563,0.176113108569111,0.108578278206405,0.0675348303627057,0.104617960924755,0.037083130562049
"489646",0.355546075862915,0.230938764190887,0.304854727448775,-0.0739159632578876,-0.124607311672028,-0.0506913484141402
"415103",0.028050196214166,0.0789820021721004,0.0455040266357766,0.0334779755363237,0.0509318059579344,0.0174538304216107
"520370",0.060684488131972,0.24837274726858,0.122438236550439,0.125934510718141,0.187688259136608,0.0617537484184674
"259087",0.140178070431849,0.155751459716151,0.146245356181519,0.00950610353463116,0.0155733892843019,0.00606728574967069
"352924",0.0567993209269016,0.236259066431269,0.11658214917711,0.11967691725416,0.179459745504368,0.0597828282502082
"377742",0.308350826178177,0.188505434481844,0.257959783572017,-0.0694543490901722,-0.119845391696333,-0.0503910426061603
"94174",0.098626267560583,0.198130877063095,0.134539683718862,0.063591193344233,0.0995046095025118,0.0359134161582788
"140528",0.0661540176924707,0.144533093535544,0.0939547579920401,0.050578335543504,0.0783790758430734,0.0278007402995693
"246429",0.629332464395729,0.493773666459888,0.575580343721697,-0.0818066772618098,-0.135558797935841,-0.0537521206740315
"440550",0.0768559577543669,0.190864988641747,0.117040606253071,0.0738243823886759,0.11400903088738,0.0401846484987042
"456130",0.0897667787126951,0.272078161806647,0.152893183720272,0.119184978086375,0.182311383093951,0.0631264050075768
"386139",0.10262930059822,0.173397769017049,0.128527436000914,0.0448703330161341,0.070768468418829,0.0258981354026949
"81170",0.048170300121721,0.124076221569443,0.0744636705102935,0.0496125510591496,0.075905921447722,0.0262933703885725
"500105",0.093125581166173,0.195749450410395,0.129873744380234,0.0658757060301609,0.102623869244222,0.0367481632140611
"73451",0.0233846887808166,0.135308554327866,0.0590949907291623,0.0762135635987039,0.11192386554705,0.0357103019483457
"532249",0.133182888902525,0.198747969065517,0.157686912402404,0.0410610566631132,0.0655650801629923,0.0245040234998791
"423066",0.173619114902562,0.25207467370623,0.203058933759103,0.0490157399471273,0.0784555588036682,0.0294398188565409
"179526",0.202676647021061,0.23318645949329,0.214521228130086,0.0186652313632047,0.0305098124722295,0.0118445811090248
"446124",0.103847035963925,0.259695361911678,0.158782469231718,0.10091289267996,0.155848325947753,0.0549354332677928
"529475",0.598490459004549,0.605403971465105,0.601069290134364,0.00433468133074066,0.00691351246055549,0.00257883112981483
"268905",1.78645075406374,0.4944393168498,1.09180730105477,-0.597367984204972,-1.29201143721394,-0.694643453008968
"339187",0.0912129488595863,0.114816134602316,0.10010560911478,0.0147105254875361,0.0236031857427299,0.00889266025519377
"540507",0.305371326752729,0.353870560702558,0.323729938153251,0.0301406225493067,0.0484992339498291,0.0183586114005224
"310465",0.0514022558556563,0.18643469717419,0.0974563025285426,0.0889783946456475,0.135032441318534,0.0460540466728862
"15654",0.302763684537438,0.147657182217777,0.236233199809326,-0.0885760175915496,-0.155106502319662,-0.0665304847281122
"139610",0.106554721999461,0.184538261413028,0.135195854517636,0.049342406895392,0.0779835394135674,0.0286411325181753
"450645",0.317948960003118,0.271462784123068,0.299191257023811,-0.0277284729007426,-0.0464861758800502,-0.0187577029793076
"496057",0.140991126517384,0.148162342440918,0.14377562325952,0.00438671918139791,0.00717121592353315,0.00278449674213524
"184913",0.173922629858419,0.187667858916325,0.181802001465065,0.00586585745126006,0.0137452290579059,0.00787937160664581
"483731",0.107532724404881,0.170803454276315,0.130820851167198,0.0399826031091169,0.0632707298714345,0.0232881267623175
"25068",0.0581880050986047,0.152031149947767,0.0910047310594018,0.0610264188883654,0.0938431448491626,0.0328167259607971
"327752",0.0972387892306977,0.195015725394923,0.132861868280461,0.0621538571144625,0.0977769361642255,0.035623079049763
"550281",0.0896526916982431,0.132917728578996,0.105865380093882,0.027052348485114,0.0432650368807525,0.0162126883956385
"495754",0.0666673344574919,0.144721467510349,0.0943157144414668,0.0504057530688822,0.0780541330528571,0.0276483799839749
"189204",0.0415030417612857,0.14691728684162,0.0763985141406343,0.0705187727009855,0.105414245080334,0.0348954723793486
"87690",0.12633677004618,0.221938429974501,0.161144000230214,0.0607944297442863,0.0956016599283208,0.0348072301840345
"72866",0.483533432207803,0.300698713252182,0.407167415815511,-0.10646870256333,-0.182834718955621,-0.0763660163922916
"482204",0.226190070538168,0.434816226154665,0.299856674523304,0.134959551631361,0.208626155616497,0.0736666039851358
"67897",0.163492351069211,0.231925265997859,0.189105406969026,0.0428198590288338,0.0684329149286483,0.0256130558998146
"409073",0.1648960038373,0.176562433792057,0.169560475835297,0.00700195795675987,0.0116664299547572,0.0046644719979973
"55783",0.0617812838087175,0.267738887160482,0.12917588038279,0.138563006777692,0.205957603351765,0.0673945965740722
"172268",0.153402185236526,0.194183947436659,0.168863521512044,0.0253204259246141,0.0407817622001321,0.0154613362755181
"332656",0.108334956116629,0.143816485777358,0.121716389031169,0.0221000967461895,0.0354815296607298,0.0133814329145402
"562631",0.150329144590347,0.178816134936635,0.163494638864876,0.0153214960717594,0.0284869903462888,0.0131654942745294
"55796",0.157322952612525,0.211103553744364,0.178000636979078,0.0331029167652855,0.053780601131839,0.0206776843665535
"149219",0.303335739376352,0.399590182194079,0.338751206536305,0.0608389756577735,0.0962544428177262,0.0354154671599528
"81420",0.0563744855128513,0.142545751374535,0.0862687392764879,0.056277012098047,0.0861712658616837,0.0298942537636366
"508257",0.147897168924927,0.226282611995087,0.177134387221952,0.0491482247731354,0.07838544307016,0.0292372182970246
"383692",0.0991592492479536,0.192556354161424,0.133157333300668,0.059399020860756,0.0933971049134704,0.0339980840527144
"17753",0.580021361083993,0.406640615780236,0.510358439321979,-0.103717823541742,-0.173380745303757,-0.0696629217620142
"306624",0.10706025345667,0.238033155109665,0.153679541182074,0.0843536139275911,0.130972901652995,0.0466192877254039
"315972",0.163962955849338,0.138621562659399,0.153811813375713,-0.0151902507163137,-0.0253413931899391,-0.0101511424736254
"87101",0.200619087235184,0.377533319814247,0.265129364442858,0.112403955371388,0.176914232579062,0.0645102772076738
"416185",0.0264401397463451,0.12108366728456,0.056524283275489,0.0645593840090707,0.0946435275382145,0.0300841435291439
"25478",0.214976309433386,0.263356493658688,0.233472708066533,0.0298837855921547,0.0483801842253018,0.0184963986331472
"278775",0.0989378247322379,0.189074903441829,0.131137639019471,0.0579372644223577,0.090137078709591,0.0321998142872333
"247244",0.22223579096564,0.386295313083553,0.282948783708946,0.103346529374607,0.164059522117913,0.0607129927433061
"456018",0.0913946764998207,0.213964284332741,0.135087973906508,0.0788763104262331,0.12256960783292,0.0436932974066869
"325361",0.100866807404489,0.204881628209011,0.138100785338085,0.0667808428709254,0.104014820804522,0.0372339779335964
"480977",0.221397551946055,0.15912288358736,0.195813943026174,-0.0366910594388138,-0.0622746683586952,-0.0255836089198814
"413494",0.213570672813434,0.211262274156216,0.212646020161396,-0.00138374600518046,-0.00230839865721841,-0.000924652652037949
"176301",2.57437274647129,1.23385291161291,1.88964454652836,-0.65579163491545,-1.34051983485838,-0.684728199942934
"479516",0.261157070574607,0.25450829384938,0.258511660444691,-0.00400336659531081,-0.00664877672522696,-0.00264541012991615
"311277",0.17160948460005,0.101077418797993,0.142012588775559,-0.0409351699775661,-0.0705320658020567,-0.0295968958244906
"240140",0.11102886195249,0.164872071017299,0.131351683321759,0.0335203876955402,0.0538432090648093,0.0203228213692691
"327869",0.431026725630361,0.235191065062011,0.349446311832969,-0.114255246770958,-0.195835660568349,-0.0815804137973918
"125650",0.0542054958718461,0.139716371526137,0.0842208587073459,0.0554955128187912,0.0855108756542909,0.0300153628354997
"359755",0.0686228691741644,0.166586807629972,0.103090866856667,0.063495940773305,0.0979639384558076,0.0344679976825026
"496355",0.16379206481696,0.214317426076822,0.182859845444437,0.0314575806323849,0.0505253612598622,0.0190677806274772
"86261",0.0488271257906959,0.184449262391231,0.0947995271225815,0.08964973526865,0.135622136600536,0.0459724013318856
"362737",0.189857837355319,0.230224068230154,0.205206851050759,0.0250172171793954,0.0403662308748353,0.01534901369544
"206079",0.256590473587119,0.130693452822965,0.202639078569488,-0.0719456257465229,-0.125897020764154,-0.0539513950176309
"495534",0.100119243847006,0.133930943429477,0.11329923754131,0.020631705888167,0.0338116995824712,0.0131799936943043
"187875",0.123552893258574,0.255808523768764,0.172451872762031,0.083356651006733,0.132255630510189,0.0488989795034563
"312391",0.105963001116316,0.219050409820805,0.146575579521518,0.0724748302992874,0.113087408704489,0.0406125784052012
"5504",0.0973391255657321,0.18041347184779,0.128076290104578,0.0523371817432126,0.0830743462820584,0.0307371645388458
"551420",1.45674689053595,0.946345288111785,1.246207054307,-0.29986176619521,-0.510401602424164,-0.210539836228954
"8151",0.166946593254821,0.289478397654882,0.21132857649742,0.0781498211574616,0.122531804400061,0.0443819832425996
"364601",0.0860841236721294,0.230132610561819,0.13658785290322,0.0935447576585989,0.14404848688969,0.050503729231091
"126300",0.0811908016876678,0.222004307134063,0.130892769760087,0.0911115373739764,0.140813505446395,0.049701968072419
"86280",0.0672697846638107,0.0998763636930583,0.0789178117640547,0.0209585519290036,0.0326065790292477,0.011648027100244
"469574",0.0348302551653553,0.163491840301864,0.0769493447139358,0.0865424955879281,0.128661585136509,0.0421190895485805
"424384",0.0266996099560999,0.102529943804559,0.0506799749989375,0.051849968805621,0.0758303338484587,0.0239803650428376
"7668",0.032452584684776,0.113621904213432,0.0601503556860648,0.0534715485273669,0.0811693195286557,0.0276977710012888
"361095",0.0377199395664981,0.133223234969623,0.0691073588657681,0.0641158761038544,0.0955032954031244,0.03138741929927
"200263",3.19584168759317,0.458717487036258,3.19584168759317,-2.73712420055691,-2.73712420055691,0
"189630",0.43490444633195,0.302862371587341,0.381364307595786,-0.0785019360084447,-0.132042074744609,-0.0535401387361641
"131338",0.192443049211669,0.258043528269496,0.217422783257243,0.040620745012253,0.065600479057827,0.024979734045574
"223457",0.191158090351172,0.357877847735325,0.25203397452077,0.105843873214555,0.166719757384153,0.0608758841695978
"322519",0.0605350692483196,0.122545232492398,0.0828387433205207,0.0397064891718768,0.0620101632440779,0.0223036740722011
"246627",0.235664596997023,0.35533275789963,0.280465997074985,0.0748667608246446,0.119668160902607,0.0448014000779624
"124510",0.413656888615885,0.567040023939466,0.469187159837127,0.0978528641023393,0.153383135323581,0.055530271221242
"82922",0.0236711396002709,0.103431549160559,0.0489928923636281,0.0544386567969304,0.0797604095602876,0.0253217527633572
"419556",0.108334660390651,0.107324481601701,0.107744792777388,-0.000420311175686541,-0.0010101787889493,-0.000589867613262754
"234180",0.0735162923347483,0.236324713168308,0.129219360079742,0.107105353088566,0.16280842083356,0.0557030677449942
"89171",0.357462175144863,0.171040816675421,0.276959845998426,-0.105919029323005,-0.186421358469442,-0.080502329146437
"302950",0.0633545730761665,0.179210667765608,0.103581319190924,0.0756293485746836,0.115856094689441,0.0402267461147577
"129776",0.0789197346513108,0.144040680488426,0.103195386702663,0.0408452937857629,0.0651209458371147,0.0242756520513519
"8441",0.404875132761,0.232182489617706,0.332094490388746,-0.0999120007710402,-0.172692643143294,-0.0727806423722537
"101679",0.0334467905680162,0.193779584903229,0.0853521300219179,0.108427454881312,0.160332794335213,0.0519053394539017
"549556",0.0403553426620223,0.104700345263148,0.0620790286457331,0.0426213166174154,0.0643450026011261,0.0217236859837107
"465241",0.0808621145211291,0.156064616034092,0.108117632120649,0.0479469839134426,0.0752025015129625,0.02725551759952
"92886",0.0266982541535889,0.155657362940677,0.068909987819493,0.0867473751211838,0.128959108787088,0.0422117336659042
"93851",0.129821755207429,0.172120573523153,0.145758780266095,0.026361793257058,0.0422988183157236,0.0159370250586656
"532205",0.10989970511313,0.255898079935115,0.163012617381082,0.0928854625540329,0.145998374821985,0.0531129122679518
"162453",0.167636559268914,0.236554817084941,0.193514175345786,0.0430406417391555,0.0689182578160269,0.0258776160768714
"203039",0.0846637679584518,0.261657334606524,0.146896330617172,0.114761003989352,0.176993566648072,0.0622325626587199
"384959",0.120975174721987,0.16741690004975,0.138688687084826,0.0287282129649245,0.0464417253277632,0.0177135123628386
"333547",0.0411248108895367,0.181311237709065,0.0887683891784295,0.0925428485306352,0.140186426819528,0.0476435782888928
"325954",0.508865562961154,0.371492997305355,0.453251013593505,-0.0817580162881503,-0.137372565655799,-0.0556145493676484
"254659",0.190805712020714,0.134887589818096,0.16747973652774,-0.0325921467096437,-0.055918122202618,-0.0233259754929743
"108155",0.0989245606805479,0.158546566062655,0.120897031385218,0.0376495346774363,0.0596220053821069,0.0219724707046705
"435790",0.055859569033939,0.103015418504181,0.0740817746448583,0.0289336438593225,0.0471558494702418,0.0182222056109193
"206172",0.114223090803273,0.186957970556707,0.142445218108865,0.0445127524478418,0.0727348797534335,0.0282221273055918
"465872",0.152868074738416,0.202908045499658,0.171972664114545,0.0309353813851131,0.0500399707612418,0.0191045893761288
"153444",0.17825400068959,0.241056364759823,0.202211065033084,0.0388452997267391,0.0628023640702333,0.0239570643434942
"500660",0.190793677822928,0.32544884626523,0.24055033270518,0.0848985135600495,0.134655168442301,0.0497566548822518
"529581",0.0957278590763954,0.263263562994053,0.155598713082966,0.107664849911087,0.167535703917658,0.0598708540065704
"138048",0.0855802406147768,0.0813510117780224,0.0852123878603176,-0.00386137608229514,-0.0042292288367544,-0.000367852754459261
"371182",0.0729020846005047,0.155330576143814,0.102082422943834,0.0532481531999804,0.0824284915433096,0.0291803383433291
"267510",0.137901664443537,0.200471964872477,0.16239558048443,0.038076384388047,0.0625703004289399,0.024493916040893
"466297",0.170212463463546,0.253223003711362,0.201187739097958,0.0520352646134038,0.083010540247816,0.0309752756344122
"368640",0.219994283781279,0.125300228767919,0.179961255013196,-0.0546610262452773,-0.0946940550133602,-0.0400330287680829
"88293",0.798424255562017,0.276468810819452,0.5737552318297,-0.297286421010248,-0.521955444742565,-0.224669023732317
"523413",0.0771527265254644,0.175106712369409,0.112105525755253,0.0630011866141558,0.0979539858439444,0.0349527992297886
"50670",0.0567317817256703,0.136943553942313,0.0846214258154136,0.0523221281268992,0.0802117722166424,0.0278896440897433
"233773",0.0795475087436387,0.0950020516098836,0.0853688726061711,0.00963317900371248,0.0154545428662449,0.0058213638625324
"130833",0.0990737718517377,0.0931001482858648,0.0967145503365016,-0.00361440205063682,-0.0059736235658729,-0.00235922151523608
"559592",0.418068192674266,0.339563119820769,0.386944500983051,-0.0473813811622825,-0.078505072853497,-0.0311236916912145
"95170",0.017430329914243,0.109241367654857,0.0462399604993337,0.0630014071555233,0.0918110377406141,0.0288096305850907
"234247",0.0844283881746306,0.238525927334922,0.138125772299302,0.10040015503562,0.154097539160292,0.0536973841246714
"25652",0.112673469018635,0.181488214212637,0.137750752480566,0.0437374617320715,0.0688147451940018,0.0250772834619302
"81188",0.14588914381731,0.186426517916642,0.161208302145124,0.025218215771518,0.0405373740993321,0.0153191583278141
"456793",0.758813401795178,0.51738382653043,0.663525246069304,-0.146141419538875,-0.241429575264748,-0.0952881557258736
"64928",0.0990808899584725,0.208552965316129,0.138153575182806,0.0703993901333234,0.109472075357657,0.0390726852243334
"18810",0.268307609402879,0.261137542146801,0.265517091695249,-0.00437954954844794,-0.00717006725607772,-0.00279051770762978
"63621",0.140262316199975,0.31658151799863,0.203136761096083,0.113444756902547,0.176319201798655,0.0628744448961079
"436433",0.366327205607594,0.139055002306672,0.264663405560422,-0.12560840325375,-0.227272203300923,-0.101663800047173
"495536",0.236692294792221,0.271394621686167,0.249918219238337,0.0214764024478293,0.0347023268939459,0.0132259244461166
"153201",1.87189440548499,0.863829349520623,1.3860067447232,-0.522177395202574,-1.00806505596437,-0.485887660761793
"507805",0.107862458860065,0.162317035197378,0.128140423395358,0.0341766118020204,0.0544545763373135,0.0202779645352931
"419024",1.76398330880521,0.923953578729806,1.36109242308463,-0.437138844354824,-0.840029730075407,-0.402890885720583
"537338",0.642279924681375,0.257891838143474,0.479768256575055,-0.221876418431581,-0.3843880865379,-0.162511668106319
"309848",0.0668513053900153,0.173249948975537,0.104341043544572,0.0689089054309649,0.106398643585521,0.0374897381545565
"397957",0.109234142482921,0.184073100853666,0.136666332788707,0.047406768064959,0.0748389583707459,0.0274321903057869
"469468",0.0994009978554633,0.118316398465505,0.107382949944355,0.0109334485211498,0.0189154006100416,0.00798195208889182
"353321",0.173587587407216,0.322210642689364,0.228328904491705,0.0938817381976597,0.148623055282148,0.0547413170844885
"102671",0.0715541253952343,0.160103891238938,0.103075100143081,0.0570287910958571,0.0885497658437036,0.0315209747478465
"492548",2.05883700484165,1.07312350671332,1.60631193309833,-0.533188426385011,-0.985713498128325,-0.452525071743314
"306218",1.71237619895696,0.917889280589161,1.38263444932143,-0.464745168732265,-0.794486918367797,-0.329741749635532
"35839",2.04896593547905,0.990450523536694,1.55297933919844,-0.562528815661745,-1.05851541194236,-0.495986596280615
"220860",0.166241581702717,0.245605863980529,0.195874306949325,0.0497315570312039,0.0793642822778121,0.0296327252466082
"387803",0.0777759778011861,0.121997696147505,0.0955930507421897,0.0264046454053155,0.0442217183463191,0.0178170729410036
"181793",0.195888707726031,0.177236817735407,0.188464875010808,-0.0112280572754011,-0.018651889990624,-0.00742383271522287
"11913",0.214141007004837,0.221902734344435,0.217193284643478,0.0047094497009573,0.00776172733959807,0.00305227763864077
"335747",0.169287957292295,0.117711842074619,0.148451872734745,-0.0307400306601259,-0.0515761152176756,-0.0208360845575497
"3039",0.241866778569864,0.343505796792185,0.280883995315806,0.0626218014763792,0.101639018222321,0.0390172167459415
"85634",0.489069968097081,0.123671937998451,0.318338257241416,-0.194666319242965,-0.36539803009863,-0.170731710855666
"424497",0.0307674956949188,0.110933850213001,0.0566945201182689,0.0542393300947321,0.0801663545180822,0.0259270244233501
"320095",0.111979369235111,0.203591008082566,0.145169022089542,0.0584219859930242,0.0916116388474554,0.0331896528544312
"11201",0.331591752833872,0.394984882121424,0.35644268424631,0.0385421978751141,0.0633931292875523,0.0248509314124382
"329041",0.0609844738508369,0.164733009213132,0.096964329953052,0.0677686792600802,0.103748535362295,0.0359798561022151
"254539",0.032411317447429,0.124198020204856,0.0629517990267316,0.0612462211781241,0.0917867027574268,0.0305404815793026
"514000",0.1793745753558,0.276882230236368,0.216017561993188,0.0608646682431792,0.0975076548805675,0.0366429866373883
"457148",0.277444233233927,0.257502821277423,0.269568901676085,-0.012066080398662,-0.0199414119565044,-0.00787533155784237
"447178",0.0405366603647906,0.156420293280313,0.0788847429411916,0.0775355503391212,0.115883632915522,0.038348082576401
"49769",0.0750853365575927,0.165081879030169,0.107074961451379,0.0580069175787901,0.0899965424725764,0.0319896248937864
"242654",0.568279698639259,0.244544966065973,0.43046933229548,-0.185924366229507,-0.323734732573286,-0.137810366343779
"307175",0.111594568570738,0.179703918516278,0.136655608982958,0.04304830953332,0.0681093499455396,0.0250610404122196
"456142",0.0718392953975247,0.189919989832981,0.113149640572758,0.0767703492602223,0.118080694435456,0.0413103451752337
"56520",0.268240378965107,0.267678425201878,0.26811412835097,-0.000435703149092082,-0.000561953763229595,-0.000126250614137513
"312807",0.243304350240157,0.126691268684446,0.19312418460504,-0.0664329159205941,-0.116613081555711,-0.050180165635117
"529332",0.047443880795931,0.159532958009077,0.0861921543916424,0.073340803617435,0.112089077213146,0.0387482735957114
"475988",0.0724263349513585,0.092281449590378,0.0798243586915669,0.0124570908988112,0.0198551146390195,0.00739802374020837
"414625",3.32081578100038,0.943793107776681,2.0655151618164,-1.12172205403972,-2.3770226732237,-1.25530061918398
"40076",0.056629174512272,0.110046773820388,0.0757241023203767,0.0343226715000117,0.0534175993081164,0.0190949278081047
"564336",0.540679513592937,0.446312831861767,0.502894881491958,-0.0565820496301913,-0.0943666817311702,-0.0377846321009789
"269033",0.294684595950307,0.283516858136424,0.290300089702011,-0.0067832315655873,-0.0111677378138827,-0.00438450624829545
"187618",0.780285154693207,0.281678739906806,0.559784038783886,-0.27810529887708,-0.498606414786401,-0.220501115909321
"176146",0.218531571270494,0.328446173114107,0.259274639524552,0.0691715335895545,0.109914601843612,0.0407430682540577
"17884",0.737980486332022,0.433199484172613,0.586763145548429,-0.153563661375816,-0.304781002159409,-0.151217340783593
"420627",0.172037579963821,0.170152788609275,0.171294164560322,-0.00114137595104724,-0.00188479135454611,-0.00074341540349887
"561529",0.368501587426347,0.28165463770701,0.333993839756176,-0.052339202049166,-0.0868469497193368,-0.0345077476701708
"129189",0.0789667129707946,0.151746750064997,0.104954337992626,0.046792412072371,0.072780037094202,0.025987625021831
"453079",0.218993381452422,0.250256886920858,0.231138434571545,0.0191184523493125,0.0312635054684361,0.0121450531191236
"178466",1.05768815994355,0.540652452720197,0.818291459900619,-0.277639007180422,-0.517035707223351,-0.239396700042929
"417430",0.144834599793665,0.119047820225147,0.134505597824825,-0.0154577775996775,-0.025786779568518,-0.0103290019688406
"415735",6.8439680495176,1.34726783410061,3.37459132464727,-2.02732349054666,-5.49670021541699,-3.46937672487033
"129077",0.468125940063637,0.288214670426104,0.393616131306878,-0.105401460880773,-0.179911269637533,-0.0745098087567594
"315058",0.431695077539832,0.468713399880718,0.445861145374828,0.0228522545058897,0.0370183223408854,0.0141660678349957
"315535",0.102632999193544,0.251802265801809,0.155571608819642,0.096230656982168,0.149169266608265,0.0529386096260971
"358532",0.154002463226001,0.25125954760176,0.189955878178003,0.0613036694237565,0.0972570843757585,0.035953414952002
"300245",0.133639456046939,0.175235731792819,0.149403410901749,0.0258323208910708,0.0415962757458801,0.0157639548548092
"309742",0.0843358005515001,0.186184579777103,0.120919829578751,0.0652647501983518,0.101848779225603,0.0365840290272513
"241223",0.0726116919628449,0.155937260246815,0.102012364499172,0.0539248957476433,0.0833255682839702,0.0294006725363268
"292518",0.773907987503743,0.79241117005968,0.780431193468678,0.0119799765910023,0.0185031825559371,0.00652320596493483
"360360",0.110534884536837,0.172587022585822,0.133854085547599,0.0387329370382234,0.0620521380489848,0.0233192010107614
"559023",0.156161477107999,0.189044850035242,0.168692410500589,0.0203524395346531,0.0328833729272435,0.0125309333925905
"296724",0.0387753256485497,0.133269639576744,0.0700033763533266,0.0632662632234175,0.0944943139281944,0.0312280507047769
"497524",0.0369156053271758,0.123907974514984,0.0656995574696988,0.058208417045285,0.086992369187808,0.028783952142523
"358764",0.124252192400739,0.234572764248872,0.164161426164457,0.0704113380844147,0.110320571848133,0.0399092337637187
"77809",0.121105821502668,0.131282306683762,0.125057091841209,0.0062252148425524,0.0101764851810933,0.00395127033854095
"35304",0.105798640183312,0.185205159629228,0.134746194337299,0.050458965291929,0.0794065194459157,0.0289475541539867
"393800",0.0579604237231375,0.0972586567731699,0.0720745430635179,0.025184113709652,0.0392982330500324,0.0141141193403804
"119622",0.245273437070548,0.178724971437825,0.217970868905189,-0.0392458974673642,-0.0665484656327232,-0.0273025681653589
"342165",0.649630987891661,0.376493772466397,0.536864689608427,-0.16037091714203,-0.273137215425264,-0.112766298283233
"174700",0.0527536335846983,0.150708576564314,0.0859768623082674,0.064731714256047,0.097954942979616,0.0332232287235691
"311274",0.351246559042126,0.20264087334291,0.2883260106004,-0.0856851372574907,-0.148605685699216,-0.0629205484417252
"303134",0.0578474407312508,0.164201166748052,0.0944965665738541,0.0697046001741982,0.106353726016801,0.0366491258426033
"118410",0.272360906506697,0.313622590914776,0.288383093101204,0.0252394978135719,0.0412616844080793,0.0160221865945073
"88944",0.0354502897173761,0.147973007644576,0.0724007371957409,0.0755722704488349,0.1125227179272,0.0369504474783648
"186295",0.27332668483556,0.316115500759455,0.289523691058398,0.0265918097010568,0.0427888159238952,0.0161970062228384
"9909",0.22154917949136,0.217564514439134,0.219971461451046,-0.00240694701191155,-0.00398466505222597,-0.00157771804031442
"308801",0.0745254022112256,0.207620040878405,0.121253150683819,0.0863668901945854,0.133094638667179,0.0467277484725937
"332149",0.329860326339008,0.510561120161442,0.39667215265069,0.113888967510753,0.180700793822434,0.0668118263116815
"474444",0.0932653465661495,0.180963866245998,0.124751738597805,0.0562121276481926,0.0876985196798483,0.0314863920316557
"69333",0.151882256501109,0.108409714284419,0.134103063561559,-0.0256933492771405,-0.0434725422166904,-0.0177791929395498
"128758",0.0680437554667693,0.185016318186355,0.109125235056352,0.0758910831300024,0.116972562719585,0.041081479589583
"558185",0.0448890129917542,0.167771923238005,0.086089165814803,0.0816827574232015,0.12288291024625,0.0412001528230488
"347939",0.0652926413969312,0.204416517819175,0.113623388448781,0.0907931293703945,0.139123876422244,0.0483307470518494
"424349",0.168593762621899,0.324584721841208,0.225997664225063,0.098587057616145,0.15599095921931,0.0574039016031647
"76381",6.35071170998046,1.61762898863869,3.428732710664,-1.81110372202531,-4.73308272134177,-2.92197899931646
"499842",0.0353289649599673,0.128890132528729,0.0657859864044158,0.063104146124313,0.0935611675687616,0.0304570214444486
"309103",0.0524090909425814,0.104541192089048,0.0707931934085685,0.0337479986804795,0.0521321011464666,0.0183841024659871
"305859",0.0568110812438673,0.128611080702353,0.0816359793132273,0.0469751013891252,0.0717999994584853,0.02482489806936
"219715",4.63736900801389,1.04249896643219,2.54429165708065,-1.50179269064845,-3.5948700415817,-2.09307735093324
"557299",0.160909925960514,0.219294407595447,0.18275955435723,0.0365348532382171,0.0583844816349336,0.0218496283967166
"347869",0.671549477646386,0.264767750727744,0.49761125521164,-0.232843504483896,-0.406781726918642,-0.173938222434746
"190379",2.79575397987076,0.232866815909972,2.79575397987076,-2.56288716396079,-2.56288716396079,0
"259233",0.0867491832785064,0.131273805679489,0.103910334081179,0.0273634715983099,0.0445246224009828,0.0171611508026729
"512515",0.686070937125778,0.562462976953383,0.638354056942263,-0.0758910799888791,-0.123607960172394,-0.0477168801835151
"447048",0.0875408905595868,0.289866486321035,0.157376432141813,0.132490054179222,0.202325595761448,0.0698355415822265
"578023",0.111322364432623,0.123840877879095,0.11615523084098,0.00768564703811497,0.0125185134464714,0.0048328664083564
"80459",0.0589578484975271,0.116930259340691,0.079438736634753,0.0374915227059377,0.0579724108431636,0.0204808881372259
"481719",0.078744199061676,0.158970916339047,0.107146753367656,0.0518241629713909,0.0802267172773706,0.0284025543059797
"305339",0.360290553586725,0.285189158901503,0.330441149503629,-0.0452519906021255,-0.0751013946852213,-0.0298494040830958
"196928",0.930066731040776,0.540005409252255,0.774279804595609,-0.234274395343354,-0.390061321788521,-0.155786926445167
"557307",0.0793990757033219,0.187351258487621,0.117013152990496,0.0703381054971249,0.107952182784299,0.0376140772871739
"41542",0.102659988610125,0.211465959552693,0.141144577757178,0.0703213817955146,0.108805970942568,0.0384845891470535
"419000",0.063683011454699,0.161640011794088,0.0980730311864516,0.0635669806076363,0.0979570003393888,0.0343900197317526
"160114",0.0441002539377821,0.18140821329455,0.0898784520577362,0.091529761236814,0.137307959356768,0.0457781981199541
"351821",0.0610719504691319,0.258277059307144,0.126754048488493,0.131523010818651,0.197205108838012,0.065682098019361
"218521",1.14839999463174,0.768459863206891,0.984492217025635,-0.216032353818745,-0.379940131424848,-0.163907777606104
"510294",0.29539409699569,0.310581630961242,0.301295459955078,0.00928617100616475,0.0151875339655525,0.00590136295938776
"417902",0.362658877831879,0.237032977696442,0.311219516908623,-0.0741865392121804,-0.125625900135436,-0.0514393609232561
"77636",3.36220752120437,0.330519330294065,3.36220752120437,-3.0316881909103,-3.0316881909103,0
"31368",0.22403625069236,0.258749951974565,0.237515022276517,0.0212349296980481,0.0347137012822057,0.0134787715841576
"467892",0.0580855710952268,0.185223007595084,0.102112107905646,0.0831108996894375,0.127137436499857,0.0440265368104196
"460619",0.0501459782389561,0.111893581114897,0.0715107200755548,0.0403828610393418,0.0617476028759405,0.0213647418365987
"292690",0.145706223338498,0.142179453070186,0.144298488921891,-0.00211903585170539,-0.00352677026831186,-0.00140773441660647
"454544",0.373451194634889,0.335010663555527,0.358045921276617,-0.0230352577210901,-0.038440531079362,-0.0154052733582719
"514945",0.0959907616032262,0.226970031434909,0.1436265552487,0.083343476186209,0.130979269831683,0.0476357936454736
"95013",0.114309294365686,0.129196495002775,0.120077867404442,0.00911862759833261,0.0148872006370884,0.00576857303875578
"94507",0.0756090627091494,0.170639925336275,0.109200875107453,0.0614390502288219,0.0950308626271259,0.033591812398304
"53366",0.144021171481072,0.240339909440114,0.179590531950135,0.0607493774899792,0.0963187379590421,0.0355693604690628
"525695",0.114109249511106,0.190990674365939,0.14232015579294,0.0486705185729986,0.0768814248548334,0.0282109062818348
"60331",0.489065025865698,0.351324118697391,0.43465498827456,-0.0833308695771686,-0.137740907168307,-0.0544100375911382
"78201",0.234898683978561,0.223687003722603,0.23047675741555,-0.00678975369294671,-0.0112116802559576,-0.00442192656301085
"148317",0.0656153624606688,0.164226221238788,0.0997983229206136,0.0644278983181742,0.098610858778119,0.0341829604599448
"264661",0.338354325498451,0.449922365829915,0.379987307169836,0.0699350586600785,0.111568040331464,0.0416329816713859
"97958",0.108961398497147,0.175707804282854,0.133515831560273,0.0421919727225811,0.0667464057857068,0.0245544330631257
"40720",0.222537842660853,0.13404122674378,0.188349054093624,-0.0543078273498443,-0.088496615917073,-0.0341887885672287
"466235",0.178978623210221,0.213413574041626,0.192225253777123,0.0211883202645031,0.034434950831405,0.0132466305669019
"6468",0.0782090382586262,0.165852666346365,0.109427828146577,0.0564248381997884,0.087643628087739,0.0312187898879506
"113246",0.257377295224892,0.237434431806232,0.249593644791582,-0.0121592129853498,-0.0199428634186598,-0.00778365043330997
"500710",0.0422365356114018,0.16786383854626,0.0840877635629838,0.0837760749832766,0.125627302934859,0.041851227951582
"50030",0.061836072157492,0.166725732041833,0.0985564005456153,0.0681693314962179,0.104889659884341,0.0367203283881234
"173987",0.272707257351197,0.248403223543379,0.263047857696761,-0.0146446341533815,-0.0243040338078171,-0.00965939965443569
"563763",0.0647635877797431,0.123058995494369,0.0854522919022755,0.0376067035920936,0.058295407714626,0.0206887041225325
"552122",0.214361345794986,0.243984393124227,0.225737200203892,0.0182471929203352,0.029623047329241,0.0113758544089058
"516242",0.252714230583616,0.421364112580342,0.317010877453729,0.104353235126613,0.168649881996725,0.0642966468701127
"196647",0.0952026851428711,0.166685781028354,0.121402612572381,0.045283168455973,0.071483095885483,0.02619992742951
"485449",0.112266973515151,0.223963753055386,0.152419080482542,0.0715446725728442,0.111696779540235,0.0401521069673912
"536863",0.0543460198698171,0.16397054162696,0.0912948555721738,0.0726756860547862,0.109624521757143,0.0369488357023567
"231298",0.318614288346573,0.293391796764654,0.308825222006037,-0.0154334252413835,-0.0252224915819186,-0.00978906634053511
"212192",0.140171926080349,0.144134310275903,0.141742407385465,0.00239190289043739,0.00396238419555386,0.00157048130511647
"398849",0.0549405509959969,0.106517759947124,0.0732504361059128,0.0332673238412114,0.0515772089511273,0.0183098851099159
"126636",0.485811551502248,0.546990207788725,0.508730554710627,0.0382596530780972,0.0611786562864761,0.0229190032083789
"84873",0.0426999197046398,0.138636318282471,0.074631474903362,0.0640048433791094,0.0959363985778317,0.0319315551987223
"139757",0.0437043836873027,0.151667888421038,0.080373320684005,0.0712945677370325,0.107963504733735,0.0366689369967024
"280205",0.0997892290658888,0.179910286745333,0.128841720581269,0.0510685661640639,0.0801210576794441,0.0290524915153802
"529931",0.0498178776786083,0.125950297474248,0.0766112016515332,0.0493390958227148,0.0761324197956396,0.0267933239729249
"572770",0.627271679438211,0.409405627788863,0.538362901702085,-0.128957273913222,-0.217866051649347,-0.0889087777361256
"552780",0.18997023287627,0.379998671993381,0.259884499543929,0.120114172449452,0.190028439117111,0.0699142666676585
"112016",0.162086585562894,0.228777088446859,0.186989167763495,0.0417879206833646,0.0666905028839649,0.0249025822006003
"39035",0.2077005782498,0.250137528668764,0.224008835717065,0.0261286929516994,0.0424369504189638,0.0163082574672644
"551422",0.0904965139519208,0.0801239242086668,0.0864316915448925,-0.00630776733622571,-0.010372589743254,-0.00406482240702828
"350252",0.151770313590558,0.165448219993148,0.157098374099054,0.00834984589409418,0.0136779064025907,0.00532806050849655
"310323",0.0936366187306769,0.244935457260736,0.14609318347849,0.0988422737822457,0.151298838530059,0.0524565647478131
"39657",0.232161139202725,0.24417046846726,0.236890111555364,0.0072803569118956,0.0120093292645346,0.004728972352639
"266650",0.515588070335738,0.481492763697354,0.502457225711654,-0.0209644620142995,-0.0340953066383838,-0.0131308446240843
"22870",0.0659031815792375,0.155841638277772,0.0964583160148402,0.0593833222629318,0.0899384566985346,0.0305551344356028
"342510",0.306553254761198,0.368310802994221,0.330196926447754,0.0381138765464674,0.0617575482330232,0.0236436716865558
"509207",0.245189293172267,0.296376099823781,0.26476520738178,0.0316108924420007,0.0511868066515138,0.0195759142095131
"163611",0.201546783432587,0.23399606581069,0.214002839452174,0.0199932263585158,0.0324492823781029,0.012456056019587
"280203",0.0973460360393055,0.149714920273569,0.116748303329905,0.0329666169436637,0.0523688842342636,0.0194022672905999
"203215",0.158587854997141,0.353439283513764,0.228528989731591,0.124910293782174,0.194851428516623,0.0699411347344495
"372931",0.351655201591089,0.317666002111862,0.338037289422188,-0.0203712873103263,-0.0339891994792269,-0.0136179121689006
"21882",0.0854172415634211,0.150930750835874,0.109333971353336,0.0415967794825382,0.0655135092724533,0.023916729789915
"575780",0.109028600164598,0.224447568115366,0.150850964435518,0.0735966036798484,0.115418967950768,0.0418223642709196
"65995",0.0667743529328887,0.220322501039328,0.119195078820611,0.101127422218718,0.15354814810644,0.0524207258877222
"301888",0.340564662636651,0.538213880406129,0.412749302978901,0.125464577427228,0.197649217769478,0.0721846403422495
"41779",0.011174137488768,0.119465675027885,0.0438061866589603,0.075659488368925,0.108291537539117,0.0326320491701922
"150711",0.118531071686261,0.180040600098826,0.14143401176906,0.0386065883297657,0.0615095284125647,0.022902940082799
"557044",0.250454098571088,0.109536294892143,0.18857244727834,-0.0790361523861969,-0.140917803678945,-0.061881651292748
"497930",0.0803830568802237,0.218576553143569,0.12885283251606,0.0897237206275092,0.138193496263346,0.0484697756358365
"123637",0.0235918420193575,0.111412685869222,0.0521102235020137,0.0593024623672085,0.0878208438498646,0.0285183814826562
"486469",0.120047983952974,0.219148517154613,0.15631081350697,0.0628377036476432,0.0991005332016392,0.036262829553996
"187280",0.0241081076491567,0.125241437022051,0.0560286655941374,0.0692127714279136,0.101133329372894,0.0319205579449807
"86576",0.0904226980225103,0.293150033488514,0.160442564834818,0.132707468653697,0.202727335466004,0.0700198668123074
"101115",0.0575781940876497,0.123377380124937,0.0804695864012225,0.042907793723714,0.0657991860372868,0.0228913923135728
"357091",0.36067991677396,0.279577286056062,0.326862000245328,-0.0472847141892656,-0.0811026307178979,-0.0338179165286323
"490661",0.0373722525419249,0.175280183937577,0.0828873742815205,0.0923928096560563,0.137907931395652,0.0455151217395956
"432539",0.221177396072015,0.172407173479622,0.201292738613576,-0.0288855651339538,-0.0487702225923936,-0.0198846574584398
"123778",0.170749914590272,0.226622833934676,0.191977078162208,0.0346457557724682,0.0558729193444036,0.0212271635719354
"187671",0.582822940145547,0.443410732416313,0.52960422770366,-0.0861934952873467,-0.139412207729235,-0.0532187124418879
"264852",0.56885212510105,0.369625331188621,0.488828440975269,-0.119203109786649,-0.19922679391243,-0.0800236841257809
"65189",0.0840560696296599,0.0996303767580575,0.089964138717505,0.0096662380405525,0.0155743071283976,0.00590806908784515
"208961",0.0620536631415243,0.213339770294827,0.112974470506632,0.100365299788195,0.151286107153303,0.050920807365108
"124536",2.84941197133506,0.893932997633263,1.79581374087131,-0.901880743238047,-1.9554789737018,-1.05359823046375
"37",0.0409521337798109,0.220041766960301,0.101051446747897,0.118990320212404,0.17908963318049,0.0600993129680863
"251826",0.253688220201596,0.279670152098104,0.263721240485054,0.0159489116130503,0.0259819318965079,0.0100330202834576
"400338",0.322518913068782,0.530718456314058,0.397058654386479,0.133659801927579,0.208199543245276,0.074539741317697
"59594",0.173710173556341,0.26087535694758,0.206376121736944,0.0544992352106363,0.0871651833912388,0.0326659481806025
"358593",0.0326173218063595,0.1692711216711,0.0781911996990768,0.0910799219720236,0.136653799864741,0.0455738778927172
"418480",0.35827263546051,0.414740124979616,0.379617496601828,0.0351226283777878,0.0564674895191056,0.0213448611413177
"469642",0.161913927668363,0.194219520620764,0.174249033160936,0.0199704874598279,0.032305592952401,0.0123351054925731
"373148",0.0303267149846892,0.1075811892612,0.0553379254574271,0.0522432638037728,0.0772544742765106,0.0250112104727379
"156569",0.183428166242662,0.234341952267703,0.20318000878878,0.0311619434789231,0.0509137860250405,0.0197518425461174
"150235",0.251769392163512,0.315392357968183,0.275870610732399,0.0395217472357838,0.0636229658046715,0.0241012185688877
"433854",0.114005861086549,0.256333032659557,0.164487687678276,0.0918453449812804,0.142327171573008,0.0504818265917271
"153526",0.0882407236084937,0.158767758628851,0.113811112432338,0.0449566461965124,0.0705270350203571,0.0255703888238447
"321603",0.151348069814825,0.212352541051062,0.174768976846643,0.0375835642044189,0.0610044712362371,0.0234209070318182
"106829",0.0283195055299402,0.129283709973466,0.0606442527169377,0.0686394572565281,0.100964204443526,0.0323247471869974
"160265",0.115400823424088,0.142378665444244,0.12594261926398,0.0164360461802641,0.0269778420201562,0.0105417958398921
"21819",0.0684654111725581,0.105991832344843,0.0822211693774785,0.0237706629673649,0.0375264211722853,0.0137557582049204
"395255",0.215298266006215,0.229003849960826,0.220550526491857,0.00845332346896863,0.0137055839546107,0.00525226048564212
"167600",0.522412002565562,0.164650085516964,0.361838051828209,-0.197187966311245,-0.357761917048599,-0.160573950737353
"569660",0.0113192431652084,0.085733016326605,0.0324832678558106,0.0532497484707944,0.0744137731613965,0.0211640246906021
"468059",0.240371954578664,0.513612466893532,0.334150929155894,0.179461537737638,0.273240512314868,0.0937789745772301
"196605",0.214104416179219,0.245256086794462,0.226175060432301,0.0190810263621611,0.0311516706152437,0.0120706442530826
"130259",0.134706237134765,0.362704203837842,0.213110079978063,0.149594123859779,0.227997966703077,0.0784038428432976
"419861",0.222129943427647,0.414537222839838,0.290677044446729,0.123860178393109,0.192407279412191,0.0685471010190819
"568450",0.590593098135135,0.576657353752082,0.585201912290714,-0.00854455853863245,-0.0139357443830534,-0.005391185844421
"480886",0.148563686595576,0.2941143433756,0.201694217615291,0.0924201257603082,0.145550656780024,0.0531305310197155
"470167",0.101293973680439,0.194399280517607,0.134872685887067,0.0595265946305396,0.0931053068371674,0.0335787122066278
"129116",0.0821126827069557,0.137133225617503,0.102231922919715,0.0349013026977881,0.0550205429105477,0.0201192402127596
"516422",0.132148150505651,0.231040324689332,0.168661347872384,0.0623789768169473,0.0988921741836804,0.0365131973667331
"509046",0.0531171890489427,0.13967839632618,0.0827631955900651,0.0569152007361148,0.0865612072772373,0.0296460065411224
"432167",0.207921190374585,0.182822614258599,0.197999588903054,-0.0151769746444555,-0.0250985761159859,-0.0099216014715304
"475565",0.123581799431098,0.312045759475505,0.190399226356391,0.121646533119113,0.188463960044407,0.0668174269252938
"83646",0.0127145227459595,0.130402079828015,0.048265142432145,0.08213693739587,0.117687557082055,0.0355506196861855
"469833",0.356457967638712,0.424387049881794,0.382939818711329,0.0414472311704651,0.0679290822430822,0.0264818510726171
"148765",0.131999975417623,0.277778991300833,0.184479575247388,0.0932994160534449,0.14577901588321,0.0524795998297653
"10017",0.171792441108266,0.193361614172725,0.180137410608755,0.0132242035639696,0.0215691730644587,0.00834496950048913
"205027",0.0488832435712939,0.18859046662304,0.0960023996729245,0.0925880669501155,0.139707223051746,0.0471191561016306
"415809",0.232835334282627,0.178286234960345,0.210384899504158,-0.0320986645438133,-0.0545490993222824,-0.0224504347784691
"28360",0.20426218545051,0.292411775847331,0.237537365888229,0.0548744099591016,0.0881495903968204,0.0332751804377188
"277355",0.0802030819900305,0.199048572738809,0.122223887556077,0.0768246851827321,0.118845490748778,0.0420208055660463
"187206",1.37523595067813,0.672794973021091,1.05770396477274,-0.384908991751644,-0.702440977657039,-0.317531985905395
"246317",0.0765372293065257,0.12169019438842,0.0929263388707986,0.028763855517621,0.0451529650818939,0.0163891095642729
"33487",0.0489185757570523,0.0794299904040309,0.0593843386525758,0.0200456517514551,0.0305114146469786,0.0104657628955235
"525419",0.0820130366916279,0.200020922665578,0.123583530082547,0.0764373925830313,0.11800788597395,0.041570493390919
"10433",0.0447326878821624,0.139636055899519,0.0766452296170484,0.0629908262824706,0.0949033680173565,0.031912541734886
"84204",0.213746946777266,0.354181559247825,0.2667072840313,0.0874742752165254,0.140434612470559,0.0529603372540336
"23822",0.0850828057174203,0.201186997260531,0.126007613131676,0.075179384128855,0.11610419154311,0.0409248074142555
"111554",0.0397403401541752,0.168261192835213,0.0831007261471274,0.0851604666880856,0.128520852681038,0.0433603859929523
"476841",0.597173997575773,0.248979677449485,0.447280269681009,-0.198300592231523,-0.348194320126288,-0.149893727894765
"130784",0.00828802946202981,0.1362051668422,0.0465712822131759,0.089633884629024,0.12791713738017,0.0382832527511461
"498434",0.276465447331053,0.252092958518649,0.26684319726703,-0.0147502387483808,-0.0243724888124044,-0.00962225006402367
"350300",0.0804620850868322,0.231009534660261,0.132524387322178,0.0984851473380827,0.150547449573429,0.052062302235346
"178461",0.208161513277007,0.242916510792571,0.221621801687692,0.0212947091048788,0.0347549975155632,0.0134602884106844
"21746",0.200368221163508,0.261772659818516,0.223743878923578,0.0380287808949382,0.0614044386550081,0.0233756577600699
"357911",0.509555370132492,0.274246631294444,0.41244936544181,-0.138202734147366,-0.235308738838048,-0.0971060046906816
"386699",0.459407790310013,0.325334784414788,0.404738890862976,-0.0794041064481875,-0.134073005895225,-0.054668899447037
"7840",0.0637047635394772,0.18320598660459,0.10521776931785,0.0779882172867397,0.119501223065112,0.0415130057783728
"129966",0.126627905512802,0.182110578339486,0.147349212191157,0.0347613661483298,0.0554826728266842,0.0207213066783545
"38455",0.0566396109054566,0.109831822894764,0.0754853078989296,0.0343465149958346,0.0531922119893076,0.018845696993473
"395631",0.4257967133088,0.265512242614125,0.359668115526877,-0.0941558729127526,-0.160284470694675,-0.0661285977819226
"11454",0.168865267692111,0.299811499531818,0.217163651439497,0.0826478480923203,0.130946231839706,0.0482983837473859
"145220",0.0405664259053793,0.153744406570325,0.0777443388096034,0.0760000677607221,0.113177980664946,0.0371779129042241
"525954",0.0720937241899731,0.198085833448073,0.116066150930416,0.0820196825176574,0.1259921092581,0.0439724267404429
"355695",0.0791814871140413,0.215201129812801,0.126624857450679,0.0885762723621218,0.136019642698759,0.0474433703366377
"406567",0.555302551239258,0.561077468087344,0.558665206042888,0.00241226204445555,0.00577491684808551,0.00336265480362996
"277977",0.104822882740355,0.198871519903173,0.140570076796104,0.0583014431070693,0.0940486371628183,0.035747194055749
"336091",0.232413629465481,0.400969459130112,0.295226421617026,0.105743037513086,0.168555829664631,0.0628127921515444
"212485",0.408107938895983,0.281549722823096,0.355987737117211,-0.0744380142941145,-0.126558216072886,-0.052120201778772
"268888",0.355396097747927,0.333590737592698,0.346556222622778,-0.0129654850300803,-0.0218053601552296,-0.00883987512514933
"141695",0.172012041311625,0.235931578956497,0.196041487935942,0.0398900910205549,0.0639195376448722,0.0240294466243173
"170038",0.0857510086274648,0.143839647264549,0.107530042882423,0.0363096043821268,0.0580886386370845,0.0217790342549578
"469500",0.0656331697003724,0.192263423162645,0.110730713442857,0.0815327097197884,0.126630253462273,0.0450975437424842
"521068",0.159185131250025,0.250999295143672,0.193978845771497,0.0570204493721745,0.0918141638936464,0.0347937145214719
"272025",0.0401641741672674,0.153577731970497,0.0779426243733302,0.0756351075971672,0.11341355780323,0.0377784502060628
"198047",0.0820401522655134,0.166255593293941,0.112868569202037,0.0533870240919033,0.0842154410284272,0.0308284169365239
"7993",2.09422595239066,0.570469140393375,1.30855433113518,-0.738085190741803,-1.52375681199728,-0.785671621255479
"1683",0.442809157562236,0.360199528311703,0.409179606258523,-0.0489800779468194,-0.0826096292505325,-0.0336295513037131
"238839",1.12022204844654,0.148568582205659,1.12022204844654,-0.971653466240878,-0.971653466240878,0
"100129",0.154737165309782,0.351340227287974,0.223755331489696,0.127584895798278,0.196603061978192,0.069018166179914
"198517",0.0857207646989484,0.232007538115815,0.136177953747834,0.0958295843679814,0.146286773416867,0.0504571890488851
"564096",0.0342290771546638,0.163320582991326,0.0761533597607685,0.087167223230557,0.129091505836662,0.0419242826061048
"40451",0.12251740745673,0.198512479548903,0.150876853930258,0.0476356256186452,0.0759950720921733,0.0283594464735281
"486861",0.11608170853615,0.252851146539506,0.165555483768528,0.0872956627709776,0.136769438003356,0.0494737752323784
"68531",0.100425841616398,0.239541837427489,0.149590590513604,0.0899512469138841,0.13911599581109,0.049164748897206
"424910",0.0417306294800439,0.110687995874177,0.0653011513193367,0.0453868445548404,0.0689573663941332,0.0235705218392928
"242641",6.87513377572917,1.14661558876438,6.87513377572917,-5.72851818696479,-5.72851818696479,0
"493408",0.234610542904595,0.298788857831309,0.259352013030351,0.039436844800958,0.0641783149267136,0.0247414701257556
"556861",0.165983933746697,0.173338882581222,0.168876525807932,0.00446235677328954,0.0073549488345252,0.00289259206123565
"344656",0.0306615603189629,0.159692203823326,0.0719462912510553,0.0877459125722703,0.129030643504363,0.0412847309320923
"123448",0.271659905076984,0.232395842041323,0.255910440303375,-0.0235145982620519,-0.0392640630356609,-0.0157494647736091
"497168",0.0528367083355456,0.167414296678085,0.091752047824526,0.0756622488535586,0.114577588342539,0.0389153394889803
"93525",0.0274948607161223,0.125364730452022,0.0591607092502008,0.0662040212018216,0.0978698697359002,0.0316658485340786
"236400",0.0974240973882788,0.338487280189612,0.178908983719862,0.15957829646975,0.241063182801334,0.0814848863315835
"236241",0.454255296593595,0.314622234672166,0.398284215906565,-0.0836619812343982,-0.139633061921428,-0.0559710806870301
"493486",0.0784811792069497,0.165224291916394,0.109541992515406,0.055682299400988,0.0867431127094439,0.0310608133084559
"277415",3.9121639977421,1.62069218811597,2.65556183114699,-1.03486964303102,-2.29147180962613,-1.25660216659511
"62587",0.0363443913144962,0.195609890455794,0.0875949939384224,0.108014896517371,0.159265499141297,0.0512506026239262
"426630",0.0896455407576499,0.190003946224921,0.123792324766832,0.0662116214580891,0.100358405467271,0.0341467840091819
"55011",0.0393293541832602,0.157425063568725,0.078145428631394,0.0792796349373312,0.118095709385465,0.0388160744481338
"38945",1.41625294732686,0.301648458886268,0.849900158391691,-0.548251699505423,-1.11460448844059,-0.566352788935164
"319509",0.183648720867748,0.236874082964539,0.203891732613628,0.0329823503509116,0.0532253620967917,0.0202430117458801
"572426",0.134878281129075,0.232731272520655,0.170438580745984,0.0622926917746714,0.0978529913915805,0.0355602996169091
"40737",0.690660276726202,0.367649333851056,0.555026766209724,-0.187377432358668,-0.323010942875145,-0.135633510516478
"111612",0.941749532653492,0.812099163734542,0.88591866635027,-0.0738195026157281,-0.12965036891895,-0.055830866303222
"76385",0.0765655633564468,0.199143568084764,0.120051995131732,0.079091572953032,0.122578004728317,0.0434864317752849
"85983",0.048520823285353,0.120059781166009,0.0732884685156395,0.0467713126503694,0.0715389578806559,0.0247676452302865
"325349",0.121273322384931,0.240978043518923,0.164036706473141,0.0769413370457827,0.119704721133992,0.0427633840882093
"193582",0.0990877159870962,0.122038578998993,0.107883684335217,0.0141548946637755,0.0229508630118968,0.00879596834812126
"533449",0.208997332935453,0.27459938855085,0.234115900992835,0.0404834875580148,0.0656020556153973,0.0251185680573825
"502863",0.214502580976443,0.158887120342492,0.191842088418355,-0.0329549680758628,-0.0556154606339508,-0.022660492558088
"497614",0.02937243946629,0.13061105263614,0.0625091811554073,0.0681018714807329,0.10123861316985,0.0331367416891174
"533715",0.0796802880509155,0.147870753354567,0.104356813292783,0.0435139400617835,0.0681904653036514,0.0246765252418679
"7791",0.049396400652003,0.148685785022177,0.0838168611129998,0.0648689239091777,0.0992893843701745,0.0344204604609968
"450660",0.0557406553828693,0.172047471038217,0.0959985317305065,0.0760489393077108,0.116306815655348,0.0402578763476371
"89585",0.0722563585195428,0.218640616649783,0.123876358767448,0.0947642578823358,0.146384258130241,0.0516200002479047
"61929",0.139097999351254,0.26110446902822,0.183087866517019,0.0780166025112008,0.122006469676966,0.0439898671657651
"381909",0.0804971242959915,0.203105892638065,0.125110977569214,0.0779949150688519,0.122608768342074,0.044613853273222
"549055",0.176175432252889,0.296083155050862,0.220442638482569,0.075640516568293,0.119907722797973,0.0442672062296799
"416764",0.076947727857832,0.12553469395036,0.0945257056488346,0.0310089883015254,0.048586966092528,0.0175779777910027
"521653",0.172193266674983,0.243741068615773,0.199316305234773,0.0444247633810001,0.0715478019407902,0.0271230385597901
"412143",0.177431554338781,0.0750754624305347,0.132540307034765,-0.0574648446042299,-0.102356091908246,-0.0448912473040163
"82889",0.0587502417703182,0.147203855595154,0.0897250247326373,0.0574788308625167,0.0884536138248358,0.030974782962319
"204086",0.0773064789792922,0.168453941515525,0.109833384033546,0.0586205574819793,0.0911474625362327,0.0325269050542534
"90296",0.0929841245505182,0.307709936426345,0.167069073890032,0.140640862536314,0.214725811875827,0.0740849493395136
"544295",0.0759114020818019,0.291385959064232,0.148692836743789,0.142693122320443,0.215474556982431,0.0727814346619874
"79433",0.108675079343601,0.273042314790655,0.167414960409931,0.105627354380723,0.164367235447054,0.0587398810663304
"129999",0.147235776336841,0.235138635026546,0.179840245989825,0.0552983890367206,0.0879028586897045,0.0326044696529839
"386179",0.269624511604614,0.35385678526481,0.304000639493742,0.0498561457710677,0.0842322736601963,0.0343761278891285
"266818",0.116972823109635,0.347003349370413,0.19658036346113,0.150422985909284,0.230030526260778,0.0796075403514947
"261900",0.148211426478139,0.352013253340209,0.220551932810695,0.131461320529515,0.20380182686207,0.0723405063325557
"545785",0.181581998745416,0.311439754149424,0.230477441037243,0.0809623131121816,0.129857755404008,0.0488954422918267
"466766",0.346451995740083,0.194731067482799,0.282974291517632,-0.088243224034833,-0.151720928257284,-0.0634777042224514
"300279",0.0454363329487267,0.167089343099918,0.0864262072955079,0.0806631358044103,0.121653010151191,0.0409898743467812
"356612",0.125828763521687,0.238050872755816,0.166397185367184,0.0716536873886319,0.112222109234129,0.0405684218454976
"278265",0.0840093411042955,0.15187021447129,0.108870331821127,0.0429998826501632,0.0678608733669948,0.0248609907168316
"126830",0.0743056649151381,0.112265865308183,0.0876312060097309,0.0246346592984519,0.0379602003930446,0.0133255410945927
"9286",0.133160250303506,0.177518474462343,0.150032782046557,0.0274856924157863,0.0443582241588372,0.0168725317430509
"529140",0.0695706409243741,0.127905881013635,0.0906507482839689,0.0372551327296663,0.0583352400892611,0.0210801073595948
"41106",1.05487544585194,0.607847227894215,0.85176855788001,-0.243921329985795,-0.44702821795773,-0.203106887971935
"397837",0.232661254076821,0.265140048128081,0.245163948367263,0.0199760997608174,0.0324787940512598,0.0125026942904425
"425265",2.50856590084242,1.20340831804207,1.83486736526109,-0.631459047219018,-1.30515758280035,-0.67369853558133
"381435",0.0507104129378011,0.127855199113597,0.0778405996538745,0.050014599459722,0.0771447861757954,0.0271301867160734
"500107",0.0717999116413268,0.275790754713419,0.143494838861721,0.132295915851698,0.203990843072092,0.0716949272203939
"551417",2.96346435195206,0.948199401046256,1.88925657534454,-0.941057174298286,-2.0152649509058,-1.07420777660752
"89188",0.317159852047954,0.432936601063452,0.359994436686876,0.0729421643765757,0.115776749015498,0.0428345846389219
"129051",0.131583158575304,0.26770509212567,0.18074633375784,0.0869587583678293,0.136121933550365,0.0491631751825362
"283961",0.040041460194823,0.15179622135005,0.0771858324268499,0.0746103889231997,0.111754761155227,0.0371443722320269
"550000",0.0194888686814611,0.119675568089162,0.0505185791151721,0.0691569889739899,0.100186699407701,0.0310297104337111
"421956",0.0523635977896578,0.170731594246158,0.0921207883149209,0.078610805931237,0.1183679964565,0.0397571905252632
"400299",0.151720933064463,0.155677123994152,0.15520113297154,0.00047599102261206,0.0039561909296888,0.00348019990707674
"249750",0.099200032303127,0.0870736690197638,0.0944308548867952,-0.00735718586703142,-0.0121263632833632,-0.0047691774163318
"80298",0.0916989754557902,0.150063818673401,0.113422582658487,0.0366412360149145,0.0583648432176112,0.0217236072026967
"218861",0.264497768739053,0.34255210204816,0.293624836356349,0.0489272656918107,0.0780543333091069,0.0291270676172962
"178790",0.351254220707181,0.361951762495923,0.355540364367586,0.00641139812833746,0.0106975417887422,0.00428614366040475
"307867",0.17185721649343,0.265925266813688,0.206579426032067,0.0593458407816213,0.0940680503202579,0.0347222095386367
"49412",0.0743222343302718,0.119782521278294,0.0908684186459292,0.0289141026323651,0.0454602869480226,0.0165461843156574
"499998",0.113979919317709,0.196745691002974,0.144346634036666,0.0523990569663084,0.0827657716852651,0.0303667147189567
"442518",0.128897555723923,0.23175228245698,0.166890229233841,0.0648620532231392,0.102854726733058,0.0379926735099184
"91114",0.2120422115876,0.235685746890447,0.221197884373669,0.0144878625167776,0.0236435353028466,0.00915567278606905
"242989",0.0762251355030243,0.207183459291628,0.122178860308546,0.0850045989830818,0.130958323788604,0.0459537248055221
"570454",0.0776638899441548,0.234788239994312,0.131506423766066,0.103281816228246,0.157124350050157,0.0538425338219111
"196839",0.0670995971449223,0.123911269915041,0.0874416591892625,0.0364696107257786,0.0568116727701188,0.0203420620443402
"272424",0.0829914589876812,0.197731224537931,0.123535804065208,0.0741954204727229,0.11473976555025,0.0405443450775271
"159921",0.204249295187284,0.396678918819967,0.272869058034223,0.123809860785744,0.192429623632683,0.0686197628469391
"125324",1.22367763028585,0.94894851452569,1.11047018303728,-0.161521668511594,-0.274729115760164,-0.11320744724857
"148649",0.0854284398671225,0.167707188317131,0.114859712172451,0.0528474761446801,0.0822787484500086,0.0294312723053285
"454484",0.890483354712071,0.610971908130789,0.76337736662154,-0.152405458490751,-0.279511446581283,-0.127105988090531
"354118",0.0950051941404309,0.225725053562284,0.141496643305342,0.0842284102569418,0.130719859421853,0.0464914491649114
"152781",0.107245372101115,0.180402178496899,0.134195638638212,0.0462065398586877,0.0731568063957839,0.0269502665370962
"19757",0.057329492588682,0.169908771402021,0.096330258585917,0.0735785128161042,0.112579278813339,0.039000765997235
"310268",0.140027430279317,0.283050433802752,0.194693555821225,0.0883568779815268,0.143023003523435,0.054666125541908
"116406",0.0347137368355323,0.217802559956331,0.0947700356941196,0.123032524262211,0.183088823120799,0.0600562988585873
"576313",0.320187854791099,0.357564946208065,0.334477309738071,0.023087636469994,0.0373770914169668,0.0142894549469728
"286390",0.0523659572175348,0.157488307859507,0.0883870189030052,0.0691012889565014,0.105122350641972,0.0360210616854704
"449942",0.105618214135034,0.265685280322029,0.162601273128377,0.103084007193652,0.160067066186995,0.0569830589933429
"567049",0.0855175552675628,0.18124269981474,0.11984955670465,0.0613931431100898,0.0957251445471768,0.0343320014370869
"349233",0.0545668070779772,0.175239031417879,0.0957690819784755,0.0794699494394035,0.120672224339902,0.0412022749004984
"420639",0.136431573928787,0.266594654937317,0.184025149405009,0.0825695055323076,0.13016308100853,0.0475935754762227
"152270",0.184247443220349,0.258084044955073,0.212034305802819,0.0460497391522543,0.0738366017347243,0.02778686258247
"25153",2.96836538343053,0.928672345915826,1.88016393910677,-0.951491593190944,-2.0396930375147,-1.08820144432376
"529763",0.0670971044565693,0.186666681880364,0.110039920759295,0.0766267611210686,0.119569577423795,0.042942816302726
"301252",0.123686596188141,0.250200130235243,0.169563418715815,0.0806367115194286,0.126513534047102,0.0458768225276736
"276126",0.178699079599248,0.265691834045556,0.210917115534318,0.0547747185112376,0.0869927544463075,0.03221803593507
"5247",0.256820602540651,0.324197641040673,0.282145311133376,0.0420523299072969,0.067377038500022,0.0253247085927251
"38546",0.106990365788636,0.200019735884192,0.14110664993129,0.0589130859529021,0.0930293700955554,0.0341162841426533
"276266",0.0931627750557354,0.169671043446359,0.121109143600853,0.0485618998455057,0.0765082683906232,0.0279463685451175
"436460",0.0634923389654238,0.165300993944079,0.0997896117792383,0.0655113821648403,0.101808654978655,0.0362972728138144
"351158",0.0354400614049405,0.127945744270666,0.0658291839762747,0.0621165602943917,0.092505682865726,0.0303891225713342
"57254",0.0200392342148276,0.0828642371211913,0.040115647023214,0.0427485900979774,0.0628250029063638,0.0200764128083864
"436176",0.0256288073564839,0.0920675213873869,0.0468891961952886,0.0451783251920983,0.066438714030903,0.0212603888388048
"29964",0.204424332201631,0.181347107752407,0.195226628115206,-0.0138795203627987,-0.0230772244492238,-0.00919770408642515
"231384",0.0481434327915985,0.110207645271184,0.0693727564752485,0.0408348887959357,0.0620642124795856,0.02122932368365
"370950",0.218811747524159,0.207709804963444,0.214425029918487,-0.00671522495504323,-0.0111019425607148,-0.00438671760567155
"360780",0.0596495034303449,0.154169029586519,0.0923462108729445,0.0618228187135743,0.0945195261561738,0.0326967074425996
"483277",0.109846556778412,0.258113988799607,0.162460535041581,0.0956534537580261,0.148267432021195,0.052613978263169
"80365",0.0104323045494287,0.129884671865721,0.0465430870348519,0.0833415848308689,0.119452367316292,0.0361107824854232
"424550",0.183652617258112,0.288883448119851,0.222419539818198,0.0664639083016534,0.10523083086174,0.0387669225600862
"407717",0.201512464863031,0.275909927221162,0.229548144087518,0.0463617831336442,0.074397462358131,0.0280356792244868
"368168",0.0954197155715146,0.230115575588535,0.142721057017372,0.0873945185711626,0.13469586001702,0.0473013414458577
"514277",0.116007680366791,0.398835048313715,0.211282884559879,0.187552163753837,0.282827367946925,0.0952752041930881
"85016",0.65523477338673,0.291373288388395,0.50383845874531,-0.212465170356915,-0.363861484998335,-0.15139631464142
"553278",1.57387295546096,0.83951417238421,1.2121278332366,-0.372613660852392,-0.734358783076754,-0.361745122224363
"245105",0.0649410464942781,0.205496183394083,0.113067153016244,0.0924290303778386,0.140555136899805,0.0481261065219661
"160154",0.0792122869352832,0.245757526643517,0.137713920822685,0.108043605820832,0.166545239708234,0.0585016338874021
"571388",0.287328618994364,0.191095388617223,0.247947864578409,-0.0568524759611863,-0.0962332303771407,-0.0393807544159545
"50140",0.191886024792977,0.309691797426978,0.235727282622031,0.0739645148049474,0.117805772634002,0.0438412578290542
"10367",0.110461258013231,0.179252108451035,0.13582765292345,0.0434244555275855,0.0687908504378041,0.0253663949102186
"38928",1.9626875935453,0.994036223663012,1.50707642868084,-0.513040205017833,-0.968651369882289,-0.455611164864456
"46012",1.97498647286349,0.521268235371461,1.20551617955384,-0.684247944182383,-1.45371823749203,-0.769470293309643
"500532",0.599407749225962,0.382134276409188,0.512587133429008,-0.130452857019821,-0.217273472816775,-0.0868206157969537
"77478",0.254217019790711,0.484911030136464,0.336986396396303,0.147924633740161,0.230694010345753,0.0827693766055923
"359207",0.0513467804469892,0.230168385611824,0.111209661343035,0.118958724268789,0.178821605164835,0.0598628808960459
"261230",0.0361137018798779,0.17354163142902,0.0818292946482232,0.0917123367807968,0.137427929549142,0.0457155927683452
"24282",0.158507100442369,0.253686901475015,0.194364687288843,0.0593222141861715,0.0951798010326459,0.0358575868464744
"394431",0.185306456979224,0.239931841058644,0.20611962919725,0.0338122118613946,0.0546253840794204,0.0208131722180257
"25332",0.312683604618696,0.159175961175336,0.247417890928728,-0.0882419297533918,-0.153507643443359,-0.0652657136899675
"413887",0.217758996912241,0.230009926659847,0.222758262090276,0.00725166456957058,0.0122509297476054,0.00499926517803481
"125869",0.570955659506532,0.228793769132064,0.422162633500397,-0.193368864368333,-0.342161890374468,-0.148793026006134
"483513",0.118343932369908,0.231625397739633,0.158939051401853,0.0726863463377794,0.113281465369725,0.0405951190319455
"189000",0.0519598394397207,0.100970773347693,0.0691441416148138,0.0318266317328792,0.0490109339079723,0.0171843021750931
"419682",0.198935698730317,0.310806726209229,0.240721090727781,0.0700856354814484,0.111871027478913,0.0417853919974642
"8221",0.146073311407729,0.269637172062049,0.191518627130853,0.0781185449311966,0.12356386065432,0.0454453157231235
"556881",0.0601432413854795,0.10542444587701,0.0764808022187704,0.02894364365824,0.0452812044915309,0.0163375608332909
"434432",0.0501103471325021,0.145207967591518,0.0827238185275449,0.0624841490639729,0.0950976204590157,0.0326134713950428
"418214",0.0958038726013168,0.165370802572976,0.121455311226552,0.0439154913464241,0.0695669299716594,0.0256514386252353
"106295",0.24762998748339,0.332573739886547,0.27979975997736,0.0527739799091878,0.0849437524031575,0.0321697724939697
"577049",0.0372444387550162,0.180822732669442,0.0835151577421144,0.0973075749273272,0.143578293914425,0.0462707189870981
"533796",0.106506466365782,0.299676355679427,0.175292595012704,0.124383760666723,0.193169889313644,0.0687861286469217
"160325",0.35112974360298,0.38725396525132,0.36482179998888,0.0224321652624399,0.0361242216483408,0.0136920563859009
"243340",0.29299172337381,0.280417470746558,0.288067934290145,-0.00765046354358695,-0.0125742526272525,-0.00492378908366559
"544895",0.0814554471802871,0.139663794890791,0.102638003728863,0.0370257911619275,0.0582083477105035,0.021182556548576
"71664",0.370337005550607,0.0881757436660353,0.236743859660988,-0.148568115994953,-0.282161261884572,-0.133593145889619
"41074",0.0958728438387805,0.276658704256464,0.161348528913687,0.115310175342777,0.180785860417683,0.065475685074906
"284218",0.44161723085789,0.455913790575787,0.447187350455662,0.00872644012012425,0.014296559717897,0.0055701195977727
"120059",0.117112181565378,0.154615528043164,0.131320837399867,0.0232946906432968,0.037503346477786,0.0142086558344892
"32626",0.355044554599606,0.359377339998172,0.356706054880047,0.00267128511812548,0.00433278539856652,0.00166150028044104
"438108",0.217827645953248,0.354001556137058,0.267844785068418,0.0861567710686407,0.13617391018381,0.0500171391151695
"561741",0.153013577998195,0.264687232587753,0.194214222902116,0.070473009685637,0.111673654589558,0.0412006449039211
"196334",0.0647945255001728,0.265447145587973,0.13245609807941,0.132991047508563,0.2006526200878,0.0676615725792372
"538518",0.299736302168197,0.356633883520151,0.321439760162646,0.0351941233575043,0.0568975813519534,0.0217034579944491
"544365",0.0435064895728662,0.169697190521918,0.0861931184894788,0.083504072032439,0.126190700949052,0.0426866289166127
"433328",0.0526939283346923,0.203136468871148,0.103090837049063,0.100045631822085,0.150442540536456,0.0503969087143707
"339305",0.28488961188557,0.456781517603448,0.347514527367402,0.109266990236047,0.171891905717878,0.0626249154818315
"216478",0.238244226211861,0.304685122294669,0.263491782986327,0.0411933393083416,0.0664408960828074,0.0252475567744657
"131611",0.14863139256101,0.315287367434977,0.207862014999161,0.107425352435816,0.166655974873967,0.0592306224381506
"500671",0.0839088692409722,0.172634930098535,0.11627087755182,0.0563640525467151,0.088726060857563,0.0323620083108479
"24967",0.0344027210506746,0.109114615744398,0.0594586915880606,0.0496559241563375,0.0747118946937235,0.025055970537386
"164230",0.111412292274789,0.210208723640687,0.147411432459582,0.0627972911811048,0.0987964313658979,0.0359991401847931
"96633",0.413676176560023,0.590731537137554,0.480187282479472,0.110544254658082,0.177055360577531,0.066511105919449
"258774",0.134805960951918,0.178169336576391,0.151271518646783,0.0268978179296077,0.043363375624473,0.0164655576948652
"96694",0.93358222848142,0.563764650477073,0.761442144390165,-0.197677493913093,-0.369817578004347,-0.172140084091255
"256760",0.0720845454769095,0.258538411873832,0.136843173157335,0.121695238716497,0.186453866396922,0.0647586276804256
"130907",0.0373210276102802,0.127247610464539,0.0677471641892873,0.0595004462752516,0.0899265828542587,0.0304261365790071
"285821",1.30336693983707,0.515701472453048,0.937144589717786,-0.421443117264738,-0.787665467384022,-0.366222350119284
"95068",0.115210014241306,0.223384849958392,0.154780049230408,0.0686048007279841,0.108174835717086,0.0395700349891023
"80525",0.020066041328287,0.166796208213174,0.066080855238645,0.100715352974529,0.146730166884887,0.046014813910358
"393454",0.133652629856588,0.180677840930162,0.151587489508879,0.029090351421283,0.047025211073574,0.0179348596522911
"48039",0.0298256290234267,0.156544307225645,0.0708852900877465,0.0856590171378983,0.126718678202218,0.0410596610643197
"260134",0.236923818520252,0.227597968704227,0.233254834163281,-0.00565686545905433,-0.00932584981602494,-0.00366898435697061
"409979",0.228281582981398,0.329426049775793,0.266380052271957,0.0630459975038364,0.101144466794396,0.0380984692905592
"296719",0.128425074632848,0.106796767828372,0.117501373144805,-0.0107046053164334,-0.0216283068044764,-0.010923701488043
"159166",0.0901579805623497,0.244448278259475,0.1442397635562,0.100208514703275,0.154290297697125,0.05408178299385
"522218",0.0692397381632117,0.13782774662596,0.0941684569191424,0.0436592897068173,0.0685880084627481,0.0249287187559307
"88965",0.103419109399682,0.188626876028611,0.134574719875589,0.0540521561530212,0.0852077666289283,0.0311556104759071
"178856",0.128927849147068,0.259062720139554,0.176192143178171,0.0828705769613827,0.130134870992486,0.0472642940311033
"454862",0.122449112576049,0.23022658278184,0.162004308837666,0.068222273944174,0.107777470205791,0.0395551962616165
"523329",0.0706982401665108,0.134961130486971,0.0937749156559168,0.0411862148310543,0.0642628903204603,0.023076675489406
"10160",0.0972758045076552,0.119469242007034,0.105652548452954,0.0138166935540804,0.0221934374993792,0.00837674394529883
"346130",0.195738033035882,0.304824381514592,0.23577674726903,0.0690476342455618,0.10908634847871,0.0400387142331483
"116873",0.373973214682466,0.194830859512265,0.299423680944643,-0.104592821432378,-0.179142355170201,-0.0745495337378236
"338062",0.147046690314505,0.263749328820141,0.189672409392306,0.0740769194278349,0.116702638505636,0.0426257190778012
"209725",0.621965895247883,0.672406202235688,0.640736654925917,0.0316695473097713,0.0504403069878057,0.0187707596780343
"136911",0.162953586909288,0.167052026869577,0.164576828936898,0.0024751979326792,0.00409843996028927,0.00162324202761008
"405930",0.136705316003718,0.112424202035567,0.126947635195182,-0.0145234331596148,-0.0242811139681504,-0.00975768080853559
"549460",0.0612122004674522,0.178846355137483,0.102021340633135,0.0768250145043487,0.117634154670031,0.0408091401656826
"234563",0.0409894019869259,0.165250742043956,0.0825194159137159,0.0827313261302405,0.124261340057031,0.04153001392679
"441315",0.204147106811395,0.420499133873788,0.28264136894006,0.137857764933727,0.216352027062392,0.0784942621286648
"261838",0.0352168244833415,0.109163334478127,0.0597159315876672,0.0494474028904595,0.0739465099947852,0.0244991071043257
"300903",0.256208306878678,0.306945799543412,0.27574062701604,0.0312051725273723,0.0507374926647344,0.0195323201373621
"159802",0.00530479466660769,0.0840197390673036,0.0259387541198777,0.0580809849474259,0.0787149444006959,0.02063395945327
"348311",0.0730610273211633,0.142091326942571,0.0976375760625208,0.0444537508800499,0.0690302996214075,0.0245765487413576
"279375",0.0444218174892943,0.184795007564054,0.0909884927320473,0.0938065148320066,0.14037319007476,0.0465666752427529
"158939",0.415187289272931,0.688291375477874,0.513015765299405,0.175275610178468,0.273104086204942,0.0978284760264739
"39702",0.18914609462358,0.410543278735664,0.268743335200914,0.14179994353475,0.221397184112084,0.0795972405773339
"167889",0.0524616188574709,0.182876870832673,0.0959894437654567,0.0868874270672163,0.130415251975202,0.0435278249079857
"126210",0.106724425903388,0.139458724178313,0.119212870725764,0.0202458534525486,0.0327342982749248,0.0124884448223762
"389838",0.0489072270493382,0.135735060838955,0.0783571861814908,0.0573778746574641,0.0868278337896167,0.0294499591321525
"149667",1.9933763716534,0.626069174808166,1.29460961727009,-0.668540442461928,-1.36730719684524,-0.698766754383309
"56114",0.128242517565279,0.257812610923336,0.175164593835278,0.0826480170880579,0.129570093358057,0.0469220762699993
"222938",0.418123538954501,0.331581880052731,0.382792996230773,-0.0512111161780414,-0.0865416589017694,-0.035330542723728
"449023",0.084830870766901,0.235747562709658,0.136854353690503,0.0988932090191557,0.150916691942757,0.0520234829236015
"257542",0.0575449448550426,0.129119604580094,0.0826163100751552,0.0465032945049391,0.0715746597250517,0.0250713652201126
"228980",0.235738910667883,0.197382730932773,0.22044057561661,-0.0230578446838373,-0.0383561797351103,-0.015298335051273
"124524",0.207018929216982,0.235807691960923,0.21821171653225,0.0175959754286729,0.0287887627439407,0.0111927873152678
"358487",0.0876267522354743,0.250326892472229,0.143548869607382,0.106778022864847,0.162700140236755,0.0559221173719078
"50620",0.0458868697683165,0.121720049466532,0.0711011243785417,0.0506189250879898,0.0758331796982151,0.0252142546102252
"468055",0.0238639489595974,0.201876331116593,0.0800384423787156,0.121837888737877,0.178012382156995,0.0561744934191183
"19601",0.210277944675508,0.472281978139775,0.301936327550056,0.170345650589719,0.262004033464268,0.0916583828745484
"97499",0.12248733865781,0.339261347942262,0.197153796274227,0.142107551668035,0.216774009284452,0.0746664576164167
"127493",0.0720273365225561,0.262175397332064,0.13672977206879,0.125445625263273,0.190148060809508,0.0647024355462342
"126428",0.0517102462836485,0.124441008239828,0.0769547792082029,0.047486229031625,0.0727307619561794,0.0252445329245544
"403804",0.0608571128143083,0.201228736988266,0.108464193495922,0.0927645434923445,0.140371624173958,0.0476070806816134
"377880",0.0301372211632055,0.103129732720104,0.0537604064691871,0.0493693262509168,0.0729925115568985,0.0236231853059817
"367307",0.0383004245218502,0.191141599574038,0.0881951752255714,0.102946424348467,0.152841175052188,0.0498947507037212
"385733",0.0431962614679127,0.1606478203002,0.0828164707637579,0.0778313495364417,0.117451558832287,0.0396202092958451
"422783",0.627468332926526,0.549494778232568,0.597720615504598,-0.0482258372720292,-0.0779735546939575,-0.0297477174219283
"469520",0.0564926489125388,0.118422029130315,0.0792762640047451,0.0391457651255699,0.0619293802177762,0.0227836150922063
"60996",0.0965563580958676,0.16407590955259,0.121431567295869,0.0426443422567213,0.0675195514567223,0.024875209200001
"369012",0.039453970430918,0.18495621165372,0.0873337580888197,0.0976224535648999,0.145502241222802,0.0478797876579016
"159736",0.0757188845167594,0.20578570634443,0.122335527457918,0.083450178886513,0.130066821827671,0.0466166429411581
"116041",0.0881188384040991,0.206787574888285,0.130057990319201,0.0767295845690846,0.118668736484186,0.0419391519151018
"214407",0.314518219348336,0.438545785092986,0.361918411227996,0.0766273738649898,0.12402756574465,0.0474001918796599
"444849",0.051912401428313,0.143232481257279,0.0834117584398325,0.0598207228174465,0.091320079828966,0.0314993570115195
"88767",0.0608453255875153,0.13551969281391,0.0873346350912257,0.0481850577226842,0.0746743672263945,0.0264893095037103
"452435",0.351360972264179,0.511401402754522,0.411684570583864,0.0997168321706581,0.160040430490343,0.0603235983196851
"328400",0.183642535831047,0.243674010610521,0.206369344467576,0.0373046661429446,0.0600314747794742,0.0227268086365296
"467424",0.0498930414427053,0.107012768930835,0.0687487156295026,0.0382640533013319,0.0571197274881293,0.0188556741867973
"68829",0.0274652377648472,0.0969917353382486,0.0497897726646539,0.0472019626735948,0.0695264975734014,0.0223245348998067
"103361",0.0501673873117933,0.195215878419119,0.1001386579304,0.0950772204887193,0.145048491107326,0.0499712706186066
"448151",0.18411433773473,0.297869657260322,0.226047108389461,0.071822548870861,0.113755319525591,0.0419327706547305
"533706",0.0979788482701189,0.291442500098547,0.168486939746648,0.122955560351898,0.193463651828428,0.0705080914765295
"9941",0.0880588572502976,0.169442529606426,0.117751465327644,0.051691064278782,0.081383672356128,0.029692608077346
"414034",0.653447178579884,0.648804882987119,0.651786010363545,-0.00298112737642642,-0.00464229559276508,-0.00166116821633866
"108071",0.0452622138220865,0.104538076961919,0.0656316600814914,0.0389064168804275,0.0592758631398324,0.0203694462594049
"315739",0.136546481150933,0.106501816465213,0.124385552739941,-0.0178837362747281,-0.0300446646857204,-0.0121609284109923
"83160",0.126655073023758,0.200007268547759,0.154080442745329,0.04592682580243,0.0733521955240009,0.0274253697215709
"175355",0.10594499296648,0.198647740335533,0.13942804407171,0.0592196962638233,0.0927027473690532,0.0334830511052299
"76677",0.00949873141518777,0.1385646804877,0.0476735181191174,0.0908911623685824,0.129065949072512,0.0381747867039296
"318114",0.172942702294618,0.321467924305,0.227155136121897,0.0943127881831028,0.148525222010382,0.0542124338272794
"81811",0.119797882653402,0.233145832853751,0.160691802118348,0.0724540307354029,0.113347950200349,0.040893919464946
"224109",0.0518614569434532,0.148113462051857,0.0850744408392027,0.0630390212126539,0.0962520051084034,0.0332129838957496
"280361",0.109890929848035,0.228831639555346,0.151887079849878,0.0769445597054679,0.11894070970731,0.0419961500018425
"135701",0.110546755937452,0.210607246147891,0.14769436037712,0.0629128857707712,0.10006049021044,0.0371476044396685
"238390",0.0713249475357289,0.207806479161286,0.118245292962936,0.0895611861983491,0.136481531625557,0.0469203454272076
"315461",0.0557840150309415,0.183988278160142,0.0991975291390322,0.0847907490211103,0.128204263129201,0.0434135141080907
"347273",0.162914586706568,0.379222387173384,0.239973990118286,0.139248397055098,0.216307800466815,0.0770594034117173
"170971",0.156448139979216,0.369476021699125,0.234152234603033,0.135323787096092,0.213027881719909,0.0777040946238173
"25257",0.0484917113751058,0.165395756553215,0.0884127946980958,0.0769829618551187,0.116904045178109,0.03992108332299
"108397",0.0684841409546609,0.212869262943804,0.118352275730971,0.0945169872128328,0.144385121989143,0.0498681347763103
"431128",0.264714282354869,0.461046797634033,0.338416920954376,0.122629876679658,0.196332515279164,0.0737026385995063
"71979",0.248336694991158,0.338363234814899,0.282198471031111,0.0561647637837879,0.0900265398237401,0.0338617760399523
"567294",0.194327610902938,0.286938494084362,0.228772627856347,0.0581658662280151,0.0926108831814233,0.0344450169534082
"522991",0.115380386614241,0.471339624386037,0.233016140819804,0.238323483566232,0.355959237771796,0.117635754205563
"498476",0.130137665443151,0.389691116646753,0.219939072075928,0.169752044570825,0.259553451203602,0.0898014066327768
"386413",0.0301569241026954,0.174390211693822,0.0763803389060091,0.0980098727878131,0.144233287591127,0.0462234148033137
"456050",0.281067967955354,0.284554726147295,0.282459816688867,0.00209490945842872,0.00348675819194161,0.00139184873351289
"42000",0.897245467310728,0.29476351003209,0.634489367562881,-0.339725857530792,-0.602481957278638,-0.262756099747846
"206495",0.214970321685833,0.293963302320285,0.244506771175695,0.0494565311445895,0.0789929806344518,0.0295364494898622
"172080",1.56441941854398,1.12746590381018,1.36246487265289,-0.234998968842703,-0.436953514733793,-0.201954545891089
"300914",0.212676073342881,0.429815512729676,0.292116266593874,0.137699246135802,0.217139439386795,0.0794401932509925
"73338",0.0735509111624259,0.360645367804088,0.168514471927658,0.19213089587643,0.287094456641662,0.0949635607652321
"348367",0.0673591306578927,0.202889572550294,0.113948353443308,0.0889412191069856,0.135530441892401,0.0465892227854154
"222774",0.0282883930907088,0.180026257276297,0.078053599111415,0.101972658164882,0.151737864185589,0.0497652060207062
"57145",0.086851864377375,0.221078809814445,0.13455720167634,0.0865216081381051,0.13422694543707,0.0477053372989645
"303878",0.0995437347210929,0.169359170325001,0.125346655709021,0.0440125146159794,0.0698154356039076,0.0258029209879282
"211141",0.0676506544638895,0.280607139720546,0.142045715353506,0.138561424367041,0.212956485256657,0.0743950608896161
"300566",0.0283769273522002,0.191845617722768,0.0811262165477713,0.110719401174997,0.163468690370568,0.0527492891955711
"60394",0.192029889011957,0.251007358253737,0.214816095615226,0.0361912626385111,0.0589774692417794,0.0227862066032684
"94833",0.0786346083241531,0.162901877957601,0.109079408651312,0.0538224693062891,0.0842672696334477,0.0304448003271586
"567017",0.0279279055869682,0.127780160750223,0.0597010492769783,0.068079111473245,0.099852255163255,0.03177314369001
"50975",0.0586024976263149,0.160232689481642,0.093835829094334,0.0663968603873076,0.101630191855327,0.0352333314680191
"482871",0.0555337110636174,0.158121371019025,0.0910881824914767,0.067033188527548,0.102587659955407,0.0355544714278593
"484447",0.22364963763865,0.295134556294678,0.250731405190565,0.0444031511041137,0.0714849186560287,0.027081767551915
"520900",0.547997585479251,0.32893385224149,0.454582476535825,-0.125648624294335,-0.219063733237762,-0.0934151089434265
"121782",0.0502927697723255,0.300721199624213,0.132959089182053,0.167762110442159,0.250428429851887,0.0826663194097279
"292975",0.219807876325421,0.203017268228167,0.212908830959481,-0.00989156273131386,-0.0167906080972537,-0.00689904536593983
"333885",0.316652957829289,0.249469656498766,0.289490983438949,-0.0400213269401825,-0.0671833013305222,-0.0271619743903398
"220209",0.472522143939231,0.460707487460108,0.467979097784616,-0.00727161032450774,-0.0118146564791229,-0.00454304615461515
"234258",0.0521356039146525,0.115827157389623,0.0745063692976185,0.0413207880920045,0.0636915534749705,0.022370765382966
"141393",0.0721729076388042,0.179349617135007,0.109216519638494,0.0701330974965125,0.107176709496202,0.0370436119996899
"196393",0.108157541034253,0.174862552305768,0.132711843908089,0.0421507083976788,0.066705011271515,0.0245543028738361
"122129",0.228587514443765,0.293338205280963,0.254494227664259,0.0388439776167044,0.0647506908371981,0.0259067132204937
"566876",0.125890711731025,0.151013797766966,0.135554645622841,0.0154591521441252,0.0251230860359407,0.00966393389181555
"97055",0.0692054298026115,0.149292050555347,0.0976270735134953,0.0516649770418522,0.080086620752736,0.0284216437108838
"160660",0.158870221785587,0.324579630865694,0.219566125598569,0.105013505267125,0.165709409080107,0.060695903812982
"511447",0.261295645033294,0.267689583573313,0.263821454495283,0.00386812907803008,0.00639393854001924,0.00252580946198916
"77535",0.132250544200584,0.262337518735109,0.178756264608811,0.0835812541262972,0.130086974534525,0.0465057204082279
"138051",0.176049018662205,0.45848568957158,0.274582067040855,0.183903622530725,0.282436670909375,0.09853304837865
"410350",0.424955019336446,0.623085468737194,0.495733958200465,0.127351510536729,0.198130449400748,0.0707789388640191
"89995",0.122851443048672,0.253719604595008,0.170161992714976,0.0835576118800324,0.130868161546336,0.0473105496663033
"356503",0.201979507682712,0.299604878550335,0.238924096925495,0.0606807816248399,0.0976253708676238,0.0369445892427839
"267312",0.234443178859438,0.236633702384557,0.238096583573247,-0.00146288118869001,0.00219052352511911,0.00365340471380912
"81520",0.178285621425105,0.217218784899772,0.193113903707771,0.0241048811920007,0.0389331634746667,0.0148282822826659
"42635",0.249501834230062,0.265826969616828,0.25593268363137,0.00989428598545805,0.0163251353867661,0.00643084940130803
"310050",0.0733787316384248,0.171191299617219,0.107855618204912,0.0633356814123068,0.0978125679787938,0.034476886566487
"223009",0.18183518772075,0.328017014686187,0.236854616083052,0.0911623986031349,0.146181826965437,0.0550194283623018
"558508",0.0983288746548845,0.181429594549629,0.128896173745024,0.0525334208046043,0.0831007198947441,0.0305672990901398
"470644",0.121051387311918,0.209011140312897,0.154577163402967,0.0544339769099301,0.0879597530009785,0.0335257760910483
"247767",0.203383269603718,0.282730052367925,0.233428146354428,0.0493019060134966,0.0793467827642061,0.0300448767507095
"298873",0.1166219025833,0.259890168496364,0.167801303161499,0.0920888653348652,0.143268265913064,0.0511794005781988
"481991",3.0419863916309,1.03538252661703,1.99448120330847,-0.959098676691443,-2.00660386501387,-1.04750518832243
"371191",0.402078379927846,0.457957326292902,0.423204447685864,0.0347528786070381,0.0558789463650567,0.0211260677580186
"486669",0.145754362549846,0.180523200738634,0.159073606046211,0.0214495946924237,0.0347688381887889,0.0133192434963652
"497399",0.0423543688349234,0.115507054413602,0.067208719153295,0.0482983352603065,0.0731526855786782,0.0248543503183717
"376878",0.203166237972631,0.282018397603255,0.23254237277468,0.0494760248285744,0.0788521596306242,0.0293761348020498
"333600",1.16270154147792,0.777808381055138,0.995700451768524,-0.217892070713386,-0.384893160422786,-0.1670010897094
"419318",0.0972035230782372,0.264047738953841,0.156521789928352,0.107525949025489,0.166844215875604,0.059318266850115
"302069",0.303458017778873,0.309644472153048,0.305927105625383,0.00371736652766452,0.0061864543741752,0.00246908784651068
"171344",0.180958574215974,0.366505381010425,0.248170904913888,0.118334476096537,0.18554680679445,0.0672123306979137
"309246",0.0155970103492978,0.0890500756440386,0.0382473531325278,0.0508027225115108,0.0734530652947408,0.02265034278323
"449033",0.190823324268289,0.351412884303764,0.248958243765133,0.102454640538631,0.160589560035475,0.0581349194968436
"518345",0.0704011578411149,0.268317006220391,0.137469111346823,0.130847894873568,0.197915848379276,0.0670679535057084
"367764",0.0732754848714877,0.224946773308767,0.125803229091652,0.099143544217115,0.151671288437279,0.0525277442201644
"360783",0.29952888454781,0.267519471154231,0.287086003536871,-0.0195665323826401,-0.0320094133935782,-0.0124428810109382
"433633",0.0419104649955555,0.181413480873521,0.0882062235590593,0.0932072573144616,0.139503015877965,0.0462957585635037
"338217",0.367526922403222,0.383091752063137,0.373523759029673,0.00956799303346406,0.0155648296599143,0.00599683662645029
"121824",0.170999790587203,0.196495823915369,0.181155892461146,0.015339931454223,0.0254960333281662,0.0101561018739432
"90929",0.147888947494402,0.468266090611678,0.25726614358232,0.210999947029358,0.320377143117276,0.109377196087918
"25163",0.0861215738379346,0.0908314945544369,0.0907362856733916,9.52088810452639e-05,0.00470992071650227,0.004614711835457
"504995",0.456539353687304,0.492039001376556,0.4697862228324,0.0222527785441556,0.0354996476892516,0.013246869145096
"33583",0.510904788170903,0.417039856071282,0.471483219166107,-0.0544433630948246,-0.0938649320996207,-0.0394215690047961
"82270",0.105020523499131,0.243309414875399,0.153827023226493,0.0894823916489056,0.138288891376268,0.0488064997273622
"462521",0.0354061755272446,0.11383912949291,0.0612290028391385,0.0526101266537716,0.0784329539656655,0.0258228273118939
"123982",0.270709166882327,0.306640108997707,0.284529014255866,0.0221110947418408,0.0359309421153798,0.013819847373539
"269405",0.00911503636052717,0.166610557136292,0.0555347153303578,0.111075841805935,0.157495520775765,0.0464196789698307
"543368",0.092454312054915,0.162112016939167,0.117722462125498,0.0443895548136691,0.0696577048842518,0.0252681500705828
"402095",0.0477686324415571,0.187124624522238,0.0941975786325814,0.0929270458896562,0.139355992080681,0.0464289461910244
"139704",0.0333453607476875,0.139597658077333,0.0690621098194962,0.0705355482578368,0.106252297329645,0.0357167490718087
"441850",0.188208646214641,0.255778533039846,0.213978854812799,0.0417996782270471,0.0675698868252054,0.0257702085981583
"486278",0.022000164060811,0.140169787491662,0.0601868334495263,0.0799829540421359,0.118169623430851,0.0381866693887153
"426998",0.126458057663556,0.156360971007952,0.137926289733436,0.0184346812745161,0.0299029133443968,0.0114682320698807
"107948",0.0944300849636997,0.283780804031069,0.160740159643909,0.12304064438716,0.189350719067369,0.0663100746802092
"216213",0.534334494128791,0.291012891327225,0.434229266141604,-0.143216374814379,-0.243321602801566,-0.100105227987186
"108125",0.271344224687527,0.285547809923312,0.276883611882035,0.00866419804127705,0.0142035852357857,0.00553938719450869
"454869",0.184837409502295,0.478482313321664,0.29029519692036,0.188187116401303,0.293644903819369,0.105457787418066
"53729",0.225844648090256,0.287564975872335,0.249249797155318,0.0383151787170171,0.0617203277820786,0.0234051490650615
"38221",1.77983517366663,0.804708321354686,1.36469027651215,-0.559981955157464,-0.975126852311949,-0.415144897154484
"391878",0.0356360003771892,0.157425053166118,0.0749898899714249,0.0824351631946931,0.121789052788929,0.0393538895942357
"208457",6.24545881551652,1.82435493389314,3.55500321971129,-1.73064828581815,-4.42110388162338,-2.69045559580523
"532874",0.0574117089046174,0.222317278050563,0.112794061301762,0.109523216748801,0.164905569145945,0.0553823523971443
"403309",0.271415619733012,0.304173401145259,0.284010076744443,0.0201633244008153,0.0327577814122468,0.0125944570114316
"515342",1.5004789410886,0.203849683423603,1.5004789410886,-1.296629257665,-1.296629257665,0
"352828",0.0320100259497598,0.106174885137968,0.0563739626794003,0.0498009224585672,0.0741648591882077,0.0243639367296405
"495783",0.994130745705261,0.155132968487267,0.994130745705261,-0.838997777217994,-0.838997777217994,0
"6510",0.22453971521024,0.236110428185811,0.229055281748169,0.00705514643764138,0.0115707129755706,0.00451556653792926
"163607",0.100514473332125,0.231840557277525,0.147711245408569,0.0841293118689556,0.131326083945399,0.0471967720764437
"220852",1.83147051198076,0.753600836995287,1.2974738373932,-0.543873000397911,-1.07786967498547,-0.533996674587557
"252052",0.128043209155845,0.278466541353483,0.181292138111821,0.0971744032416619,0.150423332197638,0.0532489289559763
"420076",0.394665910036261,0.5897358026204,0.465876603122515,0.123859199497885,0.195069892584139,0.0712106930862547
"140737",0.239877659577174,0.299897677240979,0.262507670454289,0.0373900067866901,0.0600200176638046,0.0226300108771145
"98080",0.163176577652819,0.240356675130215,0.192379130044279,0.0479775450859363,0.0771800974773964,0.0292025523914601
"331270",0.176978558121902,0.300121716423381,0.221821835260843,0.0782998811625387,0.123143158301479,0.0448432771389405
"518220",0.0980121583189094,0.163954911210217,0.122516662506937,0.0414382487032804,0.0659427528913079,0.0245045041880275
"484302",0.0978787465704706,0.269048066149419,0.15768814372743,0.111359922421989,0.171169319578949,0.0598093971569598
"556449",0.274244037310923,0.309770585037636,0.287993106148101,0.0217774788895352,0.0355265477267134,0.0137490688371781
"564023",0.1707613477996,0.473065311465223,0.274973631398834,0.198091680066389,0.302303963665623,0.104212283599234
"57789",1.21637157742309,0.799838485618681,1.03659044891477,-0.236751963296093,-0.416533091804408,-0.179781128508315
"405965",0.0428589761913864,0.108572828709079,0.0654164922086724,0.0431563365004069,0.0657138525176929,0.022557516017286
"232325",0.113158204786954,0.258803211747562,0.165162661114801,0.0936405506327608,0.145645006960608,0.0520044563278472
"11006",0.301830613288253,0.426793721055594,0.351541554534585,0.0752521665210095,0.124963107767342,0.0497109412463321
"435991",0.0542997894580072,0.143649755624341,0.0851606531983337,0.0584891024260073,0.0893499661663337,0.0308608637403264
"139221",0.251526920106463,0.246307878468029,0.249429920744313,-0.00312204227628365,-0.00521904163843351,-0.00209699936214985
"347350",0.0711498467402145,0.176091517146548,0.107990372382775,0.0681011447637733,0.104941670406334,0.0368405256425607
"520688",0.206767278814354,0.154872343331422,0.185652816298177,-0.0307804729667553,-0.0518949354829321,-0.0211144625161769
"139308",0.127987768136452,0.250953894239038,0.17208293113209,0.078870963106948,0.122966126102587,0.0440951629956385
"516585",0.0646922927665757,0.159453573591084,0.0978688044409252,0.061584769150159,0.0947612808245085,0.0331765116743495
"346481",0.166429722744409,0.186080215242198,0.173129308866697,0.0129509063755004,0.0196504924977883,0.00669958612228794
"19460",0.0734384031817457,0.138240604640813,0.0969593045152188,0.041281300125594,0.0648022014590671,0.023520901333473
"482064",0.0366584738462612,0.135675165283448,0.0698953338212125,0.065779831462235,0.0990166914371863,0.0332368599749513
"556757",1.40387379732989,1.25968915395693,1.34797031833446,-0.0882811643775301,-0.144184643372961,-0.0559034789954311
"417973",0.588843165863928,0.289766767686409,0.460469309511284,-0.170702541824874,-0.299076398177519,-0.128373856352644
"535807",6.60228632883842,1.56964572263879,3.48473662790761,-1.91509090526882,-5.03264060619963,-3.11754970093081
"89252",0.171905865455494,0.219077703527394,0.190023534510864,0.0290541690165304,0.0471718380719001,0.0181176690553697
"260209",0.200976954923401,0.314553070910137,0.243503946765779,0.0710491241443575,0.113576115986736,0.0425269918423785
"277837",0.197321980383239,0.325919376073234,0.245064309896228,0.0808550661770057,0.128597395689995,0.0477423295129891
"315057",0.0599084830801889,0.149132590219518,0.0908519438356701,0.0582806463838475,0.0892241071393288,0.0309434607554812
"306459",0.109560022886607,0.232560879222368,0.15450893531356,0.0780519439088086,0.123000856335761,0.0449489124269528
"416516",0.0692995691080982,0.126222561263642,0.0898613560006557,0.0363612052629867,0.0569229921555442,0.0205617868925575
"415287",0.12035846687771,0.250480714105128,0.167205018989939,0.0832756951151891,0.130122247227418,0.0468465521122288
"444886",0.096411479522012,0.195296838003031,0.131940214608504,0.0633566233945264,0.0988853584810186,0.0355287350864922
"394222",0.5671931943229,0.719922544017226,0.622027635518952,0.0978949084982741,0.152729349694326,0.0548344411960517
"260045",0.160243119567171,0.129636240340211,0.147876640418696,-0.0182404000784856,-0.0306068792269601,-0.0123664791484746
"34594",0.117463753110938,0.241637522001386,0.162187426643666,0.0794500953577207,0.124173768890448,0.0447236735327277
"63412",0.253032174026917,0.216059663481082,0.238331484438063,-0.0222718209569807,-0.0369725105458355,-0.0147006895888548
"386636",0.217620527813432,0.331051642246442,0.261026465605532,0.0700251766409104,0.11343111443301,0.0434059377920995
"292808",0.128021959082079,0.275876851963187,0.181183121603836,0.0946937303593513,0.147854892881109,0.0531611625217575
"519734",0.196247405934434,0.13638621746211,0.171708575726398,-0.0353223582642877,-0.0598611884723233,-0.0245388302080356
"63031",0.15817959601714,0.209838286900342,0.179046630284415,0.0307916566159269,0.051658690883202,0.0208670342672751
"428467",0.0890982820931316,0.316329146330038,0.165666323283436,0.150662823046602,0.227230864236906,0.0765680411903042
"144594",0.123325517883505,0.235175773739267,0.163495611884651,0.0716801618546158,0.111850255855761,0.0401700940011456
"481021",0.0593446222684184,0.269896372965759,0.130317541680659,0.139578831285101,0.210551750697341,0.0709729194122402
"544729",0.104286164697202,0.223195076671626,0.147820466931534,0.0753746097400913,0.118908911974424,0.0435343022343328
"237274",0.293802875596837,0.370425688763119,0.322534142092911,0.0478915466702085,0.0766228131662819,0.0287312664960734
"517026",0.0767941947233148,0.259810145439588,0.141955122584611,0.117855022854977,0.183015950716273,0.065160927861296
"492117",0.216107808479433,0.299730835696745,0.248354103698252,0.051376731998493,0.0836230272173122,0.0322462952188192
"359136",0.207022117670631,0.292214100442996,0.23932590836674,0.0528881920762562,0.0851919827723655,0.0323037906961093
"49339",0.124828426798922,0.235217855494676,0.164768699715243,0.0704491557794327,0.110389428695754,0.039940272916321
"371033",0.164954675505998,0.306978607979119,0.217020952166116,0.0899576558130022,0.142023932473121,0.0520662766601183
"322012",0.115902374802903,0.359258374473777,0.199713252754916,0.159545121718861,0.243355999670875,0.0838108779520136
"389597",0.400480780751799,0.546208597522553,0.454900359250406,0.091308238272147,0.145727816770753,0.0544195784986065
"104043",0.106371059633916,0.23062780525877,0.151484342028174,0.0791434632305957,0.124256745624854,0.0451132823942582
"259953",0.0704171280302101,0.150210396387577,0.0992099841136485,0.0510004122739287,0.079793268357367,0.0287928560834384
"518246",0.151051358547403,0.223099190559371,0.177975953061334,0.0451232374980366,0.072047832011968,0.0269245945139314
"341875",0.0282998440184221,0.105456638827716,0.0532807550595023,0.0521758837682141,0.0771567948092943,0.0249809110410802
"125488",1.88371151192486,0.827933259068013,1.37062107997232,-0.542687820904304,-1.05577825285684,-0.513090431952538
"81109",0.214881219073185,0.337845583115459,0.261165218874064,0.0766803642413949,0.122964364042274,0.0462839998008788
"116356",0.125504867524061,0.331967876788261,0.198837229254491,0.13313064753377,0.2064630092642,0.07333236173043
"228802",0.0492799802201811,0.110401595837477,0.0700859148039308,0.040315681033546,0.0611216156172957,0.0208059345837497
"79500",0.500835467383588,0.423442029008223,0.468940659251186,-0.0454986302429627,-0.0773934383753647,-0.0318948081324019
"254930",0.0503811717687162,0.279080173562721,0.125585640151494,0.153494533411227,0.228699001794005,0.0752044683827778
"435143",0.177939651177045,0.510774428093693,0.290773853399101,0.220000574694591,0.332834776916648,0.112834202222056
"362191",0.366110983593008,0.472504307128956,0.405203641270353,0.0673006658586031,0.106393323535948,0.0390926576773453
"360624",0.00332175146185289,0.102702115768109,0.0313726809781101,0.0713294347899987,0.0993803643062559,0.0280509295162572
"369041",0.0754110250079107,0.216026527967665,0.124867471638145,0.0911590563295205,0.140615502959755,0.0494564466302342
"563598",0.141092896200614,0.346551194669356,0.21489986116518,0.131651333504177,0.205458298468743,0.073806964964566
"57397",0.115134384060839,0.315915083897938,0.18702900883555,0.128886075062389,0.200780699837099,0.0718946247747107
"18717",0.233045928789305,0.411593383307299,0.297331169165699,0.114262214141601,0.178547454517994,0.0642852403763932
"82925",0.0865444277452582,0.238099319639,0.139195194710588,0.0989041249284112,0.151554891893742,0.0526507669653303
"159299",0.233526242396292,0.363585282865185,0.282823772502446,0.0807615103627393,0.130059040468893,0.0492975301061533
"90347",1.35156491132818,0.197895380672632,1.35156491132818,-1.15366953065555,-1.15366953065555,0
"223523",0.098592956446648,0.302636198788772,0.169323503283991,0.13331269550478,0.204043242342124,0.0707305468373435
"438093",0.057104410142804,0.200522462206398,0.105260765272212,0.0952616969341855,0.143418052063594,0.0481563551294084
"469651",0.166842439632085,0.28059768480273,0.20856441586484,0.0720332689378895,0.113755245170645,0.0417219762327551
"323044",0.155059993825899,0.302485196141658,0.208444231586596,0.0940409645550615,0.147425202315759,0.0533842377606976
"567919",0.0944711556702439,0.232687498190056,0.144019159130071,0.0886683390599852,0.138216342519813,0.0495480034598274
"492825",0.10922543706479,0.207558110607666,0.145342215971039,0.0622158946366272,0.0983326735428758,0.0361167789062485
"122100",0.146298366745722,0.421635540304704,0.240839154470765,0.180796385833938,0.275337173558982,0.0945407877250434
"41197",0.0492539651999072,0.287298702295147,0.125781408005582,0.161517294289564,0.238044737095239,0.0765274428056751
"88403",1.11836315879311,0.87754561054005,1.01766659107388,-0.140120980533826,-0.240817548253061,-0.100696567719235
"511719",0.124477049288231,0.250588425777512,0.169303413610256,0.0812850121672561,0.126111376489281,0.0448263643220244
"101856",0.0494285238197389,0.188981379718971,0.0960375564002482,0.0929438233187228,0.139552855899232,0.0466090325805094
"461906",0.119683653282454,0.258870702568304,0.171140432811973,0.0877302697563307,0.13918704928585,0.0514567795295189
"261698",0.259736752449927,0.195406568933477,0.233486443583472,-0.0380798746499948,-0.0643301835164496,-0.0262503088664549
"126893",0.0550917114763455,0.21048505285467,0.107176402587896,0.103308650266774,0.155393341378324,0.05208469111155
"425213",0.238520078698489,0.38914322861384,0.294626557258391,0.0945166713554481,0.150623149915351,0.0561064785599026
"182912",0.0668858400606294,0.181188029325016,0.107156023718464,0.0740320056065519,0.114302189264387,0.040270183657835
"409991",1.39045481382896,0.174096190641169,1.39045481382896,-1.21635862318779,-1.21635862318779,0
"244541",0.0676032337356695,0.223630308647072,0.120719735367191,0.102910573279881,0.156027074911402,0.0531165016315216
"541696",1.45402034217977,0.442299312402244,0.968548868177998,-0.526249555775753,-1.01172102977753,-0.485471474001777
"468953",0.131352174451331,0.245560693402821,0.173133763200281,0.0724269302025406,0.114208518951491,0.0417815887489501
"500996",0.160008387892235,0.152500335818115,0.157045484669724,-0.00454514885160887,-0.00750805207412047,-0.00296290322251161
"312719",0.14596650330805,0.279566680607533,0.194561301028302,0.0850053795792308,0.133600177299482,0.0485947977202516
"71746",0.305240193656295,0.58153846556358,0.405249894336079,0.176288571227501,0.276298271907285,0.100009700679784
"152260",0.310913605996895,0.42640767117715,0.354339569921849,0.0720681012553008,0.115494065180254,0.0434259639249536
"544161",0.0595709827080227,0.0960807945217007,0.0726742688090123,0.0234065257126883,0.0365098118136779,0.0131032861009896
"537213",0.517474598558003,0.433673352982739,0.484845943706268,-0.0511725907235289,-0.0838012455752637,-0.0326286548517348
"118702",1.74377987793649,0.638753839603643,1.17392968677808,-0.535175847174436,-1.10502603833285,-0.569850191158415
"366287",0.0491398171108578,0.198096457043848,0.099820630423604,0.0982758266202435,0.14895663993299,0.0506808133127463
"244083",0.119813645073996,0.185072670906065,0.144331366042323,0.040741304863742,0.0652590258320681,0.0245177209683261
"136156",0.0346104603649987,0.157933124875881,0.0754412195822937,0.082491905293587,0.123322664510882,0.0408307592172951
"160445",0.155616024432544,0.261386196164199,0.194457259673475,0.0669289364907246,0.105770171731656,0.0388412352409312
"337892",0.0435283721539311,0.19973366974806,0.0945465488201563,0.105187120927904,0.156205297594129,0.0510181766662252
"512707",0.0259235467050318,0.20811615277921,0.0840318938891274,0.124084258890083,0.182192606074178,0.0581083471840956
"76648",0.0323328853691406,0.201253763498049,0.0877911692110351,0.113462594287014,0.168920878128908,0.0554582838418944
"277015",0.104709720037692,0.215854819018598,0.144221344031477,0.0716334749871204,0.111145098980905,0.0395116239937848
"197105",0.434376808634524,0.578293445455904,0.488079559737595,0.0902138857183095,0.143916636821381,0.0537027511030712
"193950",0.754312442945327,0.668605573635209,0.715322103689401,-0.0467165300541921,-0.0857068693101173,-0.0389903392559252
"142934",4.6797162837505,0.910220722829601,2.43739732211668,-1.52717659928708,-3.7694955609209,-2.24231896163383
"162520",0.302439023309956,0.224297600546094,0.270602048987585,-0.0463044484414915,-0.0781414227638625,-0.0318369743223711
"448355",0.512023822635478,0.218307379931551,0.386234735104828,-0.167927355173277,-0.293716442703927,-0.12578908753065
"565459",1.52413645266757,0.836083313363475,1.18294922548878,-0.346865912125304,-0.688053139304094,-0.34118722717879
"80926",0.399944515037458,0.23778320516041,0.331173622473133,-0.0933904173127233,-0.162161309877048,-0.0687708925643246
"95866",0.0885276698399539,0.189297815043635,0.124606563062673,0.0646912519809628,0.100770145203681,0.0360788932227186
"136629",0.175087666832379,0.252559989124867,0.204171397766653,0.048388591358214,0.0774723222924878,0.0290837309342738
"278017",1.64725708616549,1.07932861392159,1.38224779077122,-0.302919176849635,-0.5679284722439,-0.265009295394265
"466842",0.486213184027369,0.126063339926237,0.319874659099048,-0.193811319172811,-0.360149844101131,-0.166338524928321
"512512",0.0763113449824776,0.252372099764956,0.137235965280582,0.115136134484374,0.176060754782479,0.0609246202981047
"529393",0.121026263099104,0.205639260550858,0.152691727529389,0.052947533021469,0.0846129974517539,0.0316654644302848
"80645",0.165493392875919,0.309565214315319,0.218057757495907,0.0915074568194121,0.1440718214394,0.0525643646199879
"307934",0.376745582872843,0.436659129671469,0.39977027141426,0.0368888582572087,0.0599135467986256,0.0230246885414169
"56281",0.120634990844345,0.259116872638853,0.17029351125041,0.0888233613884432,0.138481881794507,0.0496585204060641
"149776",1.60777890752413,0.338241173536706,0.972699868436197,-0.634458694899492,-1.26953773398742,-0.635079039087931
"240522",0.120201365294331,0.216385211017167,0.155149286531944,0.0612359244852234,0.0961838457228364,0.034947921237613
"246241",0.215466973186874,0.174350922214539,0.198809152412183,-0.0244582301976448,-0.0411160509723356,-0.0166578207746908
"36508",0.0381627894920224,0.219124477290721,0.0977595330411721,0.121364944249548,0.180961687798698,0.0595967435491497
"75794",4.09507837157755,1.86502216342053,2.90552963987366,-1.04050747645313,-2.23005620815702,-1.1895487317039
"309137",0.210193694966596,0.343306115543042,0.260122874727437,0.0831832408156045,0.133112420576446,0.0499291797608414
"355372",0.245283605979704,0.2649925214727,0.25288883316126,0.0121036883114392,0.0197089154929952,0.00760522718155598
"442005",0.0458093437677101,0.142890423613298,0.0783406608437995,0.0645497627694981,0.0970810798455874,0.0325313170760893
"65235",0.1073435308143,0.287030639857536,0.169858336091602,0.117172303765933,0.179687109043236,0.0625148052773025
"344795",0.117556245131876,0.246690515489427,0.163580376750598,0.0831101387388287,0.12913427035755,0.0460241316187216
"441143",0.285508159119597,0.487467716234659,0.359601878857897,0.127865837376763,0.201959557115062,0.0740937197382994
"60915",0.58736943857905,0.319714945684043,0.478429257042289,-0.158714311358246,-0.267654492895007,-0.108940181536761
"480951",0.909630125718549,0.490453956851263,0.710343869031521,-0.219889912180258,-0.419176168867286,-0.199286256687028
"287179",0.0630974592212342,0.174716763367128,0.101655272524058,0.0730614908430701,0.111619304145893,0.0385578133028234
"95204",0.149211226396696,0.284925791875678,0.199231514586258,0.0856942772894204,0.135714565478983,0.0500202881895622
"96838",1.56810040672197,1.00502978781961,1.29802407001354,-0.292994282193933,-0.563070618902368,-0.270076336708435
"155571",0.268900561954254,0.309932489269583,0.284645279232992,0.0252872100365916,0.0410319273153296,0.0157447172787381
"184526",0.0357937745669101,0.111214750732933,0.0623636645548696,0.0488510861780636,0.0754209761660231,0.0265698899879595
"344217",0.0291412414886368,0.221489427460084,0.0927062964832077,0.128783130976876,0.192348185971447,0.063565054994571
"205038",0.306877054079758,0.517894500060773,0.384645700433955,0.133248799626818,0.211017445981015,0.0777686463541978
"450471",0.203305909645178,0.381857222900868,0.268189837514019,0.113667385386849,0.17855131325569,0.0648839278688408
"318712",0.130300089917017,0.362991111025557,0.212541280600499,0.150449830425058,0.23269102110854,0.0822411906834815
"556272",0.0290692925624231,0.133961957272908,0.0625654762035038,0.0713964810694038,0.104892664710484,0.0334961836410807
"362341",0.263746084819361,0.46157326223776,0.336474372864857,0.125098889372904,0.1978271774184,0.072728288045496
"24658",0.18421661097084,0.228224839654773,0.201511308313458,0.0267135313413148,0.0440082286839337,0.0172946973426189
"83576",0.215491074472901,0.313499288050523,0.253587960773283,0.0599113272772407,0.0980082135776227,0.0380968863003819
"346516",0.160474047113698,0.261368543510357,0.197673800747697,0.06369474276266,0.100894496396659,0.0371997536339987
"128848",3.46407789568402,0.587182739751098,3.46407789568402,-2.87689515593293,-2.87689515593293,0
"437339",0.075211850065393,0.118623309454939,0.0893774190101404,0.0292458904447987,0.043411459389546,0.0141655689447474
"149597",0.227830721180389,0.484891943505467,0.318269882707463,0.166622060798004,0.257061222325078,0.0904391615270737
"268475",1.95983466566954,0.849345799610247,1.42161703041066,-0.572271230800412,-1.11048886605929,-0.538217635258876
"180380",0.0486143968235905,0.168929382173703,0.0889622463465366,0.0799671358271661,0.120314985350112,0.0403478495229461
"87262",0.0634842802548826,0.168720612907605,0.100351312158817,0.0683693007487871,0.105236332652722,0.0368670319039349
"278080",0.271412430983913,0.358436117800523,0.30443220479751,0.054003913003013,0.0870236868166101,0.0330197738135971
"575451",0.131143756139419,0.303331899597813,0.192226237875947,0.111105661721865,0.172188143458394,0.0610824817365286
"287674",0.31044358971718,0.388864235316359,0.339915301487423,0.0489489338289358,0.0784206455991788,0.029471711770243
"51292",0.232585397401556,0.383877312081201,0.287319695460812,0.0965576166203886,0.151291914679645,0.0547342980592566
"497956",0.252276312068888,0.450760503166532,0.324449576410887,0.126310926755644,0.198484191097643,0.0721732643419992
"65431",0.942775795752104,1.05171967077031,0.987255201660846,0.0644644691094649,0.108943875018207,0.0444794059087419
"558269",0.275956791281097,0.483814579186306,0.351869576884573,0.131945002301734,0.20785778790521,0.0759127856034762
"377649",0.142899145608964,0.0906914411889475,0.121301893794585,-0.0306104526056374,-0.0522077044200167,-0.0215972518143793
"366280",0.366989171734164,0.112287519533797,0.25471862283282,-0.142431103299023,-0.254701652200367,-0.112270548901344
"20999",0.0727360262594748,0.190415455873602,0.114925805537558,0.0754896503360446,0.117679429614127,0.0421897792780828
"574119",0.0606284916500969,0.18687571560836,0.103609333611846,0.0832663819965142,0.126247223958263,0.0429808419617486
"44314",2.00864989680642,0.452590774235182,1.27507878869581,-0.822488014460626,-1.55605912257124,-0.73357110811061
"59115",0.340564093700588,0.293000482033072,0.321936966031647,-0.0289364839985751,-0.0475636116675154,-0.0186271276689403
"563587",0.221008940268207,0.236744445155208,0.227143072437067,0.00960137271814157,0.0157355048870011,0.0061341321688595
"563582",0.0770917400802417,0.249210540974898,0.136336826477485,0.112873714497413,0.172118800894656,0.0592450863972432
"340643",0.0784905843589296,0.196449286159866,0.119142576012155,0.0773067101477108,0.117958701800936,0.0406519916532253
"120426",0.11278826562174,0.181732719155329,0.138844917782196,0.0428878013731334,0.0689444535335885,0.0260566521604552
"131535",0.19691487755328,0.196393368248568,0.195619629387252,0.000773738861315737,-0.000521509304711759,-0.0012952481660275
"124711",8.93727084486422,1.69743883732621,8.93727084486422,-7.23983200753801,-7.23983200753801,0
"322071",0.151393818204907,0.347067060674603,0.220381553353413,0.12668550732119,0.195673242469696,0.0689877351485059
"503229",0.631146720476785,1.01829671900036,0.762323194420471,0.255973524579888,0.387149998523574,0.131176473943686
"76383",0.0956729257221306,0.145381167789912,0.115285307567326,0.0300958602225861,0.0497082420677812,0.0196123818451951
"96468",0.111382766955376,0.195490290717532,0.142645934291608,0.0528443564259245,0.0841075237621564,0.0312631673362319
"533805",0.131839342912826,0.32012239326723,0.19842600541617,0.12169638785106,0.188283050354404,0.0665866625033438
"475074",0.423460538385496,0.452006087745044,0.434337397124127,0.0176686906209174,0.0285455493595483,0.0108768587386309
"340606",1.07672460113402,0.411790635643476,0.803918322824669,-0.392127687181193,-0.664933965490541,-0.272806278309348
"116869",0.221711599217087,0.403934943991805,0.288487988387203,0.115446955604602,0.182223344774718,0.0667763891701162
"433962",0.138995276380251,0.47923789639428,0.252496261374758,0.226741635019522,0.340242620014028,0.113500984994506
"249965",0.083483375405981,0.131031574564069,0.101420842833273,0.0296107317307957,0.0475481991580877,0.017937467427292
"246594",0.0807266920341947,0.14524995882959,0.104393691031461,0.0408562677981295,0.0645232667953954,0.0236669989972659
"400259",0.0617703818648332,0.187712236724029,0.104553451233164,0.0831587854908653,0.125941854859196,0.0427830693683308
"276596",0.123568458808853,0.135540858766319,0.125727003866021,0.00981385490029835,0.0119723999574666,0.00215854505716825
"200679",0.135939446168421,0.288549450762738,0.191003103005694,0.0975463477570437,0.152610004594317,0.0550636568372733
"51748",0.175761544467193,0.327131217468079,0.230958037026282,0.0961731804417966,0.151369673000886,0.0551964925590893
"517518",0.263935284276534,0.244582534725278,0.256317540328901,-0.0117350056036225,-0.0193527495512555,-0.00761774394763298
"514170",2.49039043644678,1.19898631535964,1.82143834084453,-0.622452025484889,-1.29140412108714,-0.668952095602247
"354352",0.11173975130672,0.227578710954475,0.153686037933246,0.0738926730212291,0.115838959647755,0.0419462866265262
"223662",0.129582543715552,0.279686858821917,0.182893612061023,0.0967932467608945,0.150104315106365,0.0533110683454708
"278042",0.0254129150172844,0.214834011913098,0.0882633897294081,0.12657062218369,0.189421096895814,0.0628504747121237
"424631",0.0329785127816795,0.143431136431287,0.0690002079245789,0.0744309285067083,0.110452623649608,0.0360216951428994
"453365",0.184338629045455,0.343539266384468,0.242040246127451,0.101499020257017,0.159200637339012,0.0577016170819955
"390151",0.195449031248519,0.200203967746306,0.197323973113281,0.00287999463302505,0.00475493649778666,0.00187494186476161
"83623",0.0994171210053031,0.165234513003712,0.12415417159613,0.0410803414075827,0.0658173919984092,0.0247370505908265
"269567",0.229171297295413,0.451916498534439,0.310411536324016,0.141504962210423,0.222745201239027,0.0812402390286036
"423000",0.26215525009841,0.291296342827526,0.273433867294421,0.0178624755331049,0.0291410927291161,0.0112786171960113
"558719",0.0252900565281239,0.165413552274042,0.0701704277998448,0.0952431244741972,0.140123495745918,0.0448803712717209
"292671",0.612725711324043,0.60421508660182,0.609053179871414,-0.00483809326959483,-0.00851062472222341,-0.00367253145262858
"369739",0.0493083189645267,0.163035239132787,0.0875427176981152,0.0754925214346719,0.11372692016826,0.0382343987335885
"249928",0.157153654832773,0.257792457286123,0.195226032081217,0.0625664252049061,0.100638802453351,0.0380723772484445
"500364",0.254518693078031,0.319784805713706,0.279241764065198,0.0405430416485075,0.0652661126356747,0.0247230709871673
"496530",0.318127646871191,0.592557205028023,0.415105414797608,0.177451790230415,0.274429558156832,0.096977767926417
"264324",0.0659601173497102,0.213732428095029,0.116128350685523,0.0976040774095052,0.147772310745318,0.0501682333358131
"277062",0.0463082186722897,0.192937816407198,0.0961105496296231,0.0968272667775754,0.146629597734909,0.0498023309573334
"514673",0.108417048336705,0.111774664005958,0.109732929556046,0.00204173444991167,0.00335761566925301,0.00131588121934134
"460402",0.083986496300195,0.2497289995041,0.141222395811305,0.108506603692795,0.165742503203905,0.0572358995111098
"307935",10,2.74754805447378,7.23276991922712,-4.48522186475334,-7.25245194552622,-2.76723008077288
"309984",0.156423464689495,0.191144729277375,0.169848806310417,0.0212959229669581,0.0347212645878806,0.0134253416209225
"444583",0.0379047367015602,0.169624091819927,0.0812785918200168,0.0883454999999106,0.131719355118367,0.0433738551184566
"25307",3.30586568986769,1.00012246410885,2.10301501016792,-1.10289254605907,-2.30574322575884,-1.20285067969977
"233214",0.133904667346001,0.114885883486411,0.1262164849005,-0.011330601414089,-0.0190187838595902,-0.00768818244550121
"375544",0.108578433490468,0.221492135289167,0.148944421594584,0.0725477136945832,0.112913701798699,0.0403659881041159
"94913",0.128322885295722,0.167337298614048,0.143080338095256,0.0242569605187913,0.0390144133183261,0.0147574527995348
"405000",2.60881595920498,1.24839403034676,1.91343926052402,-0.665045230177264,-1.36042192885822,-0.695376698680952
"53896",0.757879735725759,0.442950938457976,0.602460827169724,-0.159509888711748,-0.314928797267783,-0.155418908556035
"435667",0.0415915123594319,0.178119051785885,0.0871315412418969,0.0909875105439883,0.136527539426453,0.0455400288824649
"175553",0.00697259308457017,0.0996973862847386,0.0334266888939226,0.066270697390816,0.0927247932001684,0.0264540958093524
"280312",0.164006394496689,0.425598848169879,0.254991067603551,0.170607780566328,0.261592453673189,0.0909846731068612
"480966",0.0693833229961201,0.200716894383675,0.114825687414996,0.0858912069686787,0.131333571387555,0.0454423644188758
"302116",0.269048071007977,0.779028103691799,0.437524268070955,0.341503835620844,0.509980032683822,0.168476197062978
"205547",0.289892911196077,0.491086838396036,0.363461096824495,0.127625741571541,0.201193927199959,0.0735681856284188
"384150",0.0561246292947779,0.250919625816527,0.120499292839347,0.13042033297718,0.194794996521749,0.0643746635445686
"50309",0.0739810106730265,0.296845071126463,0.149231368505398,0.147613702621065,0.222864060453437,0.0752503578323717
"56288",0.114345500718141,0.329929355474101,0.190757142956258,0.139172212517844,0.215583854755961,0.0764116422381169
"119988",0.304739117375169,0.466398654396002,0.36497973987979,0.101418914516212,0.161659537020833,0.0602406225046213
"139822",0.207198502712163,0.22227460215211,0.213236126103517,0.00903847604859298,0.0150760994399468,0.00603762339135377
"276910",0.187607181541703,0.113483986174938,0.155377021615963,-0.0418930354410254,-0.0741231953667652,-0.0322301599257399
"529032",0.0645014969735454,0.195693408391646,0.109705401095863,0.0859880072957833,0.131191911418101,0.0452039041223175
"524559",0.270644908132241,0.36780358131378,0.306666032444317,0.0611375488694637,0.0971586731815392,0.0360211243120755
"69397",0.265385044207984,0.271557622474749,0.267798270362574,0.00375935211217437,0.00617257826676493,0.00241322615459055
"224302",0.0719530191130165,0.320435609844788,0.15398340901369,0.166452200831098,0.248482590731772,0.0820303899006734
"21619",0.382483478309162,0.497770534690353,0.425288820929075,0.0724817137612773,0.115287056381191,0.0428053426199136
"62125",0.290904323035782,0.410137552689192,0.335298283892669,0.0748392687965237,0.11923322965341,0.0443939608568863
"454243",0.197342999275179,0.459425457838059,0.290953046097027,0.168472411741032,0.26208245856288,0.0936100468218482
"433126",0.167430367984931,0.302369995031313,0.21765764245722,0.0847123525740932,0.134939627046382,0.0502272744722889
"108147",0.0744125104254878,0.382938736461884,0.175266394364716,0.207672342097168,0.308526226036396,0.100853883939228
"88668",0.184160416169803,0.170312592774365,0.178622396896883,-0.00830980412251758,-0.0138478233954375,-0.00553801927291994
"506167",0.157478389500829,0.242044401690499,0.189908247699943,0.0521361539905561,0.0845660121896706,0.0324298581991145
"306175",0.440826211145363,0.136907674616833,0.302738331213309,-0.165830656596476,-0.30391853652853,-0.138087879932055
"1741",0.0736889067578851,0.231920315642913,0.128694824580351,0.103225491062562,0.158231408885028,0.0550059178224657
"510202",0.0882340013725877,0.232258646524898,0.139016452004851,0.0932421945200467,0.14402464515231,0.0507824506322633
"506950",0.0237538607587582,0.182163588776421,0.0746066658818082,0.107556922894613,0.158409728017663,0.05085280512305
"372765",0.251844714678781,0.286519219978968,0.265098304464475,0.0214209155144933,0.0346745053001871,0.0132535897856939
"87951",0.0674118769878429,0.165180473906127,0.101379209366464,0.0638012645396624,0.097768596918284,0.0339673323786216
"503230",0.271376906501064,0.397075020937799,0.31784517460465,0.0792298463331487,0.125698114436734,0.0464682681035857
"416775",0.0458761394571178,0.169572217514462,0.0869957955079293,0.0825764220065325,0.123696078057344,0.0411196560508115
"43567",0.252829148339298,0.278844880741671,0.262916664671744,0.0159282160699274,0.026015732402373,0.0100875163324456
"231664",0.219304607808133,0.358429229763161,0.270270707228448,0.0881585225347132,0.139124621955029,0.0509660994203154
"232493",0.219369143786454,0.334299595711998,0.263196385151361,0.071103210560637,0.114930451925544,0.0438272413649066
"492850",0.248757080315779,0.438410134387122,0.319627716202822,0.1187824181843,0.189653054071343,0.0708706358870428
"301613",0.100857046047198,0.297394561633252,0.171065596984835,0.126328964648417,0.196537515586054,0.0702085509376363
"449870",0.400054806870861,0.56291527193515,0.459189611598961,0.103725660336189,0.162860465064289,0.0591348047280996
"87231",0.112331859089998,0.270526502212405,0.169566263448086,0.100960238764319,0.158194643122407,0.0572344043580878
"22349",0.00535371022872875,0.116396794380995,0.0376987766831859,0.078698017697809,0.111043084152266,0.0323450664544571
"266905",0.24367972164444,0.680456573563543,0.391602329095503,0.28885424446804,0.436776851919103,0.147922607451063
"163094",10,2.51464145123733,5.59650329933894,-3.08186184810162,-7.48535854876267,-4.40349670066106
"410853",1.96607975495617,0.580165020952045,1.24799986679429,-0.667834845842247,-1.38591473400413,-0.718079888161883
"163847",0.0175465133881579,0.164630786993921,0.0635038599613134,0.101126927032607,0.147084273605763,0.0459573465731555
"203566",0.45942097515744,0.771833419063935,0.571159613537236,0.200673805526698,0.312412443906495,0.111738638379797
"11453",0.0401898343480528,0.259753416446677,0.113118876555164,0.146634539891513,0.219563582098624,0.0729290422071112
"378065",0.0744498008064286,0.207202771613544,0.120585584502404,0.0866171871111407,0.132752970807116,0.0461357836959751
"393577",0.260616125529154,0.137779205791575,0.208441289353139,-0.0706620835615643,-0.122836919737579,-0.0521748361760151
"561227",0.676186102662362,0.230407810336611,0.475201814129646,-0.244794003793035,-0.445778292325751,-0.200984288532716
"301861",5.66762701270453,2.22891040745793,3.62456938004611,-1.39565897258818,-3.4387166052466,-2.04305763265842
"369545",0.200490138792587,0.286968231168663,0.233092650234681,0.0538755809339823,0.0864780923760756,0.0326025114420933
"435512",0.0442276097329907,0.189179852697844,0.093046124344359,0.0961337283534846,0.144952242964853,0.0488185146113682
"544730",0.436768743895375,0.666330860055194,0.518794748901794,0.1475361111534,0.229562116159819,0.0820260050064192
"111716",0.0489184460167325,0.193222218165328,0.0970619376125032,0.0961602805528252,0.144303772148596,0.0481434915957708
"154544",0.478849968101824,0.348418469411211,0.426370931478486,-0.0779524620672752,-0.130431498690613,-0.0524790366233379
"262128",0.101087761824283,0.296974590569102,0.16952516347368,0.127449427095421,0.195886828744818,0.0684374016493969
"434626",0.164834622940502,0.275342845971956,0.20559823047305,0.0697446154989065,0.110508223031455,0.0407636075325482
"89161",0.436129547618023,0.425901753505642,0.432253750210069,-0.00635199670442682,-0.0102277941123814,-0.00387579740795463
"388274",0.122799367894422,0.184861351024714,0.146094095313658,0.0387672557110564,0.0620619831302923,0.0232947274192359
"23422",0.219182509353428,0.367548366597817,0.274799267512756,0.0927490990850613,0.148365857244389,0.0556167581593274
"319482",0.0959033646538655,0.223638808059458,0.139559449075333,0.0840793589841253,0.127735443405592,0.0436560844214671
"383529",0.131124448792088,0.323657909333464,0.199672004391247,0.123985904942216,0.192533460541376,0.0685475555991593
"407671",0.350691606600377,0.292308641886255,0.327362063176816,-0.035053421290561,-0.0583829647141223,-0.0233295434235612
"337048",0.827488217096059,0.386922587654585,0.641408605378751,-0.254486017724166,-0.440565629441474,-0.186079611717308
"265022",0.210266214244785,0.197084761908102,0.205032265455457,-0.0079475035473551,-0.0131814523366832,-0.00523394878932809
"532422",0.270963104365465,0.412568168530148,0.323496822837888,0.0890713456922605,0.141605064164683,0.0525337184724229
"516288",0.384912589737158,0.39463947592498,0.388799326690026,0.0058401492349538,0.00972688618782191,0.00388673695286812
"561809",0.0319495990854625,0.155439090876497,0.072604972884457,0.0828341179920398,0.123489491791034,0.0406553737989945
"183218",0.302216668907557,0.40556552199356,0.342823685193773,0.0627418367997865,0.103348853086002,0.0406070162862158
"298215",0.0553209350136457,0.229410966407582,0.113915619400896,0.115495347006685,0.174090031393936,0.0585946843872506
"188114",0.205712425178465,0.387451220854315,0.271566822361732,0.115884398492583,0.18173879567585,0.0658543971832665
"296954",0.198460790005178,0.273706747189778,0.226886126323072,0.0468206208667054,0.0752459571846001,0.0284253363178946
"541273",0.0515978258341941,0.293013444647654,0.133936175676808,0.159077268970846,0.24141561881346,0.0823383498426135
"297226",0.0653123978367576,0.246100112046706,0.126013784720763,0.120086327325943,0.180787714209949,0.0607013868840055
"568857",0.160847102137665,0.12814200008906,0.146935263781116,-0.0187932636920559,-0.0327051020486045,-0.0139118383565486
"39033",0.306508920978445,0.277548056030413,0.294888883477442,-0.017340827447029,-0.0289608649480325,-0.0116200375010035
"503006",0.105602688519214,0.198939072413627,0.139601247562253,0.0593378248513741,0.0933363838944136,0.0339985590430395
"485060",0.120417981790749,0.225247556742808,0.158738047174401,0.0665095095684071,0.104829574952059,0.038320065383652
"145718",0.101899311805399,0.363327508246302,0.190293554630234,0.173033953616069,0.261428196440903,0.0883942428248348
"259229",0.622370946987582,0.847531570292846,0.70146790048333,0.146063669809516,0.225160623305263,0.0790969534957474
"487988",0.0838712020953158,0.188426176509485,0.120747032644186,0.0676791438652986,0.104554974414169,0.0368758305488705
"279565",0.0381024890258646,0.20908809363059,0.0951023697393014,0.113985723891289,0.170985604604726,0.0569998807134369
"341607",0.923485252452068,0.803487346488119,0.871661717407653,-0.0681743709195333,-0.119997905963948,-0.0518235350444152
"553802",0.0821648374940709,0.252694990665972,0.140863395121032,0.11183159554494,0.170530153171901,0.0586985576269613
"133986",0.035248363584922,0.160224151263296,0.0763396533926535,0.0838844978706424,0.124975787678374,0.0410912898077315
"446325",0.320497388359665,0.115426204281351,0.228872962656913,-0.113446758375562,-0.205071184078314,-0.091624425702752
"265408",0.222145318629135,0.363277235249242,0.273340668591621,0.0899365666576215,0.141131916620107,0.0511953499624859
"561974",0.321672460020585,0.36446552009256,0.338038547475709,0.0264269726168508,0.0427930600719744,0.0163660874551236
"157473",0.0339084175732498,0.181884976710286,0.0821471955882485,0.0997377811220374,0.147976559137036,0.0482387780149986
"241366",0.302915214719512,0.39134669286197,0.336456565924002,0.0548901269379678,0.0884314781424586,0.0335413512044908
"545952",0.320444106144174,0.551955849172989,0.40337862996446,0.148577219208529,0.231511743028815,0.0829345238202857
"30418",0.147126148787906,0.437573740802826,0.247730355431172,0.189843385371655,0.29044759201492,0.100604206643265
"500021",0.33484251420559,0.235650312384195,0.29481729688944,-0.0591669845052447,-0.0991922018213944,-0.0400252173161497
"94518",0.22233773964888,0.258160694450659,0.236049655913182,0.0221110385374772,0.0358229548017797,0.0137119162643025
"216786",0.167082435567975,0.297081208451373,0.214640350277551,0.0824408581738218,0.129998772883398,0.0475579147095759
"317440",0.0682642537015108,0.238314094825165,0.126474722874332,0.111839371950833,0.170049841123655,0.0582104691728215
"257893",10,1.52802730472434,10,-8.47197269527566,-8.47197269527566,0
"251505",0.440141092094253,0.391762981784661,0.420902291488775,-0.0291393097041137,-0.0483781103095913,-0.0192388006054776
"111315",0.0558780344590884,0.191108483022328,0.102135229290721,0.0889732537316062,0.135230448563239,0.046257194831633
"170349",0.15991344572824,0.526894444612471,0.285053032535338,0.241841412077133,0.366980998884231,0.125139586807098
"279726",0.0291719836173942,0.198035223979391,0.0839708578529564,0.114064366126435,0.168863240361997,0.0547988742355623
"509315",0.0383675168556431,0.12552065256239,0.0671712065662549,0.0583494459961346,0.0871531357067464,0.0288036897106119
"9811",0.0869353160978332,0.147237470646395,0.109266597961768,0.037970872684627,0.0603021545485617,0.0223312818639347
"433450",0.148278811293701,0.3094932715247,0.205655960892774,0.103837310631926,0.161214460230999,0.0573771495990727
"18388",0.0726983003745425,0.234066322667512,0.129844640872867,0.104221681794645,0.16136802229297,0.0571463404983249
"38979",0.0767046833589892,0.164817763510814,0.108545829421248,0.0562719340895658,0.088113080151825,0.0318411460622592
"483385",0.254055605842429,0.388557605876313,0.304688025351965,0.0838695805243485,0.134502000033884,0.0506324195095356
"242800",0.0288228176989591,0.142076840391661,0.065429418678691,0.0766474217129698,0.113254022692702,0.0366066009797319
"152954",0.0713940081281036,0.251984618163979,0.132145196052694,0.119839422111285,0.180590610035875,0.0607511879245902
"485316",0.0233139183802256,0.174985670702647,0.0717340019403885,0.103251668762258,0.151671752322421,0.0484200835601629
"76935",0.1025168933271,0.378397304797846,0.196807310815143,0.181589993982702,0.275880411470745,0.0942904174880432
"554525",0.0589133428649179,0.308863152673756,0.142756573220088,0.166106579453669,0.249949809808839,0.08384323035517
"521278",0.144483933908989,0.279409581512723,0.194500188164423,0.0849093933483,0.134925647603734,0.0500162542554342
"421140",0.195856732039606,0.334320842238318,0.246990507121832,0.0873303351164858,0.138464110198712,0.0511337750822264
"440954",0.00720975179872889,0.155825534373442,0.0513270637882219,0.10449847058522,0.148615782574713,0.044117311989493
"540855",0.142438091925318,0.357989209712399,0.217894487379099,0.1400947223333,0.215551117787081,0.0754563954537809
"340411",0.391951714450379,0.758614410925706,0.519955599797137,0.23865881112857,0.366662696475327,0.128003885346757
"179731",0.0744930523917066,0.288311576566124,0.147988378806339,0.140323197759785,0.213818524174417,0.0734953264146322
"486616",0.0963701478231882,0.12037958603947,0.105547282644999,0.0148323033944714,0.0240094382162822,0.00917713482181078
"4563",0.21234441605981,0.569646694563536,0.334077148347724,0.235569546215813,0.357302278503726,0.121732732287914
"475793",0.0849323362009984,0.405479998439459,0.191220992612145,0.214259005827315,0.320547662238461,0.106288656411146
"341362",0.139032745089921,0.278035111771405,0.18963729698878,0.0883978147826253,0.139002366681484,0.050604551898859
"566560",0.563640416142194,0.291140061163402,0.451017940622356,-0.159877879458954,-0.272500354978792,-0.112622475519838
"243041",0.151860776676201,0.295249102213081,0.204210690111973,0.0910384121011082,0.143388325536881,0.0523499134357726
"301792",0.0852503256228766,0.250356757872654,0.142512518394797,0.107844239477857,0.165106432249777,0.0572621927719206
"428913",0.806525440995869,0.360884876516646,0.62205655652956,-0.261171680012914,-0.445640564479223,-0.184468884466309
"556910",0.0186836117144985,0.229556279483777,0.0831172891960926,0.146438990287684,0.210872667769278,0.0644336774815941
"470663",0.074136987635544,0.173118016324306,0.109452189174233,0.0636658271500727,0.098981028688762,0.0353152015386893
"129985",0.225523965595496,0.166109357242382,0.200080185497589,-0.0339708282552072,-0.0594146083531144,-0.0254437800979073
"69332",0.135142501976114,0.439963169642923,0.238130683503088,0.201832486139835,0.30482066766681,0.102988181526975
"271992",0.0608074709802866,0.168315477799925,0.0979252045650753,0.0703902732348493,0.107508006819638,0.0371177335847887
"226186",0.251173958317903,0.330901323100569,0.281362999809863,0.0495383232907058,0.0797273647826657,0.0301890414919599
"261517",0.106208863649366,0.220638015646928,0.147825602136621,0.0728124135103068,0.114429151997562,0.0416167384872552
"381674",2.53155904408881,1.84509447532463,2.20679350708384,-0.361699031759217,-0.686464568764184,-0.324765537004967
"551558",0.439935843212865,0.482350652395788,0.456403533133971,0.0259471192618167,0.042414809182923,0.0164676899211063
"90259",0.0433862327066797,0.0961711836761656,0.0615732444381979,0.0345979392379677,0.0527849509694859,0.0181870117315182
"125388",0.485046389337733,0.50849419791628,0.494002997700386,0.0144912002158945,0.0234478085785471,0.00895660836265261
"228917",0.0997479155067058,0.311935312813788,0.172817739310476,0.139117573503312,0.212187397307083,0.0730698238037705
"363957",0.463148893624473,0.334693821358981,0.411204207457565,-0.0765103860985834,-0.128455072265491,-0.0519446861669078
"554257",0.109594040607227,0.204292628369186,0.144265981722059,0.0600266466471267,0.0946985877619589,0.0346719411148322
"125247",0.160888176891721,0.385032299505825,0.242948374072997,0.142083925432828,0.224144122614104,0.0820601971812761
"200188",0.231242008038279,0.389977494105303,0.289404825281923,0.10057266882338,0.158735486067024,0.0581628172436441
"84055",0.129705451068969,0.25613489040975,0.175096332162423,0.0810385582473277,0.126429439340782,0.0453908810934541
"266931",0.0655782726594135,0.342592243175487,0.15823145791741,0.184360785258077,0.277013970516073,0.0926531852579963
"485809",0.0905766818285153,0.215202043614674,0.134558829254249,0.0806432143604245,0.124625361786158,0.0439821474257339
"120686",0.417712690437826,0.749354270761624,0.53749936245194,0.211854908309684,0.331641580323798,0.119786672014114
"113604",0.161731950401704,0.304626801279275,0.213517489926529,0.0911093113527459,0.142894850877571,0.0517855395248253
"25748",0.0755282615892016,0.0908945574682955,0.0812915186971453,0.00960303877115022,0.0153662958790939,0.00576325710794369
"139456",0.551114172147131,0.806533690301061,0.644281566766322,0.162252123534738,0.25541951815393,0.0931673946191915
"511770",0.0314948730614842,0.109466324232527,0.0569236186504514,0.0525427055820757,0.0779714511710428,0.0254287455889671
"426607",0.0395879519603372,0.133580169948082,0.0714505746663298,0.0621295952817523,0.0939922179877449,0.0318626227059926
"462621",0.385441606239449,0.295165766521594,0.349148864447283,-0.0539830979256892,-0.0902758397178555,-0.0362927417921663
"76947",0.0740392014369057,0.195011180004934,0.116551340662397,0.0784598393425374,0.120971978568028,0.0425121392254908
"532416",0.141790976545362,0.258884755267329,0.185667643974472,0.0732171112928566,0.117093778721967,0.0438766674291103
"178574",0.138233424223377,0.247706006042755,0.178835543399259,0.0688704626434962,0.109472581819378,0.0406021191758816
"229721",0.0459108312345611,0.202260820229613,0.0982311041485365,0.104029716081076,0.156349988995052,0.0523202729139754
"275234",0.153353238929142,0.311597151452372,0.20958925273404,0.102007898718332,0.15824391252323,0.0562360138048978
"301049",0.029698810233655,0.241039381373063,0.0989758429976267,0.142063538375437,0.211340571139408,0.0692770327639717
"319274",0.135625550519584,0.350009669694229,0.211627217351912,0.138382452342317,0.214384119174644,0.0760016668323276
"23942",0.170199328524612,0.126597676250549,0.152424202820314,-0.0258265265697646,-0.0436016522740627,-0.0177751257042981
"468865",0.104331577322,0.292845690247851,0.170705481227485,0.122140209020366,0.188514112925851,0.0663739039054853
"21849",0.172356482653834,0.277715642809992,0.21119320867772,0.0665224341322717,0.105359160156158,0.0388367260238861
"372919",0.399057223952063,0.456032052725288,0.420114400672913,0.0359176520523757,0.0569748287732255,0.0210571767208498
"422907",10,1.5875161406897,10,-8.4124838593103,-8.4124838593103,0
"554435",0.0394902392081557,0.267939247274315,0.113669653812995,0.154269593461319,0.228449008066159,0.0741794146048398
"17419",0.165526034446176,0.222337278240609,0.187075682370572,0.0352615958700374,0.0568112437944331,0.0215496479243957
"322027",0.0648246311261417,0.185264068802364,0.106808861864571,0.0784552069377933,0.120439437676223,0.0419842307384294
"113994",0.0546344583508243,0.108626976332612,0.0733507745436344,0.035276201788978,0.0539925179817881,0.0187163161928101
"484517",0.123995300620879,0.256668440302687,0.171510673753079,0.085157766549608,0.132673139681809,0.0475153731322006
"276179",0.641620361964572,0.329544627308918,0.509799996476371,-0.180255369167452,-0.312075734655653,-0.131820365488201
"127413",0.081826049354298,0.17307460210257,0.114540892516104,0.0585337095864661,0.091248552748272,0.032714843161806
"574502",0.24402048348078,0.572072697629029,0.35838386113009,0.213688836498939,0.32805221414825,0.11436337764931
"157980",5.16186232738761,0.836171801868756,5.16186232738761,-4.32569052551885,-4.32569052551885,0
"511134",0.0224759004351109,0.136429305400169,0.0583562371947023,0.0780730682054665,0.113953404965058,0.0358803367595913
"158394",0.110134833774804,0.224675849257976,0.150986614726256,0.0736892345317206,0.114541015483173,0.0408517809514519
"336702",0.0701285319223593,0.190775120613846,0.111830885006129,0.0789442356077174,0.120646588691487,0.0417023530837697
"55236",0.160658947064851,0.31502152280516,0.218752171835263,0.0962693509698964,0.154362575740309,0.0580932247704124
"346861",0.0890592223044557,0.249533588077909,0.144841432807573,0.104692155270336,0.160474365773453,0.0557822105031174
"299933",0.108735478350097,0.198268665190199,0.14138416760014,0.0568844975900581,0.089533186840102,0.0326486892500439
"123483",0.292129005602126,0.317381839768622,0.301799889441238,0.0155819503273845,0.0252528341664962,0.00967088383911169
"510753",0.021070391419402,0.11900259454897,0.0516740967615657,0.0673284977874047,0.0979322031295684,0.0306037053421637
"492738",0.114693587967293,0.226283865416003,0.155401730958559,0.0708821344574436,0.11159027744871,0.0407081429912664
"426110",0.0545561567881154,0.14620706768727,0.0858496246417683,0.0603574430455019,0.0916509108991549,0.031293467853653
"316120",0.103152283424501,0.336605185296336,0.184139216586342,0.152465968709994,0.233452901871835,0.0809869331618408
"106884",0.177582600688237,0.312873262408709,0.227527935089107,0.0853453273196022,0.135290661720472,0.0499453344008697
"533731",0.0964220729658673,0.256347492194618,0.152045603150281,0.104301889044337,0.159925419228751,0.0556235301844133
"475758",0.953746684330965,1.29396689068186,1.08631213162773,0.207654759054126,0.340220206350891,0.132565447296765
"22901",0.0933899547846415,0.240348992253629,0.145337293352379,0.0950116989012498,0.146959037468988,0.051947338567738
"403159",0.132243053099064,0.304824188334955,0.19416922231745,0.110654966017504,0.17258113523589,0.0619261692183861
"296655",0.164202081498865,0.376705754166048,0.241965958312972,0.134739795853076,0.212503672667183,0.077763876814107
"465906",0.301936288521055,0.412004397139334,0.34349427500118,0.0685101221381534,0.110068108618279,0.0415579864801253
"481323",0.19562248961935,0.319873803167849,0.241074544226209,0.0787992589416402,0.1242513135485,0.0454520546068595
"500085",0.219510990901368,0.459185198711064,0.304990235510026,0.154194963201038,0.239674207809696,0.0854792446086579
"184425",0.0884018309082576,0.332879892235303,0.178126327156499,0.154753565078804,0.244478061327045,0.0897244962482411
"219975",0.773634950149515,0.628292941836103,0.707010883507317,-0.078717941671214,-0.145342008313412,-0.066624066642198
"184729",0.0178512971140283,0.197198165735677,0.0748419647061417,0.122356201029535,0.179346868621648,0.0569906675921134
"522559",0.221152222853822,0.395192636203809,0.286050572429636,0.109142063774173,0.174040413349987,0.0648983495758141
"215210",0.256059624660815,0.44321657911822,0.322985211864631,0.12023136725359,0.187156954457406,0.0669255872038161
"514483",0.302500369853524,0.318558370247446,0.30723022252897,0.0113281477184765,0.0160580003939217,0.00472985267544523
"108775",0.328197605972769,0.443651682631573,0.37223798453819,0.0714136980933831,0.115454076658804,0.0440403785654209
"526555",0.1361972665479,0.364489450018041,0.217424409218419,0.147065040799622,0.228292183470141,0.0812271426705185
"342491",2.46090118718404,0.984913095697157,1.66613428481667,-0.681221189119512,-1.47598809148689,-0.794766902367373
"224990",0.510042066716417,0.237127760579834,0.392838862224328,-0.155711101644494,-0.272914306136584,-0.11720320449209
"11105",0.301084388779754,0.412444294821407,0.343426780804275,0.0690175140171316,0.111359906041653,0.042342392024521
"331759",0.853706420251196,0.418370327764447,0.63929074681701,-0.220920419052563,-0.435336092486749,-0.214415673434186
"413747",0.275491487855199,0.476507379169024,0.349832481019536,0.126674898149488,0.201015891313825,0.0743409931643371
"60420",0.016711385110083,0.158244818313225,0.061349579971142,0.0968952383420834,0.141533433203142,0.044638194861059
"503007",0.323665627026815,0.712076714826403,0.457236350449746,0.254840364376656,0.388411087799587,0.133570723422931
"500559",0.474279394630156,0.195367082197915,0.353192430676923,-0.157825348479008,-0.278912312432241,-0.121086963953233
"331976",0.0905828726932461,0.37718642541076,0.188996263712674,0.188190161698086,0.286603552717514,0.0984133910194278
"139219",0.0839337681260686,0.231608246842065,0.135144363344842,0.0964638834972235,0.147674478715997,0.0512105952187732
"276009",0.0972890093764656,0.252144676920094,0.152770466179848,0.0993742107402461,0.154855667543629,0.0554814568033824
"490485",0.394035281458796,0.424497092591965,0.40583904116061,0.0186580514313555,0.0304618111331696,0.0118037597018142
"166090",0.0488284631300749,0.167090108132184,0.0903768673009958,0.0767132408311886,0.118261645002109,0.0415484041709208
"538549",0.653024966597285,0.17326840062571,0.434626543548057,-0.261358142922347,-0.479756565971575,-0.218398423049228
"89306",0.104546702595452,0.239568500826984,0.152417671103076,0.0871508297239081,0.135021798231532,0.0478709685076234
"193307",0.0828528470147449,0.17402526368623,0.115844839157598,0.0581804245286318,0.0911724166714848,0.0329919921428529
"135149",0.0526239691040439,0.15406299515306,0.0877895616094373,0.0662734335436227,0.101439026049016,0.0351655925053934
"486655",0.139533389975453,0.232174168060826,0.173556807182895,0.0586173608779307,0.0926407780853733,0.0340234172074426
"22346",0.536830344779765,0.841419969182946,0.643657391583518,0.197762577599429,0.304589624403181,0.106827046803753
"518370",0.064077879526401,0.146297827432377,0.093540373977956,0.0527574534544212,0.0822199479059763,0.0294624944515551
"36371",0.191913297199548,0.274793551011128,0.223040786815024,0.0517527641961042,0.0828802538115802,0.031127489615476
"315590",3.54127866984063,1.97337537577522,2.70172477571245,-0.728349399937231,-1.56790329406541,-0.839553894128182
"514281",0.135214842390349,0.203518253513109,0.160876439944233,0.0426418135688763,0.0683034111227595,0.0256615975538832
"243337",0.131143490876017,0.275293390897346,0.182786520838749,0.0925068700585966,0.144149900021329,0.0516430299627326
"4211",0.0498139447329214,0.203566441187059,0.101530867224643,0.102035573962415,0.153752496454137,0.0517169224917219
"155888",0.447426740928324,0.25671875705729,0.364015674255343,-0.107296917198053,-0.190707983871035,-0.0834110666729814
"237320",0.262173381865715,0.195327802245708,0.23443842543179,-0.0391106231860814,-0.0668455796200072,-0.0277349564339258
"73390",0.375954971567841,0.383530338496551,0.37886039291063,0.00466994558592121,0.00757536692870991,0.00290542134278871
"76926",0.0658585555306587,0.175798526273242,0.105738794278266,0.0700597319949762,0.109939970742583,0.0398802387476071
"24176",0.0226728294555507,0.120388854038535,0.0538850598196764,0.0665037942188588,0.0977160245829845,0.0312122303641257
"369785",0.0376612354546298,0.246197076389657,0.106944044293714,0.139253032095942,0.208535840935027,0.0692828088390845
"420610",0.128593105534845,0.307329849237108,0.191432427289753,0.115897421947356,0.178736743702264,0.062839321754908
"104115",0.783137588948617,0.691543295606807,0.748480896081125,-0.0569376004743178,-0.0915942933418092,-0.0346566928674914
"405970",0.0554838352262582,0.157213751485686,0.0909487551344265,0.0662649963512596,0.101729916259428,0.0354649199081683
"475670",0.41186072979727,0.64704403410454,0.499440743378933,0.147603290725607,0.23518330430727,0.0875800135816633
"52646",0.0827165560122986,0.251739911355091,0.141592874982799,0.110147036372291,0.169023355342792,0.0588763189705006
"396336",0.0741435461987455,0.23486864919094,0.129765200370805,0.105103448820134,0.160725102992194,0.0556216541720596
"277418",0.259884920391715,0.369468688139066,0.30044912607633,0.0690195620627355,0.10958376774735,0.040564205684615
"205126",0.055418339253116,0.145557042807469,0.0882109304344897,0.0573461123729792,0.0901387035543529,0.0327925911813737
"22457",1.0448402643445,1.33610797665022,1.15657521990607,0.179532756744151,0.291267712305717,0.111734955561566
"1655",0.291761011548941,0.464392386908477,0.36116219423485,0.103230192673627,0.172631375359536,0.0694011826859091
"323423",0.258234975536352,0.42115075387484,0.318347639336614,0.102803114538226,0.162915778338488,0.060112663800262
"40537",0.0470768786882255,0.215269289299393,0.104280132026885,0.110989157272509,0.168192410611168,0.0572032533386592
"509879",0.166459461526055,0.353806188137918,0.233890944838272,0.119915243299646,0.187346726611863,0.0674314833122177
"179812",0.104051299679009,0.301250921457096,0.173169638075795,0.128081283381301,0.197199621778088,0.0691183383967865
"85211",6.79488626381403,1.09163539712106,6.79488626381403,-5.70325086669297,-5.70325086669297,0
"410326",3.38792821649702,0.921041102716281,2.08590395464826,-1.16486285193198,-2.46688711378074,-1.30202426184876
"164234",0.102542830642036,0.25569318903593,0.157229556232271,0.0984636328036596,0.153150358393895,0.0546867255902352
"119597",0.0465445840834459,0.225703480000707,0.106415787572401,0.119287692428306,0.179158895917261,0.0598712034889547
"195079",0.239731825094754,0.3236531971663,0.271522829845826,0.0521303673204745,0.0839213720715462,0.0317910047510717
"413753",0.545928062026857,0.430934109324067,0.500526585879165,-0.0695924765550983,-0.114993952702791,-0.0454014761476923
"257862",0.087388439922624,0.257495797257513,0.148358287711849,0.109137509545664,0.170107357334889,0.0609698477892249
"398635",0.183414055820654,0.137483637718425,0.164728336906325,-0.0272446991878997,-0.0459304181022287,-0.018685718914329
"77228",3.91005094587796,1.61251013336869,2.64540587636591,-1.03289574299722,-2.29754081250927,-1.26464506951205
"308878",0.108003063321046,0.17306747325674,0.132095456041123,0.040972017215617,0.0650644099356941,0.0240923927200771
"520668",0.0730037742520981,0.246350564598443,0.13214850199512,0.114202062603323,0.173346790346345,0.0591447277430221
"523204",0.199292870641678,0.340752876791413,0.250999735410333,0.0897531413810809,0.141460006149735,0.0517068647686545
"381425",0.189426884010424,0.275398297998899,0.221191654941783,0.0542066430571165,0.0859714139884754,0.031764770931359
"26046",0.250723647081116,0.394253849593029,0.303713372114994,0.0905404774780357,0.143530202511914,0.0529897250338778
"95111",0.025587891603606,0.144339272911545,0.0628992094722785,0.0814400634392665,0.118751381307939,0.0373113178686725
"170744",0.647445660123019,0.136705223579088,0.407811899290682,-0.271106675711594,-0.510740436543931,-0.239633760832338
"401001",0.29543791091669,0.383020801127596,0.328772092888058,0.0542487082395379,0.087582890210906,0.0333341819713681
"381324",0.131976707997339,0.318968356983104,0.199676557493089,0.119291799490014,0.186991648985765,0.0676998494957502
"382834",0.261790031739533,0.399808081544487,0.313292082366054,0.0865159991784332,0.138018049804954,0.0515020506265206
"227717",0.0468260470594665,0.192334808023132,0.0950002744762759,0.0973345335468562,0.145508760963666,0.0481742274168094
"155735",0.225464322359299,0.363078558977211,0.276381472449439,0.0866970865277724,0.137614236617912,0.0509171500901394
"60893",0.226231101244458,0.477943066041283,0.318397333520175,0.159545732521108,0.251711964796825,0.0921662322757169
"354124",0.232865894256646,0.289119824273214,0.254301103594338,0.0348187206788766,0.0562539300165688,0.0214352093376922
"292455",1.58112325549469,0.785502970273181,1.18284131459157,-0.397338344318385,-0.795620285221509,-0.398281940903125
"370094",0.0138308986067105,0.138304932902718,0.0520705832238425,0.0862343496788752,0.124474034296007,0.038239684617132
"341240",0.637120329592395,0.642684605611346,0.640411779272094,0.00227282633925163,0.00556427601895138,0.00329144967969974
"87009",0.0268225466943756,0.23959014516422,0.0943991738054629,0.145190971358757,0.212767598469844,0.0675766271110873
"355926",0.414488823612096,0.621808800802511,0.489732347781972,0.132076453020539,0.207319977190414,0.0752435241698757
"114979",0.097634708882426,0.104790927307925,0.0997850167518831,0.00500591055604185,0.00715621842549898,0.00215030786945712
"548402",3.98625344184833,1.73114368850732,2.76336708614759,-1.03222339764026,-2.25510975334101,-1.22288635570075
"301054",0.0427793994521883,0.240496996179296,0.107476440458892,0.133020555720403,0.197717596727107,0.0646970410067042
"368140",2.41663172805063,0.672225096154404,1.54667989900905,-0.874454802854647,-1.74440663189622,-0.869951829041575
"339181",0.0784138912114745,0.285941009692207,0.151409872954439,0.134531136737768,0.207527118480732,0.0729959817429646
"308661",0.196685268850257,0.257108631514234,0.219352523599721,0.0377561079145124,0.0604233626639765,0.0226672547494641
"454207",0.383815365904308,0.67173625507375,0.485348561715651,0.186387693358099,0.287920889169442,0.101533195811343
"448434",0.0813259178128795,0.217412128926671,0.129857574498984,0.0875545544276868,0.136086211113792,0.0485316566861047
"155317",0.218711846843296,0.341802984001854,0.264740755107176,0.0770622288946788,0.123091137158558,0.0460289082638797
"73489",0.939304838373585,0.973873934795671,0.949975970773181,0.0238979640224899,0.0345690964220857,0.0106711323995958
"407795",0.509059732096996,0.724026287404678,0.589299358866896,0.134726928537782,0.214966555307682,0.0802396267698998
"72951",0.120115261938394,0.276810860434791,0.178051507943957,0.098759352490834,0.156695598496397,0.0579362460055629
"65168",0.171016844927358,0.11576965916874,0.148305523120779,-0.0325358639520396,-0.0552471857586189,-0.0227113218065793
"147363",0.10682005242181,0.459266014755483,0.225791461828032,0.233474552927451,0.352445962333673,0.118971409406222
"149848",1.5299855371696,0.709582868014448,1.10925536538977,-0.399672497375327,-0.820402669155149,-0.420730171779822
"531655",0.528436328981439,0.717947362752614,0.598324634533436,0.119622728219178,0.189511033771175,0.0698883055519972
"441600",0.188586589348455,0.307671125657644,0.232497001058186,0.0751741245994578,0.119084536309189,0.0439104117097314
"540703",0.324424343161785,0.354874159122899,0.336332508682319,0.0185416504405804,0.030449815961114,0.0119081655205336
"163100",0.206077743211258,0.514953624214883,0.314666537930716,0.200287086284167,0.308875881003625,0.108588794719458
"194756",0.173237616596417,0.383377954391928,0.250799780229919,0.132578174162009,0.210140337795511,0.077562163633502
"356981",0.278351886013815,0.299698614651302,0.286786014484249,0.0129126001670529,0.0213467286374868,0.00843412847043395
"21439",0.0734840114731357,0.0844077265406779,0.0776014026570634,0.0068063238836145,0.0109237150675422,0.00411739118392768
"444905",0.0721989586412796,0.211675315341008,0.121343118605846,0.0903321967351612,0.139476356699728,0.0491441599645667
"106777",0.250217039556695,0.33010364746714,0.280383281704743,0.0497203657623971,0.0798866079104442,0.0301662421480471
"65791",0.148982069774702,0.417238878398286,0.244117482441098,0.173121395957188,0.268256808623584,0.095135412666396
"88697",0.0391264698910327,0.0727456550424065,0.0535431792423013,0.0192024758001052,0.0336191851513738,0.0144167093512686
"435956",0.100278958412183,0.107382066805332,0.103033460594699,0.00434860621063259,0.00710310839314914,0.00275450218251655
"453559",0.0953351062023462,0.235359517715506,0.145108137307751,0.0902513804077555,0.14002441151316,0.0497730311054045
"518337",0.121017626641028,0.152938097302437,0.13097831184388,0.0219597854585573,0.0319204706614094,0.00996068520285201
"123642",0.875310185932677,0.697673392318349,0.796740832312698,-0.0990674399943484,-0.177636793614328,-0.0785693536199796
"90357",0.105136163821454,0.28522275563898,0.167825938875075,0.117396816763904,0.180086591817525,0.0626897750536207
"196855",0.0339625755620577,0.123918817930476,0.0636110461280576,0.0603077718024179,0.0899562423684178,0.0296484705659999
"57821",0.131882204828629,0.388965502675842,0.220906123278927,0.168059379396916,0.257083297847213,0.0890239184502979
"503803",0.0944811552804597,0.10867431646856,0.0999289512544329,0.00874536521412726,0.0141931611881004,0.00544779597397312
"119548",0.346191919913576,0.726339887437825,0.484344479616268,0.241995407821556,0.380147967524248,0.138152559702692
"153462",0.0196152304108373,0.124172005159604,0.0521258603378839,0.0720461448217197,0.104556774748766,0.0325106299270466
"12709",0.081022868636167,0.202575338931923,0.125292333281798,0.0772830056501243,0.121552470295756,0.0442694646456312
"80204",0.224201510817333,0.559674593272347,0.341993554792678,0.21768103847967,0.335473082455014,0.117792043975344
"444947",0.71833146860991,0.789832076133991,0.744322413398043,0.045509662735948,0.0715006075240809,0.0259909447881329
"470060",0.358099936008136,0.360525397575236,0.359007658767963,0.00151773880727352,0.00242546156710033,0.000907722759826812
"210792",0.045840335363751,0.25427420615106,0.114992557298115,0.139281648852946,0.208433870787309,0.0691522219343637
"193554",0.104566058807836,0.289070277688474,0.168993036131109,0.120077241557365,0.184504218880637,0.0644269773232723
"492697",0.187620606442617,0.226923216669388,0.20309324734231,0.0238299693270781,0.0393026102267709,0.0154726408996929
"368815",0.0252688348743916,0.159698842597141,0.0683517737382629,0.0913470688588779,0.134430007722749,0.0430829388638713
"122431",0.082879568570811,0.222125785584795,0.132375739550079,0.0897500460347156,0.139246217013984,0.0494961709792683
"45798",0.0570947267300906,0.169569779100791,0.0951317882169375,0.0744379908838533,0.1124750523707,0.038037061486847
"19049",0.155225937899466,0.544378750781653,0.288101314106489,0.256277436675164,0.389152812882187,0.132875376207024
"70575",0.318124441531727,0.316619081569813,0.317253571756088,-0.000634490186275261,-0.00150535996191442,-0.00087086977563916
"189859",3.00264514182875,1.09266066611424,2.01460433356617,-0.921943667451929,-1.90998447571451,-0.988040808262586
"119193",0.10429524723421,0.207135591600008,0.141456742776932,0.0656788488230754,0.102840344365797,0.0371614955427217
"339536",0.0394598160037899,0.246877303884118,0.108367182513354,0.138510121370764,0.207417487880328,0.0689073665095645
"388158",0.394611973326023,0.241184757086078,0.330932587353838,-0.0897478302677608,-0.153427216239945,-0.0636793859721843
"226980",0.923782126331472,0.77213287760214,0.857610004225072,-0.0854771266229321,-0.151649248729332,-0.0661721221064001
"63766",0.21862316245664,0.194514764008631,0.208857173304859,-0.0143424092962274,-0.0241083984480086,-0.00976598915178117
"250173",0.116508689002633,0.224875359190492,0.15562001252051,0.0692553466699816,0.108366670187859,0.0391113235178772
"565200",0.17702654561259,0.363799613074386,0.244954878318865,0.118844734755521,0.186773067461795,0.0679283327062745
"126765",0.0262763874823149,0.234137589562783,0.0927564708050848,0.141381118757698,0.207861202080468,0.0664800833227699
"536402",0.445894080305438,0.570763717323287,0.492738227966343,0.0780254893569436,0.124869637017849,0.0468441476609053
"566987",0.120604376280254,0.350170748453943,0.20226863842156,0.147902110032384,0.229566372173689,0.0816642621413052
"317543",0.0980658253247587,0.453246381948361,0.214362404526512,0.238883977421848,0.355180556623602,0.116296579201754
"82853",0.251011942965536,0.352319605087371,0.289542666086744,0.0627769390006265,0.101307662121835,0.0385307231212083
"484000",10,2.77785027772705,6.12446318740388,-3.34661290967683,-7.22214972227295,-3.87553681259612
"358651",0.0552705115368613,0.214876065774292,0.110069541293843,0.104806524480449,0.15960555423743,0.0547990297569818
"121321",0.186858940252116,0.398910878447617,0.265285161626491,0.133625716821126,0.212051938195501,0.0784262213743751
"42631",0.0492137082848785,0.141963922636399,0.0808253670607473,0.0611385555756513,0.09275021435152,0.0316116587758687
"508254",0.0322555568679156,0.113668090750577,0.0586608491174836,0.0550072416330934,0.0814125338826614,0.026405292249568
"144255",0.098723652682743,0.159052849951257,0.120969316843371,0.0380835331078855,0.0603291972685135,0.022245664160628
"249963",0.0933239797974047,0.232024825005589,0.141853526627157,0.0901712983784322,0.138700845208184,0.048529546829752
"360349",0.137679132000346,0.325052006211999,0.205926787767525,0.119125218444474,0.187372874211653,0.0682476557671786
"241228",0.346452763457389,0.27728599421636,0.316253998144156,-0.0389680039277963,-0.0691667692410294,-0.0301987653132331
"176170",0.190116936095128,0.330777053867498,0.243258492475404,0.0875185613920947,0.14066011777237,0.0531415563802758
"139920",0.16965105300506,0.11387279935622,0.146561220803884,-0.0326884214476636,-0.05577825364884,-0.0230898322011764
"512143",0.123757776768459,0.474013389814467,0.244021540417319,0.229991849397148,0.350255613046008,0.12026376364886
"317415",0.0657334189787653,0.12780581252041,0.0883365323836461,0.039469280136764,0.0620723935416448,0.0226031134048808
"299146",0.327808461528394,0.571149548215859,0.420802280789432,0.150347267426427,0.243341086687465,0.0929938192610383
"173720",0.0244961649255983,0.118842149577104,0.0542418987662419,0.0646002508108625,0.094345984651506,0.0297457338406436
"450172",0.0320256608779352,0.162466341304208,0.0741049704142063,0.0883613708900014,0.130440680426272,0.0420793095362711
"128375",0.0866694549735534,0.180805116165045,0.120955587695233,0.0598495284698118,0.0941356611914916,0.0342861327216798
"96936",4.02342452711633,1.55326754364545,2.65882082692206,-1.10555328327661,-2.47015698347088,-1.36460370019426
"502578",2.62571960682293,1.48214792934042,2.06024820544709,-0.578100276106668,-1.14357167748251,-0.565471401375841
"276098",0.102471131247836,0.307005368829408,0.173777683806734,0.133227685022674,0.204534237581572,0.0713065525588985
"8012",0.0264476300483165,0.136824881095934,0.0622390827687785,0.0745857983271552,0.110377251047617,0.035791452720462
"131749",0.22601233586455,0.543795856812279,0.338563935147997,0.205231921664283,0.31778352094773,0.112551599283447
"386148",0.565696907008533,0.222940559879735,0.417031278135392,-0.194090718255656,-0.342756347128798,-0.148665628873142
"69808",0.195639479525439,0.313945889835205,0.239167436545512,0.0747784532896922,0.118306410309766,0.0435279570200735
"476302",0.395601811247647,0.655315987272399,0.491419086852087,0.163896900420312,0.259714176024752,0.09581727560444
"173880",0.0886482266334431,0.174350360810172,0.119089151706494,0.0552612091036773,0.0857021341767284,0.0304409250730512
"6411",2.33988264645044,0.964277169003933,1.59019863295709,-0.625921463953161,-1.3756054774465,-0.749684013493342
"129792",0.1309637594838,0.31663797129137,0.196797333275065,0.119840638016305,0.18567421180757,0.0658335737912651
"561167",0.398495044293878,0.31133270419398,0.363585274026427,-0.052252569832448,-0.0871623400998984,-0.0349097702674504
"456486",0.335288856434768,0.408471684199387,0.362861407888147,0.0456102763112399,0.0731828277646189,0.027572551453379
"80096",0.134748013104671,0.499146655616782,0.25896215262827,0.240184502988512,0.364398642512111,0.124214139523599
"482010",0.314700734997039,0.300852836294375,0.309328594739942,-0.00847575844556719,-0.0138478987026637,-0.00537214025709654
"262119",0.425072981616532,0.853520114362195,0.571576708852621,0.281943405509574,0.428447132745664,0.146503727236089
"372954",0.0873502132571698,0.496737111846283,0.217647591011401,0.279089520834881,0.409386898589113,0.130297377754232
"572656",0.437472319846541,0.444006443986345,0.440100329045915,0.00390611494043003,0.00653412413980392,0.00262800919937389
"131918",9.49711601285787,2.51246962941593,4.82983625806224,-2.31736662864631,-6.98464638344194,-4.66727975479562
"435218",6.11416025921231,2.30679528682727,3.87420164770344,-1.56740636087617,-3.80736497238504,-2.23995861150887
"54133",0.0669476862836422,0.303935815526418,0.144914680327902,0.159021135198515,0.236988129242776,0.0779669940442601
"570260",0.0616652819168311,0.239998769039245,0.121239858208304,0.118758910830942,0.178333487122414,0.0595745762914725
"438130",0.0358002778040441,0.226794029904839,0.100918829124889,0.125875200779949,0.190993752100794,0.0651185513208452
"484636",0.0655849680275901,0.11966667787267,0.0854321985066315,0.0342344793660389,0.0540817098450802,0.0198472304790414
"522790",0.111087766167714,0.203940570460316,0.14487930430272,0.0590612661575963,0.0928528042926021,0.0337915381350058
"358796",0.371355442570334,0.457476776885237,0.402986739560534,0.054490037324703,0.0861213343149039,0.0316312969902009
"56539",1.0945176266527,0.943168926710262,1.01829463537155,-0.0751257086612852,-0.151348699942437,-0.0762229912811516
"177974",0.0408667653181808,0.210971927465406,0.0969622887043905,0.114009638761015,0.170105162147225,0.0560955233862097
"398647",0.368836735898668,0.476399654493928,0.408539850812246,0.0678598036816827,0.107562918595261,0.039703114913578
"176253",0.0538944450556324,0.299371279224025,0.13601255965029,0.163358719573735,0.245476834168392,0.0821181145946576
"438183",0.400440302727118,0.749682618667293,0.523269986586104,0.226412632081189,0.349242315940175,0.122829683858986
"337960",0.205820795245323,0.20101137604787,0.203948457858075,-0.00293708181020541,-0.00480941919745345,-0.00187233738724804
"196281",0.0390918833065737,0.148801753185182,0.0753396997154352,0.0734620534697469,0.109709869878608,0.0362478164088615
"128333",0.0491357225502297,0.230871342732709,0.111677035233105,0.119194307499604,0.181735620182479,0.062541312682875
"461028",0.112018792671518,0.260512040275353,0.166631497735803,0.0938805425395497,0.148493247603834,0.0546127050642846
"277653",0.0777042643982469,0.230009748196274,0.131002281411437,0.0990074667848361,0.152305483798027,0.0532980170131906
"531969",0.295826739363627,0.386148104286645,0.329828273062732,0.0563198312239125,0.0903213649230182,0.0340015336991056
"25433",0.109256729154535,0.335203336670715,0.187590547241825,0.14761278942889,0.22594660751618,0.0783338180872901
"523115",0.0508336776364028,0.0938448035269273,0.065889209999607,0.0279555935273203,0.0430111258905245,0.0150555323632042
"116385",0.140798063878727,0.418580552914807,0.234991812780051,0.183588740134756,0.27778248903608,0.0941937489013242
"536898",0.139250274857708,0.175705650874563,0.155307774703219,0.0203978761713448,0.0364553760168555,0.0160574998455107
"467885",0.082072067251061,0.130151105739103,0.0997770581851277,0.0303740475539755,0.0480790384880422,0.0177049909340668
"39208",0.0290343560130261,0.136114179686127,0.0641978376229128,0.0719163420632139,0.107079823673101,0.0351634816098867
"440449",0.10174039400059,0.291075716254776,0.170650652568825,0.120425063685951,0.189335322254186,0.0689102585682355
"524132",0.0974860220067895,0.239016176661085,0.149367317910414,0.0896488587506705,0.141530154654295,0.0518812959036245
"238782",0.14169361996734,0.325970347699556,0.207127336844984,0.118843010854572,0.184276727732216,0.0654337168776435
"203583",0.0993219702049228,0.324918461936222,0.176471309437372,0.14844715249885,0.225596491731299,0.0771493392324492
"101781",0.57534729057574,1.25204885041139,0.839640767092334,0.412408083319057,0.676701559835652,0.264293476516595
"472210",0.165726632460438,0.367255230998454,0.237070495631697,0.130184735366757,0.201528598538016,0.0713438631712587
"483192",0.00880702572838033,0.138441149166793,0.047492365015864,0.0909487841509286,0.129634123438412,0.0386853392874837
"530135",0.196656179952923,0.177886737405532,0.189017959310409,-0.0111312219048771,-0.0187694425473914,-0.00763822064251435
"126786",0.0410736400961531,0.287345559825604,0.125745639146622,0.161599920678982,0.246271919729451,0.0846719990504685
"341051",0.376922326891316,0.675270275306761,0.488450300194505,0.186819975112256,0.298347948415445,0.111527973303189
"328778",0.0310827562357086,0.142911758420828,0.0670241048732032,0.075887653547625,0.11182900218512,0.0359413486374947
"461069",0.0570997775743768,0.207715873241192,0.108228269068153,0.0994876041730396,0.150616095666816,0.051128491493776
"187480",0.0802580106056938,0.149851466311216,0.105477830488753,0.0443736358224632,0.0695934557055222,0.0252198198830589
"336560",0.158900981669272,0.286347250253793,0.20536073262893,0.0809865176248637,0.127446268584521,0.0464597509596574
"415415",3.87053760000668,1.49462956343831,2.54532377703525,-1.05069421359694,-2.37590803656836,-1.32521382297143
"90492",0.104871527917471,0.183442240699022,0.133579799730142,0.0498624409688805,0.0785707127815512,0.0287082718126707
"95113",0.325834452179329,0.217912048122448,0.281281457644955,-0.0633694095225067,-0.107922404056881,-0.0445529945343746
"8154",0.142661492941656,0.427696876348843,0.240809968473046,0.186886907875797,0.285035383407187,0.0981484755313901
"426904",0.0352908495279939,0.212607383905395,0.0931436713857685,0.119463712519627,0.177316534377401,0.0578528218577746
"130459",0.131952394979633,0.557592365033259,0.274263508427812,0.283328856605446,0.425639970053626,0.14231111344818
"359768",0.194059857988991,0.294286314632074,0.231844670548342,0.0624416440837317,0.100226456643083,0.0377848125593511
"1955",0.125875223360523,0.329880990931339,0.198108836241914,0.131772154689425,0.204005767570817,0.0722336128813915
"42402",0.152498358869459,0.279969354408349,0.198712606449541,0.0812567479588074,0.12747099553889,0.0462142475800827
"147713",0.0680091263749954,0.172746406457116,0.105238500402751,0.0675079060543654,0.104737280082121,0.0372293740277555
"381864",0.160487378719803,0.259845941198202,0.197543352736012,0.0623025884621904,0.0993585624783996,0.0370559740162092
"376136",0.0421373696802773,0.278857571118797,0.121428654629277,0.15742891648952,0.23672020143852,0.0792912849489995
"9281",0.0562101187381794,0.377371059626964,0.160442841709888,0.216928217917076,0.321160940888785,0.104232722971708
"50949",0.57258227083628,0.350856220043966,0.482091807040462,-0.131235586996497,-0.221726050792315,-0.090490463795818
"505518",0.196851768838342,0.645739746777651,0.345815407585598,0.299924339192054,0.448887977939309,0.148963638747256
"550173",0.174974769391633,0.251505690676691,0.203503083793354,0.0480026068833374,0.0765309212850588,0.0285283144017214
"448526",0.276314292517231,0.374356102669149,0.31319082953656,0.0611652731325895,0.0980418101519179,0.0368765370193284
"316364",0.0616505141151646,0.232665889121392,0.121970399462047,0.110695489659345,0.171015375006227,0.0603198853468826
"42263",0.20214858926997,0.312121779604455,0.243460926306048,0.0686608532984077,0.109973190334486,0.0413123370360782
"106468",0.0988709309183641,0.337880683639687,0.181688043451494,0.156192640188193,0.239009752721323,0.0828171125331301
"133871",0.270158226394416,0.345184021098123,0.298184087044333,0.0469999340537899,0.0750257947037067,0.0280258606499168
"64971",0.0163034698632475,0.219859416217115,0.0797487679379075,0.140110648279207,0.203555946353867,0.06344529807466
"61084",0.0305921645053465,0.176115009111504,0.0779170326050541,0.0981979765064502,0.145522844606158,0.0473248680997076
"95042",0.184634041529981,0.620543946509047,0.33460425290478,0.285939693604267,0.435909904979066,0.149970211374799
"372894",0.260669672162941,0.399180434090527,0.311493252509221,0.0876871815813063,0.138510761927587,0.0508235803462805
"267388",0.263370430059914,0.474831642560559,0.339726738345272,0.135104904215287,0.211461212500645,0.0763563082853584
"102423",0.134160401844066,0.528078707075245,0.264710603976505,0.263368103098741,0.39391830523118,0.130550202132439
"545203",0.295798646750325,0.318582803177545,0.304713490609476,0.0138693125680681,0.0227841564272198,0.00891484385915164
"264015",0.12656483400352,0.265734738038946,0.176235681763132,0.0894990562758137,0.139169904035425,0.0496708477596114
"263709",0.218183514087872,0.272473718242919,0.238804516477469,0.0336692017654498,0.0542902041550463,0.0206210023895965
"454352",0.0828344990420999,0.129556076716399,0.100116242226222,0.029439834490177,0.046721577674299,0.017281743184122
"432620",0.0577729619781477,0.208536265790397,0.108561340606541,0.0999749251838553,0.150763303812249,0.0507883786283937
"11234",0.14949453167423,0.201453371720168,0.169148710209351,0.0323046615108176,0.0519588400459379,0.0196541785351203
"380478",0.0652849132691781,0.288600916820005,0.140578072692015,0.14802284412799,0.223316003550827,0.075293159422837
"20143",0.0516230763089974,0.249414165219947,0.11732709748757,0.132087067732377,0.197791088910949,0.0657040211785723
"394288",0.911559423597267,0.905073343562075,0.908058802849408,-0.00298545928733307,-0.00648608003519169,-0.00350062074785862
"339591",0.0787031565746369,0.174471471000453,0.112971793783825,0.0614996772166286,0.0957683144258166,0.034268637209188
"26166",0.0660449936780186,0.134329298679118,0.0904030329514337,0.043926265727684,0.0682843050010991,0.0243580392734151
"436079",0.023049447198435,0.0843139414876072,0.0423481042411879,0.0419658372464193,0.0612644942891722,0.0192986570427529
"86324",0.0802150554632176,0.209125309122992,0.124830034010906,0.0842952751120858,0.128910253659775,0.0446149785476888
"369625",0.896231441727814,0.683833795078114,0.801363150370477,-0.117529355292363,-0.2123976466497,-0.0948682913573367
"49915",0.032017287900418,0.154297718658175,0.0713403552546256,0.0829573634035491,0.122280430757757,0.0393230673542076
"246323",0.422295622926469,0.444649504061262,0.43083821823508,0.0138112858261821,0.0223538811347925,0.0085425953086104
"440689",0.725975909253524,0.985437006989029,0.835135360922806,0.150301646066222,0.259461097735504,0.109159451669282
"85579",0.0263457952336427,0.196569261035829,0.0823896075174784,0.114179653518351,0.170223465802187,0.0560438122838358
"337460",0.0596667979657859,0.241995448137565,0.121501517406268,0.120493930731297,0.182328650171779,0.0618347194404816
"115281",0.0804146137979378,0.270430489018986,0.14605159572309,0.124378893295896,0.190015875221048,0.065636981925152
"289347",0.0173677137688827,0.103852952604758,0.0437189573913326,0.0601339952134254,0.0864852388358753,0.0263512436224499
"249915",0.16218637128532,0.407373825456058,0.251273974522088,0.15609985093397,0.245187454170738,0.0890876032367678
"90429",0.0761185968426327,0.363281070017866,0.171706325610306,0.19157474440756,0.287162473175233,0.0955877287676732
"355412",0.282767210003581,0.290861041389836,0.285908624441883,0.00495241694795334,0.0080938313862548,0.00314141443830146
"330770",0.140769890438744,0.190280273542038,0.159424905060107,0.030855368481931,0.0495103831032934,0.0186550146213624
"131984",7.02754872194967,1.08945388382226,7.02754872194967,-5.9380948381274,-5.9380948381274,0
"119094",0.158750637709461,0.181689439153782,0.167667272114651,0.0140221670391307,0.0229388014443211,0.00891663440519042
"166405",0.066443141307158,0.236607880197216,0.124973693705209,0.111634186492007,0.170164738890058,0.0585305523980507
"107781",0.307513567326482,0.456535149392579,0.361780866181577,0.0947542832110024,0.149021582066098,0.0542672988550951
"480205",0.0646629751703932,0.281957756234176,0.136470227426324,0.145487528807852,0.217294781063783,0.071807252255931
"462411",0.356463388598239,0.270439304469901,0.321682897465359,-0.0512435929954576,-0.0860240841283376,-0.03478049113288
"422876",0.22300249430624,0.456725992700546,0.306083648394629,0.150642344305917,0.233723498394307,0.0830811540883895
"129569",0.063113321124596,0.242529372723066,0.125279759176769,0.117249613546297,0.17941605159847,0.0621664380521727
"187986",0.223738696572917,0.423645633984949,0.294789815344486,0.128855818640463,0.199906937412031,0.0710511187715681
"436963",0.069819413070119,0.298630881366631,0.1480313210495,0.150599560317131,0.228811468296512,0.0782119079793806
"341317",0.210181236623268,0.433384405060562,0.289534611236739,0.143849793823822,0.223203168437293,0.079353374613471
"300664",0.0897954423835867,0.300338516716326,0.165184880221465,0.135153636494861,0.210543074332739,0.0753894378378781
"328053",0.343002917356271,0.447304207469942,0.382316672645341,0.0649875348246011,0.104301290113671,0.0393137552890702
"217033",1.03406408573976,0.709624848578047,0.889368847276524,-0.179743998698477,-0.324439237161713,-0.144695238463236
"199092",0.125818326356624,0.587561540123036,0.277993013396513,0.309568526726523,0.461743213766412,0.152174687039889
"116251",1.09202780438909,0.57446775808571,0.854915326160382,-0.280447568074673,-0.517560046303384,-0.237112478228712
"139927",1.49069956392043,0.231731452529829,1.49069956392043,-1.2589681113906,-1.2589681113906,0
"433718",0.123205785629795,0.218313608589756,0.158098326117847,0.0602152824719089,0.0951078229599607,0.0348925404880518
"229720",0.0411167252760304,0.261746639770093,0.113251939642412,0.148494700127681,0.220629914494062,0.0721352143663815
"480744",0.0325246205455331,0.301670265836716,0.119013411598652,0.182656854238064,0.269145645291183,0.0864887910531186
"256406",0.22401916558728,0.317630409998267,0.259403297182225,0.0582271128160429,0.0936112444109871,0.0353841315949443
"282500",1.94825085673356,1.02871172065811,1.52033073081197,-0.491619010153857,-0.919539136075445,-0.427920125921588
"164650",3.98329778613884,1.48239679241606,2.58993803456087,-1.10754124214481,-2.50090099372278,-1.39335975157797
"408014",0.0527477885411835,0.245835337494574,0.11740389364067,0.128431443853904,0.19308754895339,0.0646561050994865
"375742",0.192323229975229,0.168647538555665,0.182951210094037,-0.0143036715383713,-0.023675691419564,-0.00937201988119274
"76398",0.10299891872777,0.308471465778907,0.173372468611005,0.135098997167902,0.205472547051137,0.0703735498832351
"526410",0.109117475719338,0.326349773433093,0.186239344872025,0.140110428561067,0.217232297713755,0.0771218691526877
"40087",0.179558887064526,0.310711303731363,0.227718743788244,0.0829925599431195,0.131152416666838,0.0481598567237183
"458535",0.167315428497041,0.303042377794179,0.217099052796548,0.085943324997631,0.135726949297138,0.0497836242995067
"322880",0.0217001280104892,0.152956160658996,0.063897426482411,0.0890587341765853,0.131256032648507,0.0421972984719218
"134614",0.100265645514705,0.197607031113186,0.135020342318534,0.0625866887946521,0.0973413855984816,0.0347546968038295
"429122",0.0850520447173486,0.154494624409324,0.11047362574271,0.0440209986666136,0.0694425796919754,0.0254215810253617
"218503",0.0795264493937617,0.250912537464444,0.140213560379648,0.110698977084796,0.171386088070682,0.0606871109858866
"91923",0.137309122933051,0.346054144836329,0.211025604881726,0.135028539954603,0.208745021903278,0.0737164819486743
"426999",0.0243905174881597,0.234976932529218,0.0919010438640856,0.143075888665133,0.210586415041059,0.0675105263759259
"121317",0.427277423817904,0.594021610761441,0.490889882614533,0.103131728146908,0.166744186943537,0.0636124587966287
"393600",0.0196276887439031,0.241461158090328,0.0903585132753783,0.15110264481495,0.221833469346425,0.0707308245314751
"266068",0.0344216573169428,0.166790117588361,0.077945140256327,0.0888449773320339,0.132368460271418,0.0435234829393842
"16935",0.171680754635383,0.333713575798359,0.230521954427272,0.103191621371087,0.162032821162976,0.0588411997918895
"56537",0.00734629378813836,0.164003595212245,0.0541674895428514,0.109836105669394,0.156657301424107,0.0468211957547131
"86930",1.20698188942823,0.82080071886467,1.04198165963767,-0.221180940772996,-0.386181170563563,-0.165000229790566
"118280",1.3072046436548,1.22543196688369,1.2691118716963,-0.043679904812606,-0.0817726767711113,-0.0380927719585054
"255564",0.133481270253051,0.341730779539269,0.206716949967792,0.135013829571477,0.208249509286218,0.0732356797147411
"513280",0.245664786331385,0.385544308658435,0.299262689067015,0.0862816195914195,0.13987952232705,0.0535979027356301
"42239",0.675859786008156,1.0228119512093,0.79484907549841,0.227962875710894,0.346952165201148,0.118989289490254
"40733",0.0734748146079873,0.171715612659125,0.108042257137903,0.0636733555212218,0.0982407980511378,0.034567442529916
"352234",0.116800732800766,0.267372185137949,0.171228975983604,0.096143209154345,0.150571452337183,0.0544282431828377
"332267",0.037931096039717,0.14728604825264,0.074193865126309,0.0730921831263309,0.109354952212923,0.036262769086592
"573034",0.155363335017577,0.16960673030376,0.160922126413845,0.00868460388991435,0.0142433952861826,0.00555879139626825
"453664",0.691205851304447,0.268922575444465,0.508921261210459,-0.239998685765994,-0.422283275859982,-0.182284590093988
"463324",0.215380430792171,0.444014311931604,0.296646442183211,0.147367869748394,0.228633881139433,0.0812660113910399
"399804",0.0560868868480819,0.340359083037061,0.149566724601913,0.190792358435149,0.284272196188979,0.0934798377538308
"304411",0.111460624428298,0.35319273011154,0.195308682141786,0.157884047969754,0.241732105683242,0.0838480577134884
"116068",0.729318379871336,0.350262302359518,0.574335253992471,-0.224072951632953,-0.379056077511818,-0.154983125878865
"338689",0.0844940619602436,0.338455681383479,0.171980226599136,0.166475454784343,0.253961619423236,0.0874861646388925
"257551",0.853820527961121,0.487521530322741,0.676529172865445,-0.189007642542703,-0.366298997638379,-0.177291355095676
"22207",0.122816956152538,0.372046652567654,0.211958762407596,0.160087890160058,0.249229696415116,0.0891418062550582
"21174",0.171932943655333,0.15787473502401,0.166280891834646,-0.00840615681063553,-0.0140582086313224,-0.00565205182068687
"215308",0.0611879343880198,0.219944153630519,0.115085756002475,0.104858397628044,0.158756219242499,0.0538978216144554
"139915",0.108252977557049,0.127238707109896,0.115507475289536,0.0117312318203595,0.0189857295528471,0.00725449773248753
"67650",0.0447043761214192,0.222306835523715,0.103021007794899,0.119285827728817,0.177602459402296,0.0583166316734794
"215333",0.160742860146449,0.34425198538449,0.22593137992351,0.11832060546098,0.183509125238042,0.0651885197770614
"438754",0.0498910903005968,0.296530736447508,0.133364622275107,0.163166114172401,0.246639646146911,0.0834735319745098
"438005",0.026793919060038,0.188651178941523,0.078613892223811,0.110037286717712,0.161857259881485,0.051819973163773
"415942",0.0343914950867394,0.232463558581076,0.0980042822502985,0.134459276330777,0.198072063494336,0.0636127871635592
"25331",0.409617789820262,0.15773241837047,0.298739436541406,-0.141007018170936,-0.251885371449793,-0.110878353278856
"485771",0.0991404740014,0.161644824033048,0.121986343826555,0.039658480206493,0.062504350031648,0.022845869825155
"214585",0.693735582681972,0.933678617539453,0.777627500691984,0.156051116847469,0.239943034857481,0.0838919180100119
"160092",0.479533269540573,0.976948307411469,0.650618526427804,0.326329780983665,0.497415037870896,0.171085256887231
"425269",0.0432301201050541,0.2313648478844,0.104571770663901,0.126793077220499,0.188134727779346,0.0613416505588467
"414732",0.512992902120769,0.383679623360243,0.459129544240738,-0.0754499208804957,-0.129313278760527,-0.0538633578800308
"336503",0.0907791209493958,0.213291543756177,0.133645820640714,0.0796457231154631,0.122512422806781,0.042866699691318
"249916",0.0224711194982984,0.11652124637916,0.0526276005098717,0.0638936458692878,0.0940501268808612,0.0301564810115733
"240141",0.241606072510568,0.367733238071004,0.289677274309188,0.0780559637618162,0.126127165560436,0.0480712017986198
"225056",0.0500673060125437,0.240533327390543,0.113956392604543,0.126576934786,0.190466021377999,0.0638890865919994
"295363",0.0883214939583285,0.247106051075353,0.143690345698272,0.10341570537708,0.158784557117024,0.0553688517399439
"489677",0.433710555441289,0.488159653269897,0.455190685399332,0.0329689678705646,0.0544490978286076,0.021480129958043
"175123",3.47554810109185,1.81131647121482,2.57142508250929,-0.760108611294476,-1.66423162987703,-0.904123018582552
"416910",0.204093559327978,0.368687018352513,0.265531453550571,0.103155564801941,0.164593459024535,0.0614378942225938
"503292",0.122997018969613,0.30531622432627,0.187359389591279,0.117956834734991,0.182319205356657,0.0643623706216655
"147781",0.204090016702192,0.190409446073759,0.198623673417155,-0.00821422734339564,-0.0136805706284329,-0.00546634328503728
"58987",0.527340380748987,0.555692131658539,0.53832159665277,0.0173705350057691,0.0283517509095518,0.0109812159037826
"205348",0.0503793944738637,0.212838778940672,0.105302812866398,0.107535966074275,0.162459384466809,0.0549234183925338
"540526",0.043972123460314,0.117846565421154,0.0687531371360828,0.0490934282850709,0.0738744419608397,0.0247810136757688
"161453",0.205145967976946,0.31355149338533,0.245154128347699,0.0683973650376309,0.108405525408384,0.0400081603707532
"235251",0.0656854417553508,0.23333069408748,0.12233136866844,0.11099932541904,0.167645252332129,0.0566459269130889
"126568",0.0541690270507228,0.199461609375171,0.103828781834189,0.0956328275409817,0.145292582324448,0.0496597547834664
"148994",0.0155959528326497,0.127517672412256,0.049919563941395,0.077598108470861,0.111921719579606,0.0343236111087453
"85541",0.0433124434715954,0.25664878558006,0.112626066509123,0.144022719070937,0.213336342108465,0.069313623037528
"460841",0.0214367568800596,0.267708664134464,0.0980788616604918,0.169629802473973,0.246271907254405,0.0766421047804322
"530371",0.127394158747166,0.211986387991413,0.158215145041312,0.0537712429501012,0.0845922292442477,0.0308209862941466
"107037",0.199822000905448,0.362071899310306,0.260803097859572,0.101268801450734,0.162249898404858,0.0609810969541246
"317090",0.0751413448147739,0.139834610980822,0.0986598109093011,0.041174800071521,0.0646932661660482,0.0235184660945272
"433449",0.611434298286582,0.748789528141027,0.672634220243137,0.0761553078978896,0.137355229854444,0.0611999219565547
"231771",2.45214193441055,1.58211839974741,2.02560352961045,-0.443485129863043,-0.87002353466314,-0.426538404800097
"121753",0.0299963235563549,0.14010597392731,0.066212312690723,0.0738936612365867,0.110109650370955,0.036215989134368
"245621",0.359152608634221,0.250173339997983,0.31464841511787,-0.0644750751198873,-0.108979268636238,-0.0445041935163507
"541922",0.10922562146649,0.324700684051933,0.185396620995755,0.139304063056177,0.215475062585442,0.0761709995292647
"122349",0.1765557660542,0.452622430773652,0.274846696454052,0.1777757343196,0.276066664719452,0.098290930399852
"95842",0.128228999541897,0.246294385324553,0.172958242908625,0.0733361424159278,0.118065385782656,0.0447292433667277
"375831",0.109794900036263,0.306131573458857,0.177995729937326,0.12813584352153,0.196336673422594,0.0682008299010634
"430971",0.0486881078838262,0.194875888739351,0.0977127858926796,0.0971631028466717,0.146187780855525,0.0490246780088535
"350229",0.148340341730565,0.179978429733565,0.160695241593655,0.0192831881399108,0.0316380880029999,0.0123548998630891
"224952",0.0610475907082944,0.114189332748993,0.0799904571620951,0.0341988755868975,0.0531417420406982,0.0189428664538007
"25104",0.697106092810995,0.290678628849813,0.522674762522489,-0.231996133672676,-0.406427463961183,-0.174431330288506
"176071",0.188782422413844,0.208219361873571,0.196410691242702,0.011808670630868,0.0194369394597266,0.00762826882885853
"118577",0.136508084113895,0.53188698381911,0.270184157504626,0.261702826314484,0.395378899705215,0.133676073390731
"230125",0.0678918605834406,0.167611132395971,0.103143202217008,0.0644679301789627,0.0997192718125304,0.0352513416335677
"143147",0.107202208302899,0.238401958108248,0.154157317146014,0.0842446409622343,0.131199749805349,0.0469551088431148
"454816",0.131992213440132,0.112959626884327,0.124484988096292,-0.0115253612119646,-0.0190325865558054,-0.00750722534384084
"69222",0.078053760741065,0.273199170336717,0.143620560815066,0.129578609521652,0.195145409595652,0.0655668000740007
"551567",0.0848330657574938,0.331171804512768,0.166825618959658,0.16434618555311,0.246338738755274,0.0819925532021639
"507271",0.0776292957828437,0.391230443727586,0.184771363014567,0.206459080713019,0.313601147944742,0.107142067231723
"535069",0.177737607842355,0.338542297007988,0.235152923110587,0.103389373897401,0.160804689165633,0.057415315268232
"149873",0.0411080654188924,0.13583523827236,0.0732286057737436,0.0626066324986164,0.0947271728534676,0.0321205403548512
"509855",0.465528916383411,0.80559945065405,0.585713784190774,0.219885666463277,0.340070534270639,0.120184867807362
"543996",0.215232136907195,0.411898259286063,0.286633230436309,0.125265028849754,0.196666122378868,0.0714010935291138
"412217",0.0982498081025845,0.273493879211452,0.15999718733325,0.113496691878202,0.175244071108867,0.0617473792306654
"455048",0.201062087840516,0.286686417584937,0.234249644742324,0.0524367728426132,0.0856243297444211,0.0331875569018078
"254297",0.0676946414027223,0.220019057011635,0.120733696281724,0.099285360729911,0.152324415608913,0.0530390548790019
"301380",0.203423807284637,0.415566942114353,0.281947782700138,0.133619159414215,0.212143134829716,0.0785239754155009
"552353",0.879373648870452,0.788117485621276,0.838970856776588,-0.0508533711553121,-0.0912561632491761,-0.040402792093864
"513327",2.57356575067196,1.2070799409839,1.86718667289566,-0.660106731911762,-1.36648580968806,-0.706379077776299
"341003",0.104032379388495,0.140861063166073,0.118008246264019,0.0228528169020536,0.0368286837775782,0.0139758668755246
"8857",0.524785842571769,0.327563337495041,0.444004961944214,-0.116441624449173,-0.197222505076728,-0.0807808806275548
"62707",0.179759120920765,0.364761208593141,0.246696348508931,0.118064860084211,0.185002087672376,0.0669372275881656
"276088",0.245667043665429,0.23949883693204,0.2426993565942,-0.00320051966216039,-0.00616820673338941,-0.00296768707122902
"297614",0.0894480310941715,0.19760043944487,0.127876480754722,0.0697239586901482,0.108152408350698,0.0384284496605501
"392153",0.0634390693303822,0.253820958780042,0.128580644400176,0.125240314379866,0.19038188944966,0.065141575069794
"293479",0.127657980840261,0.359727825630364,0.208062765745694,0.15166505988467,0.232069844790103,0.0804047849054335
"22582",0.865255070843079,0.802078307556293,0.837744598263728,-0.0356662907074349,-0.0631767632867858,-0.0275104725793509
"56254",0.296215863724739,0.944227031801954,0.511430958712971,0.432796073088983,0.648011168077215,0.215215094988232
"572260",0.0319583430886562,0.183704143352693,0.0812287207743548,0.102475422578339,0.151745800264037,0.0492703776856986
"153157",0.0408932634132694,0.177333401264413,0.0867456078614998,0.0905877934029131,0.136440137851143,0.0458523444482304
"373681",0.0842570920829714,0.225705366282217,0.134504604625007,0.0912007616572096,0.141448274199246,0.050247512542036
"467800",0.134032967110713,0.217725092601823,0.165595805691076,0.0521292869107466,0.0836921254911096,0.031562838580363
"411620",1.58123635702093,0.908885449170402,1.25314830654807,-0.344262857377669,-0.672350907850528,-0.328088050472859
"463389",0.184443505779519,0.509676969563791,0.298125152892611,0.21155181667118,0.325233463784272,0.113681647113092
"378386",0.0395510938813665,0.141415002959977,0.0745185415564454,0.0668964614035321,0.101863909078611,0.0349674476750789
"178772",0.0551251378231658,0.326219850228887,0.142403278953079,0.183816571275808,0.271094712405721,0.0872781411299134
"573999",0.10823153423168,0.297203482616988,0.174927669451861,0.122275813165128,0.188971948385308,0.0666961352201808
"233065",0.146603931627203,0.398760434447989,0.235343144079426,0.163417290368563,0.252156502820786,0.0887392124522231
"260924",0.371352121405034,0.426685319911435,0.393098817012798,0.0335865028986373,0.0553331985064012,0.0217466956077639
"169774",0.17923611275049,0.427446632180016,0.266782305106568,0.160664327073448,0.248210519429526,0.0875461923560778
"130629",0.0715425104818415,0.329121902581689,0.158402182758012,0.170719719823676,0.257579392099847,0.0868596722761708
"361223",0.458467625171031,0.997295815931894,0.643309430221547,0.353986385710347,0.538828190760863,0.184841805050516
"450720",0.0897962871691365,0.291116091594181,0.160145043180564,0.130971048413616,0.201319804425044,0.070348756011428
"146387",0.0150569034025038,0.124259862433521,0.0485285677887879,0.0757312946447332,0.109202959031017,0.0334716643862841
"128905",0.284256665452127,0.492575689696576,0.359540793834648,0.133034895861927,0.208319024244449,0.0752841283825216
"503115",0.0411407713941369,0.25632693081694,0.111489204753443,0.144837726063497,0.215186159422803,0.0703484333593062
"431298",0.0499973273774225,0.274630454128169,0.127583536920435,0.147046917207734,0.224633126750747,0.0775862095430124
"289818",0.167277856893379,0.369004003441052,0.23845403465636,0.130549968784693,0.201726146547673,0.0711761777629805
"480570",1.14864883264749,0.545446175449621,0.868289370160176,-0.322843194710555,-0.60320265719787,-0.280359462487315
"482203",0.728109652232861,1.02951934229179,0.852736687224324,0.176782655067461,0.301409690058925,0.124627034991464
"279292",0.0694230030288613,0.233808060165554,0.125748081349508,0.108059978816045,0.164385057136692,0.056325078320647
"570401",0.831078187019555,0.514986554107565,0.681052412617771,-0.166065858510205,-0.31609163291199,-0.150025774401784
"20927",0.0738980368957941,0.128286492731568,0.0935860575275256,0.034700435204042,0.0543884558357734,0.0196880206317315
"52447",0.0279418877405801,0.18860876108525,0.0793699840198849,0.109238777065365,0.16066687334467,0.0514280962793048
"523871",0.151777703255721,0.374264483716611,0.230561260299503,0.143703223417108,0.22248678046089,0.0787835570437816
"538260",0.0638669181095216,0.434620059082208,0.187358555421582,0.247261503660626,0.370753140972686,0.12349163731206
"66602",0.0370592710838214,0.145394469971719,0.0730913622786889,0.07230310769303,0.108335198887898,0.0360320911948675
"349512",2.17482039613418,0.820023137524698,1.5169183130584,-0.696895175533704,-1.35479725860948,-0.65790208307578
"201737",0.0364649832347149,0.223209123880226,0.0984287630638543,0.124780360816372,0.186744140645511,0.0619637798291395
"10306",0.0766306594212452,0.399569197786001,0.183411508170925,0.216157689615075,0.322938538364756,0.10678084874968
"344658",0.168796824581254,0.31599962106351,0.222223917451013,0.0937757036124973,0.147202796482256,0.0534270928697583
"44748",0.0222936039809075,0.14766956628195,0.0622496843061665,0.0854198819757835,0.125375962301043,0.039956080325259
"167856",0.137779594415807,0.503923144077383,0.259681616754089,0.244241527323293,0.366143549661575,0.121902022338282
"191680",0.372872850065438,0.700144162810149,0.487599918122857,0.212544244687291,0.327271312744711,0.11472706805742
"494867",0.674551114959476,0.371642760798174,0.552064801081058,-0.180422040282884,-0.302908354161302,-0.122486313878418
"97890",0.0303273042209342,0.129521253418054,0.0622221653628566,0.0672990880551974,0.0991939491971198,0.0318948611419224
"9355",0.070060315648336,0.380932545786627,0.173068911340749,0.207863634445879,0.310872230138291,0.103008595692413
"313020",1.66256402024904,1.18197681309277,1.4433851429649,-0.261408329872126,-0.480587207156265,-0.219178877284139
"80164",1.57700256763182,0.570245299511538,1.03851948373017,-0.468274184218634,-1.00675726812029,-0.538483083901652
"508450",0.0918208571294303,0.332810949162718,0.176965704712018,0.1558452444507,0.240990092033288,0.0851448475825879
"475710",2.40248723433042,1.87979450374147,2.15469993062351,-0.274905426882038,-0.522692730588948,-0.24778730370691
"507646",0.246778567804592,0.426065417613933,0.31137110329656,0.114694314317372,0.179286849809341,0.0645925354919687
"508465",0.122076666931605,0.531089109374771,0.258294263810282,0.272794845564489,0.409012442443166,0.136217596878677
"98457",0.0943592401847925,0.237069064488587,0.144194833329391,0.0928742311591963,0.142709824303795,0.0498355931445982
"287064",0.178246586915252,0.664370091552843,0.336992716710134,0.327377374842709,0.486123504637591,0.158746129794882
"530096",0.194302494692859,0.507632953377058,0.307721901372055,0.199911052005003,0.313330458684198,0.113419406679196
"521497",0.165084812018743,0.234816165560181,0.191317194433639,0.043498971126542,0.0697313535414379,0.0262323824148959
"278687",0.384024107430727,0.406643893784783,0.392624823366503,0.0140190704182802,0.022619786354056,0.00860071593577583
"69756",0.0437634677355998,0.246377547948563,0.110485352189335,0.135892195759228,0.202614080212963,0.0667218844537351
"262202",0.204558023833301,0.487254896820003,0.30496689372744,0.182288003092563,0.282696872986701,0.100408869894138
"35",0.0499513957254372,0.200835843483351,0.10024155458843,0.10059428889492,0.150884447757914,0.0502901588629932
"268115",0.0625691486711141,0.152992661523045,0.0946210171714675,0.058371644351578,0.0904235128519314,0.0320518685003534
"200908",0.0568790097600012,0.203597439650061,0.106560530039267,0.0970369096107935,0.14671842989006,0.0496815202792662
"564877",0.315636497215647,0.197438000535601,0.266690303838765,-0.0692523033031643,-0.118198496680046,-0.0489461933768819
"77713",0.0524440185797377,0.108023841951756,0.0722840412329536,0.0357398007188026,0.0555798233720185,0.0198400226532159
"482818",0.0904295016850149,0.169361539658417,0.119845093692591,0.0495164459658264,0.0789320379734021,0.0294155920075758
"194926",0.112970643435676,0.360137978321457,0.2008776003043,0.159260378017157,0.247167334885781,0.0879069568686236
"96453",0.189373389219474,0.326294445584508,0.239545153234009,0.0867492923504996,0.136921056365035,0.0501717640145352
"97230",10,2.97018635311709,7.9310190760759,-4.96083272295882,-7.02981364688291,-2.0689809239241
"261878",10,3.61857989115389,7.66379798992244,-4.04521809876855,-6.38142010884611,-2.33620201007756
"86933",0.0530711881557903,0.175929088753671,0.0950506101555451,0.0808784785981258,0.122857900597881,0.0419794219997548
"518061",0.0830878642140053,0.304916085011501,0.158313534151275,0.146602550860226,0.221828220797496,0.0752256699372699
"35747",0.062983648875154,0.273337869799784,0.133242110765391,0.140095759034393,0.21035422092463,0.0702584618902371
"246438",0.128666141309557,0.207518729066538,0.157913421825707,0.0496053072408308,0.0788525877569809,0.0292472805161501
"152467",0.0382065098177113,0.223358813711636,0.0989439779799572,0.124414835731679,0.185152303893925,0.0607374681622459
"255132",0.0667299832748229,0.294058228237391,0.143186947721384,0.150871280516007,0.227328244962568,0.0764569644465609
"348283",0.0683293279944708,0.301491932995005,0.146635308482428,0.154856624512577,0.233162605000534,0.0783059804879575
"397782",0.360933275157693,0.703543757638435,0.484250274075421,0.219293483563015,0.342610482480742,0.123316998917727
"554625",0.0577934286881953,0.221240996353303,0.112896194404487,0.108344801948816,0.163447567665107,0.0551027657162914
"362026",0.0725818936898241,0.345674231104971,0.163651195455941,0.182023035649029,0.273092337415147,0.0910693017661173
"514203",0.0878391772940312,0.442680849228059,0.209216050748278,0.23346479847978,0.354841671934027,0.121376873454247
"453239",0.0596210752248297,0.298669572234807,0.138773738577399,0.159895833657409,0.239048497009978,0.0791526633525692
"338201",8.32654917827404,2.57867874174613,4.455494770859,-1.87681602911287,-5.74787043652791,-3.87105440741504
"54706",0.025470736244265,0.122906191122587,0.0567231700449054,0.0661830210776815,0.0974354548783219,0.0312524338006404
"270929",0.0728003655461412,0.29492705487276,0.147809166184614,0.147117888688146,0.222126689326619,0.0750088006384732
"569705",0.206568984390232,0.426203086252816,0.290403863320374,0.135799222932442,0.219634101862584,0.0838348789301422
"418479",0.0987616039816781,0.425347710816633,0.207306467532599,0.218041243284034,0.326586106834955,0.108544863550921
"218327",0.120751650074069,0.295635863746445,0.183802521570957,0.111833342175488,0.174884213672376,0.0630508714968876
"357958",0.221175399237192,0.374368607861611,0.277445765433677,0.0969228424279349,0.15319320862442,0.0562703661964847
"446258",0.0472186685268981,0.21389309262994,0.102243129381956,0.111649963247984,0.166674424103042,0.0550244608550582
"435340",0.162243659627285,0.31475790371389,0.217161812082758,0.0975960916311324,0.152514244086605,0.0549181524554731
"68641",0.580184908144003,0.570540416456622,0.576590757237235,-0.00605034078061273,-0.00964449168738113,-0.0035941509067684
"406099",0.161495957288084,0.461665672631089,0.267984621166739,0.193681051464351,0.300169715343006,0.106488663878655
"114642",0.0715118953811639,0.189371664676784,0.112554416351441,0.076817248325343,0.11785976929562,0.0410425209702772
"438009",0.244426780278906,0.345689560826165,0.282971611825918,0.0627179490002465,0.101262780547259,0.038544831547012
"159686",0.124348997418089,0.354443149278935,0.209692967644538,0.144750181634397,0.230094151860846,0.085343970226449
"341296",0.0756090258732869,0.138411525349719,0.0981593573026855,0.0402521680470331,0.0628024994764316,0.0225503314293986
"261649",0.520023755182242,0.540313999024204,0.528128937205673,0.0121850618185305,0.0202902438419621,0.00810518202343158
"92578",0.112791449244406,0.159311841884913,0.130306276325998,0.0290055655589144,0.0465203926405072,0.0175148270815928
"122498",0.00664414971811748,0.121598156483136,0.0393380667200874,0.0822600897630487,0.114954006765019,0.0326939170019699
"502078",0.0846545035934562,0.395145029049189,0.191601697760465,0.203543331288724,0.310490525455733,0.106947194167009
"461456",0.23250558598704,0.368039190611247,0.282099498875312,0.0859396917359341,0.135533604624207,0.0495939128882726
"162803",0.272347087507612,0.510462622539126,0.356483480692859,0.153979141846266,0.238115535031514,0.0841363931852473
"17565",0.0586378730991387,0.241164725009657,0.120132572924013,0.121032152085644,0.182526851910519,0.0614946998248745
"440080",0.237174662669294,0.457156345917543,0.315656026869193,0.141500319048349,0.219981683248248,0.0784813641998988
"433045",0.0807091788621177,0.213197506440129,0.127225807164643,0.0859716992754865,0.132488327578011,0.0465166283025249
"500223",0.299171894986934,0.404952899508507,0.338611038313625,0.0663418611948814,0.105781004521573,0.0394391433266914
"340607",0.225369405110016,0.171394623773664,0.203463197039083,-0.032068573265419,-0.0539747813363521,-0.021906208070933
"276833",0.0220465744730113,0.124414140363527,0.0540558767509023,0.0703582636126248,0.102367565890516,0.032009302277891
"9942",10,3.432866954578,6.28299802422654,-2.85013106964854,-6.567133045422,-3.71700197577346
"236387",0.152985044487023,0.240709079630477,0.186002973527487,0.0547061061029895,0.0877240351434537,0.0330179290404642
"62251",0.115894708363086,0.287592561583333,0.177895633248768,0.109696928334565,0.171697853220247,0.0620009248856822
"524180",0.0479724152862363,0.172833813428602,0.0905758354213925,0.0822579780072094,0.124861398142366,0.0426034201351562
"65783",0.0513521238560581,0.363200191743934,0.157427651347024,0.20577254039691,0.311848067887876,0.106075527490966
"483594",1.52591936887939,1.40276850675171,1.47098811812331,-0.0682196113715918,-0.12315086212768,-0.0549312507560882
"142532",0.122279385975175,0.265414580353502,0.173363845872581,0.0920507344809208,0.143135194378327,0.0510844598974061
"403202",0.0526904297267544,0.179561414794104,0.0960461578343543,0.0835152569597501,0.12687098506735,0.0433557281075999
"517990",0.395281985846116,0.132710862964227,0.277226632415374,-0.144515769451146,-0.262571122881888,-0.118055353430742
"126638",0.451769408600295,0.518459816110024,0.476656791710551,0.041803024399473,0.0666904075097297,0.0248873831102567
"53229",0.058576415169888,0.207545784229923,0.110205471475555,0.0973403127543675,0.148969369060035,0.0516290563056674
"21691",0.141824848679882,0.313984324562989,0.206080597784932,0.107903726778057,0.172159475883107,0.0642557491050502
"126510",0.212770888487508,0.332104458544749,0.257519986904403,0.074584471640346,0.119333570057241,0.0447490984168949
"10442",0.104912970006767,0.315986382502199,0.178096076672057,0.137890305830142,0.211073412495432,0.0731831066652895
"391892",0.0415613574537965,0.238946759137535,0.105627196997002,0.133319562140534,0.197385401683739,0.0640658395432053
"548403",0.271425675732098,0.473349036108877,0.346541594318944,0.126807441789932,0.201923360376778,0.0751159185868456
"195347",0.0504985091052974,0.255409166174776,0.120549745805235,0.13485942036954,0.204910657069478,0.070051236699938
"452337",0.19825209949598,0.482791374213242,0.296039101735934,0.186752272477308,0.284539274717262,0.0977870022399542
"54767",0.0416459062072277,0.29048442111938,0.122461167995882,0.168023253123498,0.248838514912153,0.0808152617886547
"456397",0.00610446089295165,0.0992088784454169,0.0313076280290237,0.0679012504163932,0.0931044175524652,0.025203167136072
"23472",0.367078325473312,0.520365964328127,0.427940714226577,0.0924252501015497,0.153287638854815,0.0608623887532651
"345055",1.57685814378142,0.540697017216903,1.1016120694051,-0.560915052188197,-1.03616112656452,-0.475246074376322
"122936",0.0554100614545745,0.184538901235571,0.0993545782516813,0.0851843229838893,0.129128839780996,0.0439445167971068
"214282",0.0509710663786332,0.268073297949999,0.12251509116475,0.145558206785248,0.217102231571365,0.071544024786117
"258724",0.0721867079491989,0.166668770407775,0.105394598507595,0.0612741719001805,0.0944820624585763,0.0332078905583959
"574443",0.0883364879533417,0.214856612668396,0.13441238247617,0.080444230192226,0.126520124715054,0.0460758945228285
"482915",0.0763045675543921,0.181210006758834,0.113783095195059,0.0674269115637752,0.104905439204442,0.037478527640667
"91150",0.0618696332142137,0.206029018252731,0.111575986317604,0.0944530319351277,0.144159385038518,0.0497063531033901
"174785",0.0995165942175681,0.341098871493681,0.183031832334443,0.158067039159238,0.241582277276113,0.0835152381168746
"507741",0.0496132418707884,0.122003154783517,0.0743265424779967,0.0476766123055206,0.0723899129127289,0.0247133006072083
"246315",0.0637379070853338,0.161584642129898,0.0983936919060436,0.0631909502238542,0.097846735044564,0.0346557848207098
"481471",0.0758513726851018,0.252281845956389,0.136518293049121,0.115763552907268,0.176430473271288,0.0606669203640196
"568365",0.0159400925359339,0.111616625060233,0.0451486878381528,0.0664679372220804,0.0956765325242993,0.0292085953022189
"284275",1.76740233246688,1.00605173796071,1.40785920150458,-0.401807463543874,-0.761350594506172,-0.359543130962299
"259152",0.401959458459005,0.37321278906005,0.390837294620154,-0.0176245055601043,-0.0287466693989553,-0.011122163838851
"480163",0.0611208015679569,0.159630203867214,0.0943937978861862,0.0652364059810279,0.0985094022992572,0.0332729963182293
"82103",0.210980095889295,0.285741149220341,0.239650535776776,0.0460906134435648,0.0747610533310462,0.0286704398874814
"469973",0.406840768464732,0.632849073552572,0.490027025270891,0.142822048281681,0.22600830508784,0.0831862568061583
"133326",0.0257765325540475,0.12432042935891,0.0594839483141025,0.0648364810448073,0.0985438968048623,0.033707415760055
"373835",0.0100889008481735,0.149234528136267,0.0521537033699194,0.0970808247663477,0.139145627288094,0.0420648025217459
"56236",0.419610354627264,0.783986207694646,0.54983812364231,0.234148084052336,0.364375853067382,0.130227769015046
"68007",0.008346809201102,0.191403026959411,0.064218570725855,0.127184456233556,0.183056217758309,0.055871761524753
"36359",0.0354297554114725,0.308458110540345,0.123187871091676,0.185270239448669,0.273028355128872,0.0877581156802034
"106778",0.27028808364542,0.448757382288789,0.335921367959093,0.112836014329695,0.178469298643369,0.0656332843136734
"523910",0.132550437319983,0.159534869867199,0.142873383806489,0.0166614860607098,0.0269844325472152,0.0103229464865054
"485603",0.114112856927933,0.345364608153585,0.197756954735061,0.147607653418523,0.231251751225652,0.0836440978071281
"566782",0.166825512986382,0.392184629442248,0.247022676686049,0.145161952756198,0.225359116455865,0.080197163699667
"121134",0.0605539629333741,0.19469762794994,0.106956428719048,0.0877411992308919,0.134143665016566,0.0464024657856744
"194654",0.331889949290896,0.640983658477771,0.441767501737988,0.199216156739783,0.309093709186876,0.109877552447092
"173721",0.0248431477679297,0.143216345268745,0.0625062674609936,0.0807100778077514,0.118373197500815,0.0376631196930639
"323999",0.789797371385289,1.02085250061924,0.885426848593548,0.135425652025692,0.231055129233951,0.0956294772082591
"564973",0.0972953426153044,0.366216353364195,0.193567748476009,0.172648604888186,0.268921010748891,0.0962724058607049
"334375",0.321886386911068,0.457091926266539,0.373493545909263,0.0835983803572754,0.135205539355471,0.0516071589981951
"369084",0.347770557847931,0.338586580955799,0.344118343658713,-0.00553176270291406,-0.00918397689213235,-0.00365221418921829
"170504",0.301772870946269,0.268081450897296,0.288271710381548,-0.0201902594842526,-0.0336914200489739,-0.0135011605647212
"255126",0.352451326875511,1.06294914344681,0.583714513843162,0.479234629603644,0.710497816571294,0.231263186967651
"130787",0.226234314765383,0.406557711260014,0.295390831571887,0.111166879688127,0.180323396494632,0.0691565168065047
"120536",0.381331431664386,0.545737084682673,0.441549028054704,0.10418805662797,0.164405653018288,0.060217596390318
"147990",0.0772599159815696,0.139413598338387,0.0996119781926869,0.0398016201457002,0.0621536823568176,0.0223520622111174
"93489",0.324098234205944,0.331938787550364,0.327121105044711,0.00481768250565295,0.00784055334442052,0.00302287083876757
"530697",0.26281387667306,0.37658237614659,0.305447879586021,0.0711344965605685,0.11376849947353,0.0426340029129614
"389866",2.39732002470666,1.36456608170196,1.87471864008904,-0.510152558387082,-1.0327539430047,-0.522601384617616
"309897",1.4883973939909,1.56278012464217,1.52055980555636,0.0422203190858086,0.0743827306512646,0.032162411565456
"399819",0.151409736633372,0.414942541356806,0.243847496013256,0.17109504534355,0.263532804723434,0.0924377593798839
"344102",0.112206494569041,0.279650553855151,0.171277279107843,0.108373274747308,0.16744405928611,0.0590707845388019
"517586",1.61672838138735,1.16206301150005,1.40675747777756,-0.244694466277506,-0.454665369887297,-0.209970903609791
"53834",0.325985187291126,0.622445292188284,0.43680131132404,0.185643980864244,0.296460104897158,0.110816124032914
"503110",0.336764992061274,0.978807151956769,0.551024939508348,0.427782212448421,0.642042159895495,0.214259947447074
"178312",0.702628467208386,0.954522393140503,0.808983868847725,0.145538524292779,0.251893925932118,0.106355401639339
"106827",1.48506747209356,1.1914490896372,1.34942308412454,-0.157973994487341,-0.293618382456359,-0.135644387969018
"298510",0.548556300866352,0.516078385352908,0.53630428427886,-0.0202258989259519,-0.0324779155134436,-0.0122520165874916
"98118",0.0781935830329829,0.291377364927252,0.153007181865468,0.138370183061784,0.213183781894269,0.0748135988324854
"154597",1.3154803940342,1.39750646081366,1.35235480350197,0.0451516573116848,0.0820260667794577,0.0368744094677729
"164125",0.0991311178947413,0.422364759204423,0.208615459348592,0.213749299855831,0.323233641309682,0.109484341453851
"11646",0.0664551905481728,0.355883843588935,0.164402764734553,0.191481078854382,0.289428653040762,0.0979475741863805
"450470",0.404439990348762,0.674194652097543,0.502079284795487,0.172115367302056,0.269754661748781,0.0976392944467249
"161069",0.17357255657482,0.336793411544135,0.232754054768424,0.104039356775711,0.163220854969315,0.0591814981936037
"450305",0.0263019215130995,0.191302370609076,0.0798875350217104,0.111414835587366,0.165000449095977,0.0535856135086109
"317547",0.0500823546675853,0.182340412414063,0.0954444689086227,0.0868959435054402,0.132258057746478,0.0453621142410374
"50907",0.320142586201006,0.503564169242809,0.388295198688904,0.115268970553905,0.183421583041803,0.0681526124878978
"329379",0.19082856643719,0.404393229618502,0.267472217323951,0.136921012294551,0.213564663181312,0.0766436508867611
"56517",2.45321247628321,0.470339437829254,2.45321247628321,-1.98287303845396,-1.98287303845396,0
"80108",0.0488387841797886,0.144426959265554,0.0816487459539714,0.0627782133115821,0.0955881750857649,0.0328099617741828
"559015",0.201068618662646,0.334459350863479,0.24975685679132,0.0847024940721586,0.133390732200833,0.0486882381286744
"325149",0.239057238476371,0.483966020779657,0.326560135866694,0.157405884912963,0.244908782303286,0.0875028973903231
"348384",0.072516642975744,0.146747830589907,0.0992792636792798,0.0474685669106277,0.0742311876141634,0.0267626207035357
"315514",0.369480868722977,0.92516685352719,0.554045370771271,0.371121482755919,0.555685984804213,0.184564502048294
"86006",0.0155770033382707,0.0953860475603864,0.0398314581055856,0.0555545894548007,0.0798090442221157,0.0242544547673149
"77357",0.11035420154493,0.268790227171327,0.167977021008995,0.100813206162331,0.158436025626397,0.0576228194640652
"410112",0.0439729889991429,0.142580387153462,0.0772842345613151,0.0652961525921469,0.0986073981543191,0.0333112455621722
"187192",0.0435829924104162,0.224051472361696,0.104060804579773,0.119990667781923,0.18046847995128,0.060477812169357
"337826",0.320410954931359,0.673779185227054,0.448151999323753,0.225627185903301,0.353368230295696,0.127741044392395
"563579",1.54139771454984,1.13530219948983,1.35230173521047,-0.216999535720644,-0.40609551506001,-0.189095979339366
"110977",0.772926049082181,0.351547368263393,0.59300411827354,-0.241456750010147,-0.421378680818788,-0.17992193080864
"428900",0.323917620438328,0.18957156178958,0.267752230683063,-0.0781806688934824,-0.134346058648748,-0.0561653897552652
"98833",0.515353907658727,0.631419393095816,0.557187420236032,0.0742319728597834,0.116065485437089,0.0418335125773052
"495751",0.0863796220223512,0.2610259659865,0.147014078959924,0.114011887026576,0.174646343964149,0.0606344569375733
"308247",0.135744193218603,0.377252557047687,0.220250343525143,0.157002213522544,0.241508363829084,0.08450615030654
"502730",0.138034345644912,0.421599638399972,0.235428735785012,0.186170902614959,0.28356529275506,0.0973943901401004
"399780",0.143619815141535,0.438408844081569,0.24604159118635,0.19236725289522,0.294789028940034,0.102421776044815
"381393",0.0967884053088504,0.143562888842894,0.114483787984731,0.0290791008581632,0.0467744835340437,0.0176953826758805
"19361",0.0178678626015762,0.129223467144287,0.0516289448029662,0.0775945223413211,0.111355604542711,0.03376108220139
"214704",0.540646796286976,0.221796138889575,0.399979392563581,-0.178183253674006,-0.318850657397401,-0.140667403723395
"165718",0.465090129454916,0.693979199052299,0.550171009123133,0.143808189929166,0.228889069597382,0.0850808796682167
"187017",0.0250682749059466,0.149174277721657,0.0654223158127526,0.0837519619089048,0.124106002815711,0.040354040906806
"419013",0.186015492660175,0.37693661775621,0.254787674115537,0.122148943640673,0.190921125096034,0.0687721814553619
"157864",0.118025740896972,0.333510833150242,0.193309914060433,0.140200919089809,0.21548509225327,0.075284173163461
"466826",0.17579354432541,0.148053506766214,0.164649013452771,-0.016595506686557,-0.0277400375591964,-0.0111445308726394
"215518",0.306367641111525,0.637846060241222,0.424932336448993,0.212913723792229,0.331478419129697,0.118564695337468
"176889",0.24725064206439,0.383713144458639,0.298667213809352,0.0850459306492876,0.136462502394249,0.0514165717449619
"32631",1.03977693967652,0.337435809529906,0.736532367566336,-0.39909655803643,-0.702341130146616,-0.303244572110185
"51565",0.239870175082175,0.442323643495016,0.313174641869044,0.129149001625972,0.202453468412841,0.0733044667868692
"469065",0.10110478824881,0.209521153097375,0.141640726217644,0.0678804268797315,0.108416364848565,0.0405359379688338
"357893",0.355310474923368,0.114353937610924,0.246040350137531,-0.131686412526607,-0.240956537312444,-0.109270124785837
"407404",0.460530344505055,0.535185266146139,0.489226493238711,0.0459587729074278,0.0746549216410835,0.0286961487336557
"442642",0.237767033022214,0.42723149711457,0.3071458413836,0.12008565573097,0.189464464092356,0.0693788083613864
"440263",0.331581749943664,0.803545754455023,0.499410202677576,0.304135551777447,0.471964004511359,0.167828452733913
"563786",0.0617597967310896,0.366672016791443,0.162394294963015,0.204277721828429,0.304912220060354,0.100634498231925
"393974",0.0700004482810866,0.222627259604216,0.124960930450514,0.0976663291537017,0.152626811323129,0.0549604821694277
"73354",0.122181780305303,0.371425266893022,0.208992423133312,0.16243284375971,0.249243486587719,0.0868106428280096
"97011",0.0841349406833562,0.291115036586744,0.157487025464747,0.133628011121997,0.206980095903387,0.0733520847813905
"321822",0.113995072077723,0.182326985378674,0.139134206303677,0.0431927790749972,0.0683319133009506,0.0251391342259534
"529465",0.125816168013328,0.155271111719486,0.137147975359979,0.0181231363595075,0.0294549437061585,0.011331807346651
"320904",4.02461016020455,0.199259641636431,4.02461016020455,-3.82535051856812,-3.82535051856812,0
"95290",0.480214801203664,0.11134119279998,0.301616343959328,-0.190275151159348,-0.368873608403684,-0.178598457244337
"301036",0.219721332318156,0.125321966822985,0.180384222605593,-0.0550622557826079,-0.0943993654951709,-0.039337109712563
"19037",0.46748537918823,0.167643969469347,0.336313343840018,-0.168669374370672,-0.299841409718884,-0.131172035348212
"575782",0.329015855434885,0.129273880634728,0.241117539176678,-0.11184365854195,-0.199741974800157,-0.0878983162582068
"146442",0.906048942210439,0.156549788818526,0.906048942210439,-0.749499153391913,-0.749499153391913,0
"29375",0.373640409580098,0.153396928970692,0.278298554849005,-0.124901625878313,-0.220243480609406,-0.0953418547310927
"552415",0.188353686159037,0.115736777520862,0.158126356327671,-0.0423895788068095,-0.072616908638175,-0.0302273298313655
"516347",0.0444265349747586,0.0823696342778481,0.0575611134749931,0.024808520802855,0.0379430993030895,0.0131345785002345
"511343",0.211459177985356,0.109372315041849,0.167891524173072,-0.0585192091312234,-0.102086862943508,-0.0435676538122844
"553065",0.057955354230752,0.0827765218405406,0.0670843378271289,0.0156921840134117,0.0248211676097886,0.00912898359637682
"228985",0.239268522938741,0.0926530357539043,0.174044920343645,-0.0813918845897405,-0.146615487184836,-0.0652236025950959
"92652",0.698866085080668,0.133421290175319,0.698866085080668,-0.565444794905349,-0.565444794905349,0
"21498",0.366333630994715,0.140200185225331,0.266732906563868,-0.126532721338537,-0.226133445769384,-0.0996007244308472
"482217",0.0360473559564054,0.0840745449809394,0.0527846720482304,0.031289872932709,0.048027189024534,0.016737316091825
"232096",0.603309751244771,0.248156754319545,0.454427490789134,-0.20627073646959,-0.355152996925226,-0.148882260455636
"229185",0.589909569292038,0.15558495563428,0.391550846074425,-0.235965890440145,-0.434324613657758,-0.198358723217613
"433652",0.310746207654571,0.115914952049905,0.224066551434227,-0.108151599384321,-0.194831255604666,-0.0866796562203447
"208280",0.349090021025587,0.172620189419222,0.274490055760762,-0.101869866341541,-0.176469831606365,-0.0745999652648245
"242310",0.0596511150810562,0.0841229712831709,0.0685783343568529,0.0155446369263181,0.0244718562021147,0.00892721927579667
"257905",10,0.497755880887493,10,-9.50224411911251,-9.50224411911251,0
"552876",0.275135313039891,0.134423310933542,0.214595766605886,-0.0801724556723443,-0.140712002106349,-0.0605395464340051
"215299",0.173933108195885,0.120288112527732,0.151908152265479,-0.0316200397377469,-0.0536449956681528,-0.0220249559304058
"445790",0.0944776569259117,0.124304433589043,0.105602052972402,0.0187023806166406,0.0298267766631311,0.0111243960464905
"207267",0.357318833710904,0.158702488717832,0.271903960283913,-0.113201471566081,-0.198616344993072,-0.0854148734269909
"447689",1.0612035642696,0.353667237064285,0.764570834578036,-0.410903597513751,-0.707536327205314,-0.296632729691563
"191012",2.03859579804118,0.122407118486407,2.03859579804118,-1.91618867955477,-1.91618867955477,0
"387373",0.300244053733028,0.159108423723618,0.239733089952313,-0.0806246662286942,-0.141135630009409,-0.0605109637807152
"208548",0.0345342219647839,0.0883797890879381,0.052426511076292,0.035953278011646,0.0538455671231542,0.0178922891115081
"248187",0.0574683101863921,0.0831429249870032,0.0667728251610387,0.0163700998259645,0.0256746148006112,0.00930451497464665
"29579",1.37706167467128,0.300252261836053,0.89785639706327,-0.597604135227217,-1.07680941283523,-0.479205277608012
"412187",0.0334001885523784,0.0962633044462845,0.0550833597279811,0.0411799447183034,0.0628631158939061,0.0216831711756027
"162603",0.0667670513796783,0.0844094555826472,0.0733012230721331,0.011108232510514,0.0176424042029689,0.00653417169245482
"338404",0.088645931003147,0.0997738981826903,0.092889286260493,0.00688461192219732,0.0111279671795434,0.00424335525734605
"150006",0.0248707965145805,0.0946905228401228,0.046349895566831,0.0483406272732918,0.0698197263255423,0.0214790990522505
"469683",0.116535794577321,0.106520841980248,0.11256915456984,-0.00604831258959215,-0.0100149525970732,-0.00396664000748101
"135248",0.945581277403919,0.205678668387882,0.608794798877973,-0.403116130490091,-0.739902609016037,-0.336786478525946
"342095",0.0725422511869302,0.0968996965420532,0.081586034750518,0.0153136617915352,0.024357445355123,0.0090437835635878
"366481",0.594223914836936,0.213827325497739,0.42683180647846,-0.213004480980721,-0.380396589339197,-0.167392108358475
"326798",0.390678148407258,0.222853905169213,0.324120196321074,-0.101266291151861,-0.167824243238046,-0.0665579520861849
"447028",0.0406082863890537,0.0992046389035067,0.0617987916664461,0.0374058472370606,0.058596352514453,0.0211905052773924
"523488",0.310237694482397,0.133053327471453,0.232850575310646,-0.0997972478391934,-0.177184367010945,-0.0773871191717513
"496831",0.0426183730987852,0.0989164668017812,0.0623609772589049,0.0365554895428763,0.056298093702996,0.0197426041601197
"499845",0.852952572583314,0.285268219360796,0.603956429343302,-0.318688209982506,-0.567684353222518,-0.248996143240012
"202125",0.147149605984414,0.173566429249068,0.157215252376899,0.0163511768721695,0.0264168232646544,0.0100656463924849
"95493",0.0707676698231299,0.0943201362938956,0.079533088133023,0.0147870481608726,0.0235524664707657,0.00876541830989305
"63385",0.0771056264453887,0.113759190434117,0.0891005576708695,0.0246586327632472,0.036653563988728,0.0119949312254808
"436072",0.611614576012145,0.179870458538097,0.416407170727721,-0.236536712189624,-0.431744117474048,-0.195207405284424
"547960",0.257296193808077,0.0894207214862009,0.181666794224282,-0.0922460727380812,-0.167875472321876,-0.0756293995837946
"578127",0.189866229739907,0.130071087038395,0.165117922131046,-0.0350468350926515,-0.0597951427015117,-0.0247483076088602
"567477",0.0177703084810519,0.0860412484074146,0.0381709769814167,0.0478702714259979,0.0682709399263627,0.0204006685003648
"25641",0.333755698136088,0.177354534317893,0.268006855846687,-0.0906523215287945,-0.156401163818195,-0.0657488422894008
"156961",0.311814339912384,0.207209237479616,0.269208683046786,-0.0619994455671696,-0.104605102432768,-0.0426056568655981
"47081",0.0653478314103045,0.111634710535411,0.0820653615398131,0.0295693489955978,0.0462868791251065,0.0167175301295086
"437110",0.541268102228616,0.289794557131372,0.437742413869603,-0.147947856738232,-0.251473545097244,-0.103525688359013
"191189",0.558054869688978,0.1792793560362,0.389173890056641,-0.209894534020442,-0.378775513652778,-0.168880979632336
"297284",0.465081461547931,0.107062958157779,0.292552984784392,-0.185490026626613,-0.358018503390153,-0.172528476763539
"542254",0.0580350892097747,0.0963767621147122,0.0718897755056753,0.0244869866090369,0.0383416729049375,0.0138546862959006
"9794",0.0128245187976194,0.0936625093348227,0.0365941800191676,0.0570683293156551,0.0808379905372033,0.0237696612215482
"353934",3.14218743622334,0.207700693639273,3.14218743622334,-2.93448674258407,-2.93448674258407,0
"88406",0.225030537637208,0.125421238064633,0.182707665946486,-0.0572864278818535,-0.0996092995725746,-0.0423228716907211
"225717",0.140138086962064,0.157992122402169,0.14706458655379,0.010927535848379,0.0178540354401048,0.00692649959172581
"357981",0.0607464639660809,0.105918144309099,0.076935171979785,0.0289829723293142,0.0451716803430182,0.016188708013704
"296151",0.135899360585119,0.104451885528708,0.123179825995647,-0.0187279404669387,-0.0314474750564114,-0.0127195345894727
"135431",0.0359865977363496,0.106511533014222,0.0592509134540625,0.0472606195601593,0.0705249352778722,0.0232643157177129
"579569",8.42021654954235,0.672077824841965,8.42021654954235,-7.74813872470039,-7.74813872470039,0
"333245",0.316608682922577,0.245695612015079,0.288362944312165,-0.0426673322970862,-0.0709130709074982,-0.0282457386104119
"373258",0.018164179411727,0.0802163388745056,0.0369996993059463,0.0432166395685593,0.0620521594627786,0.0188355198942193
"234840",0.503926618045172,0.239188989804674,0.391657093852294,-0.15246810404762,-0.264737628240499,-0.112269524192879
"135275",0.613505023811823,0.286307741837331,0.47572107344679,-0.189413331609459,-0.327197281974493,-0.137783950365033
"496919",0.0770730800351687,0.0829060700357106,0.0768623226503878,0.00604374738532282,0.00583299000054191,-0.000210757384780907
"36940",0.0202383419489955,0.0939612124595219,0.0429690389462272,0.0509921735132946,0.0737228705105264,0.0227306969972318
"469951",0.0227611187710456,0.0993610685812709,0.0474360107240337,0.0519250578572372,0.0765999498102253,0.0246748919529881
"335369",0.0663509773120147,0.13635940931092,0.0908124686496673,0.045546940661253,0.0700084319989056,0.0244614913376526
"33203",0.10348294611386,0.108213925736925,0.105314780350683,0.00289914538624192,0.00473097962306479,0.00183183423682287
"176237",0.0780041366687965,0.0950811723274436,0.084395057382218,0.0106861149452256,0.0170770356586471,0.00639092071342158
"340585",0.710260605723679,0.352421129554443,0.564659705217976,-0.212238575663534,-0.357839476169237,-0.145600900505703
"189485",0.0668589028031967,0.120524012201965,0.0861836238127935,0.0343403883891718,0.0536651093987685,0.0193247210095967
"500449",0.666587665093542,0.375038409399777,0.548000756725688,-0.17296234732591,-0.291549255693765,-0.118586908367855
"482983",1.62112100315072,0.415288562903464,1.034578789448,-0.619290226544538,-1.20583244024726,-0.586542213702719
"320902",6.80359349109823,0.758298979359874,6.80359349109823,-6.04529451173836,-6.04529451173836,0
"402839",0.166416507950058,0.137962722030276,0.155009782783641,-0.017047060753365,-0.0284537859197823,-0.0114067251664173
"296215",1.4758276212203,0.450300566637568,0.991909607129599,-0.541609040492031,-1.02552705458273,-0.483918014090702
"497156",0.2785864349608,0.21968712230886,0.254889045691425,-0.0352019233825646,-0.0588993126519403,-0.0236973892693757
"116716",0.0688287500316916,0.123615906954248,0.0886685951338663,0.0349473118203817,0.0547871569225564,0.0198398451021746
"286479",0.082332493824944,0.119892083362464,0.0958679331343189,0.0240241502281449,0.0375595895375198,0.0135354393093749
"386550",0.256692593391227,0.154539510904949,0.213565703907341,-0.0590261930023916,-0.102153082486277,-0.0431268894838858
"301855",0.0795175946422666,0.125164475791773,0.0960990955483789,0.0290653802433941,0.0456468811495064,0.0165815009061123
"22104",0.033885333588423,0.114913217150988,0.0602418369760134,0.0546713801749746,0.081027883562565,0.0263565033875904
"277710",0.055854472977617,0.126391168622597,0.0805703330111952,0.0458208356114018,0.07053669564498,0.0247158600335782
"312739",0.618658861060419,0.235830485812846,0.45403768322374,-0.218207197410894,-0.382828375247573,-0.164621177836679
"242746",0.100620905113087,0.148406319741206,0.11838048064399,0.030025839097216,0.0477854146281188,0.0177595755309028
"170891",0.0745520328387938,0.09120526636471,0.0807859237004983,0.0104193426642117,0.0166532335259162,0.00623389086170449
"379365",1.02654572526625,0.42084225308546,0.778891527694094,-0.358049274608634,-0.605703472180787,-0.247654197572153
"268847",0.167873138885375,0.162393957045199,0.165680537089677,-0.00328658004447768,-0.00547918184017562,-0.00219260179569794
"397109",0.0883473944307517,0.113619112803693,0.0978353048932052,0.0157838079104883,0.0252717183729418,0.00948791046245351
"266849",0.369691538831076,0.270299872285427,0.327514998739891,-0.0572151264544641,-0.0993916665456491,-0.042176540091185
"214563",0.0529773691584875,0.113808598469712,0.0754166828019423,0.0383919156677692,0.060831229311224,0.0224393136434548
"450194",0.936383712344793,0.309972136983121,0.667613032480764,-0.357640895497643,-0.626411575361671,-0.268770679864029
"125852",0.312775157795963,0.322251565253436,0.316498884750887,0.00575268050254929,0.00947640745747336,0.00372372695492407
"215189",0.660653745023559,0.278868101549797,0.498966785792378,-0.220098684242581,-0.381785643473762,-0.161686959231181
"11489",0.175425172586508,0.133781383738084,0.15843273740606,-0.024651353667976,-0.0416437888484235,-0.0169924351804474
"537941",0.138202576537221,0.153149227872568,0.143996370777396,0.00915285709517144,0.0149466513353468,0.00579379424017537
"484546",0.0634030111579378,0.158537197247582,0.0963687286709476,0.0621684685766346,0.0951341860896445,0.0329657175130099
"356876",1.65442287907938,0.439352345223814,1.07644471527318,-0.637092370049364,-1.21507053385557,-0.577978163806203
"25563",0.059640559990559,0.124246818528896,0.0820393451700372,0.0422074733588586,0.0646062585383368,0.0223987851794783
"480934",0.201513253075149,0.140682921249653,0.176545947243569,-0.0358630259939167,-0.0608303318254967,-0.02496730583158
"223594",0.631666006403814,0.382444060790898,0.530127457380353,-0.147683396589455,-0.249221945612916,-0.101538549023461
"247797",0.0602381727408197,0.0861492310833285,0.069677125304701,0.0164721057786275,0.0259110583425089,0.00943895256388137
"150880",0.264642648419262,0.256613626984841,0.261542711395254,-0.00492908441041329,-0.00802902143442097,-0.00309993702400768
"415147",1.34088254824773,0.526167697211745,0.964019675778724,-0.43785197856698,-0.814714851035987,-0.376862872469007
"8242",0.150740846359148,0.117731122896302,0.137313193919027,-0.0195820710227248,-0.0330097234628461,-0.0134276524401213
"577806",0.209926601568666,0.107663520171896,0.166172983064463,-0.0585094628925664,-0.10226308139677,-0.0437536185042033
"268845",0.067382808273879,0.0911337534681922,0.0761824667627663,0.0149512867054258,0.0237509451943132,0.00879965848888734
"449616",1.0199486266827,0.694247817310596,0.899456892722401,-0.205209075411805,-0.325700809372107,-0.120491733960302
"194208",0.286384762565313,0.204993949182922,0.253062274084209,-0.0480683249012868,-0.0813908133823911,-0.0333224884811044
"394891",0.0702073895042847,0.137776312770199,0.0942586795286268,0.0435176332415725,0.0675689232659146,0.0240512900243421
"567041",0.0503703478876598,0.121728351228471,0.0750479597008906,0.0466803915275808,0.0713580033408116,0.0246776118132308
"95828",0.0553774217060731,0.126984256653921,0.0804395634529924,0.0465446932009281,0.0716068349478474,0.0250621417469193
"475616",0.081523726610808,0.117858483942761,0.0938024247204819,0.0240560592222791,0.0363347573319529,0.0122786981096738
"94926",0.0956092096440779,0.201443054720545,0.132783318519018,0.0686597362015278,0.105833845076467,0.0371741088749396
"131107",0.060151540583239,0.112089427974668,0.0802716953882998,0.0318177325863687,0.0519378873914294,0.0201201548050607
"340122",0.950664471517289,0.181215169435424,0.950664471517289,-0.769449302081865,-0.769449302081865,0
"319541",0.046548444915322,0.135985542254433,0.0767459044936664,0.0592396377607666,0.089437097339111,0.0301974595783444
"38482",0.0625165080147884,0.0954249097215001,0.074502558567405,0.0209223511540952,0.0329084017067117,0.0119860505526165
"80589",0.0803489029978485,0.151847750694133,0.106091638583977,0.0457561121101565,0.0714988476962847,0.0257427355861282
"365227",0.0967417689527526,0.192851648540528,0.131382798017634,0.0614688505228938,0.0961098795877757,0.0346410290648819
"442208",0.0605157511059194,0.160711473510825,0.0949903678125426,0.0657211056982824,0.100195722404906,0.0344746167066232
"426651",0.181275479266969,0.222154816100274,0.196761832012718,0.0253929840875567,0.0408793368333052,0.0154863527457485
"463646",0.100114268912704,0.1350051492771,0.113249941599204,0.0217552076778956,0.0348908803643954,0.0131356726864998
"29999",0.0400155644388326,0.128944173514865,0.0686873473077528,0.0602568262071125,0.0889286090760327,0.0286717828689202
"30224",0.130690590628067,0.171802728316079,0.146306025414547,0.0254967029015317,0.0411121376880116,0.0156154347864798
"541427",0.0691807616195782,0.125294418568916,0.0907733845662946,0.0345210340026218,0.0561136569493382,0.0215926229467164
"56594",2.37608611455111,0.491291730009672,1.38634007141549,-0.895048341405814,-1.88479438454143,-0.98974604313562
"351831",0.102229684675171,0.160158789239594,0.122665288930773,0.037493500308821,0.0579291045644236,0.0204356042556027
"161416",0.0322909684444983,0.11493150265674,0.0592553869885765,0.0556761156681636,0.0826405342122418,0.0269644185440782
"360528",0.186321113769107,0.183484730589785,0.1852233329874,-0.00173860239761489,-0.00283638317932142,-0.00109778078170653
"554174",0.0523212049053353,0.146537646161293,0.083578842779026,0.0629588033822675,0.0942164412559582,0.0312576378736906
"91694",0.234604445993893,0.169391036076377,0.207901899133895,-0.0385108630575188,-0.0652134099175168,-0.026702546859998
"295043",0.0410599687708866,0.117265499251437,0.0669007966817233,0.0503647025697132,0.0762055304805499,0.0258408279108367
"120304",1.61338246000693,0.465075028326911,1.07141981597987,-0.606344787652958,-1.14830743168002,-0.541962644027066
"423958",0.0272483069767242,0.129755964215051,0.0599433706794036,0.0698125935356473,0.102507657238327,0.0326950637026794
"224128",0.536406010517397,0.218572684563178,0.399360924845681,-0.180788240282503,-0.317833325954219,-0.137045085671717
"435144",0.430169145250533,0.229076071501973,0.346967244137827,-0.117891172635855,-0.20109307374856,-0.0832019011127056
"32842",0.707673203662546,0.258299315760451,0.509184661488606,-0.250885345728155,-0.449373887902095,-0.19848854217394
"552016",0.509428938118468,0.327735668348941,0.436528155609431,-0.10879248726049,-0.181693269769527,-0.0729007825090369
"426533",0.365988421102321,0.196785483982537,0.294334351423393,-0.0975488674408567,-0.169202937119785,-0.0716540696789279
"358679",0.0541444759816779,0.118056819457367,0.0764388070121147,0.0416180124452525,0.0639123434756893,0.0222943310304368
"205090",0.725428511252669,0.286360108750194,0.536538374656959,-0.250178265906765,-0.439068402502475,-0.18889013659571
"545743",0.0297541091647048,0.115329010785092,0.0576709156021928,0.0576580951828996,0.0855749016203876,0.027916806437488
"339394",0.520427255819863,0.433111334264668,0.486230304460325,-0.0531189701956573,-0.0873159215551954,-0.0341969513595382
"461407",0.0421982002413931,0.166910156554117,0.0834683940745449,0.0834417624795724,0.124711956312724,0.0412701938331518
"493733",0.136030359790701,0.17244225123187,0.150267956079905,0.0221742951519652,0.0364118914411687,0.0142375962892035
"422306",0.561465858672561,0.426202681291649,0.508005804611501,-0.0818031233198519,-0.135263177380912,-0.0534600540610606
"93565",0.0440995560582535,0.16181406537232,0.083514973093308,0.0782990922790118,0.117714509314066,0.0394154170350545
"159990",0.224171998754323,0.328068185902244,0.261555042194486,0.0665131437077575,0.10389618714792,0.0373830434401629
"242836",0.033102033168811,0.121777326918645,0.0630359130073826,0.058741413911262,0.0886752937498336,0.0299338798385716
"11569",0.108672067263731,0.152515635170717,0.125113229280064,0.0274024058906524,0.0438435679069856,0.0164411620163332
"140900",0.788221826475063,0.157448970766157,0.494207121032226,-0.336758150266068,-0.630772855708906,-0.294014705442838
"95299",0.115120837069653,0.13910509871152,0.124319263694056,0.0147858350174642,0.0239842616418669,0.00919842662440272
"190484",0.675642758477024,0.4027164922764,0.565349107728694,-0.162632615452295,-0.272926266200624,-0.110293650748329
"81630",0.0458684341816929,0.14823986993011,0.0802187173738862,0.0680211525562233,0.102371435748417,0.0343502831921933
"164329",1.52571295789651,0.516297939224647,1.05844433732023,-0.542146398095588,-1.00941501867187,-0.467268620576278
"124706",0.0957157380996649,0.165139580940403,0.12275175592447,0.0423878250159328,0.0694238428407378,0.027036017824805
"469243",1.36153318748402,0.574547143608681,1.00200109270004,-0.427453949091363,-0.786986043875341,-0.359532094783977
"478601",0.513520648417341,0.400545597624387,0.468679321154375,-0.0681337235299876,-0.112975050792954,-0.044841327262966
"105796",0.0781673114575363,0.107271981492259,0.0890334734839133,0.0182385080083461,0.0291046700347231,0.010866162026377
"277013",0.0288444372480542,0.130670305812377,0.0617219089136654,0.0689483968987115,0.101825868564323,0.0328774716656111
"101579",1.05652811388258,0.320608827518466,0.735094853049773,-0.414486025531306,-0.735919286364113,-0.321433260832807
"292279",0.529167581170965,0.466134593912724,0.50499496527214,-0.0388603713594167,-0.0630329872582414,-0.0241726158988247
"130100",0.0710844186689316,0.138997328087602,0.0959265765080634,0.0430707515795391,0.0679129094186709,0.0248421578391318
"561138",0.163242693463948,0.242775042979575,0.19315784736822,0.0496171956113554,0.0795323495156277,0.0299151539042723
"489641",0.112940646799379,0.180421688225483,0.137902211440045,0.0425194767854385,0.067481041426104,0.0249615646406655
"416922",2.43088033504232,0.466635620055124,2.43088033504232,-1.9642447149872,-1.9642447149872,0
"484876",0.334073652515173,0.259966823312442,0.304306901782364,-0.0443400784699213,-0.074106829202731,-0.0297667507328097
"97825",0.271704788256409,0.26130947608,0.267661240671642,-0.00635176459164227,-0.0103953121764094,-0.00404354758476716
"224341",0.189173914429512,0.323560374789633,0.237177818987789,0.0863825558018439,0.134386460360121,0.0480039045582769
"321412",0.154627218285042,0.242132944762449,0.186891083172822,0.0552418615896271,0.0875057264774073,0.0322638648877802
"39896",0.158575549961538,0.140518019513505,0.151274666634891,-0.0107566471213856,-0.0180575304480321,-0.0073008833266465
"259234",0.207033833144902,0.14019881402489,0.17927323234181,-0.0390744183169206,-0.0668350191200118,-0.0277606008030912
"134320",0.226598052192908,0.171597864967919,0.204296682186916,-0.0326988172189966,-0.0550001872249885,-0.0223013700059919
"95230",0.0671242328284379,0.180726387136808,0.107085493288533,0.0736408938482754,0.113602154308371,0.0399612604600952
"432044",0.0602688127393669,0.158315406591037,0.0944313521158108,0.063884054475226,0.0980465938516698,0.0341625393764438
"317127",0.0553009401232031,0.161687928252569,0.0924175969131355,0.0692703313394335,0.106386988129366,0.0371166567899324
"331963",0.041389065142726,0.110960687670223,0.0656985489722401,0.0452621386979833,0.0695716225274973,0.024309483829514
"532078",0.0448037477001449,0.140600449467184,0.0769788056354649,0.0636216438317193,0.0957967017670393,0.03217505793532
"96831",2.68430350652141,0.832969307510938,1.67183009646759,-0.838860788956649,-1.85133419901047,-1.01247341005382
"539179",1.21994431734118,0.822849542213464,1.05309925529326,-0.230249713079794,-0.397094775127718,-0.166845062047924
"178908",0.108999204368016,0.207128555442221,0.144502288131189,0.0626262673110322,0.0981293510742051,0.0355030837631729
"538390",0.0943503798955569,0.162836345880004,0.119309344798321,0.0435270010816834,0.0684859659844472,0.0249589649027638
"55585",0.0682864965857141,0.190289506397164,0.108857886944036,0.0814316194531278,0.122003009811449,0.0405713903583216
"44881",0.0360254883280362,0.135216969552818,0.068875792396471,0.0663411771563467,0.0991914812247816,0.0328503040684349
"510117",0.0356500102508782,0.115867453033177,0.0623425347186177,0.0535249183145589,0.0802174427822984,0.0266925244677395
"234345",0.0795907110825509,0.173973835647583,0.113260166962256,0.0607136686853264,0.0943831245650319,0.0336694558797054
"189573",0.184078991294492,0.27441856052411,0.2173489752255,0.0570695852986108,0.0903395692296187,0.0332699839310079
"246208",2.92557947476934,0.277994925812993,2.92557947476934,-2.64758454895635,-2.64758454895635,0
"418316",0.160590786636369,0.245783757674872,0.19229481726566,0.0534889404092117,0.0851929710385032,0.0317040306292915
"425032",0.224718259860221,0.201888637144047,0.215677373819198,-0.0137887366751502,-0.0228296227161738,-0.00904088604102365
"532575",0.117089496938955,0.112813025953937,0.115413328181451,-0.00260030222751367,-0.00427647098501824,-0.00167616875750456
"430943",0.101145430785398,0.116073740299935,0.106666434945949,0.00940730535398572,0.0149283095145365,0.00552100416055074
"506762",0.473971261245122,0.45648363516658,0.467455936956618,-0.0109723017900379,-0.0174876260785419,-0.00651532428850393
"346042",0.230327614858756,0.186929683655358,0.212830473254602,-0.0259007895992443,-0.0433979312033975,-0.0174971416041532
"546040",0.154988650356341,0.09866616682537,0.131608980836791,-0.0329428140114205,-0.0563224835309708,-0.0233796695195503
"529609",0.0875775962173789,0.165064747852402,0.115682742201292,0.0493820056511106,0.0774871516350236,0.028105145983913
"138564",0.0461546966010202,0.126460528141078,0.0735677661715754,0.0528927619695028,0.0803058315400581,0.0274130695705553
"553457",0.0398263865425782,0.123800134592624,0.0678773992837916,0.0559227353088324,0.0839737480500459,0.0280510127412135
"216114",0.0911198179462483,0.131781185757854,0.106333403573778,0.0254477821840764,0.0406613678116058,0.0152135856275294
"23285",8.76355137821601,0.382855854100327,8.76355137821601,-8.38069552411569,-8.38069552411569,0
"279174",0.0838266710698065,0.113636562893164,0.0949849662482664,0.0186515966448978,0.0298098918233577,0.0111582951784599
"78579",0.144428054779962,0.24748714465357,0.182520555569452,0.0649665890841174,0.103059089873608,0.0380925007894904
"314362",0.746444344249444,0.455260134594045,0.629052255423161,-0.173792120829116,-0.291184209655399,-0.117392088826283
"241429",0.241895374940187,0.218318067927149,0.232659977562327,-0.0143419096351784,-0.0235773070130389,-0.0092353973778605
"528632",0.626066524724732,0.143255779304555,0.401056451840643,-0.257800672536088,-0.482810745420177,-0.225010072884089
"237260",0.0821907332704158,0.198207918401882,0.123204730530212,0.0750031878716701,0.116017185131466,0.0410139972597962
"42497",0.0703205266266873,0.185240121174933,0.110663711046414,0.0745764101285191,0.114919594548245,0.0403431844197262
"62557",0.0348542845433882,0.127085972545348,0.0642295663587339,0.0628564061866138,0.0922316880019594,0.0293752818153456
"83653",0.0335280296453325,0.142762045161926,0.0699198519959264,0.072842193166,0.109234015516594,0.0363918223505939
"229615",0.433005865015557,0.289586444199606,0.374260179236373,-0.0846737350367671,-0.143419420815952,-0.0587456857791845
"80919",0.136116378845757,0.240298315171073,0.173945650846197,0.0663526643248769,0.104181936325316,0.0378292720004392
"141135",0.411558247420118,0.397891748541787,0.406382933631486,-0.00849118508969909,-0.013666498878331,-0.0051753137886319
"220210",0.220517411054315,0.300154552205033,0.250419954381977,0.0497345978230562,0.0796371411507184,0.0299025433276622
"262241",0.0133657883374335,0.118587869091631,0.0448711481365088,0.0737167209551225,0.105222080754198,0.0315053597990753
"83253",0.942016773023518,0.594710019435996,0.805942404473836,-0.21123238503784,-0.347306753587523,-0.136074368549683
"572928",0.0367710997981809,0.0944654578496671,0.0559589073981546,0.0385065504515125,0.0576943580514862,0.0191878075999737
"73257",0.0601723767996447,0.1675429208898,0.0970930257825159,0.0704498951072842,0.107370544090155,0.0369206489828712
"225996",0.0256487441199095,0.127225875472812,0.0574654595208729,0.0697604159519394,0.101577131352903,0.0318167154009633
"92811",0.193778796932381,0.225154303079217,0.205891661039863,0.0192626420393543,0.0313755061468359,0.0121128641074817
"382712",0.102087625353263,0.18473548828035,0.13233931014032,0.0523961781400302,0.0826478629270873,0.0302516847870571
"190957",3.33275194291235,0.578070861447911,3.33275194291235,-2.75468108146443,-2.75468108146443,0
"566654",0.177833198034851,0.266606369927643,0.210488822818466,0.056117547109177,0.0887731718927922,0.0326556247836152
"372639",0.105324293992094,0.198051517967776,0.138913896771292,0.0591376211964834,0.0927272239756819,0.0335896027791985
"330396",0.0302687378040103,0.162545958991457,0.073318086455727,0.0892278725357302,0.132277221187447,0.0430493486517168
"312930",0.145011739389905,0.187225827789439,0.161138403371446,0.0260874244179924,0.0422140883995335,0.0161266639815411
"497774",0.0754002082090859,0.126772163423757,0.0938783170220875,0.0328938464016699,0.0513719552146715,0.0184781088130016
"65779",0.0529225034146329,0.172693484128004,0.0937998504105911,0.078893633717413,0.119770980713371,0.0408773469959582
"140039",0.0182236086492193,0.114697991248361,0.0483442331950417,0.0663537580533197,0.0964743825991421,0.0301206245458224
"501209",0.0632049203024452,0.114502044056547,0.0815458332968457,0.0329562107597015,0.051297123754102,0.0183409129944005
"575997",0.0707608703052677,0.166345729707743,0.104112512089716,0.0622332176180272,0.0955848594024758,0.0333516417844486
"430652",1.57371214213095,1.13899916973912,1.4025854399917,-0.263586270252585,-0.434712972391834,-0.171126702139248
"223826",0.334503809386091,0.285049937765325,0.314810666461781,-0.0297607286964559,-0.0494538716207658,-0.0196931429243098
"242932",0.0659373367349435,0.173093146038651,0.103178678498569,0.0699144675400818,0.107155809303708,0.0372413417636259
"175538",1.68760195233592,0.675918221830813,1.2433637336084,-0.567445511777583,-1.01168373050511,-0.444238218727523
"24906",0.0234761083980314,0.156055449824957,0.0658423903013928,0.0902130595235638,0.132579341426925,0.0423662819033614
"361133",0.0369969980514429,0.164731766868148,0.0800442357008626,0.0846875311672853,0.127734768816705,0.0430472376494198
"129016",0.0740059588435648,0.0979013115896772,0.0847219284586582,0.0131793831310189,0.0238953527461124,0.0107159696150935
"181950",0.0353925922686583,0.158173631820777,0.0749019831963704,0.083271648624407,0.122781039552119,0.0395093909277121
"112975",0.0347430201858518,0.157245623974934,0.0744934458669623,0.0827521781079714,0.122502603789082,0.0397504256811105
"314177",0.0650231638587214,0.114425852282666,0.0829188087188456,0.0315070435638203,0.0494026884239444,0.0178956448601241
"523896",0.0503042723257454,0.146832321357845,0.083381332600676,0.063450988757169,0.0965280490320995,0.0330770602749305
"261797",0.212810886512291,0.264997337394679,0.232870025415357,0.0321273119793215,0.0521864508823874,0.0200591389030658
"497844",0.0350940279885294,0.13576794148668,0.0683466856384523,0.0674212558482273,0.10067391349815,0.0332526576499229
"384494",0.810469408668912,0.564436492246636,0.69579660724238,-0.131360114995744,-0.246032916422276,-0.114672801426532
"113841",0.815192324178263,0.176323771025288,0.522296835288542,-0.345973064263254,-0.638868553152976,-0.292895488889722
"25864",0.0792170195199038,0.134411997776278,0.0992976180925977,0.0351143796836804,0.0551949782563744,0.0200805985726939
"151924",0.118110736196674,0.228050156808011,0.158096568719877,0.0699535880881342,0.109939420611338,0.0399858325232036
"331356",0.0524399191483793,0.132348824035326,0.0803215467103864,0.0520272773249393,0.0799089048869464,0.0278816275620071
"452402",0.0686021169519533,0.220681187151367,0.120505053636,0.100176133515367,0.152079070199413,0.0519029366840467
"145799",0.00825613132657838,0.122894577578351,0.0409424498638222,0.0819521277145283,0.114638446251772,0.0326863185372438
"436985",0.331374454532325,0.406528951313746,0.35959688419918,0.0469320671145664,0.0751544967814216,0.0282224296668551
"248330",0.0778584492971114,0.156223693499185,0.106128246704886,0.0500954467942985,0.0783652442020734,0.0282697974077748
"147728",0.389288665249621,0.397350496841358,0.392426738758615,0.00492375808274215,0.00806183159173651,0.00313807350899437
"351152",0.354209107383857,0.531624367829462,0.419026166820735,0.112598201008727,0.177415260445606,0.0648170594368785
"379015",0.109985712602347,0.171130540419247,0.133013772504921,0.0381167679143262,0.0611448278169002,0.023028059902574
"372722",0.0197554073988088,0.125217447487191,0.052659576148164,0.0725578713390267,0.105462040088382,0.0329041687493552
"282271",0.586503063500789,0.569980154374313,0.58234725982163,-0.0123671054473167,-0.0165229091264756,-0.00415580367915891
"185728",0.0281198119384874,0.134599729502704,0.062551098084876,0.0720486314178278,0.106479917564216,0.0344312861463886
"114578",0.510956500415863,0.436643168326702,0.481533496898601,-0.044890328571899,-0.0743133320891606,-0.0294230035172616
"327751",0.0937879955137972,0.129985977056053,0.107314500318372,0.0226714767376811,0.0361979815422554,0.0135265048045744
"121288",0.0485284335516765,0.143592414255845,0.0809555240414029,0.0626368902144422,0.0950639807041687,0.0324270904897265
"269638",0.346769481368286,0.380072062112522,0.35946197160265,0.0206100905098723,0.0333025807442359,0.0126924902343636
"72967",0.0360982599405431,0.157642555492438,0.0758244210161201,0.0818181344763184,0.121544295551895,0.039726161075577
"127710",0.0861832339679227,0.12235380740143,0.0998871041942998,0.0224667032071297,0.0361705734335068,0.013703870226377
"166247",0.0419562277611959,0.153474896473931,0.0797427085773634,0.0737321878965677,0.111518668712735,0.0377864808161675
"119010",0.803803838436284,0.419828822134383,0.647066501180041,-0.227237679045659,-0.383975016301901,-0.156737337256242
"410960",0.0550804433151589,0.0830263097724455,0.064254859986932,0.0187714497855135,0.0279458664572866,0.00917441667177316
"257327",0.0873887037987619,0.183006043478964,0.122071039808506,0.0609350036704582,0.0956173396802019,0.0346823360097437
"316015",1.15614968730257,0.462855617341054,0.827190411018444,-0.36433479367739,-0.693294069961514,-0.328959276284124
"516423",0.0324212554708418,0.122259423366931,0.0626570301968378,0.0596023931700933,0.0898381678960893,0.030235774725996
"85620",0.0764154163017652,0.14983383800272,0.102833560665814,0.0470002773369059,0.0734184217009544,0.0264181443640485
"437476",0.109983285182441,0.216556278027897,0.148410443869712,0.0681458341581854,0.106572992845456,0.0384271586872709
"309552",0.0135307759547363,0.112617614265536,0.0429934769994746,0.0696241372660616,0.0990868383107999,0.0294627010447383
"369581",0.0946058842135772,0.135330895399014,0.109860473953907,0.0254704214451074,0.0407250111854372,0.0152545897403298
"229609",0.274823241669905,0.239499168750614,0.260762916192549,-0.0212637474419355,-0.0353240729192907,-0.0140603254773552
"415173",1.01641654079995,0.531885787541179,0.789195371400559,-0.25730958385938,-0.484530753258772,-0.227221169399391
"438034",0.0306740110075954,0.184016553984735,0.0797471835384427,0.104269370446293,0.15334254297714,0.0490731725308473
"18613",0.0419336738129492,0.155196247055431,0.0799150274378701,0.0752812196175609,0.113262573242482,0.0379813536249209
"91142",0.0332171035198822,0.171330754728952,0.0777700416891079,0.0935607130398443,0.13811365120907,0.0445529381692256
"200983",0.352373166794359,0.385648908995074,0.365226396753998,0.0204225122410755,0.0332757422007144,0.0128532299596389
"339547",0.0292072797148643,0.0984484107617751,0.052228291130752,0.0462201196310231,0.0692411310469108,0.0230210114158877
"549557",0.022693190676654,0.11483393938168,0.0526397341837079,0.0621942051979721,0.0921407487050261,0.0299465435070539
"555266",1.11684493313872,0.633146826691977,0.928247118738962,-0.295100292046985,-0.483698106446748,-0.188597814399763
"71374",0.0574307428435591,0.183826535616757,0.101080644020249,0.0827458915965079,0.126395792773198,0.0436499011766897
"304548",1.96658240770292,0.608167251058575,1.26462721578994,-0.656459964731365,-1.35841515664434,-0.701955191912976
"408607",0.0361919127424985,0.100664149664552,0.0575766850434365,0.0430874646211158,0.0644722369220538,0.021384772300938
"466420",0.0209789030403465,0.151469384364286,0.0618966798013574,0.0895727045629287,0.13049048132394,0.040917776761011
"347919",0.0809379748057064,0.187255180802161,0.118604609806112,0.0686505709960486,0.106317205996455,0.0376666350004059
"413787",0.11154304919977,0.212787011494212,0.147907551071928,0.064879460422284,0.101243962294442,0.0363645018721582
"203508",0.0478005968049692,0.163655070836722,0.0873086500796233,0.076346420757099,0.115854474031753,0.0395080532746541
"234646",0.0982149494704392,0.289280932361863,0.163606695045589,0.125674237316274,0.191065982891424,0.0653917455751499
"442278",0.144658747644703,0.213209310069455,0.169796428568977,0.043412881500478,0.0685505624247527,0.0251376809242747
"337977",0.321734282980577,0.28777019536346,0.308019178509421,-0.0202489831459612,-0.0339640876171168,-0.0137151044711556
"402987",1.2144362684889,1.08522111745921,1.16335257837626,-0.0781314609170545,-0.129215151029693,-0.0510836901126381
"234057",0.045793288167351,0.111401061795512,0.0683354030642196,0.0430656587312928,0.0656077736281614,0.0225421148968686
"312551",0.227668996882143,0.202409523520564,0.21740754800306,-0.0149980244824963,-0.0252594733615792,-0.0102614488790829
"68989",3.19342832563752,0.971263234633182,2.02296413742168,-1.0517009027885,-2.22216509100434,-1.17046418821583
"513232",0.0590493144291731,0.171722358770344,0.0990185523667125,0.0727038064036317,0.112673044341171,0.0399692379375394
"245125",1.64688877955962,0.892576364265273,1.28327232405424,-0.390695959788962,-0.75431241529435,-0.363616455505388
"194695",0.0430539993834899,0.0994493416560748,0.0623783719553831,0.0370709697006917,0.056395342272585,0.0193243725718933
"433183",0.0450562906569296,0.203353485519424,0.0960663598680458,0.107287125651379,0.158297194862495,0.0510100692111162
"79893",0.0933715421615125,0.259455713355781,0.151059560264275,0.108396153091506,0.166084171194269,0.0576880181027623
"280250",0.0182695687673492,0.173084452686841,0.065845203914775,0.107239248772066,0.154814883919491,0.0475756351474258
"202363",0.204244315886451,0.223294356571452,0.211692385374717,0.0116019711967346,0.0190500406850012,0.00744806948826657
"85956",0.0519429861276785,0.17635530406661,0.0941308315209569,0.0822244725456527,0.124412317938931,0.0421878453932784
"213245",0.0228131782898002,0.153377766353762,0.0638152481460074,0.0895625182077551,0.130564588063962,0.0410020698562072
"131758",3.14924550087874,0.924123363924653,1.96501546176891,-1.04089209784426,-2.22512213695409,-1.18423003910983
"454267",0.121018819789665,0.192227030359045,0.147880304532086,0.0443467258269586,0.0712082105693798,0.0268614847424212
"235979",0.711720499983514,0.263785955698721,0.517733946530452,-0.25394799083173,-0.447934544284792,-0.193986553453062
"515582",0.0732851609382637,0.132326933656051,0.0947083287705987,0.0376186048854525,0.0590417727177874,0.021423167832335
"310450",1.38897920862327,0.998409722629773,1.20201718052946,-0.203607457899687,-0.3905694859935,-0.186962028093812
"269563",0.0849194659724356,0.288976280074801,0.154428820611252,0.134547459463549,0.204056814102365,0.069509354638816
"233967",0.0575770841845204,0.134903776514947,0.0845492061856852,0.050354570329262,0.0773266923304269,0.0269721220011648
"398335",0.884433369552274,0.791840763712117,0.844513930839601,-0.0526731671274845,-0.0925926058401575,-0.039919438712673
"329139",0.025973385638791,0.131998315168604,0.0616634466367922,0.070334868531812,0.106024929529813,0.0356900609980012
"149188",0.0125514705526593,0.108516535562227,0.040736750770197,0.0677797847920296,0.0959650650095673,0.0281852802175377
"257794",0.387327263674911,0.332062130272859,0.365018440737319,-0.0329563104644595,-0.0552651334020521,-0.0223088229375926
"441288",2.17658420198396,0.715803187522154,1.45112009812568,-0.735316910603521,-1.46078101446181,-0.725464103858288
"25024",0.19795012017574,0.278494669026667,0.228820996295483,0.0496736727311838,0.0805445488509272,0.0308708761197433
"522137",0.190440918117049,0.356903905045609,0.249976802446775,0.106927102598834,0.16646298692856,0.0595358843297263
"485400",0.0540055343816521,0.161144643051867,0.0904944963945017,0.0706501466573655,0.107139108670215,0.0364889620128496
"97214",0.0910121247395036,0.267171963934326,0.151746849919414,0.115425114014912,0.176159839194823,0.0607347251799107
"425834",0.153830947285278,0.337655431893674,0.218428576858942,0.119226855034732,0.183824484608395,0.0645976295736637
"3295",0.0552196993602236,0.159484836646314,0.0909466545445145,0.0685381821017995,0.10426513728609,0.0357269551842908
"552163",0.530618306322379,0.263169915144417,0.418215700705433,-0.155045785561017,-0.267448391177963,-0.112402605616946
"501299",1.39965443549393,0.576323898989785,1.02499305363145,-0.448669154641661,-0.823330536504141,-0.37466138186248
"204818",0.116461427065369,0.150068654440233,0.130621200268872,0.0194474541713612,0.0336072273748642,0.014159773203503
"255366",0.0549320949837741,0.171084100294274,0.095479527191532,0.0756045731027418,0.1161520053105,0.0405474322077579
"138562",0.20158456046441,0.155580545315849,0.182727984706944,-0.0271474393910952,-0.0460040151485606,-0.0188565757574654
"251389",0.14158710003723,0.159335519683853,0.148517370844906,0.0108181488389468,0.0177484196466227,0.00693027080767591
"342163",0.709749602971862,0.93534793771965,0.803344891449138,0.132003046270512,0.225598334747788,0.0935952884772757
"251968",0.0715351332118768,0.179408472696142,0.109835470290369,0.0695730024057731,0.107873339484265,0.038300337078492
"51329",0.381801274221453,0.216864137132505,0.31210476433541,-0.0952406272029058,-0.164937137088948,-0.0696965098860427
"415216",0.221653734999077,0.327793759000348,0.259173693738348,0.0686200652620002,0.106140024001271,0.0375199587392711
"481727",0.0914468744925636,0.147307079129697,0.112125022426479,0.0351820567032173,0.0558602046371329,0.0206781479339156
"194721",0.0287242165038208,0.0965024860368446,0.0506999376362375,0.0458025484006071,0.0677782695330238,0.0219757211324167
"567276",0.0864424369830727,0.244635568798471,0.142009437068127,0.102626131730344,0.158193131815399,0.0555670000850547
"134589",0.0880868255866217,0.251022683369897,0.14430564428245,0.106717039087447,0.162935857783275,0.0562188186958281
"257651",0.103681279771693,0.225549481015173,0.147892510053941,0.077656970961232,0.12186820124348,0.0442112302822476
"33547",0.0920582735911185,0.241219304007537,0.144832352230921,0.0963869517766161,0.149161030416419,0.0527740786398028
"553156",1.87969210913621,0.984398525942662,1.45806336856458,-0.473664842621921,-0.89529358319355,-0.421628740571629
"470166",0.0725600468235524,0.191551363632619,0.11447236101033,0.0770790026222884,0.118991316809066,0.0419123141867777
"375444",0.341979162715905,0.504565788574522,0.400308663245789,0.104257125328733,0.162586625858616,0.0583295005298838
"78329",3.07350195833686,0.813635530641197,1.84433704933907,-1.03070151869787,-2.25986642769567,-1.2291649089978
"316645",0.12595420684659,0.273385792322617,0.178775770320719,0.0946100220018979,0.147431585476027,0.0528215634741288
"439406",0.0739577166901647,0.207047131964407,0.120102819986857,0.08694431197755,0.133089415274242,0.0461451032966922
"347803",0.130282769689628,0.133029433910441,0.131367394836051,0.00166203907439022,0.00274666422081235,0.00108462514642213
"153693",0.819697305868529,0.539232720446793,0.708154250356063,-0.168921529909269,-0.280464585421736,-0.111543055512467
"387781",0.0403481732105357,0.157263528702552,0.0794108806549809,0.0778526480475708,0.116915355492016,0.0390627074444451
"205550",0.0349444533395245,0.106672314085322,0.0584948130778414,0.048177501007481,0.071727860745798,0.023550359738317
"435413",0.0888898249718903,0.185025606011324,0.123991048306389,0.0610345577049349,0.0961357810394337,0.0351012233344987
"228618",0.100040884222838,0.194629767679919,0.134352252394976,0.0602775152849426,0.0945888834570803,0.0343113681721378
"195957",0.426794169755936,0.487659739534672,0.449500714103462,0.0381590254312092,0.0608655697787357,0.0227065443475264
"536670",0.0617256268471099,0.218650397900511,0.115803991513969,0.102846406386542,0.156924771053401,0.0540783646668586
"499765",0.137210865419121,0.352449978095008,0.212761302830232,0.139688675264777,0.215239112675887,0.0755504374111106
"234631",0.116588070384742,0.227180258745976,0.156933884411822,0.0702463743341539,0.110592188361234,0.0403458140270796
"385783",0.585958115098662,0.743562589223107,0.642614001388324,0.100948587834784,0.157604474124445,0.0566558862896615
"172301",0.0616470494006549,0.223588008070515,0.116585292177577,0.107002715892938,0.16194095866986,0.0549382427769216
"468999",0.228828164335072,0.214048465632117,0.223046585674189,-0.00899812004207176,-0.0147796987029547,-0.00578157866088291
"292285",0.0622018218404491,0.153061833374212,0.0948062814802807,0.058255551893931,0.0908600115337626,0.0326044596398315
"25436",0.228206594726729,0.409946304117989,0.293042944543552,0.116903359574437,0.18173970939126,0.0648363498168229
"320476",0.104437233404665,0.231264920699365,0.151228564755969,0.0800363559433965,0.126827687294701,0.046791331351304
"226990",0.0138132432015159,0.13120342231449,0.0495276755490742,0.0816757467654157,0.117390179112974,0.0357144323475584
"384169",0.0510389413090474,0.120248998626288,0.0748466953885293,0.0454023032377585,0.0692100573172404,0.0238077540794819
"193890",0.0851124724459204,0.225467266529165,0.13509951976964,0.0903677467595244,0.140354794083244,0.0499870473237198
"67714",0.0797984265630737,0.168857223640915,0.111665803202458,0.0571914204384574,0.0890587970778415,0.0318673766393841
"398425",0.498804904111904,0.501227729385464,0.499686614330619,0.00154111505484494,0.00242282527356041,0.00088171021871547
"7975",0.162526003919188,0.189281869792732,0.174366400562817,0.014915469229915,0.0267558658735436,0.0118403966436286
"415928",0.0230564633725124,0.0935940887613323,0.045223901532309,0.0483701872290234,0.07053762538882,0.0221674381597966
"477897",0.340736313591679,0.228602516872453,0.294464582490134,-0.0658620656176809,-0.112133796719225,-0.0462717311015444
"470807",0.0429747867803474,0.155036301692481,0.080407813244306,0.0746284884481751,0.112061514912134,0.0374330264639586
"305640",0.0186235122514653,0.141781390649658,0.0568972405377129,0.0848841501119453,0.123157878398193,0.0382737282862476
"336476",0.04598289631828,0.173169232048626,0.0895253054292996,0.0836439266193264,0.127186335730346,0.0435424091110196
"308754",0.107333056632703,0.158028463175086,0.126370031713059,0.0316584314620267,0.0506954065423831,0.0190369750803564
"98967",2.11088233991773,0.617441346579609,1.35170570233219,-0.734264355752586,-1.49344099333812,-0.759176637585531
"75523",0.159983949933752,0.217633124461354,0.181957972112399,0.0356751523489547,0.0576491745276013,0.0219740221786466
"223337",0.216008517076824,0.216583997786552,0.216123460312587,0.000460537473964601,0.000575480709727544,0.000114943235762943
"557824",0.560179991134132,0.317532392464836,0.459477629873628,-0.141945237408792,-0.242647598669296,-0.100702361260503
"231750",0.0471684003209591,0.110719215034734,0.0691685245860778,0.0415506904486563,0.0635508147137749,0.0220001242651187
"154205",1.22909140325623,0.879184775487234,1.08240387742228,-0.203219101935042,-0.349906627768996,-0.146687525833954
"55388",0.123717115554403,0.267413376235148,0.175565373025811,0.0918480032093378,0.143696260680745,0.0518482574714076
"429317",0.165918314067194,0.322356984963502,0.222096576046687,0.100260408916815,0.156438670896308,0.0561782619794932
"417107",0.0628685429452863,0.138538062619246,0.0894063812957264,0.0491316813235193,0.0756695196739594,0.0265378383504401
"447342",0.664233856271477,0.323020697051405,0.519433023972254,-0.196412326920848,-0.341213159220072,-0.144800832299224
"229213",4.0223044807922,0.486115442780113,4.0223044807922,-3.53618903801208,-3.53618903801208,0
"450375",1.71018293199062,1.22610124854278,1.49325774176003,-0.267156493217256,-0.484081683447841,-0.216925190230585
"83526",0.116977963247738,0.192967252057088,0.145479545431068,0.0474877066260196,0.0759892888093499,0.0285015821833303
"471300",0.14775233077891,0.347885778904889,0.217533480776344,0.130352298128544,0.200133448125978,0.0697811499974342
"307112",0.263630236921656,0.324511932621766,0.286454217473541,0.0380577151482253,0.0608816957001105,0.0228239805518852
"502797",0.319339818306325,0.368092171821483,0.337177647681427,0.030914524140056,0.0487523535151584,0.0178378293751024
"405750",0.105783080921962,0.259506115555834,0.159209722011434,0.1002963935444,0.153723034633872,0.0534266410894724
"475757",0.0633972459167159,0.161292240481524,0.097351557837744,0.0639406826437803,0.0978949945648085,0.0339543119210282
"515480",2.0512972019854,0.813227771806748,1.44970825967731,-0.636480487870564,-1.23806943017865,-0.601588942308085
"484874",0.03494756332432,0.137994708007004,0.0701780485143496,0.0678166594926543,0.103047144682684,0.0352304851900296
"336195",0.0674259918513274,0.175445358751965,0.104804661041179,0.0706406977107856,0.108019366900637,0.0373786691898517
"56813",0.0412026692094751,0.147423123783495,0.0764471154456488,0.0709760083378457,0.106220454574019,0.0352444462361737
"113245",0.188803694391287,0.310190241732123,0.233416572355181,0.0767736693769412,0.121386547340835,0.0446128779638943
"5736",0.00939650143593899,0.117536131367281,0.0407049865317489,0.0768311448355326,0.108139629931343,0.0313084850958099
"394339",0.180716330820379,0.333209145213208,0.235591653995606,0.0976174912176021,0.15249281439283,0.0548753231752276
"467967",0.389881907075423,0.334759119440006,0.368086846855542,-0.0333277274155362,-0.0551227876354164,-0.0217950602198802
"249966",0.0276465036362788,0.189306285062294,0.0787091749932749,0.110597110069019,0.161659781426015,0.0510626713569961
"27138",0.246034180937768,0.260507894249628,0.251626617140651,0.00888127710897696,0.0144737133118601,0.00559243620288313
"226352",0.0246617384409462,0.150063841854973,0.0655164408370966,0.0845474010178766,0.125402103414027,0.0408547023961504
"415759",0.505460415667846,0.38384824122664,0.454499179935259,-0.0706509387086187,-0.121612174441206,-0.0509612357325874
"255038",0.13838876918078,0.196621804376418,0.160372186225106,0.0362496181513123,0.0582330351956379,0.0219834170443256
"524280",1.5243231470838,1.26152453214188,1.40700370565071,-0.145479173508825,-0.262798614941914,-0.117319441433089
"189134",0.055947606897091,0.184462394526626,0.100208791797099,0.0842536027295273,0.128514787629535,0.0442611849000081
"19427",1.16506778891075,0.914628925311107,1.06108551315118,-0.146456587840073,-0.25043886359964,-0.103982275759567
"487007",0.4799839883304,0.28060700989302,0.396706691891793,-0.116099681998773,-0.19937697843738,-0.0832772964386073
"78998",0.0393630500292434,0.1911387384609,0.0900409191696149,0.101097819291285,0.151775688431657,0.0506778691403715
"87808",0.634015750544514,0.556150889348603,0.603350973875701,-0.047200084527098,-0.0778648611959102,-0.0306647766688122
"395254",0.199152965133506,0.391079643929173,0.267158523730721,0.123921120198451,0.191926678795667,0.0680055585972156
"345830",0.0220764796429034,0.160110962786413,0.0658074486633799,0.0943035141230335,0.13803448314351,0.0437309690204765
"115405",1.30697212656094,0.919613353611381,1.14649562110978,-0.226882267498397,-0.387358772949561,-0.160476505451165
"290256",0.036757331543153,0.149254207547728,0.0735572985357912,0.0756969090119366,0.112496876004575,0.0367999669926381
"517700",0.0691342393454128,0.19966456547967,0.114996477897699,0.0846680875819716,0.130530326134258,0.0458622385522861
"406369",0.0327264521241198,0.150475693404965,0.0711132909361002,0.0793624024688648,0.117749241280845,0.0383868388119804
"126429",0.370411588898931,0.350526269298476,0.36257391607556,-0.012047646777084,-0.0198853196004551,-0.00783767282337117
"484125",0.0491375262319883,0.142123252002895,0.0812500919839008,0.0608731600189946,0.0929857257709072,0.0321125657519125
"315616",0.102542331602302,0.174186846980014,0.129213899504469,0.0449729474755445,0.0716445153777115,0.0266715679021671
"159574",0.0361041965984742,0.147977362487989,0.0727165311530654,0.0752608313349232,0.111873165889514,0.0366123345545912
"39337",0.100672425737429,0.159918125826911,0.12284729869035,0.037070827136561,0.0592457000894815,0.0221748729529204
"109076",1.14575030189499,0.746218366231974,0.996834330175035,-0.250615963943061,-0.399531935663012,-0.148915971719951
"446890",0.00646617181177883,0.131294160943239,0.0430385117675985,0.0882556491756407,0.12482798913146,0.0365723399558197
"278318",0.171733499943901,0.269104939538042,0.208357239181766,0.0607477003562765,0.0973714395941417,0.0366237392378652
"284205",0.0679870670758426,0.207342359878832,0.116221025345594,0.0911213345332379,0.139355292802989,0.0482339582697515
"390337",0.0345584629948878,0.159280484040725,0.0753622140918197,0.0839182699489053,0.124722021045837,0.040803751096932
"559811",0.0214265672169167,0.100463870252962,0.0464021473165144,0.0540617229364471,0.0790373030360448,0.0249755800995977
"289914",0.127795230077385,0.304862581025363,0.190342456371837,0.114520124653526,0.177067350947979,0.0625472262944524
"576117",0.0479392714386227,0.212983420311464,0.103175032125883,0.109808388185582,0.165044148872842,0.0552357606872599
"486890",0.158410690813849,0.211150482376501,0.178633698778544,0.0325167835979574,0.0527397915626515,0.0202230079646941
"486030",0.0807368929930747,0.185681507301752,0.118324890160147,0.0673566171416054,0.104944614308678,0.0375879971670723
"98397",1.28107190790792,0.755260201434785,1.05293854480539,-0.297678343370605,-0.525811706473137,-0.228133363102532
"314329",0.394974073738572,0.471008551365406,0.423542714017366,0.0474658373480398,0.0760344776268335,0.0285686402787937
"329281",0.0435003758269627,0.178582261131988,0.0886235611373287,0.0899586999946589,0.135081885305025,0.045123185310366
"189377",0.033866473052265,0.177397734211564,0.0824517298191997,0.0949460043923641,0.143531261159299,0.0485852567669347
"577207",0.478974120190144,0.429479815191166,0.460073278392812,-0.0305934632016462,-0.0494943049989775,-0.0189008417973313
"260353",1.15814704631447,0.357976662676373,0.757994789597656,-0.400018126921283,-0.800170383638097,-0.400152256716814
"133122",0.133188285520735,0.210380839883462,0.162268437327085,0.0481124025563768,0.0771925543627268,0.02908015180635
"58308",0.265083053855718,0.317424833092584,0.28501832984921,0.0324065032433741,0.0523417792368661,0.019935275993492
"160213",0.10506471290007,0.183097473650012,0.134177755750649,0.0489197178993629,0.0780327607499416,0.0291130428505787
"570449",0.0898614378717369,0.2102068432787,0.132649434823532,0.077557408455168,0.120345405406963,0.0427879969517954
"28981",0.519507483869451,0.69391740407996,0.583368732940925,0.110548671139035,0.174409920210508,0.0638612490714734
"29562",0.667440881133001,0.188923524342169,0.45497088365096,-0.266047359308792,-0.478517356790833,-0.212469997482041
"564506",1.03737202756994,0.599494908888909,0.835618941468569,-0.23612403257966,-0.437877118681032,-0.201753086101372
"407024",0.267542420441364,0.45230474354647,0.333316072713653,0.118988670832817,0.184762323105106,0.065773652272289
"397528",0.0318300983781077,0.155818253449796,0.0740518396310874,0.0817664138187088,0.123988155071688,0.0422217412529797
"175205",0.794447570892154,0.772291550822544,0.784762668019861,-0.0124711171973166,-0.02215602006961,-0.0096849028722934
"36774",0.923782085749078,0.784938170242937,0.872874152262843,-0.0879359820199066,-0.138843915506141,-0.0509079334862345
"438877",0.111944619943275,0.267850793214834,0.166811104454184,0.10103968876065,0.155906173271558,0.0548664845109085
"563111",0.38544787214546,0.315905715632132,0.35796091723977,-0.042055201607638,-0.069542156513328,-0.02748695490569
"41088",0.802316179537411,0.479679436967205,0.674519363451065,-0.19483992648386,-0.322636742570205,-0.127796816086345
"25598",0.209880300555897,0.365527669934042,0.266671586062385,0.0988560838716571,0.155647369378144,0.0567912855064873
"8525",0.895789849148393,0.403941192547745,0.651720430838574,-0.247779238290829,-0.491848656600648,-0.244069418309819
"196954",1.29320766333226,0.980493946642526,1.16458000812242,-0.184086061479894,-0.312713716689734,-0.12862765520984
"465554",0.071773607605002,0.120134122538949,0.0912065313152909,0.0289275912236581,0.0483605149339471,0.0194329237102889
"155731",0.456366621144622,0.381292515756,0.42686142763891,-0.0455689118829103,-0.0750741053886221,-0.0295051935057118
"147442",0.219880728567181,0.301446491653319,0.250707327001356,0.0507391646519631,0.0815657630861383,0.0308265984341752
"470075",0.284501755547537,0.499894399649271,0.360919677834658,0.138974721814613,0.215392644101735,0.0764179222871211
"61328",0.26885407049251,0.186233715334163,0.234692131334139,-0.0484584159999759,-0.0826203551583471,-0.0341619391583712
"258685",1.29792334056954,0.883290828256935,1.12408060619521,-0.240789777938277,-0.414632512312601,-0.173842734374323
"126868",0.0582153885823226,0.222315854249234,0.114034195798154,0.108281658451081,0.164100465666912,0.0558188072158313
"49424",0.163451934474286,0.30741202339156,0.216664226036102,0.0907477973554574,0.143960088917273,0.0532122915618161
"52375",1.43145050425489,0.74663169190017,1.13460176544968,-0.387970073549511,-0.684818812354723,-0.296848738805213
"496458",0.0724395246492789,0.264739474944099,0.1382607909694,0.126478683974699,0.19229995029482,0.0658212663201208
"317373",1.30317365310164,0.818936567410265,1.09618263632451,-0.277246068914242,-0.48423708569138,-0.206991016777138
"487621",0.134270728053119,0.311517886523799,0.196750364676977,0.114767521846821,0.177247158470679,0.0624796366238578
"76428",0.107690367515261,0.289866760891679,0.17086668470649,0.119000076185189,0.182176393376418,0.0631763171912291
"555000",0.0459827292048997,0.159608167715491,0.0855118116235167,0.0740963560919744,0.113625438510591,0.039529082418617
"40560",0.130262422820956,0.317906628867002,0.19578531054177,0.122121318325231,0.187644206046046,0.0655228877208149
"275624",0.416420745649107,0.598461174350149,0.48265494611562,0.11580622823453,0.182040428701042,0.0662342004665123
"139630",0.42762185491445,0.235184059004219,0.346870231375647,-0.111686172371428,-0.192437795910231,-0.0807516235388036
"119541",0.169782667457923,0.359558414205855,0.237493827881825,0.122064586324029,0.189775746747932,0.0677111604239024
"151223",0.0809639265646566,0.151336399670744,0.106609308900693,0.0447270907700502,0.070372473106087,0.0256453823360368
"314993",1.15516774080451,0.997815808430081,1.09037222965319,-0.0925564212231076,-0.157351932374426,-0.0647955111513188
"68576",0.357965604217207,0.420939965398978,0.381440108930967,0.0394998564680116,0.0629743611817712,0.0234745047137596
"311245",0.105530739285209,0.283530319515312,0.167943992445057,0.115586327070255,0.177999580230102,0.0624132531598473
"478813",0.0414424045291305,0.201422452854218,0.0939607448299823,0.107461708024236,0.159980048325087,0.0525183403008519
"351820",0.230077872472171,0.186338833857425,0.212471938060957,-0.0261331042035322,-0.0437390386147456,-0.0176059344112134
"351178",0.0527034499671314,0.223132971615544,0.111304495824309,0.111828475791235,0.170429521648413,0.0586010458571772
"229628",0.200550696794013,0.294323071995366,0.232879422858505,0.061443649136861,0.0937723752013528,0.0323287260644919
"554369",0.128780668373094,0.313731617062566,0.194905042861609,0.118826574200957,0.184950948689471,0.0661243744885144
"305849",0.253391480492046,0.463029493992375,0.327897671576145,0.13513182241623,0.209638013500329,0.0745061910840987
"21839",0.0166733975353789,0.164763833867377,0.0615685048551974,0.103195329012179,0.148090436331998,0.0448951073198185
"204296",0.214574126026352,0.543759161330946,0.326050133504556,0.21770902782639,0.329185035304594,0.111476007478204
"538887",0.320180454823172,0.172212272444612,0.256251608046668,-0.0840393356020555,-0.14796818237856,-0.0639288467765042
"7664",0.0448408630645556,0.14285094944061,0.0779638464021237,0.0648871030384868,0.0980100863760549,0.033122983337568
"516227",0.096256946097091,0.269452103300635,0.157785768922263,0.111666334378372,0.173195157203544,0.0615288228251722
"97023",0.0710221027910658,0.291941934656082,0.145723340281766,0.146218594374316,0.220919831865016,0.0747012374907003
"432655",0.0363085589105763,0.173612311702809,0.082665287455792,0.0909470242470167,0.137303752792232,0.0463567285452157
"112291",0.261843382784844,0.382906924995685,0.305848405571978,0.0770585194237074,0.121063542210841,0.0440050227871339
"100340",0.969924355814259,0.82113856064873,0.89289839759349,-0.0717598369447603,-0.148785795165529,-0.0770259582207692
"238512",0.0724985134806383,0.152183849150253,0.101111314760976,0.0510725343892764,0.0796853356696145,0.0286128012803381
"275468",1.89515976976512,1.14419790617821,1.55407681868637,-0.409878912508162,-0.750961863586908,-0.341082951078747
"336260",0.461935948255288,0.421484131542023,0.445280081428918,-0.0237959498868948,-0.0404518167132646,-0.0166558668263698
"511109",0.0347992948873794,0.175373269039464,0.0813886188745694,0.0939846501648944,0.140573974152084,0.04658932398719
"129813",0.366477453160166,0.491965272459015,0.413428084287022,0.0785371881719934,0.125487819298849,0.046950631126856
"8687",0.0972159706529832,0.216444395605943,0.139936115638799,0.0765082799671437,0.11922842495296,0.0427201449858163
"9442",0.0279152242171658,0.160867281138913,0.0704250114900597,0.0904422696488534,0.132952056921747,0.0425097872728939
"77020",1.07821264151462,0.540256029941575,0.8284509817883,-0.288194951846725,-0.537956611573046,-0.249761659726321
"486256",0.019988833262079,0.151041301348821,0.0609058616826429,0.090135439666178,0.131052468086742,0.0409170284205639
"407856",2.52285624741417,1.04363646398625,1.73724395080119,-0.693607486814944,-1.47921978342792,-0.785612296612975
"229834",0.0335433646552961,0.18969356420449,0.083883207075489,0.105810357129,0.156150199549193,0.050339842420193
"512570",0.56514366734664,0.712299813750848,0.617097483173035,0.0952023305778128,0.147156146404208,0.0519538158263952
"328649",0.579713210422629,0.426231588140734,0.518741902581957,-0.0925103144412235,-0.153481622281895,-0.060971307840672
"104095",0.213519048341354,0.340508844103231,0.26028175616131,0.0802270879419211,0.126989795761877,0.0467627078199561
"574516",0.0841780922446683,0.211938239919794,0.128959865866036,0.0829783740537574,0.127760147675125,0.044781773621368
"257737",0.0424040689946309,0.138356368730491,0.0747901384330586,0.0635662302974321,0.0959522997358598,0.0323860694384277
"261708",0.889200641150448,0.625206838410814,0.767182082536592,-0.141975244125777,-0.263993802739634,-0.122018558613856
"249644",0.0936231465902849,0.282237206803334,0.160246837044611,0.121990369758723,0.188614060213049,0.0666236904543261
"60050",4.34097516627384,1.4309721209971,2.72057416972464,-1.28960204872753,-2.91000304527674,-1.6204009965492
"37801",0.100170503618032,0.097229847492304,0.100488062538774,-0.00325821504647007,-0.00294065612572771,0.000317558920742367
"424070",0.280929567647609,0.276306192626617,0.279111877279823,-0.00280568465320619,-0.00462337502099225,-0.00181769036778606
"378424",0.0384696254037209,0.169544624977684,0.0831923023904499,0.0863523225872345,0.131074999573963,0.044722676986729
"422218",1.08008577998798,0.8967908698377,1.00167633312878,-0.104885463291085,-0.183294910150277,-0.0784094468591914
"561748",0.302263317852886,0.334723821092743,0.315050585617583,0.01967323547516,0.0324605032398571,0.0127872677646971
"56238",5.10853041596409,0.801392847941845,5.10853041596409,-4.30713756802224,-4.30713756802224,0
"249847",0.0252609455640981,0.17305623571334,0.0716523302373404,0.101403905476,0.147795290149242,0.0463913846732423
"374696",0.097256070354784,0.154758922419387,0.119506054814488,0.0352528676048991,0.0575028520646032,0.0222499844597041
"16811",0.0962656378351564,0.25218940833836,0.151607571424891,0.100581836913468,0.155923770503203,0.0553419335897351
"11183",0.282275872856741,0.417941066211435,0.333108570946161,0.0848324952652744,0.135665193354695,0.0508326980894202
"273130",0.156940874832133,0.141613006281625,0.150782738992355,-0.00916973271073004,-0.0153278685505085,-0.00615813583977845
"57630",0.0236660298133341,0.157079810077575,0.0666623730287475,0.0904174370488274,0.133413780264241,0.0429963432154134
"552522",0.119902189629634,0.177252043596078,0.141503555546692,0.0357484880493868,0.0573498539664448,0.021601365917058
"286891",0.0547552404922495,0.205488334777938,0.105251198113485,0.100237136664453,0.150733094285689,0.0504959576212359
"118427",0.129043278755913,0.196233466874872,0.154526536364603,0.0417069305102688,0.0671901881189587,0.0254832576086899
"519363",0.11560186269076,0.325443095116749,0.187988129205107,0.137454965911642,0.209841232425988,0.0723862665143467
"224280",0.147318083584107,0.360363656352095,0.221316453153088,0.139047203199007,0.213045572767988,0.0739983695689814
"533633",0.0438809074478201,0.283552931916255,0.121240841507439,0.162312090408817,0.239672024468435,0.0773599340596185
"80752",0.0587040512185933,0.200646547017344,0.107452066371028,0.0931944806463163,0.141942495798751,0.0487480151524344
"167965",0.0482781951951166,0.201819348267932,0.100100882071057,0.101718466196875,0.153541153072816,0.0518226868759408
"315240",0.122862441834396,0.293897875743575,0.181843648709578,0.112054227033997,0.171035433909179,0.0589812068751816
"578091",0.0505405788493482,0.139304050517476,0.0812728085752036,0.0580312419422727,0.0887634716681281,0.0307322297258554
"204664",0.799079872152698,0.350134714303647,0.607474369312118,-0.257339655008471,-0.448945157849051,-0.19160550284058
"211389",0.430828902661099,0.531310433412924,0.467410087520347,0.0639003458925766,0.100481530751824,0.0365811848592476
"7035",0.046342720198413,0.186883471393497,0.0932421659091216,0.0936413054843753,0.140540751195084,0.0468994457107086
"367875",0.0842876398267747,0.265582516330417,0.147448551277614,0.118133965052804,0.181294876503643,0.0631609114508389
"200713",0.0277710482468736,0.241488553128314,0.0961655318164459,0.145323021311869,0.213717504881441,0.0683944835695723
"50316",0.176865592707672,0.294298691680875,0.220391441793521,0.0739072498873534,0.117433098973203,0.0435258490858491
"465557",0.0833208669039245,0.323200789834961,0.163787224787727,0.159413565047234,0.239879922931037,0.0804663578838029
"330810",0.426223931229791,0.627501740815134,0.499031818289884,0.12846992252525,0.201277809585343,0.0728078870600931
"25499",0.0528994346862856,0.154528958348478,0.0878848493836439,0.0666441089648343,0.101629523662193,0.0349854146973583
"171125",0.0898084239716662,0.191985731730842,0.12682312470166,0.0651626070291823,0.102177307759176,0.0370147007299939
"156831",1.42816720120556,0.530030701453695,1.01190852118199,-0.481877819728291,-0.898136499751865,-0.416258680023574
"282843",0.0466556922091779,0.186358035943859,0.0939164504543058,0.0924415854895533,0.139702343734681,0.0472607582451279
"435838",0.079275183429968,0.223604245489831,0.130228192454644,0.0933760530351878,0.144329062059863,0.0509530090246756
"402513",0.0414704343748355,0.246030971643215,0.107902112567981,0.138128859075234,0.204560537268379,0.0664316781931459
"94193",3.43538452671437,1.9254172290862,2.63238600626697,-0.706968777180764,-1.50996729762817,-0.802998520447403
"149220",0.210316734580473,0.412626834063035,0.28245789955844,0.130168934504594,0.202310099482562,0.0721411649779673
"124973",1.81374709050937,0.957537451837508,1.40847056448153,-0.450933112644022,-0.856209638671859,-0.405276526027837
"281697",3.23961966451392,0.753671823973347,1.8741370385863,-1.12046521461296,-2.48594784054057,-1.36548262592761
"325362",0.250926571705618,0.207913456114356,0.232954196907228,-0.0250407407928719,-0.0430131155912621,-0.0179723747983902
"377161",0.0384164575152958,0.285195129032111,0.114583009411092,0.170612119621018,0.246778671516815,0.0761665518957966
"223396",0.666378812312937,0.423547622291227,0.567930637464906,-0.144383015173679,-0.242831190021711,-0.0984481748480318
"56158",0.122824100938683,0.262388178049119,0.174233730099995,0.0881544479491239,0.139564077110436,0.0514096291613121
"417079",1.27005227953685,0.63442031937096,0.983823694915687,-0.349403375544727,-0.635631960165892,-0.286228584621166
"464993",0.470170868309828,0.318591212646288,0.40941269517263,-0.0908214825263419,-0.151579655663539,-0.0607581731371972
"357368",0.265005986048436,0.369069364806982,0.303726877491389,0.0653424873155925,0.104063378758546,0.0387208914429535
"218148",0.0155741312733903,0.0977905500441849,0.0394569526336783,0.0583335974105065,0.0822164187707946,0.0238828213602881
"214396",0.0813441918706292,0.32166156001322,0.164230337217622,0.157431222795598,0.240317368142591,0.0828861453469926
"468642",0.226124698237512,0.477860519001438,0.315276575280419,0.162583943721018,0.251735820763926,0.0891518770429072
"509466",0.0279854890748901,0.124935357183977,0.059252317943947,0.0656830392400305,0.0969498681090874,0.0312668288690569
"281077",0.135878767057164,0.228492847746766,0.170885716790691,0.0576071309560751,0.0926140806896017,0.0350069497335266
"316293",2.64305397207429,0.603880729107944,1.61003676846607,-1.00615603935812,-2.03917324296635,-1.03301720360823
"53759",0.0649109275100662,0.295863692593026,0.141373865015699,0.154489827577326,0.230952765082959,0.0764629375056332
"438875",0.0178585156559625,0.144261896116794,0.0573582735164083,0.0869036226003854,0.126403380460831,0.0394997578604458
"250340",0.135408535027098,0.264635408806043,0.182352091196461,0.0822833176095813,0.129226873778945,0.0469435561693635
"95121",0.0693056815679712,0.257823041528715,0.132509260514211,0.125313781014504,0.188517359960744,0.0632035789462402
"382042",0.152215649161001,0.31315172241646,0.210417785689478,0.102733936726982,0.160936073255459,0.0582021365284769
"566999",0.0791415877494117,0.283463115276817,0.152008043819708,0.131455071457109,0.204321527527406,0.0728664560702962
"527202",0.197631030149419,0.404688640679478,0.271207742351358,0.13348089832812,0.20705761053006,0.0735767122019392
"19284",0.0696285142132908,0.282214501050081,0.141699933917441,0.140514567132641,0.212585986836791,0.0720714197041498
"322447",0.0587172839051072,0.128671505999413,0.0832966134497393,0.0453748925496735,0.0699542220943056,0.0245793295446321
"424783",0.0510247874661985,0.255908415700948,0.120410202578789,0.135498213122159,0.204883628234749,0.0693854151125908
"76151",0.180922786834105,0.3325568418948,0.236944367546591,0.0956124743482092,0.151634055060696,0.0560215807124865
"128289",0.0579987357140884,0.329047665073461,0.145213636305266,0.183834028768195,0.271048929359373,0.0872149005911776
"533370",1.06017697048394,0.609175162837157,0.854893127535991,-0.245717964698834,-0.451001807646785,-0.205283842947951
"11287",0.0652202752953825,0.160997620012412,0.0989995045039418,0.0619981155084697,0.095777344717029,0.0337792292085593
"71726",0.0274501177486503,0.167114899456246,0.0732028888654474,0.0939120105907985,0.139664781707596,0.0457527711167971
"386526",6.86171872595387,0.914481474034954,6.86171872595387,-5.94723725191892,-5.94723725191892,0
"528636",0.0157364457370589,0.139149655460161,0.0530466414110813,0.0861030140490796,0.123413209723102,0.0373101956740224
"94363",0.438884777160344,0.318656685342552,0.386613931365756,-0.0679572460232042,-0.120228091817792,-0.0522708457945875
"149404",0.0641582263512871,0.206851325191347,0.11369358846608,0.0931577367252666,0.14269309884006,0.0495353621147934
"358575",0.0602017198706482,0.200482167446887,0.110373503937236,0.0901086635096516,0.140280447576239,0.0501717840665873
"322686",0.157153023026863,0.32079620450393,0.218199980897271,0.10259622360666,0.163643181477067,0.0610469578704075
"138767",3.95298911273328,0.669025127867564,3.95298911273328,-3.28396398486572,-3.28396398486572,0
"121354",2.54470890608629,1.85929410737053,2.22211534723273,-0.362821239862205,-0.68541479871576,-0.322593558853555
"542446",0.00834124127763649,0.175895102099583,0.0592162173309109,0.116678884768673,0.167553860821947,0.0508749760532744
"446722",0.0231383455899725,0.213535782532809,0.0836129666966759,0.129922815836134,0.190397436942837,0.0604746211067034
"291619",0.0681654077540302,0.280505203531263,0.138648496130774,0.141856707400489,0.212339795777233,0.070483088376744
"351122",0.0732736086616506,0.161777922049106,0.105519890297957,0.0562580317511491,0.0885043133874555,0.0322462816363064
"214891",0.129809935296213,0.290042591432701,0.187157988326281,0.102884603106419,0.160232656136488,0.0573480530300688
"266025",0.961251971673015,0.565334949802355,0.77851739889508,-0.213182449092726,-0.39591702187066,-0.182734572777935
"367888",0.16293171966993,0.282589243114654,0.207529596021901,0.075059647092753,0.119657523444724,0.044597876351971
"485900",3.1181652405132,0.6233135493525,1.69993261004261,-1.07661906069011,-2.4948516911607,-1.41823263047059
"234643",0.0707052686094224,0.12402752065848,0.0884087200975998,0.0356188005608799,0.0533222520490574,0.0177034514881775
"1693",1.29475745774439,0.67078048013603,1.01561236938024,-0.344831889244213,-0.623976977608363,-0.27914508836415
"251953",0.104998251145098,0.266121573566884,0.162794925087907,0.103326648478978,0.161123322421786,0.0577966739428086
"53500",0.0789258976337436,0.1493141520547,0.104916995756897,0.0443971562978028,0.0703882544209567,0.0259910981231538
"71210",5.26454207196659,0.926283658785453,5.26454207196659,-4.33825841318113,-4.33825841318113,0
"95285",0.0468766060931814,0.189800583505634,0.0946289209235328,0.0951716625821008,0.142923977412452,0.0477523148303514
"368580",0.0173760547139172,0.172538717423621,0.0659591961925435,0.106579521231077,0.155162662709704,0.0485831414786262
"335370",0.89974297358214,0.707310695662856,0.814847297571263,-0.107536601908407,-0.192432277919284,-0.0848956760108773
"82398",0.0218903687585435,0.145795654704338,0.0618893015850657,0.0839063531192721,0.123905285945794,0.0399989328265222
"375772",0.113592968176688,0.257961415915042,0.164922633395929,0.0930387825191132,0.144368447738354,0.0513296652192413
"470287",0.0546034135827815,0.123132257685749,0.0785648880937436,0.044567369592005,0.0685288441029671,0.0239614745109622
"400213",0.0361418932665456,0.109793327334373,0.0612927351963551,0.048500592138018,0.0736514340678275,0.0251508419298095
"140739",0.0401302883723294,0.117999035662588,0.0663357527644726,0.0516632828981153,0.0778687472902584,0.0262054643921432
"213130",2.91309445661507,0.800241719325524,1.75332478357679,-0.953083064251261,-2.11285273728954,-1.15976967303828
"505511",0.0674197706683982,0.206470831694058,0.115534756563658,0.0909360751304,0.13905106102566,0.0481149858952602
"496890",0.0833764815294348,0.156132697993534,0.109928321598789,0.0462043763947455,0.0727562164640996,0.0265518400693541
"171314",0.145609511311568,0.230234203052612,0.177391851699644,0.0528423513529673,0.0846246917410436,0.0317823403880763
"89168",0.267515523089872,0.259150650881295,0.264167084936153,-0.00501643405485802,-0.0083648722085774,-0.00334843815371938
"91061",0.0877437888736036,0.11078203758297,0.0951885760087054,0.0155934615742643,0.023038248709366,0.00744478713510179
"298877",0.0160646937001635,0.166019853452567,0.0627099870683273,0.10330986638424,0.149955159752404,0.0466452933681638
"202710",0.731839222049432,0.316089891270549,0.557264658069157,-0.241174766798608,-0.415749330778883,-0.174574563980274
"172099",0.101367914645506,0.233319900781324,0.148915919066576,0.0844039817147485,0.131951986135818,0.0475480044210698
"77017",0.0844841754433422,0.185560430558634,0.120464498944669,0.0650959316139652,0.101076255115292,0.035980323501327
"289897",0.0928702087977371,0.355208735462287,0.184909854438604,0.170298881023683,0.262338526664549,0.0920396456408666
"474718",0.0805950425721401,0.252030532735213,0.140011515785676,0.112019016949537,0.171435490163072,0.0594164732135355
"58773",3.07841143054307,0.733322687506126,1.77974224241872,-1.04641955491259,-2.34508874303694,-1.29866918812435
"21951",0.027517666358986,0.144151598870554,0.0669955813135087,0.0771560175570458,0.116633932511568,0.0394779149545227
"286429",0.409290752299099,0.550602489099165,0.461349246588112,0.089253242511053,0.141311736800065,0.0520584942890124
"53671",0.476161275340273,0.401672298470289,0.445489736996915,-0.0438174385266255,-0.0744889768699843,-0.0306715383433588
"447587",0.227979505015163,0.451717606848193,0.307871052539446,0.143846554308747,0.22373810183303,0.0798915475242828
"146073",0.118681744942614,0.299552915500549,0.182883194681278,0.116669720819271,0.180871170557935,0.0642014497386637
"196478",0.114491223987737,0.238252251896649,0.159471820477557,0.0787804314190919,0.123761027908911,0.0449805964898194
"117123",0.122151073546438,0.231598729589594,0.163107083250807,0.0684916463387872,0.109447656043155,0.0409560097043683
"431456",0.0388954417908,0.221532516347695,0.0991754453582601,0.122357070989434,0.182637074556895,0.0602800035674601
"160902",0.101337678247322,0.303250316672889,0.171815326114136,0.131434990558752,0.201912638425566,0.0704776478668141
"567122",0.195822902365842,0.382451769162548,0.264918307651512,0.117533461511036,0.186628866796706,0.0690954052856696
"124952",0.141992691357675,0.141473931852434,0.141883333124113,-0.0004094012716786,-0.000518759505240801,-0.000109358233562201
"431457",0.0196259886128727,0.1893421360876,0.0723354171521962,0.117006718935404,0.169716147474728,0.0527094285393236
"296300",0.353594935382888,0.166978632333272,0.273297236664069,-0.106318604330797,-0.186616303049616,-0.0802976987188194
"466320",0.0149797855773314,0.145719356734937,0.0541354111514702,0.0915839455834669,0.130739571157606,0.0391556255741389
"99146",0.87345942674917,0.767222581125321,0.827086541482391,-0.0598639603570702,-0.106236845623849,-0.0463728852667789
"503644",0.0319121791163007,0.231269983952009,0.0959650609102476,0.135304923041761,0.199357804835708,0.0640528817939469
"378572",0.166799618460096,0.367860795806741,0.237948427654247,0.129912368152495,0.201061177346646,0.071148809194151
"142520",0.0187570000390155,0.186070963937069,0.0716108760399171,0.114460087897152,0.167313963898054,0.0528538760009017
"567524",0.829983387272525,0.806764489280479,0.819786719363442,-0.0130222300829622,-0.0232188979920454,-0.0101966679090831
"67854",0.0795633456234542,0.221886642002527,0.130737981178618,0.0911486608239095,0.142323296379073,0.0511746355551637
"85984",0.106367064339785,0.366023150433408,0.194991475120208,0.1710316753132,0.259656086093623,0.0886244107804234
"17408",0.0301714436394276,0.205797362270984,0.0870207387464385,0.118776623524546,0.175625918631557,0.0568492951070109
"398298",0.0308582601170985,0.159290629279298,0.073022362489722,0.0862682667895755,0.128432369162199,0.0421641023726235
"365659",0.278531404393598,0.270527412334109,0.275793913816947,-0.00526650148283769,-0.00800399205948893,-0.00273749057665124
"111134",0.0251653912179567,0.153972284639383,0.0661836526357851,0.0877886320035982,0.128806893421427,0.0410182614178283
"350097",0.0261595499365367,0.196195973114289,0.0805771655633048,0.115618807550984,0.170036423177752,0.0544176156267681
"69857",0.252544281814818,0.280259567293719,0.263188431992533,0.0170711353011866,0.0277152854789012,0.0106441501777146
"16703",0.0699771624427526,0.195503899789587,0.11409799223996,0.0814059075496274,0.125526737346834,0.044120829797207
"373788",0.0986647293697043,0.223619096558903,0.143814618728507,0.0798044778303958,0.124954367189199,0.0451498893588032
"253515",1.1745616934683,1.11847506438585,1.14568488778585,-0.0272098234000087,-0.0560866290824535,-0.0288768056824449
"468941",0.452168057191195,0.60658721206256,0.509770740971578,0.0968164710909821,0.154419154871365,0.0576026837803829
"26292",0.170582724781302,0.259634351167932,0.205428435748318,0.0542059154196139,0.0890516263866306,0.0348457109670167
"454792",1.77774147788529,1.20162456856033,1.51602720248749,-0.314402633927162,-0.576116909324966,-0.261714275397804
"578306",0.879789611787232,0.640425210821895,0.771505855051438,-0.131080644229543,-0.239364400965337,-0.108283756735794
"208265",0.715959554515837,0.582372681231227,0.653353154713285,-0.0709804734820583,-0.13358687328461,-0.0626063998025516
"526143",0.133627690501763,0.112960361388992,0.125291357679784,-0.0123309962907922,-0.0206673291127709,-0.00833633282197868
"317080",2.03199283493957,1.19070656890811,1.65365485496071,-0.462948286052605,-0.841286266031467,-0.378337979978862
"24572",0.0856843765968224,0.123196334514182,0.0997286718510698,0.0234676626631125,0.0375119579173599,0.0140442952542474
"482294",1.71498303669015,1.05665081586766,1.40567208104672,-0.349021265179064,-0.658332220822491,-0.309310955643427
"570025",0.130635003568558,0.286790412825805,0.185626542537205,0.1011638702886,0.156155409257247,0.0549915389686473
"94346",2.84308879083752,0.866843268604767,1.77144032698781,-0.904597058383042,-1.97624552223276,-1.07164846384971
"53289",0.454200783337904,0.292580242203236,0.387388867408854,-0.0948086252056178,-0.161620541134668,-0.0668119159290501
"318788",0.0369916857853772,0.167619686244287,0.0797411406436381,0.0878785456006487,0.130628000458909,0.0427494548582608
"309853",0.131977463764137,0.315291773475681,0.197952665419808,0.117339108055874,0.183314309711544,0.0659752016556706
"422577",0.0437476772791867,0.160615082937458,0.0831001677664482,0.0775149151710097,0.116867405658271,0.0393524904872615
"97802",0.125428239421409,0.1746998717257,0.144358927677622,0.030340944048078,0.0492716323042909,0.0189306882562129
"418736",0.128885704610358,0.294103618542117,0.188963024746477,0.10514059379564,0.16521791393176,0.0600773201361194
"374285",0.0544182573630494,0.232740371030769,0.113422985314053,0.119317385716715,0.178322113667719,0.0590047279510038
"511660",0.177926334791361,0.375692661454989,0.247977566604388,0.127715094850601,0.197766326663629,0.0700512318130278
"251385",0.183574373627899,0.290881567305547,0.225374264532016,0.0655073027735308,0.107307193677648,0.0417998909041175
"35351",0.522824656658983,0.635999515923914,0.564076088622485,0.0719234273014294,0.113174859264931,0.0412514319635019
"87621",0.0778177532793727,0.228950180429831,0.130305517196711,0.0986446632331199,0.151132427150458,0.0524877639173384
"434440",1.90667461786727,0.898173080567644,1.42425485163987,-0.526081771072222,-1.00850153729963,-0.482419766227405
"407618",0.0314053474862152,0.202781681641634,0.0863486885606484,0.116432993080986,0.171376334155419,0.0549433410744332
"64969",0.0230820460499337,0.199675587903753,0.0799939371011147,0.119681650802638,0.176593541853819,0.056911891051181
"136643",0.278394642270245,0.427231450456924,0.335088509338653,0.0921429411182712,0.148836808186679,0.0566938670684078
"327286",1.48444185873313,1.85001327573615,1.63547947567795,0.214533800058192,0.365571417003012,0.151037616944821
"259758",0.248481933997485,0.3977806044187,0.302879936840481,0.094900667578219,0.149298670421215,0.0543980028429961
"108447",0.0881767013480017,0.273225460076092,0.152722326247899,0.120503133828193,0.18504875872809,0.0645456248998973
"527895",0.0621829795857058,0.309193905143474,0.143871012721565,0.165322892421909,0.247010925557769,0.0816880331358592
"159949",0.0755284292488899,0.232161301212747,0.131668780167234,0.100492521045512,0.156632871963857,0.0561403509183445
"436182",0.456201487205619,0.601906103697424,0.508989724627174,0.0929163790702503,0.145704616491805,0.0527882374215548
"296185",0.297218174896882,0.251944663638453,0.279128433745636,-0.0271837701071832,-0.0452735112584287,-0.0180897411512455
"449949",0.222213023452918,0.485880757375229,0.315898493337206,0.169982264038022,0.263667733922311,0.0936854698842889
"348422",1.08705592668196,1.05285134257042,1.07327599657526,-0.0204246540048438,-0.0342045841115406,-0.0137799301066968
"117671",0.031146938014993,0.137471708297138,0.0660145209694197,0.0714571873277183,0.106324770282145,0.0348675829544267
"280497",0.0749267269937165,0.241844197307903,0.131307466234919,0.110536731072984,0.166917470314186,0.0563807392412026
"73573",2.05120068799522,0.868454171082824,1.47854014899597,-0.610085977913142,-1.18274651691239,-0.572660538999253
"70512",0.0369670646467842,0.213500311423169,0.0958506253125046,0.117649686110664,0.176533246776385,0.0588835606657204
"269044",0.339810527419868,0.524966113472922,0.406393326385879,0.118572787087043,0.185155586053054,0.0665827989660106
"71209",2.85957763276552,0.796492013589414,1.72203928812587,-0.925547274536456,-2.0630856191761,-1.13753834463965
"365564",0.0574615383268324,0.109401231460998,0.0759990244148819,0.0334022070461157,0.0519396931341652,0.0185374860880495
"277330",0.461913685865538,0.425696926582182,0.44811690555977,-0.0224199789775876,-0.0362167592833558,-0.0137967803057682
"112905",0.0443256827494757,0.282032691628971,0.123522447219917,0.158510244409055,0.237707008879495,0.0791967644704409
"112694",0.291936254507825,0.532145951150633,0.37626993987697,0.155876011273663,0.240209696642808,0.0843336853691448
"553174",6.89452599841566,1.01168125882171,6.89452599841566,-5.88284473959396,-5.88284473959396,0
"218319",0.174164386652566,0.592322351922087,0.312266821496861,0.280055530425226,0.418157965269522,0.138102434844296
"284264",0.416522583800273,0.410617800164927,0.414309705485811,-0.00369190532088409,-0.00590478363534647,-0.00221287831446237
"287816",1.89487132227958,1.05852924193114,1.50531581042467,-0.446786568493525,-0.836342080348438,-0.389555511854913
"63947",0.168255400427815,0.196160220010752,0.179128911407717,0.0170313086030346,0.0279048195829369,0.0108735109799022
"568665",0.108634551987132,0.167109958951749,0.130476292996763,0.0366336659549855,0.0584754069646168,0.0218417410096313
"120465",0.292707326556226,0.393374968961912,0.330729346878493,0.062645622083419,0.100667642405686,0.038022020322267
"468069",0.111544695244608,0.196825548653282,0.143406722305366,0.0534188263479162,0.0852808534086738,0.0318620270607577
"248344",0.14533044416767,0.261911869434936,0.188488175547877,0.0734236938870597,0.116581425267267,0.0431577313802071
"506178",0.126201528629721,0.540796618387618,0.261099879264726,0.279696739122891,0.414595089757897,0.134898350635005
"25638",0.109353021929892,0.3117124867696,0.18057988274697,0.13113260402263,0.202359464839708,0.0712268608170781
"256133",0.0584735216432971,0.194016294269961,0.105156280939904,0.0888600133300568,0.135542772626664,0.0466827592966069
"517980",0.024187177450341,0.166193608307305,0.0699005470488875,0.096293061258417,0.142006430856964,0.0457133695985465
"87081",0.179786574690161,0.23373977160263,0.202726566005636,0.0310132055969949,0.0539531969124692,0.0229399913154743
"533158",0.058776636822937,0.222697142804069,0.114678853941794,0.108018288862275,0.163920505981132,0.0559022171188565
"137253",0.103265739486032,0.253843719486853,0.156423570253243,0.09742014923361,0.150577980000821,0.0531578307672109
"545879",0.0632507425320104,0.257870862386926,0.128600650332099,0.129270212054827,0.194620119854915,0.0653499078000888
"26617",0.0326311595380466,0.205762824050093,0.0885588243163701,0.117203999733723,0.173131664512046,0.0559276647783236
"116613",0.11555063347395,0.329460525770434,0.190656624182528,0.138803901587906,0.213909892296485,0.0751059907085785
"106376",0.178464818792795,0.403445662086204,0.260545927255332,0.142899734830872,0.224980843293409,0.0820811084625373
"455019",0.10290219835166,0.245521946827045,0.153227771670918,0.0922941751561267,0.142619748475384,0.0503255733192575
"486539",0.128802217933332,0.300546469366592,0.190107444929546,0.110439024437046,0.17174425143326,0.0613052269962143
"390527",0.120946774606392,0.231747193116619,0.161499272826734,0.0702479202898849,0.110800418510227,0.0405524982203422
"20980",0.0365551790838427,0.123757997456409,0.065567803729025,0.0581901937273839,0.0872028183725662,0.0290126246451823
"316880",0.0303894445906652,0.211525563799122,0.0903823119827097,0.121143251816412,0.181136119208457,0.0599928673920445
"497813",0.11292750438776,0.179982704718675,0.138022851983439,0.0419598527352353,0.0670552003309141,0.0250953475956787
"280498",0.098361857477136,0.24809080717075,0.151745075809583,0.0963457313611675,0.149728949693614,0.053383218332447
"210973",1.27531873081872,1.33789644872005,1.30656014361406,0.0313363051059916,0.0625777179013314,0.0312414127953398
"233206",0.0255389016743456,0.214322030034814,0.0865656918026246,0.127756338232189,0.188783128360468,0.061026790128279
"123830",0.0409330118161676,0.309751975825161,0.127158980232717,0.182592995592444,0.268818964008994,0.0862259684165493
"462564",0.0714331668954698,0.268122726606255,0.138320703164063,0.129802023442192,0.196689559710785,0.066887536268593
"347885",0.0524401417419303,0.127207224023508,0.0787203358156488,0.0484868882078593,0.0747670822815778,0.0262801940737185
"193328",0.252159085721586,0.293249210100947,0.268195599482061,0.0250536106188866,0.0410901243793612,0.0160365137604746
"304999",0.191330475983642,0.423814956307197,0.276346688626481,0.147468267680716,0.232484480323556,0.0850162126428399
"124182",0.07251417209412,0.267677696349267,0.140233976046155,0.127443720303111,0.195163524255147,0.0677198039520354
"151439",0.0799508209978931,0.220113746965931,0.128754380422427,0.0913593665435042,0.140162925968038,0.0488035594245334
"21173",0.030758534306507,0.170088164113773,0.0754493655496506,0.0946387985641225,0.139329629807266,0.0446908312431436
"340968",0.0265804896509706,0.165474231852633,0.071641050914936,0.0938331809376973,0.138893742201663,0.0450605612639654
"55205",0.107778838149752,0.283125631490104,0.170876169268092,0.112249462222012,0.175346793340351,0.0630973311183396
"268453",1.18280803588975,0.989298947667673,1.0879154829944,-0.0986165353267262,-0.193509088222079,-0.0948925528953526
"9443",0.121722566901381,0.154549984790283,0.134774651126469,0.0197753336638138,0.0328274178889021,0.0130520842250883
"373263",0.0834989054850389,0.187762038255731,0.120498268609346,0.067263769646385,0.104263132770692,0.036999363124307
"305898",0.129416352658351,0.30882165961362,0.192980750037396,0.115840909576224,0.179405306955269,0.0635643973790447
"178029",0.0171458142228008,0.118794813356882,0.04803177836148,0.0707630349954019,0.101648999134081,0.0308859641386792
"158835",0.0593703848857426,0.204885503759832,0.109340836474507,0.0955446672853252,0.14551511887409,0.0499704515887646
"436735",0.849422275153089,1.13115509746327,0.94450167352172,0.18665342394155,0.281732822310182,0.0950793983686312
"417259",10,3.08871397479744,7.37243717988765,-4.28372320509021,-6.91128602520256,-2.62756282011235
"485715",0.131025618053111,0.314173322495542,0.197810368563532,0.116362953932011,0.183147704442431,0.0667847505104207
"574429",0.0595836454728332,0.166775677587732,0.0972015191605783,0.0695741584271536,0.107192032114899,0.0376178736877452
"58729",0.0446536167425415,0.219690999489144,0.101750268523586,0.117940730965558,0.175037382746603,0.0570966517810442
"279588",1.14532557266306,0.968160502603915,1.07151028129906,-0.103349778695143,-0.177165070059146,-0.0738152913640029
"169394",0.0373964810733966,0.136359434451148,0.0705837807439111,0.0657756537072371,0.0989629533777516,0.0331872996705145
"435566",0.10567893327117,0.339450901565342,0.186310661027025,0.153140240538317,0.233771968294171,0.0806317277558545
"193373",0.0771934858131166,0.102601331836519,0.0864423028208003,0.0161590290157184,0.0254078460234021,0.00924881700768374
"382706",0.223312473897683,0.567787085335803,0.342420869357456,0.225366215978347,0.344474611438121,0.119108395459774
"238726",0.0942478288178582,0.255382126914415,0.152471355294589,0.102910771619827,0.161134298096557,0.0582235264767304
"117824",0.125510940431092,0.379263393865568,0.213390424220888,0.16587296964468,0.253752453434475,0.0878794837897954
"363773",0.118034427545133,0.234603034514137,0.161545002834851,0.073058031679286,0.116568606969004,0.0435105752897179
"523179",0.235478465683283,0.398218762563377,0.294854981954141,0.103363780609236,0.162740296880093,0.0593765162708574
"550533",0.0991999326971594,0.287008963569154,0.164952075998758,0.122056887570397,0.187809030871995,0.0657521433015984
"178552",0.264401118632823,0.622096002889415,0.391091251001524,0.231004751887891,0.357694884256592,0.126690132368701
"512899",0.0933897708718727,0.236855476322382,0.143716613134036,0.0931388631883455,0.143465705450509,0.0503268422621636
"413079",0.0805561128382859,0.287275241162153,0.151417890903824,0.135857350258329,0.206719128323868,0.0708617780655384
"196860",0.140594933297426,0.243183358617557,0.17884070854251,0.0643426500750461,0.102588425320131,0.0382457752450846
"243082",0.0552932647293218,0.241273726659915,0.119242502179265,0.12203122448065,0.185980461930593,0.0639492374499429
"406182",1.8509213088419,1.07706399746381,1.4913330568106,-0.414269059346798,-0.77385731137809,-0.359588252031292
"164394",0.240236425342791,0.454692468270127,0.318916136703158,0.135776331566969,0.214456042927336,0.078679711360367
"487228",0.146191139700904,0.491036331991836,0.26586858949558,0.225167742496256,0.344845192290932,0.119677449794676
"550337",0.0500992102486819,0.143007533012875,0.0818547009722073,0.0611528320406677,0.092908322764193,0.0317554907235253
"559737",2.2563455137322,1.39640960528521,1.82297099244427,-0.426561387159064,-0.859935908446986,-0.433374521287922
"246807",0.0520578531513555,0.135841832061186,0.0817683982907658,0.0540734337704202,0.0837839789098306,0.0297105451394103
"217748",0.00771089103744978,0.15860316377743,0.0521348104040294,0.106468353373401,0.15089227273998,0.0444239193665796
"217369",0.169017025919058,0.365720235399452,0.239876147500289,0.125844087899163,0.196703209480394,0.0708591215812307
"122321",0.149684554275367,0.412305618784683,0.245171402511183,0.1671342162735,0.262621064509316,0.0954868482358163
"55030",0.247301674497533,0.411228427637085,0.306569045767172,0.104659381869913,0.163926753139552,0.0592673712696394
"340684",0.0114282586310201,0.167073133173036,0.0596830777281267,0.10739005544491,0.155644874542016,0.0482548190971066
"393496",0.471519251833011,0.740965465259632,0.565960683984442,0.175004781275191,0.269446213426621,0.0944414321514307
"223275",0.0856637216234258,0.390225296422305,0.18765444790448,0.202570848517825,0.304561574798879,0.101990726281054
"252978",0.148066300442269,0.173613808743069,0.157874912281435,0.0157388964616337,0.0255475083008004,0.00980861183916662
"493448",0.0614960401580277,0.320929597754007,0.146893647848315,0.174035949905691,0.259433557595979,0.0853976076902878
"272316",0.212889428607114,0.354897619902865,0.265681260192408,0.0892163597104572,0.142008191295751,0.0527918315852937
"461918",0.039370360426494,0.212416845114274,0.095676176419466,0.116740668694808,0.17304648468778,0.056305815992972
"321421",0.163716721818395,0.191709909093799,0.174448449460458,0.0172614596333406,0.0279931872754041,0.0107317276420635
"401984",0.0140175647411588,0.117628192213904,0.0449568452038871,0.0726713470100171,0.103610627472745,0.0309392804627283
"198969",0.534458035613729,0.312983083110678,0.439909013790594,-0.126925930679916,-0.221474952503051,-0.0945490218231347
"49857",0.725547877743798,1.1527140194649,0.895668020493049,0.257045998971849,0.4271661417211,0.170120142749251
"406141",0.0303513281997674,0.249555653650141,0.102133887050895,0.147421766599247,0.219204325450374,0.0717825588511271
"563491",0.0872238228048378,0.249147171999104,0.143152484218769,0.105994687780335,0.161923349194266,0.0559286614139314
"424860",1.05497655873901,0.563561802860526,0.826325863303667,-0.262764060443141,-0.491414755878484,-0.228650695435343
"553638",0.0356904070765841,0.165612900332663,0.0795546825973268,0.0860582177353359,0.129922493256079,0.0438642755207427
"118938",0.075128799355156,0.223242698226501,0.12850147981436,0.0947412184121414,0.148113898871345,0.053372680459204
"177012",0.0136336039437369,0.184426037721557,0.0657137223504043,0.118712315371153,0.17079243377782,0.0520801184066674
"574918",0.0497919658806628,0.19606085054185,0.0985431647259276,0.0975176858159223,0.146268884661187,0.0487511988452648
"416369",0.806264953740635,0.981348203272908,0.879991520683478,0.101356682589429,0.175083249532273,0.0737265669428432
"395392",0.810468858309716,0.225567962105061,0.549204963679262,-0.323637001574201,-0.584900896204655,-0.261263894630455
"18321",0.0563087811715096,0.287914593448581,0.134882040119041,0.15303255332954,0.231605812277071,0.0785732589475311
"305076",1.55047154046594,1.54225208654965,1.54665510416472,-0.00440301761507489,-0.00821945391628964,-0.00381643630121475
"307894",0.059510975527261,0.244772139948422,0.1235559375739,0.121216202374522,0.185261164421161,0.0640449620466395
"243039",0.0817151562025573,0.126415594278352,0.09812879483807,0.0282867994402819,0.0447004380757946,0.0164136386355127
"399666",0.159398873350617,0.424388529270045,0.251311098655672,0.173077430614373,0.264989655919428,0.0919122253050547
"474569",0.285187196769657,0.299294989524609,0.290631942246675,0.0086630472779341,0.0141077927549516,0.00544474547701751
"84810",0.792092329910365,1.38133447432703,1.01825777668956,0.363076697637463,0.589242144416663,0.226165446779199
"196880",0.0891988398058243,0.192056581020293,0.127426585477112,0.0646299955431813,0.102857741214469,0.0382277456712874
"248129",0.0429359173470887,0.314055663948795,0.131688384590019,0.182367279358776,0.271119746601706,0.0887524672429303
"62080",0.00881714506823333,0.131511738511397,0.0448297401515455,0.0866819983598515,0.122694593443164,0.0360125950833122
"462021",0.106137274256696,0.258826998772995,0.16169747046952,0.097129528303475,0.152689724516298,0.0555601962128232
"143131",0.124278015921141,0.389658504609405,0.214429368149514,0.175229136459891,0.265380488688264,0.0901513522283727
"240604",0.210276772617203,0.442992158483221,0.292213571230514,0.150778587252706,0.232715385866018,0.0819367986133114
"82939",0.112780762219372,0.217363548056613,0.150896418112999,0.0664671299436138,0.104582785837241,0.0381156558936276
"178927",0.345241924235125,0.670098603064405,0.46363275366589,0.206465849398515,0.32485667882928,0.118390829430765
"424600",0.140401467826106,0.306227199902217,0.200011578035129,0.106215621867088,0.165825732076112,0.0596101102090234
"514520",0.0440630449422808,0.128630959618364,0.0732445627609189,0.0553863968574449,0.0845679146760829,0.0291815178186381
"27139",0.413001230815378,0.572918085327884,0.471577162531011,0.101340922796873,0.159916854512506,0.0585759317156334
"319468",0.540995032879726,0.699332235840444,0.598861252246527,0.100470983593917,0.158337202960717,0.0578662193668007
"43232",0.215389903262049,0.468173607242753,0.304637203638757,0.163536403603997,0.252783703980704,0.0892473003767074
"433485",1.06426091211843,0.586946125355023,0.843725749084573,-0.25677962372955,-0.477314786763405,-0.220535163033855
"97948",1.8494681729289,0.927528776261145,1.40689152662854,-0.479362750367396,-0.921939396667759,-0.442576646300363
"29861",0.116718206938589,0.449522104057544,0.227823651565328,0.221698452492216,0.332803897118956,0.11110544462674
"8805",0.165879629949371,0.318549606466855,0.221483533966686,0.0970660725001691,0.152669976517483,0.0556039040173144
"258639",0.173082712357069,0.33837761199097,0.235991111639044,0.102386500351926,0.165294899633901,0.0629083992819749
"447310",0.0651835055659686,0.209664674109486,0.115231032052913,0.0944336420565729,0.144481168543517,0.0500475264869445
"341397",0.136678543309425,0.235392362653173,0.173049391457585,0.0623429711955883,0.0987138193437484,0.0363708481481601
"351532",0.666616221940648,0.636688954796222,0.652718181572204,-0.0160292267759813,-0.0299272671444258,-0.0138980403684446
"406063",0.277211756419793,0.188481568631835,0.240485833810956,-0.0520042651791215,-0.088730187787958,-0.0367259226088365
"166206",0.73540083010709,1.23232534113435,0.899723793417764,0.332601547716588,0.496924511027263,0.164322963310675
"548699",0.0860476430686365,0.326114484588357,0.16702794724673,0.159086537341627,0.24006684151972,0.0809803041780937
"367761",0.0311818600588054,0.174642874210971,0.0787384941110657,0.0959043800999057,0.143461014152166,0.0475566340522603
"315135",0.236264077264013,0.488050720997047,0.327828154981089,0.160222566015958,0.251786643733033,0.0915640777170756
"22073",0.0700030087651168,0.162211518018472,0.102888647073651,0.0593228709448207,0.0922085092533551,0.0328856383085345
"37514",0.0450446212124043,0.262284996949007,0.115513371194433,0.146771625754574,0.217240375736603,0.0704687499820284
"354681",2.65650569831519,0.974809474945707,1.87569033365834,-0.900880858712637,-1.68169622336949,-0.780815364656851
"338747",0.0117864391822722,0.146473896010632,0.0536168304307047,0.0928570655799271,0.13468745682836,0.0418303912484325
"444058",1.42681558516253,1.41753947573274,1.42180167913849,-0.00426220340575245,-0.00927610942979507,-0.00501390602404261
"331363",0.579557199533673,0.805806941257864,0.659376128890364,0.1464308123675,0.226249741724191,0.0798189293566915
"156452",0.501636430324633,0.490515762816473,0.497224040001554,-0.00670827718508088,-0.0111206675081596,-0.00441239032307872
"254532",0.883734153509133,1.41084217579322,1.08295892359263,0.327883252200584,0.527108022284085,0.199224770083501
"398036",0.144063537437646,0.578551192454768,0.287165421863981,0.291385770590787,0.434487655017122,0.143101884426336
"129055",2.13109704169981,0.868035618928391,1.52609069510331,-0.658055076174924,-1.26306142277142,-0.605006346596493
"131543",1.45023499631762,0.641663502021568,1.08641721199718,-0.444753709975613,-0.808571494296056,-0.363817784320443
"365417",0.0662174820256011,0.28510707327584,0.140203307193736,0.144903766082104,0.218889591250239,0.0739858251681351
"87016",0.160323262710208,0.272179081240767,0.203733893311835,0.0684451879289318,0.11185581853056,0.0434106306016279
"300593",0.0152419243453105,0.213073672655324,0.0763394603926672,0.136734212262657,0.197831748310013,0.0610975360473567
"126235",0.139023331037714,0.487079199845107,0.259803257883878,0.227275941961229,0.348055868807393,0.120779926846164
"23119",1.50090480047025,1.12757055743479,1.32697274972192,-0.199402192287138,-0.373334243035465,-0.173932050748328
"243245",0.0513302694637803,0.36552590073052,0.155311098743768,0.210214801986753,0.31419563126674,0.103980829279988
"54087",1.57289995463648,0.841375990740478,1.20795634364185,-0.366580352901367,-0.731523963895997,-0.36494361099463
"24529",0.154149942866036,0.480296896780735,0.267138331708255,0.21315856507248,0.326146953914699,0.112988388842219
"257330",0.139585443065372,0.248870845905333,0.180481448104909,0.0683893978004248,0.109285402839962,0.0408960050395367
"340165",0.0679093036328429,0.210356267821044,0.117224463365378,0.0931318044556666,0.142446964188201,0.0493151597325349
"386531",2.01964661063783,0.870722734487121,1.46605363480196,-0.595330900314834,-1.14892387615071,-0.553592975835874
"295908",0.0751118686574413,0.279259031177152,0.144572969306231,0.13468606187092,0.20414716251971,0.0694611006487901
"101921",0.0182666243921469,0.169868536960101,0.0658994444440529,0.103969092516048,0.151601912567954,0.0476328200519059
"247524",0.031704583314895,0.253504147031656,0.10283008691775,0.150674060113907,0.221799563716762,0.0711255036028547
"256372",4.13833170943759,1.47616041589915,2.65574258971631,-1.17958217381716,-2.66217129353844,-1.48258911972128
"150266",0.327445548108292,0.99890060674606,0.542852679845097,0.456047926900964,0.671455058637769,0.215407131736805
"276978",0.062570365344937,0.337303310158259,0.153338143112581,0.183965167045678,0.274732944813322,0.0907677777676444
"98453",1.01801691186286,0.762969471070479,0.883722594546885,-0.120753123476406,-0.25504744079238,-0.134294317315975
"360670",0.0669925774153816,0.187425570228184,0.110347519621824,0.0770780506063604,0.120432992812803,0.0433549422064422
"115362",0.116070759774284,0.31037688896231,0.184716131116944,0.125660757845366,0.194306129188026,0.0686453713426599
"455748",0.576999730113509,0.890825335308932,0.687435135952091,0.203390199356841,0.313825605195423,0.110435405838582
"88744",0.125209943961127,0.195237915388401,0.151467820687649,0.0437700947007521,0.0700279714272732,0.0262578767265211
"278153",0.219510113234208,0.224804428202661,0.221596941018219,0.003207487184442,0.00529431496845284,0.00208682778401084
"135190",0.622418438346411,0.800502834885328,0.700970309990711,0.0995325248946175,0.178084396538918,0.0785518716443001
"206333",0.920240504537052,0.631111824925782,0.789288710127895,-0.158176885202113,-0.289128679611271,-0.130951794409158
"41417",3.84899258250356,1.90073326087291,2.80669752027385,-0.905964259400933,-1.94825932163065,-1.04229506222971
"573189",1.76256561376553,1.01064646767503,1.40776126958867,-0.39711480191364,-0.751919146090501,-0.354804344176861
"230739",0.10214891948996,0.250058476271839,0.155958363370248,0.0941001129015909,0.147909556781878,0.0538094438802873
"56397",0.189417721260045,0.228623382686026,0.204424002433884,0.0241993802521421,0.0392056614259807,0.0150062811738385
"117989",0.121107751988783,0.427813714853708,0.225935526122164,0.201878188731544,0.306705962864925,0.104827774133382
"229193",2.19146253054303,1.59106310682159,1.89348657777839,-0.302423470956799,-0.600399423721442,-0.297975952764643
"185724",0.0532152715370386,0.328336487943306,0.144371852589305,0.183964635354,0.275121216406267,0.0911565810522669
"347868",0.129369007381309,0.205686804399266,0.157711359423518,0.0479754449757477,0.0763177970179567,0.028342352042209
"525264",0.145919920993085,0.309353050461544,0.20546525906499,0.103887791396554,0.163433129468459,0.059545338071905
"469444",0.136963101077554,0.35676328904077,0.21546917960086,0.141294109439911,0.219800187963217,0.078506078523306
"574540",0.0335522938477693,0.229469564815934,0.0972816427042153,0.132187922111719,0.195917270968165,0.063729348856446
"425921",0.104847757571066,0.22973180874513,0.150632520933458,0.0790992878116718,0.124884051174064,0.0457847633623924
"523185",0.0412224961179587,0.204360925054059,0.0944347933819242,0.109926131672135,0.1631384289361,0.0532122972639656
"213734",0.0349869701673419,0.174240032967341,0.0800564835107587,0.0941835494565825,0.139253062799999,0.0450695133434168
"23965",0.0976377303284781,0.451298750969665,0.215180102579176,0.236118648390488,0.353661020641187,0.117542372250698
"135472",0.295425515013221,0.468404929013371,0.359734208247965,0.108670720765406,0.172979414000151,0.0643086932347443
"408512",0.92958065580876,1.18521352330829,1.03119097950931,0.154022543798982,0.255632867499528,0.101610323700546
"52938",0.0248388133442084,0.138697372020443,0.0615865403022961,0.0771108317181464,0.113858558676234,0.0367477269580877
"257559",0.0677547266081567,0.179861714970507,0.107442939116494,0.0724187758540125,0.11210698836235,0.0396882125083373
"71136",0.0931633967199448,0.233545913749532,0.144829135632481,0.0887167781170514,0.140382517029588,0.0516657389125361
"111247",0.158263048103689,0.452150550711062,0.262857577562271,0.189292973148791,0.293887502607373,0.104594529458582
"218589",0.100930650912086,0.451445039595926,0.217783819938698,0.233661219657228,0.35051438868384,0.116853169026612
"432729",0.0694600485288217,0.260646678578555,0.134561997524497,0.126084681054057,0.191186630049733,0.0651019489956755
"339749",0.0676411797220154,0.209972512792916,0.116832002936132,0.0931405098567846,0.142331333070901,0.0491908232141161
"515574",0.367747850997781,0.515571215319905,0.422131580815079,0.0934396345048261,0.147823364322124,0.0543837298172984
"395208",0.410393898710383,0.663983906000249,0.49938930818939,0.164594597810859,0.253590007289865,0.0889954094790067
"316763",0.104947299881152,0.239750683084739,0.154240704546195,0.0855099785385442,0.134803383203587,0.0492934046650432
"245452",2.33882346524158,1.96192771037141,2.16137058052678,-0.199442870155366,-0.376895754870165,-0.177452884714798
"52661",0.150913927737066,0.416280673434444,0.244598737472508,0.171681935961936,0.265366745697378,0.0936848097354416
"433759",0.106530977388079,0.275360394132903,0.166092214254176,0.109268179878727,0.168829416744824,0.0595612368660972
"249668",0.238809824329861,0.510994025217767,0.339313849709657,0.17168017550811,0.272184200887906,0.100504025379796
"40991",0.027546812059455,0.133002485394185,0.0620306336607193,0.0709718517334657,0.10545567333473,0.0344838216012643
"546557",0.0217515585309357,0.105210963203609,0.0479713633980687,0.0572395998055407,0.0834594046726737,0.026219804867133
"380370",0.0509944713502397,0.336094013099741,0.145763346705689,0.190330666394052,0.285099541749501,0.0947688753554491
"138980",0.0448696484520941,0.31291829947638,0.13308290336554,0.17983539611084,0.268048651024286,0.0882132549134459
"339423",0.264107939567672,0.315343654646583,0.282768691396634,0.0325749632499492,0.0512357150789111,0.0186607518289619
"514093",0.558908353952239,1.03335892369441,0.718568737975897,0.314790185718513,0.474450569742171,0.159660384023658
"93667",0.0754100039738341,0.172023461550774,0.109810561883123,0.0622128996676508,0.0966134575769395,0.0344005579092888
"41248",0.168023992323357,0.378712764796296,0.242803030904014,0.135909733892282,0.210688772472938,0.0747790385806567
"386657",0.141855073028659,0.222845497750997,0.172699365616206,0.0501461321347914,0.0809904247223377,0.0308442925875463
"110961",1.49891295544756,0.692260713551108,1.1445653249693,-0.452304611418194,-0.806652241896449,-0.354347630478255
"377869",0.865755846950552,0.341832519781971,0.635038355218983,-0.293205835437011,-0.52392332716858,-0.230717491731569
"22728",0.599434085048873,0.509004205109593,0.555488171086802,-0.0464839659772095,-0.0904298799392803,-0.0439459139620708
"65639",0.1213619423091,0.331758384900128,0.19497073788973,0.136787647010398,0.210396442591028,0.0736087955806294
"145597",0.216633285680823,0.305146782492714,0.250728053307473,0.0544187291852414,0.0885134968118908,0.0340947676266494
"422149",1.33837570085297,0.951366130569114,1.14821527596289,-0.196849145393778,-0.387009570283857,-0.190160424890079
"432357",0.13252975550267,0.53796723276711,0.2668635738723,0.27110365889481,0.40543747726444,0.13433381836963
"56970",0.157073471078206,0.384050448719253,0.236584961448607,0.147465487270645,0.226976977641046,0.0795114903704012
"469888",0.0476175597360262,0.233447040578577,0.111691526451706,0.121755514126871,0.185829480842551,0.0640739667156795
"146436",0.460100852851986,0.436430431647079,0.450865741360936,-0.0144353097138576,-0.0236704212049069,-0.00923511149104922
"204839",1.02188119999885,0.813343532038218,0.931528316083789,-0.118184784045572,-0.208537667960631,-0.0903528839150597
"50604",0.0523370023808526,0.185405702212882,0.0980770948971478,0.0873286073157345,0.13306869983203,0.0457400925162952
"131679",0.0894141995754078,0.390968029291816,0.190703691853295,0.20026433743852,0.301553829716408,0.101289492277887
"127512",0.0509629517259581,0.107262967306509,0.0711203010943422,0.0361426662121666,0.0563000155805506,0.020157349368384
"119733",0.150280634359232,0.275354913023727,0.197327999600765,0.0780269134229623,0.125074278664495,0.0470473652415328
"336957",0.126160039773432,0.394916189920105,0.218028430931613,0.176887758988492,0.268756150146672,0.091868391158181
"470001",0.128598043514517,0.217217568350487,0.161399756156628,0.0558178121938595,0.0886195248359701,0.0328017126421106
"7108",0.177613212047417,0.571867747744338,0.315416871812287,0.256450875932051,0.394254535696921,0.13780365976487
"334264",0.0780083733966768,0.227067048501398,0.130699874926504,0.0963671735748941,0.149058675104721,0.0526915015298269
"407599",0.369798801893074,0.672609820727882,0.482943615871822,0.18966620485606,0.302811018834808,0.113144813978748
"568851",0.161715395939641,0.575640465645602,0.300047042883123,0.275593422762478,0.413925069705961,0.138331646943483
"126748",0.0363037492776527,0.286765887948899,0.114205680552629,0.172560207396271,0.250462138671247,0.0779019312749759
"246786",0.0758778475480708,0.181543241468419,0.113418263147457,0.0681249783209622,0.105665393920348,0.0375404155993863
"32364",0.327452056946648,0.405803113498441,0.355410707787949,0.0503924057104922,0.078351056551793,0.0279586508413008
"160439",0.190917110747293,0.419103905669349,0.274960173856668,0.144143731812681,0.228186794922055,0.0840430631093746
"257118",0.760115887101396,0.222032526067725,0.516835375974333,-0.294802849906608,-0.538083361033671,-0.243280511127063
"284247",0.0549853775795766,0.337784125176309,0.15004668323577,0.18773744194054,0.282798747596732,0.0950613056561929
"409988",0.834851722682342,1.0147202166415,0.909386113075866,0.105334103565638,0.179868493959161,0.0745343903935234
"78606",0.0290114096747868,0.176065964077795,0.0766560494675231,0.0994099146102717,0.147054554403008,0.0476446397927363
"529526",0.101444766368315,0.381006083708971,0.198648581566105,0.182357502142866,0.279561317340657,0.0972038151977902
"195168",0.244331733270205,1.0384062176062,0.49320090565712,0.545205311949083,0.794074484335998,0.248869172386915
"516438",0.286584794102932,0.315780813866933,0.298123077485784,0.0176577363811498,0.0291960197640013,0.0115382833828516
"170278",0.258107486914645,0.668610465185549,0.397608441761076,0.271002023424473,0.410502978270904,0.139500954846431
"139501",0.150730072828105,0.244980249827598,0.186540372238032,0.058439877589566,0.0942501769994926,0.0358102994099266
"575950",0.0271507333516998,0.153063550000623,0.0674862695456246,0.0855772804549986,0.125912816648923,0.0403355361939248
"127442",0.257723633952889,0.366321953936274,0.2991396684949,0.0671822854413737,0.108598319983385,0.0414160345420111
"96135",0.194177451263706,0.321420520506754,0.241136653709871,0.0802838667968831,0.127243069243049,0.0469592024461654
"552341",5.34756121896274,2.17745340043796,3.44546112394564,-1.26800772350768,-3.17010781852478,-1.9021000950171
"513910",0.257419444748277,0.289549457433517,0.269782435113159,0.0197670223203571,0.0321300126852399,0.0123629903648828
"342715",0.0156153529168104,0.113752745433142,0.0454028137999197,0.068349931633222,0.0981373925163313,0.0297874608831093
"476443",0.054794651769304,0.289856214843282,0.132920696818859,0.156935518024423,0.235061563073978,0.0781260450495547
"39959",0.203651220890954,0.5229579570742,0.316578867571624,0.206379089502576,0.319306736183245,0.11292764668067
"133121",0.133762912110093,0.427634141308662,0.235147469207878,0.192486672100784,0.293871229198569,0.101384557097785
"215005",0.0812586953340528,0.267917829457269,0.146571849280491,0.121345980176778,0.186659134123216,0.0653131539464384
"140688",0.110337053887895,0.294013677984089,0.174422214495357,0.119591463488733,0.183676624096194,0.0640851606074612
"511485",0.0943592424408718,0.293088244882971,0.162792116728952,0.130296128154019,0.198729002442099,0.0684328742880801
"271767",8.36812928131469,2.28449425893416,4.21861559797496,-1.9341213390408,-6.08363502238053,-4.14951368333973
"253778",0.0750039981178508,0.222568854273387,0.127393173061349,0.095175681212038,0.147564856155536,0.0523891749434981
"350324",0.0133175979957231,0.125427609891608,0.0480584949537359,0.0773691149378717,0.112110011895884,0.0347408969580128
"17141",0.250148306640855,0.555311225387316,0.357962347975772,0.197348877411544,0.305162918746461,0.107814041334917
"287084",2.93792314144609,0.985594959761131,1.90350389588657,-0.917908936125435,-1.95232818168495,-1.03441924555952
"19136",0.0803136431234334,0.349168877255998,0.170638142591896,0.178530734664102,0.268855234132565,0.0903244994684624
"40441",0.0999587389479204,0.430540446528195,0.212899694810667,0.217640751717527,0.330581707580274,0.112940955862747
"522798",0.50535697005524,0.458684277646603,0.485997192004297,-0.0273129143576941,-0.0466726924086366,-0.0193597780509425
"365690",0.113457200683102,0.360609093281878,0.198550815474509,0.162058277807369,0.247151892598776,0.085093614791407
"11571",0.912587214748078,0.581880233913845,0.759565396871386,-0.17768516295754,-0.330706980834233,-0.153021817876692
"486432",0.217720391469851,0.365160972354632,0.273483241236432,0.0916777311181992,0.147440580884781,0.0557628497665816
"406039",0.326722225631189,0.540123446557765,0.40428079147696,0.135842655080805,0.213401220926576,0.0775585658457713
"529764",0.0333552088695415,0.329942288291195,0.128096482391124,0.201845805900071,0.296587079421654,0.0947412735215829
"248954",0.171605527479765,0.262471026433321,0.206137688284845,0.0563333381484754,0.0908654989535559,0.0345321608050805
"552832",0.288276859814979,0.5279298504359,0.377739447523689,0.150190402912211,0.239652990620921,0.0894625877087105
"353511",0.63054560838788,0.455049435657071,0.559985080423243,-0.104935644766172,-0.175496172730809,-0.0705605279646369
"441660",0.506429349902296,0.488653753450367,0.49911686012231,-0.0104631066719426,-0.0177755964519295,-0.00731248977998689
"3656",5.06117832422629,0.861806257547279,5.06117832422629,-4.19937206667901,-4.19937206667901,0
"66172",0.0444355454713675,0.191492148110683,0.0940838323824521,0.0974083157282305,0.147056602639315,0.0496482869110846
"308887",0.138206929407311,0.249851341416981,0.180267490443855,0.0695838509731257,0.11164441200967,0.042060561036544
"404713",0.174071706578714,0.439642527255536,0.268353144241892,0.171289383013644,0.265570820676822,0.0942814376631784
"286408",0.0522261834864814,0.240372953123797,0.115429597187316,0.124943355936481,0.188146769637316,0.0632034137008347
"260921",0.0719443013733449,0.232674297063275,0.127787719965877,0.104886577097398,0.160729995689931,0.0558434185925324
"165710",0.285911459334203,0.608047345786204,0.399449304857881,0.208598040928323,0.322135886452002,0.113537845523679
"301443",0.0267861209633667,0.220927524459332,0.0895999228246696,0.131327601634662,0.194141403495965,0.0628138018613029
"94468",0.0298476721830197,0.213146609374042,0.0883883271722169,0.124758282201825,0.183298937191022,0.0585406549891972
"481625",0.135051346819113,0.305360049460291,0.197365851019402,0.107994198440889,0.170308702641178,0.0623145042002886
"500288",0.0523367744401542,0.187455591381796,0.0989526830471455,0.0885029083346508,0.135118816941642,0.0466159086069913
"450287",0.235881022564166,0.631630654259933,0.372656120770686,0.258974533489247,0.395749631695767,0.13677509820652
"75091",7.06564235777738,1.33746704194899,7.06564235777738,-5.72817531582839,-5.72817531582839,0
"165621",1.08111218393999,1.19822222871111,1.12758467966642,0.0706375490446942,0.11711004477112,0.0464724957264262
"272669",0.10477772824635,0.394221205468245,0.204016778028549,0.190204427439696,0.289443477221895,0.0992390497821987
"109855",0.168579188166271,0.358109314063139,0.235947253572964,0.122162060490175,0.189530125896868,0.0673680654066928
"241327",1.38354756092892,0.969967358294861,1.21366335766842,-0.243695999373559,-0.413580202634055,-0.169884203260497
"446664",0.0421695245502755,0.256940987197033,0.112598700154603,0.14434228704243,0.214771462646757,0.0704291756043273
"51755",0.357942568104236,0.745734337243287,0.496169285364819,0.249565051878468,0.387791769139051,0.138226717260583
"265390",0.0428961278611587,0.239430147539639,0.109322316869741,0.130107830669898,0.196534019678481,0.0664261890085823
"56911",0.138672633395215,0.171829717260674,0.151769665682635,0.0200600515780394,0.0331570838654586,0.0130970322874192
"29661",0.0680928241072595,0.284855665575549,0.141004583286909,0.14385108228864,0.216762841468289,0.0729117591796493
"189342",2.09982304448884,1.00008327902637,1.58777787905321,-0.587694600026837,-1.09973976546247,-0.51204516543563
"358630",0.141165538273174,0.442308192933024,0.244609527196894,0.197698665736129,0.30114265465985,0.103443988923721
"78778",0.0350345175262166,0.169632162493532,0.0789018963859955,0.0907302661075363,0.134597644967315,0.0438673788597789
"310080",1.57852743004021,1.09402793208867,1.3522351452806,-0.25820721319193,-0.484499497951544,-0.226292284759614
"145545",0.0706689053958396,0.36577740643565,0.173146749173164,0.192630657262487,0.295108501039811,0.102477843777324
"123412",0.0330151391960971,0.200405826921827,0.0880947811506381,0.112311045771189,0.16739068772573,0.055079641954541
"534539",0.0352282778396325,0.156621657538305,0.074813778248701,0.0818078792896044,0.121393379698673,0.0395855004090685
"390479",0.0919983904034391,0.122926266332765,0.103578405678417,0.0193478606543487,0.0309278759293262,0.0115800152749775
"470179",0.231837928661674,0.713963774223605,0.391123078304958,0.322840695918647,0.482125845561932,0.159285149643285
"543388",0.0274860326051155,0.201779673735527,0.084138585808157,0.11764108792737,0.174293641130411,0.0566525532030415
"523103",0.888589715890006,0.589165272227628,0.749744477577276,-0.160579205349648,-0.299424443662379,-0.138845238312731
"520153",0.0849638743905859,0.326987760602454,0.173652205301431,0.153335555301023,0.242023886211868,0.0886883309108451
"196715",0.0883940782573309,0.237938946626486,0.14233271583187,0.0956062307946156,0.149544868369155,0.0539386375745396
"350944",0.108043217797205,0.34783870596272,0.191745496203321,0.1560932097594,0.239795488165516,0.0837022784061158
"22159",0.030814126159473,0.202517495485556,0.0865300282624848,0.115987467223071,0.171703369326083,0.0557159021030118
"426214",5.54776545219342,2.04221733170109,3.43836776280911,-1.39615043110802,-3.50554812049233,-2.1093976893843
"205087",6.42843125968468,1.39324996179016,3.25011458251754,-1.85686462072738,-5.03518129789452,-3.17831667716714
"470174",0.0250146317625104,0.150740499232255,0.0659411901465846,0.0847993090856704,0.125725867469745,0.0409265583840742
"28801",0.368909894526512,0.64721775034216,0.472788585124403,0.174429165217757,0.278307855815648,0.103878690597891
"88019",0.635518636203186,1.1352549468585,0.83606374995934,0.29919119689916,0.499736310655314,0.200545113756154
"125167",2.60773779971432,1.39653785940198,2.00266571082027,-0.606127851418299,-1.21119994031235,-0.605072088894047
"468726",6.66350921463305,1.29301453336392,3.2465581521044,-1.95354361874048,-5.37049468126913,-3.41695106252865
"540193",0.0258023994800927,0.30379213866204,0.113869663495334,0.189922475166706,0.277989739181947,0.0880672640152408
"6377",0.243702948268069,0.447393703548162,0.319163195678223,0.128230507869939,0.203690755280093,0.0754602474101535
"336386",0.27593228989925,0.536064003409734,0.367833092880979,0.168230910528754,0.260131713510484,0.0919008029817293
"570798",0.120255210098208,0.270374858590104,0.17389127819299,0.0964835803971136,0.150119648491896,0.0536360680947822
"50974",0.0985812469732892,0.434112051958257,0.211748265596801,0.222363786361456,0.335530804984968,0.113167018623512
"486419",0.0597980123233264,0.258412815172583,0.126366795582304,0.13204601959028,0.198614802849257,0.0665687832589771
"521912",0.167295022778627,0.214753714045621,0.185678081825071,0.0290756322205504,0.0474586912669938,0.0183830590464434
"87418",0.0368143193953555,0.0898247182163498,0.0535410703402528,0.036283647876097,0.0530103988209942,0.0167267509448972
"379815",0.439183369454255,0.619094319356897,0.504482881028145,0.114611438328752,0.179910949902642,0.0652995115738901
"416443",0.0180241473873102,0.192748955244584,0.0723862066012945,0.12036274864329,0.174724807857274,0.0543620592139844
"87709",0.108821184416009,0.215388976867292,0.147127962651961,0.0682610142153307,0.106567792451282,0.0383067782359514
"275351",0.455375242078273,0.653592186800146,0.529688943545243,0.123903243254903,0.198216944721872,0.0743137014669691
"61444",0.353538413871894,0.556177603180935,0.430628569585882,0.125549033595053,0.202639189309042,0.0770901557139889
"336709",0.199365157452174,0.520049259637933,0.312774511077171,0.207274748560762,0.320684102185759,0.113409353624997
"260075",0.100653393566226,0.376097040836163,0.19483742454332,0.181259616292844,0.275443647269937,0.0941840309770934
"33731",0.0358111092280296,0.253994390548692,0.10632713039065,0.147667260158042,0.218183281320663,0.0705160211626207
"233211",0.0972453190643493,0.210855363926119,0.13861111989533,0.072244244030789,0.113610044861769,0.0413658008309805
"217853",0.0742424452426227,0.180330825556453,0.111634565390126,0.0686962601663267,0.10608838031383,0.0373921201475033
"402625",0.396961605304714,0.430920947151762,0.410939420282044,0.0199815268697188,0.0339593418470482,0.0139778149773295
"530084",0.583347235106549,1.06259051468475,0.783678884171216,0.278911630513536,0.479243279578203,0.200331649064668
"313019",0.299065699046972,0.417593100960691,0.343798178410813,0.0737949225498784,0.118527401913719,0.0447324793638406
"120223",0.163586899357351,0.672497263038865,0.331574338539202,0.340922924499663,0.508910363681514,0.167987439181851
"141547",0.0441653441556906,0.176619887002751,0.0889812790087824,0.0876386079939686,0.13245454284706,0.0448159348530918
"496723",0.383066001517923,0.493047610782564,0.423784087471319,0.0692635233112451,0.109981609264641,0.0407180859533957
"108625",0.0952491233746912,0.194974211371202,0.13088748237857,0.0640867289926318,0.0997250879965109,0.0356383590038791
"287749",7.16331580828809,1.21038427013626,7.16331580828809,-5.95293153815182,-5.95293153815182,0
"313828",0.062208733149102,0.209904721559037,0.113017842021278,0.0968868795377595,0.147695988409935,0.0508091088721757
"81393",0.232483796964217,0.492156119410919,0.326262492533,0.165893626877919,0.259672322446702,0.0937786955687827
"75235",0.0609581445421729,0.192186362358938,0.107228964695013,0.0849573976639243,0.131228217816765,0.0462708201528404
"493086",0.0578205906143712,0.277813475585187,0.132402222252739,0.145411253332448,0.219992884970816,0.0745816316383677
"2513",0.0970578775025038,0.251234341711781,0.151616158080598,0.0996181836311826,0.154176464209277,0.0545582805780947
"130742",0.212665510086784,0.52405662990714,0.322927169221989,0.201129460685151,0.311391119820356,0.110261659135205
"169524",0.0493037704139107,0.338507329744726,0.144162758794056,0.19434457095067,0.289203559330816,0.0948589883801453
"112194",0.269979370552207,0.928236029804468,0.484659551878199,0.443576477926269,0.65825665925226,0.214680181325992
"122372",0.0396513908140254,0.28719751735641,0.119725760042182,0.167471757314228,0.247546126542385,0.0800743692281565
"571595",0.156618835259463,0.429171356837803,0.250210988187796,0.178960368650007,0.27255252157834,0.0935921529283334
"481322",0.0265261814376446,0.209333302469293,0.085021666191206,0.124311636278087,0.182807121031648,0.0584954847535615
"301221",0.0864797090392651,0.167556358411507,0.114573420521105,0.0529829378904016,0.0810766493722418,0.0280937114818401
"281961",0.0555870916028255,0.350946713826584,0.153469156217096,0.197477557609488,0.295359622223759,0.0978820646142707
"7764",0.848516953517874,1.09471774265093,0.948528459579675,0.146189283071256,0.246200789133057,0.100011506061802
"333988",0.0301503258707623,0.210853259455843,0.0892092215507018,0.121644037905141,0.18070293358508,0.0590588956799395
"357490",0.0142656767249681,0.158788651154393,0.0586920770001983,0.100096574154194,0.144522974429425,0.0444264002752303
"65751",0.119765481044552,0.401946505990409,0.219646367930673,0.182300138059736,0.282181024945857,0.0998808868861212
"371163",0.124038651278849,0.329578832729859,0.195455075151755,0.134123757578104,0.20554018145101,0.0714164238729058
"33489",0.894141408063568,0.671282346044788,0.794634702579868,-0.12335235653508,-0.22285906201878,-0.0995067054836998
"38954",0.08476044106261,0.261456149850675,0.145829384913786,0.115626764936889,0.176695708788065,0.0610689438511761
"455328",0.1321407080437,0.385874523929326,0.222819310724675,0.163055213204651,0.253733815885626,0.090678602680975
"511924",1.3444495094911,1.43863324626238,1.38593121688099,0.0527020293813865,0.0941837367712732,0.0414817073898868
"42229",2.30663367420847,1.7305418293113,2.02559006813776,-0.295048238826459,-0.57609184489717,-0.28104360607071
"147771",0.174992691558109,0.307308639894517,0.224110595563932,0.0831980443305854,0.132315948336408,0.0491179040058225
"233649",0.0957177794650712,0.24118955484403,0.147378314919262,0.0938112399247684,0.145471775378959,0.0516605354541907
"111139",0.198066224915818,0.573722486043356,0.327861145019252,0.245861341024104,0.375656261127538,0.129794920103434
"563732",0.0683064806406263,0.200252913238402,0.114459394643277,0.085793518595125,0.131946432597775,0.0461529140026503
"433149",2.47651422733107,1.81120165145428,2.15918016053516,-0.347978509080878,-0.665312575876793,-0.317334066795915
"436786",0.207706162754649,0.374405812062974,0.26956984222335,0.104835969839624,0.166699649308325,0.061863679468701
"82315",0.126483632233653,0.345691042268617,0.202671589746434,0.143019452522183,0.219207410034964,0.0761879575127808
"83465",0.0906076546799621,0.271783506891392,0.15361383641116,0.118169670480232,0.181175852211429,0.0630061817311978
"170362",0.297138466526891,0.36369366567652,0.322480138711002,0.0412135269655172,0.0665551991496283,0.025341672184111
"300605",0.0572185779173803,0.210129983670326,0.109436294019856,0.10069368965047,0.152911405752946,0.0522177161024756
"315225",0.0571326275374125,0.279949710659967,0.131045516318793,0.148904194341174,0.222817083122554,0.0739128887813801
"191679",0.0472102263767914,0.258778977951594,0.117102037835269,0.141676940116325,0.211568751574803,0.0698918114584774
"121069",0.0420311228974474,0.226979503741622,0.102682905837264,0.124296597904358,0.184948380844175,0.0606517829398169
"54289",0.0532865169838022,0.301862381035185,0.137190265401938,0.164672115633247,0.248575864051383,0.0839037484181354
"251999",2.58972832280562,1.73602973215785,2.18120353832617,-0.445173806168317,-0.853698590647765,-0.408524784479448
"148848",0.0676893350419609,0.357107739777444,0.164043333803717,0.193064405973727,0.289418404735483,0.0963539987617559
"336144",0.456356660996802,0.309548864468774,0.396431306699508,-0.0868824422307335,-0.146807796528027,-0.0599253542972936
"254674",0.156856098804135,0.459491494504501,0.260802574613927,0.198688919890574,0.302635395700366,0.103946475809792
"11540",0.271565400829647,0.545976567815756,0.370125525355636,0.175851042460119,0.274411166986109,0.0985601245259894
"417300",0.348251301159611,1.13027294606928,0.601924280474497,0.52834866559478,0.782021644909666,0.253672979314886
"124573",0.0667845965706111,0.396329525639966,0.180324124647269,0.216005400992697,0.329544929069355,0.113539528076658
"26010",1.48966990411185,1.0878146629935,1.29912101664163,-0.21130635364813,-0.40185524111835,-0.19054888747022
"48178",0.0476374001294095,0.196536472982922,0.0975276207535948,0.0990088522293273,0.148899072853513,0.0498902206241853
"504834",0.120804622750741,0.15927887503724,0.133236375618072,0.026042499419168,0.0384742522864991,0.0124317528673311
"320294",0.0194672099873437,0.160732709106263,0.0650054979120293,0.095727211194234,0.14126549911892,0.0455382879246856
"40699",1.34825785041229,1.13553594724946,1.24748451373491,-0.11194856648545,-0.212721903162839,-0.100773336677389
"81289",0.030353842187631,0.289545244239891,0.112514065280285,0.177031178959607,0.25919140205226,0.0821602230926536
"329432",0.203103296391012,0.265687120510128,0.226635722291131,0.039051398218997,0.0625838241191159,0.0235324259001189
"74442",1.52870910549912,1.00570517369576,1.27913698783557,-0.273431814139808,-0.523003931803357,-0.249572117663549
"379319",1.52983140424686,1.01817326119226,1.28483254553207,-0.266659284339806,-0.511658143054596,-0.24499885871479
"123551",0.0599580099437091,0.251299451835804,0.125750151288276,0.125549300547528,0.191341441892095,0.0657921413445672
"326512",1.08856019072696,0.632786959209748,0.884808028624349,-0.252021069414601,-0.455773231517214,-0.203752162102612
"23855",0.0235188451816472,0.332043318633352,0.118065868333568,0.213977450299784,0.308524473451705,0.0945470231519211
"164953",0.28560265547368,0.562172496952279,0.385548733338729,0.17662376361355,0.276569841478599,0.0999460778650488
"510501",0.48365682680836,0.330332316378266,0.421052617174995,-0.0907203007967292,-0.153324510430094,-0.0626042096333652
"253476",0.185484025816981,0.271703100801677,0.218337351157232,0.0533657496444448,0.0862190749846951,0.0328533253402502
"279108",0.804325047214786,1.7607008074812,1.14900981094425,0.611690996536951,0.956375760266414,0.344684763729463
"513174",0.451431678155632,0.621164789803146,0.514220588137696,0.10694420166545,0.169733111647515,0.0627889099820645
"399514",0.0879616753798618,0.148099236238138,0.1106799801259,0.0374192561122388,0.0601375608582766,0.0227183047460378
"515267",0.682269974215466,0.776223895581482,0.723699025282826,0.0525248702986559,0.093953921366016,0.0414290510673601
"340140",0.0181587348828015,0.296061754023763,0.108628163991082,0.18743359003268,0.277903019140961,0.0904694291082809
"93133",1.45408852288668,0.739906532653037,1.14365634050122,-0.40374980784818,-0.714181990233641,-0.310432182385461
"60668",0.38826008396091,0.753666353581299,0.518399959943342,0.235266393637957,0.365406269620389,0.130139875982432
"140719",0.119979361268495,0.455658197971562,0.234703139830916,0.220955058140645,0.335678836703067,0.114723778562421
"108739",0.0031781220229822,0.137034558700755,0.0423776426421469,0.0946569160586085,0.133856436677773,0.0391995206191647
"227656",0.0862435800416105,0.193525385668688,0.124873738408005,0.0686516472606828,0.107281805627077,0.0386301583663946
"420369",0.115400087543921,0.327605242938589,0.193839553438455,0.133765689500134,0.212205155394669,0.0784394658945343
"406353",0.0149598768128053,0.146903940540123,0.055819825041336,0.0910841154987869,0.131944063727318,0.0408599482285307
"321396",0.0775930805079349,0.502290229658936,0.216115624887841,0.286174604771095,0.424697149151001,0.138522544379906
"65866",0.0376026803507442,0.20550413128836,0.0933381138416333,0.112166017446727,0.167901450937616,0.0557354334908891
"151440",0.0504878412242749,0.291836864594406,0.130177451282983,0.161659413311423,0.241349023370131,0.0796896100587081
"339424",0.050488069803599,0.329300301374896,0.143214845494574,0.186085455880322,0.278812231571297,0.092726775690975
"447331",3.60641060746982,1.42841548936733,2.36649494387764,-0.9380794545103,-2.17799511810248,-1.23991566359218
"205245",0.199739672630068,0.275469546519497,0.228459800320696,0.0470097461988003,0.0757298738894287,0.0287201276906284
"152023",1.27783704587422,1.46232235911321,1.36786888355755,0.0944534755556634,0.184485313238991,0.0900318376833271
"86121",0.0834166967958629,0.265430051947604,0.146669589185885,0.11876046276172,0.182013355151741,0.0632528923900218
"411432",0.0134292230264935,0.250771054423027,0.0850057760594591,0.165765278363568,0.237341831396533,0.0715765530329656
"328984",0.254349967730204,0.695611463237138,0.401276369237904,0.294335093999234,0.441261495506934,0.146926401507699
"55629",0.0745607903091464,0.17542450781903,0.110649781758753,0.0647747260602765,0.100863717509884,0.036088991449607
"554745",2.17533099330194,1.7626414425646,1.97521498285744,-0.21257354029284,-0.412689550737336,-0.200116010444496
"126756",0.135442377230541,0.63522936510007,0.300510813327283,0.334718551772787,0.499786987869529,0.165068436096742
"85953",0.0457569425035461,0.226580560819427,0.106604995287709,0.119975565531719,0.180823618315881,0.0608480527841625
"11756",0.0482440319516373,0.268003546406886,0.121105601695674,0.146897944711212,0.219759514455249,0.072861569744037
"308733",0.48783745535875,0.628865773146718,0.540935198355449,0.0879305747912689,0.141028317787968,0.0530977429966994
"204846",0.440722582635062,0.276824606326476,0.373894407518055,-0.0970698011915785,-0.163897976308586,-0.0668281751170072
"202725",0.588428450967743,0.59936697519856,0.594896924088387,0.00447005111017307,0.0109385242308166,0.00646847312064358
"243240",0.0364254253378888,0.21337619506966,0.0955488474989811,0.117827347570679,0.176950769731771,0.0591234221610923
"265183",0.155447776234066,0.261312501484885,0.195203248956145,0.0661092525287402,0.105864725250819,0.0397554727220788
"566491",0.39028276795331,0.471658916978758,0.420381297024612,0.0512776199541454,0.0813761490254479,0.0300985290713026
"434500",0.075254383097304,0.22533374866097,0.128452987513981,0.0968807611469891,0.150079365563666,0.0531986044166774
"234322",0.0742903335917598,0.384611070485483,0.175870608168762,0.208740462316721,0.310320736893723,0.101580274577003
"480335",0.0619480592149897,0.373408053234941,0.163397747442968,0.210010305791973,0.311459994019951,0.101449688227978
"424827",0.0563189663136009,0.3542097766594,0.152419135097222,0.201790641562178,0.297890810345799,0.096100168783621
"529647",0.0400204237728202,0.222334421715572,0.101043337161863,0.121291084553709,0.182313997942752,0.0610229133890429
"66708",0.260681613807411,0.53071265973662,0.356205023887943,0.174507635848678,0.270031045929209,0.0955234100805313
"528508",0.089246775969753,0.32197398182888,0.170014054732864,0.151959927096016,0.232727205859127,0.0807672787631114
"396369",0.168239607440064,0.27487251669657,0.208354664089732,0.0665178526068377,0.106632909256506,0.0401150566496681
"463531",2.59712674883977,1.81275315093235,2.22440374356969,-0.411650592637338,-0.784373597907418,-0.372723005270081
"543506",0.0359079292738487,0.081452603406356,0.0511526954813192,0.0302999079250368,0.0455446741325073,0.0152447662074705
"106181",0.0396892484968511,0.349006966889434,0.140849065402998,0.208157901486436,0.309317718392583,0.101159816906147
"377792",0.285920422436982,0.505596797427855,0.365117422858754,0.1404793745691,0.219676374990872,0.0791970004217721
"119017",0.110361323701687,0.329559171304221,0.186573301227882,0.14298587007634,0.219197847602535,0.0762119775261951
"567125",0.23181604361337,0.448389051570042,0.311525882638222,0.13686316893182,0.216573007956672,0.0797098390248522
"484267",0.735199441817413,0.402485371345791,0.602919597254281,-0.20043422590849,-0.332714070471622,-0.132279844563132
"419026",0.209553973704853,0.244426575445441,0.223116534233505,0.0213100412119362,0.034872601740588,0.0135625605286518
"222753",0.101761190235595,0.415998065662737,0.20933337368869,0.206664691974047,0.314236875427142,0.107572183453095
"337919",0.0335692814888369,0.15118756502908,0.0718395255469921,0.0793480394820883,0.117618283540244,0.0382702440581553
"177788",0.234376862819812,0.533732511169144,0.345347956734939,0.188384554434205,0.299355648349332,0.110971093915127
"536625",0.15892679001063,0.493906654952908,0.276877499803483,0.217029155149425,0.334979864942278,0.117950709792853
"540464",2.07784411364717,1.71618875212983,1.9003602848479,-0.184171532718071,-0.361655361517338,-0.177483828799267
"516105",0.181221226123646,0.605519708712173,0.325638562811539,0.279881145900634,0.424298482588527,0.144417336687894
"25629",0.0397270398878057,0.193147890128133,0.0907906097629276,0.102357280365205,0.153420850240327,0.0510635698751219
"545762",0.149651330962391,0.655480878591133,0.3170252845251,0.338455594066033,0.505829547628743,0.16737395356271
"454277",0.0864641171970427,0.266581096400803,0.149643306322207,0.116937790078595,0.18011697920376,0.0631791891251644
"6670",0.104829937090531,0.311757752133561,0.177599227444087,0.134158524689475,0.20692781504303,0.0727692903535555
"321726",0.0878702723918254,0.245686654272524,0.143409148748796,0.102277505523728,0.157816381880699,0.0555388763569708
"261466",0.24143396477772,0.73546705355727,0.410380445540071,0.325086608017199,0.49403308877955,0.168946480762352
"34939",4.93548195410358,2.61312199960254,3.57673854265698,-0.963616543054432,-2.32235995450104,-1.35874341144661
"138983",0.536969034815479,0.609686723275664,0.563984232366252,0.0457024909094127,0.072717688460185,0.0270151975507723
"90216",0.0497849566090539,0.178156185850659,0.0940239133787096,0.0841322724719497,0.128371229241606,0.0442389567696558
"44149",0.288825034034883,0.591051176161097,0.39515025925236,0.195900916908737,0.302226142126213,0.106325225217477
"268004",0.328028764619875,0.948189835155319,0.539246110468076,0.408943724687243,0.620161070535444,0.211217345848201
"120489",0.0711971220898553,0.266591703406277,0.137571210131284,0.129020493274993,0.195394581316422,0.0663740880414291
"291536",0.0425848785025191,0.304187949492251,0.128262412786019,0.175925536706232,0.261603070989732,0.0856775342834996
"23924",0.112223240301172,0.288363095775315,0.175815891856102,0.112547203919214,0.176139855474143,0.0635926515549298
"512672",0.0789798118556288,0.203795471885896,0.123260461964071,0.0805350099218253,0.124815660030267,0.0442806501084417
"81524",0.5607925925716,0.577920616564456,0.56936009690207,0.0085605196623858,0.0171280239928564,0.0085675043304706
"42654",2.79284111023221,1.31710484239593,2.04846860455185,-0.731363762155913,-1.47573626783627,-0.744372505680361
"159837",2.24446968184215,2.92485796290449,2.57933593866023,0.34552202424426,0.680388281062344,0.334866256818084
"161889",0.0352900839334566,0.253093867460127,0.105185683930009,0.147908183530118,0.21780378352667,0.0698955999965527
"262304",0.524944487138749,1.21487505542343,0.749147422014053,0.465727633409381,0.689930568284685,0.224202934875304
"123505",0.167948528038104,0.304628235438872,0.220114529278342,0.0845137061605306,0.136679707400768,0.0521660012402371
"215678",2.26745596568971,1.56973667333654,1.92206812666008,-0.352331453323545,-0.697719292353171,-0.345387839029626
"16920",0.0457061489332397,0.246878468650541,0.113743508927964,0.133134959722577,0.201172319717301,0.0680373599947244
"42074",0.106330631430703,0.268151918064071,0.165357165468677,0.102794752595394,0.161821286633368,0.059026534037974
"400662",1.4946162253613,1.15507292871155,1.33680426984493,-0.181731341133375,-0.339543296649752,-0.157811955516377
"56226",0.129193071131655,0.411189493137904,0.227968606556509,0.183220886581396,0.281996422006249,0.0987755354248532
"485919",0.0339107857406171,0.322941097801196,0.128139884661717,0.194801213139479,0.289030312060579,0.0942290989210999
"82034",0.0929392876256914,0.250596959449969,0.14912961691464,0.101467342535329,0.157657671824278,0.0561903292889489
"319892",1.06985093359905,0.80238400840521,0.954050083520794,-0.151666075115584,-0.267466925193837,-0.115800850078253
"484760",0.306692823172939,0.602171555871037,0.411690544491339,0.190481011379697,0.295478732698098,0.104997721318401
"5796",0.0344113368711253,0.274075377261823,0.111257767307465,0.162817609954358,0.239664040390698,0.0768464304363399
"93926",1.97762464281456,1.19165547376408,1.62056959029278,-0.428914116528701,-0.785969169050479,-0.357055052521778
"509799",0.210342407879475,0.389530961745415,0.274556130819013,0.114974830926402,0.17918855386594,0.0642137229395379
"189919",0.279750019188505,0.842794238287437,0.473286801719372,0.369507436568065,0.563044219098932,0.193536782530867
"159328",0.0407771460866155,0.243839670120215,0.109205532669159,0.134634137451057,0.2030625240336,0.0684283865825432
"365425",0.114618282215338,0.46999893181834,0.234891874324404,0.235107057493936,0.355380649603002,0.120273592109066
"209583",0.0719155512279387,0.209346678359171,0.119741705945969,0.0896049724132021,0.137431127131232,0.0478261547180303
"540261",0.144999658836728,0.417820942374726,0.241417055399319,0.176403886975407,0.272821283537998,0.0964173965625909
"452176",0.11438074076312,0.140886924659202,0.124568029577571,0.016318895081631,0.0265061838960825,0.0101872888144516
"536539",0.0194558096429156,0.140695562778541,0.0577451236212364,0.0829504391573046,0.121239753135625,0.0382893139783207
"91677",0.0961493443038144,0.211679879440028,0.137881173649718,0.0737987057903094,0.115530535136213,0.0417318293459039
"315970",0.26267553491742,0.6416903926792,0.394714560779481,0.246975831899719,0.37901485776178,0.132039025862061
"322692",0.170582732576119,0.40808173380714,0.253831840099859,0.154249893707281,0.237499001231021,0.0832491075237403
"523376",0.0881679502523178,0.212775885883097,0.133216438035033,0.0795594478480639,0.124607935630779,0.0450484877827149
"418217",0.120336009225377,0.606447273171383,0.278801847781416,0.327645425389966,0.486111263946006,0.158465838556039
"424495",0.0387832065419632,0.170880159448577,0.0829531111846331,0.087927048263944,0.132096952906614,0.0441699046426699
"205053",0.11147455270565,0.144424361177068,0.124113373476748,0.0203109877003198,0.032949808471418,0.0126388207710981
"315231",0.0680834419882072,0.166595150813984,0.103256883711065,0.0633382671029185,0.0985117088257763,0.0351734417228578
"268169",0.143808739060376,0.518783735002325,0.270550937223515,0.24823279777881,0.374974995941949,0.126742198163139
"307127",0.204373323587814,0.46658295132205,0.298140333383554,0.168442617938495,0.262209627734236,0.0937670097957402
"572033",0.266154829490105,0.394910676845297,0.316059919670487,0.0788507571748101,0.128755847355192,0.0499050901803814
"171359",0.102647806473128,0.251693215562828,0.155652463387043,0.0960407521757845,0.1490454090897,0.0530046569139156
"483239",0.027821539488195,0.256874575937598,0.101334657116091,0.155539918821508,0.229053036449403,0.0735131176278956
"10018",0.507527565590056,0.731245730235632,0.587050925573052,0.14419480466258,0.223718164645576,0.0795233599829956
"321534",0.0251572087670246,0.201917929163762,0.0813970769530468,0.120520852210715,0.176760720396737,0.0562398681860222
"61968",0.116417993891036,0.278237165454065,0.174931046426867,0.103306119027198,0.161819171563029,0.0585130525358313
"359645",0.0567365989980483,0.340968994105875,0.149890122247338,0.191078871858536,0.284232395107826,0.0931535232492901
"103037",2.12647454704413,1.0667682906802,1.63928653441637,-0.572518243736174,-1.05970625636393,-0.487188012627759
"557460",0.0692657821165969,0.430845699793033,0.189315639706813,0.24153006008622,0.361579917676436,0.120049857590216
"338601",0.0216408002750154,0.152737505776061,0.0633604006225737,0.0893771051534868,0.131096705501045,0.0417196003475583
"152706",0.353519028873062,0.590246031336239,0.440402511459254,0.149843519876984,0.236727002463176,0.086883482586192
"347068",1.52342513039052,1.34641416256499,1.4430735421678,-0.0966593796028159,-0.17701096782553,-0.0803515882227146
"10064",0.0475394128351624,0.216245066452585,0.106123564164589,0.110121502287996,0.168705653617422,0.0585841513294263
"522941",1.7693679804946,0.621773408566748,1.17539478357098,-0.553621375004236,-1.14759457192785,-0.593973196923614
"509846",0.0453256516409978,0.206508063547815,0.0991249991081486,0.107383064439666,0.161182411906817,0.0537993474671508
"532622",0.193750662424687,0.696387806714868,0.362434791532878,0.33395301518199,0.502637144290181,0.168684129108191
"89001",0.188897155800506,0.423716482420086,0.273543271008583,0.150173211411502,0.23481932661958,0.0846461152080774
"122206",0.0727926302049955,0.340306487985321,0.168499586868821,0.1718069011165,0.267513857780326,0.0957069566638258
"116253",0.142077797554925,0.464659008940101,0.253261383248233,0.211397625691868,0.322581211385176,0.111183585693308
"221935",2.44695988238171,0.699224125012983,1.57910341250364,-0.879879287490661,-1.74773575736873,-0.867856469878067
"26280",0.0231235226657239,0.308698750498116,0.112958278223212,0.195740472274904,0.285575227832392,0.0898347555574879
"335264",0.501167814293199,0.737230274499795,0.585940067328448,0.151290207171347,0.236062460206596,0.0847722530352496
"108388",0.102860181823255,0.268513148706355,0.163479138456818,0.105034010249536,0.1656529668831,0.0606189566335634
"544014",2.50520985412919,1.70361382010196,2.11825479552335,-0.414640975421386,-0.801596034027232,-0.386955058605847
"169207",0.0450309791991635,0.168340476748421,0.0881568424068919,0.0801836343415295,0.123309497549258,0.0431258632077285
"336700",0.0113808216913877,0.132674158512836,0.0487649986786651,0.083909159834171,0.121293336821448,0.0373841769872774
"286775",1.83028553094174,0.593136544735719,1.18490883262109,-0.59177228788537,-1.23714898620602,-0.645376698320655
"142235",1.52770868739616,2.16270366762047,1.78185014047619,0.380853527144281,0.634994980224311,0.25414145308003
"191103",2.71473281667487,0.683471470436325,1.55941367748846,-0.875942207052132,-2.03126134623855,-1.15531913918642
"24668",0.24213009708708,0.582724166723325,0.373970297135002,0.208753869588323,0.340594069636245,0.131840200047922
"296894",0.0718090384619929,0.251224157593836,0.13397912812447,0.117245029469366,0.179415119131843,0.0621700896624775
"412578",0.20279940439406,0.382715991669239,0.269341577341094,0.113374414328145,0.179916587275179,0.0665421729470337
"302591",0.0728871435957149,0.397602000673914,0.180325601469856,0.217276399204058,0.324714857078199,0.107438457874141
"60785",0.295407598743783,0.485342672518096,0.365576961124791,0.119765711393305,0.189935073774313,0.0701693623810079
"154576",0.122658905470368,0.36910127458133,0.209799045947388,0.159302228633941,0.246442369110962,0.0871401404770208
"461828",0.0958156863438946,0.368446097970958,0.190383617275281,0.178062480695677,0.272630411627063,0.0945679309313862
"200554",0.936145623248757,0.772286936072639,0.864002246656273,-0.0917153105836344,-0.163858687176119,-0.0721433765924845
"57399",0.658822860731685,0.604977979518755,0.638584383093886,-0.0336064035751313,-0.0538448812129306,-0.0202384776377993
"45633",0.225625697534368,0.492640299796011,0.31911973679619,0.173520562999822,0.267014602261644,0.0934940392618223
"537036",0.131106633973149,0.522234118394098,0.266513431447906,0.255720686946192,0.391127484420949,0.135406797474757
"217530",0.0838369534920293,0.259751622882344,0.147306869238828,0.112444753643515,0.175914669390314,0.063469915746799
"431593",0.0887127083384026,0.329516119387331,0.177526517778117,0.151989601609214,0.240803411048928,0.0888138094397139
"177723",0.483349183823432,0.327782401971813,0.418489478775654,-0.0907070768038407,-0.155566781851619,-0.064859705047778
"531333",0.088347129736049,0.505487794204858,0.226410300036423,0.279077494168435,0.417140664468809,0.138063170300374
"433474",0.264757864762108,0.542121832629039,0.365332717170945,0.176789115458094,0.27736396786693,0.100574852408836
"437712",1.139364441762,0.915074768689915,1.04483965198971,-0.129764883299798,-0.224289673072086,-0.0945247897722872
"124416",0.0755796851524295,0.428480853550952,0.191762535472284,0.236718318078668,0.352901168398522,0.116182850319854
"210897",0.014998034695798,0.103402918256365,0.0422447013141611,0.0611582169422034,0.0884048835605665,0.0272466666183631
"38008",0.0435371542790237,0.193605888932889,0.0938194823522662,0.0997864065806227,0.150068734653865,0.0502823280732425
"438042",0.152913331755598,0.406769660385491,0.245613459514579,0.161156200870912,0.253856328629893,0.0927001277589809
"57141",0.0307465786026486,0.106575237341381,0.055791821240279,0.050783416101102,0.0758286587387324,0.0250452426376304
"302388",0.106183987022505,0.411349149712012,0.210218356840785,0.201130792871227,0.305165162689507,0.10403436981828
"287635",0.473158876899984,0.759193246213036,0.575589871158494,0.183603375054543,0.286034369313053,0.10243099425851
"26555",0.954511887622344,0.744588543853284,0.876507327860212,-0.131918784006928,-0.20992334376906,-0.0780045597621312
"8213",0.137049114053689,0.420653627060924,0.236437051805535,0.184216575255389,0.283604513007235,0.0993879377518463
"359573",0.0941769427460755,0.318258858911328,0.172153093998461,0.146105764912868,0.224081916165253,0.077976151252385
"97174",0.834616086610692,0.998631701059424,0.902948595763315,0.0956831052961085,0.164015614448731,0.068332509152623
"131030",1.31252726520578,1.15150868390197,1.23630389087492,-0.0847952069729498,-0.161018581303812,-0.076223374330862
"24800",0.669155397920694,0.865061656849179,0.740850167504536,0.124211489344643,0.195906258928486,0.0716947695838424
"566511",0.198608065503534,0.511311325805728,0.308999969503438,0.20231135630229,0.312703260302194,0.110391903999904
"21877",0.94355466957998,0.793365117054114,0.877623155884766,-0.0842580388306527,-0.150189552525866,-0.0659315136952137
"474641",0.100653022870327,0.279684643016913,0.165143376234371,0.114541266782542,0.179031620146587,0.0644903533640446
"56761",0.553424887542982,0.890781394250045,0.699357978366183,0.191423415883861,0.337356506707062,0.145933090823201
"400403",0.0753142545782092,0.397469119588638,0.183645379529315,0.213823740059323,0.322154865010429,0.108331124951106
"567782",0.387581362785343,0.844245826458927,0.544933422470772,0.299312403988154,0.456664463673583,0.157352059685429
"335527",0.468594238756127,1.49666536013414,0.78457431836924,0.712091041764904,1.02807112137802,0.315980079613113
"96653",0.273088824426763,0.359201210351868,0.305949404187998,0.0532518061638704,0.086112385925105,0.0328605797612345
"171377",3.1552501538999,2.47864164912558,2.80557113105534,-0.326929481929752,-0.676608504774312,-0.34967902284456
"335883",0.0933563613751071,0.31108637415743,0.169830536727941,0.141255837429488,0.217730012782322,0.076474175352834
"415477",0.0579497048511318,0.294659178211231,0.140245354061569,0.154413824149662,0.236709473360099,0.0822956492104369
"416152",0.744275854128223,1.27333357878031,0.952009422829626,0.321324155950685,0.529057724652088,0.207733568701402
"239141",0.173673830201254,0.43528662770336,0.267664123857035,0.167622503846325,0.261612797502106,0.0939902936557812
"187303",0.808357057845077,0.573651136258534,0.698613121374954,-0.12496198511642,-0.234705921586543,-0.109743936470123
"506414",0.0882435620692686,0.378840878415431,0.185919536588901,0.192921341826531,0.290597316346163,0.097675974519632
"295868",0.0943932476494349,0.368895617234608,0.188253132443334,0.180642484791274,0.274502369585173,0.0938598847938986
"294631",0.0720508236292348,0.305331754635255,0.151660459468205,0.15367129516705,0.23328093100602,0.07960963583897
"170748",1.34551124032155,0.468071960336634,0.927134170838524,-0.45906221050189,-0.877439279984919,-0.418377069483029
"276803",0.247623974880354,0.379830564113998,0.296992314512285,0.0828382496017128,0.132206589233644,0.0493683396319314
"306792",0.620607745786118,0.930573333650828,0.752791104263015,0.177782229387813,0.30996558786471,0.132183358476897
"56717",0.0734082072316347,0.357528538632601,0.169551520949925,0.187977017682676,0.284120331400966,0.0961433137182904
"436526",1.32148649567668,1.10841598637691,1.22008969736321,-0.111673710986294,-0.213070509299762,-0.101396798313468
"141858",0.138854656284614,0.365457924283304,0.218374098025097,0.147083826258207,0.22660326799869,0.0795194417404831
"492627",0.0325614965403977,0.236459966380422,0.0980760186194149,0.138383947761007,0.203898469840024,0.0655145220790172
"300560",0.130421826320724,0.404850907242874,0.225667515186246,0.179183392056628,0.27442908092215,0.095245688865522
"356594",0.730421819417289,0.678788927997704,0.706871851091623,-0.0280829230939189,-0.0516328914195848,-0.0235499683256659
"278121",0.640602205483505,0.67453985368445,0.653035233055058,0.0215046206293913,0.0339376482009445,0.0124330275715532
"284010",0.227548780592308,0.720512104801752,0.392336487844004,0.328175616957749,0.492963324209444,0.164787707251696
"429114",0.0602665080699355,0.205724367985683,0.109826389450615,0.095897978535068,0.145457859915748,0.0495598813806798
"305639",0.0554507160965176,0.219002703279203,0.111862156889536,0.107140546389667,0.163551987182685,0.056411440793018
"130981",0.0403176936673273,0.182633226116708,0.0876825249999216,0.0949507011167859,0.14231553244938,0.0473648313325943
"195312",0.328835919244309,1.01101558806561,0.555449065230637,0.45556652283497,0.682179668821298,0.226613145986328
"488226",0.33370621157972,1.10652081961762,0.584654082756842,0.521866736860776,0.772814608037898,0.250947871177122
"367887",0.640852535255518,0.500085046473532,0.584986630469962,-0.0849015839964303,-0.140767488781986,-0.0558659047855554
"438834",0.0334127746505923,0.166394487565993,0.0773434175629718,0.0890510700030214,0.132981712915401,0.0439306429123796
"508533",0.0983093983160064,0.201645185431239,0.136106917553511,0.0655382678777282,0.103335787115233,0.0377975192375047
"332173",0.191172777079017,0.447203457071437,0.284098459205956,0.163104997865481,0.256030679992421,0.0929256821269394
"59879",0.181309518755778,0.67172345428862,0.344901215121255,0.326822239167365,0.490413935532842,0.163591696365477
"523816",0.247041465861099,0.526149821584023,0.351831723275144,0.174318098308879,0.279108355722925,0.104790257414045
"149711",0.212884672749205,0.404935879984105,0.281668161718741,0.123267718265364,0.1920512072349,0.0687834889695353
"395617",1.01514649211312,0.760851512690066,0.904005784765832,-0.143154272075766,-0.254294979423049,-0.111140707347283
"467975",0.0702598363936616,0.328351684681364,0.162424236302975,0.165927448378389,0.258091848287702,0.0921643999093137
"7018",0.446764778664984,0.477892867696123,0.458352094041268,0.0195407736548545,0.0311280890311391,0.0115873153762847
"80905",0.0488953648196915,0.250848226333856,0.115760495520009,0.135087730813846,0.201952861514164,0.066865130700318
"490306",2.69568973130998,0.960143752610632,1.88801210834316,-0.927868355732524,-1.73554597869935,-0.807677622966825
"466447",0.143208327103769,0.50911858611096,0.268784271646161,0.240334314464798,0.365910259007191,0.125575944542392
"71854",0.0292455369101405,0.147228943598514,0.0682833391088244,0.0789456044896897,0.117983406688374,0.0390378021986838
"25776",0.0172112536426748,0.187941827476744,0.0728806168947483,0.115061210581996,0.170730573834069,0.0556693632520735
"415341",4.11381433392943,1.34420559454424,2.54608277781633,-1.20187718327209,-2.76960873938519,-1.5677315561131
"446659",0.167096845589293,0.472536347659978,0.273167808844673,0.199368538815305,0.305439502070685,0.106070963255381
"480987",0.747312373111595,0.370717230760402,0.554657518381278,-0.183940287620876,-0.376595142351193,-0.192654854730317
"569088",0.0414939572306874,0.214258183402547,0.0989622854046439,0.115295897997903,0.17276422617186,0.0574683281739565
"536504",0.0444323395365684,0.156371210277395,0.0831900833017777,0.0731811269756173,0.111938870740827,0.0387577437652093
"92006",2.45545023462619,1.21309424356631,1.81211650266397,-0.59902225909766,-1.24235599105988,-0.643333731962221
"556779",0.0364539306194032,0.196607745911768,0.0899197980096273,0.10668794790214,0.160153815292364,0.0534658673902241
"332571",0.0388108983104557,0.246338686968675,0.106556717584146,0.13978196938453,0.20752778865822,0.0677458192736898
"40016",3.83969838171872,2.05923908788651,2.90093264917488,-0.841693561288368,-1.7804592938322,-0.938765732543835
"190452",5.54137433679958,2.26800590400848,3.59640508130915,-1.32839917730066,-3.27336843279109,-1.94496925549043
"184816",0.102778161909802,0.423445256937023,0.21140363191983,0.212041625017193,0.320667095027221,0.108625470010028
"419025",0.138901117895783,0.526955935495013,0.272572906025623,0.25438302946939,0.38805481759923,0.13367178812984
"339754",0.185117256120714,0.540310254124628,0.311399595277812,0.228910658846815,0.355192998003914,0.126282339157098
"208795",0.243892650989964,0.554167372829822,0.352891043084396,0.201276329745425,0.310274721839857,0.108998392094432
"531360",0.016733943083828,0.205728042220901,0.0789928066062467,0.126735235614655,0.188994099137073,0.0622588635224187
"256607",0.0495532492238901,0.18686556255683,0.096117433307603,0.0907481292492271,0.13731231333294,0.0465641840837129
"202491",0.0463653048451264,0.332408701313771,0.140608107562045,0.191800593751726,0.286043396468644,0.0942428027169183
"167217",0.29599507093747,0.457475990096679,0.356541761301777,0.100934228794903,0.16148091915921,0.0605466903643071
"120011",0.246428153540992,0.400521535384056,0.303474000930816,0.0970475344532403,0.154093381843064,0.0570458473898239
"162147",3.5395687957037,2.33656697303943,2.91607963456442,-0.579512661524987,-1.20300182266427,-0.623489161139281
"97252",0.420828734223955,0.53149154900023,0.463040216780825,0.0684513322194049,0.110662814776275,0.0422114825568705
"293467",3.44232112578575,2.01571778503156,2.67930897582075,-0.663591190789184,-1.42660334075418,-0.763012149964999
"540170",1.67215748451431,1.71995935473742,1.69232374179321,0.0276356129442183,0.0478018702231169,0.0201662572788985
"553060",0.0783696091014832,0.566856478646516,0.236983858089407,0.329872620557109,0.488486869545033,0.158614248987924
"68471",0.332479028238703,0.531703690404809,0.40469376175714,0.127009928647669,0.199224662166106,0.0722147335184373
"509716",0.192607918686253,0.451336660309837,0.290037693615879,0.161298966693958,0.258728741623584,0.0974297749296254
"77244",0.0422309734318454,0.136390768474313,0.074240332595379,0.0621504358789339,0.0941597950424675,0.0320093591635336
"39530",0.150595737461484,0.492216559318178,0.270774161628009,0.221442397690169,0.341620821856694,0.120178424166526
"148370",0.0477642508132022,0.21151286186205,0.102586602501915,0.108926259360135,0.163748611048848,0.0548223516887128
"526891",0.12535956674681,0.360332480841818,0.207493237811285,0.152839243030533,0.234972914095008,0.0821336710644748
"215126",0.103384327675596,0.445714416947444,0.219095837380974,0.22661857956647,0.342330089271848,0.115711509705378
"31003",0.172128607930193,0.698459012416731,0.344398824732499,0.354060187684232,0.526330404486538,0.172270216802306
"428279",0.146626908483812,0.366893629302109,0.228327058814714,0.138566570487395,0.220266720818297,0.0817001503309014
"257786",0.831456426162126,0.545824533213493,0.696887869282081,-0.151063336068588,-0.285631892948633,-0.134568556880045
"480924",0.205611876033101,0.352661443417852,0.260335776322784,0.0923256670950683,0.147049567384751,0.0547239002896823
"76791",0.184727375773011,0.520834904277402,0.305385494420917,0.215449409856485,0.336107528504391,0.120658118647905
"550951",0.0533435540788526,0.32276977734354,0.140687189782772,0.182082587560768,0.269426223264688,0.0873436357039196
"36183",0.256920007254401,0.630719279692542,0.388991443630316,0.241727836062226,0.373799272438141,0.132071436375914
"531985",0.0664648719461379,0.395310010554686,0.17931846192994,0.215991548624746,0.328845138608548,0.112853589983802
"486241",0.275443623878278,0.396692226708975,0.320853467363138,0.0758387593458371,0.121248602830697,0.0454098434848596
"341778",0.981507294553178,1.47556607810123,1.17057296649242,0.304993111608811,0.494058783548049,0.189065671939237
"472693",0.105154953118545,0.503427844499978,0.245209699711504,0.258218144788474,0.398272891381433,0.140054746592959
"26021",0.226153566557566,0.398108148976314,0.287651732847415,0.110456416128899,0.171954582418748,0.0614981662898496
"380283",0.075349717086592,0.236403711896877,0.130428515868689,0.105975196028188,0.161053994810285,0.0550787987820968
"29556",0.0458570926338584,0.227936042259073,0.107406323613175,0.120529718645897,0.182078949625214,0.0615492309793169
"461385",0.0892120074752465,0.262543842750395,0.151189188380224,0.111354654370171,0.173331835275148,0.0619771809049773
"34838",1e-08,0.144325384205406,0.042391385108241,0.101933999097165,0.144325374205406,0.042391375108241
"206285",0.266089004817317,0.523388972286396,0.359791525078285,0.163597447208111,0.257299967469079,0.0937025202609682
"139526",0.0161320893128572,0.133732354665668,0.0535636185288764,0.0801687361367918,0.117600265352811,0.0374315292160192
"232495",0.26726108667353,0.405887389798556,0.318208596575951,0.0876787932226043,0.138626303125026,0.0509475099024216
"341253",0.0532535591535372,0.255681018666893,0.122914669186855,0.132766349480038,0.202427459513356,0.0696611100333179
"31148",0.0341922642363037,0.204447644834477,0.088750342245931,0.115697302588546,0.170255380598173,0.0545580780096273
"356337",0.0493363001455323,0.288496615113235,0.128607511814516,0.159889103298719,0.239160314967703,0.0792712116689834
"71598",0.0576570099112273,0.292168302949833,0.135171752891143,0.15699655005869,0.234511293038606,0.077514742979916
"22176",0.00880439844574079,0.258282715949995,0.0851566402879601,0.173126075662035,0.249478317504254,0.0763522418422193
"417347",0.0375816375821483,0.284800408993351,0.119886730815207,0.164913678178143,0.247218771411202,0.082305093233059
"176843",0.0886253793715913,0.247613787540418,0.148448059583034,0.0991657279573836,0.158988408168827,0.0598226802114431
"254362",0.0663043735998084,0.337675283064102,0.157739668606524,0.179935614457578,0.271370909464294,0.0914352950067157
"91020",0.0469183867027885,0.209308003235916,0.10215051205665,0.107157491179266,0.162389616533128,0.0552321253538617
"135187",0.0655534503164683,0.191519587572519,0.109282709070091,0.082236878502428,0.125966137256051,0.0437292587536228
"564666",0.0980472505899027,0.240577002469486,0.147807427918996,0.0927695745504903,0.142529751879584,0.0497601773290934
"467748",0.0855318021166456,0.250091600386032,0.14274730574631,0.107344294639722,0.164559798269386,0.0572155036296643
"476084",0.0639360029309339,0.354700881321089,0.165522246147757,0.189178635173332,0.290764878390155,0.101586243216823
"415882",0.0138310460114279,0.152818745113168,0.057229900559309,0.0955888445538593,0.13898769910174,0.0433988545478811
"73345",0.0981806838434894,0.376469281046184,0.19664952572628,0.179819755319904,0.278288597202695,0.0984688418827905
"554134",0.0172926991353766,0.127293585840668,0.0519764661676531,0.0753171196730146,0.110000886705291,0.0346837670322764
"258970",1.67125216061467,1.3436175439139,1.52475053555121,-0.181132991637305,-0.327634616700771,-0.146501625063465
"77429",0.111092835856202,0.484948082346568,0.235573797274808,0.24937428507176,0.373855246490366,0.124480961418606
"424535",0.0531579794686057,0.393591381985092,0.163865095422034,0.229726286563058,0.340433402516486,0.110707115953429
"490733",0.431387914833905,0.155792670196306,0.308383653028672,-0.152590982832366,-0.275595244637599,-0.123004261805233
"56214",0.0281920607700558,0.204341809866021,0.0855044138411551,0.118837396024866,0.176149749095965,0.0573123530710993
"290626",2.73966146370661,1.06292220280243,1.86101602732946,-0.798093824527028,-1.67673926090418,-0.878645436377149
"507524",0.226989920309203,0.399894497481784,0.289189014372523,0.110705483109261,0.17290457717258,0.0621990940633194
"107837",0.172456885536178,0.831908808714149,0.381740568501487,0.450168240212662,0.659451923177971,0.209283682965309
"83812",0.242572636552863,0.555931491682049,0.355246025593694,0.200685466088355,0.313358855129186,0.112673389040832
"3038",1.65928949066715,0.905063590022842,1.29379408641555,-0.388730496392712,-0.75422590064431,-0.365495404251598
"196914",0.274789244728248,0.868965746460412,0.486965341260889,0.382000405199523,0.594176501732164,0.212176096532641
"394203",0.0147194517543461,0.17064678352198,0.0630669928494943,0.107579790672486,0.155927331767634,0.0483475410951482
"556266",0.640543657348264,0.759970881311341,0.683674202131668,0.0762966791796733,0.119427223963077,0.0431305447834042
"16969",1.34832333293461,1.7166876625257,1.50526810017921,0.21141956234649,0.368364329591099,0.156944767244609
"357009",0.0356737545212309,0.154202236901941,0.0754358117308781,0.078766425171063,0.11852848238071,0.0397620572096472
"33321",1.45650379379627,0.691611825846588,1.05901369692014,-0.367401871073555,-0.764891967949678,-0.397490096876122
"91615",0.00843569925889976,0.247109617055382,0.0822600585460994,0.164849558509282,0.238673917796482,0.0738243592871996
"100301",0.9345944159347,1.10346889034611,0.99248828607262,0.110980604273486,0.168874474411407,0.0578938701379204
"81535",0.0134844195105061,0.19004135015636,0.0693065183364589,0.120734831819901,0.176556930645854,0.0558220988259528
"523477",1.91116745140102,1.64127358044429,1.77636652694855,-0.135092946504259,-0.269893870956724,-0.134800924452466
"388307",0.168475284436562,0.271063593189887,0.207886482861564,0.0631771103283228,0.102588308753324,0.0394111984250015
"455932",0.0862621860744095,0.359258985515926,0.178913837059975,0.180345148455951,0.272996799441517,0.092651650985566
"347644",0.105665118890854,0.432589057172812,0.216699123693126,0.215889933479686,0.326923938281958,0.111034004802272
"384829",0.218400500330512,0.716853661032182,0.392860261692102,0.32399339934008,0.49845316070167,0.17445976136159
"393859",0.110648826661,0.257105082208558,0.163508222894943,0.0935968593136152,0.146456255547558,0.0528593962339427
"424072",2.04752095074115,0.730357070676162,1.39566732231579,-0.665310251639627,-1.31716388006499,-0.651853628425363
"174014",0.0204668968932324,0.217810445812996,0.08508455034769,0.132725895465306,0.197343548919764,0.0646176534544576
"12317",0.914998245734879,0.643838967246377,0.812213854495146,-0.168374887248769,-0.271159278488502,-0.102784391239733
"344558",0.0386656657034317,0.320690667332797,0.130556303466557,0.19013436386624,0.282025001629365,0.0918906377631252
"91430",4.03219150548403,1.78365285989172,2.82028575053301,-1.03663289064129,-2.24853864559231,-1.21190575495101
"257795",0.540861759042383,1.00578530278028,0.698662346164424,0.307122956615853,0.464923543737894,0.157800587122041
"290257",0.194788622056989,0.485087544014858,0.295317094392164,0.189770449622695,0.290298921957869,0.100528472335174
"51564",0.043158773138854,0.277287550538345,0.120108407036522,0.157179143501823,0.234128777399491,0.0769496338976684
"221304",0.0825729703335499,0.299890765078106,0.157983688615495,0.141907076462611,0.217317794744556,0.0754107182819449
"275853",0.392831076746606,0.461789755057268,0.418552257542104,0.0432374975151643,0.068958678310662,0.0257211807954977
"405721",0.0413128526890756,0.343239825162033,0.139489400020803,0.20375042514123,0.301926972472957,0.0981765473317273
"164069",0.786756806369999,0.657543584952344,0.737144418460471,-0.0796008335081274,-0.129213221417656,-0.0496123879095283
"163224",0.0731163877578247,0.18342896907391,0.110912310440488,0.0725166586334218,0.110312581316085,0.0377959226826636
"531933",0.216993963087463,0.572829858968545,0.340603958166455,0.23222590080209,0.355835895881081,0.123609995078991
"446816",0.0360505964508815,0.158359469931176,0.0762733119071313,0.0820861580240445,0.122308873480294,0.0402227154562498
"203965",0.0699457645018174,0.363530156197559,0.168687682270357,0.194842473927202,0.293584391695742,0.0987419177685398
"46520",0.373845675374644,0.679157349388282,0.479613095100464,0.199544254287818,0.305311674013638,0.10576741972582
"396999",0.271934471174665,0.630030015193434,0.399828664227324,0.23020135096611,0.358095544018769,0.127894193052659
"308782",0.0118454816925369,0.214726718877841,0.0749012364092358,0.139825482468605,0.202881237185304,0.0630557547166989
"367042",0.0964224512354279,0.421267125926326,0.207707332942085,0.213559792984242,0.324844674690899,0.111284881706657
"357751",0.896738131095499,0.800603219164989,0.854264245503566,-0.0536610263385774,-0.0961349119305108,-0.0424738855919334
"539145",0.0878323036536977,0.388474854460993,0.188942851395333,0.19953200306566,0.300642550807295,0.101110547741636
"19740",0.011362706521734,0.17449168384381,0.0620050380151362,0.112486645828673,0.163128977322076,0.0506423314934022
"532245",0.143874332978655,0.333402372186278,0.211975435148539,0.121426937037739,0.189528039207623,0.0681011021698844
"441933",2.59375538685946,1.25748766596241,1.90792750521828,-0.650439839255866,-1.33626772089705,-0.685827881641186
"36007",0.102887894320543,0.30337704345033,0.171871223217593,0.131505820232736,0.200489149129787,0.0689833288970504
"387705",0.141047934911418,0.267989979359908,0.186381049957287,0.0816089294026214,0.12694204444849,0.045333115045869
"225979",0.257831524561865,0.436508864070583,0.322150740619667,0.114358123450915,0.178677339508717,0.0643192160578019
"482329",0.127626972557428,0.293861173706553,0.187481101878552,0.106380071828001,0.166234201149125,0.0598541293211238
"63413",0.0562635715195783,0.418542352780591,0.173269920989614,0.245272431790977,0.362278781261013,0.117006349470035
"384682",0.0505138012857457,0.367606006781813,0.153066024935888,0.214539981845925,0.317092205496068,0.102552223650143
"165503",1.06597716794398,0.901156550303588,0.996535127320904,-0.0953785770173167,-0.164820617640388,-0.0694420406230709
"4189",0.573984254488597,0.908992274391619,0.693352699312529,0.21563957507909,0.335008019903021,0.119368444823932
"248469",0.0196214911168396,0.257793639232094,0.0949658214144476,0.162827817817646,0.238172148115254,0.075344330297608
"416772",0.178680213957002,0.448260618131912,0.274482693947959,0.173777924183953,0.26958040417491,0.0958024799909577
"443465",0.512064219001355,0.662125404723277,0.567066488373404,0.0950589163498728,0.150061185721923,0.0550022693720497
"375143",4.28989174394492,1.76916591922956,2.93474601060804,-1.16558009137847,-2.52072582471535,-1.35514573333688
"160772",1.77446193975377,1.2283155526734,1.52742427311425,-0.299108720440851,-0.54614638708037,-0.247037666639519
"311911",0.37796790173742,0.767546767733639,0.515288430933921,0.252258336799717,0.389578865996218,0.137320529196501
"273870",0.0148505582741017,0.19789642093257,0.0725862943290289,0.125310126603541,0.183045862658468,0.0577357360549272
"418798",1.29554808616054,1.36388576256238,1.32643641113407,0.0374493514283065,0.0683376764018364,0.0308883249735299
"245822",0.0741251979724547,0.315626711855972,0.156829582107477,0.158797129748495,0.241501513883517,0.082704384135022
"142261",0.0188991987353493,0.242751634625613,0.0895214768457973,0.153230157779815,0.223852435890263,0.0706222781104479
"138803",1.64016966491399,0.78645724158653,1.2136697315103,-0.427212489923774,-0.853712423327462,-0.426499933403688
"280730",0.228592213520236,0.411440255350322,0.295121052663402,0.116319202686921,0.182848041830086,0.0665288391431656
"534580",0.781692177800292,0.71593392970899,0.752180178016108,-0.0362462483071183,-0.065758248091302,-0.0295119997841837
"470492",2.36889390053296,1.29319278390362,1.81623849734904,-0.523045713445424,-1.07570111662934,-0.552655403183912
"6956",0.38887810728948,0.658533022683639,0.490716623100895,0.167816399582744,0.269654915394159,0.101838515811415
"277397",0.0745691932796312,0.425556090860641,0.194454744634897,0.231101346225744,0.35098689758101,0.119885551355266
"197738",10,4.34816776275598,7.20432022446525,-2.85615246170927,-5.65183223724402,-2.79567977553475
"228869",4.0322953556689,1.97215191777889,2.93928587402557,-0.967133956246677,-2.06014343789001,-1.09300948164333
"320223",0.0781024594871648,0.286384858602046,0.150099991276423,0.136284867325624,0.208282399114882,0.0719975317892579
"544271",0.0723409014910163,0.227043449665804,0.126470612963431,0.100572836702373,0.154702548174788,0.054129711472415
"71980",0.191778536382236,0.707277393599668,0.366426273715864,0.340851119883804,0.515498857217432,0.174647737333628
"518283",0.110096508794149,0.346167999088874,0.19365594603322,0.152512053055655,0.236071490294726,0.0835594372390711
"97782",0.0886309877750823,0.22582423865095,0.136996942927826,0.0888272957231234,0.137193250875867,0.0483659551527438
"111895",0.297625430553125,0.420544157937563,0.346083888149451,0.0744602697881115,0.122918727384438,0.048458457596326
"103489",0.521369962055715,0.48401776092823,0.506462434695363,-0.0224446737671323,-0.0373522011274848,-0.0149075273603525
"512675",0.0503483444913612,0.205579717070552,0.103133899707055,0.102445817363497,0.155231372579191,0.0527855552156936
"356526",0.0543493384758681,0.260177052069786,0.124876608332891,0.135300443736896,0.205827713593918,0.0705272698570228
"163872",0.00889433784372787,0.174975868462179,0.0599603672543442,0.115015501207834,0.166081530618451,0.0510660294106163
"424816",0.193899496475636,0.528301530192783,0.310062044846079,0.218239485346703,0.334402033717147,0.116162548370444
"356456",0.0529962170707476,0.252525673007394,0.121378200354044,0.13114747265335,0.199529455936646,0.0683819832832963
"260181",0.305813011811714,0.72530248392043,0.453507624944204,0.271794858976226,0.419489472108716,0.14769461313249
"263615",0.489135897826842,1.21942272513607,0.724259385261805,0.495163339874267,0.73028682730923,0.235123487434963
"430831",0.0764083540898092,0.285028007550472,0.147029836826914,0.137998170723558,0.208619653460663,0.0706214827371045
"18661",0.182784782638073,0.543712174074602,0.313044577763778,0.230667596310824,0.360927391436529,0.130259795125705
"496167",0.272463222028845,0.391258809394954,0.317068211465902,0.0741905979290517,0.118795587366109,0.0446049894370572
"476344",0.903570748734363,1.5162875373983,1.13521819947123,0.381069337927078,0.612716788663941,0.231647450736863
"77749",0.0554821363243242,0.174064156154901,0.0964879100463581,0.0775762461085428,0.118582019830577,0.041005773722034
"390125",0.624786744031636,1.24469203725312,0.873276976743896,0.371415060509227,0.619905293221487,0.248490232712261
"448154",0.163888930313054,0.422288249503703,0.253184117922356,0.169104131581347,0.258399319190649,0.0892951876093026
"391696",1.43403898944535,0.878102724670938,1.15899271840735,-0.280889993736412,-0.555936264774417,-0.275046271038005
"161794",0.00881397219320173,0.264196685493803,0.0885161247551136,0.175680560738689,0.255382713300601,0.0797021525619119
"372189",0.0499529108609743,0.351000998774055,0.150100245073809,0.200900753700246,0.301048087913081,0.100147334212835
"275298",2.16020646694022,0.899753633049242,1.56262722552348,-0.662873592474243,-1.26045283389097,-0.597579241416731
"248384",3.27362850314584,0.863878575374802,1.98350776012237,-1.11962918474756,-2.40974992777104,-1.29012074302347
"1106",1.4271375102945,1.52066566336755,1.46815588386592,0.0525097795016292,0.093528153073053,0.0410183735714238
"92958",0.107614259845983,0.366198213375456,0.195780510276626,0.17041770309883,0.258583953529473,0.0881662504306428
"263813",2.61366332048088,1.43072431747522,2.02373153232807,-0.593007214852854,-1.18293900300566,-0.589931788152808
"9880",0.0413955619168654,0.290637270957181,0.124512487199398,0.166124783757783,0.249241709040316,0.083116925282533
"369489",0.373950016924514,0.807499538886499,0.530539136038141,0.276960402848357,0.433549521961985,0.156589119113628
"350317",0.0713855979009444,0.471198929428487,0.199954681463612,0.271244247964874,0.399813331527542,0.128569083562668
"345821",0.0924806090524528,0.45227810997338,0.21274789570142,0.23953021427196,0.359797500920927,0.120267286648967
"249974",0.132630399694207,0.484230891983696,0.255301943144941,0.228928948838755,0.351600492289489,0.122671543450733
"178099",0.225079368004755,0.410647296105518,0.293616217523075,0.117031078582443,0.185567928100762,0.0685368495183191
"186246",0.0299000325294049,0.165402964501618,0.0744226684342235,0.0909802960673941,0.135502931972213,0.0445226359048185
"188735",6.1601080268292,2.0943216884548,3.73199105550478,-1.63766936704998,-4.06578633837439,-2.42811697132442
"372634",0.0610765312460078,0.413703785147748,0.177250805571089,0.236452979576659,0.35262725390174,0.116174274325081
"154405",0.102548801963995,0.384231375741205,0.205202709472562,0.179028666268642,0.28168257377721,0.102653907508568
"203880",0.127410547900305,0.605958802922035,0.288917333667107,0.317041469254927,0.478548255021729,0.161506785766802
"432028",0.0602406988210619,0.351184107643222,0.156660780646561,0.194523326996661,0.29094340882216,0.0964200818254992
"123926",0.200210785365489,0.323323573808626,0.246533951780037,0.0767896220285896,0.123112788443137,0.0463231664145475
"407248",0.720460866291689,0.774629479820304,0.744334573430599,0.0302949063897049,0.0541686135286152,0.0238737071389103
"256570",0.118116251180406,0.308058017896143,0.184950913804221,0.123107104091922,0.189941766715737,0.0668346626238148
"66159",0.362419590949251,0.556022809291809,0.433017054278382,0.123005755013427,0.193603218342558,0.0705974633291306
"49580",0.0951392092936119,0.417319946616817,0.205732699087043,0.211587247529774,0.322180737323205,0.110593489793431
"299438",0.104782799665039,0.488610586771606,0.242707945272474,0.245902641499132,0.383827787106566,0.137925145607434
"381823",0.596206257559242,0.954932347771719,0.748097225507121,0.206835122264598,0.358726090212477,0.151890967947879
"482128",1.51973121780507,1.1619388863021,1.35391808115947,-0.191979194857372,-0.357792331502968,-0.165813136645596
"56328",0.0224886325183646,0.237025720520184,0.0927571047798185,0.144268615740365,0.214537088001819,0.0702684722614539
"140826",0.11830329326309,0.28500925550492,0.178046746987614,0.106962508517305,0.166705962241829,0.059743453724524
"471008",0.129496830059108,0.468351029942247,0.250542908941322,0.217808121000926,0.338854199883139,0.121046078882214
"416754",0.895606261104439,1.20223822190537,1.01760998923705,0.184628232668324,0.306631960800932,0.122003728132609
"95606",0.166764795217162,0.27160701239391,0.206770798201543,0.0648362141923671,0.104842217176748,0.0400060029843809
"215651",0.183009591803186,0.257979041115325,0.211835022698159,0.0461440184171663,0.0749694493121391,0.0288254308949729
"267094",9.8075378000638,2.032817545691,4.48692145917986,-2.45410391348886,-7.7747202543728,-5.32061634088394
"416703",0.062537062289854,0.235442469417635,0.122267545107819,0.113174924309817,0.172905407127781,0.0597304828179649
"333878",0.735373957976786,0.929120988141308,0.818262449644215,0.110858538497093,0.193747030164522,0.0828884916674294
"352611",0.150517330869259,0.457785912406332,0.256512540751474,0.201273371654857,0.307268581537072,0.105995209882215
"416153",0.119701976291764,0.423440041245039,0.226078495689395,0.197361545555644,0.303738064953275,0.106376519397631
"157086",0.065389939847935,0.522048144422958,0.212150464486861,0.309897679936097,0.456658204575023,0.146760524638926
"489372",0.284767745349827,0.640816549229961,0.41042373665809,0.230392812571871,0.356048803880134,0.125655991308263
"522736",0.0621444563310674,0.244900631365759,0.123731095481184,0.121169535884575,0.182756175034691,0.0615866391501163
"531392",0.799015753586305,1.71297445778441,1.13364333522337,0.579331122561041,0.913958704198101,0.33462758163706
"195398",0.0228946423210366,0.169990905994924,0.0712269364711931,0.0987639695237304,0.147096263673887,0.0483322941501565
"505978",0.0849291398534073,0.269278882973849,0.148137157283452,0.121141725690397,0.184349743120442,0.0632080174300452
"436306",0.124682782795915,0.200632228458673,0.152890007784041,0.0477422206746319,0.075949445662758,0.0282072249881262
"337912",0.148208153439351,0.266759469804977,0.19232418799601,0.0744352818089667,0.118551316365626,0.0441160345566594
"309743",0.15038699579911,0.369590189834147,0.23081398057411,0.138776209260037,0.219203194035038,0.0804269847750004
"413836",0.0702197812606002,0.185343565941433,0.110913407788817,0.0744301581526156,0.115123784680833,0.040693626528217
"349658",0.186521050358643,0.630338887986622,0.334894104845689,0.295444783140933,0.443817837627979,0.148373054487046
"39923",0.558609151849831,0.693880132860159,0.607595896855156,0.0862842360050026,0.135270981010327,0.0489867450053248
"527263",0.293477179260995,0.425948670646693,0.342870156914638,0.0830785137320552,0.132471491385698,0.0493929776536426
"359902",0.1314054538007,0.433285480573172,0.239405668854418,0.193879811718755,0.301880026772472,0.108000215053718
"74996",0.0978911103211997,0.331443327419081,0.177583809328906,0.153859518090175,0.233552217097881,0.079692699007706
"151062",0.122967312783619,0.694066170621827,0.320911257178126,0.373154913443702,0.571098857838209,0.197943944394507
"114270",0.0813077588992902,0.322200909724268,0.164471007156192,0.157729902568076,0.240893150824977,0.0831632482569014
"554290",0.156833132829661,0.523953224813476,0.282027931923631,0.241925292889845,0.367120091983816,0.12519479909397
"117088",0.0386159889916051,0.218853272536069,0.0988628296523529,0.119990442883716,0.180237283544464,0.0602468406607477
"50630",0.391363416716334,0.798016040883263,0.533306836381913,0.26470920450135,0.40665262416693,0.141943419665579
"453313",0.498380330068705,0.597615483183035,0.546406407340011,0.0512090758430244,0.0992351531143301,0.0480260772713058
"441623",1.05369581584746,1.47390842845022,1.21257663435311,0.261331794097102,0.420212612602753,0.158880818505652
"533619",0.200370431045759,0.415030631097258,0.279163453051333,0.135867178045925,0.214660200051499,0.0787930220055738
"484924",0.0524465509727107,0.449563770567993,0.179855108876281,0.269708661691712,0.397117219595282,0.12740855790357
"525283",0.824494918659578,1.66158429170542,1.13463295602972,0.526951335675698,0.837089373045841,0.310138037370143
"236897",0.0644750037779015,0.32822491594041,0.154083559198611,0.174141356741799,0.263749912162509,0.0896085554207095
"305685",3.07168360199974,1.16558962457253,2.09737762190436,-0.931787997331831,-1.90609397742721,-0.974305980095383
"485397",0.233423705403983,0.5209623611697,0.335368684833,0.1855936763367,0.287538655765717,0.101944979429017
"177496",0.148664056806496,0.5166122043246,0.281034259518097,0.235577944806504,0.367948147518104,0.1323702027116
"485833",0.311027642722319,0.86733922070488,0.497377960914333,0.369961259790547,0.556311577982561,0.186350318192014
"544090",1.34030137461665,1.95182819764665,1.5919716318157,0.359856565830942,0.611526823029996,0.251670257199055
"141782",0.296221394275491,0.288108133889321,0.293060338393461,-0.00495220450413991,-0.00811326038616933,-0.00316105588202942
"434760",0.323156900947523,0.485648312347525,0.383450214485445,0.10219809786208,0.162491411400003,0.0602933135379226
"229996",2.10420697518259,2.0146485535341,2.05827793843301,-0.0436293848989058,-0.0895584216484915,-0.0459290367495857
"132941",2.40798101848809,2.14319118677305,2.28597017293993,-0.142778986166888,-0.264789831715046,-0.122010845548158
"437762",0.413367504705533,0.596890009916336,0.482519705069471,0.114370304846865,0.183522505210803,0.0691522003639378
"524314",0.160996821100144,0.521183811844371,0.290790735555242,0.230393076289129,0.360186990744227,0.129793914455098
"485183",0.161406381352062,0.389898175118033,0.24149251450499,0.148405660613043,0.228491793765971,0.0800861331529283
"147394",0.198181789980447,0.541193875399862,0.315594053328042,0.22559982207182,0.343012085419415,0.117412263347595
"290005",2.5995247743044,1.81391705164854,2.22489374781046,-0.410976696161924,-0.785607722655857,-0.374631026493933
"163668",4.97747508326495,2.29778984298667,3.37898325845168,-1.081193415465,-2.67968524027828,-1.59849182481327
"490759",0.150272917422761,0.602560989977119,0.301850860364482,0.300710129612637,0.452288072554358,0.151577942941721
"108461",0.13103185118024,0.474613917684331,0.247390343373389,0.227223574310942,0.34358206650409,0.116358492193149
"217345",0.0472291955035462,0.28358731492375,0.126394366378956,0.157192948544794,0.236358119420204,0.07916517087541
"243048",0.409519195727553,0.377609418055675,0.397193033737767,-0.0195836156820925,-0.0319097776718786,-0.0123261619897861
"200961",0.993687871311345,0.786480160144507,0.902733749948335,-0.116253589803828,-0.207207711166838,-0.0909541213630098
"151126",0.0646812230654038,0.251115215026879,0.132360265511094,0.118754949515785,0.186433991961475,0.0676790424456905
"336423",0.0479254631477136,0.310546906143884,0.13467670838972,0.175870197754164,0.262621442996171,0.0867512452420063
"304320",2.59984539991483,1.19479667758089,1.87427809723099,-0.679481419650093,-1.40504872233394,-0.725567302683845
"400445",1.7869722451965,1.07979755564169,1.45738502055914,-0.377587464917454,-0.707174689554805,-0.329587224637351
"545072",0.237622820515811,0.46032099441064,0.319387057459529,0.140933936951111,0.222698173894829,0.0817642369437177
"76120",0.0351216143394831,0.281546303180643,0.116398084491323,0.16514821868932,0.24642468884116,0.0812764701518399
"142236",0.128847729341576,0.532158158880051,0.270569072055437,0.261589086824614,0.403310429538475,0.141721342713861
"340151",0.0226552691048292,0.207921037819897,0.0841566047449931,0.123764433074904,0.185265768715067,0.0615013356401638
"205153",0.291863444906132,0.550219641497102,0.388102318271124,0.162117323225978,0.25835619659097,0.0962388733649921
"485350",0.0976073313662578,0.408726716509252,0.202726409004932,0.20600030750432,0.311119385142994,0.105119077638674
"132778",0.493037932752054,1.49151363172218,0.806855668610239,0.68465796311194,0.998475698970124,0.313817735858184
"71662",0.455227102532079,0.634794435018564,0.521055983854139,0.113738451164425,0.179567332486485,0.0658288813220595
"125314",0.557908484207029,1.05879449715685,0.729472984612269,0.329321512544577,0.500886012949817,0.17156450040524
"143515",1.01727223485192,0.630202113954386,0.841073931266476,-0.21087181731209,-0.38707012089753,-0.17619830358544
"415437",1.85808249766319,2.39975801365981,2.10748915738334,0.292268856276468,0.541675515996621,0.249406659720153
"50435",0.1190266082272,0.491572827997754,0.25624741943614,0.235325408561614,0.372546219770555,0.137220811208941
"479064",0.638891154383522,0.623868420708478,0.633283083327878,-0.00941466261940027,-0.015022733675044,-0.00560807105564376
"1941",2.34070441190743,1.29020228398684,1.79958822470175,-0.509385940714914,-1.05050212792059,-0.541116187205672
"541605",1.4514962352218,1.34160759524738,1.40184170012933,-0.0602341048819506,-0.109888639974421,-0.0496545350924706
"122913",0.14562707562117,0.518753899290002,0.271737767542104,0.247016131747898,0.373126823668832,0.126110691920934
"545687",0.0320329696093412,0.245772794907635,0.101853660137926,0.14391913476971,0.213739825298294,0.0698206905285844
"556816",1.58494071619258,1.46853948687304,1.53305142911035,-0.0645119422373153,-0.116401229319547,-0.0518892870822321
"494599",0.523619380134086,1.42105398426466,0.80603491092335,0.615019073341305,0.897434604130569,0.282415530789264
"496565",0.381681406578206,0.844797787874541,0.542869442787344,0.301928345087197,0.463116381296335,0.161188036209138
"451294",2.9694153991978,0.92850791368858,1.88080737374201,-0.952299460053431,-2.04090748550922,-1.08860802545579
"511225",0.0135411239504661,0.196655050373998,0.0729655675892328,0.123689482784765,0.183113926423532,0.0594244436387667
"61749",8.40888168061766,2.9780140864839,4.82894601316424,-1.85093192668034,-5.43086759413376,-3.57993566745342
"365919",0.289402709995879,1.13695012574305,0.630258314496138,0.506691811246907,0.847547415747167,0.340855604500259
"220253",0.637821898440766,0.630588793223587,0.634981974152292,-0.00439318092870533,-0.00723310521717879,-0.00283992428847346
"424762",0.270760534753308,0.624004125597584,0.395314375568368,0.228689750029216,0.353243590844276,0.12455384081506
"388159",0.0533397072849592,0.216214825999081,0.109131819203357,0.107083006795725,0.162875118714122,0.0557921119183973
"401054",0.141448020125337,0.341372625635899,0.215781814316694,0.125590811319205,0.199924605510562,0.0743337941913572
"497498",0.152091811042667,0.470977108055574,0.262642558083261,0.208334549972312,0.318885297012906,0.110550747040594
"123223",0.355034954190638,1.05686595752602,0.58916696182475,0.467698995701271,0.701831003335383,0.234132007634112
"94893",0.0096934585650342,0.252229095862824,0.0864615857270745,0.165767510135749,0.24253563729779,0.0767681271620403
"389638",0.346702207304095,0.795618776900631,0.507829430493986,0.287789346406646,0.448916569596537,0.161127223189891
"378912",0.0198993287160218,0.248926773502392,0.091501762436943,0.157425011065449,0.22902744478637,0.0716024337209212
"17162",0.38128855660607,0.897968332120297,0.55839431613972,0.339574015980577,0.516679775514227,0.17710575953365
"524193",0.0968822077723085,0.194297703107732,0.132157588382711,0.0621401147250212,0.097415495335424,0.0352753806104028
"413895",0.113831249030442,0.517569318324129,0.251960772149737,0.265608546174391,0.403738069293686,0.138129523119295
"214175",0.16803896116495,0.517265249247936,0.289798868138399,0.227466381109537,0.349226288082986,0.121759906973449
"416766",0.293353131224335,1.11877621206624,0.549761858605705,0.569014353460532,0.825423080841902,0.25640872738137
"89310",0.104309034756558,0.221135445569773,0.14681909232811,0.0743163532416635,0.116826410813215,0.0425100575715514
"493515",0.190329555627298,0.650802704493216,0.34728536624299,0.303517338250226,0.460473148865918,0.156955810615692
"466761",0.524401809024918,1.36040231568293,0.791465622749848,0.568936692933078,0.836000506658008,0.26706381372493
"19423",0.96218428985829,0.53517148694947,0.761005083136359,-0.225833596186889,-0.42701280290882,-0.201179206721932
"70561",0.160008805435347,0.624079797909158,0.322664347242611,0.301415450666547,0.464070992473811,0.162655541807264
"83909",0.0898165394880861,0.198909899004709,0.129870666336675,0.0690392326680334,0.109093359516622,0.0400541268485891
"131124",0.555388759447224,1.1252450366382,0.751421326757905,0.373823709880295,0.569856277190976,0.196032567310681
"517184",2.85252178219328,1.15490192798591,1.97871011899254,-0.823808191006633,-1.69761985420737,-0.873811663200735
"384191",0.226357753494176,0.289011931721936,0.250087158958159,0.0389247727637772,0.0626541782277603,0.0237294054639831
"276542",3.02636649347556,2.76750194207665,2.89510372125169,-0.127601779175037,-0.258864551398907,-0.13126277222387
"531740",0.0653799036702491,0.215996721853437,0.118382458429284,0.0976142634241528,0.150616818183188,0.0530025547590352
"495944",0.203557549585361,0.647820444671884,0.356101591131193,0.291718853540691,0.444262895086522,0.152544041545832
"40483",0.154340377022471,0.620980136869888,0.317461557651771,0.303518579218117,0.466639759847417,0.1631211806293
"23291",0.263644100305403,0.408099172402206,0.317118739940836,0.0909804324613703,0.144455072096803,0.0534746396354325
"49798",1.84572183426838,0.926111305239239,1.40567316283472,-0.479561857595479,-0.919610529029145,-0.440048671433665
"178469",0.328356020336565,0.639652418999352,0.440165911914329,0.199486507085023,0.311296398662788,0.111809891577765
"254631",0.248839470438807,0.529862200553629,0.350259829494887,0.179602371058742,0.281022730114822,0.10142035905608
"494391",0.235092944544314,0.344724586907393,0.276070644689106,0.0686539422182871,0.109631642363079,0.0409777001447917
"22017",0.0756280955157654,0.276622360130609,0.144575730250836,0.132046629879773,0.200994264614843,0.0689476347350706
