"dataset_name","feature_id","gene_symbol","baseMean","lfc_shrunk","regulation_direction","lfdr","pvalue","wald_pvalue","padj","empirical_p","empirical_q","HBFSS","hc_p_threshold_dataset","hbfss_threshold_dataset","resLA_padj","resGA_padj","hc_empirical_pass","deseq2_strong_call","deseq2_weak_call_raw","deseq2_weak_call","standard_significant","HBFSS_significant","effect_class","log2FoldChange","lfcSE","stat","raw_lfc_pass","shrunk_lfc_pass","neglog10_wald_pvalue","padj_strong_effect","padj_weak_effect","HBFSS_only_call","overlap_call","R4_1","R4_2","R4_3","R4_4","R4_5","ZT10_1","ZT10_2","ZT10_3","ZT10_4","ZT10_5","dispGeneEst","dispFit","dispersion","dispIter","dispOutlier","neglog10_padj","neglog10_empirical_p"
"RT4_ZT10_remainder_dataset","293008","-",145.483424251867,0.485964404598105,"upregulated",0.453632793726392,0.0025200982925837,0.0025200982925837,0.0674489528109505,0.0071655384847269,0.178609062835714,1.04227272395159,0.0439040575624545,1.35749534090703,0.0314615707382145,1,TRUE,FALSE,TRUE,TRUE,TRUE,FALSE,"weak_effect",0.50578876718113,0.167428845701609,3.02091772216208,FALSE,FALSE,2.59858251989535,1,0.0314615707382145,FALSE,FALSE,204.623633478935,162.938244977068,155.673142063559,181.726823169726,147.836318934344,131.188466761618,158.971978192475,99.596882639149,111.056376194434,101.222376107368,0.0215734582950141,0.0313772386168587,0.0258803285048266,9,FALSE,1.17102478864524,2.1447511671427
"RT4_ZT10_remainder_dataset","287179","Cert1",156.706857222154,-0.427344745480305,"downregulated",0.688144366996087,0.0202516033753673,0.0202516033753673,0.230950622991006,0.0387713333759039,0.414165092421883,0.603192519851539,0.0439040575624545,1.35749534090703,0.0414414777025671,1,TRUE,FALSE,TRUE,TRUE,TRUE,FALSE,"weak_effect",-0.450880683492383,0.194206712274864,-2.32165344962044,FALSE,FALSE,1.69354058679458,1,0.0414414777025671,FALSE,FALSE,123.746473810155,112.769248567235,164.164404357934,163.603123823958,99.4535236467403,170.009543660464,237.383832300926,213.421891369605,127.790898634691,154.725632049833,0.0470033409332456,0.030012220035506,0.0386394794002645,11,FALSE,0.636480861903291,1.41148926301549
"RT4_ZT10_remainder_dataset","10367","Lrp3",108.63033662576,0.417836480915688,"upregulated",0.688144366996087,0.0158942352410505,0.0158942352410505,0.202724909457738,0.0318382727130213,0.381122210896977,0.625522313341058,0.0439040575624545,1.35749534090703,0.0225775338328695,1,TRUE,FALSE,TRUE,TRUE,TRUE,FALSE,"weak_effect",0.437931961496164,0.181613891921476,2.41133515097794,FALSE,FALSE,1.7987603635392,1,0.0225775338328695,FALSE,FALSE,163.964077798456,136.299839803705,116.047251356471,100.904920681843,104.829389789807,81.6581272699864,87.0049340107466,98.3034166308483,100.407134641543,96.8842742741947,0.0225337090679395,0.0381916908399225,0.0293305393404558,9,FALSE,0.693092884876838,1.49705050159868
"RT4_ZT10_remainder_dataset","509846","Tpm1",142.050660716312,-0.604691087768425,"downregulated",0.062337612404375,3.60451012915192e-05,3.60451012915192e-05,0.00354202318348231,0.000235436431082148,0.0218407472671394,2.19389565959615,0.0439040575624545,1.35749534090703,0.0853430425990189,1,TRUE,FALSE,TRUE,TRUE,TRUE,TRUE,"weak_effect",-0.625054468922213,0.151291064757686,-4.13146982555332,FALSE,FALSE,4.44315374971356,1,0.0853430425990189,FALSE,FALSE,105.184502738632,93.678391526325,110.386409826887,105.80321780232,149.18028547011,186.073437549641,158.971978192475,172.030979103985,162.781263737047,176.416141215698,0.00965272273684219,0.0318434437818488,0.0201653477602696,5,FALSE,2.45074860056393,3.62812633421238
"RT4_ZT10_remainder_dataset","303134","Kcna2",190.986959269536,-0.490291110365159,"downregulated",0.453632793726392,0.00239046612892789,0.00239046612892789,0.0646867341923453,0.0068664383048842,0.174013550391879,1.06063130396695,0.0439040575624545,1.35749534090703,0.0346436808660718,1,TRUE,FALSE,TRUE,TRUE,TRUE,FALSE,"weak_effect",-0.510619184683878,0.168139821169339,-3.03687241447471,FALSE,FALSE,2.6215174055444,1,0.0346436808660718,FALSE,FALSE,134.353314422454,134.523946125481,217.942398888982,178.78784489744,124.988887826309,176.702832780954,229.864887386417,223.76961943601,237.325954607283,251.609906324028,0.0299083948475555,0.0269412807329449,0.0284675304245536,9,FALSE,1.18918477432011,2.16326847773563
"RT4_ZT10_remainder_dataset","386413","Klhdc10",163.671471672747,0.532896974343027,"upregulated",0.345406325889516,0.00191016967014814,0.00191016967014814,0.0550716183498813,0.00572942742994575,0.155928635554928,1.19469574611006,0.0439040575624545,1.35749534090703,0.0889718269111861,1,TRUE,FALSE,TRUE,TRUE,TRUE,FALSE,"weak_effect",0.558145796363188,0.17982341605294,3.10385492954304,FALSE,FALSE,2.71892805498453,1,0.0889718269111861,FALSE,FALSE,220.533894397384,202.895852737112,174.070877034706,131.764192540853,245.945876045317,156.622965419482,106.339363790912,133.226998854966,130.833539078374,134.48115682836,0.0338664415063631,0.0292703765529466,0.0317488429043805,9,FALSE,1.25907216103286,2.24188877706224
"RT4_ZT10_remainder_dataset","458558","Nrcam",289.969238372192,-0.534125583743592,"downregulated",0.0379095981072852,8.63155341550519e-06,8.63155341550519e-06,0.00124280521771378,7.49022463304438e-05,0.0101811685280431,2.20353785051022,0.0439040575624545,1.35749534090703,0.00446454627406383,1,TRUE,FALSE,TRUE,TRUE,TRUE,TRUE,"weak_effect",-0.545920971832813,0.122709501092528,-4.44888918113331,FALSE,FALSE,5.06391103753263,1,0.00446454627406383,FALSE,FALSE,236.444155315832,195.792278024215,244.831396154506,231.199624086552,276.857106367953,385.533453340264,361.983490884217,316.899172033656,339.254409470667,310.897298044058,0.00854303190311167,0.0225389419038714,0.0144862720557369,9,FALSE,2.90559693209911,4.12550515754369
"RT4_ZT10_remainder_dataset","390337","Adcyap1r1",190.65634346287,-0.591797441786745,"downregulated",0.112118316788595,8.58885506777964e-05,8.58885506777964e-05,0.00656974212215815,0.000472461206453945,0.0338186677780915,1.96810160201931,0.0439040575624545,1.35749534090703,0.085061578989653,1,TRUE,FALSE,TRUE,TRUE,TRUE,TRUE,"weak_effect",-0.61289567914967,0.156058507120102,-3.92734552226612,FALSE,FALSE,4.06606472567818,1,0.085061578989653,FALSE,FALSE,151.147478725261,142.959441097046,183.977349711478,136.662489661331,143.804419327043,198.121357966524,306.128471519293,244.46507556882,208.420870392293,190.876480659608,0.0209730453367653,0.0269649899191177,0.0237683652372065,9,FALSE,2.1824516771863,3.32563384538678
"RT4_ZT10_remainder_dataset","40220","Dmac2",104.431142419905,0.490434556003005,"upregulated",0.453632793726392,0.00237100641549902,0.00237100641549902,0.0643541811868056,0.00682127622699125,0.173306280462678,1.0623471447546,0.0439040575624545,1.35749534090703,0.0345610414196876,1,TRUE,FALSE,TRUE,TRUE,TRUE,FALSE,"weak_effect",0.510681120488917,0.168023937833174,3.03933550822952,FALSE,FALSE,2.62506727090074,1,0.0345610414196876,FALSE,FALSE,110.487923044781,126.532424573472,144.351459004391,137.152319373378,94.0776575036732,87.012758566379,76.2635841328766,90.5426205810445,88.2365728668103,89.6541045522399,0.00812550197491401,0.039335663653315,0.0230524754413309,9,FALSE,1.1914232310849,2.16613436339525
"RT4_ZT10_remainder_dataset","213734","Naa35",156.528184246002,-0.324448190921323,"downregulated",0.688144366996087,0.01693181722444,0.01693181722444,0.209472751316463,0.0335175649567909,0.389836387442089,0.478472682548184,0.0439040575624545,1.35749534090703,0.000112667750569925,1,TRUE,FALSE,TRUE,TRUE,TRUE,FALSE,"weak_effect",-0.333709464946505,0.139733508106981,-2.38818497772927,FALSE,FALSE,1.77129642829427,1,0.000112667750569925,FALSE,FALSE,138.330879652066,132.304079027701,144.351459004391,141.070957069761,138.428553183976,188.750753197837,184.751217899363,203.0741633032,159.738623293364,134.48115682836,0.00347078706850729,0.0300322308858171,0.016884508905953,8,FALSE,0.678872463020166,1.47472754028766
"RT4_ZT10_remainder_dataset","257637","Calr",712.141897858093,-0.248459978927301,"downregulated",0.612989575546596,0.0123138012176839,0.0123138012176839,0.176637771862621,0.0258772221104935,0.348452465976087,0.394326446368645,0.0439040575624545,1.35749534090703,1.91665336649357e-10,1,TRUE,FALSE,TRUE,TRUE,TRUE,FALSE,"weak_effect",-0.252149962025084,0.100738226649444,-2.50302164740831,FALSE,FALSE,1.90960786152574,1,1.91665336649357e-10,FALSE,FALSE,619.174320742955,617.567026602455,686.377035462054,629.431179981397,705.582431277549,755.00301279135,884.013094948697,765.731876913977,661.774296501078,796.764703359422,0.00560869756173681,0.0191814445963111,0.0107114641097366,9,FALSE,0.752916422177071,1.58708234650549
"RT4_ZT10_remainder_dataset","133139","LOC102547127",38.58888028612,-2.21297532579926,"downregulated",0.000176353989993375,1.51392698681433e-09,1.51392698681433e-09,1.0451919005122e-06,7.48892947655122e-08,4.78018348878346e-05,15.7687332955167,0.0439040575624545,1.35749534090703,0.999999998756481,0.0684432066200661,TRUE,TRUE,FALSE,FALSE,TRUE,TRUE,"strong_effect",-3.0323228574067,0.501801420735699,-6.04287419704983,TRUE,TRUE,8.81989506934603,0.0684432066200661,0.999999998756481,FALSE,TRUE,9.72293722794077,7.10357471289668,0,10.7762536650512,13.4396653576676,85.6741007422808,39.7429945481188,12.9346600830064,111.056376194434,95.4382403298038,0.511964681282851,0.0978536124373471,0.247475129743914,10,FALSE,5.98080396440251,7.12558025915697
"RT4_ZT10_remainder_dataset","7664","Selenow",284.578948364412,-0.400474456510951,"downregulated",0.405549213304058,0.00221216441417629,0.00221216441417629,0.0610791420484733,0.00644993406663597,0.167440543625482,0.877217160699258,0.0439040575624545,1.35749534090703,0.000468437262067696,1,TRUE,FALSE,TRUE,TRUE,TRUE,FALSE,"weak_effect",-0.411051016976272,0.134323235521543,-3.06016316075373,FALSE,FALSE,2.65518259820099,1,0.000468437262067696,FALSE,FALSE,224.953411319175,248.625114951384,250.49223768409,222.382689269692,280.889005975253,333.325798200436,413.541970297993,289.736385859343,273.83763993148,308.005230155276,0.0145539424039592,0.0226879639321109,0.018004747033514,9,FALSE,1.21410707191409,2.19044472484419
"RT4_ZT10_remainder_dataset","259953","Cog4",195.152964110345,0.528873370608244,"upregulated",0.1580985096481,0.00028721755431983,0.00028721755431983,0.0157051959207754,0.00124587609628146,0.0635408636671674,1.5361260042897,0.0439040575624545,1.35749534090703,0.0275376365544727,1,TRUE,FALSE,TRUE,TRUE,TRUE,TRUE,"weak_effect",0.546428975362713,0.150674015843199,3.62656409139159,FALSE,FALSE,3.54178902017049,1,0.0275376365544727,FALSE,FALSE,243.957334082877,220.210816099797,196.714243153042,223.852178405835,274.169173296419,182.057464077347,172.935733033706,130.640066838364,184.079746842828,122.912885273232,0.0159110104089438,0.0266503216422381,0.0213662009817167,7,FALSE,1.80395664145071,2.90452514658289
"RT4_ZT10_remainder_dataset","75235","Dynll2",130.131459600721,0.34149503921817,"upregulated",0.633596354287339,0.014081582930958,0.014081582930958,0.189788498152831,0.0288551787324072,0.365095649478389,0.525825944486579,0.0439040575624545,1.35749534090703,0.000288208505703224,1,TRUE,FALSE,TRUE,TRUE,TRUE,FALSE,"weak_effect",0.351731215233756,0.143261130479374,2.45517548309726,FALSE,FALSE,1.85134852278341,1,0.000288208505703224,FALSE,FALSE,138.330879652066,162.938244977068,157.088352445955,147.438743326382,122.300954754775,109.769941576047,110.63590374206,122.87927078856,117.1416570818,112.790647662495,1e-08,0.0336789702925279,0.0162385871861419,7,FALSE,0.721730110876678,1.53977623127534
"RT4_ZT10_remainder_dataset","406769","Alg2",309.846674464144,0.485634032395541,"upregulated",0.1580985096481,0.000200876148011585,0.000200876148011585,0.0120997545530468,0.000934705583928164,0.0529900327840024,1.47114339426177,0.0439040575624545,1.35749534090703,0.00389868909211109,1,TRUE,FALSE,TRUE,TRUE,TRUE,TRUE,"weak_effect",0.498428058133624,0.134061281404663,3.71791208402015,FALSE,FALSE,3.69707162821903,1,0.00389868909211109,FALSE,FALSE,368.587711277391,353.40284196661,390.598065541292,309.082548302149,393.782194979661,279.779485236511,194.418432789446,278.095191784637,234.2833141636,296.436958600148,0.0144362354213992,0.0220437103792706,0.0178832924928705,9,FALSE,1.91722343938095,3.02932516282869
"RT4_ZT10_remainder_dataset","360670","Prpf6",151.132153444994,-0.516043778536866,"downregulated",0.285561557716642,0.000902278487311325,0.000902278487311325,0.0336946577959188,0.00312975805736526,0.110142957999348,1.29242608753122,0.0439040575624545,1.35749534090703,0.0373631876952629,1,TRUE,FALSE,TRUE,TRUE,TRUE,FALSE,"weak_effect",-0.535721128946836,0.161393471914022,-3.31934819044123,FALSE,FALSE,3.04465939722988,1,0.0373631876952629,FALSE,FALSE,114.907439966573,125.64447773436,110.386409826887,122.947257723993,143.804419327043,196.782700142426,164.34265313141,205.661095319801,205.37822994861,121.466851328841,0.017407934590137,0.0306617249468056,0.0244148797988487,8,FALSE,1.47243894997929,2.50448923383132
"RT4_ZT10_remainder_dataset","178313","Bnip3l",101.456482106554,-0.447125476734229,"downregulated",0.688144366996087,0.0195438926347463,0.0195438926347463,0.226202068030697,0.0376653641386304,0.409379179633891,0.636732535942982,0.0439040575624545,1.35749534090703,0.0687707790170078,1,TRUE,FALSE,TRUE,TRUE,TRUE,FALSE,"weak_effect",-0.474149226556337,0.203062552825874,-2.33499096686191,FALSE,FALSE,1.70898893184435,1,0.0687707790170078,FALSE,FALSE,63.6410436737941,84.3549497156481,76.4213606493833,88.1693481686004,115.581122075941,119.140546344734,137.489278436735,142.28126091307,77.5873313139194,109.898579773713,0.0383295521766947,0.0402139829931722,0.039278350132635,7,FALSE,0.645503428896795,1.42405782956862
"RT4_ZT10_remainder_dataset","112975","Pcnp",185.699540111927,-0.425469691234924,"downregulated",0.459359432994874,0.0037841365345764,0.0037841365345764,0.0870836548662133,0.00995132918654806,0.215205409518667,0.851840913266706,0.0439040575624545,1.35749534090703,0.0045915421700285,1,TRUE,FALSE,TRUE,TRUE,TRUE,FALSE,"weak_effect",-0.439854504564228,0.151903538671922,-2.89561723452813,FALSE,FALSE,2.42203320230635,1,0.0045915421700285,FALSE,FALSE,140.098686420783,130.528185349477,174.070877034706,188.094609426347,157.244084684711,163.316254539973,214.826997557399,234.117347502415,217.548791723343,237.149566880118,0.0178714009939218,0.0273319506430148,0.0221121184868518,9,FALSE,1.06006335208249,2.00211890721109
"RT4_ZT10_remainder_dataset","131771","Gtpbp6",210.441458918965,0.540780438241705,"upregulated",0.240941200139449,0.000488574444739651,0.000488574444739651,0.0222539038773181,0.00190999847009876,0.0813032294510509,1.47036415534457,0.0439040575624545,1.35749534090703,0.0512792271659323,1,TRUE,FALSE,TRUE,TRUE,TRUE,TRUE,"weak_effect",0.561238187943278,0.16095419313819,3.48694356450483,FALSE,FALSE,3.31106925287385,1,0.0512792271659323,FALSE,FALSE,294.781778683477,249.957035210052,253.322658448882,215.035243588975,241.913976438017,115.12457287244,216.975267532973,168.150581079083,188.643707508353,160.509767827397,0.0248880037381291,0.0256939803259085,0.025617928419667,7,FALSE,1.65259379215907,2.7189669806203
"RT4_ZT10_remainder_dataset","24572","Aip",326.791215319857,0.453055815809603,"upregulated",0.405549213304058,0.00221050655000508,0.00221050655000508,0.0610791420484733,0.00644603210230676,0.167381055706191,0.992512789904556,0.0439040575624545,1.35749534090703,0.00856981430851181,1,TRUE,FALSE,TRUE,TRUE,TRUE,FALSE,"weak_effect",0.468592410828547,0.153115376131143,3.06038768064155,FALSE,FALSE,2.65550819388778,1,0.00856981430851181,FALSE,FALSE,485.704909704859,341.415559638597,413.241431659628,270.386001050374,388.406328836594,289.150090005198,305.054336531507,253.519337626925,272.316319709639,248.717838435246,0.0269184198144672,0.0216799800183538,0.0246650121076272,9,FALSE,1.21410707191409,2.1907075359599
"RT4_ZT10_remainder_dataset","336503","Ahcy",124.124960481768,-0.413071427175842,"downregulated",0.612989575546596,0.00784550291073635,0.00784550291073635,0.135758461357054,0.0179533581418094,0.292701782177723,0.721162529623442,0.0439040575624545,1.35749534090703,0.00695428974749526,1,TRUE,FALSE,TRUE,TRUE,TRUE,FALSE,"weak_effect",-0.428764558656208,0.161271691224758,-2.65864737574219,FALSE,FALSE,2.10537921213348,1,0.00695428974749526,FALSE,FALSE,106.06840612299,106.109647273894,107.555989062095,111.681174346894,96.7655905752067,182.057464077347,129.970333522226,153.922454987776,143.004100853106,104.11444399615,0.0108240984893565,0.0347556396150984,0.02295786828147,9,FALSE,0.867233092817132,1.74585430552292
"RT4_ZT10_remainder_dataset","523787","Anp32a",119.676203567759,0.427316543256678,"upregulated",0.688144366996087,0.0226432714935512,0.0226432714935512,0.243478468436048,0.0424588662177314,0.428999225270735,0.586291803547742,0.0439040575624545,1.35749534090703,0.04775352732727,1,TRUE,FALSE,TRUE,TRUE,TRUE,FALSE,"weak_effect",0.452071823074543,0.19832926799236,2.27940045183829,FALSE,FALSE,1.64506082620487,1,0.04775352732727,FALSE,FALSE,97.6713239715868,126.088451153916,175.486087417102,128.335384556518,166.651850435078,92.3673898627715,70.8929091939416,113.825008730456,114.099016638117,111.344613718104,0.0396106347472923,0.0356330288860394,0.0377005677269696,9,FALSE,0.613539438773247,1.3720316070131
"RT4_ZT10_remainder_dataset","38455","Hspbp1",398.093616548019,0.365126546091016,"upregulated",0.633596354287339,0.014416852028005,0.014416852028005,0.191604881966694,0.0294119892770033,0.368048358819989,0.559182396628558,0.0439040575624545,1.35749534090703,0.00151172372506405,1,TRUE,FALSE,TRUE,TRUE,TRUE,FALSE,"weak_effect",0.377848525177218,0.154431540789778,2.44670566158224,FALSE,FALSE,1.84112955904214,1,0.00151172372506405,FALSE,FALSE,604.147963208865,446.637260073379,393.428486306084,331.614715056347,473.0762205899,393.565400284853,368.428300810939,314.312240017055,305.785364590153,349.940214542614,0.029916931610146,0.0205738952868317,0.0258238506367098,10,FALSE,0.717593429578012,1.53147560103496
"RT4_ZT10_remainder_dataset","32473","Hivep2",291.376959586633,-0.469348272172672,"downregulated",0.261290461203356,0.000796993110647087,0.000796993110647087,0.0310101726938913,0.00283210116186017,0.10372934000499,1.19584835015845,0.0439040575624545,1.35749534090703,0.00634474827709353,1,TRUE,FALSE,TRUE,TRUE,TRUE,FALSE,"weak_effect",-0.483640038204305,0.144204994249483,-3.35383695080338,FALSE,FALSE,3.09854543270789,1,0.00634474827709353,FALSE,FALSE,217.44023255213,197.124198282883,250.49223768409,287.040211259999,266.105374081819,309.22995736667,384.540325627744,338.888094174767,392.500617235122,270.408347601111,0.0204982756933403,0.0225011265553626,0.0213792328613129,9,FALSE,1.50849581519462,2.54789123782797
"RT4_ZT10_remainder_dataset","57220","Ddb1",318.352828563515,-0.457354395544582,"downregulated",0.286996510169827,0.0011863920588085,0.0011863920588085,0.0406339708727206,0.00390217262249259,0.125443028827083,1.10162656998931,0.0439040575624545,1.35749534090703,0.00540606573519649,1,TRUE,FALSE,TRUE,TRUE,TRUE,FALSE,"weak_effect",-0.471506862514411,0.145431128081961,-3.24213164494388,FALSE,FALSE,2.92577176894797,1,0.00540606573519649,FALSE,FALSE,212.57876393816,268.603918831406,314.176704891909,299.775783773241,241.913976438017,352.06700773781,390.985135554466,450.126170888621,286.008201706213,367.292621875305,0.0223164519182884,0.0218550177079375,0.0221081146154233,9,FALSE,1.3911107350488,2.40869352239979
"RT4_ZT10_remainder_dataset","466420","Ccnk",237.351302768698,0.378907378935279,"upregulated",0.612989575546596,0.00779965788834717,0.00779965788834717,0.13557507336588,0.0178683034310905,0.29197559445426,0.662298528253233,0.0439040575624545,1.35749534090703,0.00102166683916772,1,TRUE,FALSE,TRUE,TRUE,TRUE,FALSE,"weak_effect",0.390862954274774,0.146906635523141,2.66062150891207,FALSE,FALSE,2.10792444608663,1,0.00102166683916772,FALSE,FALSE,229.814879933145,249.513061790496,258.983499978466,331.614715056347,276.857106367953,234.265119217174,215.901132545186,186.259105195292,231.240673719917,159.063733883006,0.0186413030949632,0.0243486469966112,0.0212051227058065,9,FALSE,0.867820151875815,1.74791668115379
"RT4_ZT10_remainder_dataset","20864","Syt17",270.871029017422,-0.414309280618336,"downregulated",0.459359432994874,0.00428745674453756,0.00428745674453756,0.094082944455317,0.0110085133487474,0.226780908248577,0.811329984589857,0.0439040575624545,1.35749534090703,0.00306530306129138,1,TRUE,FALSE,TRUE,TRUE,TRUE,FALSE,"weak_effect",-0.42789604584932,0.149813081850489,-2.85619947579981,FALSE,FALSE,2.36780024845434,1,0.00306530306129138,FALSE,FALSE,244.399285775057,230.866178169142,222.18803003617,211.116605892593,248.633809116851,341.357745145025,409.245430346845,240.584677543918,247.975196160174,312.343331988449,0.022851155823634,0.0230995013637593,0.0230991578045641,7,FALSE,1.02648909921133,1.95827132662582
"RT4_ZT10_remainder_dataset","94174","Mllt6",115.202779495054,-0.438215621974439,"downregulated",0.688144366996087,0.0172457727259006,0.0172457727259006,0.212028507143778,0.0340219508353645,0.392357960094615,0.643406049837102,0.0439040575624545,1.35749534090703,0.0471672267154826,1,TRUE,FALSE,TRUE,TRUE,TRUE,FALSE,"weak_effect",-0.46235846459486,0.194151964693005,-2.38142562876427,FALSE,FALSE,1.76331734156472,1,0.0471672267154826,FALSE,FALSE,112.697681505677,95.4542852045492,77.8365710317793,82.7812213360748,115.581122075941,165.993570188169,145.008223351244,107.357678688953,158.217303071522,91.1001384966309,0.0359252612236393,0.0365983363845861,0.0362644069936583,5,FALSE,0.673605744434814,1.46824078735064
"RT4_ZT10_remainder_dataset","19037","Inppl1",138.914601128326,0.437442024747741,"upregulated",0.633596354287339,0.0147633951321854,0.0147633951321854,0.193715601332403,0.0299850371256227,0.371020121445812,0.666265939644735,0.0439040575624545,1.35749534090703,0.0386721561848133,1,TRUE,FALSE,TRUE,TRUE,TRUE,FALSE,"weak_effect",0.460191297441127,0.188747515876136,2.43813167715078,FALSE,FALSE,1.83081375649558,1,0.0386721561848133,FALSE,FALSE,151.58943041744,190.464596989542,138.690617474807,179.277674609487,141.11648625551,131.188466761618,103.116958827551,111.238076713855,165.82390418073,76.6397990527212,0.0371888510633912,0.0322920783691382,0.034653088823279,9,FALSE,0.712835400965337,1.52309540910924
"RT4_ZT10_remainder_dataset","94507","Casc3",158.40770354368,0.5263229560143,"upregulated",0.1580985096481,0.000251797430759977,0.000251797430759977,0.0143409949428338,0.00112079984352387,0.0595652116436357,1.55290111223205,0.0439040575624545,1.35749534090703,0.0235653191094191,1,TRUE,FALSE,TRUE,TRUE,TRUE,TRUE,"weak_effect",0.543258932954123,0.148414175985718,3.66042481687464,FALSE,FALSE,3.59894870557231,1,0.0235653191094191,FALSE,FALSE,215.672425783413,194.904331185103,198.129453535438,153.806529583003,177.403582721212,129.849808937519,134.266873473374,143.574726921371,132.354859300216,104.11444399615,0.0109671962974818,0.0298242710057672,0.0192287322401945,9,FALSE,1.84342071734373,2.95047193835462
"RT4_ZT10_remainder_dataset","233967","Nrep",280.056939812392,0.43767605755728,"upregulated",0.453632793726392,0.0032965845721706,0.0032965845721706,0.0801842716702307,0.00890160463448453,0.202559679245386,0.897468629849308,0.0439040575624545,1.35749534090703,0.00683026394278142,1,TRUE,FALSE,TRUE,TRUE,TRUE,FALSE,"weak_effect",0.452906850629582,0.154121377578138,2.93863744112955,FALSE,FALSE,2.48193577817726,1,0.00683026394278142,FALSE,FALSE,362.842339279062,308.117553171894,304.270232215137,269.896171338327,372.278730407393,269.070222643726,194.418432789446,195.313367253396,310.349325255678,214.013023769863,0.025925087925212,0.022818365584504,0.0244648809463178,9,FALSE,1.09591081122601,2.05053169885093
"RT4_ZT10_remainder_dataset","271992","Prkci",164.940172486125,0.361740181662688,"upregulated",0.688144366996087,0.0210167747187213,0.0210167747187213,0.234803593071191,0.0399592529088277,0.419125899226211,0.505851190256798,0.0439040575624545,1.35749534090703,0.00290218488345805,1,TRUE,FALSE,TRUE,TRUE,TRUE,FALSE,"weak_effect",0.375719649783373,0.162812505461238,2.30768299227988,FALSE,FALSE,1.67743393099738,1,0.00290218488345805,FALSE,FALSE,224.069507934817,183.804995696202,171.240456269914,176.828526049249,174.715649649679,108.431283751949,186.899487874937,131.933532846665,162.781263737047,128.697021050796,0.0213767583624484,0.0291428147316043,0.0251110271763885,9,FALSE,0.629295261602225,1.39838264008086
"RT4_ZT10_remainder_dataset","486523","Gng7",53.2844887264957,2.04694508690298,"upregulated",8.05958766169289e-08,1.13297900400355e-14,1.13297900400355e-14,4.35792281182793e-11,6.20303808318567e-12,2.06706181298017e-08,22.9409232631713,0.0439040575624545,1.35749534090703,0.999999998756481,0.0285986679522161,TRUE,TRUE,FALSE,FALSE,TRUE,TRUE,"strong_effect",2.31241357265516,0.299404921684717,7.72336526615353,TRUE,TRUE,12,0.0285986679522161,0.999999998756481,FALSE,TRUE,122.420618733618,96.7862054632173,76.4213606493833,72.9846270951192,73.9181594671718,6.69328912049069,18.2602947923789,18.1085241162089,19.7771628839402,27.4746449434284,0.0597521554081014,0.0710403178245481,0.0663320180721206,5,FALSE,10.3607204663096,11.2073955525015
"RT4_ZT10_remainder_dataset","19810","Dennd5a",334.036296130772,0.401775319619345,"upregulated",0.240941200139449,0.000565979319333487,0.000565979319333487,0.024819207122238,0.00214995981058874,0.0877956890938077,1.07176365207766,0.0439040575624545,1.35749534090703,5.29609572260699e-05,1,TRUE,FALSE,TRUE,TRUE,TRUE,FALSE,"weak_effect",0.410087225231172,0.118955006428141,3.44741459434832,FALSE,FALSE,3.24719943747504,1,5.29609572260699e-05,FALSE,FALSE,388.033585733273,399.132104180882,389.182855158896,352.677392674402,377.65459655046,317.261904311259,290.016446702489,261.280133676728,228.198033276234,336.925909043095,0.00668775793952399,0.021538627788053,0.0136368917444387,6,FALSE,1.60521209664619,2.6675696583182
"RT4_ZT10_remainder_dataset","257737","Nacc1",254.082388721212,-0.48051649789543,"downregulated",0.285561557716642,0.000882067114022299,0.000882067114022299,0.0331236499930968,0.00307316062006291,0.108910822576464,1.20725673239588,0.0439040575624545,1.35749534090703,0.0110396410283058,1,TRUE,FALSE,TRUE,TRUE,TRUE,FALSE,"weak_effect",-0.496225954882901,0.149210881561333,-3.32566867570533,FALSE,FALSE,3.05449836935724,1,0.0110396410283058,FALSE,FALSE,222.3017011661,155.390696844615,244.831396154506,192.992906546825,244.60190950955,331.987140376338,307.20260650708,237.997745527317,302.74272414647,300.775060433321,0.021747588057129,0.0236766395501889,0.02260793315941,9,FALSE,1.47986181305502,2.51241474056235
"RT4_ZT10_remainder_dataset","329041","Ptprj",176.80976500781,0.468641959169135,"upregulated",0.612989575546596,0.00879826468474901,0.00879826468474901,0.146411172210672,0.0197009836720021,0.306927822182602,0.799274526743714,0.0439040575624545,1.35749534090703,0.0546200009193176,1,TRUE,FALSE,TRUE,TRUE,TRUE,FALSE,"weak_effect",0.492873097493623,0.188134225504842,2.61979496910273,FALSE,FALSE,2.05560297695829,1,0.0546200009193176,FALSE,FALSE,139.656734728604,237.525779462483,208.03592621221,248.833493720272,200.251013829247,156.622965419482,182.602947923789,120.292338771959,165.82390418073,108.452545829322,0.0432611626208324,0.0280487139246191,0.0360469411336663,9,FALSE,0.834425782264522,1.70551208893195
"RT4_ZT10_remainder_dataset","166813","Atp8a1",116.428419730968,-0.437073005885402,"downregulated",0.688144366996087,0.0176665501234127,0.0176665501234127,0.214459811574792,0.034695339631645,0.395658721550222,0.638008079244221,0.0439040575624545,1.35749534090703,0.0471672267154826,1,TRUE,FALSE,TRUE,TRUE,TRUE,FALSE,"weak_effect",-0.461389622155949,0.194471259487537,-2.37253372746073,FALSE,FALSE,1.75284825007693,1,0.0471672267154826,FALSE,FALSE,95.9035172028703,71.0357471289668,104.725568297303,96.4964532734126,124.988887826309,163.316254539973,100.968688851978,138.400862888168,106.492415528909,161.955801771788,0.0365697746670254,0.0363249358240982,0.0364413919052148,5,FALSE,0.668654079920054,1.45972885685716
"RT4_ZT10_remainder_dataset","562593","LOC100359505",562.445483102553,-0.616096271449808,"downregulated",0.00843228671058957,7.68306780170129e-07,7.68306780170129e-07,0.00018806054596437,1.08149108055677e-05,0.00248391682516873,3.05951994953406,0.0439040575624545,1.35749534090703,0.0360607740407694,1,TRUE,FALSE,TRUE,TRUE,TRUE,TRUE,"weak_effect",-0.630773037488588,0.127602888756733,-4.94325045172857,FALSE,FALSE,6.11446533422375,1,0.0360607740407694,FALSE,FALSE,437.532175257335,484.375000735643,411.826221277232,383.046834821364,490.547785554868,689.408779410541,689.594662159251,613.102887934502,861.067245562322,563.953238312477,0.0167666363956358,0.01944004599552,0.0176708283697414,9,FALSE,3.72570230741196,4.96597705799183
"RT4_ZT10_remainder_dataset","196855","Cope",351.95088706837,-0.343603752708725,"downregulated",0.57437366047506,0.00666521600867636,0.00666521600867636,0.122599218324915,0.0157321554235428,0.272830343732533,0.619590331681882,0.0439040575624545,1.35749534090703,4.63215402136936e-05,1,TRUE,FALSE,TRUE,TRUE,TRUE,FALSE,"weak_effect",-0.352085169301706,0.129771130672734,-2.71312400128208,FALSE,FALSE,2.17618577125297,1,4.63215402136936e-05,FALSE,FALSE,263.403208538759,288.582722711428,363.709068275769,332.594374480443,301.048504011754,432.386477183699,342.649061104051,424.256850722609,441.182864334052,329.69573932114,0.013512463374301,0.0212210498142441,0.0172479373226029,9,FALSE,0.911512298808293,1.80321177169189
"RT4_ZT10_remainder_dataset","203013","Zmiz1",156.886295432476,0.520849440375919,"upregulated",0.345406325889516,0.00181469531860795,0.00181469531860795,0.0539758577507847,0.00549723895989884,0.152397601062989,1.17704441221402,0.0439040575624545,1.35749534090703,0.0653608345435398,1,TRUE,FALSE,TRUE,TRUE,TRUE,FALSE,"weak_effect",0.54395081706458,0.174399431911976,3.11899420256785,FALSE,FALSE,2.74119628112641,1,0.0653608345435398,FALSE,FALSE,182.0840971778,194.460357765547,125.953724033243,210.626776180545,216.378612258448,127.172493289323,145.008223351244,134.520464863266,143.004100853106,89.6541045522399,0.0284332672297383,0.0299921750884052,0.0292132418701993,6,FALSE,1.26780044740091,2.25985538424405
"RT4_ZT10_remainder_dataset","532027","Lars2",8.80088774558877,2.25644034282411,"upregulated",0.00245078224489318,4.12663682030838e-08,4.12663682030838e-08,1.6834802482849e-05,1.04618555996083e-06,0.00040291104813197,13.4943961470034,0.0439040575624545,1.35749534090703,0.999999998756481,0.013073391442104,TRUE,TRUE,FALSE,FALSE,TRUE,TRUE,"strong_effect",6.14686837327692,1.12059835435744,5.4853448154505,TRUE,TRUE,7.38440375110719,0.013073391442104,0.999999998756481,FALSE,TRUE,17.2361159949859,7.99152155200877,11.3216830591679,9.7965942409556,41.6629626087696,0,0,0,0,0,0.481360030282164,0.487114336567928,0.485012780362837,5,FALSE,4.77379197467904,5.98039127864294
"RT4_ZT10_remainder_dataset","557920","Praf2",250.126262957785,-0.377986036094634,"downregulated",0.459359432994874,0.00411042455666375,0.00411042455666375,0.091437315612857,0.0106394857473489,0.222867085799746,0.745796447273673,0.0439040575624545,1.35749534090703,0.000288461088951926,1,TRUE,FALSE,TRUE,TRUE,TRUE,FALSE,"weak_effect",-0.388108275879645,0.135250067582887,-2.86956067982588,FALSE,FALSE,2.38611331849041,1,0.000288461088951926,FALSE,FALSE,215.672425783413,214.439161645569,239.170554624922,211.606435604641,202.938946900781,342.696402969123,221.271807484121,324.65996808346,254.06047704754,274.746449434284,0.012420258806174,0.0238260509713549,0.0178081613511712,9,FALSE,1.03887653230258,1.97307936287612
"RT4_ZT10_remainder_dataset","351122","Rtf1",160.552481518039,0.413406674432734,"upregulated",0.688144366996087,0.0195007392729792,0.0195007392729792,0.226202068030697,0.0375976940153415,0.409080913493819,0.589037866148767,0.0439040575624545,1.35749534090703,0.0255347827382317,1,TRUE,FALSE,TRUE,TRUE,TRUE,FALSE,"weak_effect",0.434283454717802,0.185923514187515,2.33581780451827,FALSE,FALSE,1.70994892422263,1,0.0255347827382317,FALSE,FALSE,243.957334082877,150.063015809942,138.690617474807,166.542102096245,223.098444937282,129.849808937519,141.785818387883,155.215920996076,153.653342405997,102.668410051759,0.0389334614485654,0.029593644514869,0.0344904236996842,10,FALSE,0.645503428896795,1.4248387909001
"RT4_ZT10_remainder_dataset","337892","Tomm34",150.495921024331,0.406971487353735,"upregulated",0.688144366996087,0.0201761273125164,0.0201761273125164,0.23066733546035,0.0386537215650058,0.413663968114622,0.574972852300672,0.0439040575624545,1.35749534090703,0.0214822507495794,1,TRUE,FALSE,TRUE,TRUE,TRUE,FALSE,"weak_effect",0.427190142629847,0.183891427743503,2.32305631573922,FALSE,FALSE,1.69516219033935,1,0.0214822507495794,FALSE,FALSE,132.143555961559,170.48579310952,198.129453535438,167.521761520341,196.219114221947,109.769941576047,119.228983644356,95.7164846142471,185.60106706467,130.143054995187,0.0354025224179615,0.0307392997419133,0.0330819202967447,9,FALSE,0.637013901073663,1.41280868603188
"RT4_ZT10_remainder_dataset","345830","Klhl23",231.405994707633,-0.511855945189244,"downregulated",0.261290461203356,0.000852312433697589,0.000852312433697589,0.0325510812444079,0.00298938194125919,0.107128121481144,1.29213866515935,0.0439040575624545,1.35749534090703,0.0318491704435791,1,TRUE,FALSE,TRUE,TRUE,TRUE,FALSE,"weak_effect",-0.530892384330833,0.159177512329676,-3.33522227204612,FALSE,FALSE,3.06940117593982,1,0.0318491704435791,FALSE,FALSE,181.200193793442,171.817713368189,200.95987430023,175.848866625153,219.066545329982,349.389692089614,207.30805264289,236.704279519016,333.169128583301,238.595600824509,0.0271620874149867,0.024614906647596,0.0258876536380724,9,FALSE,1.4874345809612,2.52441859336345
"RT4_ZT10_remainder_dataset","396313","Itpr1",208.113291211231,0.407439130985357,"upregulated",0.612989575546596,0.00828552766546363,0.00828552766546363,0.140287663648431,0.0187651137489249,0.299470644033792,0.703504286047012,0.0439040575624545,1.35749534090703,0.00587505111588479,1,TRUE,FALSE,TRUE,TRUE,TRUE,FALSE,"weak_effect",0.42275027022112,0.16012009201622,2.64020751485888,FALSE,FALSE,2.08167982823416,1,0.00587505111588479,FALSE,FALSE,297.433488836552,205.559693254448,254.737868831278,176.828526049249,258.041574867218,172.68685930866,149.304763302392,181.085241162089,191.686347952036,193.768548548389,0.0250080514854511,0.0258292963669383,0.0253638778985272,9,FALSE,0.852980517460379,1.72664879866999
"RT4_ZT10_remainder_dataset","385899","Grm8",11.6363476908874,-2.1565200994582,"downregulated",0.00638468677935098,2.94220021142582e-07,2.94220021142582e-07,8.70535612007035e-05,5.02197552854078e-06,0.00137800945639684,11.4276704516443,0.0439040575624545,1.35749534090703,0.999999998756481,0.087818875059373,TRUE,TRUE,FALSE,FALSE,TRUE,TRUE,"strong_effect",-4.01919326562499,0.783909737872365,-5.12711230827878,TRUE,TRUE,6.53132777764555,0.087818875059373,0.999999998756481,FALSE,TRUE,1.32585507653738,1.33192025866813,0,2.93897827228668,0,12.0479204168832,21.4826997557399,3.88039802490191,21.2984831057818,52.0572219980748,0.568742635822464,0.35980524952478,0.450511352019476,9,FALSE,4.06021345799663,5.29912540788068
"RT4_ZT10_remainder_dataset","161541","Lgalsl",110.894430431601,-0.496757936953449,"downregulated",0.453632793726392,0.00317246159712325,0.00317246159712325,0.0784707906460705,0.00862980270049674,0.199089155286318,1.02530795131246,0.0439040575624545,1.35749534090703,0.050726112805529,1,TRUE,FALSE,TRUE,TRUE,TRUE,FALSE,"weak_effect",-0.519214272244228,0.175974205422562,-2.95051351985055,FALSE,FALSE,2.49860362636751,1,0.050726112805529,FALSE,FALSE,80.4352079766009,86.1308433938723,89.1582540909472,110.701514922798,90.0457578963729,139.220413706206,142.85995337567,161.68325103758,97.3644941978597,111.344613718104,0.019002537903384,0.0376173116486068,0.027909473920964,9,FALSE,1.1052919715593,2.06399913326104
"RT4_ZT10_remainder_dataset","98457","Cadm2",120.971463278452,-0.420965668876344,"downregulated",0.612989575546596,0.00724442652147468,0.00724442652147468,0.129715445735445,0.0168306108328937,0.282843184113599,0.746751051335681,0.0439040575624545,1.35749534090703,0.00891293144691198,1,TRUE,FALSE,TRUE,TRUE,TRUE,FALSE,"weak_effect",-0.437326392167757,0.162853692390352,-2.6853943914241,FALSE,FALSE,2.13999598816612,1,0.00891293144691198,FALSE,FALSE,105.184502738632,85.2428965547602,96.2343060029271,101.884580105938,129.020787433609,157.96162324358,153.60130325354,144.868192929671,117.1416570818,118.574783440059,0.0120448363279231,0.0353696149980325,0.02333021433092,6,FALSE,0.887008307660847,1.77390012190052
"RT4_ZT10_remainder_dataset","373263","Sec61a1",125.90785341842,0.445384646803693,"upregulated",0.612989575546596,0.00876440960154493,0.00876440960154493,0.146064451646952,0.0196395082029901,0.306448877616388,0.760213421149583,0.0439040575624545,1.35749534090703,0.0278764250215193,1,TRUE,FALSE,TRUE,TRUE,TRUE,FALSE,"weak_effect",0.465930565726598,0.177760814162428,2.62110953936595,FALSE,FALSE,2.05727733403991,1,0.0278764250215193,FALSE,FALSE,164.847981182814,164.270165235736,130.199355180431,112.660833770989,158.588051220478,127.172493289323,118.154848656569,97.0099506225477,109.535055972592,76.6397990527212,0.0240212922702874,0.0344239543132737,0.0289885436711908,9,FALSE,0.835455467379047,1.70686939167136
"RT4_ZT10_remainder_dataset","470807","Timp3",198.914319902868,0.45554148279806,"upregulated",0.688144366996087,0.0184202911342221,0.0184202911342221,0.219501150184614,0.0358943569353531,0.401357152337909,0.658245517867952,0.0439040575624545,1.35749534090703,0.0793933802198933,1,TRUE,FALSE,TRUE,TRUE,TRUE,FALSE,"weak_effect",0.483558266478461,0.205153179180756,2.35705958059957,FALSE,FALSE,1.73470351002478,1,0.0793933802198933,FALSE,FALSE,238.211962084549,246.84922127316,267.474762272842,182.706482593822,227.130344544582,176.702832780954,205.159782667316,182.37870717039,74.5446908702363,187.984412770826,0.0663280736158501,0.0263994825600638,0.0447957185602999,9,FALSE,0.658563199715607,1.44497382285545
"RT4_ZT10_remainder_dataset","320100","-",13.6463973697112,-2.24917901956843,"downregulated",0.00245078224489318,7.84860894685253e-08,7.84860894685253e-08,2.89484651909595e-05,1.74786524143045e-06,0.000606292302622635,12.9496303333195,0.0439040575624545,1.35749534090703,0.999999998756481,0.0684432066200661,TRUE,TRUE,FALSE,FALSE,TRUE,TRUE,"strong_effect",-4.15297126888437,0.773282462081631,-5.37057475441098,TRUE,TRUE,7.10520730889032,0.0684432066200661,0.999999998756481,FALSE,TRUE,3.09366184525388,0,0,2.93897827228668,0,18.7412095373739,16.1120248168049,27.1627861743134,9.12792133104934,59.2873917200296,0.779151158112786,0.303511380004243,0.451887922960348,8,FALSE,4.53837445704075,5.75749205405813
"RT4_ZT10_remainder_dataset","214790","LOC120097817",10.9308200553764,-2.28867729664512,"downregulated",0.00245078224489318,9.28836684345913e-08,9.28836684345913e-08,3.33452369680183e-05,1.9994731836892e-06,0.000669719137109802,13.0433651148231,0.0439040575624545,1.35749534090703,0.999999998756481,0.0555037122919987,TRUE,TRUE,FALSE,FALSE,TRUE,TRUE,"strong_effect",-4.49394582825291,0.841543544469667,-5.34012275156237,TRUE,TRUE,7.03206064049775,0.0555037122919987,0.999999998756481,FALSE,TRUE,1.32585507653738,0,0,2.4491485602389,0,12.0479204168832,13.9637548412309,16.8150581079083,10.6492415528909,52.0572219980748,0.573348421514537,0.384824268014896,0.452533864544942,6,FALSE,4.47696619191943,5.69908441611356
"RT4_ZT10_remainder_dataset","552522","Slc4a3",164.88221193959,0.564830254559485,"upregulated",0.0791380202301167,6.33586521922037e-05,6.33586521922037e-05,0.00531442900397223,0.000370118683875376,0.0288849733362306,1.93830482135331,0.0439040575624545,1.35749534090703,0.037898480449782,1,TRUE,FALSE,TRUE,TRUE,TRUE,TRUE,"weak_effect",0.58229121763071,0.145575002574122,3.99993960044222,FALSE,FALSE,4.19819406992416,1,0.037898480449782,FALSE,FALSE,230.698783317504,191.79651724821,175.486087417102,198.870863091399,189.499281543113,127.172493289323,129.970333522226,138.400862888168,104.971095307067,161.955801771788,0.00870062057893183,0.0291485942111271,0.0184706918067542,9,FALSE,2.27454339035901,3.43165899083257
"RT4_ZT10_remainder_dataset","139219","Rgs4",94.6156673423585,0.428002020697932,"upregulated",0.612989575546596,0.0121932774651143,0.0121932774651143,0.175907099820387,0.025671436540937,0.347251192174695,0.680758540439733,0.0439040575624545,1.35749534090703,0.0229040551550069,1,TRUE,FALSE,TRUE,TRUE,TRUE,FALSE,"weak_effect",0.44796054554916,0.178719488883996,2.50650082062357,FALSE,FALSE,1.91387954346293,1,0.0229040551550069,FALSE,FALSE,100.764985816841,101.225939658778,111.801620209283,141.560786781808,88.7017913606062,82.9967850940846,73.0411791695156,81.4883585229401,82.1512919794441,82.4239348302851,0.0145158069034551,0.0424811176328686,0.0265562669556663,9,FALSE,0.754716631545434,1.59054982808174
"RT4_ZT10_remainder_dataset","254185","-",27.5862177133101,-2.17887037377993,"downregulated",0.000176353989993375,1.39587872234818e-09,1.39587872234818e-09,9.98531591786062e-07,7.0195331991485e-08,4.55800584428262e-05,15.5869670555992,0.0439040575624545,1.35749534090703,0.999999998756481,0.0712631244048571,TRUE,TRUE,FALSE,FALSE,TRUE,TRUE,"strong_effect",-2.89599244509474,0.478205817788764,-6.05595402098177,TRUE,TRUE,8.85515231273217,0.0712631244048571,0.999999998756481,FALSE,TRUE,8.39708215140339,5.77165445422856,7.07605191197993,9.7965942409556,0,74.9648381494957,77.3377191206636,18.1085241162089,42.5969662115636,31.8127467766013,0.305468383594738,0.140253689377519,0.20500848970992,9,FALSE,6.00063819026116,7.15369176761016
"RT4_ZT10_remainder_dataset","234631","Apbb3",121.37257533016,0.552408493874371,"upregulated",0.285561557716642,0.000873147666077689,0.000873147666077689,0.0328804208519465,0.00304810453251103,0.108359802638789,1.3898432774745,0.0439040575624545,1.35749534090703,0.091335313646283,1,TRUE,FALSE,TRUE,TRUE,TRUE,TRUE,"weak_effect",0.576613373093508,0.173235163390293,3.32850076052064,FALSE,FALSE,3.05891230252634,1,0.091335313646283,FALSE,FALSE,169.709449796784,129.640238510364,141.521038239599,151.357381022764,133.052687040909,120.479204168832,103.116958827551,69.8471644482344,112.577696416275,82.4239348302851,0.0175253888820377,0.0352894282076806,0.0265481039859914,7,FALSE,1.4830626323574,2.51597014326608
"RT4_ZT10_remainder_dataset","88628","Myh10",98.3263656145152,-0.500331916611251,"downregulated",0.57437366047506,0.0068485314387242,0.0068485314387242,0.124763449724086,0.0160816651765781,0.275979251259361,0.897429840641982,0.0439040575624545,1.35749534090703,0.0960541743767707,1,TRUE,FALSE,TRUE,TRUE,TRUE,FALSE,"weak_effect",-0.528454083679242,0.195425446573063,-2.70412115180543,FALSE,FALSE,2.16440254623537,1,0.0960541743767707,FALSE,FALSE,83.5288698218548,55.4966774445053,86.3278333261552,77.3930945035492,103.485423254041,95.0447055109678,108.487633766486,138.400862888168,133.876179522057,101.222376107368,0.0298853375311165,0.0412057752568039,0.0352653356154548,9,FALSE,0.903912625455275,1.79366898422207
"RT4_ZT10_remainder_dataset","269358","Marchf6",432.04733658516,-0.569258281154312,"downregulated",0.062337612404375,4.606408557152e-05,4.606408557152e-05,0.00422551295532735,0.000286608457676696,0.0247064057055754,2.01671757330804,0.0439040575624545,1.35749534090703,0.0377413292717981,1,TRUE,FALSE,TRUE,TRUE,TRUE,TRUE,"weak_effect",-0.586551991186756,0.143948020189529,-4.07474858226235,FALSE,FALSE,4.33663754569271,1,0.0377413292717981,FALSE,FALSE,335.883286056136,292.578483487432,437.30000816036,312.021526574436,356.151131978191,467.19158061025,614.405213014161,446.245772863719,617.656010067672,441.040353039245,0.0253867130885777,0.0202182715298164,0.0224349785412564,11,FALSE,2.37412056241943,3.54271099792987
"RT4_ZT10_remainder_dataset","200236","Ppp2cb",367.945166347557,-0.328940297351528,"downregulated",0.240941200139449,0.000754671284091168,0.000754671284091168,0.0299256617439686,0.00271035256331986,0.101079511437017,0.844381260693996,0.0439040575624545,1.35749534090703,1.21865760592279e-08,1,TRUE,FALSE,TRUE,TRUE,TRUE,FALSE,"weak_effect",-0.333656754601745,0.0990400868174993,-3.36890611996911,FALSE,FALSE,3.12224217498278,1,1.21865760592279e-08,FALSE,FALSE,342.070609746643,335.199931764812,325.498387951077,300.265613485289,325.239901655556,384.194795516166,419.986780224715,435.898044797314,377.287415016706,433.81018331729,0.00136689159177717,0.0209715087763596,0.00897236793309307,8,FALSE,1.52395623729327,2.56697421231925
"RT4_ZT10_remainder_dataset","248301","-",89.6772306498149,-2.14769384517954,"downregulated",1.41099223769133e-10,3.50426846386939e-18,3.50426846386939e-18,2.8472918949563e-14,9.99200722162641e-15,6.90159246696847e-11,30.0684596422926,0.0439040575624545,1.35749534090703,0.999999998756481,0.00241510050717758,TRUE,TRUE,FALSE,FALSE,TRUE,TRUE,"strong_effect",-2.38402992888522,0.274220955505985,-8.69382839282386,TRUE,TRUE,12,0.00241510050717758,0.999999998756481,FALSE,TRUE,22.5395363011354,30.1901925298109,21.2281557359398,33.7982501312968,36.2870964657025,178.041490605052,165.416788119197,59.4994363818293,171.909185068096,177.862175160089,0.103899174907101,0.0443692188934871,0.072685402680734,9,FALSE,12,12
"RT4_ZT10_remainder_dataset","578023","Atp2b3",290.516928781901,-0.38763616628768,"downregulated",0.286996510169827,0.0011769590746518,0.0011769590746518,0.0405462148576543,0.00387714648006821,0.124988885639334,0.934779882303238,0.0439040575624545,1.35749534090703,5.50315833366393e-05,1,TRUE,FALSE,TRUE,TRUE,TRUE,FALSE,"weak_effect",-0.39605547760196,0.122073344876601,-3.24440587748551,FALSE,FALSE,2.9292386382287,1,5.50315833366393e-05,FALSE,FALSE,284.174938071178,276.151466963859,193.88382238825,244.425026311842,248.633809116851,360.098954682399,310.425011470441,323.366502075159,327.083847695935,336.925909043095,0.00793806654475161,0.0225241762626146,0.0143369966749257,9,FALSE,1.39204968259123,2.41148779087218
"RT4_ZT10_remainder_dataset","567017","Pnck",301.558356603814,0.324076175286921,"upregulated",0.688144366996087,0.019168145596635,0.019168145596635,0.224144291365906,0.0370752263769445,0.406756393014268,0.463725845538433,0.0439040575624545,1.35749534090703,0.000162594750102663,1,TRUE,FALSE,TRUE,TRUE,TRUE,FALSE,"weak_effect",0.333687916912579,0.142465014163117,2.34224464773168,FALSE,FALSE,1.71741990048157,1,0.000162594750102663,FALSE,FALSE,319.973025137687,386.256875013757,290.118128391177,310.062207726245,374.966663478926,323.955193431749,278.200961836832,221.182687419409,212.984831057818,297.882992544539,0.0200200549413962,0.0222404297124296,0.0206954599885833,9,FALSE,0.64947231751582,1.43091618854078
"RT4_ZT10_remainder_dataset","508910","Lrrc49",155.100759428687,0.421361673932613,"upregulated",0.612989575546596,0.0126066562242941,0.0126066562242941,0.178228985923732,0.0263757169001744,0.351317898206343,0.665244010442238,0.0439040575624545,1.35749534090703,0.0190567745302118,1,TRUE,FALSE,TRUE,TRUE,TRUE,FALSE,"weak_effect",0.440666812226026,0.176641782446096,2.49469183408234,FALSE,FALSE,1.89940008994623,1,0.0190567745302118,FALSE,FALSE,159.544560876664,198.012145121995,192.468612005854,135.682830237235,208.314813043848,151.26833412309,106.339363790912,98.3034166308483,152.132022184156,148.94149627227,0.0301310900979904,0.03019396239282,0.030158173768393,4,FALSE,0.749021663918521,1.57879572727497
"RT4_ZT10_remainder_dataset","355260","Pcsk2",262.047875829648,0.513880970145362,"upregulated",0.453632793726392,0.00336365206913764,0.00336365206913764,0.0807367359723095,0.00904765927972551,0.204385783584056,1.0500971407845,0.0439040575624545,1.35749534090703,0.0815242803586521,1,TRUE,FALSE,TRUE,TRUE,TRUE,FALSE,"weak_effect",0.539385659221364,0.183940695030898,2.93238893726459,FALSE,FALSE,2.47318893328683,1,0.0815242803586521,FALSE,FALSE,306.272522680134,301.901925298109,356.633016363789,255.201279976893,331.95973433439,230.24914574488,143.934088363457,183.67217317869,325.562527474093,185.092344882044,0.0490447548193803,0.0233918731479169,0.0362010388012572,10,FALSE,1.09292881224387,2.04346376260529
"RT4_ZT10_remainder_dataset","348367","-",115.02320200268,0.393102278475123,"upregulated",0.688144366996087,0.023268525873544,0.023268525873544,0.245813435984415,0.0434110362115421,0.432572254019028,0.535562484257124,0.0439040575624545,1.35749534090703,0.0159797497194936,1,TRUE,FALSE,TRUE,TRUE,TRUE,FALSE,"weak_effect",0.412039839135624,0.181595608807741,2.26899671110362,FALSE,FALSE,1.63323112961677,1,0.0159797497194936,FALSE,FALSE,121.53671534926,151.394936068611,154.257931681163,106.293047514368,126.332854362075,104.415310279655,129.970333522226,94.4230186059464,80.6299717576025,80.9779008858941,0.0236858294300563,0.0366389841297876,0.0298873157641357,9,FALSE,0.60939438257888,1.36239984752726
"RT4_ZT10_remainder_dataset","378386","-",248.930818508162,-0.352010176064286,"downregulated",0.688144366996087,0.0185497645203124,0.0185497645203124,0.220606188034192,0.0360994108058583,0.402309528250876,0.507774638965055,0.0439040575624545,1.35749534090703,0.00115714241966324,1,TRUE,FALSE,TRUE,TRUE,TRUE,FALSE,"weak_effect",-0.364347469491227,0.154747948799666,-2.3544575053651,FALSE,FALSE,1.73166159915826,1,0.00115714241966324,FALSE,FALSE,209.485102092906,194.460357765547,209.451136594606,245.894515447985,228.474311080349,279.779485236511,255.644127093305,283.269055817839,381.851375682231,200.998718270344,0.0252561830074602,0.0238722990495836,0.0245567287819233,7,FALSE,0.656382309704479,1.44249988634511
"RT4_ZT10_remainder_dataset","301535","Ctss",678.704470605112,0.551893511524822,"upregulated",0.240941200139449,0.000585863226582612,0.000585863226582612,0.0252794348970142,0.00221054632629003,0.0893522825842927,1.46555342912042,0.0439040575624545,1.35749534090703,0.0747816210475077,1,TRUE,FALSE,TRUE,TRUE,TRUE,TRUE,"weak_effect",0.574423948050239,0.167077152115913,3.43807600725516,FALSE,FALSE,3.23220376089922,1,0.0747816210475077,FALSE,FALSE,1046.98355877235,831.118241408912,675.055352402886,625.512542285015,878.954114391461,642.555755567106,461.878044748408,459.180432946726,707.413903156324,458.392760371936,0.0438357708122847,0.0192020860508196,0.0318023942599717,8,FALSE,1.59723263861163,2.65550037917869
"RT4_ZT10_remainder_dataset","80834","Timp2",169.308231251703,-0.496873496897306,"downregulated",0.459359432994874,0.00481377621517767,0.00481377621517767,0.100702938822775,0.012089272610218,0.23753239735694,0.952804532720053,0.0439040575624545,1.35749534090703,0.0695566003648316,1,TRUE,FALSE,TRUE,TRUE,TRUE,FALSE,"weak_effect",-0.52181724966386,0.185091570594993,-2.81923832612383,FALSE,FALSE,2.31751410325345,1,0.0695566003648316,FALSE,FALSE,128.165990731946,154.058776585947,172.65566665231,107.762536650512,135.740620112443,208.83062055931,221.271807484121,182.37870717039,126.269578412849,255.948008157201,0.0410540113707889,0.02872005626531,0.0349528353040917,9,FALSE,0.99695785520715,1.91759982907074
"RT4_ZT10_remainder_dataset","568294","Porcn",163.193148641349,0.364985099894498,"upregulated",0.688144366996087,0.0195168302453479,0.0195168302453479,0.226202068030697,0.0376229299402988,0.409192219188811,0.519938570040316,0.0439040575624545,1.35749534090703,0.00300286760009628,1,TRUE,FALSE,TRUE,TRUE,TRUE,FALSE,"weak_effect",0.379128402789998,0.162332216598803,2.33550930760095,FALSE,FALSE,1.70959071529313,1,0.00300286760009628,FALSE,FALSE,160.870415953202,180.253208339753,212.281557359398,161.15397526372,209.658779579615,149.929676298991,100.968688851978,135.813930871567,174.951825511779,146.049428383488,0.0205128983077803,0.0293190497389126,0.0247721738539673,9,FALSE,0.645503428896795,1.42454738615524
"RT4_ZT10_remainder_dataset","469730","Sppl2b",173.599326707675,0.446305174362786,"upregulated",0.550419839121985,0.00528546701813969,0.00528546701813969,0.105965152243791,0.013039060384604,0.246782678909043,0.841175330238677,0.0439040575624545,1.35749534090703,0.016800627569621,1,TRUE,FALSE,TRUE,TRUE,TRUE,FALSE,"weak_effect",0.464463163384648,0.16652794445853,2.78910044133952,FALSE,FALSE,2.2769166328712,1,0.016800627569621,FALSE,FALSE,209.485102092906,175.369500724637,226.433661183358,170.460739792627,227.130344544582,157.96162324358,124.599658583291,166.857115070782,176.473145733621,101.222376107368,0.0252335592377687,0.0283280202707677,0.0267452867009105,9,FALSE,0.974836933569892,1.88475370342652
"RT4_ZT10_remainder_dataset","93667","Samd14",145.20326913804,0.458616708304489,"upregulated",0.550419839121985,0.00618477236836074,0.00618477236836074,0.117028262293154,0.014807442831998,0.264187486041353,0.83904841054651,0.0439040575624545,1.35749534090703,0.0299097033740313,1,TRUE,FALSE,TRUE,TRUE,TRUE,FALSE,"weak_effect",0.479187705602248,0.175025211916176,2.73782102793136,FALSE,FALSE,2.20867628002582,1,0.0299097033740313,FALSE,FALSE,175.454821795113,175.369500724637,155.673142063559,140.581127357713,198.907047293481,160.638938891777,98.8204188764035,115.118474738757,89.7578930886519,141.711326550315,0.0264332588840411,0.031414358071295,0.0289565407460348,9,FALSE,0.931709243589388,1.8295199353911
"RT4_ZT10_remainder_dataset","130019","Trafd1",142.285423468854,0.521690270589608,"upregulated",0.453632793726392,0.00293123261339158,0.00293123261339158,0.0748089460811074,0.00809569525248888,0.191982047428009,1.09124345766226,0.0439040575624545,1.35749534090703,0.0889291976792795,1,TRUE,FALSE,TRUE,TRUE,TRUE,FALSE,"weak_effect",0.547601384259177,0.184076417478941,2.97485898388817,FALSE,FALSE,2.53294971595124,1,0.0889291976792795,FALSE,FALSE,114.023536582214,192.240490667766,229.26408194815,159.194656415528,153.212185077411,115.12457287244,119.228983644356,122.87927078856,103.449775085226,114.236681606886,0.033176385526886,0.0318107536609902,0.0325592516910249,9,FALSE,1.12604646361494,2.09174584841108
"RT4_ZT10_remainder_dataset","563232","Nap1l3",95.3820998877828,-0.423676234173354,"downregulated",0.612989575546596,0.0115613155631405,0.0115613155631405,0.17171301693828,0.024586168693201,0.340731021642109,0.68182603727504,0.0439040575624545,1.35749534090703,0.0183710410137464,1,TRUE,FALSE,TRUE,TRUE,TRUE,FALSE,"weak_effect",-0.442614327707038,0.175274847007149,-2.52525867381863,FALSE,FALSE,1.93699274469535,1,0.0183710410137464,FALSE,FALSE,85.7386282827504,94.1223649458811,62.2692568254234,76.9032647915014,83.3259252175391,111.108599400145,124.599658583291,125.466202805162,104.971095307067,85.316002719067,0.0103677983447094,0.0422082530268841,0.0262176451082687,9,FALSE,0.765196781308581,1.60930914287739
"RT4_ZT10_remainder_dataset","70512","Cenpv",108.476536881606,0.378548155968569,"upregulated",0.688144366996087,0.0202026963812475,0.0202026963812475,0.23066733546035,0.0386951323277782,0.413840621428346,0.534640089533737,0.0439040575624545,1.35749534090703,0.00661012065348356,1,TRUE,FALSE,TRUE,TRUE,TRUE,FALSE,"weak_effect",0.394485073876313,0.169849106750142,2.32256195763587,FALSE,FALSE,1.69459066296193,1,0.00661012065348356,FALSE,FALSE,132.143555961559,127.420371412584,114.632040974075,114.620152619181,127.676820897842,113.785915048342,91.3014739618945,115.118474738757,69.9807302047116,78.0858329971122,0.00777123804657982,0.038231744006256,0.024443800868321,8,FALSE,0.637013901073663,1.41234366382207
"RT4_ZT10_remainder_dataset","426607","Gng10",340.285902744745,-0.577135381417604,"downregulated",0.0791380202301167,5.82868294136736e-05,5.82868294136736e-05,0.00493513484894076,0.000346155289939754,0.027668667432335,1.99730916705006,0.0439040575624545,1.35749534090703,0.0511408629590132,1,TRUE,FALSE,TRUE,TRUE,TRUE,TRUE,"weak_effect",-0.59573121133863,0.148205069808876,-4.01964124511312,FALSE,FALSE,4.23442956803956,1,0.0511408629590132,FALSE,FALSE,281.965179610282,240.189619979819,328.328808715869,227.770816102218,280.889005975253,350.728349913712,341.574926116264,494.104015170843,492.907751876665,364.400553986523,0.0249781616445973,0.0214228851860567,0.023271996879107,10,FALSE,2.30670097605397,3.46072902712032
"RT4_ZT10_remainder_dataset","405939","Cntfr",10.8060525132873,2.6527387181949,"upregulated",0.000176353989993375,1.15340277598082e-09,1.15340277598082e-09,8.87296278379531e-07,6.028914056877e-08,4.0629593488071e-05,19.1521392941805,0.0439040575624545,1.35749534090703,0.999999998756481,0.00177563636848669,TRUE,TRUE,FALSE,FALSE,TRUE,TRUE,"strong_effect",6.48230331590382,1.06501382449664,6.08659077169029,TRUE,TRUE,8.93801900767482,0.00177563636848669,0.999999998756481,FALSE,TRUE,24.3073430698519,22.6426443973582,28.3042076479197,27.4304638746757,5.37586614306704,0,0,0,0,0,0.244127069498872,0.389614691017899,0.343977056907675,7,FALSE,6.05193134005507,7.21976090702702
"RT4_ZT10_remainder_dataset","300679","Pmvk",77.6434539854033,2.66895442422291,"upregulated",5.7286284850268e-09,4.22996010392764e-18,4.22996010392764e-18,2.8472918949563e-14,1.17683640610267e-14,7.47825885976406e-11,37.1766239043098,0.0439040575624545,1.35749534090703,0.999999998756481,6.6963500288996e-05,TRUE,TRUE,FALSE,FALSE,TRUE,TRUE,"strong_effect",3.20001176192806,0.368986763816997,8.67242967965956,TRUE,TRUE,12,6.6963500288996e-05,0.999999998756481,FALSE,TRUE,221.417797781742,120.760770119244,96.2343060029271,82.7812213360748,177.403582721212,9.37060476868696,7.51894491450896,7.76079604980382,22.8198033276234,30.3667128322103,0.225708438826318,0.0501389468453702,0.117021163911027,9,FALSE,12,12
"RT4_ZT10_remainder_dataset","309984","Cstb",152.411207307176,-1.59372565713292,"downregulated",5.64396895076533e-12,7.84008872865451e-25,7.84008872865451e-25,2.11094389019023e-20,2.22044604925031e-16,5.64396895076533e-12,24.9474798381276,0.0439040575624545,1.35749534090703,0.999999998756481,0.0684432066200661,TRUE,TRUE,FALSE,FALSE,TRUE,TRUE,"strong_effect",-1.65379458425788,0.160722931582287,-10.2897238619068,TRUE,TRUE,12,0.0684432066200661,0.999999998756481,FALSE,TRUE,70.7122707486601,86.5748168134283,76.4213606493833,70.5354785348803,60.4784941095042,259.699617875039,191.196027826085,239.291211535618,276.880280375163,192.322514603998,0.0162874309011456,0.0305079745457458,0.0230431350730373,9,FALSE,12,12
"RT4_ZT10_remainder_dataset","184357","Lrmda",38.1772739369631,-2.01014140888606,"downregulated",8.45349718667365e-06,1.81209617657499e-11,1.81209617657499e-11,2.43953447771408e-08,2.20231788361502e-09,2.7374529543409e-06,17.4020353827743,0.0439040575624545,1.35749534090703,0.999999998756481,0.0780237495754596,TRUE,TRUE,FALSE,FALSE,TRUE,TRUE,"strong_effect",-2.37427001232141,0.353292252412021,-6.72041347103323,TRUE,TRUE,10.7418187559708,0.0780237495754596,0.999999998756481,FALSE,TRUE,16.7941643028068,11.0993354889011,7.07605191197993,11.2660833770989,14.7836318934344,93.7060476868697,91.3014739618945,40.0974462573197,33.4690448805143,62.1794596088115,0.121046567317699,0.0989423555367072,0.109774609336378,9,FALSE,7.61269303966479,8.65711999456684
"RT4_ZT10_remainder_dataset","334144","RGD1311739",180.684980564038,0.346984693109506,"upregulated",0.688144366996087,0.0173042570205819,0.0173042570205819,0.212334679106477,0.0341157233122258,0.392822064114193,0.509042303619792,0.0439040575624545,1.35749534090703,0.000715038187319676,1,TRUE,FALSE,TRUE,TRUE,TRUE,FALSE,"weak_effect",0.358517017391913,0.150626109983812,2.38017842610715,FALSE,FALSE,1.76184704293377,1,0.000715038187319676,FALSE,FALSE,214.346570706876,220.654789519353,206.620715829814,169.97091008058,201.594980365014,184.734779725543,120.303118632143,138.400862888168,181.037106399145,169.185971493743,0.015240600996752,0.0277264602436213,0.0210988199353,9,FALSE,0.672979069825451,1.46704541649375
"RT4_ZT10_remainder_dataset","108447","Txnrd2",80.3944498718905,0.459872702208425,"upregulated",0.688144366996087,0.0149866996261534,0.0149866996261534,0.195124220229294,0.0303529902898334,0.372979249288446,0.697994105434615,0.0439040575624545,1.35749534090703,0.0721672522523204,1,TRUE,FALSE,TRUE,TRUE,TRUE,FALSE,"weak_effect",0.48671648170901,0.200072520536643,2.43270030488704,FALSE,FALSE,1.82429399703583,1,0.0721672522523204,FALSE,FALSE,98.1132756637659,96.3422320436613,94.8190956205311,83.7608807601704,98.1095571109735,84.3354429181827,87.0049340107466,59.4994363818293,44.1182864334052,57.8413577756386,0.015705043606684,0.0486467004295662,0.0340496428184578,9,FALSE,0.709688819487714,1.51779851703019
"RT4_ZT10_remainder_dataset","347350","Fam171b",182.64598091061,0.531735358667635,"upregulated",0.240941200139449,0.000778336865939329,0.000778336865939329,0.0304466371320773,0.00277858972668099,0.102541294867644,1.35920893584052,0.0439040575624545,1.35749534090703,0.0521230829546243,1,TRUE,FALSE,TRUE,TRUE,TRUE,TRUE,"weak_effect",0.552799001370212,0.164504621159943,3.36038585100137,FALSE,FALSE,3.10883239869829,1,0.0521230829546243,FALSE,FALSE,207.717295324189,266.828025153182,240.585765007318,151.847210734812,220.410511865749,132.527124585716,154.675438241327,150.042056962874,167.345224402571,134.48115682836,0.025089167117736,0.0275692650626809,0.0261688277764614,9,FALSE,1.5164606687334,2.55617557434261
"RT4_ZT10_remainder_dataset","483228","Chkb",137.47301106796,0.546855136598787,"upregulated",0.294503977988703,0.00132729213691295,0.00132729213691295,0.0434760836817291,0.0042716362790165,0.131872942415577,1.29572169615009,0.0439040575624545,1.35749534090703,0.0988929944975878,1,TRUE,FALSE,TRUE,TRUE,TRUE,FALSE,"weak_effect",0.572228685782568,0.17826369554598,3.21001247073873,FALSE,FALSE,2.87703347842734,1,0.0988929944975878,FALSE,FALSE,207.717295324189,166.04605891396,147.181879769183,127.355725132423,173.371683113912,144.575045002599,106.339363790912,111.238076713855,88.2365728668103,102.668410051759,0.0273830608877586,0.0325060495803334,0.0297619779781312,9,FALSE,1.36174958399737,2.36940573368104
"RT4_ZT10_remainder_dataset","191050","-",6.17285646986794,-1.66199900206289,"downregulated",0.00843228671058957,7.64694047268423e-07,7.64694047268423e-07,0.00018806054596437,1.07742392958521e-05,0.00247731994830249,8.2561684851846,0.0439040575624545,1.35749534090703,0.999999998756481,0.0502049214616677,TRUE,TRUE,FALSE,FALSE,TRUE,TRUE,"strong_effect",-6.55057244164805,1.32490872357706,-4.9441688510907,TRUE,TRUE,6.1165122905467,0.0502049214616677,0.999999998756481,FALSE,TRUE,0,0,0,0,0,8.03194694458883,6.44480992672197,0,19.7771628839402,27.4746449434284,2.33210771691259,0.726141632989326,1.05415188905123,8,FALSE,3.72570230741196,4.96761338300261
"RT4_ZT10_remainder_dataset","4760","Prkn",31.2474074299314,-2.40229959879099,"downregulated",9.20757094627855e-07,4.19155818856745e-14,4.19155818856745e-14,1.25397449141309e-10,1.75646164279897e-11,4.960672443126e-08,25.8376002074075,0.0439040575624545,1.35749534090703,0.999999998756481,0.00294404011020977,TRUE,TRUE,FALSE,FALSE,TRUE,TRUE,"strong_effect",-2.92716152379472,0.38745164056389,-7.55490806422855,TRUE,TRUE,12,0.00294404011020977,0.999999998756481,FALSE,TRUE,6.18732369050776,7.99152155200877,0,7.3474456807167,14.7836318934344,53.5463129639255,61.2256943038587,43.9778442822216,34.9903651023558,82.4239348302851,0.111032289117764,0.12236821455631,0.118871887607265,7,FALSE,9.90171129791616,10.7553613297903
"RT4_ZT10_remainder_dataset","173721","Vdac2",212.333101767155,-0.535165896819437,"downregulated",0.240941200139449,0.000602800762493603,0.000602800762493603,0.025762556397048,0.00226184204171287,0.0906456507668299,1.41580157066559,0.0439040575624545,1.35749534090703,0.0497135018619913,1,TRUE,FALSE,TRUE,TRUE,TRUE,TRUE,"weak_effect",-0.55576645020454,0.162014452081736,-3.43035107710117,FALSE,FALSE,3.2198262070101,1,0.0497135018619913,FALSE,FALSE,175.896773487292,123.42461063658,222.18803003617,180.257334033583,162.619950827778,202.137331438819,280.349231812406,289.736385859343,251.017836603857,235.703532935727,0.0274440531160037,0.0255865313397107,0.0265821707967008,9,FALSE,1.58901104449366,2.64553772779598
"RT4_ZT10_remainder_dataset","496176","Cyc1",600.910860134181,0.381361396170968,"upregulated",0.286996510169827,0.00112090117285867,0.00112090117285867,0.0392972188531506,0.00372761477037642,0.122221256730521,0.92616245541454,0.0439040575624545,1.35749534090703,2.82653860328055e-05,1,TRUE,FALSE,TRUE,TRUE,TRUE,FALSE,"weak_effect",0.389335422978177,0.119491122344118,3.25827906994584,FALSE,FALSE,2.95043267640964,1,2.82653860328055e-05,FALSE,FALSE,641.713857044091,729.004354911022,747.231081905081,563.793998566995,728.429862385584,522.076551398274,472.619394626278,554.896917560973,603.964128071098,445.378454872418,0.0118303591244457,0.019327354058926,0.0152728363795199,10,FALSE,1.40563818447113,2.42856897607783
"RT4_ZT10_remainder_dataset","305452","Ppa2",102.809393844128,0.490905570652367,"upregulated",0.459359432994874,0.0049315566003466,0.0049315566003466,0.101904958913532,0.0123280086194351,0.239774678967181,0.937191295949833,0.0439040575624545,1.35749534090703,0.0606976293933739,1,TRUE,FALSE,TRUE,TRUE,TRUE,FALSE,"weak_effect",0.515011715460596,0.183182309606155,2.81147080505689,FALSE,FALSE,2.30701597803725,1,0.0606976293933739,FALSE,FALSE,132.143555961559,122.980637217024,128.784144798035,94.5371344252215,127.676820897842,69.6102068531032,100.968688851978,63.3798344067312,88.2365728668103,99.7763421629767,0.0190057714073005,0.0398071100180008,0.0292028427235367,7,FALSE,0.991804681779813,1.9091070706417
"RT4_ZT10_remainder_dataset","450660","Ppp1r13b",194.531452503526,0.501007644786954,"upregulated",0.062337612404375,4.81254251094574e-05,4.81254251094574e-05,0.00434824520494007,0.000296850093453038,0.0252319149120433,1.7672858345193,0.0439040575624545,1.35749534090703,0.00264916920251449,1,TRUE,FALSE,TRUE,TRUE,TRUE,TRUE,"weak_effect",0.512679309065338,0.126134365020784,4.0645490147024,FALSE,FALSE,4.31762542118472,1,0.00264916920251449,FALSE,FALSE,241.747575621982,225.094523714914,243.41618577211,204.258989923924,229.818277616116,172.68685930866,143.934088363457,170.737513095684,171.909185068096,141.711326550315,0.00279158840636414,0.0266928316562888,0.013258164038198,10,FALSE,2.36168597329095,3.52746281001523
"RT4_ZT10_remainder_dataset","149824","Copa",301.700439231834,-0.492056753630482,"downregulated",0.0309018377758222,5.30081064596135e-06,5.30081064596135e-06,0.000870270284405544,5.06961302437769e-05,0.00770749536992775,2.11339615181771,0.0439040575624545,1.35749534090703,0.000273845292017885,1,TRUE,FALSE,TRUE,TRUE,TRUE,TRUE,"weak_effect",-0.500748941966213,0.10999388745092,-4.5525160858566,FALSE,FALSE,5.2756577092395,1,0.000273845292017885,FALSE,FALSE,242.189527314161,256.616636503393,223.603240418566,264.997874217849,260.729507938752,352.06700773781,381.317920664383,346.64889022457,302.74272414647,386.091063152388,0.00247367441163901,0.022236944389264,0.0111107223194047,10,FALSE,3.06034584531718,4.29502519013244
"RT4_ZT10_remainder_dataset","26038","Gng3",433.484208074997,-0.520031881720721,"downregulated",0.0615017534520588,3.29429747944086e-05,3.29429747944086e-05,0.00333454735465959,0.000219047438660525,0.0208354528976062,1.90303681670206,0.0439040575624545,1.35749534090703,0.00522513759595455,1,TRUE,FALSE,TRUE,TRUE,TRUE,TRUE,"weak_effect",-0.532546076050522,0.128259271101468,-4.15210589828796,FALSE,FALSE,4.48223718602653,1,0.00522513759595455,FALSE,FALSE,345.164271591897,341.859533058153,377.861172099728,346.799436129828,364.214931192792,428.370503711404,581.107028392764,601.461693859796,397.064577900646,550.938932812958,0.0144186577956941,0.0202050415504273,0.0173327842700028,9,FALSE,2.47696311068758,3.65946182069673
"RT4_ZT10_remainder_dataset","526197","Lysmd2",174.146573585299,-0.416297985705465,"downregulated",0.453632793726392,0.00288126702644356,0.00288126702644356,0.0738255173851233,0.00798404299165711,0.190445896775201,0.873300394997629,0.0439040575624545,1.35749534090703,0.00188713059454948,1,TRUE,FALSE,TRUE,TRUE,TRUE,FALSE,"weak_effect",-0.428938067929119,0.143932702086903,-2.98012933620976,FALSE,FALSE,2.54041649085634,1,0.00188713059454948,FALSE,FALSE,147.169913495649,126.532424573472,169.825245887518,159.194656415528,141.11648625551,195.444042318328,195.492567777233,195.313367253396,247.975196160174,163.401835716179,0.0105491796766395,0.0282795880775133,0.0189340743238254,7,FALSE,1.13179350072297,2.09777713316994
"RT4_ZT10_remainder_dataset","91615","Mir632",97.9560134339452,-0.468222565840749,"downregulated",0.612989575546596,0.0074269736863489,0.0074269736863489,0.131473547997991,0.0171733621196766,0.285916566170144,0.826480567588419,0.0439040575624545,1.35749534090703,0.046992785729555,1,TRUE,FALSE,TRUE,TRUE,TRUE,FALSE,"weak_effect",-0.491230550709259,0.183495786151142,-2.67706720144866,FALSE,FALSE,2.1291881147802,1,0.046992785729555,FALSE,FALSE,66.2927538268689,82.5790560374239,75.0061502669873,104.333728666177,77.9500590744721,140.559071530304,107.413498778699,124.172736796861,92.800533532335,108.452545829322,0.02026690993127,0.0413280268598921,0.0299504379974241,9,FALSE,0.881161616863183,1.76514467239394
"RT4_ZT10_remainder_dataset","576117","Mcts1",137.34544297391,-0.532743868365848,"downregulated",0.115881348815122,0.000122879246479562,0.000122879246479562,0.00848339413195438,0.000629839662153797,0.0410315965409979,1.70519058863081,0.0439040575624545,1.35749534090703,0.019410131780444,1,TRUE,FALSE,TRUE,TRUE,TRUE,TRUE,"weak_effect",-0.548616738688502,0.142857424642208,-3.84030959582627,FALSE,FALSE,3.91052146048616,1,0.019410131780444,FALSE,FALSE,110.929874736961,114.545142245459,104.725568297303,120.008279451706,104.829389789807,171.348201484562,168.639193082558,126.759668813462,181.037106399145,170.632005438134,0.00192893929159539,0.0325252277667228,0.0170624791367997,7,FALSE,2.07143035554264,3.20076999452168
"RT4_ZT10_remainder_dataset","446816","Sptb",164.751475864151,-0.543739337829602,"downregulated",0.286996510169827,0.00109966687384616,0.00109966687384616,0.0386630334622792,0.00367060117573859,0.121140948791923,1.32414818264948,0.0439040575624545,1.35749534090703,0.084520858289008,1,TRUE,FALSE,TRUE,TRUE,TRUE,FALSE,"weak_effect",-0.567856159402354,0.173991413957731,-3.26370219360542,FALSE,FALSE,2.95873885735234,1,0.084520858289008,FALSE,FALSE,163.522126106277,105.221700434782,130.199355180431,113.150663483037,153.212185077411,207.491962735211,163.268518143623,237.997745527317,153.653342405997,219.797159547427,0.0308795379271372,0.0291616472485675,0.0300055850939538,7,FALSE,1.41270407466737,2.43526280061871
"RT4_ZT10_remainder_dataset","173032","LOC102550342",5.07430900684426,-1.84129956635223,"downregulated",0.00843228671058957,5.26419726680341e-07,5.26419726680341e-07,0.000141777846921819,7.99418995800494e-06,0.0019888714937544,9.3855191694863,0.0439040575624545,1.35749534090703,0.999999998756481,0.0478353883240583,TRUE,TRUE,FALSE,FALSE,TRUE,TRUE,"strong_effect",-6.27329839195048,1.25055176229091,-5.01642441449869,TRUE,TRUE,6.27866784464506,0.0478353883240583,0.999999998756481,FALSE,TRUE,0,0,0,0,0,4.01597347229441,9.66721489008295,6.46733004150318,4.56396066552467,26.0286109990374,0.628810891950483,0.914339267749655,0.812662393130024,9,FALSE,3.84839162325182,5.09722553624439
"RT4_ZT10_remainder_dataset","231384","-",427.313948335555,0.266465841949032,"upregulated",0.688144366996087,0.0176189922372921,0.0176189922372921,0.21397896526346,0.034619378204948,0.395290071113161,0.389221522325791,0.0439040575624545,1.35749534090703,7.02055510679738e-08,1,TRUE,FALSE,TRUE,TRUE,TRUE,FALSE,"weak_effect",0.27155911469092,0.114411525418789,2.3735293598867,FALSE,FALSE,1.75401893578206,1,7.02055510679738e-08,FALSE,FALSE,542.716677995967,431.98613722803,410.411010894836,459.460269900818,491.891752090634,360.098954682399,436.09880504152,382.865938456988,348.382330801717,409.227606262643,0.00840723083387965,0.0202628258265386,0.0131543912294943,9,FALSE,0.669628916926531,1.4606807367086
"RT4_ZT10_remainder_dataset","209686","Tnks",168.418105030784,0.372265248454671,"upregulated",0.550419839121985,0.00590336635813929,0.00590336635813929,0.113696809150859,0.0142596129454404,0.259012801787577,0.687161541741909,0.0439040575624545,1.35749534090703,0.000382133897686613,1,TRUE,FALSE,TRUE,TRUE,TRUE,FALSE,"weak_effect",0.382780732298966,0.139036206457941,2.75310109539531,FALSE,FALSE,2.22890026397834,1,0.000382133897686613,FALSE,FALSE,204.623633478935,190.020623569986,172.65566665231,192.503076834777,190.84324807888,183.396121901445,132.1186034978,121.58580478026,146.04674129679,150.38753021666,0.00416742897267481,0.0288042031371736,0.0166445250334996,8,FALSE,0.944251723417982,1.84589226255854
"RT4_ZT10_remainder_dataset","436582","Dnajc16",5.86785357047734,1.87424539911245,"upregulated",0.0111042205691934,1.86045339809825e-06,1.86045339809825e-06,0.000365640202509455,2.19351385328803e-05,0.00403080402080201,8.73184620496,0.0439040575624545,1.35749534090703,0.999999998756481,0.0780237495754596,TRUE,TRUE,FALSE,FALSE,TRUE,TRUE,"strong_effect",5.5720152620409,1.16862246574894,4.76801997681083,TRUE,TRUE,5.73038120400969,0.0780237495754596,0.999999998756481,FALSE,TRUE,4.41951692179126,16.4270165235736,8.49126229437592,7.83727539276448,21.5034645722682,0,0,0,0,0,0.358541350940619,0.770138035160563,0.605813264270519,9,FALSE,3.43694605919608,4.65885961843362
"RT4_ZT10_remainder_dataset","529878","Plxnb1",196.422916493869,0.422431296472233,"upregulated",0.688144366996087,0.0174725478702242,0.0174725478702242,0.212816318613316,0.0343852362182044,0.394147880668741,0.618282268445447,0.0439040575624545,1.35749534090703,0.0299448401060462,1,TRUE,FALSE,TRUE,TRUE,TRUE,FALSE,"weak_effect",0.444088511804451,0.186857961549223,2.37661006318678,FALSE,FALSE,1.75764376099889,1,0.0299448401060462,FALSE,FALSE,206.391440247652,190.464596989542,280.211655714405,219.443710997405,236.53811029495,199.460015790623,127.822063546652,117.705406755358,235.804634385441,150.38753021666,0.0458709588526318,0.0265644091598806,0.0361324491815397,11,FALSE,0.671995073689056,1.46362798781431
"RT4_ZT10_remainder_dataset","420196","Stau2",170.871461666812,-0.409228355122221,"downregulated",0.688144366996087,0.0208697710681165,0.0208697710681165,0.233645981708539,0.0397316475885237,0.418189369946783,0.573273035280356,0.0439040575624545,1.35749534090703,0.0243637632588087,1,TRUE,FALSE,TRUE,TRUE,TRUE,FALSE,"weak_effect",-0.429946230367597,0.186097148924385,-2.31033217248424,FALSE,FALSE,1.68048231492108,1,0.0243637632588087,FALSE,FALSE,96.7874205872286,140.739573999266,148.597090151579,210.626776180545,130.364753969376,222.217198800291,178.306407972641,191.432969228494,188.643707508353,200.998718270344,0.0412160469073623,0.0285746675304202,0.0354784962394351,9,FALSE,0.631441683660915,1.40086342528523
"RT4_ZT10_remainder_dataset","60799","Sfxn3",127.57458439023,-0.560427225527041,"downregulated",0.0665385857275413,5.57162240453606e-05,5.57162240453606e-05,0.00482366344830011,0.000333854306741044,0.0270856754598926,1.94829331470273,0.0439040575624545,1.35749534090703,0.031551262191893,1,TRUE,FALSE,TRUE,TRUE,TRUE,TRUE,"weak_effect",-0.577324692526749,0.143247660704051,-4.030255640401,FALSE,FALSE,4.25401832390333,1,0.031551262191893,FALSE,FALSE,102.532792585557,91.4585244285448,114.632040974075,91.5981561529348,116.925088611708,144.575045002599,156.823708216901,160.389785029279,153.653342405997,143.157360494706,1e-08,0.0341233213850524,0.0165813931501597,7,FALSE,2.31662300096015,3.4764430169689
"RT4_ZT10_remainder_dataset","3723","Syne1",156.976470840892,0.386785844915753,"upregulated",0.612989575546596,0.0103562158025468,0.0103562158025468,0.160993712750331,0.0224855381292419,0.327156324192834,0.637460480156135,0.0439040575624545,1.35749534090703,0.00288963777319325,1,TRUE,FALSE,TRUE,TRUE,TRUE,FALSE,"weak_effect",0.400583805322636,0.15625204052306,2.56370287377793,FALSE,FALSE,1.98479890832612,1,0.00288963777319325,FALSE,FALSE,184.293855638695,167.377979172628,151.427510916371,198.870863091399,189.499281543113,164.654912364071,114.932443693208,133.226998854966,104.971095307067,160.509767827397,0.0142152424526504,0.0299821211070126,0.0222238683258233,7,FALSE,0.79319108403743,1.64809671433292
"RT4_ZT10_remainder_dataset","574429","Tceal9",151.600371762931,0.420308887894625,"upregulated",0.57437366047506,0.00659043154254257,0.00659043154254257,0.122040831693919,0.0155890577879496,0.271521847242089,0.759573871942559,0.0439040575624545,1.35749534090703,0.00755084593044494,1,TRUE,FALSE,TRUE,TRUE,TRUE,FALSE,"weak_effect",0.436096805329729,0.160514959850605,2.71686081930067,FALSE,FALSE,2.18108614680071,1,0.00755084593044494,FALSE,FALSE,210.369005477264,188.688703311318,127.368934415639,161.643804975767,180.091515792746,151.26833412309,122.451388607717,115.118474738757,120.184297525483,138.819258661533,0.0173730624511035,0.0306051034782557,0.0235670313490783,9,FALSE,0.913494841353713,1.80718013303823
"RT4_ZT10_remainder_dataset","362084","Chpf2",18.3050811179593,2.27098375108814,"upregulated",0.000970384672583728,1.12860172938364e-08,1.12860172938364e-08,5.525018466119e-06,3.71760177531044e-07,0.000171235763007455,14.6018285531184,0.0439040575624545,1.35749534090703,0.999999998756481,0.0712631244048571,TRUE,TRUE,FALSE,FALSE,TRUE,TRUE,"strong_effect",3.34077253057425,0.585056084513527,5.71017483452393,TRUE,TRUE,7.94745928858556,0.0712631244048571,0.999999998756481,FALSE,TRUE,39.7756522961213,25.3064849146944,33.9650491775037,22.5321667541979,44.3508956803031,0,0,3.88039802490191,4.56396066552467,8.6762036663458,0.118734628906453,0.221192004886315,0.195453401778065,8,FALSE,5.25766626610979,6.42973713313535
"RT4_ZT10_remainder_dataset","425834","Slc44a1",69.1988071399941,0.46698185205043,"upregulated",0.612989575546596,0.0129978667173653,0.0129978667173653,0.18095530577304,0.0270383272009793,0.355031962747509,0.732236968035023,0.0439040575624545,1.35749534090703,0.0751858616614815,1,TRUE,FALSE,TRUE,TRUE,TRUE,FALSE,"weak_effect",0.493940858951848,0.198862767899347,2.48382773793963,FALSE,FALSE,1.88612792068558,1,0.0751858616614815,FALSE,FALSE,76.0156910548097,88.7946839112085,65.0996775902154,82.7812213360748,91.3897244321397,73.6261803253976,58.0032893404977,49.1517083154242,60.8528088736623,46.2730862205109,0.00377017942506972,0.0555596914079154,0.0312396921619332,10,FALSE,0.742428678462543,1.56802018069847
"RT4_ZT10_remainder_dataset","254850","Vps9d1",34.5979713941792,2.39504122670179,"upregulated",5.88217830430133e-06,2.55017755751924e-12,2.55017755751924e-12,4.90453790972896e-09,4.62083704633187e-10,8.38951796092905e-07,22.3583788978656,0.0439040575624545,1.35749534090703,0.999999998756481,0.00882499243860024,TRUE,TRUE,FALSE,FALSE,TRUE,TRUE,"strong_effect",3.04090098844417,0.43438227889209,7.00051806026737,TRUE,TRUE,11.5934295805204,0.00882499243860024,0.999999998756481,FALSE,TRUE,64.9668987503315,65.7080660942943,69.3453087374034,43.5948443722524,64.5103937168045,6.69328912049069,4.29653995114798,5.17386403320254,0,21.6905091658645,0.233708169423759,0.109695045874621,0.131375902293984,12,FALSE,8.30940190422867,9.33527934659203
"RT4_ZT10_remainder_dataset","561631","Pdzd11",6.074218192983,1.82043701677845,"upregulated",0.0208729264004168,2.3454138160031e-06,2.3454138160031e-06,0.000444720190111856,2.64003888430508e-05,0.00465757020594673,8.33467004432924,0.0439040575624545,1.35749534090703,0.999999998756481,0.0780237495754596,TRUE,TRUE,FALSE,FALSE,TRUE,TRUE,"strong_effect",5.66105198100407,1.19908910157716,4.72112704014913,TRUE,TRUE,5.62978052090141,0.0780237495754596,0.999999998756481,FALSE,TRUE,30.9366184525388,9.76741523023294,7.07605191197993,4.8982971204778,8.06379921460056,0,0,0,0,0,0.624282757692601,0.739807271518617,0.694361566393075,7,FALSE,3.35191315331445,4.57838967649579
"RT4_ZT10_remainder_dataset","72624","Vps53",158.308915462396,0.535632442796417,"upregulated",0.0443239551848073,2.76535272764547e-05,2.76535272764547e-05,0.00294462773296072,0.000190371926569233,0.0190021844158027,1.992765384168,0.0439040575624545,1.35749534090703,0.0092198042752721,1,TRUE,FALSE,TRUE,TRUE,TRUE,TRUE,"weak_effect",0.549048175123298,0.130975982895184,4.19197598664088,FALSE,FALSE,4.55824946548048,1,0.0092198042752721,FALSE,FALSE,193.574841174457,186.024862793982,165.57961474033,204.258989923924,188.155315007346,137.881755882108,124.599658583291,121.58580478026,139.961460409423,121.466851328841,1e-08,0.0298350631474229,0.0134198663235614,9,FALSE,2.53096960197708,3.72039709500086
"RT4_ZT10_remainder_dataset","539095","Pard3b",22.6171149577133,-2.22231935529594,"downregulated",0.000176353989993375,2.59567954685239e-09,2.59567954685239e-09,1.56315906522689e-06,1.15113901522079e-07,6.4139181276382e-05,15.4203900526889,0.0439040575624545,1.35749534090703,0.999999998756481,0.0700161346202255,TRUE,TRUE,FALSE,FALSE,TRUE,TRUE,"strong_effect",-3.0836100700287,0.517791074542684,-5.95531715712203,TRUE,TRUE,8.58574892497804,0.0700161346202255,0.999999998756481,FALSE,TRUE,1.32585507653738,3.55178735644834,5.66084152958395,12.2457428011945,0,44.1757081952386,41.8912645236928,42.684378273921,47.1609268770883,27.4746449434284,0.33495573512719,0.174891377600832,0.22958531352559,7,FALSE,5.80599682643675,6.93887222641565
"RT4_ZT10_remainder_dataset","341996","St6galnac4",9.02884070311261,2.5527126225509,"upregulated",0.000356479796664381,4.34401331291275e-09,4.34401331291275e-09,2.34395757452668e-06,1.73575066098053e-07,8.82742896147484e-05,17.2576460038595,0.0439040575624545,1.35749534090703,0.999999998756481,0.00328341352766904,TRUE,TRUE,FALSE,FALSE,TRUE,TRUE,"strong_effect",6.1935810716188,1.05502909133685,5.87053108058922,TRUE,TRUE,8.36210885245335,0.00328341352766904,0.999999998756481,FALSE,TRUE,19.8878261480607,9.3234418106769,18.3977349711478,17.1440399216723,25.5353641795684,0,0,0,0,0,0.0975797514233027,0.473628714482236,0.314661718471402,8,FALSE,5.63005025328351,6.76051266069037
"RT4_ZT10_remainder_dataset","151079","-",5.87808680726032,1.91873892860707,"upregulated",0.0101803791176656,1.34483352218553e-06,1.34483352218553e-06,0.000286551994033158,1.69205913793657e-05,0.00339108322772182,9.15542485898816,0.0439040575624545,1.35749534090703,0.999999998756481,0.0712631244048571,TRUE,TRUE,FALSE,FALSE,TRUE,TRUE,"strong_effect",5.60437987218125,1.15960420334369,4.83301100153065,TRUE,TRUE,5.87133147393002,0.0712631244048571,0.999999998756481,FALSE,TRUE,10.1648889201199,8.87946839112085,14.1521038239599,21.5525073301023,4.03189960730028,0,0,0,0,0,0.272723555788626,0.768575254585006,0.581377653743968,7,FALSE,3.54279656506495,4.77158446231904
"RT4_ZT10_remainder_dataset","210273","-",57.7911102250328,-2.39989594479483,"downregulated",2.04537434775735e-08,1.87069144538081e-16,1.87069144538081e-16,1.00736734333757e-12,2.37143638059933e-13,1.20555176788347e-09,30.2986587566319,0.0439040575624545,1.35749534090703,0.999999998756481,0.0010908811711589,TRUE,TRUE,FALSE,FALSE,TRUE,TRUE,"strong_effect",-2.80036280741844,0.340258976911846,-8.23009236327646,TRUE,TRUE,12,0.0010908811711589,0.999999998756481,FALSE,TRUE,11.4907439966573,15.9830431040175,5.66084152958395,23.5118261782934,13.4396653576676,89.6900742145752,167.565058094771,80.1948925146394,53.2462077644545,117.128749495668,0.158452973100394,0.0657125690786924,0.10698310313341,11,FALSE,11.9968121321344,12
"RT4_ZT10_remainder_dataset","497813","Samm50",119.83988756588,0.535026728152357,"upregulated",0.261290461203356,0.000854204621230719,0.000854204621230719,0.0325771379980696,0.00299472625292796,0.107241036155537,1.35021638786545,0.0439040575624545,1.35749534090703,0.0599433855839717,1,TRUE,FALSE,TRUE,TRUE,TRUE,FALSE,"weak_effect",0.556857701119555,0.166993572627332,3.33460559205028,FALSE,FALSE,3.06843808337797,1,0.0599433855839717,FALSE,FALSE,159.986512568844,146.511228453494,131.614565562827,126.865895420375,146.492352398577,121.817861992931,69.8187742061547,99.596882639149,97.3644941978597,98.3303082185857,0.0123119674228057,0.0355993583703875,0.023909538956152,9,FALSE,1.48708707245975,2.52364287019499
"RT4_ZT10_remainder_dataset","353181","Atrn",277.06223001316,-0.557285475666918,"downregulated",0.0422100757015249,1.55191889436495e-05,1.55191889436495e-05,0.00195258954349421,0.00011982770370822,0.0142224027467599,2.18536309554018,0.0439040575624545,1.35749534090703,0.0159295490769101,1,TRUE,FALSE,TRUE,TRUE,TRUE,TRUE,"weak_effect",-0.571513389633885,0.132258417449121,-4.32118726850594,FALSE,FALSE,4.80913097937304,1,0.0159295490769101,FALSE,FALSE,214.346570706876,196.236251443771,191.053401623458,280.18259529133,231.162244151883,322.616535607651,375.947245725448,320.779570058558,304.264044368311,334.033841154313,0.0131183696416197,0.0229075599364079,0.0172485126007421,9,FALSE,2.70938904075221,3.92144276310969
"RT4_ZT10_remainder_dataset","156831","Rhoh",37.5343620112259,-2.17001310171716,"downregulated",0.000970384672583728,6.41268473965207e-09,6.41268473965207e-09,3.3855203257869e-06,2.36814464038559e-07,0.000116543772952531,14.3776209594907,0.0439040575624545,1.35749534090703,0.999999998756481,0.0770411109304335,TRUE,TRUE,FALSE,FALSE,TRUE,TRUE,"strong_effect",-3.09115397079817,0.532441326121123,-5.80562367935914,TRUE,TRUE,8.19296011033926,0.0770411109304335,0.999999998756481,FALSE,TRUE,6.62927538268689,7.99152155200877,7.07605191197993,6.36778625662114,12.0956988219008,139.220413706206,47.2619394626278,29.7497181909146,7.60660110920779,111.344613718104,0.488221626140538,0.100698875479532,0.28201685532618,10,FALSE,5.47037457446718,6.62559177551206
"RT4_ZT10_remainder_dataset","7597","Mzf1",13.8479692443918,2.24458176242003,"upregulated",0.00638468677935098,2.4908084832646e-07,2.4908084832646e-07,7.5353953271797e-05,4.3962839810785e-06,0.00123965722395912,12.0240320548451,0.0439040575624545,1.35749534090703,0.999999998756481,0.0988100514579664,TRUE,TRUE,FALSE,FALSE,TRUE,TRUE,"strong_effect",3.82313922887923,0.741149540634481,5.15839114682083,TRUE,TRUE,6.60365966381593,0.0988100514579664,0.999999998756481,FALSE,TRUE,21.213681224598,11.0993354889011,38.2106803246916,28.4101232987712,30.9112303226355,0,4.29653995114798,0,0,4.3381018331729,0.236256737468862,0.298814361912011,0.278313227233069,8,FALSE,4.12289395849082,5.35691426178269
"RT4_ZT10_remainder_dataset","52694","Rbbp6",25.3920350457886,-2.73787770490262,"downregulated",8.05958766169289e-08,1.20260841187309e-15,1.20260841187309e-15,5.3967052482805e-12,1.04183328630825e-12,4.41358371949848e-09,32.8058030846943,0.0439040575624545,1.35749534090703,0.999999998756481,0.000166238887302873,TRUE,TRUE,FALSE,FALSE,TRUE,TRUE,"strong_effect",-3.46600817108306,0.43302451552708,-8.00418462881765,TRUE,TRUE,12,0.000166238887302873,0.999999998756481,FALSE,TRUE,4.86146861397038,4.43973419556043,5.66084152958395,4.8982971204778,0,54.8849707880237,46.1878044748408,31.0431841992153,73.0233706483948,28.9206788878193,0.0952044773390774,0.153740204490681,0.12870436804314,8,FALSE,11.2678713011382,11.9822017710835
"RT4_ZT10_remainder_dataset","482915","Cerk",145.602776046706,0.395340308177352,"upregulated",0.688144366996087,0.0173793642065244,0.0173793642065244,0.21269971875485,0.0342360639846742,0.393415531412187,0.579377614535852,0.0439040575624545,1.35749534090703,0.0108417204889705,1,TRUE,FALSE,TRUE,TRUE,TRUE,FALSE,"weak_effect",0.412757059182225,0.173530714581735,2.37858214424519,FALSE,FALSE,1.7599661154966,1,0.0108417204889705,FALSE,FALSE,203.297778402398,169.597846270408,140.105827857203,134.703170813139,181.435482328513,133.865782409814,90.2273389741076,139.694328896469,144.525421074948,118.574783440059,0.0259028295492272,0.0313614737737254,0.0284656973400788,9,FALSE,0.672233084348787,1.46551617063024
"RT4_ZT10_remainder_dataset","42537","Nomo1",91.4906652723807,0.436974529860899,"upregulated",0.688144366996087,0.0188673641874081,0.0188673641874081,0.222418467927304,0.0366013140386094,0.404614151751757,0.627715364012061,0.0439040575624545,1.35749534090703,0.0502257985417712,1,TRUE,FALSE,TRUE,TRUE,TRUE,FALSE,"weak_effect",0.461676901640268,0.196613768134946,2.34814126202696,FALSE,FALSE,1.72428876749909,1,0.0502257985417712,FALSE,FALSE,104.742551046453,131.416132188589,94.8190956205311,82.7812213360748,115.581122075941,76.3034959735939,60.1515593160717,98.3034166308483,66.9380897610285,83.869968774676,0.0257291243496093,0.0436485909654729,0.0341089819722445,9,FALSE,0.652829155102886,1.43650332254349
"RT4_ZT10_remainder_dataset","397036","Cpne9",82.1639910570407,0.478219588092124,"upregulated",0.459359432994874,0.00488491915438616,0.00488491915438616,0.10133008338355,0.0122336059369406,0.238893460370684,0.914568905427148,0.0439040575624545,1.35749534090703,0.0429964929968749,1,TRUE,FALSE,TRUE,TRUE,TRUE,FALSE,"weak_effect",0.500251075911461,0.177738999632083,2.81452622635985,FALSE,FALSE,2.31114261947735,1,0.0429964929968749,FALSE,FALSE,105.184502738632,88.3507104916525,84.9126229437592,100.904920681843,102.141456718274,78.9808116217901,77.3377191206636,59.4994363818293,57.8101684299792,66.5175614419844,1e-08,0.0477462815665304,0.0242700685223631,10,FALSE,0.994261599971682,1.91244551289891
"RT4_ZT10_remainder_dataset","494709","Ccn3",90.1535407001722,-0.3805348889835,"downregulated",0.688144366996087,0.0221268754814489,0.0221268754814489,0.240053520637352,0.0416688916569359,0.425958119185847,0.52520970680431,0.0439040575624545,1.35749534090703,0.00856981430851181,1,TRUE,FALSE,TRUE,TRUE,TRUE,FALSE,"weak_effect",-0.397343051756985,0.173650044241882,-2.28818284205856,FALSE,FALSE,1.65507990812283,1,0.00856981430851181,FALSE,FALSE,66.734705519048,71.4797205485229,84.9126229437592,93.557475001126,72.5741929314051,119.140546344734,91.3014739618945,95.7164846142471,103.449775085226,102.668410051759,0.00923785164649617,0.0441767136852682,0.0248459896324076,9,FALSE,0.61969192026277,1.38018805110688
"RT4_ZT10_remainder_dataset","216114","Tmem14c",260.10197936473,-0.419396733077937,"downregulated",0.405549213304058,0.00210489284093231,0.00210489284093231,0.0591589141358062,0.00619628857719201,0.163510717128771,0.925972779021699,0.0439040575624545,1.35749534090703,0.00140774918767761,1,TRUE,FALSE,TRUE,TRUE,TRUE,FALSE,"weak_effect",-0.431470060709812,0.140314608970402,-3.07501880150502,FALSE,FALSE,2.67677000898574,1,0.00140774918767761,FALSE,FALSE,195.342647943174,253.064849146944,199.544663917834,222.87251898174,235.194143759183,377.501506395675,277.126826849045,236.704279519016,305.785364590153,297.882992544539,0.0158690255279369,0.0234595367480723,0.0196388867273348,9,FALSE,1.22797980609427,2.20786836422406
"RT4_ZT10_remainder_dataset","278072","Otud7b",9.51397252837513,-2.3082673545123,"downregulated",0.00282801371858594,1.22403385568119e-07,1.22403385568119e-07,4.06877920545877e-05,2.49246294048433e-06,0.000782146454939602,12.934079024688,0.0439040575624545,1.35749534090703,0.999999998756481,0.0478353883240583,TRUE,TRUE,FALSE,FALSE,TRUE,TRUE,"strong_effect",-4.92576917052112,0.931170189403165,-5.28986991484156,TRUE,TRUE,6.91220656982756,0.0478353883240583,0.999999998756481,FALSE,TRUE,0,0,0,2.4491485602389,0,14.7252360650795,6.44480992672197,28.456252182614,22.8198033276234,20.2444752214735,0.563650372172471,0.447287205507625,0.473565520893099,9,FALSE,4.3905358767362,5.60337129033338
"RT4_ZT10_remainder_dataset","529140","Pcbp4",312.231478675865,0.509011203287761,"upregulated",0.286996510169827,0.00128787874886676,0.00128787874886676,0.0426520729560118,0.00416908034807895,0.130132751901421,1.21142616844145,0.0439040575624545,1.35749534090703,0.0383000477441102,1,TRUE,FALSE,TRUE,TRUE,TRUE,FALSE,"weak_effect",0.529127174270631,0.164393255308226,3.21866717268025,FALSE,FALSE,2.89012502298309,1,0.0383000477441102,FALSE,FALSE,357.980870665092,315.22112788479,343.896122922225,448.684016235766,377.65459655046,265.054249171431,187.973622862724,359.583550307577,217.548791723343,248.717838435246,0.034836326995113,0.0219895073795333,0.0287584070499623,9,FALSE,1.37005985660714,2.37995973490703
"RT4_ZT10_remainder_dataset","321638","Sec16a",5.4000967060204,1.95992519228169,"upregulated",0.0101803791176656,1.26038310134193e-06,1.26038310134193e-06,0.000280461281021748,1.60654402563409e-05,0.00327483135341774,9.39609180616362,0.0439040575624545,1.35749534090703,0.999999998756481,0.0712631244048571,TRUE,TRUE,FALSE,FALSE,TRUE,TRUE,"strong_effect",5.4867177251306,1.13223890443032,4.8459010758787,TRUE,TRUE,5.89949742828695,0.0712631244048571,0.999999998756481,FALSE,TRUE,11.9326956888364,9.76741523023294,9.90647267677191,15.674550785529,6.7198326788338,0,0,0,0,0,1e-08,0.849077104674602,0.503428565020137,10,FALSE,3.55212708663338,4.79410736857
"RT4_ZT10_remainder_dataset","50309","Anapc15",75.275736479424,0.398171491155108,"upregulated",0.688144366996087,0.0201539717082015,0.0201539717082015,0.23066733546035,0.0386191821079209,0.41351645283541,0.562694728164126,0.0439040575624545,1.35749534090703,0.0154741071780621,1,TRUE,FALSE,TRUE,TRUE,TRUE,FALSE,"weak_effect",0.416900857723891,0.179430351630615,2.32346898913816,FALSE,FALSE,1.69563935542938,1,0.0154741071780621,FALSE,FALSE,84.412773206213,96.3422320436613,77.8365710317793,79.8422430637881,91.3897244321397,69.6102068531032,59.0774243282847,72.4340964648356,65.416769539187,56.3953238312477,1e-08,0.0515219530769816,0.0239838677075275,9,FALSE,0.637013901073663,1.41319692811691
"RT4_ZT10_remainder_dataset","28571","Lipa",96.6072599209288,0.544319090774898,"upregulated",0.240941200139449,0.000752852944472645,0.000752852944472645,0.029897589277177,0.00270509265185459,0.100965550187047,1.39771228028678,0.0439040575624545,1.35749534090703,0.0710222990361212,1,TRUE,FALSE,TRUE,TRUE,TRUE,TRUE,"weak_effect",0.566916923817488,0.168246024390035,3.36957099505209,FALSE,FALSE,3.12328984669585,1,0.0710222990361212,FALSE,FALSE,106.06840612299,114.545142245459,133.029775945223,108.742196074607,115.581122075941,92.3673898627715,71.9670441817286,60.7929023901299,79.108651535761,83.869968774676,0.0017512120920427,0.0417824784823434,0.0220749056794008,10,FALSE,1.5243638285929,2.56781785532633
"RT4_ZT10_remainder_dataset","172099","C1d",97.4958855947424,-0.408055162164696,"downregulated",0.688144366996087,0.0188481492885055,0.0188481492885055,0.222385958279835,0.0365709925596875,0.40447597780764,0.586319467498088,0.0439040575624545,1.35749534090703,0.0203250797290602,1,TRUE,FALSE,TRUE,TRUE,TRUE,FALSE,"weak_effect",-0.427877736220885,0.182190315905223,-2.34852074378899,FALSE,FALSE,1.72473128700985,1,0.0203250797290602,FALSE,FALSE,79.5513045922427,103.889780176114,86.3278333261552,60.7388842939247,86.0138582890727,129.849808937519,108.487633766486,109.944610705554,97.3644941978597,112.790647662495,0.0195818089770646,0.0414814202527513,0.0293000251038161,9,FALSE,0.652892638106641,1.43686325247723
"RT4_ZT10_remainder_dataset","563658","Tceal6",180.730901636891,0.492885250989829,"upregulated",0.57437366047506,0.00666051285317589,0.00666051285317589,0.122599218324915,0.0157231649543554,0.27274846711437,0.88889884919054,0.0439040575624545,1.35749534090703,0.0804318361353833,1,TRUE,FALSE,TRUE,TRUE,TRUE,FALSE,"weak_effect",0.519348382392824,0.191404305163938,2.71335789416023,FALSE,FALSE,2.17649232927878,1,0.0804318361353833,FALSE,FALSE,242.63147900634,181.141155178865,222.18803003617,191.033587698634,227.130344544582,131.188466761618,136.415143448948,126.759668813462,240.368595050966,108.452545829322,0.0479580865779649,0.0277227350669865,0.0376178578079107,11,FALSE,0.911512298808293,1.80346002929774
"RT4_ZT10_remainder_dataset","121288","Ran",219.190641553494,0.3906829758136,"upregulated",0.345406325889516,0.0017490670151041,0.0017490670151041,0.0525012590654156,0.00533628420985766,0.149871615357531,0.887929049547226,0.0439040575624545,1.35749534090703,0.000150407028802559,1,TRUE,FALSE,TRUE,TRUE,TRUE,FALSE,"weak_effect",0.400003169128635,0.127803426814713,3.12983132845531,FALSE,FALSE,2.75719355030843,1,0.000150407028802559,FALSE,FALSE,272.242242382342,256.616636503393,222.18803003617,232.669113222695,262.073474474518,168.670885836365,182.602947923789,231.530415485814,182.558426620987,180.754243048871,0.00550150556969821,0.0252147659673129,0.0145423504692516,9,FALSE,1.27983028138251,2.27276104800345
"RT4_ZT10_remainder_dataset","385733","LOC685467",160.527850426117,-0.417217156975039,"downregulated",0.612989575546596,0.0120690800295682,0.0120690800295682,0.175086196010842,0.0254589864682149,0.345999514624098,0.665110439753896,0.0439040575624545,1.35749534090703,0.0154144791815671,1,TRUE,FALSE,TRUE,TRUE,TRUE,FALSE,"weak_effect",-0.43568733333488,0.173572446082569,-2.51011806982095,FALSE,FALSE,1.91832583291086,1,0.0154144791815671,FALSE,FALSE,99.4391307403033,133.635999286369,179.73171856429,133.723511389044,141.11648625551,191.428068846034,167.565058094771,227.650017460912,143.004100853106,187.984412770826,0.0297419065949775,0.0295962537305685,0.0296667711177925,5,FALSE,0.756748092823688,1.59415888976418
"RT4_ZT10_remainder_dataset","467291","Ppp2r5c",5.41340921214276,1.95368913294364,"upregulated",0.0101803791176656,1.32580707790905e-06,1.32580707790905e-06,0.000286551994033158,1.67288878882843e-05,0.00336536412594417,9.33186047718452,0.0439040575624545,1.35749534090703,0.999999998756481,0.0721266407845928,TRUE,TRUE,FALSE,FALSE,TRUE,TRUE,"strong_effect",5.46785076056204,1.13069172326927,4.83584574648901,TRUE,TRUE,5.87751966680239,0.0721266407845928,0.999999998756481,FALSE,TRUE,14.142454149732,8.87946839112085,8.49126229437592,7.83727539276448,14.7836318934344,0,0,0,0,0,1e-08,0.846606913076937,0.498771856681839,10,FALSE,3.54279656506495,4.77653292933259
"RT4_ZT10_remainder_dataset","29895","Poll",74.4915807693894,0.425738350002508,"upregulated",0.688144366996087,0.0190260619223592,0.0190260619223592,0.223506421142897,0.0368515283474833,0.405749251830548,0.610314868334818,0.0439040575624545,1.35749534090703,0.0367639003922988,1,TRUE,FALSE,TRUE,TRUE,TRUE,FALSE,"weak_effect",0.448521366528802,0.191265480695354,2.34501994242862,FALSE,FALSE,1.720651094129,1,0.0367639003922988,FALSE,FALSE,94.1357104341538,94.5663383654371,80.6669917965713,69.5558191107847,90.0457578963729,61.5782599085143,56.9291543527107,63.3798344067312,79.108651535761,54.9492898868567,0.00952161702316142,0.0520017653437926,0.0289277234333797,9,FALSE,0.650709995454329,1.43354449588867
"RT4_ZT10_remainder_dataset","295215","-",5.35557725730442,1.91549783142308,"upregulated",0.0111042205691934,1.79095081880755e-06,1.79095081880755e-06,0.000357195191084395,2.1277235389805e-05,0.00395294504367828,8.94936830606807,0.0439040575624545,1.35749534090703,0.999999998756481,0.0780237495754596,TRUE,TRUE,FALSE,FALSE,TRUE,TRUE,"strong_effect",5.43348872945356,1.13773978957537,4.77568665457457,TRUE,TRUE,5.7469163401218,0.0780237495754596,0.999999998756481,FALSE,TRUE,6.62927538268689,11.9872823280132,14.1521038239599,7.3474456807167,13.4396653576676,0,0,0,0,0,1e-08,0.857443718387252,0.517072273104204,11,FALSE,3.44709439664679,4.67208480179763
"RT4_ZT10_remainder_dataset","467701","Mark3",16.0162917975646,2.28306321682255,"upregulated",0.00168407129189156,1.43342151638583e-08,1.43342151638583e-08,6.77103058398041e-06,4.49894097087622e-07,0.000200622588590982,14.4903504267883,0.0439040575624545,1.35749534090703,0.999999998756481,0.0712631244048571,TRUE,TRUE,FALSE,FALSE,TRUE,TRUE,"strong_effect",3.33740956359097,0.58867610570975,5.66934776394083,TRUE,TRUE,7.84362608083655,0.0712631244048571,0.999999998756481,FALSE,TRUE,26.5171015307475,38.6256875013757,21.2281557359398,30.8592718590101,28.223297251102,0,3.22240496336098,3.88039802490191,7.60660110920779,0,0.0311796160515563,0.255881330804723,0.17527077961709,12,FALSE,5.16934522453902,6.34688970503201
"RT4_ZT10_remainder_dataset","93635","Ppp1r9b",5.24263582832711,1.92010627457984,"upregulated",0.0111042205691934,1.81016228780662e-06,1.81016228780662e-06,0.000358372202935245,2.14595903531567e-05,0.00397469686385976,8.96378298942839,0.0439040575624545,1.35749534090703,0.999999998756481,0.0780237495754596,TRUE,TRUE,FALSE,FALSE,TRUE,TRUE,"strong_effect",5.42221233023939,1.13588933042006,4.77353927449449,TRUE,TRUE,5.74228248726376,0.0780237495754596,0.999999998756481,FALSE,TRUE,13.2585507653738,10.655362069345,12.7368934415639,6.36778625662114,9.40776575036732,0,0,0,0,0,1e-08,0.879428128392711,0.511745930897462,10,FALSE,3.44566568366396,4.66837857263389
"RT4_ZT10_remainder_dataset","423397","Epha7",6.27281546265969,1.94995387583392,"upregulated",0.0101803791176656,9.28531607765941e-07,9.28531607765941e-07,0.000215523392578431,1.25830662125459e-05,0.00275722928830274,9.55519034206652,0.0439040575624545,1.35749534090703,0.999999998756481,0.0684432066200661,TRUE,TRUE,FALSE,FALSE,TRUE,TRUE,"strong_effect",5.67160550888212,1.15600547794352,4.90620989008776,TRUE,TRUE,6.03220330803116,0.0684432066200661,0.999999998756481,FALSE,TRUE,3.53561353743301,19.5348304604659,15.5673142063559,9.30676452890782,14.7836318934344,0,0,0,0,0,0.366037030059001,0.712801094573088,0.572877219742694,9,FALSE,3.66650558528806,4.90021351811726
"RT4_ZT10_remainder_dataset","57848","LOC102554959",3.93921541526394,-1.79445260594296,"downregulated",0.0111042205691934,1.71717272012746e-06,1.71717272012746e-06,0.000347630642777682,2.05732578704154e-05,0.00386771252179473,8.4100555198815,0.0439040575624545,1.35749534090703,0.999999998756481,0.0712631244048571,TRUE,TRUE,FALSE,FALSE,TRUE,TRUE,"strong_effect",-5.91122542631138,1.23558676873014,-4.78414432390418,TRUE,TRUE,5.76518601955914,0.0712631244048571,0.999999998756481,FALSE,TRUE,0,0,0,0,0,4.01597347229441,8.59307990229596,9.05426205810445,7.60660110920779,10.1222376107368,1e-08,1.24074638637531,0.749262287244059,10,FALSE,3.4588819485562,4.68669693032218
"RT4_ZT10_remainder_dataset","172218","-",3.68785593815785,-1.71494147723788,"downregulated",0.0242612237880088,3.48959920413552e-06,3.48959920413552e-06,0.000606177152073218,3.62799509503464e-05,0.00594384583095526,7.61491176396652,0.0439040575624545,1.35749534090703,0.999999998756481,0.0888328970404643,TRUE,TRUE,FALSE,FALSE,TRUE,TRUE,"strong_effect",-5.81596082368412,1.25352801648686,-4.63967358303163,TRUE,TRUE,5.45722445081386,0.0888328970404643,0.999999998756481,FALSE,TRUE,0,0,0,0,0,6.69328912049069,6.44480992672197,9.05426205810445,4.56396066552467,10.1222376107368,1e-08,1.34411749058859,0.797136512497827,10,FALSE,3.21740043701413,4.44033330876763
"RT4_ZT10_remainder_dataset","337732","Ptprt",4.03373417515077,-1.83984452524221,"downregulated",0.0101803791176656,1.19210088143769e-06,1.19210088143769e-06,0.000267477635272582,1.53656230026389e-05,0.00317669187479482,8.85599931078323,0.0439040575624545,1.35749534090703,0.999999998756481,0.0684432066200661,TRUE,TRUE,FALSE,FALSE,TRUE,TRUE,"strong_effect",-5.94746281010561,1.22452726713918,-4.85694599843451,TRUE,TRUE,5.9236869909063,0.0684432066200661,0.999999998756481,FALSE,TRUE,0,0,0,0,0,6.69328912049069,10.7413498778699,5.17386403320254,7.60660110920779,10.1222376107368,1e-08,1.20558386419167,0.718680448698661,10,FALSE,3.57271252498391,4.81344982648322
"RT4_ZT10_remainder_dataset","346112","Dync1i2",147.333665781987,-0.467603048140886,"downregulated",0.453632793726392,0.00256274009348976,0.00256274009348976,0.0680490897605639,0.00726328120062614,0.180078254797373,1.00014079499978,0.0439040575624545,1.35749534090703,0.0175089416537543,1,TRUE,FALSE,TRUE,TRUE,TRUE,FALSE,"weak_effect",-0.485341283907784,0.1609310649517,-3.01583341944234,FALSE,FALSE,2.59129543661201,1,0.0175089416537543,FALSE,FALSE,101.648889201199,117.208982762795,133.029775945223,139.111638221569,124.988887826309,199.460015790623,158.971978192475,186.259105195292,123.226937969166,189.430446715217,0.0176636229274389,0.0311360718314229,0.0240690046546234,9,FALSE,1.16717767963931,2.13886714164114
"RT4_ZT10_remainder_dataset","18364","-",18.7565472687944,2.40693150552378,"upregulated",0.000176353989993375,2.17262886445545e-09,2.17262886445545e-09,1.39281028989197e-06,9.98879057245716e-08,5.84682096194731e-05,16.8496929364815,0.0439040575624545,1.35749534090703,0.999999998756481,0.0391310659625233,TRUE,TRUE,FALSE,FALSE,TRUE,TRUE,"strong_effect",3.54318722053553,0.592076066718438,5.98434461330878,TRUE,TRUE,8.66301445494274,0.0391310659625233,0.999999998756481,FALSE,TRUE,47.2888310631665,38.6256875013757,24.0585765007318,23.0219964662457,38.975029537236,6.69328912049069,0,0,4.56396066552467,4.3381018331729,0.120077746135701,0.215328826917263,0.186636055884913,10,FALSE,5.85610803337062,7.00048709230504
"RT4_ZT10_remainder_dataset","50175","Arap1",7.03353552537953,2.20973987155893,"upregulated",0.00245078224489318,1.10818009010794e-07,1.10818009010794e-07,3.77693024381727e-05,2.30219519692376e-06,0.000740479397360332,12.4581992956608,0.0439040575624545,1.35749534090703,0.999999998756481,0.0285986679522161,TRUE,TRUE,FALSE,FALSE,TRUE,TRUE,"strong_effect",5.82892495159069,1.09813393055813,5.30802736295391,TRUE,TRUE,6.95538965676945,0.0285986679522161,0.999999998756481,FALSE,TRUE,17.678067687165,8.87946839112085,19.8129453535438,7.83727539276448,16.1275984292011,0,0,0,0,0,0.13829110752825,0.62543638830158,0.4196936651597,9,FALSE,4.42286103608987,5.63785785648688
