"feature_id","dispGeneEst","dispFit","dispersion","residual_fit_minus_final","residual_fit_minus_gene","residual_final_minus_gene"
"55601",0.215144955509764,0.0661044482015796,0.130162635166243,-0.0640581869646636,-0.149040507308185,-0.0849823203435213
"415923",0.140786564960393,0.066664536246168,0.101454596226064,-0.0347900599798956,-0.0741220287142246,-0.0393319687343289
"179269",0.191383266091028,0.0666083832737766,0.122860552952605,-0.0562521696788287,-0.124774882817252,-0.0685227131384232
"8277",0.129629069812131,0.0669279509388595,0.102130811515817,-0.0352028605769572,-0.0627011188732714,-0.0274982582963142
"278624",0.183657056384457,0.0676611312382104,0.123143774601946,-0.0554826433637359,-0.115995925146247,-0.0605132817825107
"378009",0.0656420475146764,0.0669708489598922,0.0688390267699442,-0.00186817781005204,0.00132880144521579,0.00319697925526782
"565080",0.778742203031828,0.0697152752429734,0.778742203031828,-0.709026927788855,-0.709026927788855,0
"206283",0.212138938745451,0.068043845254259,0.149320799124144,-0.0812769538698848,-0.144095093491192,-0.0628181396213074
"335788",0.11031020746144,0.066783917392898,0.102874114735298,-0.0360901973424002,-0.0435262900685419,-0.00743609272614167
"88697",0.0337071869815,0.0669307227528787,0.0467507240348274,0.0201799987180513,0.0332235357713787,0.0130435370533274
"248551",0.0552281298752328,0.0661250431929842,0.0593929060993921,0.00673213709359213,0.0108969133177514,0.0041647762241593
"156760",0.233964803798075,0.0685617619353728,0.161028073109634,-0.0924663111742616,-0.165403041862702,-0.0729367306884408
"339719",0.146586884431078,0.0688103123824432,0.121027717716362,-0.0522174053339185,-0.0777765720486344,-0.0255591667147159
"25328",0.218523079369551,0.0666368523252682,0.17518994670999,-0.108553094384721,-0.151886227044282,-0.043333132659561
"161605",0.0778277407050193,0.0683208596770461,0.0743590420823167,-0.00603818240527061,-0.00950688102797322,-0.0034686986227026
"91106",0.0262441957919575,0.0677699609843317,0.0369502681549872,0.0308196928293444,0.0415257651923742,0.0107060723630298
"175929",0.0712609076989873,0.0678355198052915,0.0700247952594234,-0.00218927545413188,-0.0034253878936958,-0.00123611243956392
"475643",0.112302629982863,0.0693252929714907,0.0954305622171743,-0.0261052692456836,-0.042977337011372,-0.0168720677656885
"504994",0.072084421079076,0.0685803839380797,0.0671151782855538,0.00146520565252589,-0.00350403714099623,-0.00496924279352212
"470412",0.92851551318229,0.0706216022634258,0.92851551318229,-0.857893910918864,-0.857893910918864,0
"163596",0.0431095375398647,0.0686668010268188,0.0515286226732837,0.017138178353535,0.025557263486954,0.00841908513341901
"56157",0.0532313567432294,0.0684891287490029,0.0612144359693128,0.00727469277969006,0.0152577720057735,0.00798307922608344
"126494",0.216306863256571,0.0711884533260958,0.153307290353718,-0.0821188370276222,-0.145118409930476,-0.0629995729028534
"414973",0.105839203319068,0.0695487927517178,0.0922561284361854,-0.0227073356844676,-0.03629041056735,-0.0135830748828824
"56995",0.183955657823452,0.0689762203875798,0.135002467888565,-0.0660262475009856,-0.114979437435873,-0.0489531899348871
"511144",0.126591980730231,0.0701466954187589,0.103994382121815,-0.0338476867030563,-0.0564452853114723,-0.022597598608416
"127268",0.126841798180599,0.0689191874568874,0.103579946985896,-0.0346607595290084,-0.0579226107237117,-0.0232618511947033
"315271",0.101014537568409,0.0707623889782174,0.0893331833126002,-0.0185707943343828,-0.0302521485901913,-0.0116813542558085
"130479",0.0236164128162169,0.0683513745770872,0.035716375674891,0.0326349989021961,0.0447349617608703,0.0120999628586741
"318776",0.133329866832407,0.0689791524563637,0.116052296928673,-0.0470731444723095,-0.064350714376043,-0.0172775699037335
"456157",0.227801798753375,0.0774509887952557,0.162851088637184,-0.0854000998419282,-0.15035080995812,-0.0649507101161914
"189904",0.0257209025724642,0.0681645315614613,0.0387923416170819,0.0293721899443794,0.0424436289889971,0.0130714390446178
"450452",0.218847895858136,0.0751932059992115,0.160826957635084,-0.0856337516358726,-0.143654689858925,-0.058020938223052
"309114",0.847732450671415,0.0807578751978417,0.847732450671415,-0.766974575473574,-0.766974575473574,0
"310948",0.150629309468527,0.0722148544266881,0.123026192928035,-0.0508113385013466,-0.0784144550418392,-0.0276031165404926
"243793",0.266925858286958,0.0740470417194333,0.185295832115948,-0.111248790396515,-0.192878816567525,-0.0816300261710103
"71664",0.220445316213451,0.073722094867337,0.156845306986879,-0.0831232121195425,-0.146723221346114,-0.0636000092265711
"214225",0.179376339937194,0.0698259984568205,0.133044367995653,-0.0632183695388326,-0.109550341480374,-0.0463319719415413
"340586",0.101565613534178,0.0726164172921208,0.0877463057996785,-0.0151298885075578,-0.0289491962420571,-0.0138193077344994
"163095",0.148977144524335,0.0674449322907879,0.124295157070466,-0.056850224779678,-0.0815322122335468,-0.0246819874538688
"7988",0.153881239566444,0.0715174961425695,0.11991582972821,-0.0483983335856406,-0.0823637434238746,-0.033965409838234
"60635",0.105504554288741,0.069530771408617,0.0900505618243181,-0.0205197904157012,-0.0359737828801243,-0.0154539924644232
"485669",0.0171707523217833,0.067986589949779,0.0313878478311296,0.0365987421186495,0.0508158376279957,0.0142170955093462
"321277",0.327551128535287,0.0755001693608992,0.212837998103655,-0.137337828742756,-0.252050959174388,-0.114713130431632
"506371",0.259302221921244,0.0702909828845156,0.175049114154951,-0.104758131270435,-0.189011239036729,-0.0842531077662939
"465587",0.0759322742548206,0.0683710679098949,0.07316197576833,-0.00479090785843504,-0.00756120634492562,-0.00277029848649057
"412143",0.299436113128038,0.0679525837066752,0.194474179129315,-0.12652159542264,-0.231483529421362,-0.104961933998722
"574506",0.0678150210723633,0.0701714422633761,0.0727878368491495,-0.00261639458577342,0.0023564211910128,0.00497281577678622
"504989",0.0347851361549132,0.0697944416380994,0.0450199841745805,0.0247744574635189,0.0350093054831862,0.0102348480196672
"308159",0.028810593898559,0.0677536598882776,0.0429805429138072,0.0247731169744704,0.0389430659897185,0.0141699490152482
"481841",0.116730402205029,0.0716114005821614,0.101606849706687,-0.0299954491245252,-0.0451190016228675,-0.0151235524983423
"569661",0.0824085498689845,0.0709049404198832,0.0781280707192308,-0.00722313029934767,-0.0115036094491013,-0.00428047914975363
"90356",0.0697346150565185,0.0737042744919591,0.0721031461971285,0.0016011282948306,0.00396965943544059,0.00236853114060999
"65987",0.324798290652224,0.0756697156043933,0.205676807193951,-0.130007091589558,-0.24912857504783,-0.119121483458273
"218802",0.238660753579745,0.0765412236975922,0.167992100253727,-0.0914508765561346,-0.162119529882153,-0.0706686533260185
"341222",0.0988948562486921,0.0725116907929416,0.0863447362407948,-0.0138330454478532,-0.0263831654557505,-0.0125501200078973
"574524",0.0382859201012711,0.0685764578573153,0.0503285021320218,0.0182479557252935,0.0302905377560442,0.0120425820307508
"385935",0.0226319083881746,0.0692910672741632,0.0359152986773624,0.0333757685968008,0.0466591588859886,0.0132833902891879
"178330",0.178835396764229,0.0775238620233755,0.136542618068843,-0.0590187560454677,-0.101311534740853,-0.0422927786953856
"446277",0.393993877193783,0.0969442286845191,0.260826969427732,-0.163882740743213,-0.297049648509264,-0.133166907766051
"89902",1.11376187446221,0.08718941930869,1.11376187446221,-1.02657245515352,-1.02657245515352,0
"6374",0.170732545291878,0.0727190577827214,0.129625890033161,-0.0569068322504397,-0.0980134875091564,-0.0411066552587167
"196746",0.0256763582306647,0.0694222702944381,0.038943672595742,0.030478597698696,0.0437459120637734,0.0132673143650774
"469988",0.0620129894697627,0.0712200023566823,0.0659283479363129,0.00529165442036945,0.00920701288691961,0.00391535846655016
"65320",0.211534735543678,0.0685967493928696,0.14933136587667,-0.0807346164838003,-0.142937986150809,-0.0622033696670082
"120174",0.135442494953294,0.073766897615625,0.108348390961067,-0.0345814933454422,-0.0616755973376693,-0.0270941039922271
"256369",1.11536603110912,0.0823446762406956,1.11536603110912,-1.03302135486843,-1.03302135486843,0
"486721",0.146484338809995,0.0742881062315223,0.114630067970876,-0.0403419617393539,-0.072196232578473,-0.0318542708391192
"144905",0.166291925500833,0.0706249373097844,0.126327939189068,-0.0557030018792837,-0.0956669881910491,-0.0399639863117655
"138044",0.112254875236083,0.0732697917847976,0.101262950501412,-0.0279931587166139,-0.0389850834512856,-0.0109919247346716
"19213",0.275210254288533,0.0788677331780376,0.18794799194885,-0.109080258770812,-0.196342521110495,-0.0872622623396832
"249570",0.0539871084631612,0.0712511731647028,0.0599161920916898,0.0113349810730131,0.0172640647015416,0.00592908362852852
"437093",0.0735156620983546,0.0679747938544269,0.0751854133563882,-0.00721061950196132,-0.00554086824392774,0.00166975125803358
"476378",0.0933715261922563,0.0727169858604605,0.0855757971409475,-0.012858811280487,-0.0206545403317959,-0.00779572905130882
"264490",0.222893980666318,0.0733673422851667,0.162097041548474,-0.0887296992633075,-0.149526638381152,-0.0607969391178441
"321367",0.0218249241389818,0.0676587587782399,0.0353441722625076,0.0323145865157323,0.0458338346392581,0.0135192481235258
"176414",0.100256656256632,0.0733778196276788,0.0899801737351646,-0.0166023541074858,-0.0268788366289531,-0.0102764825214674
"549238",0.4319677761904,0.0827185504374653,0.275905218626562,-0.193186668189097,-0.349249225752935,-0.156062557563838
"25748",0.150556551838591,0.0775370531049756,0.122819126964682,-0.0452820738597059,-0.0730194987336151,-0.0277374248739092
"419308",0.156420705313379,0.0724336125704928,0.121753818826956,-0.0493202062564632,-0.0839870927428866,-0.0346668864864234
"250774",0.476582024691355,0.102849289013576,0.306532642620279,-0.203683353606703,-0.373732735677779,-0.170049382071076
"357752",0.125971685485517,0.0735613018857831,0.10518981388618,-0.0316285120003973,-0.052410383599734,-0.0207818715993366
"318060",0.475287799502645,0.0850364171826945,0.475287799502645,-0.39025138231995,-0.39025138231995,0
"492677",0.0306760520906493,0.0721506554284499,0.0426423778840471,0.0295082775444028,0.0414746033378006,0.0119663257933978
"188968",0.187524068488005,0.0717206723337791,0.138317759955426,-0.0665970876216471,-0.115803396154226,-0.0492063085325787
"52610",0.313215110933426,0.0801986606928469,0.202039040142353,-0.121840379449506,-0.233016450240579,-0.111176070791073
"249750",0.183315142157685,0.0749331190340407,0.13748850699894,-0.0625553879648993,-0.108382023123644,-0.0458266351587449
"159645",0.0901481034508711,0.0733960696421642,0.0838501865402402,-0.0104541168980761,-0.0167520338087069,-0.00629791691063085
"500669",0.247946854704021,0.0794542717298281,0.174610851388802,-0.0951565796589736,-0.168492582974193,-0.0733360033152192
"551422",0.0617256112555852,0.0713888378193497,0.0651361917012841,0.0062526461180656,0.00966322656376447,0.00341058044569887
"271952",0.0494088210011412,0.0723266730904041,0.0571269202384126,0.0151997528519914,0.0229178520892628,0.00771809923727142
"111059",0.181765205019205,0.069978530373931,0.134374769319114,-0.0643962389451826,-0.111786674645274,-0.0473904357000917
"60343",0.109449379934722,0.072148715855153,0.0948938367375294,-0.0227451208823763,-0.0373006640795692,-0.0145555431971929
"90888",0.391487902418953,0.0825821110188986,0.248301067170264,-0.165718956151365,-0.308905791400054,-0.143186835248689
"225736",0.0651782114976894,0.0685932712624531,0.0664070883200623,0.00218618294239085,0.00341505976476375,0.0012288768223729
"482217",0.0787431610961686,0.0741007289395876,0.0770463679778753,-0.00294563903828776,-0.00464243215658107,-0.00169679311829331
"118426",0.368090247385451,0.0787273555965312,0.240517799088521,-0.16179044349199,-0.289362891788919,-0.12757244829693
"340103",0.135296834781541,0.0727404188925101,0.110130437154711,-0.0373900182622013,-0.0625564158890312,-0.0251663976268299
"323334",0.296336532941518,0.0823376225480471,0.201408454745982,-0.119070832197935,-0.213998910393471,-0.0949280781955359
"68552",0.965042653657177,0.0833967539600312,0.965042653657177,-0.881645899697146,-0.881645899697146,0
"23744",0.135919563429709,0.0770308027169314,0.111467111396622,-0.0344363086796902,-0.058888760712778,-0.0244524520330877
"230034",0.0689076129612921,0.0736178606234067,0.070608662701053,0.00300919792235368,0.00471024766211456,0.00170104973976087
"540530",0.156818259678102,0.0775060210332567,0.124239534390703,-0.0467335133574459,-0.0793122386448448,-0.0325787252873989
"30103",0.0497523341568985,0.0728926272952912,0.055265504249395,0.0176271230458962,0.0231402931383927,0.00551317009249653
"25174",0.597986444530537,0.078680081190444,0.597986444530537,-0.519306363340093,-0.519306363340093,0
"516347",0.0429779549176183,0.0720793752529209,0.055396781415547,0.0166825938373739,0.0291014203353026,0.0124188264979287
"338869",0.1068280779368,0.0693831273916961,0.0922784311145449,-0.0228953037228488,-0.037444950545104,-0.0145496468222553
"92652",1.27738696953936,0.0839459661300551,1.27738696953936,-1.19344100340931,-1.19344100340931,0
"100439",0.0160912600381878,0.068454387367022,0.0312799351595384,0.0371744522074836,0.0523631273288342,0.0151886751213506
"202868",0.10648565961425,0.0759590960514969,0.0946980124050151,-0.0187389163535182,-0.0305265635627533,-0.0117876472092351
"23554",0.135123519134758,0.0748946787005995,0.109661975642963,-0.0347672969423631,-0.0602288404341582,-0.0254615434917951
"354252",0.0840080914989191,0.0706746850285761,0.0754045665045802,-0.00472988147600406,-0.013333406470343,-0.00860352499433889
"125485",0.18583377749443,0.0799316014371207,0.141593540731007,-0.0616619392938867,-0.10590217605731,-0.0442402367634231
"397796",0.0856955563146219,0.0728988840345718,0.0773094303107659,-0.0044105462761941,-0.0127966722800501,-0.00838612600385602
"196801",0.0312040630661079,0.0716102057589836,0.0445487785492584,0.0270614272097252,0.0404061426928757,0.0133447154831506
"379983",0.189815249919435,0.0714385299997564,0.139370553977538,-0.0679320239777819,-0.118376719919679,-0.0504446959418971
"336848",0.0886755840549964,0.0708748533028054,0.08198657072766,-0.0111117174248546,-0.0178007307521911,-0.00668901332733642
"76288",0.0818289225077069,0.0754470754655372,0.079466586089464,-0.00401951062392672,-0.00638184704216971,-0.00236233641824299
"550029",0.549264371820012,0.0861495446368931,0.549264371820012,-0.463114827183119,-0.463114827183119,0
"371305",0.276582542950719,0.079074350167885,0.189066396865095,-0.10999204669721,-0.197508192782834,-0.0875161460856247
"94350",0.18097089982988,0.0765701205719946,0.137179255384768,-0.0606091348127739,-0.104400779257885,-0.0437916444451112
"229093",0.0530494567627278,0.0726236085172177,0.0577519408360829,0.0148716676811348,0.0195741517544898,0.00470248407335508
"264981",0.0587982670172081,0.073334198011956,0.063864132993514,0.00947006501844193,0.0145359309947479,0.00506586597630596
"5737",0.0702277288615565,0.0739051455993164,0.071556007881857,0.00234913771745936,0.0036774167377599,0.00132827902030054
"319427",0.150497028406053,0.0772114629015565,0.124928582172181,-0.0477171192706242,-0.0732855655044963,-0.0255684462338721
"474397",0.0884562079854002,0.0752170801376299,0.0875134771116173,-0.0122963969739874,-0.0132391278477703,-0.00094273087378291
"188527",0.189946969585487,0.078963548761512,0.144663042052489,-0.0656994932909768,-0.110983420823975,-0.0452839275329981
"283060",0.0490602021054939,0.0734730520142404,0.0576849454265686,0.0157881065876718,0.0244128499087465,0.00862474332107471
"309590",0.0349574048407846,0.0709155642530535,0.0489876117810028,0.0219279524720506,0.0359581594122689,0.0140302069402182
"238839",0.646207282980001,0.116687758736125,0.646207282980001,-0.529519524243876,-0.529519524243876,0
"65983",0.173134877487863,0.0696934966143714,0.129528427837489,-0.0598349312231179,-0.103441380873492,-0.0436064496503736
"248187",0.0444047670882377,0.0721294638651021,0.0544168828391497,0.0177125810259523,0.0277246967768644,0.0100121157509121
"189162",0.182444693083161,0.0723316337506453,0.135874784825881,-0.0635431510752352,-0.110113059332515,-0.0465699082572802
"379654",0.0723869964881503,0.071524537100049,0.0735495813645937,-0.00202504426454467,-0.000862459388101283,0.00116258487644338
"308916",0.0640539825793792,0.078840654880892,0.0692438520763561,0.00959680280453588,0.0147866723015128,0.00518986949697689
"52594",0.31460965211399,0.0875371909169275,0.209649229633382,-0.122112038716455,-0.227072461197062,-0.104960422480607
"119919",0.101512269014672,0.0737234084821115,0.0908888969872993,-0.0171654885051879,-0.0277888605325602,-0.0106233720273723
"476386",0.18486602515665,0.0868092660102872,0.142252075958168,-0.0554428099478812,-0.0980567591463626,-0.0426139491984814
"154608",0.239566591867933,0.0782833211604021,0.169443739489971,-0.0911604183295687,-0.161283270707531,-0.0701228523779625
"66014",0.0231621490262082,0.0686817600620114,0.0374962284458164,0.031185531616195,0.0455196110358032,0.0143340794196082
"95290",0.374171085448439,0.091553389219144,0.240177291399553,-0.148623902180409,-0.282617696229295,-0.133993794048886
"130753",0.0567496226194347,0.0696753650116895,0.0622245560958271,0.00745080891586238,0.0129257423922548,0.00547493347639242
"116216",0.115702462005934,0.078168951562827,0.101098944037797,-0.0229299924749705,-0.0375335104431074,-0.0146035179681369
"233795",0.498661394218684,0.0909224872914736,0.498661394218684,-0.407738906927211,-0.407738906927211,0
"18989",0.269269048927155,0.0763653562200467,0.183819879096283,-0.107454522876236,-0.192903692707108,-0.0854491698308723
"450621",0.141139464193953,0.0762337883592747,0.115581270101723,-0.0393474817424486,-0.0649056758346781,-0.0255581940922295
"306882",0.0419949937859234,0.0732571465858489,0.0522226499319573,0.0210344966538916,0.0312621527999255,0.0102276561460339
"353363",0.0564755522187285,0.0743109994813305,0.0642379125955874,0.0100730868857431,0.017835447262602,0.00776236037685886
"10225",0.0673394587846864,0.0730152562705797,0.0696277748541514,0.00338748141642838,0.00567579748589336,0.00228831606946499
"125576",0.0374706326122459,0.0700005988920605,0.0478908937945504,0.0221097050975101,0.0325299662798146,0.0104202611823045
"370628",0.171153976696958,0.0779535002244628,0.132445260577623,-0.0544917603531602,-0.0932004764724956,-0.0387087161193354
"86566",0.0639199470940725,0.0708024527520042,0.0663655633514439,0.00443688940056024,0.00688250565793164,0.0024456162573714
"578161",0.00896155496982615,0.0708371644623783,0.0242291748119582,0.0466079896504202,0.0618756094925522,0.015267619842132
"214671",0.0554480673638364,0.0719464277953015,0.0611241897321874,0.0108222380631141,0.016498360431465,0.00567612236835093
"347898",0.14114710100245,0.0789751966070137,0.116101692699188,-0.0371264960921746,-0.0621719043954359,-0.0250454083032613
"415103",0.043633976229364,0.0698225039405918,0.0536671667018361,0.0161553372387557,0.0261885277112278,0.0100331904724721
"250403",0.301500492990177,0.0877228398048027,0.206874666365925,-0.119151826561123,-0.213777653185374,-0.0946258266242516
"377785",0.0399605756237458,0.0692542580501702,0.0507985264301602,0.01845573162001,0.0292936824264244,0.0108379508064144
"294657",0.166559569966685,0.0832092962141981,0.132409293673307,-0.0491999974591086,-0.0833502737524865,-0.0341502762933778
"510514",0.471631234167085,0.0918123865393957,0.296001021675873,-0.204188635136478,-0.379818847627689,-0.175630212491212
"547938",0.0523119202975753,0.0716649692020441,0.060291398699054,0.0113735705029902,0.0193530489044688,0.00797947840147867
"96111",0.276706901201786,0.0790977766222686,0.189105951546719,-0.11000817492445,-0.197609124579517,-0.0876009496550672
"309684",0.0623263218385699,0.0730330656775527,0.0662628741487693,0.00677019152878348,0.0107067438389829,0.00393655231019937
"297005",0.130516786130532,0.082933433134685,0.111756777898744,-0.0288233447640587,-0.0475833529958472,-0.0187600082317885
"496919",0.0524403953743727,0.0724087117731914,0.0593143020183959,0.0130944097547954,0.0199683163988187,0.00687390664402328
"421957",0.0679972345178865,0.0743793022579561,0.0702740629424934,0.00410523931546274,0.00638206774006957,0.00227682842460683
"134576",0.0364837806328941,0.0728120225632928,0.0480511688224336,0.0247608537408592,0.0363282419303987,0.0115673881895395
"339308",0.0637056970443061,0.0768419759930492,0.0683371548683539,0.00850482112469533,0.0131362789487431,0.00463145782404778
"341606",0.170651221245147,0.0731272412355884,0.129890377952549,-0.0567631367169608,-0.0975239800095586,-0.0407608432925979
"504780",0.667741590869339,0.11877115022465,0.667741590869339,-0.548970440644688,-0.548970440644688,0
"125874",0.0162267627975435,0.0706599190374892,0.0321762287872283,0.0384836902502609,0.0544331562399457,0.0159494659896848
"205275",0.144522164387238,0.0799245809585962,0.118470082877808,-0.0385455019192116,-0.0645975834286416,-0.02605208150943
"578127",0.273869972052607,0.0948124907687083,0.196854344002882,-0.102041853234174,-0.179057481283899,-0.0770156280497251
"377649",0.261584469442368,0.0811796638078851,0.176670288806239,-0.0954906249983535,-0.180404805634483,-0.0849141806361295
"162603",0.047130034868862,0.074282466981891,0.056213028128479,0.018069438853412,0.027152432113029,0.00908299325961696
"497688",0.0951470898218529,0.071141698697929,0.0860167736695355,-0.0148750749716065,-0.0240053911239239,-0.00913031615231731
"436070",0.0986707609963854,0.06957751408516,0.0874924094512213,-0.0179148953660613,-0.0290932469112254,-0.0111783515451641
"481896",0.0253468604922519,0.0737929724949198,0.0382541536867948,0.0355388188081249,0.0484461120026679,0.0129072931945429
"351588",0.110758530660796,0.072393837723375,0.095757286041637,-0.023363448318262,-0.0383646929374205,-0.0150012446191586
"146354",0.116685472271556,0.0735081087081326,0.099689080789109,-0.0261809720809764,-0.0431773635634236,-0.0169963914824471
"170072",0.192749042224329,0.0759999085134449,0.143252042504661,-0.0672521339912157,-0.116749133710884,-0.0494969997196686
"506287",0.0315137347823817,0.0723067121832268,0.0463280644219333,0.0259786477612935,0.0407929774008451,0.0148143296395516
"170891",0.0880654542080216,0.0799687930962149,0.0829218542841089,-0.00295306118789396,-0.00809666111180665,-0.0051435999239127
"484121",0.745254829078667,0.109481723681155,0.745254829078667,-0.635773105397511,-0.635773105397511,0
"519384",0.18530749969617,0.075542779832402,0.141051108712106,-0.0655083288797038,-0.109764719863768,-0.0442563909840637
"465564",0.323389502481627,0.0778107118825358,0.214554877710659,-0.136744165828123,-0.245578790599091,-0.108834624770968
"317147",0.201667310092501,0.0853877217964188,0.152872026646644,-0.0674843048502255,-0.116279588296083,-0.0487952834458571
"413783",0.1831249732326,0.0726821540393019,0.136402609173122,-0.0637204551338203,-0.110442819193298,-0.0467223640594778
"125574",0.750125746293894,0.117326005419895,0.750125746293894,-0.632799740874,-0.632799740874,0
"249782",0.161222820499138,0.0800389351505195,0.128002440006535,-0.0479635048560157,-0.0811838853486184,-0.0332203804926027
"138048",0.022567121190065,0.0726102578858322,0.0371064652500457,0.0355037926357865,0.0500431366957671,0.0145393440599807
"433956",0.114185095120918,0.0835937252442879,0.102437752142031,-0.0188440268977435,-0.0305913698766301,-0.0117473429788866
"41462",0.0741873755698476,0.0759170049256739,0.0748090649804578,0.00110793994521607,0.00172962935582635,0.000621689410610277
"485624",0.142828519373938,0.0813244693030624,0.118010676702331,-0.0366862073992689,-0.0615040500708761,-0.0248178426716072
"69656",0.0930041992512236,0.0741229890859545,0.0860333131899048,-0.0119103241039503,-0.0188812101652691,-0.00697088606131878
"256080",0.111270224645876,0.0765877315900407,0.0978149228816144,-0.0212271912915737,-0.0346824930558357,-0.013455301764262
"33487",0.0335368106769125,0.0712354459921952,0.0453439080609055,0.0258915379312897,0.0376986353152827,0.011807097383993
"359542",0.209652004625339,0.0702226780003209,0.157518305512483,-0.0872956275121625,-0.139429326625018,-0.0521336991128551
"39335",0.538660816604746,0.123980492452484,0.352488980895316,-0.228508488442832,-0.414680324152262,-0.18617183570943
"123807",0.0869402885046722,0.0774711122372837,0.0839076483152686,-0.0064365360779849,-0.00946917626738854,-0.00303264018940363
"412863",0.0685339594314563,0.0761020272510781,0.0712353341679366,0.0048666930831415,0.00756806781962183,0.00270137473648033
"322155",0.0913113686638121,0.0731000668755556,0.0844811396422878,-0.0113810727667322,-0.0182113017882565,-0.00683022902152429
"154452",0.0927057351139578,0.0796077844332821,0.0878136457016938,-0.00820586126841162,-0.0130979506806756,-0.00489208941226399
"437946",0.0183748660906216,0.0720386191662785,0.0332621514224997,0.0387764677437789,0.0536637530756569,0.014887285331878
"489152",0.189460939962988,0.0816797023815423,0.13967003625384,-0.0579903338722981,-0.107781237581446,-0.0497909037091478
"540549",0.0733478806754967,0.0784035519289335,0.0751733613946827,0.0032301905342508,0.0050556712534368,0.00182548071918599
"540587",0.12012596257335,0.079134547668726,0.103963907342669,-0.0248293596739427,-0.0409914149046243,-0.0161620552306816
"30145",0.365993217498596,0.0890518063003382,0.240627108001847,-0.151575301701509,-0.276941411198258,-0.12536610949675
"257992",0.0382964624858766,0.0747395063861317,0.0500036783068896,0.0247358280792421,0.0364430439002551,0.011707215821013
"320259",0.136523815346506,0.0819239953622381,0.113251676593677,-0.0313276812314389,-0.0545998199842676,-0.0232721387528287
"71444",0.0456828250469888,0.0786004168048191,0.0566206288969937,0.0219797879078255,0.0329175917578303,0.0109378038500049
"21974",0.197435834827181,0.0723988612732064,0.135577892250557,-0.0631790309773507,-0.125036973553974,-0.0618579425766237
"413344",0.0888463994921294,0.0754674895085528,0.0867140732985779,-0.0112465837900252,-0.0133789099835766,-0.00213232619355141
"198265",0.0458997800762813,0.0792427486998058,0.0583612061875951,0.0208815425122107,0.0333429686235245,0.0124614261113138
"13533",0.0808095927210837,0.0774263960340087,0.0807839948731392,-0.0033575988391305,-0.00338319668707508,-2.55978479445779e-05
"48190",0.250071126212219,0.0886228623469273,0.180652457433694,-0.0920295950867666,-0.161448263865291,-0.0694186687785248
"485391",0.10526069745522,0.0812439180769354,0.0971946737800368,-0.0159507557031014,-0.0240167793782845,-0.00806602367518314
"469966",0.0447344199469501,0.0693864445039614,0.0556686629363267,0.0137177815676347,0.0246520245570113,0.0109342429893765
"152655",0.138775278649848,0.079472159852622,0.115028367355649,-0.0355562075030275,-0.0593031187972258,-0.0237469112941984
"333829",0.0460220848667116,0.076143887711441,0.0560674022168491,0.0200764854945919,0.0301218028447294,0.0100453173501375
"531510",0.057309191629298,0.0749973678650671,0.064619977103428,0.0103773907616391,0.0176881762357692,0.00731078547413003
"452771",0.0593207331310999,0.0757230783554292,0.0650790272377089,0.0106440511177202,0.0164023452243293,0.00575829410660904
"483076",0.158490437818896,0.088703144632066,0.127259828943558,-0.0385566843114919,-0.06978729318683,-0.0312306088753382
"160497",0.162786695807632,0.0735488398331184,0.125861280905299,-0.0523124410721808,-0.0892378559745136,-0.0369254149023328
"437639",0.306450247487638,0.094255635354276,0.213475461337652,-0.119219825983376,-0.212194612133362,-0.0929747861499864
"467791",0.101832333479528,0.0697255249877042,0.0894434600015214,-0.0197179350138172,-0.0321068084918241,-0.0123888734780069
"243651",0.130303980416326,0.0830584482243628,0.111721001995053,-0.0286625537706899,-0.0472455321919632,-0.0185829784212733
"377183",0.0728510845496242,0.0774834914142964,0.0745198428285438,0.00296364858575253,0.00463240686467213,0.0016687582789196
"30193",0.239474527366378,0.0901996888523677,0.175388625278265,-0.0851889364258974,-0.14927483851401,-0.0640859020881131
"206079",0.343120369183994,0.0909899194678185,0.23281973496542,-0.141829815497601,-0.252130449716175,-0.110300634218574
"502863",0.435405971948764,0.0954748695901318,0.280721207935013,-0.185246338344881,-0.339931102358633,-0.154684764013752
"523115",0.11077069694792,0.0871391287773841,0.100939213268955,-0.013800084491571,-0.0236315681705359,-0.00983148367896493
"4512",0.755648133792313,0.0954898655907596,0.755648133792313,-0.660158268201554,-0.660158268201554,0
"527531",0.140676611387904,0.0861966814087006,0.119044399772519,-0.0328477183638184,-0.0544799299792032,-0.0216322116153848
"381078",0.630766024294248,0.140457482238936,0.411585886437568,-0.271128404198632,-0.490308542055312,-0.21918013785668
"276909",0.0311591898407572,0.0727409489767079,0.0419645333932992,0.0307764155834087,0.0415817591359507,0.010805343552542
"475802",0.166221496751826,0.0916171344433098,0.135972857467225,-0.044355723023915,-0.0746043623085162,-0.0302486392846012
"323897",0.00907712383838428,0.0685041200190304,0.0236302470418265,0.0448738729772039,0.0594269961806461,0.0145531232034422
"125700",0.134526658839991,0.0781262085665777,0.112036474250309,-0.0339102656837312,-0.0564004502734132,-0.022490184589682
"447913",0.430124113296396,0.107780687694864,0.28510020735209,-0.177319519657225,-0.322343425601531,-0.145023905944306
"513701",0.110273317198565,0.0790513801375963,0.0982586458946764,-0.0192072657570801,-0.0312219370609682,-0.0120146713038882
"197071",0.0192706172396386,0.0734473034910994,0.0352387172441569,0.0382085862469426,0.0541766862514609,0.0159681000045183
"516611",0.122373025971098,0.0796193283060461,0.105504570281413,-0.0258852419753666,-0.0427536976650514,-0.0168684556896848
"125458",0.386841157394722,0.0820575132863194,0.246959921480525,-0.164902408194206,-0.304783644108403,-0.139881235914197
"129835",0.279244245640585,0.0861060201503235,0.194672134102042,-0.108566113951718,-0.193138225490261,-0.0845721115385434
"4543",0.114389003455585,0.0856191454153186,0.100133136468305,-0.0145139910529861,-0.0287698580402666,-0.0142558669872806
"176645",0.0934979725823138,0.0765877780629911,0.0853082208755528,-0.00872044281256167,-0.0169101945193227,-0.00818975170676099
"85634",0.522526670748952,0.0980993476615583,0.32666149960015,-0.228562151938592,-0.424427323087394,-0.195865171148802
"24983",0.0586706698539011,0.0735002277169282,0.0638373173154003,0.0096629104015279,0.0148295578630271,0.00516664746149916
"459697",0.0164348986348396,0.068996003598348,0.0315770132556071,0.0374189903427408,0.0525611049635084,0.0151421146207676
"203916",0.0722386653544857,0.075121401762924,0.0732727047014567,0.0018486970614672,0.00288273640843825,0.00103403934697105
"473167",0.222589596147988,0.0855833657152704,0.164229261864336,-0.0786458961490652,-0.137006230432717,-0.0583603342836521
"399260",0.0281626450875537,0.0688290289518725,0.0432820679586101,0.0255469609932624,0.0406663838643189,0.0151194228710564
"75917",0.222552339023456,0.0826616399033187,0.156868515914499,-0.0742068760111798,-0.139890699120137,-0.0656838231089573
"171462",0.0876523031634267,0.0776824569572744,0.0839519020442425,-0.00626944508696818,-0.00996984620615236,-0.00370040111918418
"57254",0.0217637088510367,0.0721060607601508,0.0357447864880445,0.0363612742721063,0.0503423519091141,0.0139810776370078
"130833",0.0523006539425894,0.0788484390931235,0.0613300591539464,0.0175183799391771,0.0265477851505342,0.00902940521135706
"468337",0.615309464705242,0.104295301796388,0.615309464705242,-0.511014162908854,-0.511014162908854,0
"451119",0.140925028404051,0.0739065265589189,0.113043680290097,-0.0391371537311783,-0.067018501845132,-0.0278813481139537
"487845",0.130637574938722,0.0805063470625289,0.11078158964087,-0.0302752425783415,-0.0501312278761926,-0.0198559852978511
"481950",0.114820665463577,0.0769913407271093,0.103349887214869,-0.0263585464877594,-0.0378293247364673,-0.0114707782487079
"159802",0.0327151702962854,0.0727340387653506,0.0456860970348151,0.0270479417305355,0.0400188684690652,0.0129709267385297
"171432",0.0658566737984814,0.0777370687346004,0.0700539508558168,0.00768311787878366,0.011880394936119,0.00419727705733533
"318090",0.0361079342941259,0.074583276967357,0.0483536582322271,0.0262296187351299,0.0384753426732311,0.0122457239381011
"267565",0.472687927860905,0.0896427495223997,0.302343900326884,-0.212701150804485,-0.383045178338506,-0.170344027534021
"281936",0.171173216920564,0.0888479598090838,0.136354629458916,-0.0475066696498321,-0.0823252571114801,-0.034818587461648
"417985",1.15401188343751,0.0889208867771819,1.15401188343751,-1.06509099666033,-1.06509099666033,0
"18887",0.0532392659537703,0.0782762651296327,0.0617275844458116,0.0165486806838211,0.0250369991758624,0.00848831849204124
"90381",0.141715634264925,0.0736109741907027,0.114056787682376,-0.0404458134916734,-0.0681046600742224,-0.027658846582549
"80282",0.304611201432509,0.0814057261623548,0.204876431425793,-0.123470705263438,-0.223205475270155,-0.0997347700067163
"549216",0.0775979092460841,0.0800344438897013,0.0784859086161553,0.00154853527354602,0.00243653464361727,0.000887999370071252
"242310",0.0247231458242813,0.0748895007385344,0.0409508942147854,0.033938606523749,0.0501663549142532,0.0162277483905041
"362721",0.0839084908101742,0.0874556325651694,0.083552036458108,0.00390359610706141,0.00354714175499521,-0.000356454352066202
"522187",0.0961731707688341,0.0767383618907111,0.0888287246969754,-0.0120903628062643,-0.019434808878123,-0.00734444607185866
"563745",0.314112981792513,0.102671391917806,0.222090718615568,-0.119419326697762,-0.211441589874707,-0.0920222631769449
"357087",0.0469522484664039,0.0729091076917101,0.0549430835791709,0.0179660241125392,0.0259568592253063,0.00799083511276708
"26327",0.174759671528221,0.0871644894639261,0.138868519570644,-0.051704030106718,-0.0875951820642944,-0.0358911519575764
"125979",0.0737589222774941,0.0807935419804189,0.0749244242387088,0.00586911774171013,0.00703461970292485,0.00116550196121472
"42310",0.00861787465586163,0.0684673718334415,0.0238713246041549,0.0445960472292866,0.0598494971775798,0.0152534499482932
"71599",0.0310378727312047,0.0726518415562893,0.043880524809194,0.0287713167470954,0.0416139688250847,0.0128426520779893
"296151",0.256731975992954,0.0849888086992745,0.182285689755019,-0.0972968810557448,-0.171743167293679,-0.0744462862379342
"310222",0.00964061773546595,0.0696304515751004,0.0247232589331474,0.044907192641953,0.0599898338396345,0.0150826411976815
"327022",0.0464611663711111,0.0744704920838567,0.0542693216509181,0.0202011704329387,0.0280093257127456,0.00780815527980697
"265078",0.28503541014713,0.0811607582929824,0.19449453082977,-0.113333772536787,-0.203874651854148,-0.0905408793173607
"309922",0.10249699821978,0.0899888379855794,0.0977434897745833,-0.00775465178900389,-0.0125081602342001,-0.00475350844519622
"317176",0.0707032970546766,0.0759948042877358,0.0726040675020936,0.00339073678564221,0.0052915072330592,0.00190077044741699
"94652",0.0566966859617982,0.0741686946311613,0.0653076974132016,0.00886099721795967,0.0174720086693631,0.00861101145140343
"100951",0.156757798992961,0.0840902765370615,0.127158574846875,-0.0430682983098137,-0.0726675224558999,-0.0295992241460862
"261780",0.0909826978829059,0.0723935656181195,0.0875987375301353,-0.0152051719120158,-0.0185891322647864,-0.00338396035277054
"55421",0.0933483057143687,0.0837690732106043,0.0897678468750724,-0.0059987736644681,-0.0095792325037644,-0.00358045883929629
"498003",0.145986006380378,0.0842753558838229,0.121282948260001,-0.0370075923761784,-0.0617106504965552,-0.0247030581203768
"369634",0.159367199842024,0.087855005579209,0.126981121812422,-0.0391261162332128,-0.0715121942628148,-0.0323860780296021
"176286",0.0365185845994448,0.0780970681985886,0.0499228842043069,0.0281741839942817,0.0415784835991438,0.0134042996048621
"469606",0.119429465153333,0.0693489993755779,0.106588422304246,-0.0372394229286684,-0.0500804657777554,-0.012841042849087
"577806",0.342547447419902,0.0895644907100345,0.228534594475298,-0.138970103765263,-0.252982956709867,-0.114012852944604
"419556",0.175068965471,0.0883047914323283,0.139571825201844,-0.051267033769516,-0.086764174038672,-0.0354971402691559
"139736",0.163503623412865,0.0789501472862129,0.128624239366627,-0.049674092080414,-0.0845534761266521,-0.0348793840462381
"77518",0.172452355723451,0.0790735507160467,0.139460696148028,-0.0603871454319808,-0.0933788050074045,-0.0329916595754236
"483874",0.262766942559692,0.0844595396204783,0.184957050182452,-0.100497510561974,-0.178307402939214,-0.0778098923772404
"81803",0.148729210222552,0.0855897762688763,0.122299051695383,-0.0367092754265071,-0.0631394339536756,-0.0264301585271685
"108156",0.265930466802065,0.0829241786714643,0.192655321260651,-0.109731142589187,-0.183006288130601,-0.0732751455414143
"11203",0.0266053895181779,0.0753736015090477,0.0421251023053024,0.0332484992037453,0.0487682119908698,0.0155197127871245
"94385",0.0505034995789732,0.0783634858614601,0.0586596817189123,0.0197038041425478,0.0278599862824869,0.00815618213993909
"543506",0.0247096495014667,0.0723455155883358,0.0404285376028989,0.0319169779854369,0.0476358660868691,0.0157188881014322
"520315",0.106723933981493,0.0827435236266362,0.0975662522854588,-0.0148227286588226,-0.0239804103548565,-0.00915768169603393
"17152",0.142554841287007,0.0921585890116416,0.122690671704577,-0.0305320826929356,-0.0503962522753652,-0.0198641695824295
"118282",0.0355502435881387,0.0723224760939102,0.0472182608818142,0.0251042152120959,0.0367722325057715,0.0116680172936756
"22104",0.0773551151316243,0.0902192015901401,0.082025254145392,0.00819394744474812,0.0128640864585158,0.00467013901376773
"497499",0.0350394772396104,0.0739060297592907,0.047341061237546,0.0265649685217447,0.0388665525196803,0.0123015839979356
"89024",0.10690826551468,0.0792482758275107,0.0985119566846289,-0.0192636808571182,-0.0276599896871695,-0.0083963088300513
"61332",0.157343984376985,0.0950080671651997,0.132474574784176,-0.0374665076189768,-0.0623359172117852,-0.0248694095928084
"173308",0.277528973696407,0.0863472761872273,0.193643947101219,-0.107296670913992,-0.19118169750918,-0.083885026595188
"476243",0.049441725868803,0.0731184288985861,0.0581035859584199,0.0150148429401662,0.0236767030297831,0.00866186008961695
"63947",0.270596886021322,0.123216613665266,0.209485529171848,-0.0862689155065819,-0.147380272356056,-0.0611113568494741
"196590",0.0765723592336168,0.0817786544387072,0.081279390879345,0.000499263559362195,0.0052062952050904,0.00470703164572821
"21439",0.0233262200163967,0.0757241673759673,0.0381227803674771,0.0376013870084902,0.0523979473595706,0.0147965603510804
"88863",0.0873467781586433,0.08153004406777,0.0849838983739263,-0.00345385430615631,-0.0058167340908733,-0.00236287978471698
"419784",0.276083437268891,0.107366023130217,0.203821619491865,-0.0964555963616475,-0.168717414138674,-0.0722618177770261
"572961",0.102188158275666,0.0823452526375681,0.0973569562937565,-0.0150117036561884,-0.0198429056380981,-0.00483120198190966
"495092",0.0118641129168113,0.0721149314822256,0.0279020618950523,0.0442128695871734,0.0602508185654143,0.0160379489782409
"200517",0.286592290577002,0.139911851453987,0.226770775013431,-0.0868589235594442,-0.146680439123015,-0.0598215155635708
"37170",0.560781901046869,0.088705039486674,0.560781901046869,-0.472076861560195,-0.472076861560195,0
"94440",0.102017232206367,0.0860802380216676,0.0959924184354403,-0.00991218041377269,-0.0159369941846995,-0.00602481377092677
"293861",0.111083371852344,0.0900862975131319,0.104420175841333,-0.0143338783282007,-0.020997074339212,-0.00666319601101131
"179130",0.0587941658502338,0.0764153662331399,0.0648953626170684,0.0115200036160715,0.0176212003829061,0.00610119676683462
"242450",0.105774983223166,0.0831139300587211,0.0971374207153248,-0.0140234906566037,-0.0226610531644446,-0.0086375625078409
"489404",0.613161925871778,0.109122642104652,0.613161925871778,-0.504039283767126,-0.504039283767126,0
"287384",0.187052523686105,0.0782572003493553,0.141462557388213,-0.0632053570388579,-0.10879532333675,-0.0455899662978922
"94707",0.0413042883421113,0.0730031995878463,0.0491065858628426,0.0238966137250036,0.031698911245735,0.00780229752073132
"9794",0.0854983528185255,0.0789814598889969,0.0830938793373163,-0.00411241944831939,-0.00651689292952866,-0.00240447348120927
"86280",0.0715719341967711,0.0851365640254143,0.0764252388770827,0.00871132514833159,0.0135646298286432,0.0048533046803116
"10050",0.414542448019925,0.103466188901658,0.275492780949536,-0.172026592047878,-0.311076259118266,-0.139049667070389
"29833",0.0513972700602372,0.082022076538799,0.0617429082672365,0.0202791682715625,0.0306248064785618,0.0103456382069993
"486755",0.326619031669504,0.0939142660023924,0.223644823249177,-0.129730557246785,-0.232704765667111,-0.102974208420326
"69078",0.161383685167676,0.0937447688824197,0.13661588242981,-0.0428711135473899,-0.0676389162852565,-0.0247678027378667
"471840",0.0980931122166081,0.0819296211297489,0.0919692943362148,-0.0100396732064659,-0.0161634910868592,-0.00612381788039335
"248189",0.172619079554367,0.0934673077495988,0.142444030096839,-0.0489767223472407,-0.0791517718047682,-0.0301750494575276
"349519",0.0273461189983049,0.0690343151327546,0.0416978633669977,0.0273364517657569,0.0416881961344497,0.0143517443686928
"335741",0.053455863741511,0.0748493755280949,0.0607680648724639,0.014081310655631,0.0213935117865839,0.00731220113095292
"261912",0.0267153574658667,0.078404139234152,0.0433917407315293,0.0350123985026227,0.0516887817682853,0.0166763832656626
"289199",0.127119333458913,0.0864980019099075,0.111255420198529,-0.0247574182886212,-0.0406213315490054,-0.0158639132603842
"267824",0.118136214013535,0.0769430531698496,0.102009487780302,-0.025066434610452,-0.0411931608436858,-0.0161267262332338
"397520",0.0101959885441685,0.0711297320372199,0.0263374127342813,0.0447923193029386,0.0609337434930514,0.0161414241901128
"60907",0.158832072178716,0.0913656813999077,0.135484563790344,-0.0441188823904362,-0.0674663907788086,-0.0233475083883724
"500862",0.290357225697375,0.1062539196472,0.211547871577588,-0.105293951930388,-0.184103306050175,-0.0788093541197873
"138554",0.0183944157104917,0.0747817523363341,0.0344669976127811,0.040314754723553,0.0563873366258424,0.0160725819022894
"495783",0.450951277510619,0.109228787352918,0.297622032998555,-0.188393245645637,-0.341722490157701,-0.153329244512064
"185139",0.0909505478072849,0.0760558709365563,0.0853325114042712,-0.00927664046771486,-0.0148946768707286,-0.00561803640301377
"297284",0.380979652440605,0.092533153669269,0.251303421891751,-0.158770268222482,-0.288446498771336,-0.129676230548854
"436079",0.0265628375148599,0.073411652787736,0.0406615369529769,0.0327501158347591,0.0468488152728761,0.014098699438117
"426607",0.0870529657980076,0.0947821390014483,0.0898698443382411,0.0049122946632072,0.00772917320344074,0.00281687854023355
"472448",0.14284057398082,0.08167796734414,0.118236870674596,-0.0365589033304565,-0.0611626066366799,-0.0246037033062234
"440540",0.0737853925027827,0.0759838311747142,0.0745812550295944,0.00140257614511974,0.00219843867193148,0.000795862526811741
"313487",0.0165797579897199,0.0741713830374564,0.0325537423649823,0.041617640672474,0.0575916250477364,0.0159739843752624
"393577",0.134718724315469,0.0964522208278831,0.117382085444192,-0.0209298646163091,-0.0382665034875859,-0.0173366388712768
"557606",0.036387930111156,0.0747755946193833,0.0502466312729677,0.0245289633464156,0.0383876645082273,0.0138587011618117
"65189",0.0369049414931592,0.0803582759360162,0.0507874080938471,0.029570867842169,0.0434533344428569,0.0138824666006879
"542583",0.0503513734309371,0.0727678661151685,0.0578310548999115,0.014936811215257,0.0224164926842314,0.00747968146897442
"97806",0.211427222441816,0.0841130895881891,0.160057526676032,-0.0759444370878425,-0.127314132853627,-0.0513696957657846
"65767",0.0369985241736425,0.0831155067069465,0.0528126694699612,0.0303028372369853,0.046116982533304,0.0158141452963187
"563697",0.191759058102425,0.0784365730504174,0.14261229301121,-0.064175719960793,-0.113322485052008,-0.0491467650912146
"254977",0.644835834063464,0.0896966689209629,0.644835834063464,-0.555139165142501,-0.555139165142501,0
"69333",0.129975226563401,0.0908254130042781,0.11470706818417,-0.0238816551798921,-0.0391498135591225,-0.0152681583792304
"348412",0.882351108629234,0.105677863326258,0.882351108629234,-0.776673245302977,-0.776673245302977,0
"126883",0.0333236514826895,0.0717946382474342,0.0454823413765532,0.026312296870881,0.0384709867647447,0.0121586898938637
"460619",0.155953096801454,0.0916928458768642,0.130308167859066,-0.0386153219822019,-0.0642602509245903,-0.0256449289423884
"296718",0.361858188790043,0.110663328774611,0.254514907517466,-0.143851578742855,-0.251194860015432,-0.107343281272577
"56504",0.0249826013130511,0.0757212206197601,0.0402747431352831,0.0354464774844769,0.050738619306709,0.0152921418222321
"340608",0.11950208644086,0.0905066742440053,0.105136364796186,-0.0146296905521802,-0.0289954121968542,-0.014365721644674
"496158",0.0357958541904356,0.0739113139059822,0.0479046614727488,0.0260066524332334,0.0381154597155467,0.0121088072823133
"375868",0.0302741723007043,0.0731423929227508,0.0428740104949033,0.0302683824278475,0.0428682206220465,0.012599838194199
"559811",0.0542590545343792,0.0840357034031629,0.0634788965895688,0.0205568068135941,0.0297766488687837,0.0092198420551896
"83450",0.210584397043269,0.10380600614551,0.166750652926875,-0.0629446467813653,-0.106778390897759,-0.0438337441163936
"410481",0.0729062728181665,0.0822756482920724,0.0785896197023421,0.00368602858973024,0.00936937547390587,0.00568334688417563
"193582",0.109275244831116,0.0909967932483283,0.102196039486133,-0.0111992462378052,-0.0182784515827877,-0.00707920534498248
"311277",0.0665372620165459,0.0884863760904767,0.074885661574635,0.0136007145158417,0.0219491140739308,0.00834839955808908
"331577",0.087401488156875,0.0808453490986807,0.0849777808180793,-0.00413243171939862,-0.00655613905819431,-0.0024237073387957
"279466",0.335879120976137,0.104526252173406,0.234827621549068,-0.130301369375663,-0.231352868802731,-0.101051499427069
"340585",0.733447439011892,0.116682552244522,0.733447439011892,-0.61676488676737,-0.61676488676737,0
"215696",0.154301390588406,0.0882147109341383,0.127792814354726,-0.0395781034205878,-0.0660866796542681,-0.0265085762336803
"38238",0.130580063094351,0.0807736248260086,0.110855102018581,-0.0300814771925725,-0.0498064382683426,-0.0197249610757701
"317232",0.719979899424647,0.157584289849619,0.468765963698875,-0.311181673849256,-0.562395609575029,-0.251213935725772
"445790",0.068286023350874,0.092691316821014,0.0762684649826932,0.0164228518383208,0.02440529347014,0.00798244163181913
"310275",0.00909333520748583,0.0749826057648983,0.0257637410583238,0.0492188647065746,0.0658892705574125,0.0166704058508379
"521030",0.0178063830574209,0.0734496516887247,0.032703186780168,0.0407464649085567,0.0556432686313037,0.014896803722747
"484586",0.213200487596647,0.0836226518095935,0.158288221785116,-0.0746655699755224,-0.129577835787054,-0.0549122658115311
"159428",0.696618975650203,0.170859931787448,0.464238246271475,-0.293378314484027,-0.525759043862754,-0.232380729378728
"125316",0.142985661945312,0.100273423377283,0.12629152062759,-0.0260180972503063,-0.0427122385680285,-0.0166941413177221
"264264",0.14146587953895,0.0959837754491686,0.123451261352642,-0.0274674859034736,-0.0454821040897813,-0.0180146181863077
"277430",0.121218771836993,0.0893624473227696,0.108920215007604,-0.019557767684834,-0.0318563245142237,-0.0122985568293897
"192155",0.933238705738893,0.184522385703064,0.599817602185545,-0.415295216482481,-0.748716320035829,-0.333421103553347
"376247",0.147831933651422,0.0992287510863847,0.128708329662995,-0.0294795785766102,-0.0486031825650377,-0.0191236039884274
"365564",0.107750018253683,0.0860296826533546,0.0994797097669461,-0.0134500271135915,-0.0217203356003284,-0.00827030848673686
"324040",0.0433503009513753,0.0783421524550912,0.0549952245730821,0.0233469278820091,0.0349918515037159,0.0116449236217068
"354251",0.0754986126333595,0.0908867092147271,0.0810331398059109,0.00985356940881614,0.0153880965813676,0.00553452717255143
"77571",0.233231508961546,0.105606409999502,0.18003082337192,-0.0744244133724182,-0.127625098962044,-0.0532006855896259
"340122",0.676571121348333,0.110239628334261,0.676571121348333,-0.566331493014072,-0.566331493014072,0
"290145",0.0442555201758185,0.0811430838891828,0.0544852465131011,0.0266578373760817,0.0368875637133644,0.0102297263372827
"131468",0.109329179043751,0.0947538110954608,0.103803236939426,-0.00904942584396506,-0.0145753679482897,-0.00552594210432467
"91956",0.0255241421699349,0.0772724424977689,0.0411347442139302,0.0361376982838387,0.051748300327834,0.0156106020439953
"122229",0.0566729674991421,0.0791112023155145,0.0644623803498566,0.0146488219656579,0.0224382348163724,0.00778941285071448
"40450",0.0645599029711534,0.0830260954719208,0.0710477036068782,0.0119783918650427,0.0184661925007675,0.00648780063572481
"450048",0.171013261552889,0.0756720374253031,0.131353839201426,-0.0556818017761227,-0.0953412241275857,-0.039659422351463
"20049",0.252635548210009,0.101816807022666,0.184578976612697,-0.0827621695900307,-0.150818741187343,-0.0680565715973122
"167600",0.394093828967049,0.106662068768682,0.270882195046959,-0.164220126278277,-0.287431760198367,-0.12321163392009
"526105",0.0687817120799533,0.0887672936285232,0.0761973472986599,0.0125699463298633,0.0199855815485699,0.00741563521870663
"393800",0.0329848521313146,0.0806076040097838,0.0481883810239178,0.032419222985866,0.0476227518784692,0.0152035288926031
"56928",0.104109193571031,0.0795030203108935,0.0946905600255801,-0.0151875397146867,-0.0246061732601376,-0.00941863354545092
"53867",0.323790080036834,0.0799145142332632,0.21380333102981,-0.133888816796547,-0.243875565803571,-0.109986749007024
"305846",0.0630347683823265,0.0735916664093364,0.0667608892106694,0.00683077719866698,0.01055689802701,0.00372612082834298
"497441",0.0461326968015532,0.0863069969002949,0.059589615659902,0.0267173812403929,0.0401743000987416,0.0134569188583488
"3192",0.413110561929305,0.127738726025442,0.288855384175351,-0.161116658149909,-0.285371835903863,-0.124255177753954
"42676",0.1287132946051,0.0896469840180004,0.113524177185528,-0.0238771931675274,-0.0390663105870998,-0.0151891174195724
"357911",0.88810895170286,0.136083466509453,0.88810895170286,-0.752025485193407,-0.752025485193407,0
"490979",0.509408683937719,0.11542888426699,0.336471774874593,-0.221042890607603,-0.393979799670729,-0.172936909063126
"249695",0.100293366786224,0.0920524027430433,0.097180264032062,-0.00512786128901874,-0.00824096404318088,-0.00311310275416214
"329514",0.0587711443628664,0.0851177812149901,0.0678085683072035,0.0173092129077867,0.0263466368521237,0.00903742394433709
"262324",0.152570437717444,0.0978478257903547,0.130849695044315,-0.0330018692539599,-0.0547226119270897,-0.0217207426731298
"94258",0.131592830889424,0.0748895475925874,0.108891001619937,-0.0340014540273497,-0.0567032832968366,-0.0227018292694868
"91061",0.0768703821429412,0.092855871549111,0.0826200322560856,0.0102358392930254,0.0159854894061698,0.00574965011314438
"378284",0.014699089555764,0.0788332353906838,0.0324102498270777,0.0464229855636061,0.0641341458349198,0.0177111602713137
"163611",0.287657015341193,0.142315103479349,0.228358977115479,-0.0860438736361306,-0.145341911861845,-0.0592980382257141
"256322",0.189936973819375,0.093459078270911,0.150070204341292,-0.056611126070381,-0.0964778955484641,-0.0398667694780831
"76335",0.212428602639294,0.112774804392346,0.171676537517447,-0.0589017331251007,-0.0996537982469479,-0.0407520651218473
"529800",0.054634700590114,0.0812957051135387,0.061793932023299,0.0195017730902397,0.0266610045234247,0.00715923143318499
"45929",0.151880665249585,0.0916513235239167,0.127844909412424,-0.036193585888507,-0.0602293417256685,-0.0240357558371615
"39172",0.162591320664116,0.102340688967427,0.138656302864854,-0.0363156138974266,-0.0602506316966884,-0.0239350177992619
"549536",0.0578425431262316,0.0736796197673517,0.0633427303528621,0.0103368894144896,0.0158370766411201,0.0055001872266305
"532282",0.0351623246443406,0.0721570939360821,0.0468448294122242,0.025312264523858,0.0369947692917416,0.0116825047678836
"16739",0.13144453592443,0.0918653837956693,0.11290518554828,-0.0210398017526105,-0.0395791521287607,-0.0185393503761501
"55975",0.0295798618663173,0.0756416945890758,0.0436235005048349,0.0320181940842409,0.0460618327227585,0.0140436386385177
"531382",0.0351998602913376,0.0714153447443065,0.0466755843608824,0.0247397603834241,0.0362154844529689,0.0114757240695447
"277809",0.0225477381782352,0.072137254626029,0.0370269737160783,0.0351102809099506,0.0495895164477938,0.0144792355378431
"476325",0.0675069724174163,0.088796642548319,0.0749771618848772,0.0138194806634418,0.0212896701309027,0.00747018946746091
"191013",0.0419959070740332,0.0726044805047583,0.0530014567274422,0.0196030237773161,0.0306085734307251,0.011005549653409
"467950",0.164976201309631,0.0995570555145684,0.135355416552586,-0.0357983610380171,-0.0654191457950631,-0.029620784757046
"126830",0.0605194487423074,0.0941015143631423,0.0721217493776091,0.0219797649855332,0.0335820656208348,0.0116023006353016
"567504",0.183803061588919,0.0878251004697122,0.144025596768553,-0.0562004962988406,-0.0959779611192069,-0.0397774648203664
"41059",0.057852314258374,0.0712761843393477,0.0657621543583378,0.00551402998100987,0.0134238700809737,0.0079098400999638
"486719",0.149459737050318,0.0990840376103381,0.129475675400087,-0.0303916377897485,-0.0503756994399796,-0.0199840616502311
"373258",0.0242686876224813,0.0715150020380582,0.0375231855585539,0.0339918164795043,0.0472463144155769,0.0132544979360727
"3082",0.015106642544053,0.0726227313609558,0.0306506132891553,0.0419721180718005,0.0575160888169028,0.0155439707451023
"68624",0.118365749396161,0.0907904933007633,0.107992747048296,-0.0172022537475331,-0.0275752560953978,-0.0103730023478647
"117716",0.059483521221581,0.0758228138593845,0.0651698156072884,0.0106529982520961,0.0163392926378034,0.00568629438570732
"11408",0.0666774419810624,0.0766964807095599,0.0720244729729567,0.0046720077366032,0.0100190387284975,0.00534703099189428
"44385",0.201212919270821,0.0885365827333521,0.154113117677309,-0.0655765349439566,-0.112676336537469,-0.0470998015935124
"552032",0.304550764565014,0.119831987987669,0.226190730063025,-0.106358742075356,-0.184718776577344,-0.0783600345019889
"207267",0.31796665369263,0.127682151624958,0.238138209074902,-0.110456057449943,-0.190284502067672,-0.0798284446177283
"508153",0.030213715586249,0.0799310251882522,0.0454588404416822,0.03447218474657,0.0497173096020032,0.0152451248554332
"116514",0.185124400942662,0.0945427905786592,0.147982563933565,-0.0534397733549057,-0.0905816103640029,-0.0371418370090972
"8242",0.0787147387769092,0.0909657000437032,0.0831459404706835,0.00781975957301971,0.0122509612667941,0.00443120169377437
"406000",0.0543736060409521,0.082037169604534,0.0647189038399846,0.0173182657645495,0.0276635635635819,0.0103452977990325
"6423",0.0404005554310364,0.0816929587614609,0.05381667201003,0.0278762867514308,0.0412924033304244,0.0134161165789936
"92513",0.210656525887454,0.0771934716446523,0.153617886681205,-0.0764244150365528,-0.133463054242802,-0.057038639206249
"557964",0.0320505143397644,0.0761012215639981,0.0473813531277935,0.0287198684362046,0.0440507072242337,0.0153308387880291
"401074",0.129112673426334,0.114159481584512,0.123449176370284,-0.0092896947857726,-0.0149531918418219,-0.00566349705604927
"90259",0.0686749569496902,0.0857622838989911,0.0747284908415225,0.0110337930574686,0.0170873269493009,0.00605353389183236
"483731",0.188542882974957,0.111807267119966,0.156887533962317,-0.0450802668423508,-0.0767356158549903,-0.0316553490126395
"377870",0.0474165979026587,0.0824666418885761,0.0591976371143217,0.0232690047742544,0.0350500439859174,0.011781039211663
"189000",0.0447294302539101,0.0851706033068572,0.0580843771400063,0.0270862261668508,0.0404411730529471,0.0133549468860962
"123483",0.714387506278907,0.132080508392479,0.449692691851454,-0.317612183458976,-0.582306997886428,-0.264694814427453
"468771",0.488573743161158,0.104883006268503,0.308589654160364,-0.203706647891861,-0.383690736892654,-0.179984089000793
"91973",0.0652597949134368,0.086550412119482,0.0727606792098567,0.0137897329096252,0.0212906172060452,0.00750088429641994
"541427",0.127997160727921,0.0946094142429559,0.115125256200696,-0.0205158419577405,-0.0333877464849648,-0.0128719045272242
"3354",0.557599009055601,0.101594605748973,0.557599009055601,-0.456004403306628,-0.456004403306628,0
"95493",0.0998685568401053,0.0832784543606778,0.0936103739997781,-0.0103319196391004,-0.0165901024794275,-0.00625818284032717
"398635",0.120313526290332,0.09392748538428,0.110605328845923,-0.0166778434616426,-0.0263860409060523,-0.00970819744440979
"392378",0.139833391355948,0.0875007554899161,0.119009801986998,-0.031509046497082,-0.0523326358660322,-0.0208235893689502
"185134",0.0620189866723242,0.0865454878883041,0.0705639258244154,0.0159815620638887,0.0245265012159799,0.0085449391520912
"434568",0.26901301550358,0.117437966974,0.205578592012569,-0.088140625038569,-0.15157504852958,-0.0634344234910109
"179128",0.0690908057530076,0.0939159483595303,0.0761282870395551,0.0177876613199752,0.0248251426065226,0.00703748128654749
"205176",0.0861799123647377,0.0903782066161428,0.0877171511276221,0.00266105548852065,0.00419829425140511,0.00153723876288446
"486808",0.226601231185076,0.0923317970746725,0.169830413494664,-0.0774986164199916,-0.134269434110403,-0.0567708176904119
"276910",0.11918754617273,0.104761792417319,0.113740444802445,-0.008978652385126,-0.0144257537554104,-0.0054471013702844
"356384",0.0195660916384734,0.0741933129706488,0.0350771307527111,0.0391161822179377,0.0546272213321754,0.0155110391142377
"574436",0.154957792725433,0.0856492143074948,0.126919991967469,-0.0412707776599741,-0.0693085784179377,-0.0280378007579637
"193373",0.0528637524399099,0.0857018280596611,0.063925421833117,0.0217764062265441,0.0328380756197512,0.0110616693932071
"361346",0.139933311097156,0.0976719349433228,0.123406621770703,-0.0257346868273807,-0.0422613761538337,-0.016526689326453
"29864",0.102379519336443,0.0959605380442854,0.0999224383146058,-0.00396190027032044,-0.00641898129215736,-0.00245708102183692
"366531",0.030973748553827,0.0781139037396465,0.046284081175313,0.0318298225643335,0.0471401551858195,0.015310332621486
"308897",0.123370435981157,0.0951712559074172,0.112492824267381,-0.0173215683599637,-0.0281991800737396,-0.0108776117137759
"436433",0.154061786638164,0.0983848016076389,0.134500467566031,-0.0361156659583922,-0.0556769850305247,-0.0195613190721325
"159662",0.144393947950217,0.0952343693006765,0.125002512699097,-0.0297681433984207,-0.0491595786495405,-0.0193914352511197
"83912",0.207619272921934,0.118036181634861,0.171363263245489,-0.0533270816106283,-0.0895830912870732,-0.036256009676445
"467424",0.0576960461773717,0.087333080991985,0.0679521553829619,0.019380925609023,0.0296370348146133,0.0102561092055902
"434903",0.221179654563345,0.0860036267140359,0.166497788972182,-0.0804941622581457,-0.135176027849309,-0.0546818655911638
"134760",0.153234647259609,0.095840058771637,0.130045173438898,-0.0342051146672607,-0.0573945884879716,-0.0231894738207109
"189214",0.0642721664176816,0.0853452319587209,0.0716955331203434,0.0136496988383776,0.0210730655410394,0.0074233667026618
"205258",0.115378815369807,0.098692938534086,0.10905428465397,-0.0103613461198845,-0.0166858768357213,-0.00632453071583686
"284696",3.23100655577365,0.199698338514655,3.23100655577365,-3.031308217259,-3.031308217259,0
"359893",0.019796798530252,0.068961068817087,0.0349826597763211,0.0339784090407659,0.049164270286835,0.0151858612460691
"176237",0.054563833949483,0.0857963810694998,0.0652337859153112,0.0205625951541885,0.0312325471200167,0.0106699519658282
"370468",0.094098703760989,0.0824685177890862,0.0880322836330751,-0.00556376584398886,-0.0116301859719028,-0.00606642012791392
"572928",0.0447069794474922,0.0796262881540304,0.0559647604911585,0.0236615276628719,0.0349193087065382,0.0112577810436663
"553402",0.23710418815231,0.113019320966027,0.185637563196335,-0.0726182422303078,-0.124084867186283,-0.0514666249559752
"577870",0.665488919706676,0.138407237074204,0.42768142582355,-0.289274188749346,-0.527081682632472,-0.237807493883126
"189461",0.0684555165600938,0.0769303790872739,0.0714833628388771,0.00544701624839682,0.0084748625271801,0.00302784627878329
"456201",0.228993888850214,0.0913333961943288,0.170683482871068,-0.0793500866767392,-0.137660492655886,-0.0583104059791464
"469951",0.0592426712275624,0.0819578650300619,0.0671120429790405,0.0148458220510214,0.0227151938024995,0.0078693717514781
"485215",0.0372944465187601,0.0838052976824577,0.0524685726092174,0.0313367250732403,0.0465108511636976,0.0151741260904572
"484206",0.0934312922409344,0.0948726104539434,0.0939723284590169,0.000900281994926505,0.00144131821300897,0.000541036218082463
"25332",0.330143397680508,0.116789098639628,0.238768345096828,-0.1219792464572,-0.21335429904088,-0.0913750525836795
"419725",0.148749388762817,0.0893003534702295,0.124997849268581,-0.0356974957983517,-0.0594490352925873,-0.0237515394942355
"300139",0.0194962710697937,0.0724429955761443,0.0348677490574284,0.0375752465187159,0.0529467245063506,0.0153714779876347
"11964",0.116405674345265,0.0862845720243449,0.104874093426001,-0.018589521401656,-0.03012110232092,-0.011531580919264
"347786",0.191830027505246,0.114474494261854,0.160876922182882,-0.0464024279210277,-0.0773555332433913,-0.0309531053223636
"172656",0.123469155656858,0.0861266456161659,0.108871898508536,-0.0227452528923699,-0.0373425100406922,-0.0145972571483223
"39309",0.139365516716796,0.0799657805445193,0.115536369203123,-0.0355705886586033,-0.0593997361722768,-0.0238291475136736
"468975",0.0482017006120136,0.0728980636781093,0.0585177056413575,0.0143803580367518,0.0246963630660957,0.0103160050293438
"63022",0.134769712685292,0.0945154127459367,0.119156705263378,-0.0246412925174409,-0.0402542999393555,-0.0156130074219146
"402566",0.236242943583798,0.0831361686647526,0.170191647980595,-0.0870554793158424,-0.153106774919045,-0.0660512956032027
"61328",0.214602358318801,0.135605577067049,0.183161768038563,-0.0475561909715146,-0.0789967812517529,-0.0314405902802382
"205550",0.0744530941902812,0.0869667463796786,0.0810512306388444,0.00591551574083422,0.0125136521893974,0.00659813644856319
"133326",0.111426972213366,0.0889402223693654,0.102774538110314,-0.0138343157409486,-0.0224867498440006,-0.00865243410305204
"208548",0.0197663158020474,0.0760463469095314,0.0359833375729695,0.0400630093365619,0.056280031107484,0.0162170217709221
"263417",0.407378538116783,0.0739408523693717,0.407378538116783,-0.333437685747411,-0.333437685747411,0
"163086",0.0373353722827545,0.0741037461406969,0.049060336578656,0.0250434095620409,0.0367683738579425,0.0117249642959016
"556881",0.0853640185210437,0.0911511673403923,0.0874657546138255,0.00368541272656676,0.00578714881934857,0.0021017360927818
"489678",0.0927829914523167,0.0837289987070666,0.089391730175734,-0.00566273146866739,-0.00905399274525016,-0.00339126127658278
"147990",0.191171242827597,0.10634334102448,0.156530055255086,-0.0501867142306055,-0.0848279018031169,-0.0346411875725114
"97896",0.101340910905186,0.0971756686417469,0.0997801554598605,-0.00260448681811359,-0.00416524226343951,-0.00156075544532591
"41987",0.05144055272432,0.0984447509187451,0.0682268296732584,0.0302179212454867,0.0470041981944251,0.0167862769489384
"30430",0.11993725244456,0.102676959211649,0.115842390589958,-0.0131654313783085,-0.0172602932329106,-0.00409486185460216
"138940",0.0515604160795935,0.0855240954388316,0.063057320295627,0.0224667751432045,0.033963679359238,0.0114969042160335
"236821",0.040254800299047,0.0818767465096499,0.0520428172243793,0.0298339292852705,0.0416219462106029,0.0117880169253324
"496357",0.269116283418288,0.102389763554319,0.200053689071583,-0.0976639255172639,-0.166726519863969,-0.0690625943467055
"558048",0.417892723785126,0.100188538661557,0.275045776693995,-0.174857238032439,-0.317704185123569,-0.142846947091131
"308499",0.0932782872363193,0.0819203159533681,0.0889808078196782,-0.00706049186631007,-0.0113579712829512,-0.0042974794166411
"359946",0.0848799983034983,0.0883076264863414,0.0861455214524977,0.00216210503384376,0.0034276281828431,0.00126552314899935
"366481",0.260714337374762,0.143649615331924,0.213702364159757,-0.0700527488278324,-0.117064722042838,-0.0470119732150054
"25196",0.172497466531573,0.0956023021341869,0.140768203079233,-0.0451659009450464,-0.0768951643973858,-0.0317292634523393
"552354",0.0933832669511152,0.101544416584831,0.0963599361753247,0.00518448040950611,0.00816114963371553,0.00297666922420942
"80363",0.226672032895266,0.0816130889103594,0.164392612957658,-0.0827795240472989,-0.145058943984907,-0.0622794199376081
"65924",0.150379425362235,0.0877093500302283,0.125268948595579,-0.0375595985653505,-0.0626700753320071,-0.0251104767666566
"520688",0.290524832512478,0.110996348866516,0.21410845000439,-0.103112101137874,-0.179528483645962,-0.0764163825080881
"44036",0.169615230715517,0.0922977854188026,0.138019876889288,-0.0457220914704853,-0.0773174452967144,-0.0315953538262291
"335994",0.0401894876004996,0.0747963838574342,0.0513741094816564,0.0234222743757778,0.0346068962569347,0.0111846218811568
"202124",0.231303719562223,0.0980640723067885,0.175282276318942,-0.0772182040121531,-0.133239647255434,-0.0560214432432811
"23695",0.323160105164235,0.0924861083470184,0.220899191255839,-0.12841308290882,-0.230673996817217,-0.102260913908396
"100757",0.0783282165527371,0.100225048848656,0.0862979167944804,0.0139271320541759,0.0218968322959192,0.0079697002417433
"279393",0.0147121893661508,0.0827026024177391,0.0338201334982386,0.0488824689195005,0.0679904130515883,0.0191079441320877
"362115",0.173931775663273,0.0961508747694314,0.142257844038493,-0.0461069692690619,-0.0777809008938416,-0.0316739316247797
"140900",0.49858064660267,0.133500779035998,0.338300183621785,-0.204799404585787,-0.365079867566672,-0.160280462980885
"223878",0.054166875692365,0.0843495086127217,0.0643886754096724,0.0199608332030493,0.0301826329203567,0.0102217997173074
"270284",0.0223059156354308,0.0791928581529532,0.039043470048868,0.0401493881040852,0.0568869425175224,0.0167375544134372
"37983",0.101158479868997,0.0864073656106335,0.0955792367549585,-0.00917187114432497,-0.0147511142583635,-0.00557924311403858
"362101",0.294042806972066,0.0873628791664172,0.203135472927304,-0.115772593760887,-0.206679927805649,-0.0909073340447623
"340275",0.0649399428098725,0.0809979062107808,0.0706073519869856,0.0103905542237952,0.0160579634009083,0.00566740917711314
"112160",0.230975758112007,0.109431732213119,0.18061164675508,-0.0711799145419615,-0.121544025898889,-0.0503641113569271
"50920",0.0169501950999622,0.0743561826402368,0.0334381922212879,0.0409179904189488,0.0574059875402746,0.0164879971213257
"558478",0.262578423723551,0.127876372074587,0.206635952389534,-0.0787595803149476,-0.134702051648964,-0.0559424713340163
"481503",0.0808448268792998,0.0981802335307938,0.0871270554789751,0.0110531780518187,0.017335406651494,0.00628222859967532
"33431",0.228462972489919,0.100781260976278,0.17513963912992,-0.0743583781536419,-0.12768171151364,-0.0533233333599984
"323834",0.0809395055180516,0.0892187602267601,0.0839399846664363,0.00527877556032386,0.00827925470870856,0.00300047914838471
"393801",0.288011331742523,0.133260890114509,0.223331074773405,-0.0900701846588956,-0.154750441628014,-0.064680256969118
"301277",0.183446132065319,0.0983588434540318,0.148790668309275,-0.0504318248552429,-0.0850872886112874,-0.0346554637560445
"82859",0.0296147889871654,0.0837071038614001,0.0463341075528446,0.0373729963085555,0.0540923148742347,0.0167193185656792
"11494",0.123077082171302,0.0870399679728008,0.109077657862277,-0.022037689889476,-0.0360371141985014,-0.0139994243090254
"308712",0.12594386305238,0.102104273178547,0.11682125796753,-0.0147169847889831,-0.0238395898738328,-0.00912260508484966
"135473",0.0710298617204724,0.0855120096589328,0.0761670576133729,0.00934495204555995,0.0144821479384605,0.00513719589290051
"8441",0.273117858181179,0.145215725155107,0.221178017976627,-0.07596229282152,-0.127902133026073,-0.0519398402045528
"524316",0.118108724541768,0.0792951053961233,0.102902094155361,-0.0236069887592375,-0.0388136191456446,-0.0152066303864071
"180237",0.722792993568932,0.201594007198238,0.497385731117669,-0.295791723919431,-0.521198986370694,-0.225407262451263
"273130",0.244494590322649,0.1062964239232,0.186851776504596,-0.0805553525813959,-0.13819816639945,-0.0576428138180539
"9967",0.136560200969925,0.0964175772420965,0.120902131994977,-0.0244845547528801,-0.0401426237278281,-0.015658068974948
"184913",0.146183027464553,0.114007192645836,0.133630539812205,-0.0196233471663682,-0.0321758348187171,-0.0125524876523489
"351098",0.0162756919020718,0.0809703430942234,0.0352766940089228,0.0456936490853006,0.0646946511921516,0.019001002106851
"373010",0.131353158635659,0.0926502000944908,0.116290112812598,-0.0236399127181069,-0.0387029585411682,-0.0150630458230613
"345822",0.286849413426039,0.0909452311340119,0.206864394164356,-0.115919163030344,-0.195904182292027,-0.0799850192616823
"129016",0.0217637089679432,0.0819072121194496,0.039376745935755,0.0425304661836945,0.0601435031515063,0.0176130369678118
"160209",0.140088038851436,0.0781406617478086,0.115140819351216,-0.0370001576034069,-0.0619473771036276,-0.0249472195002207
"97629",0.0991055188878261,0.100232760977662,0.0995117654049862,0.000720995572675368,0.00112724208983545,0.000406246517160078
"208550",0.0141784715691193,0.0720918692846768,0.030810446601744,0.0412814226829328,0.0579133977155575,0.0166319750326247
"397110",0.226164062899634,0.106148828523524,0.176313508115362,-0.0701646795918379,-0.12001523437611,-0.0498505547842721
"303363",0.279057262510052,0.134390130764389,0.218717035783867,-0.0843269050194783,-0.144667131745663,-0.0603402267261846
"232099",0.0232536099542217,0.0828920256264785,0.0410333202007288,0.0418587054257497,0.0596384156722567,0.017779710246507
"70158",0.111210623496804,0.0938285125784308,0.104585296209346,-0.0107567836309151,-0.0173821109183732,-0.00662532728745817
"135248",0.500265890782014,0.156651211642748,0.352354403665271,-0.195703192022523,-0.343614679139266,-0.147911487116743
"415928",0.02118586769899,0.0804582014225094,0.038414620666708,0.0420435807558014,0.0592723337235194,0.0172287529677179
"301535",0.0241042758685831,0.0805590463148972,0.0408479803896125,0.0397110659252847,0.0564547704463141,0.0167437045210294
"36546",1.03035165633012,0.130193957040322,1.03035165633012,-0.900157699289793,-0.900157699289793,0
"100426",0.332196887475299,0.100240365871927,0.230078125797322,-0.129837759925395,-0.231956521603373,-0.102118761677978
"96548",0.112231634409665,0.0855929738078367,0.102007978820584,-0.0164150050127473,-0.0266386606018282,-0.0102236555890809
"22121",0.138820623785769,0.0962487570740739,0.122224905384801,-0.0259761483107275,-0.0425718667116953,-0.0165957184009678
"466842",0.254687003535041,0.0980466725657486,0.187847375248963,-0.0898007026832144,-0.156640330969293,-0.0668396282860782
"116715",0.0511957996879308,0.0715695782475868,0.0594847529701223,0.0120848252774645,0.020373778559656,0.00828895328219151
"276009",0.284855552410462,0.130427212320394,0.220856537300787,-0.0904293249803933,-0.154428340090069,-0.0639990151096752
"123590",0.138415224051835,0.0933616015776915,0.117797235011624,-0.0244356334339321,-0.0450536224741434,-0.0206179890402113
"178935",0.0673272885616592,0.093725913344905,0.0765137742720948,0.0172121390728102,0.0263986247832458,0.00918648571043552
"441714",0.109281111500115,0.0691858993178292,0.0936234476258166,-0.0244375483079874,-0.040095212182286,-0.0156576638742986
"49412",0.0378017436593974,0.0949011128253311,0.0559458853667157,0.0389552274586154,0.0570993691659338,0.0181441417073184
"449225",0.1642492081351,0.102697598447751,0.139608845333405,-0.0369112468856538,-0.0615516096873491,-0.0246403628016952
"446325",0.206878268519456,0.0939417362960638,0.159737131084496,-0.0657953947884322,-0.112936532223392,-0.0471411374349598
"384169",0.0651098332983103,0.0950266411099788,0.0755381997601572,0.0194884413498215,0.0299168078116684,0.0104283664618469
"383478",0.0802864495209262,0.105676455508561,0.0892573449617546,0.0164191105468064,0.0253900059876349,0.00897089544082842
"514673",0.143848338516407,0.081161290045739,0.118511339610396,-0.0373500495646568,-0.0626870484706682,-0.0253369989060114
"331882",0.101415191982312,0.0854981016963057,0.095356465496728,-0.00985836380042228,-0.0159170902860061,-0.00605872648558384
"204278",0.050517052925663,0.0797040130808741,0.0620562983998002,0.0176477146810738,0.0291869601552111,0.0115392454741372
"418504",0.0935962359749713,0.0902909871785111,0.0909419628552575,-0.000650975676746463,-0.00330524879646024,-0.00265427311971378
"335747",0.0751344677273413,0.0920571936260222,0.0812264628471402,0.0108307307788819,0.0169227258986809,0.00609199511979891
"405930",0.139612640752765,0.0912105303456311,0.120580461486456,-0.0293699311408253,-0.0484021104071337,-0.0190321792663084
"164689",0.155095478555619,0.0923094170333939,0.129910794881468,-0.0376013778480737,-0.0627860615222253,-0.0251846836741516
"357506",0.148453779745447,0.0942383671437866,0.126937761231009,-0.0326993940872221,-0.0542154126016608,-0.0215160185144387
"540112",0.252556303689946,0.113371004398815,0.194817603688885,-0.0814465992900701,-0.139185299291131,-0.0577387000010606
"279277",0.326607017615478,0.120021122341322,0.238254821154914,-0.118233698813592,-0.206585895274155,-0.0883521964605631
"531302",0.187806734363864,0.0851951420429441,0.145183150466882,-0.0599880084239381,-0.10261159232092,-0.0426235838969818
"523488",0.228551973312618,0.0920992780756756,0.170838435210917,-0.0787391571352415,-0.136452695236943,-0.0577135381017011
"344659",0.360652364436218,0.139455612627158,0.266241157061222,-0.126785544434064,-0.221196751809059,-0.0944112073749954
"384109",0.10022971953791,0.100018394417493,0.101971805286191,-0.00195341086869806,-0.000211325120417563,0.0017420857482805
"368120",0.0965395879309648,0.0783968181402065,0.0934418070721653,-0.0150449889319588,-0.0181427697907583,-0.00309778085879957
"255015",0.0594050827316409,0.0978928160907368,0.0726938613229743,0.0251989547677625,0.0384877333590959,0.0132887785913334
"486431",0.0150937975426267,0.0742528708165416,0.0318349410665081,0.0424179297500335,0.0591590732739149,0.0167411435238814
"565617",0.107447075398614,0.0990748551724479,0.104281104884239,-0.00520624971179125,-0.00837222022616638,-0.00316597051437513
"542202",0.0280677180043004,0.0754972142259538,0.042452943552344,0.0330442706736098,0.0474294962216534,0.0143852255480436
"85016",0.690811648457615,0.223695473422879,0.493493033741148,-0.269797560318269,-0.467116175034736,-0.197318614716467
"477219",0.127308663767525,0.0771869362613586,0.107465915331196,-0.0302789790698372,-0.0501217275061659,-0.0198427484363287
"52220",0.127028890027017,0.0933222553344948,0.114003274471473,-0.0206810191369779,-0.0337066346925224,-0.0130256155555445
"139915",0.0522254358742089,0.0963050495867588,0.0669566027223593,0.0293484468643995,0.04407961371255,0.0147311668481505
"49912",0.0344295894453849,0.0759481296030503,0.0473337648533932,0.0286143647496571,0.0415185401576655,0.0129041754080083
"239968",0.285995813849155,0.0955978905441225,0.200119580710755,-0.104521690166632,-0.190397923305032,-0.0858762331384003
"389534",0.0352714154781711,0.0833848312457638,0.0504604554690417,0.0329243757767221,0.0481134157675927,0.0151890399908705
"128854",0.0266963158669473,0.0701126840696109,0.0397229195984997,0.0303897644711112,0.0434163682026636,0.0130266037315524
"476460",0.275948655474539,0.0851249722360854,0.192071218072065,-0.10694624583598,-0.190823683238454,-0.0838774374024741
"5736",0.0339156589625606,0.0917103732921804,0.0517973532933503,0.0399130199988301,0.0577947143296198,0.0178816943307897
"8431",0.0362226076977667,0.0731595576864554,0.0467517063585552,0.0264078513279002,0.0369369499886888,0.0105290986607885
"553306",0.00266254516720209,0.0702264269128277,0.0173857278336997,0.052840699079128,0.0675638817456256,0.0147231826664976
"393514",0.107350020631805,0.0983254942108107,0.106155835076391,-0.00783034086558063,-0.00902452642099431,-0.00119418555541369
"277030",0.0363470156868717,0.0830046374742259,0.0513241388266398,0.0316804986475861,0.0466576217873542,0.0149771231397681
"147786",0.040765868931313,0.0833157501641191,0.0548237177538342,0.0284920324102848,0.042549881232806,0.0140578488225212
"315739",0.040482281787889,0.0855649256436799,0.0552506443657044,0.0303142812779754,0.0450826438557909,0.0147683625778154
"243823",0.0542734231661544,0.0799815152870761,0.065183255881113,0.0147982594059632,0.0257080921209218,0.0109098327149586
"480656",0.179426216258618,0.104538449351641,0.149521198279286,-0.0449827489276446,-0.0748877669069766,-0.029905017979332
"389869",0.254795343526969,0.0798328337702384,0.178276360845556,-0.0984435270753178,-0.17496250975673,-0.0765189826814124
"247797",0.112972249130581,0.0743654978337102,0.0978744689332814,-0.0235089710995713,-0.0386067512968705,-0.0150977801972992
"566876",0.121672124659148,0.105398916418003,0.115267367935375,-0.00986845151737158,-0.0162732082411452,-0.00640475672377365
"397265",0.120015965931944,0.107666345762767,0.115571651888992,-0.0079053061262252,-0.0123496201691773,-0.00444431404295213
"55218",0.147045814676919,0.117614871359405,0.135676146787947,-0.0180612754285425,-0.0294309433175144,-0.0113696678889719
"302392",0.121309474923935,0.0894254694188325,0.10804920784077,-0.0186237384219378,-0.0318840055051027,-0.0132602670831649
"223617",0.0616976924430614,0.0706226000420992,0.0648320191191396,0.0057905809229595,0.00892490759903774,0.00313432667607823
"414855",0.0243717717114467,0.0745496409233794,0.038271251674538,0.0362783892488414,0.0501778692119327,0.0138994799630913
"347885",0.0852144469176061,0.099688215517593,0.0905468509228289,0.00914136459476408,0.0144737685999868,0.00533240400522277
"131107",0.0229111065385022,0.0883724041147654,0.0422310421553054,0.04614136195946,0.0654612975762632,0.0193199356168032
"301570",0.0117652129564477,0.0745945544827671,0.0281556027725673,0.0464389517101998,0.0628293415263194,0.0163903898161197
"438640",0.0487473943480483,0.0833549062378015,0.0621400109308016,0.0212148953069999,0.0346075118897532,0.0133926165827533
"433837",0.290497915697996,0.110281911052227,0.213594681871533,-0.103312770819305,-0.180216004645769,-0.0769032338264632
"386681",0.0837733337584884,0.0905282043115727,0.086241025531007,0.00428717878056563,0.00675487055308426,0.00246769177251863
"416884",0.117561597956643,0.0822100117762048,0.103819038014091,-0.0216090262378857,-0.0353515861804385,-0.0137425599425528
"507741",0.0478657889264613,0.0959020623383412,0.0636869159942414,0.0322151463440998,0.0480362734118799,0.0158211270677801
"424749",0.216260275953873,0.131646172743913,0.181660706943063,-0.0500145341991494,-0.0846141032099602,-0.0345995690108107
"129777",0.0649030292798474,0.0876120154689836,0.0728324065900519,0.0147796088789317,0.0227089861891362,0.00792937731020453
"65460",0.0739084009666801,0.090047313689723,0.0797380404899189,0.0103092731998041,0.016138912723043,0.00582963952323889
"24675",0.106908632199075,0.0866437866752999,0.099211048402471,-0.0125672617271711,-0.0202648455237754,-0.0076975837966043
"519734",0.183444109303807,0.115940918768194,0.156483603345161,-0.0405426845769664,-0.0675031905356128,-0.0269605059586464
"424497",0.0396469276432376,0.087505746275945,0.0559913569535105,0.0315143893224345,0.0478588186327074,0.0163444293102729
"402373",0.0908313357508066,0.0914199117121074,0.092559002768667,-0.00113909105655959,0.000588575961300838,0.00172766701786042
"3037",0.0923389863739685,0.0738988014258695,0.0853802283780074,-0.0114814269521379,-0.018440184948099,-0.00695875799596116
"49682",0.171644974024894,0.115799639328586,0.149340610554226,-0.0335409712256406,-0.0558453346963086,-0.0223043634706679
"450191",0.0846384714943852,0.0951903182723283,0.0904470666317613,0.00474325164056696,0.0105518467779431,0.00580859513737617
"567272",0.0697725580740599,0.104139996496444,0.081885765939544,0.0222542305568997,0.0343674384223838,0.012113207865484
"398769",0.0538887480101456,0.102996370129739,0.0703940792106731,0.0326022909190658,0.0491076221195933,0.0165053312005275
"95474",0.102991453962375,0.0862804619850395,0.0966585452389622,-0.0103780832539227,-0.0167109919773353,-0.00633290872341261
"450741",0.097664965793705,0.0885505762216676,0.0944439240544576,-0.00589334783279002,-0.00911438957203742,-0.00322104173924739
"120150",0.0928280814315816,0.0975001888378956,0.0945472851573158,0.00295290368057984,0.00467210740631407,0.00171920372573424
"226793",0.449593300679957,0.0942915400341652,0.286415200803813,-0.192123660769647,-0.355301760645792,-0.163178099876144
"170038",0.204837231091831,0.10365152821724,0.163147158787841,-0.0594956305706003,-0.101185702874591,-0.0416900723039907
"139511",0.338532053430413,0.114049708371123,0.241651045694094,-0.127601337322972,-0.22448234505929,-0.0968810077363187
"160601",0.0990489043507159,0.100394498766759,0.0995524244338698,0.000842074332889353,0.00134559441604325,0.000503520083153894
"413329",0.0465570920381857,0.0899296937996363,0.0609942241415507,0.0289354696580856,0.0433726017614506,0.014437132103365
"352828",0.0610235230823713,0.0833948996864423,0.0688458411831816,0.0145490585032607,0.022371376604071,0.00782231810081033
"390479",0.0448365883749083,0.0911300499567117,0.0601613654181683,0.0309686845385433,0.0462934615818033,0.01532477704326
"494083",0.195559941640014,0.120738263521049,0.168447137956412,-0.0477088744353636,-0.0748216781189658,-0.0271128036836023
"272045",0.60765897545348,0.175926432446861,0.417356422034088,-0.241429989587227,-0.43173254300662,-0.190302553419393
"243119",0.531865342641688,0.129112174075927,0.351824124933161,-0.222711950857234,-0.402753168565761,-0.180041217708527
"463646",0.0897516181451019,0.0966588462535282,0.0940414867550735,0.00261735949845469,0.0069072281084263,0.0042898686099716
"299595",0.219143307622269,0.0758522113597895,0.157357863546149,-0.0815056521863595,-0.14329109626248,-0.0617854440761204
"406003",0.105450974678731,0.0876177271000916,0.0986136486314839,-0.0109959215313923,-0.0178332475786392,-0.00683732604724684
"387803",0.0554552716493858,0.0950979897535375,0.06985344167858,0.0252445480749576,0.0396427181041517,0.0143981700291941
"415663",0.210842995615694,0.0976910731954492,0.163686720051718,-0.0659956468562686,-0.113151922420245,-0.0471562755639763
"117283",0.158386470066819,0.112503070506755,0.140478783335253,-0.0279757128284976,-0.0458833995600637,-0.0179076867315661
"80394",0.0768514974320646,0.103031589326311,0.0867695701420648,0.0162620191842462,0.0261800918942464,0.00991807271000018
"540887",0.0920465620723738,0.10350456829986,0.0963050756226463,0.00719949267721341,0.0114580062274859,0.00425851355027253
"7148",0.141384804049838,0.0991347498976808,0.124848029100658,-0.0257132792029776,-0.0422500541521572,-0.0165367749491796
"57951",0.0721495896173838,0.0914779924794252,0.0789652373424512,0.012512755136974,0.0193284028620414,0.00681564772506739
"498474",0.116920520634496,0.103574518626106,0.111863871798517,-0.00828935317241047,-0.0133460020083902,-0.00505664883597969
"97055",0.160314157236199,0.105383138510856,0.138658476724784,-0.0332753382139285,-0.054931018725343,-0.0216556805114145
"150006",0.0118912808180115,0.0790263993140413,0.0301742750573902,0.0488521242566511,0.0671351184960298,0.0182829942393787
"329551",0.0745813943256483,0.104608279411602,0.0852758518049487,0.0193324276066532,0.0300268850859537,0.0106944574793004
"194695",0.0254016482899038,0.0831842899965804,0.0427079414744384,0.0404763485221421,0.0577826417066766,0.0173062931845345
"446318",0.911100950620473,0.212386058137534,0.609686729899979,-0.397300671762445,-0.698714892482939,-0.301414220720494
"73451",0.0639112858881602,0.109603336369405,0.079533080755401,0.0300702556140038,0.0456920504812445,0.0156217948672407
"274442",0.0589896453281702,0.0817245300777579,0.0668324904262193,0.0148920396515385,0.0227348847495877,0.00784284509804917
"57220",0.053471649593536,0.0952268401058293,0.0676992098486321,0.0275276302571971,0.0417551905122933,0.0142275602550961
"139697",0.0447301378487534,0.0803473940151931,0.0564182721558127,0.0239291218593804,0.0356172561664397,0.0116881343070594
"368640",0.0750559033331164,0.116104673782906,0.0893697071325156,0.0267349666503899,0.0410487704497891,0.0143138037993992
"90845",0.257124477599856,0.134654971285251,0.20700374905074,-0.0723487777654883,-0.122469506314605,-0.0501207285491166
"517531",0.0971890449781567,0.104340435982123,0.102074232947665,0.00226620303445799,0.00715139100396579,0.00488518796950781
"381419",0.194530625771054,0.116144648725487,0.16286983360894,-0.0467251848834531,-0.0783859770455668,-0.0316607921621137
"160224",0.211366533213586,0.128165495568537,0.177508032086201,-0.0493425365176635,-0.0832010376450488,-0.0338585011273853
"214357",0.0217480577524694,0.0839206934852902,0.0402881777644376,0.0436325157208526,0.0621726357328208,0.0185401200119682
"261522",0.0721902040152607,0.0955649776433503,0.0806572773371926,0.0149077003061578,0.0233747736280896,0.00846707332193185
"41839",0.0617417872126419,0.10180608058488,0.0755718491025291,0.0262342314823505,0.0400642933722377,0.0138300618898871
"496176",0.0435330088635075,0.0828613431409415,0.056784283658676,0.0260770594822655,0.039328334277434,0.0132512747951685
"55224",0.0458619392976768,0.075120468162601,0.0555675805147256,0.0195528876478754,0.0292585288649242,0.00970564121704878
"287661",0.0320072071346482,0.0826499998813357,0.0488437600820151,0.0338062397993205,0.0506427927466875,0.016836552947367
"469465",0.0120963690128728,0.07387245706949,0.0283973118756069,0.0454751451938831,0.0617760880566172,0.0163009428627342
"194659",0.100977081622003,0.0850370757780155,0.0949985826362656,-0.00996150685825009,-0.0159400058439876,-0.00597849898573746
"92578",0.110330211483504,0.114457569577628,0.111850824463786,0.00260674511384171,0.00412735809412446,0.00152061298028275
"63385",0.0593509469988009,0.095250805767905,0.0717059713628405,0.0235448344050645,0.035899858769104,0.0123550243640396
"413023",0.0151856535626047,0.0744066438322104,0.0322124967749034,0.042194147057307,0.0592209902696057,0.0170268432122987
"551692",0.747789830072248,0.1701370958376,0.494031109955525,-0.323894014117925,-0.577652734234648,-0.253758720116723
"298381",0.188489007284434,0.124840771977183,0.163181300866763,-0.0383405288895809,-0.0636482353072512,-0.0253077064176702
"465554",0.0681473686836389,0.0983751788186783,0.079366754650571,0.0190084241681073,0.0302278101350394,0.0112193859669321
"521278",0.349092141557687,0.151261761838664,0.266268315308814,-0.11500655347015,-0.197830379719023,-0.0828238262488735
"360528",0.283655095766496,0.109455310027981,0.209540859761509,-0.100085549733529,-0.174199785738515,-0.0741142360049865
"494444",0.252404482672484,0.109695099983557,0.192787444822783,-0.0830923448392263,-0.142709382688927,-0.059617037849701
"142246",0.197814164976991,0.114851166474849,0.167427642301254,-0.0525764758264046,-0.0829629985021414,-0.0303865226757368
"546052",0.0246195969016675,0.0717414663701548,0.0402754626597057,0.0314660037104492,0.0471218694684873,0.0156558657580382
"287272",0.175220821479348,0.112519076339241,0.150227270145001,-0.03770819380576,-0.062701745140107,-0.024993551334347
"496468",0.169560668273977,0.113430392509888,0.147245231310223,-0.0338148388003351,-0.0561302757640897,-0.0223154369637546
"536124",0.108220048967671,0.0869229142230153,0.100056730029699,-0.0131338158066834,-0.0212971347446557,-0.00816331893797227
"203672",0.0260039351404842,0.0753844983041947,0.0409576040345069,0.0344268942696878,0.0493805631637105,0.0149536688940227
"529332",0.0853161520780505,0.113836697679749,0.0970278008430158,0.0168088968367328,0.0285205456016982,0.0117116487649654
"318729",0.0706235700193205,0.0974571586502986,0.0800636466710055,0.0173935119792931,0.0268335886309781,0.00944007665168506
"35103",0.0494638390650463,0.0904848633555243,0.0631222593194958,0.0273626040360285,0.041021024290478,0.0136584202544495
"479770",0.0917297821796177,0.0965071222594027,0.0934864613477063,0.00302066091169641,0.00477734007978507,0.00175667916808867
"479180",0.212011912498054,0.0832772455613979,0.157462543365602,-0.0741852978042044,-0.128734666936656,-0.054549369132452
"126733",0.151227758902599,0.121966855378687,0.138799462472808,-0.0168326070941207,-0.0292609035239118,-0.0124282964297911
"350921",0.139599054309397,0.0918101602413005,0.120728332069401,-0.0289181718281003,-0.0477888940680969,-0.0188707222399966
"246317",0.0345078872987422,0.100811179365661,0.055675870449752,0.0451353089159091,0.0663032920669188,0.0211679831510098
"381408",0.0676329842706584,0.0791020795942858,0.0740776530118218,0.00502442658246402,0.0114690953236275,0.00644466874116345
"527038",0.698178632449529,0.163315575985033,0.460484584266902,-0.297169008281869,-0.534863056464496,-0.237694048182627
"339547",0.0214626872998109,0.0830995796240592,0.0397614769803026,0.0433381026437567,0.0616368923242483,0.0182987896804917
"148649",0.209264035810505,0.11634258634063,0.171577679485276,-0.0552350931446455,-0.0929214494698746,-0.037686356325229
"147639",0.39813416874162,0.0965303816778087,0.26204946149012,-0.165519079812311,-0.301603787063812,-0.136084707251501
"45425",0.908996300371288,0.252383158457033,0.624561901078295,-0.372178742621262,-0.656613141914255,-0.284434399292993
"532468",0.139616656255266,0.101919726775227,0.124989024210483,-0.023069297435256,-0.0376969294800389,-0.0146276320447829
"482233",0.137346151408968,0.100188441265957,0.121095079890378,-0.0209066386244204,-0.037157710143011,-0.0162510715185906
"278428",0.137333234698237,0.0953753994153511,0.120915202369643,-0.0255398029542916,-0.0419578352828862,-0.0164180323285945
"179461",0.301556338670516,0.0927139074089495,0.209874648541884,-0.117160741132935,-0.208842431261567,-0.0916816901286319
"406034",0.11191464441314,0.112387629478555,0.112019547558601,0.000368081919954591,0.000472985065414988,0.000104903145460397
"42055",0.0812223076082467,0.0879682247969572,0.0848649239496704,0.00310330084728684,0.0067459171887105,0.00364261634142365
"327752",0.355065394070924,0.105716726382137,0.245279426178618,-0.139562699796481,-0.249348667688787,-0.109785967892306
"120571",0.0255515291048145,0.0874965509082823,0.0442977462181385,0.0431988046901438,0.0619450218034678,0.018746217113324
"7584",0.0334054118820193,0.0767946018502423,0.0473500068899606,0.0294445949602817,0.043389189968223,0.0139445950079413
"231384",0.0321543959882925,0.089710170968548,0.0502825884026266,0.0394275825659213,0.0575557749802555,0.0181281924143341
"213927",0.0782948391650998,0.104187693387214,0.0874537674505172,0.0167339259366973,0.0258928542221147,0.00915892828541739
"130148",0.0427773538956574,0.0857637362563389,0.0566194811985965,0.0291442550577424,0.0429863823606815,0.0138421273029391
"475988",0.104112519243983,0.0787566729756936,0.0944085474899282,-0.0156518745142346,-0.0253558462682897,-0.00970397175405512
"518030",0.256178203757851,0.124688977648976,0.201490687127579,-0.0768017094786026,-0.131489226108875,-0.0546875166302724
"484755",0.0377406477492569,0.0678013968798913,0.0508728976144446,0.0169284992654466,0.0300607491306344,0.0131322498651877
"187299",0.186333558025084,0.11773067027492,0.158861392540857,-0.0411307222659371,-0.0686028877501641,-0.027472165484227
"445796",0.0509824341600901,0.0908845495216055,0.0645239255311098,0.0263606239904957,0.0399021153615154,0.0135414913710197
"20796",0.0774007816527549,0.0992798255223038,0.0852697645303502,0.0140100609919537,0.021879043869549,0.0078689828775953
"489693",0.0710462665370533,0.0897163249121253,0.0776671787615699,0.0120491461505553,0.018670058375072,0.00662091222451666
"504834",0.234631786407425,0.118177051421662,0.186783707021613,-0.0686066555999517,-0.116454734985764,-0.047848079385812
"333599",0.047961573080754,0.0909322508783755,0.0622227524788061,0.0287094983995694,0.0429706777976214,0.014261179398052
"40076",0.0667730739577911,0.0910991019249053,0.0753282337224428,0.0157708682024625,0.0243260279671142,0.00855515976465168
"189032",0.263372517265653,0.0785527187246743,0.181942938784092,-0.103390220059418,-0.184819798540979,-0.0814295784815609
"518716",0.0564873865793853,0.0958848332414147,0.0700862353353289,0.0257985979060859,0.0393974466620294,0.0135988487559435
"189485",0.0618352645242319,0.0931666036984858,0.0727639262317592,0.0204026774667266,0.0313313391742539,0.0109286617075273
"408607",0.0136522296018278,0.0798572999768497,0.0316568110338221,0.0482004889430276,0.0662050703750219,0.0180045814319943
"190232",0.265411271046442,0.102792045839837,0.196295137794476,-0.0935030919546383,-0.162619225206605,-0.0691161332519666
"386148",0.503900889480614,0.115951617787283,0.328610417476404,-0.21265879968912,-0.387949271693331,-0.175290472004211
"563763",0.0374997543915768,0.0962191679794188,0.0559641504761071,0.0402550175033118,0.0587194135878421,0.0184643960845303
"317415",0.0737382332697597,0.0959744065198683,0.0817503192703833,0.0142240872494849,0.0222361732501086,0.00801208600062367
"542254",0.0198240689337419,0.0778301678526996,0.0368308860507472,0.0409992818019524,0.0580060989189577,0.0170068171170053
"7257",0.0592865678321069,0.0843792261549544,0.0680555583487517,0.0163236678062027,0.0250926583228476,0.00876899051664487
"24572",0.056739118751956,0.100288628772365,0.0715896617858285,0.0286989669865365,0.0435495100204089,0.0148505430338724
"567477",0.0421927719201207,0.0751388922284121,0.0524796794670472,0.0226592127613649,0.0329461203082915,0.0102869075469266
"496624",0.642642672158663,0.130900777405123,0.40927529627488,-0.278374518869757,-0.511741894753539,-0.233367375883782
"81339",0.0213545073303173,0.0733872585430579,0.0364115669426992,0.0369756916003587,0.0520327512127406,0.0150570596123819
"449655",0.196762709416307,0.128081238039777,0.169444918683176,-0.0413636806433991,-0.0686814713765297,-0.0273177907331306
"116873",0.350722116019427,0.145684570276546,0.265284597407481,-0.119600027130935,-0.205037545742881,-0.0854375186119459
"116716",0.0440191934922893,0.0980554211221865,0.0625003106229014,0.0355551104992851,0.0540362276298972,0.0184811171306121
"80459",0.0289677505300989,0.096285876213512,0.0496431783667624,0.0466426978467496,0.0673181256834131,0.0206754278366635
"39561",0.100137032803475,0.0973537450797257,0.0991041637180689,-0.00175041863834322,-0.00278328772374975,-0.00103286908540653
"65838",0.115446852206878,0.102107203213598,0.11276077798244,-0.0106535747688417,-0.01333964899328,-0.00268607422443824
"95170",0.0689626245470454,0.0848740970434178,0.0767780586918994,0.00809603835151844,0.0159114724963724,0.00781543414485399
"269358",0.0367336084189435,0.0879447441655389,0.0532287625365285,0.0347159816290104,0.0512111357465954,0.016495154117585
"331575",0.239011987440279,0.0836682644457531,0.172076863614345,-0.0884085991685921,-0.155343722994526,-0.0669351238259339
"435956",0.0825566355410511,0.0916660435622652,0.0858589993235075,0.00580704423875772,0.0091094080212141,0.00330236378245638
"25163",0.0183382860066153,0.0793041944512975,0.0356323174639758,0.0436718769873217,0.0609659084446822,0.0172940314573605
"289257",0.0663890327174188,0.082213625119747,0.0720023874119117,0.0102112377078353,0.0158245924023282,0.00561335469449285
"86593",0.125981916362479,0.105600046907606,0.116831372820842,-0.0112313259132363,-0.0203818694548724,-0.00915054354163614
"63750",0.0318731452899812,0.0942452132262944,0.0515288370456482,0.0427163761806462,0.0623720679363132,0.019655691755667
"296789",0.350173138991987,0.154369819477847,0.269029082470643,-0.114659262992796,-0.19580331951414,-0.0811440565213441
"187426",0.125834408630012,0.10740442284627,0.121001809012078,-0.013597386165808,-0.0184299857837423,-0.00483259961793428
"95305",0.0984978066299163,0.0960509141381087,0.0975835150260537,-0.00153260088794503,-0.00244689249180763,-0.000914291603862596
"172047",0.133846633152759,0.103501923097838,0.121986174275366,-0.0184842511775278,-0.0303447100549214,-0.0118604588773936
"574362",0.198926341568413,0.120387458828031,0.167295649665246,-0.0469081908372149,-0.0785388827403822,-0.0316306919031673
"437339",0.0779350702081071,0.0897198700651907,0.0835656356062979,0.00615423445889278,0.0117847998570835,0.00563056539819076
"74910",0.0132152824391438,0.0726456161767283,0.0289445384415488,0.0437010777351795,0.0594303337375845,0.0157292560024051
"25724",0.0588981727166982,0.0879227091848544,0.0690283957941969,0.0188943133906576,0.0290245364681563,0.0101302230774987
"121294",0.0166974140931121,0.0792171751895286,0.0341848199253132,0.0450323552642154,0.0625197610964165,0.0174874058322011
"373149",0.0933217963632176,0.0876050939666973,0.0904634534027731,-0.00285835943607582,-0.00571670239652036,-0.00285834296044454
"196880",0.130312198064548,0.124483026902658,0.129674742347599,-0.00519171544494068,-0.00582917116188966,-0.000637455716948981
"65443",0.0558463778377084,0.0887412718557731,0.0670617533370541,0.021679518518719,0.0328948940180648,0.0112153754993458
"115419",0.0361821142423922,0.0771370823361483,0.0491737214544889,0.0279633608816594,0.0409549680937561,0.0129916072120966
"49800",0.0488909752626798,0.0890651290134774,0.0621543951988866,0.0269107338145908,0.0401741537507976,0.0132634199362068
"50224",0.0538578709118838,0.0731722517841135,0.0604555857764634,0.0127166660076501,0.0193143808722297,0.00659771486457954
"69714",0.00819389935039154,0.0769779317490502,0.0257838229066067,0.0511941088424435,0.0687840323986587,0.0175899235562151
"170744",0.424557107361001,0.0965885133530596,0.275489987905455,-0.178901474552396,-0.327968594007942,-0.149067119455546
"196839",0.0423811545791754,0.098117151505815,0.0603937849096949,0.03772336659612,0.0557359969266396,0.0180126303305196
"523466",0.110842132681114,0.11584983900245,0.112708587037421,0.00314125196502929,0.00500770632133579,0.0018664543563065
"224128",0.254473472461183,0.17461071760826,0.223212952144323,-0.0486022345360624,-0.0798627548529227,-0.0312605203168602
"76729",0.151055116938221,0.0762815208175457,0.120529965064169,-0.0442484442466235,-0.0747735961206754,-0.0305251518740519
"516423",0.0700793528966094,0.0957104573114017,0.0805591568676079,0.0151513004437939,0.0256311044147923,0.0104798039709984
"557044",0.269180579570879,0.092298357617494,0.194237639793226,-0.101939282175732,-0.176882221953385,-0.0749429397776533
"203568",0.152220014563733,0.112747862328172,0.136693915514362,-0.0239460531861898,-0.0394721522355612,-0.0155260990493714
"97819",0.0867267408674552,0.101826532272375,0.092288593977267,0.0095379382951081,0.0150997914049199,0.00556185310981176
"496028",0.0438887142987816,0.089231512012735,0.0586719810592992,0.0305595309534358,0.0453427977139534,0.0147832667605176
"135431",0.0619169355092602,0.0888881213524913,0.0713115534137237,0.0175765679387676,0.0269711858432311,0.00939461790446348
"476374",0.00829114750544499,0.0765238337230283,0.0262276659522292,0.0502961677707992,0.0682326862175833,0.0179365184467842
"38455",0.0303709883618606,0.0927840354307234,0.0498155470114747,0.0429684884192487,0.0624130470688628,0.0194445586496141
"353529",0.0360153355444988,0.0703507614835259,0.0460160685595407,0.0243346929239852,0.0343354259390271,0.0100007330150419
"435308",0.0802844579979241,0.102161091112466,0.0871016193484185,0.0150594717640478,0.0218766331145421,0.00681716135049434
"545743",0.0236310665795246,0.0925854458893832,0.0447553373780845,0.0478301085112988,0.0689543793098586,0.0211242707985598
"174376",0.363689677489543,0.149700283527817,0.272375009366154,-0.122674725838337,-0.213989393961726,-0.0913146681233896
"506031",0.0981479775757789,0.110895387081897,0.102841620835125,0.00805376624677179,0.012747409506118,0.00469364325934618
"425870",0.126888552723148,0.100254657192135,0.116639517880699,-0.016384860688564,-0.0266338955310135,-0.0102490348424495
"488848",0.0980297673187114,0.104826182194966,0.100533290755584,0.00429289143938209,0.00679641487625501,0.00250352343687292
"187314",0.0872817082780034,0.0994453503138957,0.0917283457978938,0.00771700451600198,0.0121636420358923,0.00444663751989034
"390240",0.023266805354215,0.0869145282762587,0.042278433080694,0.0446360951955647,0.0636477229220437,0.019011627726479
"375860",0.210555152820203,0.119557011006004,0.173350475069237,-0.0537934640632329,-0.0909981418141993,-0.0372046777509664
"125631",0.0215697811435784,0.0873517057599767,0.0414324391483388,0.0459192666116379,0.0657819246163983,0.0198626580047603
"113644",0.352218982583486,0.0921453608026776,0.236368708426431,-0.144223347623754,-0.260073621780808,-0.115850274157055
"187182",0.0934162147887672,0.105573377475877,0.0977986517520642,0.00777472572381285,0.0121571626871099,0.00438243696329707
"157319",0.145138196480823,0.079013228848048,0.118514206780592,-0.0395009779325444,-0.0661249676327747,-0.0266239897002303
"20090",0.134459241973474,0.0962260567160196,0.119474198815102,-0.0232481420990819,-0.0382331852574541,-0.0149850431583722
"55781",0.0273529206131011,0.0865642242384186,0.0464346163286637,0.0401296079097549,0.0592113036253175,0.0190816957155626
"459836",0.103312853200105,0.106238169981534,0.104404997229344,0.00183317275218976,0.00292531678142896,0.0010921440292392
"83846",0.033465672245041,0.0722750409248404,0.0458122491617097,0.0264627917631307,0.0388093686797994,0.0123465769166687
"369581",0.0976857014604612,0.106350296613539,0.100861299647786,0.0054889969657529,0.00866459515307789,0.00317559818732499
"510869",0.151715919967327,0.10939414621955,0.136199165221189,-0.026805019001639,-0.0423217737477763,-0.0155167547461374
"443492",0.272384978057125,0.132657229778255,0.214379080917272,-0.0817218511390165,-0.13972774827887,-0.0580058971398531
"343401",0.138852545386599,0.0830793601572232,0.116538134488116,-0.0334587743308933,-0.0557731852293757,-0.0223144108984825
"194208",0.511122009425627,0.127932372742639,0.340753424284022,-0.212821051541383,-0.383189636682988,-0.170368585141605
"465640",0.103456410279867,0.0920266168120079,0.098206068899881,-0.00617945208787309,-0.0114297934678591,-0.00525034137998602
"55804",0.0278694115181717,0.0900974624075764,0.0462637168092329,0.0438337455983435,0.0622280508894046,0.0183943052910611
"26080",0.133848728429717,0.0933703158699788,0.117917468242368,-0.0245471523723892,-0.0404784125597377,-0.0159312601873486
"240140",0.13410022822092,0.116425413032853,0.127216604241839,-0.010791191208986,-0.0176748151880666,-0.00688362397908054
"496578",0.101338013589215,0.0933967318794224,0.0983609562761102,-0.00496422439668773,-0.00794128170979296,-0.00297705731310523
"358592",0.129709377342204,0.0863150143562263,0.112716713471685,-0.0264016991154588,-0.0433943629859779,-0.0169926638705191
"414693",0.0640891236629917,0.0818332510794867,0.0703072574551002,0.0115259936243865,0.017744127416495,0.00621813379210852
"539597",0.0232588550426299,0.0817166611819471,0.0407241971898885,0.0409924639920586,0.0584578061393172,0.0174653421472586
"578185",0.0149397290403071,0.0709211406532946,0.029679971713215,0.0412411689400797,0.0559814116129875,0.0147402426729078
"336456",0.135244425262575,0.0921814447820675,0.115257930445302,-0.0230764856632348,-0.0430629804805077,-0.0199864948172729
"309984",0.209063083707259,0.13510656835947,0.179162178626582,-0.0440556102671122,-0.0739565153477885,-0.0299009050806764
"40991",0.0644318857846123,0.103986686227162,0.0780562576902902,0.0259304285368719,0.0395548004425499,0.0136243719056779
"121195",0.0995312940232016,0.0951251792668711,0.0982342843500627,-0.00310910508319155,-0.0044061147563305,-0.00129700967313895
"117083",0.0536477681315223,0.0934693897145967,0.0671855132716736,0.026283876442923,0.0398216215830743,0.0135377451401513
"30354",0.17741036141702,0.128011522854973,0.155421113596926,-0.0274095907419531,-0.0493988385620479,-0.0219892478200948
"29999",0.0775580643361373,0.0969025436125363,0.0844676196639318,0.0124349239486045,0.0193444792763989,0.00690955532779446
"445166",0.153037402921678,0.099307209597061,0.131755225108301,-0.0324480155112397,-0.0537301933246172,-0.0212821778133775
"108155",0.0815614955279165,0.112126153424988,0.0924428022158268,0.0196833512091613,0.0305646578970716,0.0108813066879103
"275900",0.0460500572762879,0.0906580189906602,0.0608088201749169,0.0298491988157433,0.0446079617143723,0.014758762898629
"54213",0.152457088635138,0.123308233238198,0.141185490489094,-0.0178772572508965,-0.0291488553969407,-0.0112715981460442
"442124",0.0843748174929433,0.0932730721807398,0.087663210308048,0.00560986187269184,0.00889825468779648,0.00328839281510464
"162892",0.113695351586458,0.11170052036515,0.112969666213766,-0.0012691458486157,-0.0019948312213077,-0.000725685372691992
"346079",0.558138386591324,0.23179183509955,0.422668053658415,-0.190876218558866,-0.326346551491774,-0.135470332932908
"75907",0.242137971964132,0.129944273239958,0.197752202717646,-0.0678079294776884,-0.112193698724174,-0.0443857692464857
"169394",0.0360572946255717,0.0998429196774988,0.0571193930640338,0.042723526613465,0.0637856250519271,0.0210620984384621
"80298",0.11950258679278,0.107930836825035,0.115107306867369,-0.00717647004233435,-0.0115717499677453,-0.00439527992541092
"140528",0.115652094456556,0.115046873092527,0.115337901322031,-0.00029102822950329,-0.000605221364028255,-0.000314193134524965
"49244",0.232873429858418,0.114683673137302,0.187517530963881,-0.0728338578265794,-0.118189756721117,-0.0453558988945372
"311274",0.2431531406179,0.116261773548013,0.190655795019406,-0.0743940214713937,-0.126891367069887,-0.0524973455984936
"170504",0.289724986204619,0.150681359323681,0.233235721960258,-0.0825543626365771,-0.139043626880938,-0.056489264244361
"315194",0.152280525174969,0.130295557319701,0.143890225440444,-0.0135946681207432,-0.0219849678552684,-0.00839029973452518
"190718",0.128870108797562,0.118087484175153,0.124763498325442,-0.0066760141502898,-0.0107826246224098,-0.00410661047212001
"305842",0.2100755501655,0.111674276526813,0.168849850640168,-0.0571755741133549,-0.0984012736386876,-0.0412256995253327
"531500",0.0694947127807195,0.0869693570630815,0.0757184457928147,0.0112509112702668,0.017474644282362,0.00622373301209522
"223638",0.0249077996410372,0.0886967726750104,0.0439014825447107,0.0447952901302997,0.0637889730339732,0.0189936829036735
"346013",0.101325172759472,0.094236672981127,0.099016600176962,-0.00477992719583493,-0.00708849977834516,-0.00230857258251023
"465025",1.59780995692058,0.259289531722286,1.59780995692058,-1.33852042519829,-1.33852042519829,0
"351660",0.0143034756234867,0.0783333392849958,0.0318847269688593,0.0464486123161366,0.0640298636615091,0.0175812513453725
"15145",0.480072335749611,0.158283500056465,0.342770673298823,-0.184487173242359,-0.321788835693146,-0.137301662450787
"249916",0.0731452536956957,0.0940710799719945,0.0794514770595691,0.0146196029124254,0.0209258262762987,0.00630622336387331
"80068",0.175535467031973,0.112470023902522,0.150297057991352,-0.0378270340888296,-0.0630654431294503,-0.0252384090406207
"526143",0.0692100358879388,0.0943582982838702,0.0780766191717574,0.0162816791121129,0.0251482623959314,0.00886658328381852
"218148",0.0301485865654006,0.0842309537534557,0.047214680019086,0.0370162737343697,0.054082367188055,0.0170660934536853
"214629",0.174946111780609,0.101418497694653,0.145348265695096,-0.0439297680004433,-0.0735276140859556,-0.0295978460855123
"415809",0.115073143234845,0.110313680177577,0.113280407980569,-0.00296672780299247,-0.00475946305726829,-0.00179273525427583
"279490",0.0714156241286135,0.0914431503466462,0.0785280665445306,0.0129150838021156,0.0200275262180327,0.00711244241591706
"211078",0.105574407895404,0.105286357840901,0.105508372349807,-0.000222014508906201,-0.000288050054503441,-6.603554559724e-05
"433098",0.623026241529156,0.143901262777847,0.406769759631738,-0.262868496853891,-0.479124978751308,-0.216256481897417
"23422",0.308707045397908,0.1607272973365,0.248292004546946,-0.0875647072104458,-0.147979748061408,-0.0604150408509622
"241223",0.118598792987759,0.118970339636629,0.118681373252438,0.000288966384190084,0.000371546648869292,8.25802646792079e-05
"83653",0.0609135298081639,0.107308046396582,0.0767946995246536,0.0305133468719284,0.0463945165884181,0.0158811697164897
"89498",0.156758142714218,0.10692368954464,0.137265350902909,-0.0303416613582691,-0.0498344531695784,-0.0194927918113093
"521289",0.200313392584793,0.0944977914442466,0.156363801888712,-0.0618660104444654,-0.105815601140547,-0.0439495906960814
"149188",0.0679765687791612,0.092212272945168,0.0765688765504114,0.0156433963947566,0.0242357041660068,0.00859230777125018
"79433",0.213991190204983,0.152016698438663,0.189728120976146,-0.0377114225374834,-0.0619744917663206,-0.0242630692288372
"362096",0.0184105652774855,0.0886541721310742,0.0388891922140788,0.0497649799169954,0.0702436068535887,0.0204786269365933
"281046",0.0447285744967142,0.0997490908822802,0.0627817317573498,0.0369673591249304,0.0550205163855661,0.0180531572606356
"97920",0.0606329338359056,0.104081488063243,0.0759868590763635,0.0280946289868792,0.0434485542273371,0.0153539252404579
"139920",0.0929930293781433,0.0895412743612114,0.0917214700173574,-0.00218019565614594,-0.0034517550169319,-0.00127155936078596
"385843",0.236461694267085,0.0802670330521959,0.168910221329074,-0.0886431882768777,-0.156194661214889,-0.0675514729380116
"357694",0.196612104760556,0.109281307028774,0.161390046314149,-0.0521087392853758,-0.0873307977317822,-0.0352220584464064
"299527",0.0382585527351774,0.068322522316233,0.0458133708380807,0.0225091514781522,0.0300639695810556,0.00755481810290336
"215299",0.180446355523035,0.101124929351652,0.148495944180779,-0.047371014829127,-0.0793214261713832,-0.0319504113422562
"312551",0.0817030125200773,0.100614237693426,0.0906471574492507,0.00996708024417559,0.018911225173349,0.00894414492917339
"107040",0.137238063455415,0.110787066229846,0.12509459650868,-0.0143075302788345,-0.0264509972255689,-0.0121434669467343
"321237",0.0319033311440476,0.0706428367525265,0.0439675857091666,0.0266752510433599,0.038739505608479,0.0120642545651191
"410960",0.047137516675482,0.0748872549426196,0.058195856673359,0.0166913982692606,0.0277497382671376,0.011058339997877
"25774",0.165976806169502,0.112445815850079,0.142727656013099,-0.0302818401630206,-0.0535309903194229,-0.0232491501564023
"496541",0.0755627249358039,0.10310784216392,0.0855138091401442,0.0175940330237756,0.0275451172281159,0.00995108420434025
"261207",0.0108130905337728,0.0765501904370854,0.0284609143839632,0.0480892760531222,0.0657370999033126,0.0176478238501904
"185414",0.219625180825574,0.130120093937535,0.183491277370833,-0.0533711834332973,-0.089505086888039,-0.0361339034547417
"88406",0.055427727189837,0.0916774182305264,0.0677451359912737,0.0239322822392528,0.0362496910406894,0.0123174088014367
"529529",0.0223138804120478,0.0786585863865238,0.0389960003454458,0.039662586041078,0.056344705974476,0.016682119933398
"359875",0.0925622424132284,0.0772239455297904,0.0882911384445517,-0.0110671929147613,-0.0153382968834381,-0.00427110396867675
"356381",0.0788582498384184,0.0975074289587345,0.0855343632580205,0.011973065700714,0.0186491791203161,0.00667611341960204
"295043",0.0782624739077755,0.098820536014509,0.086108780400756,0.012711755613753,0.0205580621067336,0.00784630649298058
"469006",0.0752139849337696,0.0699399806647772,0.0732891577768146,-0.00334917711203736,-0.00527400426899242,-0.00192482715695506
"348366",0.228263929629409,0.145047424791516,0.194677487637822,-0.0496300628463059,-0.0832165048378926,-0.0335864419915867
"492825",0.21971993085124,0.131266093037824,0.18291822340641,-0.0516521303685857,-0.0884538378134156,-0.0368017074448299
"69568",0.25583659727745,0.169900645953575,0.223000114607535,-0.0530994686539604,-0.0859359513238747,-0.0328364826699143
"86006",0.0173849168309017,0.0808019718143165,0.0356141788964065,0.0451877929179101,0.0634170549834148,0.0182292620655048
"453466",0.166092374266654,0.116782517150046,0.146640830476627,-0.0298583133265811,-0.0493098571166082,-0.0194515437900272
"531648",0.181530195461304,0.116571584193261,0.155476728444691,-0.0389051442514298,-0.0649586112680425,-0.0260534670166127
"205126",0.119267508950734,0.096960616500602,0.110717917606909,-0.0137573011063072,-0.0223068924501315,-0.00854959134382433
"10160",0.104553668603916,0.0862454289432568,0.0976225101882959,-0.011377081245039,-0.0183082396606595,-0.00693115841562052
"204086",0.0864533755135769,0.128860458962694,0.101492937772918,0.0273675211897765,0.0424070834491175,0.015039562259341
"259234",0.0737617785558237,0.114071207101404,0.0880877351774423,0.0259834719239616,0.0403094285455801,0.0143259566216186
"91149",0.0902856915586179,0.11306569276284,0.100184737586021,0.012880955176819,0.0227800012042221,0.00989904602740312
"111932",0.00617858747690081,0.0756622147131151,0.0230150607435909,0.0526471539695242,0.0694836272362143,0.0168364732666901
"550281",0.0488288848681284,0.102467515448985,0.0666400392353649,0.0358274762136205,0.053638630580857,0.0178111543672365
"347868",0.187040427521129,0.154683012870953,0.174626904656407,-0.0199438917854542,-0.0323574146501767,-0.0124135228647225
"83646",0.0466724950604254,0.101616004799382,0.0652266912453908,0.0363893135539909,0.0549435097389562,0.0185541961849653
"77805",0.0786592927329253,0.105598437856766,0.0900340202489072,0.0155644176078589,0.0269391451238408,0.0113747275159819
"131771",0.0766452921429271,0.108565766078094,0.0878850796440372,0.0206806864340566,0.0319204739351667,0.0112397875011101
"501209",0.0944785190908978,0.0885554687559312,0.091946770950754,-0.00339130219482282,-0.00592305033496658,-0.00253174814014376
"572770",1.19965747273117,0.250479442607841,0.791691596187895,-0.541212153580054,-0.949178030123325,-0.40796587654327
"373148",0.0460168764155694,0.0890572435475565,0.0601893073928727,0.0288679361546839,0.0430403671319871,0.0141724309773032
"131916",0.45742299131315,0.120975980599559,0.307084947883533,-0.186108967283975,-0.336447010713592,-0.150338043429617
"321822",0.0947445432279483,0.127186970120642,0.10656673412998,0.0206202359906614,0.0324424268926935,0.0118221909020321
"563598",0.354859948911164,0.172441775209525,0.279876196429851,-0.107434421220326,-0.182418173701639,-0.0749837524813125
"228802",0.0234478638460884,0.0871119853272795,0.0428458752486247,0.0442661100786547,0.0636641214811911,0.0193980114025364
"417107",0.0789511017205261,0.111446301029224,0.0904547317129487,0.0209915693162753,0.0324951993086979,0.0115036299924226
"480728",0.0386315612506545,0.086809817137268,0.0544323901182201,0.0323774270190479,0.0481782558866134,0.0158008288675656
"81410",0.177623570425425,0.138327481423031,0.162398317934831,-0.0240708365117995,-0.0392960890023932,-0.0152252524905937
"507892",0.0908083865056463,0.0893302952577577,0.0887130729497819,0.000617222307975743,-0.00147809124788867,-0.00209531355586441
"75222",0.201106674681553,0.135709228727694,0.175351722917144,-0.0396424941894498,-0.0653974459538588,-0.0257549517644091
"552380",0.0244575910197816,0.0843279491289905,0.0430465122772163,0.0412814368517742,0.059870358109209,0.0185889212574348
"233773",0.0653451688565663,0.0807303673218174,0.0707859328712822,0.00994443445053517,0.015385198465251,0.00544076401471588
"56813",0.0657257037078118,0.109819908680105,0.0809982368686671,0.0288216718114382,0.0440942049722935,0.0152725331608553
"70696",0.167922848244451,0.0963887032339241,0.138676543185059,-0.042287839951135,-0.0715341450105267,-0.0292463050593917
"427746",0.296722727762969,0.122660750929922,0.220452469263667,-0.0977917183337455,-0.174061976833048,-0.0762702584993021
"257327",0.118075305540037,0.121306157256004,0.119281803728734,0.00202435352726942,0.0032308517159665,0.00120649818869709
"572970",1.44479088964618,0.162067762894172,1.44479088964618,-1.282723126752,-1.282723126752,0
"83635",0.200048975831469,0.108942615207916,0.162613343082864,-0.0536707278749488,-0.0911063606235531,-0.0374356327486043
"389930",0.144641656314668,0.117449381528648,0.134051586845247,-0.0166022053165996,-0.0271922747860207,-0.0105900694694211
"554949",0.131328248251407,0.111855812597495,0.123899918834503,-0.0120441062370079,-0.019472435653912,-0.00742832941690416
"205296",0.296969605715427,0.173568824241981,0.247490446219336,-0.0739216219773554,-0.123400781473447,-0.0494791594960912
"357893",0.225492818478563,0.0984614587296538,0.172184386902702,-0.0737229281730478,-0.127031359748909,-0.0533084315758614
"255539",0.0272540354668539,0.0908574054612213,0.0468900654970321,0.0439673399641891,0.0636033699943674,0.0196360300301783
"435790",0.0416537227360001,0.0829232803942779,0.0550709622735633,0.0278523181207146,0.0412695576582779,0.0134172395375632
"58519",0.0738832801660844,0.111827288504462,0.0870808445141762,0.0247464439902857,0.0379440083383775,0.0131975643480918
"29097",0.250963635967052,0.125730212609216,0.198880793207336,-0.0731505805981195,-0.125233423357836,-0.0520828427597161
"65201",0.130239916763664,0.14136158735579,0.135799985154102,0.00556160220168872,0.011121670592126,0.00556006839043727
"61502",0.210344581711874,0.104798616072958,0.166782232458496,-0.0619836163855375,-0.105545965638916,-0.0435623492533784
"486856",0.150408665742721,0.127296910388291,0.141591056364993,-0.0142941459767025,-0.0231117553544302,-0.00881760937772763
"322519",0.131743404354199,0.0964352386986947,0.120368282588396,-0.0239330438897009,-0.0353081656555045,-0.0113751217658036
"61430",0.0558003946063951,0.0803883094004475,0.0642175233509973,0.0161707860494502,0.0245879147940523,0.00841712874460215
"351615",0.1055424408541,0.076428663206275,0.0901320689908517,-0.0137034057845767,-0.0291137776478245,-0.0154103718632478
"521921",0.0826623568131967,0.101072593249988,0.0893357292680054,0.0117368639819825,0.0184102364367913,0.00667337245480874
"200236",0.0431152901444896,0.0939157888054848,0.0604051431865126,0.0335106456189722,0.0508004986609952,0.017289853042023
"541790",0.039669990352065,0.087989545671473,0.0552729334288952,0.0327166122425777,0.048319555319408,0.0156029430768303
"287602",1.11457863471126,0.148118496644208,1.11457863471126,-0.966460138067057,-0.966460138067057,0
"120685",0.102758857316728,0.125015912863753,0.110939523317852,0.0140763895459005,0.0222570555470249,0.00818066600112441
"260045",0.0532246168671066,0.0994138028607429,0.0681206981561796,0.0312931047045633,0.0461891859936363,0.014896081289073
"73083",0.174109613842536,0.0999000770905756,0.144014539909759,-0.044114462819183,-0.0742095367519609,-0.0300950739327779
"202363",0.225576058588481,0.145167531240045,0.19367085858194,-0.0485033273418952,-0.080408527348436,-0.0319052000065407
"104082",0.593344137434708,0.252443222360587,0.451627524730358,-0.199184302369771,-0.340900915074121,-0.14171661270435
"413887",0.19509870369108,0.144675948439146,0.176716302115499,-0.032040353676353,-0.0504227552519342,-0.0183824015755812
"50670",0.0816754480524342,0.103344667466354,0.0894516660700256,0.0138930013963281,0.0216692194139194,0.00777621801759135
"67650",0.0932483939118908,0.128840243505192,0.10636041761082,0.022479825894372,0.0355918495933014,0.0131120236989294
"353019",0.223810633073883,0.15264641900855,0.19631739168856,-0.04367097268001,-0.0711642140653339,-0.0274932413853239
"472441",0.122288986069362,0.13068859946153,0.125479512809628,0.00520908665190215,0.00839961339216846,0.00319052674026632
"257637",0.0206888743048039,0.0801357894156146,0.0378780220187827,0.0422577673968319,0.0594469151108107,0.0171891477139788
"468999",0.235594088011796,0.131683022347093,0.193597294460403,-0.0619142721133099,-0.103911065664703,-0.0419967935513929
"434630",0.22288406847441,0.109440858415033,0.176103786345608,-0.0666629279305748,-0.113443210059377,-0.0467802821288021
"124706",0.189343972072755,0.126522778876191,0.164356053669794,-0.0378332747936031,-0.0628211931965638,-0.0249879184029607
"357616",0.0234858871673888,0.0864594866287591,0.0425048231339452,0.0439546634948139,0.0629735994613702,0.0190189359665564
"10064",0.120770714506261,0.141111906268369,0.128228398123809,0.0128835081445599,0.020341191762108,0.00745768361754809
"7668",0.0356735844526099,0.0926376651358867,0.0541537990595773,0.0384838660763094,0.0569640806832768,0.0184802146069675
"215661",0.129128905105851,0.0976256638790924,0.117081590020742,-0.0194559261416501,-0.0315032412267589,-0.0120473150851089
"496298",0.189715755925798,0.0820323605624139,0.139400711395863,-0.0573683508334488,-0.107683395363384,-0.0503150445299354
"89244",0.103663958892814,0.0993892594543922,0.102062494895555,-0.00267323544116235,-0.00427469943842157,-0.00160146399725922
"518655",0.0186184206247179,0.0822690758443974,0.0369942118511918,0.0452748639932056,0.0636506552196795,0.0183757912264739
"196933",0.0457696426158851,0.096160652486519,0.0623450364102454,0.0338156160762736,0.0503910098706339,0.0165753937943603
"357608",0.141558497115993,0.112049257645756,0.130011582711539,-0.0179623250657826,-0.0295092394702364,-0.0115469144044538
"34686",0.141061621261253,0.117536361717356,0.131895368563881,-0.0143590068465247,-0.0235252595438967,-0.00916625269737198
"339033",0.0861651085060933,0.0861339919922512,0.0844780715639222,0.001655920428329,-3.11165138421471e-05,-0.00168703694217115
"336707",0.107796525971055,0.102360176142023,0.106386462507489,-0.00402628636546661,-0.00543634982903186,-0.00141006346356526
"229624",0.173149449399365,0.125157945631134,0.154295230177402,-0.0291372845462678,-0.0479915037682316,-0.0188542192219638
"572868",0.137705621077166,0.138081452229704,0.136504377143055,0.00157707508664937,0.000375831152538142,-0.00120124393411122
"327869",0.352407237676034,0.124257719627482,0.254402918012228,-0.130145198384746,-0.228149518048552,-0.0980043196638056
"223276",0.0666016969353666,0.0798384362117976,0.0712707800498001,0.00856765616199751,0.013236739276431,0.00466908311443348
"546079",0.0147809385399122,0.0780906190329543,0.0325849786060613,0.0455056404268931,0.0633096804930421,0.0178040400661491
"251461",0.0185004442981449,0.0754590703870732,0.035062233133602,0.0403968372534712,0.0569586260889283,0.0165617888354571
"400299",0.297136164684579,0.107659697037655,0.218896951071218,-0.111237254033563,-0.189476467646924,-0.0782392136133609
"38979",0.149214933342732,0.119962727706425,0.13786777165643,-0.0179050439500051,-0.0292522056363068,-0.0113471616863017
"76158",0.118761268565934,0.0891204545414201,0.107254658792198,-0.0181342042507775,-0.0296408140245135,-0.011506609773736
"318888",0.0904446392148355,0.0906544578768567,0.0904908145687101,0.00016364330814661,0.000209818662021133,4.61753538745224e-05
"514520",0.048648143800882,0.101651281689657,0.066264709502411,0.0353865721872465,0.0530031378887755,0.017616565701529
"153252",0.242537186433356,0.0998813312805088,0.182297139733427,-0.0824158084529183,-0.142655855152847,-0.060240046699929
"50620",0.0312560596656044,0.0999554489236345,0.0530259353913148,0.0469295135323196,0.06869938925803,0.0217698757257104
"178305",0.0365451209164803,0.100625197336047,0.056949278275934,0.0436759190601133,0.0640800764195671,0.0204041573594537
"454671",1.38326150790719,0.233441618378174,1.38326150790719,-1.14981988952902,-1.14981988952902,0
"256627",0.0681735199256677,0.0917836203398729,0.0763939857290603,0.0153896346108127,0.0236101004142052,0.00822046580339256
"55137",0.144165203623562,0.109111244963379,0.130609264313734,-0.0214980193503549,-0.035053958660183,-0.013555939309828
"430127",0.20645056163467,0.121324629281819,0.171761851355347,-0.0504372220735279,-0.0851259323528518,-0.0346887102793239
"434254",0.0896288302110861,0.0914806559387943,0.0903091389026504,0.00117151703614386,0.00185182572770816,0.000680308691564296
"433762",0.230416589527784,0.121261203778675,0.185485804545951,-0.0642246007672762,-0.109155385749108,-0.0449307849818322
"139610",0.173988736994243,0.129552158964133,0.156590151470848,-0.0270379925067154,-0.0444365780301107,-0.0173985855233953
"533624",0.15805998787572,0.0865123567593144,0.129131593270462,-0.0426192365111474,-0.0715476311164058,-0.0289283946052585
"484762",0.338669583369185,0.0852901375948857,0.219045325346522,-0.133755187751636,-0.253379445774299,-0.119624258022663
"263238",0.110302589986537,0.111883065041687,0.110897456654221,0.000985608387465989,0.00158047505514988,0.000594866667683894
"69418",0.150260957370553,0.105219328002296,0.132638519449826,-0.0274191914475299,-0.0450416293682565,-0.0176224379207266
"49915",0.0578783585720336,0.112674216103279,0.0752039903072502,0.0374702257960287,0.0547958575312453,0.0173256317352166
"399514",0.0806972029519551,0.110216457737266,0.0913156098968058,0.0189008478404603,0.029519254785311,0.0106184069448507
"372264",0.113205978691786,0.106135342119822,0.110561982563302,-0.00442664044347994,-0.00707063657196469,-0.00264399612848475
"234180",0.168439709346008,0.148198244857596,0.160688328643496,-0.0124900837859,-0.0202414644884121,-0.00775138070251216
"126210",0.0309876933070572,0.105954430673034,0.0544409098265524,0.0515135208464813,0.0749667373659765,0.0234532165194952
"129966",0.20675781515032,0.119191515590222,0.171309466872018,-0.052117951281796,-0.0875662995600983,-0.0354483482783023
"540819",0.190501648767467,0.103835542444735,0.155151069344042,-0.0513155268993069,-0.0866661063227312,-0.0353505794234243
"222173",0.150181465453887,0.129473448368567,0.142142148165548,-0.0126686997969803,-0.0207080170853193,-0.00803931728833898
"121288",0.0359691885639474,0.112874765120885,0.0599289108488351,0.0529458542720503,0.076905576556938,0.0239597222848877
"538549",0.358640541042074,0.138698018037012,0.265392929788188,-0.126694911751175,-0.219942523005061,-0.0932476112538863
"576304",0.0982132944886023,0.100832577860678,0.0991650873468366,0.00166749051384132,0.00261928337207563,0.00095179285823431
"69021",0.145662564634319,0.120738920527469,0.136106176976297,-0.0153672564488277,-0.0249236441068496,-0.00955638765802197
"77975",0.0230656315801019,0.0759879574372525,0.0384743479692832,0.0375136094679693,0.0529223258571506,0.0154087163891813
"141393",0.494974664627382,0.112945578077544,0.321831509065619,-0.208885930988074,-0.382029086549838,-0.173143155561764
"41202",0.166991054035945,0.141509804307118,0.157263801352823,-0.0157539970457052,-0.0254812497288267,-0.00972725268312147
"88794",0.0438043739914808,0.0834694603775319,0.0567876905399141,0.0266817698376178,0.0396650863860511,0.0129833165484333
"83623",0.0910150326724302,0.122807121791273,0.102381097324944,0.0204260244663287,0.0317920891188429,0.0113660646525142
"427117",0.172980075847018,0.128237413083246,0.154997587426886,-0.0267601743436408,-0.0447426627637724,-0.0179824884201315
"277013",0.0309889431538873,0.0982355165227884,0.0518059042872115,0.0464296122355769,0.0672465733689011,0.0208169611333242
"93851",0.22759458913918,0.11523229061201,0.18140993359258,-0.0661776429805699,-0.112362298527169,-0.0461846555465996
"67759",0.243932613517712,0.12675987899267,0.195879076628414,-0.0691191976357444,-0.117172734525042,-0.0480535368892977
"178574",0.285278138236539,0.193253574758815,0.248887102529619,-0.0556335277708043,-0.0920245634777239,-0.0363910357069196
"69877",0.191622894093115,0.141329099433909,0.172049771263584,-0.0307206718296749,-0.0502937946592062,-0.0195731228295314
"411020",0.0622883527278949,0.103879173607284,0.0756555911123837,0.0282235824949008,0.0415908208793895,0.0133672383844888
"66244",0.0340983628549156,0.0875597409070669,0.0525089483959032,0.0350507925111637,0.0534613780521513,0.0184105855409876
"437511",0.559004245635833,0.190346950037246,0.401829021313551,-0.211482071276305,-0.368657295598587,-0.157175224322282
"39682",0.0642097625248288,0.100878938303769,0.0780927642390683,0.0227861740647012,0.0366691757789407,0.0138830017142395
"512268",0.106193598751285,0.097817809183082,0.103048492664129,-0.0052306834810472,-0.00837578956820345,-0.00314510608715625
"325942",0.445193926986772,0.177655368939217,0.333343113018317,-0.1556877440791,-0.267538558047555,-0.111850813968455
"503302",0.059261857940327,0.123747901531055,0.0813729036940937,0.0423749978369611,0.0644860435907277,0.0221110457537666
"419802",0.397590637364538,0.133107652422767,0.283194855837752,-0.150087203414985,-0.264482984941771,-0.114395781526786
"57184",0.787230098007226,0.222622720032552,0.544751064900859,-0.322128344868307,-0.564607377974673,-0.242479033106367
"234243",0.152829138854375,0.126409527432751,0.143443238589644,-0.0170337111568933,-0.0264196114216244,-0.0093859002647311
"574329",0.168571705253143,0.112345563769655,0.146297601541865,-0.03395203777221,-0.0562261414834876,-0.0222741037112776
"268847",0.116104662664607,0.111067207264036,0.114215101935444,-0.00314789467140793,-0.005037455400571,-0.00188956072916308
"357678",0.0361824063457601,0.0822587750090048,0.0507031368544321,0.0315556381545727,0.0460763686632447,0.014520730508672
"26553",0.640429533126094,0.237270931943286,0.4702965780976,-0.233025646154315,-0.403158601182809,-0.170132955028494
"307175",0.0794346232356899,0.132509251473131,0.098029778222649,0.0344794732504823,0.0530746282374414,0.0185951549869591
"504420",0.185047749858209,0.109940538008698,0.15459721254969,-0.0446566745409921,-0.0751072118495112,-0.0304505373085191
"93709",0.0871596796416842,0.113188132187748,0.0965654293424728,0.0166227028452756,0.0260284525460643,0.00940574970078865
"536539",0.0653530619764673,0.105804756179187,0.079553339337631,0.0262514168415561,0.0404516942027198,0.0142002773611637
"177104",0.710734361360491,0.293029166659314,0.544592448014408,-0.251563281355094,-0.417705194701177,-0.166141913346083
"82922",0.0173002886751313,0.0848415480664538,0.0370567976954739,0.0477847503709798,0.0675412593913224,0.0197565090203426
"118730",0.0288063415257587,0.0873313680071416,0.0468166156343308,0.0405147523728108,0.0585250264813829,0.0180102741085721
"246241",0.115918074115088,0.127959490749826,0.120383056782793,0.00757643396703259,0.012041416634738,0.00446498266770541
"413132",0.0453675478486245,0.0789278740752265,0.0564197998259266,0.0225080742492999,0.033560326226602,0.0110522519773021
"51329",0.287923633467827,0.238251030310813,0.269003981989142,-0.0307529516783294,-0.0496726031570141,-0.0189196514786847
"178810",0.0810123650653474,0.114666588287119,0.0930033829716915,0.0216632053154271,0.0336542232217712,0.0119910179063441
"550000",0.0527621702958361,0.0970885121973731,0.0688966730499883,0.0281918391473848,0.044326341901537,0.0161345027541523
"341397",0.278436223016587,0.13555182833155,0.219904116228806,-0.0843522878972562,-0.142884394685037,-0.0585321067877807
"247429",0.103388312824935,0.144548809903979,0.118160364837508,0.0263884450664713,0.0411604970790435,0.0147720520125722
"533715",0.0820970869294715,0.112156423872694,0.0927702869483349,0.019386136924359,0.0300593369432225,0.0106732000188635
"486461",0.026319951751679,0.0787657461843004,0.0431551182371631,0.0356106279471373,0.0524457944326214,0.0168351664854841
"357818",0.113201274458113,0.106754916295921,0.110775261256533,-0.00402034496061197,-0.00644635816219177,-0.0024260132015798
"25149",0.0509583392351121,0.100185552348861,0.0676382890212581,0.0325472633276026,0.0492272131137486,0.016679949786146
"235160",0.514210420909364,0.127215017035602,0.342207615559588,-0.214992598523986,-0.386995403873763,-0.172002805349777
"418316",0.3261795989926,0.126073910990768,0.24097638198861,-0.114902470997842,-0.200105688001832,-0.0852032170039903
"484636",0.0242072744906876,0.0890464373501877,0.0440797640489247,0.0449666733012629,0.0648391628595,0.0198724895582371
"353181",0.0623350716326505,0.106953688068914,0.0777537267892313,0.029199961279683,0.0446186164362637,0.0154186551565808
"55087",0.120330047242735,0.0961451629690051,0.111018816307835,-0.0148736533388302,-0.02418488427373,-0.0093112309348998
"277710",0.132865006104031,0.0929082762403236,0.117191241348884,-0.0242829651085608,-0.0399567298637077,-0.0156737647551469
"432539",0.195205093879687,0.131017964859524,0.172852919664116,-0.0418349548045916,-0.0641871290201633,-0.0223521742155717
"160688",0.0254972326768281,0.0870732698284622,0.0436556228274183,0.0434176470010439,0.0615760371516341,0.0181583901505902
"60420",0.0552080364757472,0.114764223996541,0.0753221057516373,0.0394421182449033,0.0595561875207934,0.0201140692758901
"558508",0.126902769680623,0.130142750274295,0.12811738509078,0.00202536518351495,0.00323998059367181,0.00121461541015686
"523910",0.111277896030662,0.126033227186877,0.117679203694342,0.00835402349253486,0.014755331156215,0.00640130766368009
"204846",0.156612553002657,0.137949371070817,0.149513351013899,-0.0115639799430814,-0.0186631819318402,-0.00709920198875874
"351502",0.245375613922574,0.170976007946197,0.215391822404406,-0.0444158144582085,-0.074399605976377,-0.0299837915181685
"76309",0.277168419509084,0.117194472295945,0.209423861812103,-0.0922293895161578,-0.159973947213139,-0.0677445576969808
"57067",0.0456721614531434,0.0801140053013312,0.0570161430568051,0.0230978622445261,0.0344418438481878,0.0113439816036617
"7975",0.190441930136102,0.11180199186449,0.156818377544639,-0.0450163856801491,-0.0786399382716123,-0.0336235525914632
"532575",0.0372496628172519,0.0837920190844698,0.0513606557807859,0.0324313633036839,0.0465423562672179,0.014110992963534
"436418",0.135540955138842,0.132412895610102,0.134347998698958,-0.00193510308885522,-0.00312805952873929,-0.00119295643988407
"57141",0.0445982969105257,0.086161241302302,0.0575647665223083,0.0285964747799937,0.0415629443917762,0.0129664696117826
"205263",0.114511274410514,0.113848791489766,0.115307494103439,-0.00145870261367341,-0.000662482920748303,0.000796219692925107
"95978",0.00603966340516408,0.0791981927329658,0.0241933411151988,0.055004851617767,0.0731585293278017,0.0181536777100347
"130785",0.102985983534836,0.109354627143281,0.105394632688349,0.00395999445493174,0.00636864360844464,0.0024086491535129
"366280",0.286016834495137,0.0923895312007803,0.201751605700142,-0.109362074499361,-0.193627303294357,-0.0842652287949959
"486314",0.114448589244255,0.111109253945471,0.113160438290544,-0.00205118434507283,-0.00333933529878391,-0.00128815095371108
"496595",0.194535055406417,0.164713888367056,0.18289160134438,-0.0181777129773237,-0.0298211670393614,-0.0116434540620377
"7791",0.0581026135070269,0.106809962763877,0.074570155076869,0.0322398076870082,0.0487073492568503,0.0164675415698421
"499736",0.0279300662225409,0.0872698414093137,0.0460239399275538,0.0412459014817599,0.0593397751867728,0.0180938737050129
"478391",0.0878523573746377,0.0956986597872882,0.0907188245905338,0.00497983519675448,0.00784630241265051,0.00286646721589603
"424631",0.0254171622731671,0.105685741911299,0.0496077582074091,0.0560779837038896,0.0802685796381316,0.024190595934242
"147781",0.182584101687191,0.128045081069348,0.160387083035077,-0.0323420019657294,-0.0545390206178431,-0.0221970186521137
"274051",0.0284529889776293,0.105963113037433,0.052145980583717,0.0538171324537156,0.0775101240598033,0.0236929916060878
"564900",0.0387567484965275,0.0847144796144069,0.0532808671961706,0.0314336124182362,0.0459577311178794,0.0145241186996432
"537941",0.126540459195927,0.121216404134708,0.124489156221439,-0.00327275208673161,-0.00532405506121936,-0.00205130297448775
"466514",0.181632001778137,0.110898858118981,0.153134916647778,-0.0422360585287977,-0.0707331436591565,-0.0284970851303588
"292690",0.131018784797248,0.109152127912799,0.122688276226624,-0.0135361483138248,-0.0218666568844485,-0.00833050857062366
"550479",0.053086115295982,0.104614826852118,0.0704358630575629,0.0341789637945554,0.0515287115561364,0.0173497477615809
"102843",0.292673528555327,0.145224799283421,0.231624114428131,-0.0863993151447097,-0.147448729271906,-0.0610494141271964
"202195",0.118870037163195,0.103788553254434,0.113100353647247,-0.00931180039281275,-0.0150814839087611,-0.00576968351594837
"309435",0.180425242188197,0.132507873451872,0.160865816844546,-0.0283579433926741,-0.0479173687363246,-0.0195594253436505
"421836",0.17782007469618,0.107864890274063,0.149695350783907,-0.0418304605098441,-0.0699551844221175,-0.0281247239122734
"39239",0.217030848801761,0.0795252192136087,0.158067279949644,-0.0785420607360357,-0.137505629588153,-0.058963568852117
"85983",0.0179398512080355,0.0932802205292163,0.0400495013647112,0.0532307191645051,0.0753403693211808,0.0221096501566756
"248332",0.058965749185584,0.0957717119349081,0.0704836526654333,0.0252880592694748,0.0368059627493242,0.0115179034798494
"19325",0.0145273650041181,0.0716659482599567,0.0303971596837019,0.0412687885762548,0.0571385832558385,0.0158697946795837
"502910",0.0443880938459518,0.086271397611261,0.058022275391771,0.02824912221949,0.0418833037653092,0.0136341815458192
"482309",0.212035438473494,0.0979446344800417,0.164479362574393,-0.0665347280943511,-0.114090803993453,-0.0475560758991016
"175548",0.126393892245928,0.105079429160084,0.118183097473654,-0.0131036683135693,-0.0213144630858442,-0.0082107947722749
"494700",0.184098750176177,0.101392041870771,0.150159947941415,-0.0487679060706434,-0.0827067083054054,-0.0339388022347619
"17753",0.400244004041413,0.224450321194047,0.329195404609398,-0.104745083415351,-0.175793682847366,-0.0710485994320151
"416997",0.0978856002173976,0.11441647845172,0.103939146256521,0.0104773321951986,0.0165308782343224,0.00605354603912379
"369739",0.0597684079389827,0.119160823849323,0.0798632718422724,0.0392975520070505,0.0593924159103402,0.0200948639032897
"251977",0.0238582736415653,0.0888348029933599,0.0434432761354998,0.04539152685786,0.0649765293517946,0.0195850024939345
"510666",0.377397433297766,0.104869091742899,0.256584178245149,-0.151715086502251,-0.272528341554867,-0.120813255052616
"329798",0.163921908380626,0.150383078036584,0.158702439748233,-0.00831936171164838,-0.0135388303440414,-0.00521946863239306
"536424",0.0815784024945119,0.131698966649072,0.0991898719268057,0.0325090947222666,0.0501205641545604,0.0176114694322938
"246807",0.0841797116183796,0.0975444352539522,0.0890873524314864,0.00845708282246582,0.0133647236355726,0.00490764081310677
"477897",0.252304154094293,0.136997505376328,0.206954073302066,-0.0699565679257382,-0.115306648717966,-0.0453500807922277
"355412",0.416117902208851,0.167776049112753,0.312153695900338,-0.144377646787585,-0.248341853096098,-0.103964206308514
"370047",0.122589815352636,0.122116189406566,0.120660605101159,0.0014555843054069,-0.00047362594606995,-0.00192921025147685
"64933",0.150821181079762,0.12264314960691,0.139945343564115,-0.0173021939572043,-0.0281780314728519,-0.0108758375156476
"26038",0.0235607806164914,0.0893637748021767,0.0435206542690716,0.0458431205331051,0.0658029941856852,0.0199598736525801
"497524",0.0775320009461128,0.102861426681076,0.0865387308231812,0.0163226958578949,0.0253294257349632,0.00900672987706838
"254831",0.0637696977336465,0.113504207534811,0.0807835024950391,0.0327207050397722,0.0497345098011648,0.0170138047613927
"482773",0.0784733539657388,0.101501605331543,0.0867698316079844,0.0147317737235581,0.0230282513658037,0.00829647764224561
"480951",0.842248495453383,0.405850709647921,0.668873885463557,-0.263023175815637,-0.436397785805462,-0.173374609989826
"496057",0.192515216100199,0.113339549324089,0.16076999949749,-0.0474304501734016,-0.0791756667761097,-0.031745216602708
"532078",0.0399620365855823,0.10365920198453,0.0611883264052036,0.042470875579326,0.0636971653989473,0.0212262898196213
"167965",0.200632889886598,0.144370748065212,0.178598817863376,-0.0342280697981642,-0.0562621418213859,-0.0220340720232217
"394307",0.268002712205224,0.171054310254965,0.229475016917538,-0.0584207066625722,-0.0969484019502589,-0.0385276952876867
"309200",0.146990083536356,0.0790209413372416,0.119441328957991,-0.0404203876207489,-0.0679691421991141,-0.0275487545783652
"369791",0.262932138154963,0.119530702456119,0.203686902573628,-0.0841562001175097,-0.143401435698845,-0.0592452355813349
"88470",0.0856686444296945,0.102350947890285,0.0917740241096817,0.0105769237806034,0.0166823034605907,0.00610537967998723
"257542",0.06920070210807,0.0987375252421856,0.0796004512030209,0.0191370740391647,0.0295368231341157,0.010399749094951
"415909",0.0496403411168821,0.0811964356046179,0.0602696601725562,0.0209267754320617,0.0315560944877358,0.0106293190556741
"154660",0.535148915608795,0.160857857950398,0.373877581702163,-0.213019723751765,-0.374291057658397,-0.161271333906632
"130822",0.0314881245871115,0.0942073596281795,0.0509124299620658,0.0432949296661137,0.062719235041068,0.0194243053749543
"573099",0.105619475145962,0.125805077127542,0.113056843286589,0.0127482338409537,0.0201856019815805,0.00743736814062686
"524180",0.146490368975924,0.142439337621387,0.144990711564341,-0.00255137394295429,-0.00405103135453785,-0.00149965741158356
"206189",0.0847219691840185,0.0982230361207221,0.0896774280837186,0.00854560803700347,0.0135010669367036,0.00495545889970014
"389838",0.0856005388991373,0.105789283801666,0.092884508716422,0.0129047750852442,0.0201887449025289,0.00728396981728467
"470174",0.0671076029362446,0.112802613814601,0.0830987967170595,0.0297038170975411,0.045695010878356,0.0159911937808149
"317762",0.630510067905169,0.153468263256874,0.420651536350213,-0.267183273093339,-0.477041804648296,-0.209858531554957
"500021",0.575714443253025,0.149091733689706,0.380897879751881,-0.231806146062175,-0.426622709563319,-0.194816563501144
"296384",0.148070098431728,0.136790675320917,0.143800318761211,-0.00700964344029401,-0.0112794231108116,-0.00426977967051764
"529823",0.0682253502985798,0.0980798371095005,0.0792240993708927,0.0188557377386078,0.0298544868109207,0.0109987490723129
"345830",0.0379519053733804,0.107823352280874,0.0610250792224998,0.0467982730583746,0.0698714469074941,0.0230731738491194
"1922",0.396605211842331,0.126972943540933,0.279496906925736,-0.152523963384803,-0.269632268301397,-0.117108304916595
"129765",0.12664742839806,0.12692399546257,0.126717570104251,0.00020642535831869,0.000276567064510375,7.01417061916842e-05
"308777",0.304909266004361,0.219042785456505,0.271113226983738,-0.0520704415272333,-0.0858664805478562,-0.0337960390206229
"492722",0.0385645647267461,0.11000992578349,0.061303785047304,0.0487061407361861,0.0714453610567441,0.022739220320558
"396336",0.111465215295012,0.133312484857471,0.120457194376694,0.0128552904807772,0.0218472695624592,0.00899197908168202
"418027",0.226799424216951,0.152840482192751,0.197491351606449,-0.0446508694136982,-0.0739589420242002,-0.029308072610502
"55243",0.292507926008592,0.0929634685787641,0.205422254350236,-0.112458785771472,-0.199544457429828,-0.0870856716583561
"444792",0.0778635519536125,0.0906843259475018,0.0801832012261454,0.0105011247213564,0.0128207739938893,0.00231964927253299
"223514",0.0270445727271448,0.108918748467317,0.0518258552503847,0.057092893216932,0.0818741757401718,0.0247812825232398
"510117",0.0160075292659257,0.0946634874670871,0.0385991511202015,0.0560643363468856,0.0786559582011614,0.0225916218542758
"516438",0.398768423600576,0.154004696678741,0.295129324724544,-0.141124628045804,-0.244763726921835,-0.103639098876031
"446322",0.0125170782477666,0.0699330095050165,0.0267410595237861,0.0431919499812304,0.0574159312572499,0.0142239812760195
"93650",0.0319384877304541,0.103478071285857,0.0540671195712496,0.0494109517146076,0.0715395835554031,0.0221286318407955
"476437",0.103109148458518,0.0896026044247335,0.0979924525813366,-0.00838984815660314,-0.0135065440337849,-0.00511669587718173
"470287",0.023470870570828,0.0999912011672132,0.0463757804766199,0.0536154206905933,0.0765203305963853,0.022904909905792
"38945",0.899678674216211,0.18379720995675,0.579678818019606,-0.395881608062856,-0.715881464259461,-0.319999856196605
"342095",0.19780324101624,0.0817780292907962,0.14885472304671,-0.0670766937559139,-0.116025211725444,-0.0489485179695296
"497245",0.406521487006353,0.183459430940893,0.310477336044615,-0.127017905103721,-0.22306205606546,-0.0960441509617383
"25641",0.0639379940811724,0.125354940135832,0.0846857045566358,0.0406692355791961,0.0614169460546594,0.0207477104754634
"60996",0.20799266860124,0.121814976159316,0.17322567708537,-0.0514107009260538,-0.0861776924419236,-0.0347669915158698
"412187",0.0145814786845878,0.0811722356250978,0.0328794282678711,0.0482928073572267,0.0665907569405099,0.0182979495832832
"171459",0.111323023857302,0.14077247084892,0.122014176530925,0.0187582943179948,0.0294494469916174,0.0106911526736226
"404235",0.136897818254688,0.127322703399696,0.133283045164044,-0.00596034176434865,-0.0095751148549926,-0.00361477309064395
"24989",0.162033927245224,0.11499351389619,0.143435652959253,-0.0284421390630625,-0.0470404133490336,-0.0185982742859711
"243215",0.171251936190483,0.115982222777266,0.149422872808218,-0.0334406500309525,-0.0552697134132179,-0.0218290633822655
"373471",0.0898186982392983,0.0920420979446742,0.0906246722026351,0.0014174257420391,0.00222339970537594,0.000805973963336842
"80121",0.0357075159593911,0.0810973471387531,0.0501118433932571,0.0309855037454961,0.045389831179362,0.0144043274338659
"303577",0.491691818282112,0.148686308516685,0.343633813015504,-0.194947504498819,-0.343005509765426,-0.148058005266607
"257271",0.140667932131672,0.0883497969626931,0.119799125462465,-0.0314493284997714,-0.0523181351689788,-0.0208688066692074
"514917",0.0904953890050468,0.111217741060273,0.0990715072430625,0.0121462338172102,0.0207223520552259,0.00857611823801571
"571388",0.17068276446197,0.118518819247567,0.151892183570245,-0.0333733643226788,-0.0521639452144035,-0.0187905808917247
"431372",0.0114445216673444,0.0941330548388546,0.0339547869180747,0.0601782679207799,0.0826885331715102,0.0225102652507303
"377742",0.0587167279737839,0.121624179962762,0.0798628576944781,0.0417613222682837,0.0629074519889778,0.0211461297206941
"528271",0.314682589871188,0.109956594988279,0.226573311195824,-0.116616716207545,-0.204725994882909,-0.0881092786753637
"438093",0.186038986096505,0.124916149591577,0.161845679741853,-0.0369295301502759,-0.0611228365049274,-0.0241933063546515
"153386",0.0800217115219913,0.108340472743517,0.0901319749555128,0.0182084977880042,0.0283187612215257,0.0101102634335215
"262040",0.0293960324295871,0.103515108638351,0.0522740498318364,0.0512410588065143,0.0741190762087636,0.0228780174022493
"497629",0.157536650009817,0.111074455663573,0.139277827047554,-0.0282033713839809,-0.0464621943462436,-0.0182588229622628
"177358",0.556718326389982,0.114041401457184,0.353178347118656,-0.239136945661473,-0.442676924932798,-0.203539979271326
"520582",0.065674203219788,0.0860464574482801,0.0737157989450329,0.0123306585032472,0.0203722542284921,0.00804159572524489
"233111",0.133463501150158,0.109077360136566,0.124067741000161,-0.0149903808635947,-0.0243861410135913,-0.00939576014999662
"567017",0.0408594904573133,0.0989148448370858,0.0597139713838608,0.039200873453225,0.0580553543797724,0.0188544809265474
"529609",0.051441367791103,0.118968172756445,0.0740236407659319,0.0449445319905128,0.0675268049653417,0.0225822729748289
"253569",0.180216809994582,0.156139019734531,0.170944316278323,-0.0148052965437917,-0.0240777902600508,-0.0092724937162591
"35304",0.171805652476565,0.111065292292648,0.14767639599163,-0.0366111036989814,-0.0607403601839168,-0.0241292564849354
"373721",0.201828449612193,0.154323125491483,0.183136550388359,-0.0288134248968757,-0.0475053241207095,-0.0186918992238338
"461292",0.237385729952318,0.199430644148918,0.220354507976734,-0.0209238638278163,-0.0379550858033998,-0.0170312219755836
"129116",0.113297755713584,0.106870753058643,0.110866048344982,-0.00399529528633835,-0.00642700265494101,-0.00243170736860265
"226352",0.0846203025369935,0.103865939381258,0.0915673058595816,0.0122986335216761,0.0192456368442642,0.00694700332258809
"18810",0.354636287046734,0.138992315960737,0.263328689466501,-0.124336373505763,-0.215643971085996,-0.0913075975802333
"464058",0.0704146011017277,0.0765058386607815,0.072600415666998,0.00390542299378349,0.00609123755905372,0.00218581456527023
"268845",0.0642106553021791,0.0792661024979803,0.0695093439340167,0.00975675856396353,0.0150554471958011,0.00529868863183761
"406063",0.174551378814116,0.160031145785184,0.169067278233638,-0.00903613244845411,-0.0145202330289324,-0.00548410058047824
"484874",0.072677269339428,0.0994083121387931,0.0803221950228018,0.0190861171159913,0.026731042799365,0.00764492568337374
"367528",0.19872054566461,0.0994193067589311,0.157978875443829,-0.0585595686848975,-0.0993012389056787,-0.0407416702207812
"251863",0.0391689298919302,0.0940967966312111,0.0565599939213153,0.0375368027098957,0.0549278667392808,0.0173910640293851
"7842",0.134779619463895,0.128647079047878,0.132435401192665,-0.00378832214478678,-0.00613254041601671,-0.00234421827122994
"276879",0.222390545151167,0.127795962857296,0.184047337263393,-0.0562513744060968,-0.094594582293871,-0.0383432078877742
"158990",0.0270470870410488,0.0848061953412179,0.0443622472744524,0.0404439480667655,0.0577591083001691,0.0173151602334036
"309848",0.157693286973062,0.123226840526522,0.144253524354024,-0.0210266838275014,-0.0344664464465402,-0.0134397626190388
"546760",0.0595427345979778,0.0889570836850832,0.0696752735445226,0.0192818101405606,0.0294143490871054,0.0101325389465449
"470117",0.111349248057522,0.120472761803791,0.114716659819327,0.00575610198446386,0.00912351374626937,0.00336741176180551
"496831",0.0184281774458485,0.081521876462785,0.0365947730364535,0.0449271034263314,0.0630936990169364,0.018166595590605
"49178",0.0390514831647338,0.0823180709396436,0.0531700807187217,0.0291479902209219,0.0432665877749097,0.0141185975539878
"434719",0.132736261405748,0.137900605426657,0.13417023231431,0.00373037311234628,0.00516434402090835,0.00143397090856207
"393454",0.24487432350177,0.121608720497267,0.1942543529289,-0.0726456324316328,-0.123265603004503,-0.0506199705728702
"83245",0.0611366608445251,0.0899963192611012,0.0711743082594038,0.0188220110016974,0.0288596584165761,0.0100376474148787
"280205",0.0566876703144741,0.116163889370266,0.0772137808687168,0.0389501085015493,0.0594762190557921,0.0205261105542428
"23942",0.166610141984131,0.0973542173307406,0.138710389124939,-0.0413561717941988,-0.0692559246533905,-0.0278997528591917
"534773",0.0141010381755144,0.090046841969538,0.035253162247574,0.054793679721964,0.0759458037940236,0.0211521240720596
"372639",0.143233944415511,0.165429723850133,0.151405831699464,0.0140238921506691,0.022195779434622,0.00817188728395291
"65498",0.014633014940827,0.0800497460782968,0.032791656753357,0.0472580893249398,0.0654167311374698,0.01815864181253
"143104",0.48061758011499,0.165557875601757,0.346631196140274,-0.181073320538517,-0.315059704513233,-0.133986383974716
"438170",0.0750281147040062,0.107794746263239,0.0865855182328394,0.0212092280303997,0.0327666315592328,0.0115574035288332
"437027",0.0983222553111032,0.0873272102629688,0.0941775659959288,-0.00685035573296003,-0.0109950450481344,-0.00414468931517439
"352506",0.0542378553366491,0.1244388308658,0.078282069754366,0.0461567611114337,0.0702009755291506,0.0240442144177169
"228985",0.173121985698081,0.0834901058224885,0.136264911483593,-0.0527748056611049,-0.089631879875593,-0.0368570742144881
"55030",0.643177102074476,0.205405573059647,0.457121841915882,-0.251716268856235,-0.437771529014829,-0.186055260158594
"55301",0.0404222974206938,0.0965956159413331,0.058985685438569,0.0376099305027641,0.0561733185206393,0.0185633880178751
"347414",0.0986161263204584,0.130918612332481,0.110229369239449,0.0206892430930323,0.032302486012023,0.0116132429189907
"200155",0.00442950125960987,0.0801524706850606,0.0226518878462732,0.0575005828387875,0.0757229694254508,0.0182223865866633
"440397",0.181165790686866,0.148674259790382,0.16852832269025,-0.0198540628998679,-0.0324915308964836,-0.0126374679966157
"279308",0.0333226912172756,0.082698554779934,0.0479902185741951,0.034708336205739,0.0493758635626584,0.0146675273569195
"556861",0.145794660153233,0.129572853893518,0.139590724663464,-0.0100178707699466,-0.016221806259715,-0.00620393548976836
"5504",0.0620503335215919,0.119479353373304,0.0816538100781423,0.0378255432951617,0.0574290198517121,0.0196034765565504
"466460",0.0417090686450332,0.0840615912365719,0.0554087583878776,0.0286528328486944,0.0423525225915387,0.0136996897428443
"56397",0.235411089288159,0.176629722463036,0.212643714304121,-0.0360139918410848,-0.0587813668251224,-0.0227673749840377
"344432",0.129669263920854,0.146317699857132,0.135805258265572,0.01051244159156,0.0166484359362779,0.00613599434471782
"264423",0.166144126965296,0.141078965646658,0.156450613704991,-0.0153716480583331,-0.0250651613186377,-0.00969351326030465
"489646",0.321108465341551,0.184271051372672,0.266093864044708,-0.0818228126720365,-0.136837413968879,-0.0550146012968425
"399312",0.293989757182403,0.096026147322406,0.207332016855915,-0.111305869533509,-0.197963609859997,-0.0866577403264881
"212192",0.177026536714422,0.117505860759584,0.15339424550373,-0.0358883847441454,-0.0595206759548383,-0.0236322912106928
"435351",0.525156723142792,0.100245785042696,0.329500325916989,-0.229254540874293,-0.424910938100097,-0.195656397225804
"88767",0.0221466433111599,0.103266488766637,0.0469933745414391,0.0562731142251979,0.0811198454554771,0.0248467312302792
"353460",0.0183604424002106,0.0795760614356882,0.0358195712257876,0.0437564902099006,0.0612156190354776,0.017459128825577
"419000",0.10292655810204,0.127900854249258,0.112013937178661,0.0158869170705968,0.0249742961472183,0.00908737907662148
"484876",0.20820637868738,0.150294112495293,0.18547619087624,-0.0351820783809469,-0.0579122661920871,-0.0227301878111403
"568857",0.0444973621632773,0.104032172694349,0.064661385842401,0.0393707868519477,0.0595348105310713,0.0201640236791237
"566987",0.183814711295648,0.187049831240426,0.184994924677557,0.00205490656286883,0.00323511994477779,0.00118021338190896
"350324",0.0415510689734672,0.0997521643350666,0.0605525442541201,0.0391996200809465,0.0582010953615994,0.0190014752806529
"409073",0.104911466033371,0.122373193141154,0.111444713253082,0.0109284798880726,0.0174617271077834,0.00653324721971087
"414014",0.0588327603971729,0.108217812229947,0.0756552684733666,0.0325625437565808,0.0493850518327745,0.0168225080761937
"327751",0.094962087711843,0.0922165109263879,0.0939575714420896,-0.00174106051570168,-0.00274557678545508,-0.0010045162697534
"279565",0.192697431532699,0.126079470279533,0.16615204340556,-0.0400725731260273,-0.0666179612531667,-0.0265453881271394
"308878",0.152523501514136,0.125290295060446,0.14190221137577,-0.016611916315324,-0.0272332064536906,-0.0106212901383665
"470644",0.113241035662031,0.138311317094112,0.122509350694051,0.0158019664000604,0.0250702814320812,0.00926831503202076
"18166",0.199519113014627,0.12417092172215,0.169174632055168,-0.0450037103330188,-0.0753481912924776,-0.0303444809594589
"122129",0.218116357585871,0.16342485432865,0.196682261864513,-0.0332574075358628,-0.054691503257221,-0.0214340957213582
"454816",0.0308066041456666,0.0969765679169287,0.0517885646618424,0.0451880032550864,0.0661699637712621,0.0209819605161758
"521057",0.0876790276873748,0.111877581956318,0.0977063360919286,0.0141712458643894,0.0241985542689432,0.0100273084045538
"262241",0.0285460431694877,0.0959963539457218,0.0491492022028594,0.0468471517428623,0.067450310776234,0.0206031590333717
"93059",0.101363759738283,0.0863925763445657,0.0956797577759759,-0.00928718143141023,-0.0149711833937174,-0.00568400196230714
"462521",0.0252774550184682,0.0889773181376063,0.0444411023897757,0.0445362157478306,0.063699863119138,0.0191636473713075
"95509",0.160246376300518,0.0833498734735472,0.128926750306471,-0.0455768768329239,-0.0768965028269711,-0.0313196259940472
"29382",0.231200861667595,0.128851267536007,0.189281246227538,-0.0604299786915313,-0.102349594131588,-0.0419196154400571
"529465",0.129462216366389,0.123954111691308,0.127394529343118,-0.00344041765181029,-0.00550810467508124,-0.00206768702327095
"477215",0.164344440990131,0.140378053177978,0.155240579875826,-0.0148625266978483,-0.0239663878121537,-0.00910386111430547
"342253",0.17144268966835,0.0981358740205542,0.141595154920777,-0.0434592809002224,-0.0733068156477961,-0.0298475347475737
"130100",0.0295147295579217,0.0958398671343583,0.0496287675690019,0.0462110995653564,0.0663251375764366,0.0201140380110801
"270331",1.14567241167818,0.183000080991847,1.14567241167818,-0.96267233068633,-0.96267233068633,0
"268852",0.120003245199155,0.136252136775574,0.126200589064045,0.0100515477115283,0.0162488915764185,0.00619734386489026
"321421",0.136249157640048,0.117850104966842,0.129198410017419,-0.0113483050505765,-0.018399052673206,-0.00705074762262953
"339187",0.0346497823586736,0.0951324863341018,0.0538995628069934,0.0412329235271084,0.0604827039754282,0.0192497804483198
"95473",0.295832619056896,0.175356306177663,0.247931276879887,-0.072574970702224,-0.120476312879233,-0.0479013421770087
"276596",0.0431731498243083,0.110891726334539,0.0653605246929615,0.0455312016415778,0.0677185765102309,0.0221873748686531
"279714",0.337016485800393,0.15998310917862,0.263641839832755,-0.103658730654134,-0.177033376621773,-0.0733746459676381
"226990",0.0545544244413354,0.10346339224283,0.072088816319297,0.0313745759235332,0.0489089678014948,0.0175343918779616
"421956",0.0369195376891624,0.119468208603287,0.0639120761637513,0.0555561324395353,0.0825486709141242,0.0269925384745888
"379280",0.0662206934376007,0.10612072501046,0.080125202763869,0.0259955222465907,0.0399000315728591,0.0139045093262684
"77528",0.100898354321019,0.138978835567158,0.114464319980629,0.0245145155865291,0.0380804812461384,0.0135659656596092
"91020",0.170215739150904,0.144921523639182,0.16052448171123,-0.0156029580720479,-0.0252942155117222,-0.00969125743967428
"437476",0.150393542466305,0.151562717660763,0.150978904491111,0.000583813169652198,0.00116917519445753,0.00058536202480533
"231750",0.0370537771361845,0.0948064608748052,0.0554109684909742,0.039395492383831,0.0577526837386207,0.0183571913547897
"24526",0.0357863568397588,0.0899271748167561,0.0530673287259377,0.0368598460908184,0.0541408179769973,0.0172809718861789
"330962",0.0978875829230733,0.0960400747456209,0.0971947626679289,-0.00115468792230801,-0.0018475081774524,-0.000692820255144388
"186224",0.0473704203469919,0.0793584098400245,0.0599314355694214,0.0194269742706031,0.0319879894930326,0.0125610152224295
"204818",0.192074803115703,0.121049834029321,0.163651345029181,-0.0426015109998594,-0.0710249690863815,-0.0284234580865221
"172081",0.0399023340273975,0.0751070890144446,0.0513295399684412,0.0237775490460034,0.0352047549870472,0.0114272059410437
"9442",0.0487787984372363,0.114699492368875,0.0708774858092003,0.0438220065596743,0.0659206939316383,0.022098687371964
"386413",0.0594032284006316,0.126062901680345,0.0820880730567832,0.0439748286235622,0.0666596732797137,0.0226848446561515
"322447",0.0391283300857003,0.092997309558316,0.0568198312726475,0.0361774782856686,0.0538689794726158,0.0176915011869472
"574429",0.115493259656556,0.126303338285257,0.119509481636234,0.00679385664902324,0.0108100786287008,0.00401622197967753
"120272",0.0788397167571685,0.109861357960019,0.0897533089199037,0.0201080490401155,0.0310216412028507,0.0109135921627351
"553359",0.0279873745726777,0.0889455589640546,0.0473144331676724,0.0416311257963822,0.0609581843913769,0.0193270585949947
"77636",3.5063138007581,0.501302578389817,3.5063138007581,-3.00501122236828,-3.00501122236828,0
"108039",0.0514483524486674,0.0924318709029706,0.0655490490267062,0.0268828218762645,0.0409835184543032,0.0141006965780387
"108817",0.158085943202525,0.141046692292402,0.151602766620352,-0.0105560743279503,-0.0170392509101227,-0.00648317658217243
"358806",0.136526711789437,0.121839623584923,0.130995064319326,-0.00915544073440319,-0.0146870882045141,-0.00553164747011087
"52938",0.0516686539972663,0.106700252389969,0.0700009709110084,0.0366992814789609,0.055031598392703,0.0183323169137421
"215098",0.0782132809038906,0.133127855613059,0.0974355557597297,0.0356922998533295,0.0549145747091686,0.0192222748558391
"25068",0.0517360777242343,0.109239006340072,0.0714536057032965,0.0377854006367751,0.0575029286158373,0.0197175279790622
"428900",0.175190282672837,0.130032263668075,0.156487348940763,-0.026455085272688,-0.0451580190047619,-0.0187029337320739
"32631",1.41081118171033,0.238158989052795,1.41081118171033,-1.17265219265754,-1.17265219265754,0
"91697",0.237528326143047,0.122285373439188,0.189425341816026,-0.0671399683768388,-0.115242952703859,-0.0481029843270203
"65246",0.0754691694735878,0.0976998298049742,0.083411390163698,0.0142884396412762,0.0222306603313864,0.00794222069011023
"97890",0.0357700830167655,0.0977207015299454,0.0555780423933052,0.0421426591366402,0.0619506185131799,0.0198079593765397
"280659",0.0224859488077212,0.0997124415246353,0.0455579304465519,0.0541545110780834,0.0772264927169141,0.0230719816388307
"575782",0.133679419721345,0.0993475212845562,0.120432582453996,-0.0210850611694399,-0.0343318984367888,-0.0132468372673488
"205023",0.0726836789414611,0.087314945817176,0.0778767336239089,0.00943821219326707,0.0146312668757149,0.0051930546824478
"456793",1.00728639603599,0.300935433119887,0.70264084355253,-0.401705410432643,-0.706350962916107,-0.304645552483465
"447028",0.0121052636125467,0.0843626848516861,0.0321878477678997,0.0521748370837864,0.0722574212391394,0.020082584155353
"500103",0.106386326221764,0.106662368545952,0.106467123028223,0.000195245517728662,0.000276042324187972,8.07968064593101e-05
"38482",0.0163677498424379,0.0814360640483706,0.0348652440881868,0.0465708199601838,0.0650683142059327,0.0184974942457489
"162409",0.0804272472011729,0.106427379644865,0.0904352750698522,0.0159921045750128,0.0260001324436921,0.0100080278686793
"400729",0.254244762410972,0.0781359752330825,0.177032235841569,-0.0988962606084869,-0.17610878717789,-0.0772125265694029
"436827",0.0290685971910663,0.103649844239007,0.0515227993071983,0.0521270449318084,0.0745812470479403,0.0224542021161319
"314177",0.0336967277227939,0.0978102733445505,0.0539371907416035,0.043873082602947,0.0641135456217566,0.0202404630188096
"95013",0.0658555305319713,0.101250572522976,0.0781472390526728,0.0231033334703029,0.0353950419910044,0.0122917085207015
"158939",0.43240642844718,0.285303104178744,0.374728918605603,-0.089425814426859,-0.147103324268436,-0.0576775098415767
"66603",0.0524886658082982,0.113432255276559,0.0727305870114048,0.040701668265154,0.0609435894682606,0.0202419212031066
"246627",0.315214892206524,0.178211226831147,0.258465375462563,-0.0802541486314156,-0.137003665375377,-0.0567495167439611
"96935",0.740344729966156,0.296403176051783,0.556665868832479,-0.260262692780695,-0.443941553914373,-0.183678861133678
"40697",0.0112645104527276,0.0867043781006759,0.031668453705846,0.0550359243948299,0.0754398676479483,0.0204039432531184
"77279",0.17691349538553,0.101532874851443,0.146368047813156,-0.0448351729617134,-0.0753806205340873,-0.0305454475723738
"572260",0.100456317224124,0.146822970379965,0.117038019182879,0.0297849511970853,0.0463666531558411,0.0165817019587559
"135149",0.0615169448118146,0.121784849648838,0.082277363224237,0.0395074864246007,0.0602679048370231,0.0207604184124224
"441288",0.402522640916978,0.289483473515131,0.358835807513133,-0.0693523339980022,-0.113039167401846,-0.0436868334038442
"44835",0.359018347517799,0.112881787494584,0.250374396919095,-0.137492609424511,-0.246136560023215,-0.108643950598704
"28331",0.490546018290658,0.223869100216363,0.382338619724878,-0.158469519508515,-0.266676918074295,-0.10820739856578
"497168",0.132041651768006,0.11477760254632,0.125483569073202,-0.0107059665268819,-0.0172640492216862,-0.00655808269480426
"528784",0.0610815832027595,0.107849889639256,0.0770475233717652,0.0308023662674903,0.046768306436496,0.0159659401690057
"498347",0.083670525090453,0.112032897213929,0.0938818134351246,0.0181510837788039,0.0283623721234756,0.0102112883446717
"354123",0.0169675756411768,0.0941036884366161,0.0387897072007296,0.0553139812358865,0.0771361127954392,0.0218221315595527
"418261",0.560841769057799,0.250454707269973,0.429606661141217,-0.179151953871244,-0.310387061787826,-0.131235107916582
"148317",0.0426798097271551,0.119993746642251,0.0679304240273966,0.0520633226148546,0.0773139369150961,0.0252506143002415
"552522",0.0622906722545969,0.123857245103402,0.0845240902570313,0.0393331548463712,0.0615665728488055,0.0222334180024343
"552458",0.0718652154084107,0.163553622913304,0.102831286834703,0.0607223360786013,0.0916884075048938,0.0309660714262925
"523329",0.0250335312688884,0.0984469816378213,0.0471862321963686,0.0512607494414527,0.0734134503689329,0.0221527009274802
"488197",0.121829271261562,0.125074802948652,0.123039808171746,0.00203499477690555,0.00324553168709033,0.00121053691018477
"23628",0.234494094326094,0.122842780456873,0.188262579742038,-0.0654197992851648,-0.111651313869221,-0.0462315145840561
"25864",0.0408652710494357,0.102377711925991,0.0607056844678766,0.0416720274581148,0.0615124408765557,0.0198404134184409
"452373",0.930888454986735,0.136937938728062,0.930888454986735,-0.793950516258674,-0.793950516258674,0
"198518",0.188456604148285,0.166873538074892,0.179895075418975,-0.0130215373440826,-0.0215830660733926,-0.00856152872930993
"40560",0.183919097948738,0.178799469738952,0.181994202830249,-0.003194733091297,-0.00511962820978576,-0.00192489511848876
"309103",0.0272541475252882,0.0896384265896657,0.0467317440886829,0.0429066825009828,0.0623842790643775,0.0194775965633947
"3969",0.432249811190182,0.208983545146839,0.34160359122523,-0.132620046078392,-0.223266266043343,-0.0906462199649511
"44314",1.54938810382382,0.398121832542673,1.01863706441778,-0.620515231875109,-1.15126627128115,-0.530751039406038
"340968",0.139434511232379,0.127018894849407,0.134691558320997,-0.00767266347158999,-0.0124156163829728,-0.00474295291138285
"369151",0.158709573951871,0.125764666760578,0.145990016067944,-0.020225349307366,-0.0329449071912938,-0.0127195578839278
"500510",0.0884708715218316,0.132391896936472,0.104392029725079,0.0279998672113923,0.0439210254146401,0.0159211582032477
"11183",0.800580851613792,0.223589393505368,0.552949277427766,-0.329359883922398,-0.576991458108424,-0.247631574186026
"157795",7.17919108626563,0.203752339698437,7.17919108626563,-6.9754387465672,-6.9754387465672,0
"223708",0.144091217348125,0.171455573239243,0.154180622039081,0.0172749512001621,0.0273643558911184,0.0100894046909563
"139485",0.398967860525199,0.107265026920685,0.269205262815334,-0.161940235894649,-0.291702833604514,-0.129762597709865
"214226",0.584062014195202,0.146827356724803,0.391507746229046,-0.244680389504242,-0.437234657470398,-0.192554267966156
"470993",0.115263541113666,0.135617836640264,0.123016314357037,0.012601522283227,0.0203542955265975,0.00775277324337044
"448355",0.639425506381102,0.139974437369163,0.414642105426866,-0.274667668057703,-0.499451069011938,-0.224783400954235
"374696",0.0452903266383301,0.118934127948864,0.0702753416460099,0.048658786302854,0.0736438013105338,0.0249850150076798
"322027",0.0611692833612348,0.11805723501688,0.081239485165226,0.0368177498516542,0.0568879516556454,0.0200702018039912
"52646",0.131816257287965,0.13976203605301,0.134815541228999,0.00494649482401052,0.00794577876504535,0.00299928394103482
"346481",0.146778857682262,0.128186633112442,0.139620288202541,-0.0114336550900989,-0.0185922245698198,-0.00715856947972085
"270274",0.00692060661973829,0.0810404981425518,0.0259116722005322,0.0551288259420196,0.0741198915228135,0.0189910655807939
"561221",0.0436769325000168,0.0964993640102265,0.0608936013901131,0.0356057626201134,0.0528224315102097,0.0172166688900963
"81990",0.0706270244210996,0.112193896604304,0.0851425954357155,0.0270513011685882,0.0415668721832041,0.0145155710146159
"419376",0.105650251906034,0.0756598158567086,0.0896972653765032,-0.0140374495197946,-0.0299904360493255,-0.0159529865295309
"559591",0.030232837188215,0.0843534579704086,0.0468611329445168,0.0374923250258918,0.0541206207821936,0.0166282957563018
"283534",0.0882620760182306,0.104352238061928,0.0941673263475915,0.0101849117143363,0.0160901620436973,0.005905250329361
"276833",0.0227442805315311,0.100673407662711,0.0463894986900712,0.0542839089726396,0.0779291271311798,0.0236452181585401
"226437",0.0677451000750423,0.125474829897755,0.0876188699304394,0.0378559599673154,0.0577297298227126,0.0198737698553972
"493449",0.0234377227550084,0.094102261246654,0.0445514947834152,0.0495507664632388,0.0706645384916456,0.0211137720284068
"356503",0.260474782913755,0.169208506053135,0.222410940250593,-0.053202434197458,-0.0912662768606205,-0.0380638426631625
"469791",0.0616572492970704,0.0961054856046143,0.0739860864083752,0.0221193991962392,0.034448236307544,0.0123288371113048
"567294",0.209775600758664,0.16437893640819,0.192206754625576,-0.027827818217386,-0.0453966643504744,-0.0175688461330884
"505156",0.0886095936627264,0.106841632028706,0.0952633614024555,0.0115782706262502,0.0182320383659792,0.00665376773972906
"340607",0.184395555846675,0.129010385455752,0.162748803187018,-0.0337384177312668,-0.0553851703909237,-0.0216467526596569
"303199",0.170949378241815,0.154245412212424,0.164482454979139,-0.0102370427667141,-0.0167039660293902,-0.00646692326267606
"137438",0.109590500157702,0.112023932331596,0.11049736653099,0.0015265658006062,0.00243343217389438,0.000906866373288184
"29562",0.438666799419126,0.138371126893695,0.308941762160507,-0.170570635266812,-0.300295672525431,-0.129725037258619
"26338",0.28639909047589,0.153302354317576,0.230686534736717,-0.0773841804191409,-0.133096736158314,-0.0557125557391732
"394170",0.0154189536161377,0.0966533502438562,0.0382062651703837,0.0584470850734725,0.0812343966277185,0.022787311554246
"340745",0.238335690056646,0.1706130453264,0.211369620925117,-0.0407565755987169,-0.0677226447302463,-0.0269660691315294
"306540",0.0901249874015024,0.091056218891605,0.0904753511458589,0.00058086774574613,0.000931231490102602,0.000350363744356472
"25652",0.236877726139762,0.110818974988222,0.184290124503892,-0.0734711495156703,-0.12605875115154,-0.05258760163587
"467892",0.104515066979078,0.134816220127849,0.11590514246929,0.0189110776585586,0.0303011531487705,0.0113900754902119
"398571",0.0193880930003836,0.0966572157229028,0.0420836256433752,0.0545735900795276,0.0772691227225192,0.0226955326429916
"429991",0.216677829124669,0.156499860990622,0.192862160695539,-0.0363622997049177,-0.0601779681340475,-0.0238156684291297
"286479",0.0474579035407904,0.0945792618051576,0.0640472195017532,0.0305320423034044,0.0471213582643672,0.0165893159609628
"341296",0.129324725349362,0.108572011404832,0.121359099308699,-0.0127870879038666,-0.0207527139445294,-0.00796562604066281
"444583",0.0541806412355989,0.137240031072805,0.0817874147076797,0.0554526163651256,0.0830593898372064,0.0276067734720808
"170701",0.0150775804242343,0.0888722254599678,0.0359256046126296,0.0529466208473382,0.0737946450357335,0.0208480241883953
"509315",0.03167571578635,0.101279494189096,0.05362827538568,0.0476512188034161,0.0696037784027461,0.02195255959933
"351820",0.164795891611824,0.118676894333257,0.146549510433995,-0.0278726161007376,-0.0461189972785668,-0.0182463811778292
"108759",0.068081574362324,0.131940196446758,0.0897400386581469,0.042200157788611,0.0638586220844339,0.0216584642958229
"483228",0.103290915695599,0.132169198818334,0.115694748695299,0.0164744501230346,0.028878283122735,0.0124038329997003
"222939",0.486091433809574,0.164623392695918,0.34791054848671,-0.183287155790792,-0.321468041113656,-0.138180885322864
"78201",0.159050894759579,0.173714673820534,0.164504177258219,0.00921049656231485,0.0146637790609552,0.00545328249864035
"452572",0.0648341064229188,0.077166734747742,0.0691939436300023,0.0079727911177397,0.0123326283248232,0.00435983720708349
"300679",0.608852242710232,0.174139266058605,0.420013207469848,-0.245873941411243,-0.434712976651627,-0.188839035240384
"545475",0.0524380805246623,0.0924977704920497,0.0675127358639577,0.0249850346280919,0.0400596899673874,0.0150746553392954
"69832",0.479084972885642,0.280655048609278,0.400348453776996,-0.119693405167718,-0.198429924276364,-0.0787365191086461
"37664",0.234178275761486,0.0909098514256549,0.173333438187139,-0.0824235867614838,-0.143268424335831,-0.0608448375743473
"466749",0.209298352283812,0.0881792937162291,0.158319166477739,-0.07013987276151,-0.121119058567583,-0.0509791858060734
"419812",0.243422996573713,0.19567513922928,0.224502648646858,-0.0288275094175775,-0.0477478573444328,-0.0189203479268553
"528799",0.00937590031512941,0.072607444047388,0.0252182248073802,0.0473892192400079,0.0632315437322586,0.0158423244922508
"169909",0.167990892554463,0.162726442288265,0.165991850423563,-0.00326540813529802,-0.0052644502661981,-0.00199904213090007
"357009",0.0557594046498336,0.119769106645183,0.0771665038521869,0.0426026027929958,0.0640097019953491,0.0214070992023533
"95828",0.0295209778677012,0.102129420824866,0.0523307228823356,0.0497986979425304,0.0726084429571648,0.0228097450146344
"126126",0.0294935052928533,0.087872980622823,0.0475167867385381,0.0403561938842849,0.0583794753299696,0.0180232814456848
"499740",0.217614090676642,0.182862391781217,0.2039326404483,-0.0210702486670832,-0.0347516988954252,-0.013681450228342
"500671",0.087511416353975,0.119953720446814,0.0993075354969263,0.0206461849498876,0.0324423040928389,0.0117961191429513
"302950",0.133867281527005,0.131260249629855,0.13288986354244,-0.00162961391258476,-0.00260703189715056,-0.000977417984565798
"321726",0.139440467964629,0.156870464472922,0.146268502978733,0.0106019614941892,0.0174299965082927,0.00682803501410353
"12709",0.126205591553603,0.140630677205881,0.13165838956288,0.00897228764300051,0.014425085652278,0.0054527980092775
"53341",0.06510999527292,0.0960714230012356,0.0759091193752664,0.0201623036259692,0.0309614277283156,0.0107991241023464
"86933",0.101374206896518,0.117758879931884,0.107442690601238,0.0103161893306454,0.0163846730353658,0.00606848370472043
"160736",0.0337127235724544,0.112435819238973,0.0584650796182629,0.0539707396207106,0.078723095666519,0.0247523560458085
"127584",0.0759760708313032,0.109127095992985,0.0878443675597275,0.0212827284332574,0.0331510251616818,0.0118682967284244
"485771",0.08250932823842,0.116404291696992,0.0945388135271232,0.0218654781698688,0.033894963458572,0.0120294852887032
"444180",0.0836235491406291,0.157859478954057,0.110105511466919,0.047753967487138,0.0742359298134283,0.0264819623262903
"171592",0.0190479106664861,0.087052763870583,0.0385700088578375,0.0484827550127455,0.0680048532040969,0.0195220981913514
"93525",0.0382286991510105,0.106425632773288,0.0601719354189384,0.0462536973543497,0.0681969336222775,0.0219432362679278
"497680",0.105710386675076,0.088274330828221,0.0990958401333423,-0.0108215093051213,-0.0174360558468549,-0.00661454654173362
"87101",0.344821860093528,0.182177617484197,0.278122047271465,-0.0959444297872679,-0.162644242609332,-0.0666998128220636
"456397",0.0238729680076635,0.0838454262110399,0.0415385438459758,0.042306882365064,0.0599724582033764,0.0176655758383123
"574541",0.0408714587623598,0.0940209613562269,0.058161675940701,0.0358592854155258,0.053149502593867,0.0172902171783412
"469833",0.294845371952547,0.180670487845217,0.247983843480599,-0.0673133556353827,-0.114174884107331,-0.046861528471948
"158835",0.0931929787114031,0.136385660739575,0.108896357275263,0.0274893034643122,0.0431926820281723,0.0157033785638602
"116068",0.686253856523916,0.285986373386484,0.525955607409946,-0.239969234023461,-0.400267483137432,-0.160298249113971
"281697",1.84120915661301,0.246250572047945,1.84120915661301,-1.59495858456506,-1.59495858456506,0
"271099",0.130380825719298,0.116711625531477,0.125196346002823,-0.00848472047134657,-0.0136692001878218,-0.0051844797164752
"53377",0.0804848858167526,0.115713302306174,0.0937856208820589,0.0219276814241153,0.0352284164894216,0.0133007350653063
"321518",0.175731342271226,0.163186120310363,0.170245132173193,-0.00705901186283048,-0.0125452219608635,-0.00548621009803299
"405665",0.0205711917681235,0.0989540462354077,0.0436211543552594,0.0553328918801482,0.0783828544672841,0.0230499625871359
"56871",0.0148843049229232,0.0901654001959671,0.0366104012371684,0.0535549989587987,0.0752810952730439,0.0217260963142452
"557279",0.133469205566929,0.135561131233715,0.135723741383925,-0.000162610150210157,0.00209192566678648,0.00225453581699664
"141823",0.269625328492053,0.0956819782994822,0.195026372303493,-0.0993443940040106,-0.173943350192571,-0.0745989561885602
"316055",0.132045262705222,0.164548084370695,0.144150724912186,0.020397359458509,0.0325028216654731,0.0121054622069641
"80330",0.369550189219917,0.121633830756781,0.261976130599633,-0.140342299842851,-0.247916358463135,-0.107574058620284
"21882",0.0363953740922792,0.0940281802024936,0.0561705696444837,0.0378576105580098,0.0576328061102144,0.0197751955522045
"397326",0.0680218616116936,0.0951500885900144,0.0776496216731273,0.0175004669168871,0.0271282269783208,0.0096277600614337
"246908",0.112273124269305,0.0917449039137321,0.104413999316466,-0.0126690954027344,-0.0205282203555725,-0.00785912495283814
"245908",0.112477626865209,0.119553533463821,0.11715854297213,0.00239499049169112,0.00707590659861224,0.00468091610692112
"39752",0.157818307347039,0.145725106032398,0.153131126996418,-0.0074060209640199,-0.0120932013146418,-0.00468718035062191
"540644",0.139341888704494,0.11394870884456,0.129492089524705,-0.0155433806801453,-0.0253931798599338,-0.00984979917978845
"205027",0.0786593329080064,0.133776172237927,0.0980830512079563,0.0356931210299711,0.055116839329921,0.0194237182999499
"113246",0.207335457004699,0.165828157258109,0.191155608831449,-0.0253274515733397,-0.0415072997465902,-0.0161798481732505
"381435",0.0386245910487566,0.10077181068728,0.0588839531868144,0.0418878575004657,0.0621472196385235,0.0202593621380578
"550780",0.186217207972527,0.0885792658875276,0.145772484760092,-0.0571932188725645,-0.0976379420849991,-0.0404447232124346
"229213",1.49789781705521,0.409052201767974,0.999381764813748,-0.590329563045773,-1.08884561528724,-0.498516052241465
"484546",0.0560304424483516,0.120293673413411,0.0777067086810748,0.0425869647323358,0.0642632309650591,0.0216762662327232
"88718",0.307525414851688,0.157843471036502,0.24630090982309,-0.0884574387865881,-0.149681943815187,-0.0612245050285987
"538887",0.265072668057012,0.107099157473478,0.198184803319748,-0.09108564584627,-0.157973510583534,-0.0668878647372638
"90272",0.130335446754707,0.108049690815331,0.121583547989619,-0.013533857174288,-0.0222857559393754,-0.00875189876508742
"151987",0.123062752084929,0.146172007751338,0.129667750859693,0.0165042568916458,0.0231092556664091,0.00660499877476332
"22212",0.174378100177567,0.142315121785556,0.161458764380754,-0.0191436425951983,-0.0320629783920115,-0.0129193357968132
"312807",0.0828645490853778,0.0905347020893361,0.0856757058590469,0.00485899623028922,0.0076701530039583,0.00281115677366908
"319573",0.0284267781997859,0.0835126518748364,0.0455955226525055,0.0379171292223309,0.0550858736750505,0.0171687444527196
"95084",0.155257931537224,0.15012461063972,0.151836280261126,-0.0017116696214059,-0.00513332089750382,-0.00342165127609792
"125136",0.03737477955433,0.0906305193757485,0.0543635534021797,0.0362669659735688,0.0532557398214185,0.0169887738478497
"183218",0.43803548735771,0.221585948311531,0.347524122191164,-0.125938173879633,-0.216449539046179,-0.0905113651665458
"565825",0.165438287403863,0.153763405519026,0.160912131641158,-0.00714872612213177,-0.011674881884837,-0.00452615576270526
"25024",0.133965543481449,0.142795415333403,0.137234115231306,0.00556130010209729,0.00882987185195447,0.00326857174985717
"211056",0.190678044620866,0.147546908661875,0.173901805365149,-0.0263548967032742,-0.0431311359589915,-0.0167762392557173
"225503",0.120164784204376,0.0871906907933333,0.107274406091959,-0.0200837152986258,-0.0329740934110429,-0.0128903781124172
"29375",0.0395620168534535,0.119142751392125,0.0643861092356159,0.0547566421565091,0.0795807345386716,0.0248240923821625
"398849",0.0233580775236925,0.0901959953301802,0.0437799316793921,0.0464160636507881,0.0668379178064877,0.0204218541556996
"509127",0.0821156866208507,0.101496394754833,0.0894048645839227,0.0120915301709102,0.0193807081339821,0.00728917796307194
"281103",0.106467488242191,0.113921091433657,0.109279349142155,0.00464174229150152,0.00745360319146576,0.00281186089996424
"8525",0.603123660737519,0.155245383020149,0.403878458504401,-0.248633075484252,-0.44787827771737,-0.199245202233118
"577070",0.0686806602395477,0.11633831586745,0.0839744568694288,0.0323638589980212,0.0476576556279022,0.0152937966298811
"346577",0.0612123253353051,0.10694005091196,0.0772675731058498,0.0296724778061101,0.0457277255766548,0.0160552477705447
"83438",0.125844010424034,0.120675888922004,0.123889080754095,-0.0032131918320906,-0.00516812150202969,-0.0019549296699391
"310465",0.102205465565138,0.138717645149082,0.114246075281366,0.0244715698677162,0.0365121795839444,0.0120406097162281
"289347",0.0144323384738269,0.0887380669976968,0.0360697751052441,0.0526682918924527,0.0743057285238699,0.0216374366314172
"358593",0.0685940063337094,0.113888536282215,0.0841809515402427,0.0297075847419718,0.0452945299485051,0.0155869452065333
"484302",0.21803451872178,0.174741524442265,0.20128169336789,-0.0265401689256249,-0.0432929942795142,-0.0167528253538894
"175905",0.0522612883853164,0.130841441846952,0.0785567849386649,0.052284656908287,0.0785801534616355,0.0262954965533486
"416764",0.0089137527874028,0.102643474752581,0.0347613342311692,0.0678821405214114,0.0937297219651778,0.0258475814437664
"566781",0.0570213049942106,0.0974181108543421,0.0708428409338539,0.0265752699204882,0.0403968058601314,0.0138215359396432
"161600",0.00727770889788922,0.0861614622828308,0.0278065796406091,0.0583548826422217,0.0788837533849416,0.0205288707427198
"549556",0.0223987347262683,0.0892552201325107,0.0427259094083572,0.0465293107241536,0.0668564854062424,0.0203271746820889
"300197",0.113017086205348,0.125253887215164,0.117524552076816,0.00772933513834703,0.0122368010098155,0.00450746587146851
"310050",0.117977638458495,0.114072252546785,0.11651171986279,-0.00243946731600451,-0.0039053859117093,-0.00146591859570479
"81520",0.211258409010816,0.146185897136417,0.185592805704409,-0.0394069085679922,-0.0650725118743991,-0.0256656033064069
"31981",0.0792504022791849,0.147991222541665,0.104236273312257,0.0437549492294086,0.0687408202624805,0.0249858710330719
"146255",0.0600956729650495,0.124649501341753,0.082050093696716,0.0425994076450367,0.0645538283767031,0.0219544207316664
"42631",0.0885578253237578,0.11442363067553,0.0979298792631898,0.0164937514123401,0.0258658053517721,0.00937205393943201
"563587",0.312103281158371,0.161233012405003,0.249837369260436,-0.0886043568554325,-0.150870268753368,-0.0622659118979351
"253217",0.136288894646501,0.161619192625093,0.145653847634199,0.0159653449908941,0.0253302979785923,0.00936495298769816
"17246",0.083866142456441,0.136981623711818,0.1026911413945,0.0342904823173173,0.0531154812553766,0.0188249989380593
"559631",0.0747280165762448,0.117336166395251,0.0898829757794082,0.0274531906158425,0.0426081498190059,0.0151549592031634
"360670",0.0831482740288009,0.125147488899708,0.0985876688825256,0.0265598200171823,0.041999214870907,0.0154393948537247
"95606",0.230190166643777,0.151900943721227,0.198984496644938,-0.0470835529237116,-0.07828922292255,-0.0312056699988384
"23762",0.076519236545708,0.120344774299129,0.0923470671967807,0.0279977071023479,0.0438255377534206,0.0158278306510727
"436918",0.0981114150130248,0.115548309186958,0.104536921937494,0.0110113872494632,0.0174368941739329,0.00642550692446972
"485060",0.0623750568605945,0.131871720522053,0.0859486187363714,0.0459231017856814,0.0694966636614583,0.0235735618757769
"536946",0.0546389212668717,0.0982526349708387,0.0694171855000968,0.0288354494707418,0.043613713703967,0.0147782642332252
"359768",0.257598605575238,0.182470314243465,0.227685468769147,-0.045215154525682,-0.0751282913317731,-0.0299131368060911
"123448",0.162672095187122,0.145458899559542,0.156080004703521,-0.0106211051439796,-0.0172131956275798,-0.00659209048360021
"384922",0.386208942241336,0.314763837982611,0.35891753967039,-0.0441537016877789,-0.0714451042587246,-0.0272914025709457
"518017",0.102079681945202,0.155704562420656,0.121110925677438,0.0345936367432188,0.0536248804754543,0.0190312437322356
"455048",0.144363809572631,0.159217847444681,0.15003495282124,0.00918289462344085,0.0148540378720501,0.00567114324860923
"54848",0.178995287023378,0.140986583225196,0.164259803218868,-0.0232732199936727,-0.0380087037981819,-0.0147354838045092
"436072",0.135613750037726,0.179684525979618,0.151588627749283,0.028095898230335,0.0440707759418918,0.0159748777115568
"552783",0.0822057709650308,0.128558450751918,0.0979662811567538,0.0305921695951645,0.0463526797868876,0.0157605101917231
"211141",0.229382432939342,0.165120328003953,0.203739713493278,-0.0386193854893251,-0.064262104935389,-0.0256427194460639
"108278",0.126111087174125,0.168290747768011,0.141294631904001,0.0269961158640106,0.042179660593886,0.0151835447298754
"304573",0.160740712691269,0.10936397007657,0.140370618697973,-0.0310066486214033,-0.0513767426146988,-0.0203700939932955
"564506",0.750226730048547,0.397464692465131,0.608347579359244,-0.210882886894113,-0.352762037583415,-0.141879150689302
"53444",0.0372642073049956,0.0770470287446854,0.0499648502134226,0.0270821785312628,0.0397828214396898,0.012700642908427
"56517",3.7628881682709,0.230826567833287,3.7628881682709,-3.53206160043761,-3.53206160043761,0
"342001",0.0808945750412477,0.130245568765722,0.0980306910172878,0.0322148777484343,0.0493509937244744,0.01713611597604
"342597",0.209180030941146,0.157798331375504,0.188064965248504,-0.030266633873,-0.051381699565642,-0.0211150656926419
"315972",0.124092765259285,0.0982570095435935,0.11623645098888,-0.0179794414452863,-0.0258357557156918,-0.00785631427040556
"6990",0.0297582235593531,0.0846992596388682,0.0475986495893372,0.0371006100495311,0.0549410360795152,0.0178404260299841
"497614",0.0641471157619173,0.0922085704766118,0.0739770653339386,0.0182315051426732,0.0280614547146945,0.00982994957202132
"210739",0.050481767765926,0.122197164019693,0.0746494222473577,0.0475477417723349,0.0717153962537665,0.0241676544814317
"139757",0.0339855924562685,0.119304184098378,0.0609883885386251,0.0583157955597533,0.0853185916421098,0.0270027960823566
"568199",0.171525075798097,0.153311582189459,0.164569541867392,-0.0112579596779328,-0.0182134936086379,-0.00695553393070508
"220982",0.254924093415734,0.130004182400909,0.202746397576682,-0.0727422151757728,-0.124919911014825,-0.0521776958390524
"344656",0.0900083015981383,0.127965569532933,0.103514244241165,0.0244513252917681,0.0379572679347952,0.0135059426430272
"56059",0.344917222940713,0.200508258828526,0.286668501614923,-0.0861602427863967,-0.144408964112187,-0.05824872132579
"69388",0.0196261962460422,0.0841915205715261,0.0383551235949391,0.0458363969765869,0.0645653243254839,0.0187289273488969
"149873",0.0397507954877206,0.0973670348144574,0.0585857981353062,0.0387812366791512,0.0576162393267368,0.0188350026475856
"485400",0.0704477588479973,0.113944449324174,0.0863892805922352,0.0275551687319389,0.0434966904761768,0.0159415217442379
"514482",0.0803205122802203,0.0893752547423649,0.0835778208080329,0.00579743393433202,0.0090547424621446,0.00325730852781259
"106777",0.214865377803185,0.178217789649303,0.200649167727483,-0.0224313780781796,-0.0366475881538813,-0.0142162100757018
"270094",0.382452192973201,0.138584870835023,0.278533246812944,-0.139948375977921,-0.243867322138178,-0.103918946160258
"147186",0.113329598945462,0.085620600850018,0.104647910406604,-0.0190273095565861,-0.027708998095444,-0.00868168853885787
"499812",0.105812545522863,0.134901180567697,0.1145551344536,0.0203460461140974,0.0290886350448344,0.00874258893073696
"120758",0.459965703168731,0.144772384836858,0.324019090373159,-0.179246705536301,-0.315193318331873,-0.135946612795572
"470149",0.300572875564582,0.174470818162509,0.250037470872409,-0.0755666527098996,-0.126102057402073,-0.0505354046921735
"246881",0.044991695683081,0.104987192182951,0.0650265948454032,0.0399605973375479,0.0599954964998701,0.0200348991623223
"83471",0.170329277560173,0.126020597034077,0.152928226838659,-0.0269076298045823,-0.0443086805260965,-0.0174010507215142
"301699",0.122847352551309,0.119923169590257,0.121739791159244,-0.0018166215689872,-0.00292418296105218,-0.00110756139206498
"563670",1.13175630276924,0.307265308906273,0.786178993596736,-0.478913684690463,-0.824490993862969,-0.345577309172506
"24546",0.0115388318843343,0.0843851675641233,0.0312707707528064,0.0531143968113169,0.072846335679789,0.0197319388684721
"129189",0.057794275768509,0.117525298659232,0.0783647071365726,0.0391605915226598,0.0597310228907233,0.0205704313680636
"536340",0.0061955266537339,0.0940138262033898,0.0287399389679108,0.065273887235479,0.0878182995496559,0.0225444123141769
"214563",0.0131334748377233,0.0926440982674869,0.0355757649697674,0.0570683332977195,0.0795106234297636,0.0224422901320442
"56669",0.0495699658278152,0.0880556527058023,0.0624670332224993,0.025588619483303,0.0384856868779871,0.0128970673946841
"224990",0.591649314432008,0.140179390498838,0.389449665991211,-0.249270275492373,-0.451469923933169,-0.202199648440797
"127512",0.0052827976040047,0.0853821962740165,0.0253768372090002,0.0600053590650164,0.0800993986700118,0.0200940396049955
"530658",0.153585548525423,0.10458117581066,0.134268651425755,-0.0296874756150946,-0.049004372714763,-0.0193168970996684
"363957",0.405513653107129,0.203567873519247,0.321337266833117,-0.11776939331387,-0.201945779587882,-0.0841763862740126
"77328",0.200877209210059,0.136904922649083,0.176134442348464,-0.0392295196993814,-0.063972286560976,-0.0247427668615945
"450660",0.0276253687919953,0.118193852131443,0.0555230169317077,0.0626708351997358,0.0905684833394482,0.0278976481397124
"67985",0.0413886357361105,0.0864817840715031,0.0561496541417234,0.0303321299297797,0.0450931483353926,0.0147610184056129
"131035",0.0383069806622636,0.0860361044265922,0.0536639946010938,0.0323721098254985,0.0477291237643287,0.0153570139388302
"538390",0.0931662419344543,0.116511592094516,0.101723251087754,0.0147883410067616,0.0233453501600612,0.00855700915329967
"56048",0.170155750710456,0.180082344648661,0.173973341044668,0.00610900360399305,0.00992659393820469,0.00381759033421164
"256346",0.533447428880836,0.245683355502163,0.4174195555626,-0.171736200060438,-0.287764073378674,-0.116027873318236
"196860",0.150162670103906,0.168846799021123,0.15711216381902,0.0117346352021028,0.0186841289172172,0.00694949371511441
"217083",0.740159599312212,0.198313707877682,0.501486821696746,-0.303173113819064,-0.54184589143453,-0.238672777615466
"55359",0.0231999257392554,0.110417520974438,0.049428543489596,0.0609889774848419,0.0872175952351825,0.0262286177503406
"121427",0.111337169596815,0.0967209682028323,0.10576757742019,-0.00904660921735756,-0.0146162013939823,-0.0055695921766247
"34594",0.122783761275674,0.162439736913663,0.135691908214501,0.0267478286991612,0.0396559756379887,0.0129081469388275
"234631",0.0823365381263407,0.147077255667436,0.10513049065256,0.0419467650148765,0.0647407175410954,0.0227939525262189
"293008",0.0585303817223491,0.131822400668744,0.083360316172341,0.0484620844964025,0.0732920189463944,0.0248299344499919
"173880",0.0428297773419467,0.115118599882449,0.0660684343240991,0.0490501655583501,0.0722888225405025,0.0232386569821523
"280312",0.249076204824014,0.195148640189145,0.227860070124897,-0.0327114299357524,-0.0539275646348693,-0.0212161346991169
"415318",0.0488648643611816,0.138843887929014,0.0786008012865264,0.0602430866424872,0.0899790235678319,0.0297359369253448
"578023",0.0355932881026553,0.104727383530477,0.0578503026281467,0.0468770809023307,0.0691340954278221,0.0222570145254914
"35",0.0921936974382001,0.137759459676736,0.108376050430975,0.029383409245761,0.0455657622385359,0.0161823529927749
"74857",0.0536309340333129,0.110555317060942,0.0726615845767148,0.0378937324842272,0.0569243830276291,0.0190306505434019
"504357",0.262731806901716,0.190852595615833,0.233929273658227,-0.0430766780423943,-0.0718792112858827,-0.0288025332434885
"40451",0.194177878978425,0.114792870033829,0.162021493274556,-0.0472286232407272,-0.0793850089445959,-0.0321563857038686
"261345",0.278852870855948,0.222025289214216,0.257058115381433,-0.0350328261672167,-0.0568275816417319,-0.0217947554745152
"452719",0.208488523631655,0.18529094181626,0.199145352167814,-0.0138544103515543,-0.0231975818153946,-0.00934317146384031
"386179",0.273346105843069,0.197069253052951,0.242308735570902,-0.0452394825179508,-0.0762768527901184,-0.0310373702721676
"433183",0.0735605057418966,0.129925575834831,0.0927416871733276,0.0371838886615033,0.0563650700929343,0.019181181431431
"470610",0.145900643975093,0.118339407866242,0.135221595119004,-0.0168821872527628,-0.0275612361088513,-0.0106790488560884
"40608",0.0699963689558865,0.119080461504818,0.0858098308535415,0.0332706306512769,0.0490840925489319,0.015813461897655
"508392",0.0795661535611976,0.102443487860254,0.0878122361158912,0.0146312517443633,0.0228773342990568,0.00824608255469354
"461385",0.0495824519907468,0.159155709416356,0.0854157263583042,0.0737399830580521,0.109573257425609,0.0358332743675574
"80834",0.0505496205086193,0.121140022939944,0.0737138147081756,0.0474262082317679,0.0705904024313243,0.0231641941995563
"217748",0.0189491951731761,0.116048683205342,0.047454412143936,0.0685942710614061,0.097099488032166,0.0285052169707599
"450194",0.526897217200129,0.300996457174838,0.438619328949181,-0.137622871774343,-0.225900760025291,-0.0882778882509485
"179133",0.0195501022977505,0.0780659233389373,0.0364331521338434,0.0416327712050939,0.0585158210411868,0.0168830498360929
"385513",0.147898987701421,0.166365500262627,0.154176285113443,0.0121892151491837,0.0184665125612052,0.00627729741202152
"514705",0.0250963810471909,0.0821609042855228,0.042156223425806,0.0400046808597168,0.057064523238332,0.0170598423786152
"538853",0.0134654551580357,0.0841213162723553,0.032933048422225,0.0511882678501302,0.0706558611143196,0.0194675932641894
"190256",0.756160404166136,0.583983690435969,0.692026982220094,-0.108043291784125,-0.172176713730167,-0.0641334219460423
"482818",0.111027018451404,0.114251733994826,0.112267194473999,0.001984539520827,0.00322471554342205,0.00124017602259505
"440102",0.192394070218655,0.183513040632136,0.189002125020337,-0.00548908438820103,-0.00888102958651929,-0.00339194519831826
"428544",0.818562244535255,0.290948212678352,0.60453542642603,-0.313587213747678,-0.527614031856904,-0.214026818109226
"80589",0.0280134352277331,0.114518141218817,0.0548802828472936,0.0596378583715238,0.0865047059910844,0.0268668476195605
"320294",0.0377086652356542,0.1198442502942,0.0639964772062986,0.0558477730879009,0.0821355850585453,0.0262878119706444
"361367",0.0355758424013502,0.0825663617333257,0.0503617468967549,0.0322046148365708,0.0469905193319755,0.0147859044954048
"80858",0.02307371258856,0.0903310610088629,0.0439739262377972,0.0463571347710657,0.0672573484203029,0.0209002136492372
"543284",0.0125597301275049,0.0893092407539538,0.0339642228284113,0.0553450179255425,0.0767495106264489,0.0214044927009063
"80108",0.0362573523112519,0.110490712360431,0.0595602125678766,0.0509304997925547,0.0742333600491794,0.0233028602566247
"83576",0.204528842763446,0.166308452183025,0.187024197758033,-0.0207157455750078,-0.0382203905804215,-0.0175046450054137
"482496",0.0983055122959566,0.1194644352268,0.106649010780505,0.0128154244462952,0.0211589229308436,0.00834349848454834
"26714",0.0263506031052351,0.0918764453496995,0.0465481169027246,0.0453283284469749,0.0655258422444644,0.0201975137974895
"113645",0.224136010586913,0.119973091980342,0.180539114886405,-0.0605660229060632,-0.104162918606571,-0.043596895700508
"522218",0.0630526627158186,0.110082535411271,0.0791700962190835,0.0309124391921872,0.0470298726954521,0.016117433503265
"56758",0.212073423026295,0.191058929286792,0.203949971299585,-0.0128910420127932,-0.0210144937395037,-0.00812345172671047
"253185",0.274895800402172,0.186355003065477,0.238091582710937,-0.0517365796454607,-0.0885407973366957,-0.0368042176912351
"446124",0.181325465803723,0.165441869025307,0.175362461872018,-0.00992059284671098,-0.0158835967784164,-0.00596300393170537
"68007",0.0463432194660939,0.130997113513824,0.0741154027090922,0.0568817108047317,0.0846538940477299,0.0277721832429982
"446323",0.0349716405913362,0.106941548553965,0.0578971607664112,0.0490443877875539,0.0719699079626289,0.022925520175075
"309552",0.0105582836294966,0.0915147198967414,0.0333231098767808,0.0581916100199606,0.0809564362672448,0.0227648262472842
"355926",0.518767705659555,0.267424293581875,0.412165132463492,-0.144740838881617,-0.25134341207768,-0.106602573196063
"136464",0.263769116641372,0.20437200535203,0.240598025392632,-0.0362260200406015,-0.0593971112893423,-0.0231710912487408
"167944",0.0820030314895673,0.138403697168976,0.101838047187298,0.0365656499816787,0.056400665679409,0.0198350156977303
"205983",0.0522644357010435,0.0931277219504365,0.0661794626841379,0.0269482592662986,0.040863286249393,0.0139150269830944
"482650",0.061436552436572,0.0836201507272812,0.071258192839543,0.0123619578877381,0.0221835982907092,0.00982164040297109
"506486",0.0638311539530105,0.112614381683386,0.080635592156084,0.0319787895273022,0.0487832277303757,0.0168044382030735
"357631",0.0859314304627801,0.136127770818466,0.103509870274124,0.032617900544342,0.0501963403556864,0.0175784398113444
"225248",0.11696307147171,0.215444764159993,0.151971785041348,0.0634729791186458,0.0984816926882836,0.0350087135696378
"433633",0.0997538363301876,0.129997830843581,0.110642757238725,0.0193550736048565,0.0302439945133934,0.0108889209085369
"159773",0.0403911263682425,0.10313342316766,0.0605611851453088,0.0425722380223508,0.0627422967994171,0.0201700587770663
"87081",0.095486443718993,0.185700657882733,0.126140549606321,0.0595601082764122,0.0902142141637403,0.0306541058873281
"77949",0.124633222401351,0.102990627990076,0.11635012988913,-0.0133595018990544,-0.0216425944112744,-0.00828309251222004
"116613",0.082839622693422,0.176792150146926,0.115401043751742,0.061391106395184,0.0939525274535044,0.0325614210583204
"332384",0.216562081801767,0.172034859722481,0.199416298335339,-0.0273814386128575,-0.0445272220792853,-0.0171457834664278
"100129",0.198064194944658,0.230127787976576,0.210015535034777,0.0201122529417994,0.0320635930319178,0.0119513400901185
"52694",1.08779440704108,0.368772763303539,0.788384371183067,-0.419611607879528,-0.719021643737538,-0.29941003585801
"490306",3.37805259412576,0.676245285198359,1.93273756644463,-1.25649228124628,-2.70180730892741,-1.44531502768113
"528234",0.161635469703861,0.120241672841735,0.145378433779747,-0.0251367609380117,-0.0413937968621258,-0.0162570359241141
"322434",0.113218950555251,0.109481050330117,0.111784766811678,-0.0023037164815612,-0.00373790022513468,-0.00143418374357347
"414540",0.0286340651271692,0.0980227481287839,0.0501857427675979,0.0478370053611861,0.0693886830016147,0.0215516776404287
"198969",0.817767495448465,0.164308904538047,0.516349402680217,-0.35204049814217,-0.653458590910418,-0.301418092768248
"56520",0.177079103300945,0.14156801887407,0.16343452335069,-0.0218665044766198,-0.035511084426875,-0.0136445799502552
"432597",0.0300991839461368,0.10664213167485,0.0541177540070771,0.0525243776677727,0.076542947728713,0.0240185700609403
"458558",0.0411941063537216,0.103568722842263,0.0614660838199672,0.0421026390222958,0.0623746164885413,0.0202719774662456
"377363",0.0315990565785738,0.109480018061416,0.0578386949926008,0.0516413230688147,0.0778809614828417,0.026239638414027
"530789",0.201943063150456,0.190554257318427,0.199628335483357,-0.00907407816492975,-0.0113888058320288,-0.00231472766709906
"39126",0.0912840491730302,0.112511267819051,0.098932929179441,0.0135783386396104,0.0212272186460212,0.00764888000641076
"469683",0.0096362284572863,0.0947364198890334,0.0332200517332814,0.061516368155752,0.0851001914317471,0.0235838232759951
"497399",0.0616222292402927,0.0946111707951358,0.0723697451731045,0.0222414256220313,0.0329889415548431,0.0107475159328118
"424549",0.243502080294679,0.188969688311108,0.222522328318851,-0.0335526400077428,-0.054532391983571,-0.0209797519758283
"552122",0.258626559638609,0.152478874552761,0.215810826046296,-0.0633319514935344,-0.106147685085847,-0.0428157335923127
"217033",0.459910830952737,0.308873536683514,0.401165811862751,-0.0922922751792372,-0.151037294269223,-0.0587450190899861
"552876",0.12368533543512,0.122884069782836,0.122719662159389,0.000164407623446619,-0.000801265652283528,-0.000965673275730147
"432044",0.0517276815733156,0.118567946451368,0.0731358223508176,0.0454321241005508,0.0668402648780528,0.021408140777502
"10080",0.136593282434129,0.118550854168177,0.128173804262304,-0.009622950094127,-0.018042428265952,-0.00841947817182498
"91150",0.0723331992914586,0.136811827677654,0.0945426989487561,0.0422691287288978,0.0644786283861953,0.0222094996572975
"514463",0.0695208549901549,0.115315376370024,0.0855801895994245,0.0297351867705991,0.0457945213798687,0.0160593346092696
"574119",0.0442063630497756,0.132244533863313,0.0728713206482139,0.0593732132150988,0.0880381708135372,0.0286649575984383
"178461",0.24944691292122,0.144439382000631,0.206940453826658,-0.0625010718260268,-0.105007530920589,-0.0425064590945622
"542523",0.0984955156807699,0.123356568318009,0.10772876038584,0.0156278079321695,0.0248610526372393,0.00923324470506977
"378334",0.034093378760408,0.117500303890372,0.0610871084375119,0.0564131954528598,0.0834069251299636,0.0269937296771038
"535980",0.0769500452678076,0.118335627159139,0.0914996648533516,0.0268359623057874,0.0413855818913314,0.0145496195855441
"22349",0.0581293892406893,0.0940319510654485,0.0707260829361158,0.0233058681293327,0.0359025618247592,0.0125966936954265
"537584",0.04333539505915,0.122440702390028,0.0694301888158929,0.0530105135741349,0.0791053073308777,0.0260947937567429
"462621",0.177511628418399,0.169397973440907,0.172202855475162,-0.00280488203425444,-0.00811365497749145,-0.00530877294323701
"118427",0.384303429547924,0.137291677704228,0.279193699711217,-0.141902022006989,-0.247011751843695,-0.105109729836707
"123778",0.16556941092332,0.15553280403658,0.161733018908842,-0.00620021487226194,-0.0100366068867395,-0.00383639201447758
"470807",0.078801435877563,0.112709059217131,0.0908416896953043,0.0218673695218268,0.0339076233395681,0.0120402538177413
"489394",0.108685987982547,0.125036044919641,0.11472337428829,0.0103126706313506,0.0163500569370936,0.00603738630574302
"319895",0.117482472845833,0.130843204436856,0.122466511349498,0.00837669308735843,0.0133607315910234,0.00498403850366495
"540378",0.0441264492583924,0.11007247398551,0.0658521316697493,0.0442203423157611,0.065946024727118,0.0217256824113569
"507932",0.174201147629657,0.159673909877729,0.167641272906777,-0.00796736302904857,-0.0145272377519279,-0.00655987472287931
"378424",0.0590885767089661,0.140068732050891,0.0863763818688922,0.0536923501819989,0.080980155341925,0.0272878051599261
"388158",0.347963422435472,0.235619462958441,0.304228846573509,-0.0686093836150675,-0.112343959477031,-0.0437345758619636
"95113",0.377578247942261,0.164889532475181,0.288146901689153,-0.123257369213972,-0.21268871546708,-0.0894313462531078
"529763",0.079029191549662,0.136608344828883,0.0989696641913186,0.0376386806375646,0.0575791532792213,0.0199404726416566
"430871",0.0345609648302641,0.0969522099185698,0.0542956766580673,0.0426565332605025,0.0623912450883057,0.0197347118278032
"133139",1.99612073924906,0.267524747040242,1.99612073924906,-1.72859599220882,-1.72859599220882,0
"164215",0.16380174535054,0.164362134024408,0.163944652448573,0.000417481575835682,0.000560388673867984,0.000142907098032302
"111716",0.0759340270434938,0.137194947702568,0.0975915716283244,0.0396033760742438,0.0612609206590745,0.0216575445848306
"277173",0.0227995992484433,0.117767148690649,0.0519182202865496,0.0658489284040995,0.0949675494422059,0.0291186210381063
"16364",0.0899528929098781,0.0913758030698605,0.0904821293186142,0.000893673751246354,0.00142291015998237,0.00052923640873602
"18388",0.0904135605544697,0.153063631190955,0.112817970715963,0.0402456604749911,0.062650070636485,0.0224044101614938
"522691",0.0563007634105628,0.124195541114336,0.078995595950156,0.04519994516418,0.0678947777037732,0.0226948325395932
"62080",0.0358548375144267,0.103640599317575,0.0574164865715597,0.046224112746015,0.067785761803148,0.021561649057133
"164615",0.320924738407699,0.110630683113253,0.229706957261559,-0.119076274148306,-0.210294055294446,-0.09121778114614
"418491",0.153859284336741,0.123389107407613,0.141958662617954,-0.0185695552103414,-0.0304701769291279,-0.0119006217187865
"330970",0.077015873525088,0.164632921922659,0.107560842505727,0.0570720794169313,0.0876170483975708,0.0305449689806395
"175988",0.0595204039095723,0.118002491313684,0.0798102390221861,0.0381922522914983,0.0584820874041121,0.0202898351126138
"416516",0.0758579454838901,0.101557843226534,0.0851006060802049,0.0164572371463289,0.0256998977426437,0.00924266059631482
"257118",0.458099951775783,0.181324344184829,0.3427633792927,-0.16143903510787,-0.276775607590953,-0.115336572483083
"303216",0.309459282835522,0.1180224036177,0.227753116128851,-0.109730712511151,-0.191436879217823,-0.0817061667066718
"563499",0.405056905785609,0.285250152118048,0.357748675429743,-0.0724985233116955,-0.119806753667561,-0.0473082303558658
"419682",0.24011989359161,0.179348427760756,0.215795396961887,-0.0364469692011308,-0.060771465830854,-0.0243244966297232
"440449",0.0484983368389756,0.145176920222526,0.0803364507111075,0.0648404695114182,0.0966785833835501,0.0318381138721319
"499966",0.130628890384051,0.134388937445902,0.132038256796208,0.00235068064969465,0.00376004706185096,0.0014093664121563
"39896",0.12574136624165,0.108559870742778,0.119152284788692,-0.0105924140459147,-0.0171814954988725,-0.00658908145295775
"106560",0.154862532433334,0.236114056880121,0.184312038472593,0.0518020184075281,0.0812515244467869,0.0294495060392588
"94971",0.0861027638462424,0.110927516660825,0.0954691692811273,0.0154583473796978,0.0248247528145828,0.00936640543488494
"259087",0.113750086552239,0.117543780624858,0.115156963680009,0.00238681694484942,0.00379369407261888,0.00140687712776946
"329774",0.0632526273753535,0.113238404972259,0.0804213137346728,0.0328170912375861,0.0499857775969054,0.0171686863593193
"94913",0.0804942684494813,0.119626505221114,0.0943133715744902,0.0253131336466239,0.0391322367716327,0.0138191031250088
"322526",0.157273035103673,0.136360250586985,0.149172281483251,-0.0128120308962658,-0.0209127845166884,-0.00810075362042265
"189630",0.508183724666515,0.233366765977788,0.396353147910649,-0.162986381932861,-0.274816958688726,-0.111830576755866
"203039",0.133244292604953,0.146887193495128,0.138402568439921,0.00848462505520692,0.0136429008901749,0.00515827583496795
"66083",0.055094626155295,0.101176063652926,0.070878107489048,0.0302979561638781,0.0460814374976312,0.0157834813337531
"435144",0.0845671897767763,0.18098872270675,0.116551644291224,0.0644370784155254,0.0964215329299736,0.0319844545144482
"503213",0.0851671750208549,0.104783611533709,0.0923217462312882,0.0124618653024206,0.0196164365128539,0.00715457121043334
"164951",0.269207213966996,0.24135524453988,0.258531115936012,-0.0171758713961322,-0.0278519694271156,-0.0106760980309834
"484125",0.0578258512532274,0.117517136718861,0.0782941248059415,0.0392230119129197,0.0596912854656339,0.0204682735527142
"335369",0.0613970912770959,0.112540470490418,0.0790042683816179,0.0335362021088006,0.0511433792133225,0.0176071771045219
"436306",0.117997410257812,0.151528056708689,0.130087892665031,0.0214401640436585,0.0335306464508768,0.0120904824072183
"384297",0.477345861536015,0.31962878656444,0.414316691746946,-0.0946879051825062,-0.157717074971575,-0.0630291697890688
"187514",0.152517486392623,0.156823933871462,0.154104266716323,0.00271966715513861,0.00430644747883857,0.00158678032369997
"489682",0.0236119172094896,0.0931442645249541,0.0447275006642798,0.0484167638606743,0.0695323473154645,0.0211155834547902
"282505",0.00398161278699897,0.084742933865672,0.0242865146991818,0.0604564191664902,0.080761321078673,0.0203049019121828
"333553",0.0786437750601442,0.127211144359557,0.0956391762759704,0.0315719680835869,0.0485673692994131,0.0169954012158262
"511343",0.201198155183838,0.0880195548514696,0.158634185659428,-0.0706146308079584,-0.113178600332368,-0.0425639695244099
"378958",0.0399425499799161,0.0948570415541403,0.0579066673632408,0.0369503741908995,0.0549144915742243,0.0179641173833248
"230125",0.177619031817354,0.121640178482286,0.155566015893723,-0.0339258374114367,-0.0559788533350679,-0.0220530159236311
"159680",0.120083122139005,0.116430910099943,0.118712508957361,-0.0022815988574189,-0.00365221203906256,-0.00137061318164367
"8687",0.144930104632742,0.166899169765839,0.153088683285732,0.0138104864801064,0.021969065133097,0.00815857865299061
"156895",0.287556465199932,0.155734115322348,0.233910602713516,-0.0781764873911679,-0.131822349877585,-0.0536458624864167
"42464",0.0629853641353221,0.13146945148782,0.0874123264627699,0.0440571250250505,0.0684840873524983,0.0244269623274478
"21819",0.0796975833826186,0.0906111234849005,0.0836682797792964,0.00694284370560415,0.0109135401022819,0.0039706963966778
"575780",0.122976529018403,0.162632360368269,0.13744289364536,0.0251894667229085,0.0396558313498658,0.0144663646269574
"321200",0.0565268748907143,0.127572598324395,0.0803512354596815,0.0472213628647132,0.0710457234336803,0.0238243605689672
"484394",0.0976253398140208,0.12001144984553,0.105902575218182,0.0141088746273479,0.0223861100315093,0.00827723540416135
"522790",0.14284957852805,0.157386671098396,0.148206395056863,0.00918027604153296,0.0145370925703457,0.00535681652881273
"99998",0.095360557143388,0.177911175790399,0.124001729510849,0.0539094462795494,0.0825506186470109,0.0286411723674615
"319541",0.0550409063143421,0.110214237004793,0.0736238477785882,0.0365903892262046,0.0551733306904507,0.0185829414642461
"11310",1.86890928114023,0.225895952953774,1.86890928114023,-1.64301332818646,-1.64301332818646,0
"66705",0.138458427000954,0.205396702145324,0.163127964811922,0.0422687373334025,0.0669382751443704,0.0246695378109679
"415942",0.210251774857877,0.142329004491846,0.183493486350995,-0.041164481859149,-0.0679227703660316,-0.0267582885068826
"17123",0.110357910937954,0.123678014443653,0.115330756825438,0.00834725761821573,0.0133201035056992,0.00497284588748344
"195957",0.35627937934906,0.384105304179105,0.36691641914192,0.0171888850371847,0.0278259248300454,0.0106370397928607
"264852",0.21539210898381,0.236337152003136,0.223495534042687,0.0128416179604496,0.0209450430193263,0.00810342505887671
"163847",0.0344575728178484,0.124294641636432,0.0631449712608659,0.0611496703755659,0.0898370688185834,0.0286873984430175
"169550",0.11845129741403,0.143111477468789,0.127534130129331,0.0155773473394582,0.0246601800547588,0.00908283271530062
"215651",0.206350786623877,0.15824055614079,0.187427807398483,-0.0291872512576926,-0.0481102304830866,-0.018922979225394
"111349",0.0296205547681937,0.0913947846221073,0.0496472448106642,0.0417475398114431,0.0617742298539136,0.0200266900424706
"424495",0.0717105431392407,0.13582332508943,0.0940733179918168,0.0417500070976133,0.0641127819501894,0.0223627748525761
"119988",0.470590459056277,0.253096606635986,0.383224523182544,-0.130127916546557,-0.217493852420291,-0.0873659358737335
"65958",0.038820748687251,0.075510915162274,0.049892678481046,0.0256182366812279,0.0366901664750229,0.011071929793795
"95299",0.0484166807909525,0.10627173963072,0.0673427771501557,0.0389289624805647,0.057855058839768,0.0189260963592032
"71242",0.021334101502854,0.0812215817346268,0.0384094092427304,0.0428121724918964,0.0598874802317728,0.0170753077398764
"405975",0.0955679411200332,0.166045512926905,0.119034379570436,0.0470111333564688,0.0704775718068713,0.0234664384504025
"533158",0.0875698242286395,0.126867013423384,0.101566650665342,0.0253003627580421,0.039297189194745,0.0139968264367029
"81630",0.0302284983021509,0.114405792885138,0.0574304868264939,0.0569753060586437,0.0841772945829868,0.0272019885243431
"349689",0.224482966745825,0.241379534436077,0.230818963692351,0.0105605707437256,0.0168965676902522,0.00633599694652665
"55984",0.232830142988652,0.132718775964961,0.192213145253753,-0.0594943692887916,-0.100111367023691,-0.0406169977348994
"94814",0.0495172219786525,0.102909245284992,0.0675152403347248,0.0353940049502673,0.0533920233063396,0.0179980183560723
"39033",0.212939367818088,0.186572799268171,0.202867046415527,-0.0162942471473566,-0.0263665685499166,-0.01007232140256
"508985",0.0304246210806138,0.0761192251635199,0.0434335804446895,0.0326856447188304,0.0456946040829062,0.0130089593640757
"287496",0.181513752305642,0.108215195152879,0.152051032645461,-0.0438358374925811,-0.0732985571527627,-0.0294627196601815
"418810",0.220824161958575,0.201908953244012,0.21359598280329,-0.0116870295592783,-0.0189152087145628,-0.00722817915528459
"524132",0.156995272156918,0.15479463756299,0.156151553866993,-0.00135691630400317,-0.00220063459392816,-0.000843718289924994
"563658",0.0391091824112368,0.119588755371852,0.0652430922949599,0.0543456630768918,0.0804795729606149,0.0261339098837231
"278626",0.569002884021772,0.224649153788092,0.426323875961008,-0.201674722172916,-0.34435373023368,-0.142679008060764
"567276",0.144342296074394,0.166310036048552,0.152721361576852,0.0135886744716993,0.021967739974158,0.00837906550245873
"547792",0.246610619547309,0.097473680756856,0.182743049787019,-0.0852693690301634,-0.149136938790453,-0.06386756976029
"285910",0.157826802748773,0.0896282704914797,0.1303607186841,-0.0407324481926204,-0.0681985322572936,-0.0274660840646732
"88965",0.132428324250497,0.142993971490398,0.136454964788566,0.00653900670183277,0.0105656472399012,0.00402664053806839
"149965",0.20087126275702,0.104148228243954,0.161296687773149,-0.0571484595291953,-0.0967230345130663,-0.039574574983871
"539603",0.0815414796091505,0.162892906496105,0.109712010325824,0.0531808961702805,0.0813514268869544,0.0281705307166739
"56345",0.0317275704656291,0.0984498870178486,0.0526971655072236,0.045752721510625,0.0667223165522195,0.0209695950415945
"251389",0.0770094812685506,0.110561436474242,0.0888539716136675,0.0217074648605743,0.0335519552056912,0.0118444903451169
"81109",0.185969621198039,0.188079664624563,0.186778700457209,0.00130096416735412,0.00211004342652363,0.00080907925916951
"337852",0.191898866871113,0.155782480372939,0.177382445501758,-0.0215999651288186,-0.0361163864981741,-0.0145164213693555
"532513",0.084704187770706,0.209221954708015,0.126529955634082,0.0826919990739333,0.124517766937309,0.041825767863376
"278042",0.0546010690909423,0.135696260085623,0.083660594732966,0.0520356653526575,0.0810951909946812,0.0290595256420237
"407665",0.0745534550844068,0.117522924305845,0.090363162062236,0.0271597622436095,0.0429694692214387,0.0158097069778292
"466320",0.0180768086670166,0.109583763948008,0.0450230436799918,0.0645607202680162,0.0915069552809914,0.0269462350129752
"57786",0.565325042331511,0.278406487276674,0.449622404937901,-0.171215917661226,-0.286918555054837,-0.11570263739361
"412519",0.121406808178392,0.152279124929506,0.13273944147533,0.0195396834541756,0.0308723167511136,0.011332633296938
"111134",0.0524220489723423,0.109609205442019,0.0715783464883745,0.0380308589536442,0.0571871564696765,0.0191562975160322
"234345",0.0493992622612802,0.13262560509599,0.0766221141845695,0.0560034909114201,0.0832263428347094,0.0272228519232893
"315246",0.161556641088873,0.126854004569465,0.148039836206484,-0.0211858316370192,-0.0347026365194089,-0.0135168048823897
"434342",0.28049569144505,0.110375006250809,0.208098648255039,-0.0977236420042292,-0.17012068519424,-0.072397043190011
"223337",0.268492120610425,0.149575191994197,0.220603435284949,-0.0710282432907525,-0.118916928616228,-0.047888685325476
"336103",0.0463177568674239,0.109962302610515,0.0676853769561504,0.0422769256543651,0.0636445457430915,0.0213676200887265
"349096",0.39953958567101,0.435177121657755,0.412358055607404,0.0228190660503511,0.0356375359867457,0.0128184699363946
"203181",0.368210066184385,0.148406121343885,0.274368535596295,-0.12596241425241,-0.2198039448405,-0.0938415305880902
"125650",0.043006820159319,0.0993939775520657,0.0614145028313172,0.0379794747207486,0.0563871573927468,0.0184076826719982
"394687",0.020239184265401,0.0846031714392079,0.0389033438618744,0.0456998275773335,0.0643639871738068,0.0186641595964734
"277015",0.0785829771378579,0.156365931140676,0.105487781149768,0.0508781499909071,0.0777829540028177,0.0269048040119106
"456050",0.153564175680496,0.177865732502066,0.162564254067464,0.0153014784346021,0.0243015568215703,0.00900007838696815
"381393",0.034741784787971,0.103791001944216,0.0566386534101381,0.0471523485340774,0.0690492171562446,0.0218968686221672
"453562",0.321144486693856,0.175221071167368,0.26119326304821,-0.0859721918808418,-0.145923415526488,-0.059951223645646
"67854",0.063853786461669,0.140443573494823,0.0901028980940052,0.0503406754008174,0.0765897870331537,0.0262491116323362
"214795",0.0869546516961154,0.141854435289334,0.106628477723633,0.0352259575657011,0.0548997835932182,0.0196738260275172
"485449",0.0686700639869162,0.143291861050808,0.0942834818653812,0.049008379185427,0.074621797063892,0.025613417878465
"540526",0.0388051667471533,0.0897679219916035,0.0550417936707505,0.034726128320853,0.0509627552444502,0.0162366269235973
"167128",0.232103648917229,0.185804838736896,0.214120202270642,-0.0283153635337454,-0.0462988101803328,-0.0179834466465874
"249728",0.0358007938776423,0.0854737597073815,0.0515330284852023,0.0339407312221792,0.0496729658297392,0.01573223460756
"15654",0.218847861791637,0.111571071704262,0.175141378243098,-0.0635703065388364,-0.107276790087376,-0.0437064835485391
"496890",0.102961935436158,0.113483638700135,0.106887542652886,0.00659609604724951,0.0105217032639775,0.00392560721672802
"70473",0.145914198847633,0.172628767253077,0.157195671512618,0.0154330957404588,0.0267145684054446,0.0112814726649858
"486655",0.389902113402306,0.128437354551928,0.276490510705948,-0.14805315615402,-0.261464758850378,-0.113411602696358
"436030",0.0774452520528992,0.123117665864524,0.0933282351742818,0.0297894306902426,0.0456724138116252,0.0158829831213826
"572406",0.0165043122527341,0.111034839127093,0.0447810423459112,0.066253796781182,0.0945305268743591,0.0282767300931771
"57630",0.0260228167518287,0.123233215083662,0.0564407307772185,0.0667924843064435,0.0972103983318333,0.0304179140253898
"448596",0.241128550575693,0.191788056601811,0.222074864693821,-0.0302868080920102,-0.0493404939738814,-0.0190536858818712
"139567",0.122019565867625,0.105403876435244,0.115663906392509,-0.0102600299572654,-0.016615689432381,-0.00635565947511557
"397036",0.13657376194625,0.192335147902645,0.156632191249882,0.0357029566527633,0.0557613859563953,0.0200584293036321
"247244",0.35765355497084,0.172650831198342,0.278771309844111,-0.106120478645769,-0.185002723772498,-0.0788822451267291
"19810",0.0586494655819182,0.0939005084726893,0.0707733187271714,0.0231271897455178,0.0352510428907711,0.0121238531452532
"119193",0.312959523856773,0.157676176928429,0.249822207104026,-0.0921460301755971,-0.155283346928344,-0.0631373167527468
"79893",0.129090212744389,0.19124234903477,0.151350355603635,0.0398919934311346,0.0621521362903803,0.0222601428592457
"358424",0.134293450757925,0.188608333589935,0.15464689408505,0.0339614395048844,0.0543148828320091,0.0203534433271247
"360822",1.2770591085355,0.183419924773366,1.2770591085355,-1.09363918376213,-1.09363918376213,0
"426576",0.0792221645443403,0.130818707594151,0.0975658703877559,0.0332528372063956,0.0515965430498112,0.0183437058434156
"55388",0.0862180104271998,0.160710602082318,0.112688333349088,0.0480222687332295,0.0744925916551181,0.0264703229218886
"127419",0.16576982718341,0.164411455717598,0.165116159058904,-0.000704703341305901,-0.00135837146581169,-0.000653668124505791
"468723",0.179348541915582,0.162869029308409,0.17303593780746,-0.010166908499051,-0.0164795126071725,-0.00631260410812146
"384959",0.0346247623357639,0.116580873715093,0.0614120244361572,0.0551688492789354,0.0819561113793286,0.0267872621003933
"210960",0.0963164368837679,0.126425544856747,0.107520693498891,0.0189048513578565,0.0301091079729796,0.0112042566151231
"85043",0.15898191418158,0.113792027830672,0.141143748509749,-0.0273517206790769,-0.0451898863509082,-0.0178381656718313
"320095",0.142004670449178,0.134210334485414,0.136820076044853,-0.00260974155943924,-0.00779433596376403,-0.00518459440432478
"3407",0.130567236064637,0.122812834703157,0.127616125600895,-0.00480329089773761,-0.00775440136148027,-0.00295111046374266
"263481",0.553093084414139,0.190102259374438,0.398909351256161,-0.208807091881722,-0.3629908250397,-0.154183733157978
"248301",0.565947916231425,0.217432427285854,0.419680052133803,-0.202247624847948,-0.348515488945571,-0.146267864097622
"506730",0.166128926743122,0.15047542528685,0.160100998973835,-0.00962557368698469,-0.0156535014562718,-0.00602792776928715
"100850",0.386317488582686,0.31776566946048,0.360688527232271,-0.0429228577717906,-0.0685518191222058,-0.0256289613504151
"76907",0.0345861082827933,0.10188813868296,0.0558174578337624,0.0460706808491979,0.067302030400167,0.0212313495509691
"138562",0.117807163948632,0.104314628025252,0.112558924770115,-0.00824429674486352,-0.0134925359233801,-0.00524823917851662
"23675",0.0778617709515052,0.127436222722528,0.095381864716761,0.032054358005767,0.0495744517710228,0.0175200937652558
"200263",0.123511012590494,0.184512567050765,0.145684869777046,0.0388276972737189,0.061001554460271,0.0221738571865521
"504646",0.213870509804588,0.254917037912281,0.229079167217476,0.0258378706948049,0.0410465281076931,0.0152086574128883
"522669",0.0634257080352019,0.0972884393940282,0.0752426902609614,0.0220457491330668,0.0338627313588264,0.0118169822257596
"292285",0.09689458863817,0.105441519384979,0.100185764530123,0.00525575485485619,0.0085469307468089,0.00329117589195271
"84204",0.21148516396518,0.195189978629274,0.205290532377998,-0.0101005537487248,-0.0162951853359069,-0.00619463158718211
"529140",0.0362506468124999,0.0970360543181591,0.0557343225875589,0.0413017317306002,0.0607854075056593,0.0194836757750591
"213245",0.0254394305278191,0.1076573107613,0.0512414971409793,0.0564158136203212,0.0822178802334814,0.0258020666131602
"115360",0.129762078170053,0.144725346607269,0.135348831426582,0.00937651518068691,0.0149632684372159,0.00558675325652899
"41779",0.0210447465973714,0.0966270779121354,0.0435104889275163,0.053116588984619,0.075582331314764,0.0224657423301449
"42402",0.124784079906018,0.151862113478718,0.134754994804149,0.0171071186745692,0.0270780335726998,0.00997091489813062
"495536",0.130431008778514,0.181891663504109,0.149185117678907,0.0327065458252022,0.0514606547255951,0.0187541089003929
"252908",0.00777750212938611,0.0949062013618064,0.0316779870195284,0.0632282143422781,0.0871286992324203,0.0239004848901423
"265022",0.206055617331118,0.142036759008266,0.180716689964006,-0.0386799309557405,-0.0640188583228527,-0.0253389273671121
"535393",0.211176573539719,0.0840812218934621,0.157349238879124,-0.0732680169856615,-0.127095351646257,-0.0538273346605957
"143147",0.150803908994179,0.182447419205127,0.162505987266762,0.0199414319383651,0.0316435102109478,0.0117020782725827
"21374",0.593219260256167,0.224744882316339,0.430005792444342,-0.205260910128004,-0.368474377939829,-0.163213467811825
"164797",0.153056360093307,0.159387623389324,0.15539940175072,0.00398822163860438,0.00633126329601744,0.00234304165741306
"90492",0.0489222509174739,0.128762235051651,0.0751949168211614,0.0535673182304901,0.0798399841341776,0.0262726659036875
"40087",0.331913567438837,0.219783356868027,0.287522275607116,-0.0677389187390892,-0.11213021057081,-0.0443912918317212
"518370",0.0247230477762794,0.0992229022130176,0.0476798463243095,0.0515430558887081,0.0744998544367381,0.02295679854803
"513191",0.340562906002094,0.295161980132007,0.323189938085297,-0.0280279579532903,-0.0454009258700874,-0.0173729679167972
"330770",0.157683566802613,0.134865006834643,0.14899938390567,-0.0141343770710272,-0.0228185599679708,-0.00868418289694353
"565765",0.132617182664042,0.123346684275788,0.130904040485911,-0.00755735621012373,-0.00927049838825429,-0.00171314217813057
"288608",0.025627899197252,0.134176807672977,0.0598377332506213,0.0743390744223554,0.108548908475725,0.0342098340533693
"9909",0.372745272014323,0.130794522470439,0.26911880328468,-0.13832428081424,-0.241950749543883,-0.103626468729643
"101348",0.0402890199934456,0.101933408627441,0.0604091382120973,0.0415242704153434,0.0616443886339951,0.0201201182186518
"116383",0.0984060967863855,0.142755560611523,0.114611707483167,0.0281438531283563,0.0443494638251374,0.0162056106967811
"196782",0.0732085550253299,0.113045757006254,0.0871301850176962,0.0259155719885581,0.0398372019809244,0.0139216299923663
"491587",0.303001288336147,0.169663459678509,0.248299025000891,-0.0786355653223815,-0.133337828657637,-0.0547022633352558
"113993",0.0480632383248844,0.125044570993071,0.0744201563970296,0.0506244145960413,0.0769813326681865,0.0263569180721452
"400766",0.338092864288363,0.13892087777889,0.253881216325557,-0.114960338546667,-0.199171986509473,-0.0842116479628066
"558719",0.0448788311868095,0.125853697202393,0.0712961490930356,0.0545575481093578,0.0809748660155839,0.0264173179062261
"461407",0.0261524199127984,0.119312433379536,0.0551802160545732,0.0641322173249629,0.0931600134667377,0.0290277961417748
"61968",0.124413123814763,0.175444091330973,0.142691257814443,0.0327528335165301,0.0510309675162098,0.0182781339996797
"108071",0.0112009754504184,0.0872234403205859,0.0316043446215024,0.0556190956990835,0.0760224648701675,0.020403369171084
"75926",0.0186096467179664,0.0792086741062913,0.0363045211744983,0.042904152931793,0.0605990273883249,0.0176948744565319
"53260",0.0312976143724238,0.10605936165682,0.0545967230526076,0.0514626386042125,0.0747617472843963,0.0232991086801839
"72624",0.0454564925763995,0.129337676604701,0.0731997002349478,0.0561379763697534,0.0838811840283017,0.0277432076585483
"466766",0.178933481094559,0.148924008458184,0.167330034066637,-0.0184060256084523,-0.0300094726363743,-0.011603447027922
"229609",0.134360943752289,0.180782682713784,0.151175343842784,0.0296073388710004,0.0464217389614956,0.0168144000904952
"412931",0.186218167834438,0.11448555803174,0.15752642113175,-0.0430408631000095,-0.0717326098026972,-0.0286917467026877
"126987",0.0504626201819537,0.119725791738667,0.0738559533386449,0.0458698384000222,0.0692631715567134,0.0233933331566911
"419598",0.0324927900210339,0.125524037197229,0.0639651106304329,0.0615589265667958,0.0930312471761947,0.0314723206093989
"484764",1.79687594238814,0.266208500289678,1.79687594238814,-1.53066744209846,-1.53066744209846,0
"115208",0.0839329254048765,0.172043005994967,0.114684124120075,0.0573588818748927,0.0881100805900909,0.0307511987151982
"436469",0.0477758714142769,0.0686201490564656,0.0561845188549362,0.0124356302015293,0.0208442776421887,0.00840864744065935
"533449",0.131096657226468,0.176576329364192,0.147882509510961,0.0286938198532319,0.0454796721377241,0.0167858522844922
"124577",0.0302395321983837,0.104973278909398,0.0533343895980807,0.0516388893113171,0.0747337467110142,0.023094857399697
"109157",0.127640189002376,0.229940154596623,0.163837890264064,0.0661022643325592,0.102299965594247,0.0361977012616881
"329218",0.114385326528403,0.101220457744,0.10939926853408,-0.00817881079008019,-0.0131648687844029,-0.00498605799432271
"515225",0.204573570906075,0.146152754530838,0.18141279270533,-0.0352600381744919,-0.0584208163752365,-0.0231607782007446
"315813",0.101165104901264,0.139371964026368,0.114951120417889,0.0244208436084788,0.0382068591251043,0.0137860155166255
"1634",0.0450340858294742,0.137007956560588,0.0750383738676516,0.0619695826929364,0.0919738707311138,0.0300042880381774
"323495",0.0618861995850947,0.141353636462194,0.0879582591138521,0.0533953773483414,0.0794674368770989,0.0260720595287575
"347350",0.0707612768668136,0.118988928890757,0.0876886153230101,0.0313003135677465,0.048227652023943,0.0169273384561965
"87709",0.0663461601539298,0.176180118970817,0.103927504555552,0.0722526144152649,0.109833958816888,0.0375813444016227
"409991",0.552994310874924,0.123076178452979,0.358296548462205,-0.235220370009226,-0.429918132421945,-0.194697762412719
"189573",0.251852888256274,0.187892533817705,0.22438933710309,-0.0364968032853844,-0.0639603544385686,-0.0274635511531842
"124524",0.178586292761636,0.142515622810501,0.164521555429498,-0.0220059326189977,-0.0360706699511356,-0.0140647373321379
"442212",0.0404477234314784,0.0952154477523985,0.058074968171553,0.0371404795808455,0.0547677243209201,0.0176272447400746
"40537",0.057464370219243,0.148654028446207,0.0884201924489338,0.0602338359972735,0.0911896582269642,0.0309558222296908
"242654",0.299964281287234,0.170439875817632,0.2514893307645,-0.0810494549468673,-0.129524405469602,-0.0484749505227344
"335745",0.624734223346173,0.306199855892126,0.494783161961649,-0.188583306069523,-0.318534367454047,-0.129951061384524
"53729",0.136840636121917,0.210839527210877,0.163558534150636,0.0472809930602409,0.0739988910889598,0.0267178980287188
"456018",0.0649194584087735,0.137797102280286,0.0912389840496451,0.0465581182306411,0.0728776438715127,0.0263195256408716
"434930",0.146821457083376,0.130922641598726,0.140783557490846,-0.00986091589212021,-0.0158988154846497,-0.00603789959252948
"66229",0.26131045018355,0.195666392621622,0.235298571539895,-0.0396321789182726,-0.0656440575619284,-0.0260118786436557
"552929",0.233430416779624,0.0781312366549045,0.166208006320077,-0.0880767696651726,-0.15529918012472,-0.0672224104595472
"161135",0.163346443090909,0.119499352341747,0.14634424638766,-0.0268448940459132,-0.0438470907491618,-0.0170021967032486
"475633",0.0737026804922155,0.130014312475187,0.0931798057913296,0.036834506683857,0.0563116319829711,0.0194771252991141
"3195",0.175892004743464,0.071138763733449,0.131715427926981,-0.0605766641935318,-0.104753241010015,-0.0441765768164831
"196281",0.0556295604437772,0.108707665713242,0.0736359987683724,0.0350716669448699,0.0530781052694651,0.0180064383245951
"141083",0.0433821060282405,0.109350163371689,0.0652370775878411,0.0441130857838482,0.0659680573434488,0.0218549715596006
"424389",0.108737112530879,0.119954651276075,0.112911080481715,0.00704357079436022,0.0112175387451957,0.00417396795083551
"476841",0.308282825474232,0.200227271098761,0.265624213208515,-0.0653969421097542,-0.108055554375471,-0.042658612265717
"371266",0.0919617241116225,0.153167320995652,0.113660350112283,0.0395069708833693,0.0612055968840297,0.0216986260006603
"536416",0.595647482003561,0.197555763223304,0.426233419191758,-0.228677655968453,-0.398091718780256,-0.169414062811803
"73257",0.0666062878738489,0.122387648511119,0.0857857093078104,0.0366019392033089,0.0557813606372704,0.0191794214339615
"458791",0.0960248228573501,0.141997362048612,0.112543699716331,0.029453662332281,0.0459725391912617,0.0165188768589807
"287765",0.504241807185768,0.403339286657703,0.46621825345723,-0.0628789667995271,-0.100902520528065,-0.0380235537285382
"339669",0.0550797417623194,0.0889112760291192,0.0665595330811558,0.0223517429479634,0.0338315342667998,0.0114797913188364
"301252",0.102064482652687,0.17073731830093,0.126600136422795,0.0441371818781346,0.0686728356482421,0.0245356537701075
"508254",0.0179805671330687,0.0892468690731068,0.0392705248876566,0.0499763441854502,0.0712663019400381,0.0212899577545879
"305859",0.0192795554576627,0.102194552560391,0.0440722200654074,0.0581223324949841,0.0829149971027287,0.0247926646077447
"80131",0.22261371705102,0.190761222279863,0.210460810809539,-0.0196995885296758,-0.0318524947711568,-0.012152906241481
"114979",0.0811416145623519,0.0859646811629358,0.082895175225766,0.00306950593716976,0.0048230666005839,0.00175356066341414
"358764",0.0840189257533233,0.15191178677434,0.107657217190109,0.0442545695842306,0.0678928610210165,0.0236382914367859
"529077",0.0409423870856108,0.150012148283021,0.0762981642158139,0.0737139840672073,0.10906976119741,0.0353557771302031
"280203",0.0741898746299004,0.113350289346206,0.0880273348646688,0.0253229544815372,0.0391604147163057,0.0138374602347685
"515582",0.0166486240446184,0.106696779747031,0.043178073177976,0.0635187065690551,0.0900481557024127,0.0265294491333576
"96900",0.259543528999106,0.182590286907849,0.229257117555789,-0.0466668306479402,-0.0769532420912573,-0.0302864114433171
"83794",0.0426538202041986,0.113293418618691,0.0654720754459365,0.0478213431727543,0.0706395984144922,0.0228182552417379
"305854",0.308113644569367,0.123629721944207,0.229393654455131,-0.105763932510924,-0.18448392262516,-0.0787199901142359
"336700",0.0166277438843134,0.0960348172720104,0.0394499087045822,0.0565849085674281,0.079407073387697,0.0228221648202689
"461918",0.113297812452904,0.153101963934545,0.127755510514623,0.0253464534199219,0.0398041514816408,0.0144576980617189
"337825",0.0420855548611684,0.11063620054938,0.0646129443600959,0.0460232561892843,0.0685506456882118,0.0225273894989275
"378572",0.171661250500564,0.18214232703935,0.175620168625141,0.00652215841420867,0.010481076538786,0.0039589181245773
"44881",0.0239691800064895,0.105355690105934,0.0486460238069018,0.0567096662990322,0.0813865100994445,0.0246768438004123
"319274",0.176980641965485,0.16070058383275,0.170634275721764,-0.00993369188901394,-0.0162800581327343,-0.00634636624372034
"260139",0.0882067935903975,0.159498340513435,0.112872741287786,0.046625599225649,0.0712915469230375,0.0246659476973885
"246594",0.0364324373679928,0.121359455013971,0.0642873603034658,0.0570720947105057,0.0849270176459787,0.027854922935473
"127003",0.0343035405983221,0.11247076892452,0.0589154657132144,0.0535553032113052,0.0781672283261974,0.0246119251148923
"277414",0.0300698597621997,0.112283366261106,0.0558926112912387,0.0563907549698671,0.0822135064989061,0.0258227515290389
"90183",0.189419826196318,0.182870167342075,0.186995305050614,-0.00412513770853881,-0.00654965885424294,-0.00242452114570413
"455584",0.124052222629971,0.116555304905172,0.121838721233304,-0.0052834163281316,-0.007496917724799,-0.0022135013966674
"2383",0.0608953800264068,0.101677085553211,0.0750167924100905,0.0266602931431207,0.0407817055268044,0.0141214123836837
"527240",0.177347801303916,0.184604029886541,0.180155808161239,0.0044482217253021,0.00725622858262506,0.00280800685732296
"296300",0.0537350797357365,0.153238096455716,0.087433580611823,0.0658045158438928,0.0995030167199792,0.0336985008760864
"350859",0.0386170260262776,0.15107719095832,0.0738602158706648,0.0772169750876551,0.112460164932042,0.0352431898443871
"62557",0.033163510675954,0.100779452629177,0.0540098892483011,0.0467695633808762,0.0676159419532234,0.0208463785723472
"337977",0.149165005105386,0.169415531645039,0.156588463765931,0.0128270678791078,0.0202505265396526,0.00742345866054483
"147785",0.10066729114267,0.0760079904811976,0.0944151285862361,-0.0184071381050386,-0.024659300661472,-0.0062521625564334
"92811",0.20392720628413,0.165527230015002,0.18827770948008,-0.0227504794650782,-0.0383999762691277,-0.0156494968040495
"341875",0.0477970440463589,0.0871858637631339,0.0610018066964712,0.0261840570666627,0.039388819716775,0.0132047626501123
"42074",0.210550414175261,0.142202956276797,0.183586965753716,-0.0413840094769196,-0.0683474578984644,-0.0269634484215448
"418736",0.113724197620198,0.214485364678742,0.148587316264436,0.0658980484143055,0.100761167058543,0.0348631186442376
"54133",0.131116626953212,0.165212503287073,0.142071659629151,0.0231408436579215,0.0340958763338611,0.0109550326759396
"325362",0.183840316011473,0.162905285319675,0.175673133521208,-0.0127678482015333,-0.0209350306917987,-0.00816718249026543
"331270",0.122162187053846,0.160045380572707,0.136264363811534,0.0237810167611731,0.0378831935188611,0.014102176757688
"183989",0.113743854222303,0.0818146565829569,0.101367656648697,-0.0195530000657397,-0.0319291976393459,-0.0123761975736062
"510753",0.0248198206776027,0.0947591314387316,0.0468188575385634,0.0479402739001681,0.0699393107611288,0.0219990368609607
"561534",0.11235067854993,0.111049301845221,0.111860162856201,-0.000810861010980393,-0.00130137670470873,-0.000490515693728336
"226179",0.261306883000272,0.3483927665651,0.29302880533378,0.0553639612313197,0.0870858835648277,0.031721922333508
"437160",0.166474721721259,0.0878845675431206,0.134436379223217,-0.0465518116800963,-0.0785901541781388,-0.0320383424980425
"546557",0.0178404258387358,0.0903983102227748,0.0391893311090971,0.0512089791136777,0.072557884384039,0.0213489052703613
"359755",0.0804022180912146,0.127502027651271,0.0969980040008679,0.0305040236504033,0.0470998095600566,0.0165957859096533
"442208",0.0470760519024707,0.122606221272171,0.0720172597239716,0.050588961548199,0.0755301693696999,0.0249412078215009
"394339",0.273490276550665,0.215731320856206,0.251177263438848,-0.0354459425826421,-0.0577589556944584,-0.0223130131118163
"346861",0.110680405592604,0.148303654586499,0.124301581332751,0.0240020732537475,0.0376232489938949,0.0136211757401475
"399686",0.0362028665738301,0.12592531117884,0.0647271372726257,0.0611981739062145,0.0897224446050102,0.0285242706987956
"153157",0.0636719913370951,0.130916861890404,0.086592494842436,0.0443243670479683,0.0672448705533092,0.0229205035053409
"234203",1.13631235473239,0.259638161477567,0.695317384131591,-0.435679222654024,-0.876674193254823,-0.440994970600799
"532220",0.0499820280031104,0.0984146824796127,0.0659641292345103,0.0324505532451024,0.0484326544765023,0.0159821012313999
"469601",0.0521645894773239,0.134552510129081,0.0785247804431641,0.0560277296859173,0.0823879206517574,0.0263601909658402
"290626",10,0.701265901856107,10,-9.29873409814389,-9.29873409814389,0
"480163",0.0645528437646015,0.124768183239184,0.0853354030056179,0.0394327802335664,0.0602153394745827,0.0207825592410164
"309137",0.16541609494181,0.213530530494838,0.183271848835598,0.0302586816592401,0.048114435553028,0.0178557538937879
"56324",0.125536536603405,0.20600194893551,0.154825776651262,0.0511761722842481,0.0804654123321056,0.0292892400478575
"178564",0.682073278199645,0.26413577935081,0.513191596874102,-0.249055817523292,-0.417937498848835,-0.168881681325543
"398780",0.382160481113538,0.247959467195548,0.328928421928909,-0.0809689547333607,-0.13420101391799,-0.053232059184629
"156505",0.138394812457481,0.109786485334851,0.127258410935061,-0.0174719256002104,-0.0286083271226299,-0.0111364015224194
"356386",0.147795808393428,0.180083971780991,0.159653046853686,0.0204309249273047,0.0322881633875633,0.0118572384602585
"488855",0.0131481153718431,0.103042129605801,0.0391448185161846,0.063897311089616,0.0898940142339575,0.0259967031443415
"145799",0.0398341436830064,0.098282476003243,0.0585789305268026,0.0397035454764404,0.0584483323202365,0.0187447868437962
"506011",0.1586980348609,0.103026858148459,0.136644417905979,-0.0336175597575198,-0.0556711767124411,-0.0220536169549213
"425926",0.143197022102506,0.204489438212417,0.165702797404206,0.0387866408082106,0.0612924161099111,0.0225057753017006
"61084",0.0349260852668287,0.124468777374797,0.0639645188274472,0.0605042585473501,0.0895426921079687,0.0290384335606186
"319888",0.282606345689183,0.236061873481106,0.264782106317368,-0.0287202328362612,-0.0465444722080763,-0.0178242393718151
"123750",0.0196171600479463,0.118303406530507,0.0509877016239721,0.0673157049065347,0.0986862464825605,0.0313705415760257
"515342",0.569369140349563,0.156133728533618,0.387053198419858,-0.230919469886241,-0.413235411815946,-0.182315941929705
"164054",0.0398389295407393,0.125203946850802,0.0680014284800617,0.0572025183707403,0.0853650173100628,0.0281624989393224
"339591",0.0542750248309816,0.12325855082173,0.0773083290356526,0.0459502217860769,0.0689835259907479,0.023033304204671
"366653",0.0795163255475984,0.140304579952727,0.10060640696304,0.039698172989687,0.0607882544051287,0.0210900814154417
"187519",0.0685105205288319,0.121207836569992,0.0864779057552541,0.0347299308147379,0.0526973160411602,0.0179673852264223
"428170",0.097331050737704,0.180145916607409,0.126988529944318,0.0531573866630907,0.082814865869705,0.0296574792066144
"277902",0.0360082614145685,0.148161958572547,0.0715020548504683,0.0766599037220783,0.112153697157978,0.0354937934358998
"536863",0.0386858206850341,0.113614626319724,0.0631944138084222,0.0504202125113021,0.0749288056346902,0.0245085931233882
"171216",0.101003798034267,0.106817570460706,0.103480837668941,0.00333673279176472,0.0058137724264391,0.00247703963467438
"130259",0.464759977634344,0.232662336853045,0.365730689829073,-0.133068352976028,-0.2320976407813,-0.0990292878052711
"305639",0.122322728025858,0.168763795166047,0.139244834866331,0.0295189602997164,0.0464410671401892,0.0169221068404729
"71761",0.572354586386962,0.279363135171017,0.4538864285794,-0.174523293408383,-0.292991451215944,-0.118468157807561
"21498",0.127076598651602,0.118777950770454,0.126338449718561,-0.00756049894810645,-0.00829864788114734,-0.000738148933040889
"136156",0.103910048465835,0.13212646678962,0.114209555344607,0.0179169114450131,0.0282164183237849,0.0102995068787717
"341003",0.049321847114644,0.109229635150897,0.0691393505582412,0.0400902845926562,0.0599077880362534,0.0198175034435972
"358065",0.0734411707514976,0.130983923542845,0.0935284163107709,0.0374555072320742,0.0575427527913475,0.0200872455592733
"342042",0.0776137161908775,0.20625653897727,0.121375230559529,0.0848813084177407,0.128642822786392,0.0437615143686513
"366538",0.0497299606838037,0.123627310185154,0.0751353852688426,0.0484919249163116,0.0738973495013505,0.0254054245850389
"141442",0.151354461873617,0.148024678535435,0.148112173645729,-8.74951102945443e-05,-0.00332978333818168,-0.00324228822788714
"338331",0.14782287436652,0.160837346875516,0.152849069883714,0.00798827699180274,0.0130144725089964,0.00502619551719366
"94518",0.184042297807097,0.217463498139757,0.196374763539329,0.0210887346004279,0.0334212003326603,0.0123324657322324
"524193",0.106822840220085,0.148135413170624,0.12187659564562,0.0262588175250038,0.041312572950539,0.0150537554255351
"20980",0.0264136424346413,0.0991046115567157,0.0490522746946019,0.0500523368621138,0.0726909691220744,0.0226386322599606
"89252",0.0817210605260511,0.149533517541005,0.105064647602709,0.0444688699382962,0.0678124570149542,0.023343587076658
"416881",0.026005829038713,0.126446878795342,0.0584113240611901,0.0680355547341521,0.100441049756629,0.0324054950224771
"545723",0.0476853710920953,0.101969067747054,0.0658434510500062,0.0361256166970478,0.0542836966549587,0.0181580799579109
"529417",0.0996107324304369,0.0786006684461476,0.0914687674037635,-0.0128680989576159,-0.0210100639842893,-0.00814196502667346
"236043",0.0313402338134411,0.120257649616881,0.0596539049550341,0.0606037446618466,0.0889174158034396,0.028313671141593
"497813",0.0308361529918997,0.141638784928405,0.06535061688329,0.0762881680451148,0.110802631936505,0.0345144638913903
"452176",0.0666187173421021,0.109713288226312,0.0830526594239828,0.0266606288023295,0.0430945708842103,0.0164339420818808
"493408",0.316128617787561,0.210716324835315,0.274677370261108,-0.0639610454257931,-0.105412292952246,-0.0414512475264532
"80197",0.0190781147560461,0.108523782967627,0.0448641980015753,0.0636595849660516,0.0894456682115808,0.0257860832455292
"298510",0.603278920287203,0.323449558566448,0.492547139903817,-0.169097581337369,-0.279829361720755,-0.110731780383386
"261797",0.0748121578876768,0.15579652973553,0.102713224487813,0.0530833052477175,0.0809843718478536,0.0279010666001361
"223779",0.552058370734371,0.223382082118195,0.414631618804859,-0.191249536686665,-0.328676288616176,-0.137426751929512
"413661",0.206931253022565,0.185817605027325,0.198731133130639,-0.0129135281033134,-0.0211136479952393,-0.00820011989192593
"524559",0.146451549867225,0.202346657782134,0.167287206950569,0.0350594508315648,0.0558951079149088,0.020835657083344
"351831",0.0497306625866072,0.12923929091377,0.0767179584150467,0.0525213324987235,0.079508628327163,0.0269872958284395
"78998",0.0285414325012402,0.136169838801704,0.0620316999545475,0.0741381388471562,0.107628406300463,0.0334902674533073
"544522",0.0316449435758669,0.0832283091933292,0.047486632409622,0.0357416767837071,0.0515833656174622,0.0158416888337551
"260915",0.136319338041663,0.166824877056599,0.147654738681575,0.0191701383750244,0.0305055390149364,0.011335400639912
"11409",0.245922925312449,0.106549524532648,0.187196454056972,-0.0806469295243245,-0.139373400779801,-0.0587264712554764
"426630",0.0554040263095753,0.123739303795077,0.0800411384696266,0.04369816532545,0.0683352774855013,0.0246371121600513
"423958",0.0365452576984252,0.106153874927866,0.0589075446784938,0.0472463302493722,0.0696086172294408,0.0223622869800686
"85981",0.1957047745554,0.200284029785969,0.197506097301633,0.0027779324843355,0.00457925523056898,0.00180132274623349
"371461",0.136526948360691,0.129826607848723,0.133940686625939,-0.00411407877721626,-0.00670034051196874,-0.00258626173475249
"469888",0.0803862033072013,0.167994199431062,0.109447635037829,0.0585465643932332,0.0876079961238612,0.0290614317306279
"253302",0.886802170839803,0.329770360199888,0.612967659060886,-0.283197298860999,-0.557031810639915,-0.273834511778916
"142532",0.208206249744779,0.19910373295304,0.204725553844981,-0.00562182089194133,-0.00910251679173868,-0.00348069589979735
"6670",0.19421130454488,0.189305020515192,0.192372859093283,-0.00306783857809137,-0.00490628402968857,-0.0018384454515972
"316880",0.046223269735116,0.136408871446434,0.07613903752784,0.0602698339185939,0.090185601711318,0.0299157677927241
"447342",0.431170569232602,0.250526265856805,0.359250902508959,-0.108724636652154,-0.180644303375797,-0.0719196667236432
"171035",0.0353112191508202,0.140060280491822,0.0690429083094852,0.0710173721823372,0.104749061341002,0.033731689158665
"139214",0.426319992003249,0.133818245043083,0.298934325178482,-0.165116080135399,-0.292501746960166,-0.127385666824767
"167609",0.370287989371034,0.172524713220558,0.288298224405742,-0.115773511185184,-0.197763276150476,-0.0819897649652918
"286390",0.0686625344389372,0.127696342888498,0.0887840586572766,0.038912284231221,0.0590338084495604,0.0201215242183394
"502043",0.0863135603170331,0.145937035762048,0.107618396556855,0.0383186392051929,0.0596234754450152,0.0213048362398223
"535127",0.0366575683434942,0.101843789940285,0.0574007172837275,0.0444430726565575,0.0651862215967908,0.0207431489402333
"226831",0.0579515488696193,0.124593921062077,0.0804519771593568,0.0441419439027198,0.0666423721924574,0.0225004282897375
"479516",0.150497065844644,0.17692915543725,0.160276947104165,0.0166522083330849,0.0264320895926056,0.00977988125952073
"9811",0.0167685115256596,0.109898046135947,0.0458878376584577,0.064010208477489,0.0931295346102872,0.0291193261327981
"191189",0.399585482728876,0.154966506273582,0.295919249192818,-0.140952742919236,-0.244618976455294,-0.103666233536058
"500796",0.0686160400534311,0.109968918277072,0.0842521637501337,0.0257167545269379,0.0413528782236405,0.0156361236967026
"537437",0.0799395499697392,0.127515582810764,0.0960545817987124,0.0314610010120515,0.0475760328410247,0.0161150318289732
"481128",0.0767601787674203,0.144738643105497,0.100771964392226,0.0439666787132703,0.0679784643380765,0.0240117856248061
"20927",0.0386039853050356,0.095484759534797,0.057043599548441,0.038441159986356,0.0568807742297615,0.0184396142434055
"82649",0.0447639351775925,0.112237579846664,0.0670141742459644,0.0452234056006993,0.0674736446690712,0.0222502390683719
"340188",0.0518468019323427,0.159984026129142,0.0883656434630053,0.071618382666137,0.1081372241968,0.0365188415306626
"506911",0.0105047016866957,0.0792498995357584,0.0285777265706965,0.0506721729650619,0.0687451978490627,0.0180730248840007
"8872",0.0557794307694115,0.12413570347351,0.0783135051840204,0.0458221982894901,0.068356272704099,0.0225340744146089
"469973",0.30714400137281,0.309192817548368,0.30814630854503,0.00104650900333808,0.00204881617555785,0.00100230717221977
"241228",0.203600110446849,0.185151983275536,0.196586325839766,-0.0114343425642296,-0.0184481271713131,-0.00701378460708355
"273664",0.0333456607520024,0.0924539105268919,0.0520457713089521,0.0404081392179398,0.0591082497748895,0.0187001105569497
"332267",0.176052545468586,0.108836381369108,0.146574512771688,-0.0377381314025796,-0.0672161640994778,-0.0294780326968981
"216213",0.132108656604252,0.264544702914968,0.181531727311628,0.0830129756033398,0.132436046310716,0.0494230707073761
"308801",0.111492924048301,0.14309380338681,0.12303785796456,0.0200559454222502,0.0316008793385091,0.0115449339162589
"418410",0.127815573959598,0.131620854502742,0.129245510963518,0.00237534353922381,0.00380528054314344,0.00142993700391963
"518337",0.0811996793001986,0.105911982110732,0.0900462758789389,0.0158657062317931,0.0247123028105334,0.00884659657874028
"485809",0.0754493413070099,0.165829478187725,0.107209530009037,0.0586199481786878,0.0903801368807153,0.0317601887020276
"39337",0.02485972973865,0.121025018694382,0.0546957789863073,0.0663292397080751,0.0961652889557324,0.0298360492476572
"50030",0.10957939352524,0.123723440813678,0.113723108734875,0.0100003320788029,0.0141440472884376,0.00414371520963477
"150946",0.447402158334664,0.167417257336092,0.328394942607012,-0.160977685270919,-0.279984900998572,-0.119007215727652
"32819",0.124029829786946,0.155399424669987,0.135811810989216,0.0195876136807718,0.031369594883041,0.0117819812022692
"545382",0.235041226070015,0.230032750894841,0.23317889918717,-0.00314614829232895,-0.00500847517517453,-0.00186232688284557
"565530",0.435802663255211,0.21260741430835,0.345613604833026,-0.133006190524676,-0.223195248946861,-0.0901890584221847
"60331",1.11370496566284,0.18336637443525,1.11370496566284,-0.93033859122759,-0.93033859122759,0
"333918",1.95761615608098,0.582588121666037,1.27459898468902,-0.692010863022985,-1.37502803441494,-0.683017171391953
"330654",0.0696214893312739,0.190932357202243,0.109751300875243,0.0811810563269995,0.121310867870969,0.0401298115439693
"394398",0.11407453023331,0.104505966670473,0.11045038816787,-0.00594442149739739,-0.00956856356283692,-0.00362414206543953
"92223",0.0283373034632386,0.12026928262317,0.0565285481475896,0.0637407344755804,0.0919319791599314,0.028191244684351
"56840",0.00419103222999819,0.0927128240794728,0.0266429581478587,0.0660698659316141,0.0885217918494746,0.0224519259178605
"123505",0.0968836925663197,0.19344529586239,0.132167273378163,0.0612780224842267,0.0965616032960698,0.0352835808118431
"489641",0.0965485358760919,0.139223445057941,0.111924641271006,0.0272988037869347,0.0426749091818491,0.0153761053949144
"202125",0.0760879564479375,0.150567482627401,0.101881369767832,0.0486861128595694,0.0744795261794637,0.0257934133198943
"118439",0.0492773595272876,0.104651060605563,0.067855810272106,0.0367952503334575,0.0553737010782759,0.0185784507448184
"287107",0.150884338845687,0.111784173007207,0.135541632598612,-0.0237574595914057,-0.0391001658384806,-0.015342706247075
"246461",0.0609910811249078,0.118009914170584,0.0816048376064741,0.0364050765641097,0.0570188330456759,0.0206137564815663
"376878",0.128879057326608,0.147493876220159,0.135756876782275,0.0117369994378841,0.0186148188935508,0.00687781945566671
"554421",0.0246729593546694,0.112235031740399,0.0507307024804778,0.0615043292599207,0.0875620723857291,0.0260577431258083
"567356",0.166732907041029,0.185893362758893,0.174000235853723,0.0118931269051705,0.0191604557178639,0.0072673288126934
"74510",0.0940518813494404,0.234138034719264,0.142866226087725,0.091271808631539,0.140086153369823,0.0488143447382841
"416326",0.105726032319723,0.0915890260106536,0.100372881116889,-0.00878385510623542,-0.0141370063090693,-0.00535315120283392
"134589",0.0799522244677681,0.166388495614153,0.109855841779291,0.0565326538348625,0.0864362711463854,0.0299036173115229
"406141",0.115650120633782,0.163495633296277,0.13306365951026,0.0304319737860174,0.0478455126624953,0.0174135388764779
"129985",0.242056919085667,0.124253267537462,0.193483858462539,-0.0692305909250769,-0.117803651548204,-0.0485730606231276
"142036",0.297621391333328,0.458865016921279,0.354433584132659,0.10443143278862,0.161243625587951,0.0568121927993306
"94507",0.0435164514350097,0.123158524495701,0.0695825912448674,0.0535759332508335,0.0796420730606912,0.0260661398098577
"469734",0.0366099309498451,0.0751515441526723,0.0490664988108988,0.0260850453417735,0.0385416132028272,0.0124565678610537
"298873",0.155439136062284,0.18358589387587,0.16733140887356,0.0162544850023102,0.0281467578135857,0.0118922728112755
"261230",0.0386182938010512,0.116887466139583,0.064604380633044,0.0522830855065389,0.0782691723385318,0.0259860868319928
"222774",0.0255274850109504,0.126017559520943,0.056254926663311,0.0697626328576324,0.100490074509993,0.0307274416523606
"278080",0.372337821987463,0.214980990456632,0.309371846098556,-0.0943908556419246,-0.157356831530831,-0.0629659758889067
"554608",0.134073464438239,0.102440112878861,0.120444089878692,-0.0180039769998309,-0.0316333515593779,-0.013629374559547
"24428",0.443936471572254,0.229260326369671,0.35521493494703,-0.125954608577359,-0.214676145202583,-0.0887215366252239
"375742",0.10256649345313,0.125465588203412,0.111010330647449,0.0144552575559624,0.022899094750282,0.00844383719431957
"300245",0.13012006804171,0.115410513559786,0.124486383701693,-0.00907587014190706,-0.0147095544819236,-0.00563368434001656
"29276",0.139842919558724,0.161679978957854,0.148240204103482,0.0134397748543719,0.0218370593991298,0.00839728454475785
"6347",0.123909659620625,0.122714389977092,0.123565133053699,-0.000850743076606833,-0.00119526964353228,-0.000344526566925449
"200188",0.212413908441771,0.262179211844401,0.230759630006428,0.031419581837973,0.0497653034026299,0.0183457215646569
"276088",0.21524883194953,0.183705324256364,0.203157667038289,-0.0194523427819253,-0.0315435076931662,-0.0120911649112409
"205090",0.288928759536667,0.237047045413331,0.269170248998491,-0.0321232035851599,-0.0518817141233361,-0.0197585105381761
"125852",0.484350461206858,0.184942485970821,0.358817967201623,-0.173875481230802,-0.299407975236037,-0.125532494005235
"389556",0.116192608391743,0.160419524815689,0.132552617857072,0.0278669069586169,0.0442269164239462,0.0163600094653293
"121770",0.0134903339479991,0.109078572239877,0.0404857709971648,0.0685928012427117,0.0955882382918774,0.0269954370491656
"504995",0.328544989489027,0.23391933576982,0.292061625903801,-0.0581422901339813,-0.0946256537192074,-0.0364833635852261
"187875",0.124304000190119,0.150456006038461,0.132862590642079,0.0175934153963826,0.026152005848342,0.00855859045195941
"94833",0.0362655214665438,0.119347865124496,0.0627139446039873,0.0566339205205089,0.0830823436579524,0.0264484231374435
"258724",0.0378367930917162,0.127903566845704,0.0671822843796773,0.0607212824660265,0.0900667737539876,0.029345491287961
"7035",0.0793265980106888,0.140514092054637,0.100631434204708,0.0398826578499292,0.061187494043948,0.0213048361940188
"179591",0.0103210839546845,0.0959637742498801,0.0334266609027868,0.0625371133470933,0.0856426902951956,0.0231055769481023
"32473",0.0397089061008567,0.0982832229737646,0.0586930088289778,0.0395902141447868,0.0585743168729078,0.018984102728121
"529526",0.101542895799682,0.193702983456827,0.13437535462498,0.0593276288318469,0.0921600876571449,0.032832458825298
"150711",0.0661755871083799,0.13064893481215,0.0890634546102381,0.041585480201912,0.0644733477037702,0.0228878675018581
"211389",0.343799004483134,0.381251900963423,0.35720891846385,0.0240429824995729,0.0374528964802894,0.0134099139807165
"520668",0.188550243723512,0.150159513816412,0.173511876551915,-0.0233523627355031,-0.0383907299071007,-0.0150383671715975
"302482",0.0273948807835444,0.08614276385006,0.0454394523152482,0.0407033115348118,0.0587478830665155,0.0180445715317037
"316692",0.0448776738565398,0.118407496860467,0.0690689765346571,0.0493385203258098,0.0735298230039271,0.0241913026781173
"481942",0.248049063276117,0.0829723048074982,0.176252550415065,-0.0932802456075669,-0.165076758468619,-0.0717965128610517
"213048",0.0307861843491687,0.120319111951695,0.0596710685198815,0.0606480434318132,0.089532927602526,0.0288848841707128
"482809",0.233783947571784,0.149930081141278,0.19997296043842,-0.0500428792971414,-0.0838538664305059,-0.0338109871333645
"76648",0.0181291961557448,0.132613388176226,0.0529779046303467,0.0796354835458792,0.114484192020481,0.0348487084746019
"315057",0.0725679460153855,0.123524437763898,0.0903043639602544,0.0332200738036441,0.050956491748513,0.0177364179448689
"556265",0.51841483457562,0.334269308749663,0.446740613510481,-0.112471304760818,-0.184145525825957,-0.0716742210651388
"552136",0.119396241647447,0.159754101303889,0.13324154086232,0.0265125604415687,0.0403578596564413,0.0138452992148726
"480977",0.0702812450911268,0.12733470154244,0.0902002835861288,0.0371344179563115,0.0570534564513135,0.019919038495002
"101100",0.0417097550453197,0.113219894737811,0.0647086597751377,0.0485112349626733,0.0715101396924912,0.022998904729818
"89585",0.0778420377524123,0.14778841492276,0.103052195988506,0.0447362189342545,0.0699463771703479,0.0252101582360934
"272823",0.226575458527564,0.207240020968222,0.219160420751868,-0.0119203997836456,-0.0193354375593415,-0.00741503777569591
"376868",0.0875768058820421,0.168262255012247,0.11739514430667,0.0508671107055775,0.080685449130205,0.0298183384246275
"275685",0.129209746044821,0.13766588591962,0.132421383010437,0.00524450290918274,0.00845613987479923,0.00321163696561649
"10411",0.0346108544148019,0.114929611498714,0.0599718762520777,0.0549577352466364,0.0803187570839123,0.0253610218372758
"313828",0.111665501050086,0.15781463441308,0.128306069983616,0.0295085644294641,0.0461491333629939,0.0166405689335298
"269033",0.264319905959875,0.208892360009166,0.243264010034065,-0.0343716500248993,-0.055427545950709,-0.0210558959258097
"101781",0.483280749370695,0.405161342864347,0.453702724229155,-0.0485413813648083,-0.0781194065063484,-0.0295780251415401
"87621",0.0565816564648011,0.17571019061601,0.097227973576178,0.0784822170398316,0.119128534151209,0.0406463171113769
"19757",0.0695670217565145,0.117298454000647,0.08560950273852,0.0316889512621266,0.0477314322441321,0.0160424809820055
"328400",0.354434634957019,0.171357639973474,0.278248306875862,-0.106890666902388,-0.183076994983545,-0.0761863280811574
"386004",0.117062430067463,0.12451809267507,0.121733926003269,0.00278416667180029,0.00745566260760711,0.00467149593580682
"355260",0.0203403861686404,0.100196714004991,0.0434250764221774,0.056771637582814,0.079856327836351,0.023084690253537
"562593",0.0754305496218832,0.0824625924147917,0.0779866209210135,0.00447597149377824,0.00703204279290849,0.00255607129913026
"119017",0.229810301679619,0.182026910001364,0.211456255095746,-0.0294293450943818,-0.0477833916782548,-0.018354046583873
"163100",0.23157176002059,0.258614920877345,0.241788496956256,0.016826423921089,0.0270431608567547,0.0102167369356657
"329041",0.0404762274304061,0.116775566007716,0.0649237387378218,0.0518518272698938,0.0762993385773095,0.0244475113074156
"90010",0.164110429752126,0.219418289390355,0.184484101141337,0.0349341882490174,0.0553078596382287,0.0203736713892113
"297269",0.141616912437755,0.207014593189559,0.166058371567946,0.0409562216216129,0.0653976807518038,0.0244414591301908
"287428",0.992971539573187,0.307829657012385,0.707231056353689,-0.399401399341304,-0.685141882560802,-0.285740483219497
"3039",0.695624081847982,0.214215793158795,0.43177750883782,-0.217561715679025,-0.481408288689187,-0.263846573010162
"108088",0.0426235981408104,0.143195987260724,0.0751047305543541,0.0680912567063701,0.100572389119914,0.0324811324135438
"436077",0.590884179059229,0.130641340634542,0.384353999929862,-0.25371265929532,-0.460242838424687,-0.206530179129368
"373263",0.0836861297935935,0.141851402318683,0.104204046531325,0.0376473557873571,0.058165272525089,0.0205179167377319
"396394",0.734950606089908,0.318461422995889,0.56564091796028,-0.247179494964392,-0.416489183094019,-0.169309688129628
"41990",0.0226714969044716,0.0742817873434198,0.0378055718839183,0.0364762154595014,0.0516102904389482,0.0151340749794468
"136819",0.203540211323427,0.137009503620667,0.176668976671058,-0.0396594730503909,-0.0665307077027599,-0.026871234652369
"116406",0.0588399500986644,0.156481311440189,0.0915026258503851,0.0649786855898043,0.097641361341525,0.0326626757517207
"55796",0.0687309167664699,0.136285682351035,0.0923243929142536,0.0439612894367814,0.0675547655845651,0.0235934761477836
"375772",0.07080947167374,0.149281004975648,0.0978590871174814,0.051421917858167,0.0784715333019084,0.0270496154437413
"77393",0.0866103789701315,0.165943163503374,0.114133770079822,0.0518093934235521,0.0793327845332424,0.0275233911096903
"429585",0.0931870742252208,0.108328403376086,0.0987023331976255,0.00962607017846047,0.0151413291508652,0.00551525897240472
"340684",0.0193442597572014,0.125391411464009,0.0515721612348754,0.0738192502291332,0.106047151706807,0.032227901477674
"90357",0.190458428766642,0.172790704261138,0.183690487600461,-0.0108997833393231,-0.0176677245055049,-0.00676794116618173
"82103",0.188170307231305,0.163118811028544,0.178292638477684,-0.0151738274491409,-0.0250514962027613,-0.00987766875362042
"469637",0.188221524997902,0.116517281168772,0.159509787838156,-0.0429925066693838,-0.0717042438291297,-0.0287117371597459
"173721",0.0612877469440707,0.105533870425662,0.0767311288684276,0.0288027415572339,0.0442461234815908,0.0154433819243569
"4687",0.0949558184671337,0.127368508978841,0.106671054690704,0.0206974542881372,0.0324126905117073,0.0117152362235701
"461073",0.104162810988795,0.194544125624005,0.13798846482981,0.056555660794195,0.0903813146352096,0.0338256538410146
"355272",0.129815530854416,0.153289883990646,0.138566095332957,0.0147237886576886,0.0234743531362303,0.00875056447854169
"248384",4.7836105207896,0.59671924376178,4.7836105207896,-4.18689127702782,-4.18689127702782,0
"484269",0.223264866053629,0.101552656548331,0.172657473635521,-0.0711048170871897,-0.121712209505297,-0.0506073924181078
"303931",0.953286268091779,0.370838419820387,0.722588546489586,-0.351750126669199,-0.582447848271392,-0.230697721602193
"251385",0.184789931399947,0.230347902112366,0.20146923763942,0.0288786644729457,0.0455579707124187,0.016679306239473
"164230",0.172622079846489,0.130128261440783,0.156009339626366,-0.0258810781855826,-0.0424938184057055,-0.0166127402201229
"90929",0.262362658449817,0.237605381005931,0.252985990190305,-0.0153806091843735,-0.0247572774438861,-0.00937666825951261
"500107",0.0904945472393937,0.169989145163997,0.119872267882357,0.0501168772816392,0.0794945979246029,0.0293777206429637
"405965",0.0306033259188326,0.0878289555574842,0.0479739735502623,0.0398549820072219,0.0572256296386516,0.0173706476314297
"57185",0.461473117854246,0.273518107837832,0.385744131897828,-0.112226024059996,-0.187955010016414,-0.075728985956418
"170524",0.0343683953160431,0.120056055192159,0.0612629347471007,0.058793120445058,0.0856876598761156,0.0268945394310576
"285865",0.346306289877998,0.328751756675974,0.339587074183599,-0.0108353175076254,-0.0175545332020243,-0.00671921569439893
"336144",0.233919770388403,0.188613447670389,0.216175547805381,-0.0275621001349921,-0.0453063227180133,-0.0177442225830212
"76197",0.0251414858775276,0.106136612610705,0.0510854243017645,0.05505118830894,0.080995126733177,0.0259439384242369
"521063",0.273708525701056,0.234606515345715,0.258607196939815,-0.0240006815941,-0.0391020103553408,-0.0151013287612408
"573143",0.300158835996311,0.200254517148965,0.261036379214807,-0.0607818620658419,-0.0999043188473467,-0.0391224567815048
"196870",0.109620982413083,0.205874883793245,0.143416895816287,0.0624579879769578,0.0962539013801621,0.0337959134032042
"454375",0.328196890457468,0.134663837225022,0.246323107471545,-0.111659270246523,-0.193533053232446,-0.0818737829859234
"312753",0.112919635813003,0.199737405120609,0.145162116562241,0.0545752885583681,0.0868177693076056,0.0322424807492375
"327385",0.0170942916828188,0.0947409324897117,0.0399678661773465,0.0547730663123652,0.0776466408068929,0.0228735744945276
"561147",1.70408270134588,0.395638465193185,1.10075145035556,-0.70511298516237,-1.3084442361527,-0.603331250990327
"503179",0.0668965830449188,0.166274845741881,0.101272781346851,0.0650020643950299,0.0993782626969621,0.0343761983019323
"313640",0.0654255086605489,0.101639373790595,0.0779445850028355,0.0236947887877599,0.0362138651300465,0.0125190763422866
"523010",0.182223922604549,0.197943678595547,0.188066888034394,0.0098767905611534,0.0157197559909985,0.00584296542984508
"96135",0.228398587852841,0.177736875482764,0.208774023242931,-0.0310371477601673,-0.0506617123700773,-0.01962456460991
"364506",0.215347502891594,0.235612561454887,0.223145609223928,0.0124669522309586,0.0202650585632926,0.00779810633233402
"559023",0.180979863205485,0.124543071053006,0.158743691009376,-0.0342006199563695,-0.0564367921524783,-0.0222361721961088
"340652",0.0903673690684753,0.165298563271597,0.118207253923604,0.0470913093479936,0.0749311942031221,0.0278398848551286
"68627",0.0380582428985338,0.0973882261473147,0.0570448737714096,0.0403433523759052,0.059329983248781,0.0189866308728758
"270929",0.118132041185233,0.176840245053969,0.139123869559149,0.0377163754948202,0.0587082038687368,0.0209918283739166
"89636",0.314914265536266,0.162894974451442,0.251799425858981,-0.0889044514075399,-0.152019291084824,-0.0631148396772843
"92886",0.0300200860240619,0.119853009521002,0.0576731411332323,0.0621798683877693,0.0898329234969396,0.0276530551091704
"40220",0.0481256299614565,0.147115509884897,0.080257334052634,0.0668581758322629,0.0989898799234404,0.0321317040911774
"139539",0.0200653340416168,0.0890529445736562,0.0404166639461153,0.0486362806275409,0.0689876105320394,0.0203513299044985
"126868",0.0266932674316759,0.143689981105728,0.0631393284460511,0.0805506526596767,0.116996713674052,0.0364460610143752
"433821",0.205802639439161,0.137428228681386,0.178054686696734,-0.0406264580153483,-0.0683744107577759,-0.0277479527424276
"261935",0.0174095940723501,0.0998404741251857,0.0415360388486533,0.0583044352765324,0.0824308800528356,0.0241264447763032
"393488",0.0327042000057017,0.0904435480917258,0.0506235968600761,0.0398199512316497,0.0577393480860242,0.0179193968543744
"8857",0.163007327880712,0.271019524983016,0.20242732774005,0.0685921972429659,0.108012197102304,0.0394199998593378
"84873",0.0316587295303065,0.107326137834408,0.0556515534305503,0.0516745844038581,0.0756674083041019,0.0239928239002438
"481515",0.207413769581741,0.113490937358488,0.169390126689849,-0.0558991893313614,-0.0939228322232525,-0.0380236428918911
"382119",0.201605085409326,0.23121933090011,0.21248805335137,0.0187312775487405,0.0296142454907848,0.0108829679420443
"97046",0.291755746153261,0.0879817069471949,0.202166893559292,-0.114185186612097,-0.203774039206067,-0.0895888525939697
"135066",0.0148869390276294,0.0823386369674786,0.0344976497857543,0.0478409871817243,0.0674516979398491,0.0196107107581249
"489048",0.211612072901152,0.242710284297294,0.224333514734079,0.0183767695632157,0.0310982113961424,0.0127214418329266
"466826",0.160620127748494,0.107207078552233,0.139362253252948,-0.0321551747007151,-0.0534130491962616,-0.0212578744955465
"198047",0.0529591070638014,0.123153328986233,0.0767649255981627,0.04638840338807,0.0701942219224313,0.0238058185343613
"392308",0.101140511476262,0.10104674841391,0.101092621553739,-4.5873139829275e-05,-9.37630623527308e-05,-4.78899225234558e-05
"326788",0.088777298372045,0.158664757754491,0.112735099222891,0.0459296585315993,0.0698874593824456,0.0239578008508463
"419623",0.0643435226972568,0.14857202634615,0.0924154342012053,0.056156592144945,0.0842285036488935,0.0280719115039485
"205045",0.121851266842914,0.108299786317402,0.115914131168206,-0.00761434485080441,-0.0135514805255122,-0.00593713567470777
"115620",0.333557243546429,0.227572889960889,0.292230367119542,-0.0646574771586529,-0.10598435358554,-0.0413268764268872
"213950",0.113685727373635,0.147744597189012,0.126169026768011,0.0215755704210011,0.0340588698153773,0.0124832993943763
"196496",0.073733842457993,0.119300562956998,0.0888858683886169,0.0304146945683813,0.0455667204990053,0.015152025930624
"113604",0.124890785235244,0.22077136776028,0.158700265832984,0.0620711019272963,0.0958805825250355,0.0338094805977392
"90347",1.94185009498295,0.177018900249082,1.94185009498295,-1.76483119473387,-1.76483119473387,0
"157759",0.249714727108354,0.139453177073937,0.204960172816498,-0.0655069957425612,-0.110261550034417,-0.0447545542918563
"336195",0.140491097963907,0.129059828301838,0.136061741922308,-0.00700191362047006,-0.0114312696620691,-0.00442935604159903
"523896",0.0570099726933052,0.117342023518247,0.077356261099863,0.0399857624183835,0.0603320508249414,0.0203462884065578
"511447",0.156789746097106,0.208799646644987,0.175816370560953,0.0329832760840335,0.0520099005478806,0.019026624463847
"232493",0.197312987024301,0.176943424207409,0.18930172747047,-0.0123583032630607,-0.0203695628168921,-0.00801125955383139
"557280",0.0791076361638888,0.196200784571247,0.120349912074122,0.0758508724971253,0.117093148407358,0.0412422759102327
"17884",0.237555975599112,0.233552054352097,0.236045549322501,-0.00249349497040385,-0.0040039212470149,-0.00151042627661105
"561974",0.292394156562836,0.250598462914484,0.276188198542687,-0.0255897356282029,-0.0417956936483518,-0.0162059580201489
"543183",0.0377340673252792,0.0885497736042118,0.0541505211216817,0.0343992524825302,0.0508157062789326,0.0164164537964025
"21746",0.112725393269382,0.165819576415218,0.131748648464436,0.0340709279507819,0.0530941831458355,0.0190232551950535
"537338",0.259217789025085,0.244997140318989,0.253896450107698,-0.00889930978870909,-0.0142206487060961,-0.00532133891738701
"59115",0.199918762665432,0.162935132053078,0.18565338657254,-0.0227182545194618,-0.0369836306123541,-0.0142653760928923
"531360",0.070755661923312,0.133116023257017,0.0920306130102849,0.0410854102467322,0.0623603613337051,0.021274951086973
"382712",0.13143340021783,0.146969997572139,0.137314970468134,0.00965502710400495,0.0155365973543085,0.0058815702503035
"58531",0.047991218108982,0.103021643876506,0.0663672709476843,0.0366543729288217,0.0550304257675239,0.0183760528387023
"375544",0.106273244655617,0.151542458492284,0.122835760204638,0.0287066982876456,0.045269213836667,0.0165625155490214
"78778",0.120617676075022,0.119694923716568,0.120353012160055,-0.000658088443486471,-0.000922752358453946,-0.000264663914967475
"124952",0.0892928677253773,0.112347832898127,0.0975739338502422,0.0147738990478847,0.0230549651727496,0.00828106612486491
"89171",0.188958176333401,0.110890173959361,0.157434922296823,-0.0465447483374627,-0.07806800237404,-0.0315232540365774
"165078",0.165579612987712,0.203674911198827,0.179576036602358,0.0240988745964695,0.0380952982111157,0.0139964236146462
"303140",0.151692226625557,0.186554684299169,0.164397044774456,0.0221576395247124,0.0348624576736118,0.0127048181488994
"481480",0.00738866783929726,0.0996374505033049,0.0336023583643455,0.0660350921389593,0.0922487826640076,0.0262136905250483
"455823",0.0294349542444418,0.101667243942591,0.0517118797349627,0.0499553642076284,0.0722322896981494,0.022276925490521
"559330",0.284140241108372,0.14741148803076,0.227663345380687,-0.0802518573499269,-0.136728753077612,-0.0564768957276855
"453664",0.587677396422605,0.219204239950911,0.434168915055513,-0.214964675104602,-0.368473156471693,-0.153508481367091
"561787",0.0909377846815553,0.200906586285289,0.129648697518693,0.0712578887665951,0.109968801603733,0.0387109128371381
"529640",0.435845800024804,0.294640818666431,0.380876703019871,-0.0862358843534401,-0.141204981358373,-0.0549690970049326
"381327",0.0351203455133469,0.118565930219836,0.0613425235349142,0.0572234066849219,0.0834455847064893,0.0262221780215673
"437762",0.42965235382476,0.27178051810517,0.364203136329101,-0.092422618223931,-0.157871835719589,-0.0654492174956583
"538718",0.0398427609206428,0.109293644534437,0.062338019714829,0.0469556248196082,0.0694508836137943,0.0224952587941862
"172268",0.134084555603107,0.167726168611157,0.14642984915797,0.0212963194531869,0.03364161300805,0.0123452935548631
"21619",0.439405122399992,0.207249042673874,0.343157288283553,-0.135908245609679,-0.232156079726118,-0.0962478341164384
"333145",0.264230911835644,0.290183067573161,0.274312444021692,0.015870623551469,0.0259521557375177,0.0100815321860487
"523088",0.131612539080816,0.1328909680882,0.130166856074465,0.00272411201373543,0.0012784290073844,-0.00144568300635103
"574540",0.068357438067487,0.148406808422148,0.0956133562035512,0.0527934522185969,0.0800493703546611,0.0272559181360642
"23587",0.0937887368291795,0.147298394543645,0.114125379204443,0.0331730153392022,0.0535096577144654,0.0203366423752632
"378694",0.902942167076814,0.293664933881031,0.649785411773872,-0.356120477892841,-0.609277233195783,-0.253156755302942
"315383",0.117164262474942,0.210145392200917,0.15123171158498,0.0589136806159367,0.0929811297259747,0.034067449110038
"545983",0.0537380619164226,0.127547086546233,0.0790710748846482,0.0484760116615844,0.0738090246298101,0.0253330129682256
"316632",0.122647635603754,0.128960495186296,0.1235227119501,0.00543778323619584,0.00631285958254156,0.000875076346345718
"130509",0.13945178847902,0.112304718297287,0.128951461359541,-0.0166467430622538,-0.0271470701817327,-0.0105003271194788
"367307",0.0704106899926096,0.1394873974601,0.0944781691987584,0.0450092282613412,0.06907670746749,0.0240674792061487
"65406",0.139581661090473,0.145209421151989,0.141285393111634,0.00392402804035505,0.00562776006151619,0.00170373202116114
"498215",0.202810865144843,0.263458744451056,0.225800331085989,0.037658413365067,0.060647879306213,0.022989465941146
"558185",0.034961966947132,0.120742255235683,0.0618666208816329,0.0588756343540504,0.0857802882885514,0.026904653934501
"354352",0.139355043916473,0.160235555087228,0.145100583804528,0.0151349712826991,0.0208805111707548,0.00574553988805571
"89928",0.257355117776501,0.114464445742137,0.194859406048837,-0.0803949603067,-0.142890672034364,-0.0624957117276643
"420076",0.380130309069512,0.266468052117592,0.336267717634855,-0.0697996655172629,-0.11366225695192,-0.0438625914346569
"525695",0.103889609357762,0.141575309260831,0.117378642955371,0.0241966663054599,0.037685699903069,0.0134890335976091
"372233",0.0800291750359055,0.126979687739523,0.0965746811174592,0.0304050066220641,0.0469505127036178,0.0165455060815537
"460617",0.486724425571172,0.185791531641551,0.358997922765107,-0.173206391123556,-0.300932893929621,-0.127726502806065
"125571",0.047427000383413,0.0860369574175031,0.0597615171258309,0.0262754402916723,0.0386099570340901,0.0123345167424179
"439203",0.0241673729130845,0.109109977918682,0.0496306742699714,0.0594793036487107,0.0849426050055976,0.0254633013568869
"345847",0.108424872263693,0.149615620181077,0.123450885490529,0.0261647346905479,0.0411907479173834,0.0150260132268355
"347939",0.0341383123343503,0.141475359407107,0.0699725024082479,0.071502856998859,0.107337047072757,0.0358341900738977
"526179",0.180183065341352,0.155710867089632,0.170569777775471,-0.0148589106858383,-0.0244721982517199,-0.00961328756588165
"484796",0.0423811088360526,0.118273760545565,0.0683258178430872,0.0499479427024778,0.0758926517095124,0.0259447090070345
"309742",0.0573293356990716,0.134820498472997,0.0834361610874631,0.0513843373855335,0.077491162773925,0.0261068253883915
"42285",0.0650271113699434,0.126738181229241,0.086251206590953,0.0404869746382882,0.0617110698592978,0.0212240952210095
"482192",0.0430927678303183,0.132657043871507,0.0731439144921007,0.0595131293794066,0.0895642760411891,0.0300511466617824
"480672",0.0669875966037893,0.15539395528414,0.097380359016197,0.0580135962679426,0.0884063586803503,0.0303927624124077
"398480",0.0304384624834715,0.100715051950535,0.0534517979329731,0.0472632540175621,0.0702765894670637,0.0230133354495016
"186872",0.503301651088407,0.182206208985631,0.364989059182752,-0.182782850197121,-0.321095442102777,-0.138312591905655
"256760",0.119568145837494,0.175485702536539,0.139573685452536,0.0359120170840036,0.0559175566990455,0.0200055396150418
"407618",0.0809211424863046,0.138977113944019,0.101212487062355,0.0377646268816632,0.058055971457714,0.0202913445760508
"76926",0.0203432426869038,0.114862117142427,0.0500292750360813,0.0648328421063453,0.0945188744555227,0.0296860323491775
"1655",0.2567323557781,0.231933960824616,0.24675937378397,-0.0148254129593541,-0.0247983949534844,-0.00997298199413035
"357302",0.0414100757338108,0.094344692259516,0.0597063494213365,0.0346383428381795,0.0529346165257052,0.0182962736875257
"153444",0.128969020786662,0.192976824221501,0.152654240731699,0.0403225834898017,0.0640078034348387,0.023685219945037
"358902",0.104262646828374,0.10336983154422,0.103931718836187,-0.000561887291966545,-0.00089281528415433,-0.000330927992187785
"223495",0.0555940332730188,0.142715896265718,0.0850094367125242,0.0577064595531936,0.087121862992699,0.0294154034395054
"480987",0.414636317696757,0.177686823551681,0.315174987249459,-0.137488163697778,-0.236949494145076,-0.0994613304472979
"529032",0.0775110648438121,0.133353812503946,0.0969959807967779,0.0363578317071681,0.0558427476601339,0.0194849159529658
"65779",0.0433321015853282,0.113779308559508,0.0663510701064594,0.0474282384530487,0.0704472069741799,0.0230189685211311
"104043",0.0888245228045366,0.163624304730715,0.114835814799041,0.048788489931674,0.0747997819261787,0.0260112919945047
"124000",0.0534768416447015,0.092909587736453,0.0666652305543227,0.0262443571821303,0.0394327460917516,0.0131883889096213
"94163",0.0484364853228567,0.139412506069783,0.0788775676699715,0.0605349383998117,0.0909760207469265,0.0304410823471148
"281961",0.101820100122848,0.21147484544239,0.140152790991681,0.071322054450709,0.109654745319542,0.0383326908688332
"435667",0.0285371788584687,0.136063630197936,0.0624339343599221,0.073629695838014,0.107526451339467,0.0338967555014534
"64992",0.0374637825390628,0.172437983074617,0.0800485857328877,0.0923893973417292,0.134974200535554,0.0425848031938249
"564877",0.0853900968870499,0.175740738820389,0.115965476087076,0.0597752627333129,0.0903506419333388,0.030575379200026
"39530",0.467892181294746,0.323176677411972,0.412636263437318,-0.0894595860253468,-0.144715503882774,-0.0552559178574273
"378386",0.0173462372468905,0.103735121177911,0.0430249502414022,0.0607101709365089,0.0863888839310206,0.0256787129945117
"205053",0.0496425110985167,0.11508408892569,0.0715149973778454,0.0435690915478448,0.0654415778271735,0.0218724862793287
"441850",0.146486883258679,0.154498816944808,0.149532894681288,0.00496592226351988,0.00801193368612846,0.00304601142260857
"516268",0.239216643127003,0.0890571481452771,0.175053405339438,-0.0859962571941613,-0.150159494981726,-0.0641632377875647
"484517",0.144131595871285,0.156879531696182,0.148952348426808,0.00792718326937314,0.012747935824897,0.00482075255552383
"140039",0.0206865926956008,0.0909373965236569,0.0414545751859438,0.0494828213377131,0.0702508038280561,0.020767982490343
"570260",0.0962779988684455,0.177340973976644,0.125054390699074,0.05228658327757,0.0810629751081987,0.0287763918306288
"436460",0.0407212028341621,0.114043807699505,0.0634734116531204,0.0505703960463846,0.0733226048653428,0.0227522088189583
"486616",0.0087534588346345,0.092999751180993,0.0313822008354493,0.0616175503455437,0.0842462923463585,0.0226287420008148
"118938",0.0920611487675752,0.155466119902846,0.115556993618671,0.0399091262841752,0.063404971135271,0.0234958448510958
"400559",0.0471384392129762,0.131488474569137,0.0755615142237641,0.0559269603453729,0.0843500353561608,0.0284230750107879
"260134",0.0717492181035526,0.150465641550717,0.0994066964852576,0.0510589450654594,0.0787164234471644,0.027657478381705
"435535",0.0787114563902568,0.0944753751331829,0.0840471542744409,0.010428220858742,0.0157639187429261,0.00533569788418414
"53500",0.0397206129375532,0.10284309427946,0.0600132586354515,0.042829835644008,0.0631224813419063,0.0202926456978983
"121668",0.0835706274586432,0.135666753208333,0.101993035747677,0.0336737174606558,0.0520961257496896,0.0184224082890338
"11234",0.0636110113572228,0.129685181535392,0.0871087248778207,0.0425764566575716,0.0660741701781695,0.0234977135205979
"303328",0.121286194623223,0.151316360802907,0.132523713407974,0.0187926473949324,0.0300301661796841,0.0112375187847517
"139927",0.500393748141295,0.149048821990069,0.348369193616305,-0.199320371626236,-0.351344926151225,-0.152024554524989
"440623",0.0320416910341137,0.108706052009797,0.0556593817945293,0.0530466702152679,0.0766643609756835,0.0236176907604156
"249733",0.0544009722212402,0.127759450523585,0.0790257727403184,0.0487336777832666,0.0733584783023448,0.0246248005190781
"436176",0.00744361055524207,0.0828332809525363,0.0266536378081984,0.0561796431443379,0.0753896703972942,0.0192100272529563
"161453",0.132284067119094,0.156402993138015,0.141246603439751,0.0151563896982644,0.0241189260189215,0.00896253632065719
"559842",0.11723066006695,0.225535132604883,0.156640931818744,0.0688942007861385,0.108304472537933,0.0394102717517948
"87231",0.0608368122060491,0.150298703058309,0.0906874723855567,0.059611230672752,0.0894618908522597,0.0298506601795077
"461069",0.0865555864233709,0.143185927047334,0.106361754625426,0.0368241724219086,0.0566303406239634,0.0198061682020548
"112135",0.318756251822303,0.342792783555079,0.325788595297864,0.0170041882572146,0.024036531732776,0.00703234347556148
"80249",0.0623652447379969,0.189799743218935,0.104551387059484,0.0852483561594502,0.127434498480938,0.0421861423214875
"357490",0.0300312909215274,0.115897498803448,0.0566525267021901,0.0592449721012576,0.0858662078819203,0.0266212357806627
"552415",0.0412400430671269,0.0933983027568839,0.058325868742526,0.0350724340143579,0.052158259689757,0.0170858256753991
"277977",0.130602375431031,0.157157711133035,0.140281569656366,0.0168761414766688,0.0265553357020041,0.00967919422533536
"178790",0.201310681011319,0.222520922410793,0.209162105505773,0.0133588169050197,0.0212102413994736,0.00785142449445386
"21173",0.0303682522420588,0.116046413737507,0.0571504300745403,0.0588959836629669,0.0856781614954485,0.0267821778324816
"97958",0.180373002768966,0.126052371138702,0.158860750429777,-0.0328083792910743,-0.0543206316302639,-0.0215122523391895
"503006",0.141834878738896,0.131755256776958,0.137976606579484,-0.00622134980252612,-0.010079621961938,-0.00385827215941192
"377906",0.25796498928937,0.248229735029447,0.255207360573253,-0.00697762554380629,-0.00973525425992341,-0.00275762871611712
"372931",0.297755552081879,0.168193216765491,0.245247477371705,-0.0770542606062138,-0.129562335316388,-0.0525080747101739
"78787",0.287623721976597,0.171654744313354,0.241019050714999,-0.0693643064016449,-0.115968977663244,-0.0466046712615988
"315372",0.815272057946921,0.59593616436513,0.73602114437689,-0.140084980011761,-0.219335893581792,-0.0792509135700312
"329379",0.257173685229597,0.178460588125186,0.226325791525366,-0.0478652034001803,-0.0787130971044111,-0.0308478937042308
"396393",0.183338946217656,0.153804952278898,0.171931485650007,-0.0181265333711091,-0.0295339939387588,-0.0114074605676496
"88834",0.0610734552410329,0.196837008137762,0.107555519665515,0.0892814884722464,0.135763552896729,0.0464820644244822
"468646",0.1566074172466,0.195019468836635,0.171416950090369,0.0236025187462659,0.038412051590035,0.0148095328437691
"377928",0.12749980544385,0.125967714715587,0.126930238713736,-0.000962523998148834,-0.00153209072826327,-0.000569566730114435
"40338",0.0665934011669605,0.0872190321882356,0.0742076144564142,0.0130114177318214,0.0206256310212752,0.00761421328945375
"233649",0.0389379093647588,0.166473520153901,0.0794105018135926,0.0870630183403088,0.127535610789143,0.0404725924488338
"530796",0.17799548467655,0.150740928016674,0.167589095161201,-0.0168481671445273,-0.0272545566598758,-0.0104063895153484
"447535",0.102766854166992,0.128284725133805,0.112205560950441,0.0160791641833639,0.0255178709668135,0.00943870678344962
"390527",0.0463614906479497,0.160534293374114,0.0835320091448954,0.0770022842292181,0.114172802726164,0.0371705184969457
"480554",0.116334834017461,0.16448034640672,0.133876239861688,0.0306041065450312,0.0481455123892581,0.0175414058442269
"220210",0.158921927057267,0.259329374670858,0.194102013585993,0.0652273610848653,0.100407447613591,0.035180086528726
"248954",0.0769302514791275,0.150143427273954,0.10290202945924,0.0472413978147139,0.0732131757948264,0.0259717779801124
"481938",0.207780522443773,0.108680519986382,0.167123513888006,-0.0584429939016248,-0.0991000024573909,-0.0406570085557661
"500736",0.0805380832065492,0.203080548461039,0.120841876211422,0.0822386722496164,0.12254246525449,0.0403037930048732
"377956",0.355035390625013,0.135645554559987,0.262503709433768,-0.126858154873781,-0.219389836065026,-0.0925316811912441
"45809",0.0780244427006743,0.0917077700334938,0.0848475254109484,0.00686024462254542,0.0136833273328195,0.00682308271027413
"431370",0.0715572480956281,0.173594776803531,0.106447640321008,0.0671471364825238,0.102037528707903,0.0348903922253795
"53238",0.60557557226708,0.289554613380746,0.476152089666596,-0.18659747628585,-0.316020958886334,-0.129423482600484
"185171",0.0478598061816861,0.151269346754647,0.0810973487902663,0.0701719979643805,0.103409540572961,0.0332375426085802
"81189",0.353397323585107,0.334494793616063,0.34646976038209,-0.0119749667660267,-0.0189025299690436,-0.00692756320301691
"349690",0.0706698511349927,0.115084942539751,0.0861196395106204,0.0289653030291306,0.0444150914047584,0.0154497883756278
"469500",0.0531512088948146,0.134842247109711,0.0810467424388425,0.0537955046708681,0.081691038214896,0.0278955335440278
"177682",0.072586083133009,0.13166421423013,0.0932986446786446,0.0383655695514854,0.059078131097121,0.0207125615456356
"329147",0.449675496093722,0.208630608402148,0.349703137831802,-0.141072529429654,-0.241044887691574,-0.0999723582619202
"217414",0.565140311876872,0.465699770473088,0.52860737178688,-0.0629076013137929,-0.0994405414037844,-0.0365329400899915
"90216",0.07971873746891,0.130073767980186,0.0967637393621013,0.033310028618085,0.0503550305112764,0.0170450018931913
"117353",0.142952700242998,0.195531991089199,0.162032786966419,0.0334992041227799,0.0525792908462012,0.0190800867234214
"180380",0.0761316720471735,0.131315975476199,0.0950728418445172,0.0362431336316814,0.0551843034290251,0.0189411697973438
"117114",0.0229892588678452,0.139326336574575,0.0592971012853959,0.0800292352891795,0.11633707770673,0.0363078424175507
"295363",0.0356481833148095,0.155166686486024,0.0733978750012576,0.0817688114847661,0.119518503171214,0.0377496916864482
"67897",0.203426695382346,0.157394000493967,0.185161744957607,-0.0277677444636408,-0.0460326948883792,-0.0182649504247384
"129051",0.167477111295311,0.180590527782289,0.172554580968275,0.00803594681401418,0.0131134164869781,0.00507746967296388
"53229",0.0984085000787722,0.160490210549098,0.12065249175845,0.0398377187906485,0.062081710470326,0.0222439916796775
"454243",0.229524453330099,0.254659927156488,0.239078928655169,0.015580998501319,0.0251354738263893,0.00955447532507031
"25257",0.0353977593147468,0.111296277808451,0.0598763133305069,0.0514199644779444,0.0758985184937044,0.0244785540157601
"362043",0.0314268014031693,0.0810009376780611,0.0467675844975158,0.0342333531805452,0.0495741362748918,0.0153407830943465
"431298",0.0652319298270922,0.193425253066103,0.108537683265097,0.0848875698010059,0.128193323239011,0.0433057534380047
"84055",0.130182500378749,0.167424898546371,0.143797517475178,0.0236273810711927,0.0372423981676219,0.0136150170964291
"490661",0.0896311674366499,0.12889466664446,0.103723229662329,0.0251714369821306,0.0392634992078101,0.0140920622256794
"566654",0.182275783753662,0.240657553811801,0.203415914138647,0.0372416396731539,0.0583817700581391,0.0211401303849852
"186246",0.0273349382550188,0.129208358239691,0.0596340261362199,0.0695743321034716,0.101873419984673,0.0322990878812011
"568421",0.00690436696197817,0.120810766803182,0.03769124639839,0.0831195204047924,0.113906399841204,0.0307868794364118
"34834",0.0494091047753262,0.131063709673993,0.076900447818909,0.0541632618550835,0.0816546048986664,0.0274913430435828
"278265",0.0338945983138235,0.131849477628695,0.0650042917117876,0.0668451859169078,0.0979548793148719,0.0311096933979642
"300566",0.0362246468490024,0.134981260800596,0.0677043801704834,0.067276880630113,0.098756613951594,0.031479733321481
"139218",0.0254961741909764,0.0942675870858457,0.0466820528770827,0.0475855342087631,0.0687714128948694,0.0211858786861063
"50848",0.0632567388659551,0.0796340335479985,0.0690522945798419,0.0105817389681566,0.0163772946820433,0.00579555571388672
"400629",3.98645978347341,1.06566025832362,2.33201403075201,-1.26635377242839,-2.92079952514979,-1.6544457527214
"121753",0.011514608299224,0.100834838813226,0.036995584688324,0.0638392541249017,0.0893202305140017,0.0254809763891
"283961",0.0884748674228347,0.126264486559046,0.101517184052389,0.0247473025066571,0.0377896191362117,0.0130423166295546
"525813",0.108879743631871,0.169260699008432,0.130746522186608,0.0385141768218234,0.0603809553765603,0.0218667785547369
"550951",0.0773493431014732,0.164554837411458,0.107243268987541,0.0573115684239178,0.0872054943099851,0.0298939258860673
"549577",0.11815207166334,0.171546050612816,0.138795109496188,0.0327509411166277,0.0533939789494757,0.0206430378328479
"89306",0.170117114189141,0.150140076297165,0.162458109408426,-0.0123180331112608,-0.0199770378919763,-0.00765900478071552
"177012",0.0699987300968416,0.132283274175116,0.0914893309316774,0.0407939432434384,0.0622845440782742,0.0214906008348358
"73390",0.271240512497102,0.214178436053343,0.24914836208751,-0.0349699260341677,-0.057062076443759,-0.0220921504095913
"516422",0.0743154447909442,0.162360488510094,0.104865345930516,0.0574951425795781,0.08804504371915,0.0305499011395719
"523204",0.155141031598391,0.171231198624653,0.161152008959023,0.0100791896656301,0.0160901670262617,0.00601097736063164
"544334",0.0653965035270874,0.117677113855564,0.0827729983465106,0.0349041155090534,0.0522806103284765,0.0173764948194231
"78555",0.0241325860888103,0.107627210050809,0.0490249659485644,0.0586022441022442,0.0834946239619982,0.0248923798597541
"507805",0.0488472362345364,0.11382674391404,0.0715492950669026,0.0422774488471376,0.0649795076795039,0.0227020588323662
"3305",0.0949796445136487,0.133051155429517,0.108744822031291,0.0243063333982252,0.0380715109158678,0.0137651775176426
"178594",0.199249099754579,0.188115062642553,0.194955564060846,-0.00684050141829307,-0.0111340371120258,-0.00429353569373275
"83465",0.127533579639537,0.177942725652766,0.145887964282397,0.032054761370369,0.0504091460132293,0.0183543846428603
"158394",0.205019324444433,0.153134351320456,0.184645884570957,-0.031511533250501,-0.0518849731239773,-0.0203734398734764
"3661",0.280493675577271,0.272634179640485,0.27754495861485,-0.00491077897436515,-0.00785949593678653,-0.00294871696242138
"355624",0.00406947219631147,0.0860644249548582,0.0242630345456818,0.0618013904091764,0.0819949527585467,0.0201935623493703
"558203",0.013907599257803,0.0899882397693045,0.0353101701952095,0.0546780695740949,0.0760806405115015,0.0214025709374066
"470166",0.0336767760547182,0.139119466836897,0.0682834054531918,0.0708360613837051,0.105442690782179,0.0346066293984736
"239942",0.203329500354791,0.136601569522466,0.176719914805311,-0.0401183452828455,-0.0667279308323251,-0.0266095855494796
"499842",0.00723497490105462,0.100122070430883,0.0332444452719527,0.0668776251589306,0.0928870955298287,0.0260094703708981
"242401",0.0263674169044014,0.143189019703327,0.0621388849780861,0.0810501347252413,0.116821602798926,0.0357714680736847
"164234",0.213882825288899,0.156612886918892,0.191478621864261,-0.0348657349453693,-0.0572699383700073,-0.022404203424638
"277104",0.0278797958351217,0.125221231292378,0.059103573046793,0.066117658245585,0.0973414354572563,0.0312237772116713
"255370",0.0142185290469898,0.0936993932477925,0.0363776050972547,0.0573217881505378,0.0794808642008027,0.0221590760502649
"108447",0.0774149233022222,0.193033274647838,0.116667374381872,0.0763659002659655,0.115618351345615,0.03925245107965
"9418",0.0582028993947682,0.141542653065792,0.0876274637402964,0.0539151893254959,0.083339753671024,0.0294245643455282
"266068",0.0209226896213239,0.117318645297833,0.0502773372110108,0.0670413080868223,0.0963959556765091,0.0293546475896868
"23387",0.0723937014912704,0.172160112050285,0.10689290629637,0.0652672057539144,0.0997664105590142,0.0344992048050999
"77478",0.172869234588029,0.23747480696804,0.197264008612392,0.0402107983556476,0.0646055723800105,0.0243947740243629
"518022",0.0207781718961668,0.10982475288344,0.0474952276513356,0.062329525232104,0.0890465809872727,0.0267170557551688
"227597",0.316928058668562,0.168301558244216,0.254482587910387,-0.0861810296661714,-0.148626500424346,-0.0624454707581751
"151223",0.0400012994003284,0.116532067712715,0.0653068109624685,0.0512252567502464,0.0765307683123864,0.02530551156214
"398822",0.0384181342169222,0.142584014468446,0.0719081558018012,0.0706758586666445,0.104165880251524,0.033490021584879
"318114",0.120370971647407,0.198536096508229,0.15018164548294,0.0483544510252893,0.0781651248608225,0.0298106738355331
"428742",0.153701565860961,0.227734104117262,0.181178052210576,0.0465560519066856,0.074032538256301,0.0274764863496154
"548087",0.0958573884697013,0.15653373511725,0.117521473718022,0.0390122613992283,0.0606763466475489,0.0216640852483206
"223662",0.0928138234849106,0.177136716997113,0.122981329879799,0.0541553871173146,0.0843228935122027,0.0301675063948881
"53387",0.141339185197389,0.262415601974203,0.185634565795789,0.0767810361784144,0.121076416776814,0.0442953805984
"443465",0.630042998259699,0.362762564561666,0.525737957869641,-0.162975393307975,-0.267280433698033,-0.104305040390058
"126325",0.140872353203377,0.200647483875107,0.16273116528243,0.0379163185926774,0.0597751306717301,0.0218588120790527
"468043",0.0858428868445667,0.113492337159448,0.0958371066157769,0.0176552305436714,0.0276494503148816,0.00999421977121019
"322233",0.163019569439696,0.250390136057823,0.194184811925388,0.0562053241324348,0.0873705666181271,0.0311652424856923
"561529",0.284233504657474,0.190090954322232,0.246904049456644,-0.056813095134412,-0.0941425503352424,-0.0373294552008304
"373011",0.831650163259307,0.184086912156393,0.544118075622675,-0.360031163466281,-0.647563251102913,-0.287532087636632
"470887",0.0646437360956805,0.165729760052614,0.0989776055621133,0.0667521544905011,0.101086023956934,0.0343338694664328
"26554",0.324337094526123,0.235830917366111,0.289443651777595,-0.0536127344114838,-0.088506177160012,-0.0348934427485282
"148765",0.153183458069205,0.193816194228262,0.167748344001905,0.0260678502263566,0.0406327361590564,0.0145648859326998
"160326",0.0754303544333511,0.109081906260435,0.0872896704433179,0.0217922358171172,0.033651551827084,0.0118593160099668
"272046",0.015547866877578,0.0800166435001908,0.0338274859289533,0.0461891575712375,0.0644687766226127,0.0182796190513753
"506167",0.20726543189638,0.141825207810217,0.181529768965639,-0.039704561155422,-0.0654402240861628,-0.0257356629307409
"309018",0.410746899609154,0.176902054250986,0.31277386829953,-0.135871814048545,-0.233844845358169,-0.0979730313096239
"287084",0.660356750678339,0.722889327108108,0.681886654540794,0.0410026725673138,0.0625325764297689,0.0215299038624551
"271992",0.033618858214067,0.129502072472488,0.0633412907481393,0.0661607817243492,0.0958832142584215,0.0297224325340723
"500288",0.142854716480694,0.140668895281392,0.142045656839621,-0.00137676155822894,-0.00218582119930186,-0.000809059641072918
"397797",0.296237026484885,0.288369214131482,0.293327390110114,-0.00495817597863207,-0.00786781235340378,-0.00290963637477171
"107343",0.15267321216632,0.222922148750297,0.178099060172738,0.0448230885775593,0.0702489365839774,0.025425848006418
"240141",0.0796288223231303,0.208647346908608,0.124274378878709,0.0843729680298992,0.129018524585478,0.0446455565555784
"563491",0.0671699034051047,0.161059202246475,0.0992047914598112,0.061854410786664,0.0938892988413705,0.0320348880547065
"558262",0.0610359244638103,0.160168410896115,0.0950557513296472,0.0651126595664673,0.0991324864323042,0.0340198268658369
"76800",0.19191184305158,0.264986855092929,0.220578551509088,0.0444083035838412,0.0730750120413488,0.0286667084575076
"45736",0.282263982484944,0.330930377301805,0.300668946651048,0.0302614306507573,0.048666394816861,0.0184049641661037
"418480",0.250664138533932,0.248141530736916,0.249849753686377,-0.00170822294946107,-0.00252260779701588,-0.000814384847554805
"78606",0.0452322878514072,0.125803115667577,0.072211753196434,0.0535913624711432,0.0805708278161701,0.0269794653450269
"279500",0.430783994048037,0.30038372981586,0.379686499043027,-0.0793027692271673,-0.130400264232177,-0.0510974950050101
"269656",0.0226307598162537,0.146488909202013,0.060474353567996,0.0860145556340171,0.123858149385759,0.0378435937517423
"35125",0.119476141409697,0.148782931429307,0.131222670608549,0.0175602608207578,0.0293067900196102,0.0117465291988523
"315526",0.0398657338219783,0.168753176431181,0.0817946652485752,0.0869585111826063,0.128887442609203,0.0419289314265969
"383692",0.107473800541803,0.151388050298043,0.123638276319952,0.0277497739780908,0.0439142497562393,0.0161644757781484
"444849",0.0670577048837006,0.105477293965964,0.0805196531274922,0.0249576408384714,0.0384195890822629,0.0134619482437916
"261838",0.0116402809696668,0.0882654701205119,0.0326066335392836,0.0556588365812283,0.0766251891508451,0.0209663525696168
"539444",0.0439532046695341,0.164612216071246,0.0831502446284814,0.0814619714427645,0.120659011401712,0.0391970399589473
"89168",0.173860303397097,0.200894446499962,0.184088318488369,0.016806128011593,0.0270341431028642,0.0102280150912713
"444905",0.101744497102401,0.16181758030383,0.123072697880336,0.0387448824234939,0.0600730832014294,0.0213282007779355
"83522",0.0914010542958144,0.229159988253193,0.138462173630494,0.0906978146226995,0.137758933957379,0.0470611193346794
"242932",0.0755072189165797,0.119220718038181,0.0910065150622631,0.0282142029759177,0.0437134991216011,0.0154992961456834
"96223",1.35158737194345,0.262963779957627,0.811091180181736,-0.548127400224109,-1.08862359198582,-0.540496191761716
"61929",0.242773336761195,0.164411779499989,0.211427868125056,-0.0470160886250675,-0.0783615572612059,-0.0313454686361385
"96695",0.279726657679599,0.318934034845498,0.294336290377741,0.0245977444677576,0.0392073771658988,0.0146096326981412
"336219",0.0307628843508295,0.133511390497741,0.0631015143111725,0.0704098761865689,0.102748506146912,0.032338629960343
"433759",0.0927409552185447,0.211760110044858,0.133501879907776,0.0782582301370821,0.119019154826314,0.0407609246892316
"416910",0.100593181148571,0.165040421375713,0.123921625457513,0.0411187959182003,0.0644472402271419,0.0233284443089416
"279270",0.220996073936941,0.256514847742535,0.235014431131116,0.0215004166114198,0.0355187738055943,0.0140183571941745
"319615",0.277882179969517,0.138796896081432,0.220232008023385,-0.0814351119419526,-0.139085283888085,-0.0576501719461323
"242800",0.101061587976975,0.112563753783735,0.105357309184697,0.00720644459903835,0.0115021658067603,0.00429572120772194
"56539",0.736660932368653,0.311524683343578,0.522562356072313,-0.211037672728734,-0.425136249025074,-0.21409857629634
"89161",0.195990411097882,0.256951114185993,0.219414162838817,0.0375369513471755,0.0609607030881103,0.0234237517409349
"312719",0.131453203636366,0.213393331394669,0.160906077354551,0.0524872540401178,0.0819401277583023,0.0294528737181845
"187901",0.343060527275858,0.224499649132082,0.296599096036124,-0.072099446904042,-0.118560878143776,-0.046461431239734
"97802",0.135281124470535,0.126240378091331,0.131824563886822,-0.00558418579549119,-0.00904074637920452,-0.00345656058371333
"21613",0.144483607576754,0.191135960798578,0.161515432002647,0.0296205287959309,0.0466523532218241,0.0170318244258932
"146891",0.206834090839,0.25434368273247,0.224350723762925,0.0299929589695449,0.0475095918934701,0.0175166329239252
"401001",0.306163860843117,0.249561290107953,0.284230922935718,-0.034669632827765,-0.0566025707351641,-0.0219329379073991
"419734",0.0644385026691349,0.0932797867274454,0.0759972604019313,0.0172825263255141,0.0288412840583106,0.0115587577327964
"68576",0.388330048915053,0.203321940184045,0.313288368562321,-0.109966428378276,-0.185008108731008,-0.075041680352732
"66335",0.0385059832781998,0.0914314947447987,0.0550335733679967,0.036397921376802,0.0529255114665988,0.0165275900897968
"134642",0.0127587288996935,0.0850633192790174,0.0322341294645398,0.0528291898144776,0.0723045903793239,0.0194754005648464
"458363",0.0969257674050364,0.237837340374548,0.146086457200964,0.0917508831735834,0.140911572969512,0.0491606897959281
"503469",0.167600877722294,0.15142568056746,0.161318147723795,-0.00989246715633513,-0.0161751971548346,-0.00628272999849952
"39364",0.0260090748870066,0.0814924473303059,0.0432437855780301,0.0382486617522758,0.0554833724432993,0.0172347106910235
"542446",0.038288502756716,0.130750312349853,0.0682886912889788,0.0624616210608746,0.0924618095931375,0.0300001885322628
"423368",0.677635171171169,0.288070275208614,0.517646342635328,-0.229576067426713,-0.389564895962555,-0.159988828535842
"486524",0.415370886792326,0.226343608569143,0.339173946208533,-0.11283033763939,-0.189027278223183,-0.0761969405837926
"256570",0.227132336947276,0.230566550671436,0.228423391970397,0.00214315870103904,0.0034342137241605,0.00129105502312146
"68829",0.029018237742105,0.0815904917812239,0.0449673883624158,0.0366231034188081,0.0525722540391189,0.0159491506203108
"165439",1.06170767264177,0.770176590188862,0.94036580364879,-0.170189213459928,-0.291531082452912,-0.121341868992984
"71854",0.0263678380776705,0.107496486643548,0.051886173591816,0.0556103130517319,0.0811286485658774,0.0255183355141455
"501299",0.21409294241314,0.384270030461879,0.272408733719441,0.111861296742438,0.170177088048739,0.0583157913063007
"124771",0.196941519396344,0.167760188406815,0.185511687971301,-0.0177514995644862,-0.029181330989529,-0.0114298314250428
"75235",0.0405024798362549,0.138303745107025,0.0717654709302394,0.0665382741767853,0.0978012652707698,0.0312629910939845
"185492",0.529230985505284,0.334718592298197,0.452565976021138,-0.117847383722941,-0.194512393207086,-0.0766650094841455
"123818",0.367928500533588,0.33896834228528,0.357039635171012,-0.0180712928857322,-0.0289601582483084,-0.0108888653625762
"358575",0.0277720061610322,0.152398095656193,0.0666925691216522,0.0857055265345411,0.124626089495161,0.03892056296062
"485603",0.114286038473976,0.226247810742566,0.15286918384778,0.0733786268947858,0.11196177226859,0.0385831453738039
"215285",0.510185956369133,0.200655411053717,0.379545649691548,-0.178890238637831,-0.309530545315416,-0.130640306677585
"239177",0.153883229304674,0.233739980111028,0.182554986893687,0.0511849932173402,0.079856750806354,0.0286717575890138
"203215",0.26580521265455,0.200656881351299,0.240366690334937,-0.0397098089836377,-0.0651483313032509,-0.0254385223196132
"266650",0.358581941075181,0.292902100964353,0.332669919265322,-0.0397678183009689,-0.0656798401108279,-0.025912021809859
"205038",0.198265928251673,0.271927860070826,0.227060930222878,0.0448669298479481,0.073661931819153,0.0287950019712049
"139526",0.0338474813437028,0.10605709047832,0.0580428826565746,0.0480142078217457,0.0722096091346175,0.0241954013128717
"428913",0.735587797861397,0.34927927305584,0.580516939222602,-0.231237666166762,-0.386308524805557,-0.155070858638795
"406169",0.0788262980390476,0.122510763401589,0.0941177106110628,0.0283930527905263,0.0436844653625416,0.0152914125720153
"567963",0.622528045296319,0.348648560302039,0.51318376075317,-0.16453520045113,-0.273879484994279,-0.109344284543149
"92684",0.0234515949261048,0.130267714705286,0.0564941642986173,0.0737735504066683,0.106816119779181,0.0330425693725125
"340434",0.556654245255538,0.203028457368569,0.405547548624674,-0.202519091256105,-0.353625787886969,-0.151106696630864
"112016",0.0307729669443606,0.162135212271354,0.0717158818929979,0.0904193303783566,0.131362245326994,0.0409429149486372
"528636",0.00510949461143692,0.111416481315039,0.0340367596463736,0.0773797216686657,0.106306986703602,0.0289272650349367
"546040",0.0594406998864384,0.0868630163316931,0.0689574638265986,0.0179055525050945,0.0274223164452546,0.00951676394016018
"524314",0.199042671340292,0.308189721424023,0.239931202953909,0.0682585184701132,0.109147050083731,0.0408885316136175
"123017",0.183715768953145,0.271668274512377,0.216524434552671,0.0551438399597063,0.0879525055592326,0.0328086655995263
"346982",0.1121222601219,0.206327913612343,0.145072151789932,0.0612557618224109,0.0942056534904427,0.0329498916680318
"16703",0.0726897509321795,0.144468987026478,0.0974047196118473,0.047064267414631,0.0717792360942988,0.0247149686796678
"515091",0.0921441304611136,0.10152728476359,0.095590957378323,0.0059363273852666,0.00938315430247603,0.00344682691720943
"82889",0.0491406445919808,0.116096110012565,0.070926216840458,0.0451698931721072,0.0669554654205845,0.0217855722484773
"279292",0.131903449607785,0.15040873335936,0.138779645600901,0.0116290877584591,0.0185052837515745,0.00687619599311534
"299925",0.392909220429826,0.225130319623366,0.325093743215017,-0.0999634235916515,-0.167778900806461,-0.0678154772148093
"545879",0.126241040019873,0.160121154063166,0.138560531981854,0.021560622081312,0.0338801140432927,0.0123194919619808
"176234",0.0309222427795951,0.0891883763370482,0.047893671912351,0.0412947044246973,0.0582661335574531,0.0169714291327558
"485919",0.135319776765679,0.226788081364997,0.16869465185209,0.0580934295129076,0.0914683045993187,0.0333748750864111
"514203",0.127539631579231,0.204938838860397,0.155901670169596,0.0490371686908009,0.0773992072811656,0.0283620385903648
"539095",1.01290211429355,0.485300172902527,0.77066929852786,-0.285369125625333,-0.527601941391026,-0.242232815765694
"450217",0.182905452297018,0.293684906858359,0.223918338660138,0.0697665681982204,0.11077945456134,0.0410128863631199
"480966",0.0343119256413624,0.1539962749359,0.0728138730466009,0.0811824018892995,0.119684349294538,0.0385019474052386
"536504",0.0369083808827617,0.117411027096642,0.0624629426728787,0.0549480844237635,0.0805026462138804,0.0255545617901169
"29964",0.0708539759076151,0.150481340786566,0.0979656297825367,0.052515711004029,0.0796273648789506,0.0271116538749215
"187480",0.0872836424338363,0.116346727661591,0.0977176581855275,0.0186290694760636,0.0290630852277548,0.0104340157516912
"406769",0.0119205230390649,0.0971598025171689,0.0357864321741346,0.0613733703430343,0.085239279478104,0.0238659091350698
"322686",0.131497022503365,0.188512831159105,0.152037693677078,0.0364751374820264,0.0570158086557399,0.0205406711737136
"296724",0.0137314432097127,0.100717198994197,0.0383817166506354,0.062335482343562,0.0869857557844847,0.0246502734409227
"108239",0.364801178612859,0.310566019671591,0.342398448664278,-0.0318324289926875,-0.0542351589412685,-0.022402729948581
"68945",0.221328322181939,0.255808051448646,0.234333975133756,0.02147407631489,0.0344797292667074,0.0130056529518174
"42263",0.178901004195281,0.167254175499441,0.174455439120391,-0.00720126362095005,-0.0116468286958399,-0.00444556507488988
"149848",0.376656430422528,0.429942988985356,0.396869403355431,0.0330735856299255,0.0532865585628278,0.0202129729329023
"469497",0.028319567999722,0.0951743432204575,0.0491187575840605,0.046055585636397,0.0668547752207355,0.0207991895843386
"355695",0.0723800811180094,0.158947422168293,0.102368028163429,0.0565793940048649,0.086567341050284,0.0299879470454191
"315461",0.0469161022574483,0.131441948381369,0.07436842416913,0.0570735242122385,0.0845258461239203,0.0274523219116818
"145220",0.0351759584130826,0.111174414345184,0.0591128184164609,0.0520615959287236,0.0759984559321019,0.0239368600033783
"9253",0.0852040604558279,0.122799153533799,0.0985604380180388,0.0242387155157607,0.0375950930779716,0.0133563775622109
"429317",0.0877790954940086,0.173037481058525,0.117078110051022,0.055959371007503,0.0852583855645167,0.0292990145570137
"131611",0.289452975490963,0.16905146066874,0.240959119263561,-0.0719076585948205,-0.120401514822223,-0.0484938562274029
"496355",0.179008617667661,0.131918025815538,0.160555126566421,-0.0286371007508834,-0.0470905918521233,-0.01845349110124
"217853",0.0389680884567183,0.117726298095632,0.063014111031877,0.0547121870637546,0.0787582096389133,0.0240460225751587
"420640",0.0908732506709662,0.163317098566125,0.116873973486793,0.0464431250793322,0.0724438478951585,0.0260007228158263
"429122",0.07560962381499,0.108306873846666,0.0873471981403763,0.0209596757062901,0.0326972500316764,0.0117375743253863
"280250",0.0446503589270222,0.131403324469428,0.0731052692505615,0.0582980552188666,0.0867529655424059,0.0284549103235392
"426999",0.0578377959391436,0.17591365578014,0.0972982616907143,0.0786153940894256,0.118075859840996,0.0394604657515707
"61180",0.0951265210541077,0.118416938809172,0.104525064176524,0.0138918746326475,0.0232904177550641,0.00939854312241654
"242751",0.0255013819283834,0.0923687287185109,0.0457773844931907,0.0465913442253203,0.0668673467901275,0.0202760025648073
"272025",0.0282292787728501,0.12269197149894,0.0582287049979399,0.0644632665010003,0.0944626927260902,0.0299994262250899
"260923",0.0162553598545905,0.087579924441433,0.0367633987539786,0.0508165256874544,0.0713245645868425,0.0205080388993881
"253075",0.1410692438117,0.177126499368769,0.154231485231399,0.0228950141373694,0.0360572555570685,0.0131622414196991
"70512",0.0331485080940309,0.153712305208517,0.071944512223474,0.0817677929850426,0.120563797114486,0.038796004129443
"24563",0.0318562593856251,0.105176937004258,0.0547240923927695,0.0504528446114888,0.0733206776186331,0.0228678330071443
"492117",0.17180697842147,0.163420584438569,0.168579458154734,-0.00515887371616519,-0.0083863939829007,-0.00322752026673551
"252889",0.152523381536829,0.169051313419436,0.159067054520749,0.00998425889868684,0.0165279318826078,0.00654367298392095
"514960",0.273061536998126,0.217038239957567,0.251464588009373,-0.0344263480518062,-0.0560232970405586,-0.0215969489887524
"155802",0.0209181422556239,0.138155324369711,0.0572945763263635,0.0808607480433479,0.117237182114087,0.0363764340707396
"187192",0.112691738850733,0.144502588617266,0.124430690360035,0.0200718982572306,0.0318108497665328,0.0117389515093021
"223523",0.0790256082611349,0.162978977566666,0.109201988284954,0.0537769892817113,0.0839533693055307,0.0301763800238193
"247767",0.254047008452281,0.190998236606653,0.228930301990131,-0.0379320653834778,-0.0630487718456279,-0.02511670646215
"572310",0.153572051762323,0.200806003888282,0.17096880652715,0.0298371973611319,0.0472339521259591,0.0173967547648272
"306175",0.273503713299929,0.107990073779491,0.203554597040213,-0.0955645232607218,-0.165513639520438,-0.0699491162597158
"42635",0.130710571534085,0.18393954996609,0.149985869318071,0.0339536806480189,0.0532289784320051,0.0192752977839862
"130784",0.0050283077214737,0.0977886719023927,0.0294009332634179,0.0683877386389749,0.092760364180919,0.0243726255419442
"43567",0.0706732037316374,0.168218977496781,0.10512567958092,0.0630932979158608,0.0975457737651433,0.0344524758492825
"276763",0.0543346229407246,0.0987792380636735,0.0686424774798467,0.0301367605838268,0.0444446151229489,0.0143078545391221
"509207",0.117907109736163,0.183529066568525,0.141671156123171,0.0418579104453533,0.0656219568323614,0.0237640463870081
"393639",0.205021546482823,0.188794937020729,0.198810962069874,-0.0100160250491444,-0.0162266094620938,-0.00621058441294936
"383631",0.0526858331890084,0.187040374810994,0.0965776674193865,0.090462707391607,0.134354541621985,0.0438918342303781
"129638",0.389837059476593,0.216428566222405,0.319095286954161,-0.102666720731756,-0.173408493254188,-0.0707417725224321
"331963",0.0115882189466053,0.0928304049044604,0.0348277160866567,0.0580026888178036,0.081242185957855,0.0232394971400514
"509855",0.431398463658646,0.306410887141962,0.380259744866768,-0.0738488577248061,-0.124987576516684,-0.0511387187918778
"567071",0.0837259622445277,0.133957648732261,0.102135875858901,0.0318217728733597,0.0502316864877335,0.0184099136143737
"486469",0.0888311108992453,0.153035379837898,0.111089350922617,0.0419460289152805,0.0642042689386524,0.0222582400233719
"476064",0.238029771761401,0.310720733969843,0.264736737993501,0.0459839959763415,0.0726909622084412,0.0267069662320996
"433854",0.132513231032774,0.171381222095258,0.146856111161374,0.0245251109338838,0.0388679910624841,0.0143428801286003
"529524",0.112328096809561,0.195086033020252,0.142693290681126,0.0523927423391262,0.0827579362106911,0.0303651938715649
"399564",0.137980135511517,0.217618857525342,0.166479348130739,0.0511395093946035,0.0796387220138252,0.0284992126192218
"32978",0.0619328083880415,0.226348791572299,0.116632592308374,0.109716199263925,0.164415983184257,0.0546997839203325
"278318",0.100520434550067,0.147524493074607,0.117578520994829,0.0299459720797784,0.0470040585245404,0.017058086444762
"10779",0.0628359094792309,0.145976630267848,0.0928292534975521,0.0531473767702954,0.0831407207886166,0.0299933440183212
"309246",0.00436188967045403,0.0781074057857801,0.0223776117875241,0.055729793998256,0.073745516115326,0.01801572211707
"284205",0.0950603152573621,0.148703478052561,0.115300476989778,0.0334030010627828,0.0536431627951988,0.0202401617324161
"280361",0.0318723422001202,0.154929965599482,0.0693046847217493,0.0856252808777322,0.123057623399361,0.0374323425216292
"56031",0.302011838657288,0.215621608130399,0.267400520370406,-0.0517789122400065,-0.0863902305268885,-0.0346113182868821
"315535",0.0971864833583976,0.1555960108593,0.118894631249866,0.0367013796094341,0.0584095275009027,0.0217081478914686
"386139",0.0862612215776396,0.12450043685886,0.0998702665958172,0.0246301702630431,0.0382392152812207,0.0136090450181776
"277418",0.405162846878497,0.208973517936181,0.324679150390768,-0.115705632454587,-0.196189328942316,-0.0804836964877292
"26046",0.226646223611243,0.266019027178239,0.241802568184075,0.0242164589941637,0.0393728035669965,0.0151563445728327
"155365",0.285110088751168,0.28638010398329,0.285737405073217,0.000642698910072792,0.00127001523212111,0.000627316322048321
"140742",0.551441854578975,0.214894087727086,0.407159171851298,-0.192265084124212,-0.336547766851889,-0.144282682727677
"507646",0.489863913234686,0.203694078938552,0.370579538390619,-0.166885459452067,-0.286169834296134,-0.119284374844067
"223046",0.0843515323771835,0.134600851799992,0.101987657061457,0.0326131947385351,0.0502493194228082,0.017636124684273
"486523",0.249415295774059,0.218113501304901,0.237572825198046,-0.0194593238931451,-0.0313017944691576,-0.0118424705760125
"517026",0.0827171607563495,0.154771262654751,0.108481679423206,0.0462895832315455,0.0720541018984016,0.0257645186668561
"249988",0.0528260224456852,0.188103873355317,0.0970132801786003,0.0910905931767164,0.135277850909632,0.0441872577329151
"334264",0.0392401835386254,0.157896008896248,0.0770391788971548,0.0808568299990931,0.118655825357623,0.0377989953585294
"60559",1.00748736180293,0.483778852480907,0.806158084947686,-0.322379232466779,-0.523708509322028,-0.201329276855248
"170586",0.0517028696888867,0.181242868378364,0.0973433649393024,0.0838995034390613,0.129539998689477,0.0456404952504158
"470856",0.0835678248730789,0.117315002642281,0.095562009161015,0.0217529934812657,0.0337471777692018,0.0119941842879361
"8151",0.118012247825802,0.181967853363672,0.139796600460899,0.0421712529027734,0.0639556055378705,0.0217843526350971
"241503",0.229091928287395,0.295473956136426,0.253604834707762,0.0418691214286643,0.0663820278490314,0.0245129064203671
"300497",0.242838468508759,0.136991662464238,0.199938357805001,-0.0629466953407625,-0.10584680604452,-0.0429001107037579
"256133",0.0128407788645414,0.148818475925059,0.0520037577398871,0.096814718185172,0.135977697060518,0.0391629788753456
"275351",0.332407800743032,0.422171280185285,0.365053014198186,0.0571182659870987,0.0897634794422531,0.0326452134551544
"481963",0.149814843147346,0.12388982836459,0.139886695832532,-0.0159968674679425,-0.0259250147827559,-0.0099281473148134
"305452",0.0408668552472002,0.154938716647362,0.0774162554897199,0.0775224611576425,0.114071861400162,0.0365494002425197
"258296",0.043755221611146,0.15737838017399,0.0808757333789393,0.0765026467950512,0.113623158562844,0.0371205117677933
"38830",0.00915122203461901,0.0828778884029246,0.0294766214513929,0.0534012669515317,0.0737266663683056,0.0203253994167738
"129055",1.19157075405142,0.718500287817476,0.995581094596734,-0.277080806779258,-0.473070466233949,-0.195989659454691
"78410",0.264765426140862,0.118680134901601,0.20370657350314,-0.0850264386015393,-0.146085291239261,-0.0610588526377215
"426651",0.147197563340263,0.163724421515158,0.152749120797504,0.010975300717654,0.0165268581748954,0.00555155745724134
"413787",0.147667521410596,0.185216748454587,0.161463162784287,0.0237535856703001,0.0375492270439911,0.013795641373691
"512570",0.22297745662153,0.386399173534108,0.279231877679646,0.107167295854461,0.163421716912577,0.056254421058116
"512675",0.0852915865426591,0.157685257624123,0.11119449386668,0.046490763757443,0.0723936710814638,0.0259029073240209
"260921",0.130868917024984,0.194052582828035,0.154766888922846,0.0392856939051887,0.063183665803051,0.0238979718978623
"141301",0.274243393530514,0.281680458312654,0.27639610880308,0.00528434950957335,0.00743706478214001,0.00215271527256666
"456878",0.0816841032003179,0.16104639734888,0.109452170768043,0.0515942265808368,0.0793622941485624,0.0277680675677256
"134192",0.0681317230239582,0.192354687537418,0.110438028067653,0.0819166594697642,0.124222964513459,0.0423063050436951
"77707",0.0139475285397939,0.123643400937599,0.0449432209917163,0.0787001799458829,0.109695872397805,0.0309956924519224
"360360",0.0302293258522206,0.131261131689344,0.0619971327434697,0.0692639989458742,0.101031805837123,0.0317678068912491
"480588",0.10102860315861,0.0863797167486479,0.095491134301164,-0.00911141755251614,-0.0146488864099624,-0.00553746885744621
"297226",0.053929922834799,0.172500046439715,0.0937221746604626,0.078777871779252,0.118570123604915,0.0397922518256635
"372722",0.0377553368771289,0.0979229799778882,0.0569946833815005,0.0409282965963877,0.0601676431007593,0.0192393465043716
"231690",0.177002470307916,0.207411846975619,0.188897160371054,0.018514686604565,0.0304093766677032,0.0118946900631381
"449679",0.120018459174188,0.147331726131485,0.129930432458833,0.0174012936726519,0.0273132669572974,0.00991197328464549
"256759",1.27751802262167,0.305486257309993,0.866257829319245,-0.560771572009252,-0.972031765311677,-0.411260193302425
"257737",0.00412219143486981,0.11379050197098,0.0330257616366522,0.0807647403343279,0.10966831053611,0.0289035702017824
"169685",0.102644536146121,0.205917550907768,0.139890829292049,0.0660267216157188,0.103273014761647,0.0372462931459281
"18852",0.0383799753955619,0.0998695879433494,0.0578212663683957,0.0420483215749537,0.0614896125477875,0.0194412909728338
"380576",0.197467815708455,0.251330725636867,0.21695695756446,0.0343737680724066,0.0538629099284123,0.0194891418560056
"279501",0.153638524663296,0.282071899991573,0.199151935040061,0.0829199649515117,0.128433375328277,0.0455134103767649
"500364",0.0565733352104391,0.193363577162137,0.10272811032641,0.0906354668357273,0.136790241951698,0.0461547751159705
"540886",0.313445327020352,0.198988100703823,0.267552057748399,-0.0685639570445756,-0.114457226316529,-0.0458932692719529
"194711",0.212045822493967,0.163974647219543,0.193307777056666,-0.0293331298371233,-0.0480711752744244,-0.0187380454373011
"310061",0.0222610210661599,0.124217581442241,0.0533093671416339,0.0709082143006075,0.101956560376082,0.031048346075474
"415216",0.284048491022013,0.196495626091772,0.24938062969437,-0.052885003602598,-0.0875528649302413,-0.0346678613276433
"512899",0.0514310246678519,0.154838213528561,0.0856992331533238,0.0691389803752369,0.103407188860709,0.034268208485472
"88628",0.0489112453301089,0.158576115182442,0.0861858050648033,0.0723903101176391,0.109664869852334,0.0372745597346944
"428555",0.341241838764295,0.401814970991731,0.3627104247672,0.0391045462245307,0.0605731322274365,0.0214685860029058
"293154",0.213154431571001,0.198153241244246,0.207468207723483,-0.00931496647923663,-0.0150011903267551,-0.00568622384751846
"493486",0.169979998351194,0.114643560372169,0.148231683492259,-0.0335881231200901,-0.055336437979026,-0.0217483148589359
"11674",0.023005176006589,0.0958270326036489,0.0446665864562165,0.0511604461474324,0.0728218565970598,0.0216614104496275
"238512",0.0645921474290412,0.12354764738124,0.0846195151870214,0.0389281321942189,0.0589554999521991,0.0200273677579803
"139221",0.0507443957390099,0.160390573195869,0.0874984426332787,0.0728921305625898,0.109646177456859,0.0367540468942688
"506469",0.190910213014429,0.274470170832033,0.221761371410107,0.0527087994219259,0.0835599578176036,0.0308511583956777
"62914",0.0369689869707497,0.080635739136618,0.0506481000734688,0.0299876390631491,0.0436667521658683,0.0136791131027192
"379284",0.210370906497052,0.219455843380056,0.213765305722768,0.00569053765728772,0.00908493688300363,0.00339439922571591
"147363",0.265722550947624,0.228236059429932,0.250945030187216,-0.0227089707572835,-0.0374864915176914,-0.0147775207604079
"37",0.0629278694010018,0.148389060697052,0.0926377856719461,0.0557512750251055,0.0854611912960498,0.0297099162709443
"234643",0.0246425776554797,0.0964155948587912,0.0464636553436433,0.0499519395151479,0.0717730172033115,0.0218210776881636
"166452",0.163552816092098,0.147629374323407,0.157380043489195,-0.00975066916578854,-0.0159234417686913,-0.00617277260290278
"205069",0.237120351489444,0.290246004501453,0.25667436588684,0.0335716386146126,0.0531256530120086,0.019554014397396
"512672",0.0571458926283523,0.154076480303683,0.0918202068164818,0.0622562734872013,0.0969305876753308,0.0346743141881295
"94034",0.147587809510129,0.237096679325494,0.179921616329338,0.0571750629961559,0.0895088698153654,0.0323338068192095
"415759",0.420396128255673,0.211984512389159,0.334221743054516,-0.122237230665357,-0.208411615866514,-0.086174385201157
"256607",0.0543166441202647,0.138857466548159,0.0818792814607896,0.0569781850873692,0.0845408224278941,0.0275626373405249
"63621",0.11342261370087,0.154599515154169,0.128256184374852,0.0263433307793163,0.0411769014532989,0.0148335706739825
"58729",0.0536858922741686,0.154777886320745,0.0879899051850482,0.0667879811356963,0.101091994046576,0.0343040129108796
"397118",0.0739401881005709,0.147047568076644,0.0989393944727307,0.0481081736039129,0.0731073799760728,0.0249992063721598
"306760",0.0399171939316261,0.125668886628067,0.0680548655437787,0.0576140210842886,0.0857516926964413,0.0281376716121527
"254539",0.0329245077490213,0.100021650648052,0.055381062311001,0.0446405883370505,0.0670971428990303,0.0224565545619797
"240604",0.222977442807096,0.36472472760511,0.272368248649759,0.0923564789553509,0.141747284798014,0.0493908058426634
"195001",0.083276420478023,0.162164435151257,0.111806071583768,0.0503583635674887,0.078888014673234,0.0285296511057453
"552437",0.0465229541931774,0.0826515167170987,0.0578384431123161,0.0248130736047826,0.0361285625239213,0.0113154889191387
"140780",0.0403113489787913,0.155730453665555,0.0791647857729233,0.0765656678926315,0.115419104686763,0.038853436794132
"196928",0.291746078537615,0.249890984041786,0.275182020248636,-0.0252910362068497,-0.0418550944958295,-0.0165640582889798
"261771",0.0787242197613198,0.22360580535962,0.12890135963865,0.0947044457209698,0.1448815855983,0.0501771398773304
"329429",6.20462924931004,0.102076855991953,6.20462924931004,-6.10255239331809,-6.10255239331809,0
"21951",0.0213502794226091,0.0965469490024112,0.0447425326256334,0.0518044163767778,0.075196669579802,0.0233922532030243
"249928",0.109793838025282,0.150856322012977,0.124951579874468,0.0259047421385089,0.0410624839876954,0.0151577418491865
"77809",0.104496429266634,0.116421608963656,0.108952540825776,0.00746906813787949,0.0119251796970216,0.00445611155914212
"61230",0.102051477499545,0.191907901016274,0.133720926007722,0.0581869750085515,0.0898564235167286,0.0316694485081771
"454207",0.333947528527157,0.302917322867087,0.321968890350175,-0.0190515674830874,-0.0310302056600698,-0.0119786381769824
"462411",0.258197580693624,0.182962709818491,0.228720745949521,-0.0457580361310291,-0.0752348708751322,-0.0294768347441031
"529120",0.0446909291245602,0.0850107835340855,0.0579488007086914,0.0270619828253941,0.0403198544095252,0.0132578715841312
"129776",0.0268117009483543,0.109399028138298,0.0518003230668614,0.0575987050714362,0.0825873271899434,0.0249886221185071
"323516",0.100229569577518,0.209195677513726,0.136817622146565,0.0723780553671602,0.108966107936208,0.0365880525690475
"56077",0.476319358099356,0.327278483810683,0.416885545188653,-0.0896070613779701,-0.149040874288673,-0.0594338129107034
"219779",0.0453281872575668,0.0862939728571607,0.0586735238633342,0.0276204489938266,0.0409657855995939,0.0133453366057673
"30224",0.0522132993465637,0.134942660072745,0.0799468714488116,0.0549957886239335,0.0827293607261815,0.0277335721022479
"114148",0.252209093653368,0.0760664879819734,0.174649450847372,-0.0985829628653983,-0.176142605671395,-0.0775596428059964
"183414",0.0278412451783199,0.0932774590226443,0.0482909753578575,0.0449864836647868,0.0654362138443245,0.0204497301795377
"339798",0.10719671837011,0.241253066175191,0.15384751159923,0.0874055545759617,0.134056347805081,0.0466507932291193
"86324",0.0776768101931366,0.153182089958623,0.104248593425788,0.0489334965328356,0.0755052797654864,0.0265717832326509
"40781",0.404119364653588,0.221428544378019,0.329662920634958,-0.108234376256939,-0.182690820275569,-0.07445644401863
"229615",0.208510008405977,0.156783166464321,0.188408691501832,-0.0316255250375113,-0.0517268419416563,-0.0201013169041449
"481837",0.00757371062359878,0.122916812814223,0.0412167923001566,0.0817000205140665,0.115343102190624,0.0336430816765578
"27139",0.28336482933885,0.278162483879847,0.281425311560911,-0.00326282768106406,-0.00520234545900211,-0.00193951777793805
"20892",0.0437355474355511,0.153345860413029,0.0792789147938023,0.0740669456192263,0.109610312977477,0.0355433673582512
"225056",0.053000253203941,0.194230987017259,0.100260817566242,0.0939701694510175,0.141230733813318,0.0472605643623007
"226186",0.242472743180717,0.22641890252727,0.236463170303618,-0.010044267776348,-0.0160538406534461,-0.00600957287709811
"29658",0.0143074167033075,0.0876260882542217,0.0353849758502362,0.0522411124039855,0.0733186715509141,0.0210775591469287
"148698",0.20154608545607,0.142720025356199,0.178186945975979,-0.0354669206197798,-0.0588260600998712,-0.0233591394800914
"301049",0.0511206689987201,0.138574938994574,0.0799620396791369,0.0586128993154369,0.0874542699958536,0.0288413706804167
"211159",0.852068339192709,0.520604916126392,0.725595454053558,-0.204990537927166,-0.331463423066317,-0.12647288513915
"549079",0.303372767213039,0.402458192308646,0.340203664847947,0.0622545274606987,0.0990854250956062,0.0368308976349075
"196647",0.0684471775964108,0.133334488735566,0.0895278739954833,0.0438066147400827,0.0648873111391552,0.0210806963990725
"159736",0.0600460313698726,0.144311929540297,0.0885353192502777,0.0557766102900195,0.0842658981704246,0.0284892878804051
"461421",0.292895198584131,0.299670675616585,0.295416661264679,0.00425401435190531,0.00677547703245401,0.0025214626805487
"160660",0.355271895634557,0.168556510366828,0.277737272200688,-0.10918076183386,-0.186715385267729,-0.0775346234338692
"446890",0.0230482653895933,0.10712403715296,0.048545487385765,0.0585785497671946,0.0840757717633664,0.0254972219961717
"312391",0.107069877594137,0.15629757050955,0.124897136966751,0.0314004335427985,0.0492276929154127,0.0178272593726142
"76947",0.036805857502512,0.126012200157602,0.0657102382445376,0.0603019619130646,0.0892063426550902,0.0289043807420256
"63766",0.0362575119090804,0.151386558901293,0.0735631713535116,0.0778233875477817,0.115129046992213,0.0373056594444313
"50975",0.0402101613618458,0.133501087572503,0.0705483980428078,0.0629526895296955,0.0932909262106575,0.030338236680962
"461456",0.231414349172924,0.253795639220528,0.239725755625811,0.0140698835947176,0.0223812900476038,0.00831140645288625
"145622",0.134277286784064,0.27549240395379,0.182559181268337,0.0929332226854539,0.141215117169726,0.0482818944842725
"32842",0.393983780548824,0.216018909455936,0.322868037909421,-0.106849128453485,-0.177964871092887,-0.0711157426394027
"381457",0.0858524190728523,0.23823779925564,0.138315988061249,0.0999218111943914,0.152385380182788,0.0524635689883964
"373650",0.147319869009223,0.225613584517213,0.175041883741322,0.0505717007758913,0.0782937155079907,0.0277220147320994
"495064",0.0861674678565285,0.21619604718926,0.130071272793106,0.0861247743961541,0.130028579332732,0.0439038049365776
"308767",0.143349249307091,0.18353599449544,0.15805602921135,0.0254799652840906,0.0401867451883487,0.0147067799042581
"411626",0.12984203080978,0.172099731805755,0.145747657819303,0.0263520739864514,0.0422577009959747,0.0159056270095233
"460878",0.135020751957967,0.186297752309169,0.153542068305718,0.0327556840034509,0.0512770003512016,0.0185213163477506
"235979",0.498773086923256,0.199767440521534,0.375125313301126,-0.175357872779592,-0.299005646401722,-0.12364777362213
"447048",0.116519755865768,0.164768865372989,0.134175889393225,0.0305929759797632,0.0482491095072209,0.0176561335274576
"177152",0.128834968151952,0.183097105885137,0.148459094675823,0.0346380112093139,0.0542621377331852,0.0196241265238713
"189790",0.21696942820925,0.214893626571943,0.216180816296119,-0.00128718972417571,-0.00207580163730672,-0.00078861191313101
"154205",1.00864763249538,0.484486164419728,0.771778801705278,-0.28729263728555,-0.524161468075647,-0.236868830790098
"551420",0.520473230735338,0.316655987915916,0.441471350328912,-0.124815362412996,-0.203817242819422,-0.079001880406426
"178155",0.0680691690156002,0.110526019752335,0.0829134384413186,0.0276125813110165,0.0424568507367348,0.0148442694257184
"175355",0.0558808114220518,0.146471105198117,0.0869621375296046,0.059508967668512,0.0905902937760649,0.0310813261075529
"379739",0.846326476685901,0.302775780224095,0.574063811246428,-0.271288031022334,-0.543550696461807,-0.272262665439473
"544280",0.04970510324213,0.129515260481954,0.0756175707510472,0.0538976897309066,0.0798101572398238,0.0259124675089172
"511770",0.0436424512321022,0.0869175833970948,0.0579261089913627,0.028991474405732,0.0432751321649926,0.0142836577592605
"4123",0.435080696910391,0.330589193102642,0.39451845074619,-0.0639292576435482,-0.104491503807749,-0.0405622461642009
"126636",0.337572067050189,0.347670854827289,0.341556296898311,0.00611455792897747,0.0100987877771001,0.00398422984812263
"77357",0.0743253644492913,0.15843282328511,0.104263114191294,0.0541697090938155,0.0841074588358183,0.0299377497420028
"559812",0.223797445238841,0.18798077004959,0.210107333813822,-0.0221265637642321,-0.0358166751892505,-0.0136901114250184
"187165",0.163784504783987,0.165035783687176,0.164376684226264,0.000659099460911805,0.00125127890318902,0.000592179442277213
"328778",0.0595775286711523,0.106981368015163,0.0759464732212498,0.0310348947939135,0.047403839344011,0.0163689445500975
"341519",0.0899085840772642,0.17922757656859,0.121131660237919,0.0580959163306704,0.0893189924913256,0.0312230761606552
"492697",0.0648996786269023,0.1495661161551,0.0948633667630862,0.0547027493920139,0.0846664375281978,0.0299636881361839
"392498",0.130242530985483,0.0860885203410235,0.112810804967218,-0.0267222846261944,-0.0441540106444598,-0.0174317260182654
"396369",0.0759086210344923,0.162832589590865,0.105927743931615,0.05690484565925,0.086923968556373,0.0300191228971231
"95042",0.242473835910007,0.275298864930016,0.255102911016032,0.0201959539139837,0.0328250290200095,0.0126290751060259
"359921",0.306881516268042,0.33787707628124,0.318605409481947,0.0192716667992928,0.0309955600131973,0.0117238932139045
"120465",0.176441122243691,0.206525679570617,0.187681689679403,0.0188439898912144,0.0300845573269264,0.0112405674357119
"371163",0.130996634927777,0.20511922331958,0.157440414732858,0.0476788085867226,0.0741225883918034,0.0264437798050808
"3165",0.265490525984773,0.126738178852933,0.207894739727701,-0.0811565608747687,-0.13875234713184,-0.0575957862570717
"108125",0.0936696358196456,0.202406263445604,0.131447449959531,0.0709588134860731,0.108736627625959,0.0377778141398854
"407717",0.431907194244423,0.168706446166078,0.320259043924017,-0.151552597757939,-0.263200748078345,-0.111648150320406
"500105",0.107360770015251,0.124787098522172,0.113808359171059,0.010978739351113,0.0174263285069216,0.00644758915580862
"42000",0.108242039954677,0.152045127664704,0.124188207749994,0.0278569199147101,0.0438030877100268,0.0159461677953167
"536898",0.0451495182043498,0.148904531645479,0.0793328442112777,0.0695716874342012,0.103755013441129,0.0341833260069279
"417535",0.172242769987908,0.337838361392773,0.228593675014598,0.109244686378175,0.165595591404865,0.0563509050266899
"424070",0.223568269218334,0.218170321195699,0.221480904593638,-0.00331058339793891,-0.00539794802263513,-0.00208736462469622
"311911",0.332794223785659,0.418177270389662,0.363080792477023,0.0550964779126393,0.0853830466040033,0.030286568691364
"466750",0.318846726875608,0.280272371377396,0.304134700382837,-0.0238623290054414,-0.0385743554982118,-0.0147120264927704
"430943",0.0438500592561659,0.113114665970526,0.0664836856305061,0.0466309803400202,0.0692646067143604,0.0226336263743402
"139456",0.392348329931205,0.366875101230339,0.382181201482606,-0.0153061002522679,-0.0254732287008664,-0.0101671284485985
"517700",0.0286471584783048,0.143057639268695,0.0644820652383205,0.0785755740303744,0.11441048079039,0.0358349067600157
"20143",0.0712035510542624,0.175180209704294,0.107016802037805,0.0681634076664895,0.103976658650032,0.0358132509835425
"123436",0.0847017604931115,0.209744216357648,0.127230940923452,0.0825132754341963,0.125042455864536,0.0425291804303402
"357112",0.068360982826692,0.10135771641011,0.0799268649824388,0.0214308514276711,0.0329967335834178,0.0115658821557467
"500085",0.326817457428487,0.212260025903804,0.281730890252885,-0.0694708643490811,-0.114557431524682,-0.0450865671756013
"469161",0.0177176976393758,0.115965143119731,0.0484325612889831,0.067532581830748,0.0982474454803552,0.0307148636496073
"455594",0.0739322850174794,0.118091240426922,0.0895559017894795,0.028535338637442,0.0441589554094422,0.0156236167720002
"196478",0.0318779315101852,0.131823574343642,0.0639934913433958,0.067830083000246,0.0999456428334565,0.0321155598332105
"83650",0.0383412382138763,0.10454475766874,0.0592677698360594,0.0452769878326803,0.0662035194548634,0.0209265316221831
"310233",0.367919389426538,0.152333830356877,0.27667221680192,-0.124338386445044,-0.215585559069661,-0.0912471726246173
"170362",0.15399529263829,0.217181007978065,0.177666376181569,0.0395146317964963,0.0631857153397747,0.0236710835432784
"7018",0.323708715912715,0.231986033700241,0.288225375669985,-0.0562393419697443,-0.0917226822124738,-0.0354833402427296
"531667",0.0246858434954479,0.11445245421176,0.0518341819677232,0.0626182722440372,0.0897666107163125,0.0271483384722753
"328510",0.187051239483394,0.0726756897462758,0.138596819722783,-0.0659211299765068,-0.114375549737118,-0.0484544197606111
"82398",0.0273036684502236,0.118592192294401,0.0556128263465856,0.062979365947815,0.091288523844177,0.028309157896362
"285821",0.274353436732997,0.376381492072599,0.312035068549346,0.0643464235232533,0.102028055339602,0.0376816318163486
"367887",0.710432428998669,0.323378484252896,0.554859234445278,-0.231480750192382,-0.387053944745774,-0.155573194553391
"259953",0.0303779836674159,0.114655493151179,0.0575134849951348,0.0571420081560439,0.0842775094837628,0.0271355013277189
"94011",0.0964474467901201,0.157190344231081,0.118637808350228,0.0385525358808531,0.0607428974409609,0.0221903615601078
"187219",0.032831392153259,0.181493001807091,0.0789205448074873,0.102572456999604,0.148661609653832,0.0460891526542283
"9421",0.0503724024192297,0.163857109476873,0.0875270559076309,0.0763300535692422,0.113484707057643,0.0371546534884012
"557824",0.142257923611927,0.159434601286903,0.14860234276573,0.0108322585211728,0.0171766776749763,0.00634441915380349
"430947",0.394745279590732,0.282264039372841,0.350372094868358,-0.0681080554955174,-0.112481240217892,-0.0443731847223741
"484447",0.0861278530624877,0.191751667677151,0.123283202960015,0.0684684647171367,0.105623814614664,0.0371553498975269
"432167",0.10155861052871,0.126048438747895,0.110435394052841,0.0156130446950543,0.0244898282191849,0.00887678352413053
"575997",0.0793179321744975,0.121974356838576,0.0940956712128305,0.0278786856257457,0.0426564246640787,0.014777739038333
"22870",0.0355689923696805,0.122174109669419,0.0632949088340208,0.0588792008353981,0.0866051172997383,0.0277259164643403
"426904",0.0355030548650762,0.144653398824078,0.0706382360574658,0.0740151627666119,0.109150343959002,0.0351351811923896
"123551",0.0423687624084685,0.178113727191493,0.0861535216440657,0.0919602055474276,0.135744964783025,0.0437847592355973
"184526",0.00766864534656918,0.0896476233994712,0.0288064935925557,0.0608411298069155,0.081978978052902,0.0211378482459865
"373278",1.1639903786096,0.396188515825275,0.853299036849945,-0.45711052102467,-0.767801862784324,-0.310691341759654
"116998",0.0418899301900593,0.204030402492082,0.0940519439858288,0.109978458506253,0.162140472302022,0.0521620137957695
"178029",0.0342706741553258,0.0897791438278392,0.0526544546030003,0.037124689224839,0.0555084696725134,0.0183837804476744
"184905",0.135819552449947,0.184422971859058,0.153566372890689,0.0308565989683693,0.0486034194091113,0.017746820440742
"42508",0.200977455741508,0.269069318542332,0.225828425202557,0.0432408933397752,0.0680918628008238,0.0248509694610486
"413747",0.211919982308452,0.27962125799066,0.237128470535478,0.0424927874551816,0.0677012756822084,0.0252084882270268
"19601",0.148620964949547,0.290303172449306,0.199206660222502,0.0910965122268036,0.141682207499758,0.0505856952729546
"552191",0.253781304660464,0.193358652186355,0.230023738661404,-0.0366650864750486,-0.0604226524741086,-0.02375756599906
"533706",0.115612728114159,0.16448485825934,0.133092433811211,0.0313924244481281,0.0488721301451809,0.0174797056970528
"312930",0.0474547706140355,0.150143103402411,0.0811218514867293,0.0690212519156821,0.102688332788376,0.0336670808726939
"77166",0.132051623100617,0.166779584724056,0.144946805750191,0.0218327789738645,0.034727961623439,0.0128951826495745
"279206",0.0223694006004393,0.103063449622601,0.0463347778337924,0.0567286717888083,0.0806940490221614,0.0239653772333531
"518007",0.244817907383006,0.210699318071683,0.231641884151787,-0.0209425660801032,-0.0341185893113231,-0.0131760232312199
"120426",0.0448632764773141,0.119137409277675,0.0699738886829633,0.0491635205947114,0.0742741328003606,0.0251106122056492
"159686",0.159424930182579,0.199960017936388,0.174975873114858,0.0249841448215306,0.0405350877538094,0.0155509429322788
"499765",0.059417726663357,0.224382305486101,0.113791154884269,0.110591150601832,0.164964578822744,0.0543734282209123
"147442",0.348527735683501,0.193204628364555,0.286183016268912,-0.0929783879043571,-0.155323107318945,-0.0623447194145883
"468963",0.0518290368185685,0.144339548535087,0.0837846662990754,0.0605548822360119,0.0925105117165187,0.0319556294805069
"308247",0.14543383445,0.251445982795072,0.183431828175331,0.0680141546197409,0.106012148345072,0.0379979937253306
"91115",0.127884359042565,0.238880608262752,0.167655124788004,0.0712254834747486,0.110996249220187,0.0397707657454388
"438034",0.0476696883801055,0.124424178500285,0.0734782019547375,0.0509459765455472,0.0767544901201791,0.025808513574632
"108673",0.0567631720682029,0.200631768690739,0.105152032330725,0.0954797363600136,0.143868596622536,0.0483888602625221
"182912",0.0275338526866665,0.143194458428733,0.0643737171373355,0.0788207412913979,0.115660605742067,0.036839864450669
"25852",0.0129620782374569,0.0762335605326262,0.0300176213913139,0.0462159391413123,0.0632714822951693,0.0170555431538571
"236188",0.251886149271598,0.313038216704914,0.275313692639582,0.0377245240653312,0.0611520674333152,0.023427543367984
"178856",0.142486924529591,0.203448626653601,0.164799962711546,0.0386486639420552,0.0609617021240101,0.0223130381819549
"546696",0.164627988142314,0.214498576854501,0.18298271395805,0.0315158628964512,0.0498705887121869,0.0183547258157357
"205096",0.312979401746446,0.29905530844159,0.305527481513413,-0.0064721730718233,-0.0139240933048566,-0.00745192023303326
"463389",0.168742591618579,0.29581059232479,0.215010660680757,0.0807999316440328,0.127068000706211,0.0462680690621786
"431456",0.0501169158791741,0.169822035388044,0.0899603959998018,0.0798616393882419,0.11970511950887,0.0398434801206277
"234807",0.0558321436712768,0.161611933829719,0.0908989423671206,0.0707129914625988,0.105779790158443,0.0350667986958438
"429601",0.186636574094911,0.145103328043888,0.170337696354894,-0.0252343683110055,-0.0415332460510221,-0.0162988777400166
"292279",0.20386493956533,0.259403715151834,0.226054943127516,0.0333487720243188,0.0555387755865046,0.0221900035621859
"178462",1.20853716876592,0.153148394815824,1.20853716876592,-1.05538877395009,-1.05538877395009,0
"173947",0.208559328507443,0.147674507827021,0.183712544076743,-0.0360380362497222,-0.0608848206804226,-0.0248467844307004
"435566",0.084338852041782,0.219815301739033,0.130927666016308,0.0888876357227248,0.135476449697251,0.046588813974526
"145139",0.177176571687346,0.290177449498641,0.218034662814555,0.0721427866840856,0.113000877811295,0.0408580911272092
"356765",0.162885556391023,0.175717821396079,0.168102582349465,0.00761523904661354,0.0128322650050554,0.0052170259584419
"362086",0.113220173497456,0.259836676694187,0.162835282380217,0.0970013943139703,0.146616503196731,0.0496151088827609
"87082",0.0580290552046806,0.189551366913428,0.101952290002505,0.0875990769109234,0.131522311708748,0.0439232347978243
"39702",0.130123143417669,0.231092011585069,0.167288811056278,0.0638032005287917,0.1009688681674,0.0371656676386085
"321938",0.116446647119886,0.258623187768036,0.16614876525961,0.0924744225084253,0.14217654064815,0.0497021181397243
"11913",0.17099224491688,0.1581786867522,0.16613559373803,-0.00795690698582965,-0.01281355816468,-0.00485665117885037
"11571",0.188673407174107,0.24232731625883,0.20827033452728,0.0340569817315497,0.0536539090847228,0.0195969273531731
"358743",0.987954580037901,0.395626501640376,0.708999698390327,-0.313373196749951,-0.592328078397525,-0.278954881647574
"236627",0.217026967051124,0.146317073507703,0.189331168943039,-0.0430140954353353,-0.0707098935434204,-0.0276957981080852
"201714",0.264581682060236,0.0990877114113781,0.19404685549454,-0.0949591440831622,-0.165493970648858,-0.070534826565696
"546860",0.328422249894268,0.123046135512017,0.240263154486579,-0.117217018974562,-0.205376114382251,-0.088159095407689
"163607",0.13738825872433,0.177189067898405,0.152306321590039,0.0248827463083658,0.0398008091740751,0.0149180628657093
"340411",0.247870627852249,0.311363717279492,0.273304532870529,0.0380591844089629,0.0634930894272432,0.0254339050182802
"382958",6.04116929249018,1.11775694384745,2.92553242828436,-1.80777548443691,-4.92341234864273,-3.11563686420582
"54706",0.0121124591131224,0.0961628048272908,0.0352403132102049,0.0609224916170858,0.0840503457141683,0.0231278540970825
"40472",0.0348598527467642,0.075951066094801,0.0476427762171263,0.0283082898776748,0.0410912133480369,0.0127829234703621
"538260",0.197469101011929,0.199798893304626,0.198248342020899,0.00155055128372783,0.00232979229269772,0.000779241008969894
"291619",0.0406668135903633,0.172314232469245,0.0841807757331383,0.0881334567361064,0.131647418878881,0.043513962142775
"216091",0.0392253288523193,0.0923241972414998,0.0563921531649849,0.0359320440765149,0.0530988683891805,0.0171668243126656
"9286",0.127566077366069,0.124389002182786,0.126353770782285,-0.00196476859949914,-0.00317707518328227,-0.00121230658378313
"261909",0.0681436717160885,0.137224780973355,0.0916336035812916,0.0455911773920639,0.069081109257267,0.0234899318652031
"454549",0.207653953681647,0.279992929078403,0.234577108306616,0.0454158207717877,0.0723389753967558,0.0269231546249681
"544295",0.073127419346097,0.175603343390947,0.108385239404959,0.0672181039859873,0.10247592404485,0.0352578200588624
"139501",0.0685918399235222,0.162613807606869,0.0999507463248781,0.0626630612819911,0.0940219676833471,0.0313589064013559
"135069",1.69414522686382,0.435638856303657,1.023995293312,-0.588356437008346,-1.25850637056016,-0.670149933551813
"139822",0.129320094711969,0.1716538206175,0.144671368119394,0.0269824524981061,0.0423337259055309,0.0153512734074248
"113841",0.197230429837348,0.128907889272065,0.171127589295282,-0.0422197000232179,-0.068322540565283,-0.0261028405420651
"365425",0.15277867007625,0.246909143022452,0.187192423579893,0.0597167194425584,0.0941304729462012,0.0344137535036429
"294155",0.117044589081551,0.276702182846249,0.172062419990006,0.104639762856243,0.159657593764698,0.0550178309084549
"467800",0.158246709267877,0.140312053522942,0.151322841488959,-0.0110107879660167,-0.0179346557449354,-0.00692386777891865
"508485",0.0892698796986183,0.221538741856283,0.135507301999623,0.0860314398566601,0.132268862157665,0.0462374223010048
"7094",0.128216940651729,0.129234331418732,0.128697410973688,0.000536920445043942,0.0010173907670023,0.000480470321958359
"30818",0.0541084598913978,0.129907908699885,0.0794472289171294,0.0504606797827555,0.0757994488084871,0.0253387690257316
"530135",0.0773517339128414,0.127321605179002,0.0951517327622018,0.0321698724168004,0.0499698712661609,0.0177999988493605
"233967",0.042598535411951,0.099144291435716,0.0609344516910745,0.0382098397446416,0.0565457560237651,0.0183359162791235
"199468",0.319996321091465,0.144125719810765,0.246800235683658,-0.102674515872893,-0.1758706012807,-0.0731960854078073
"178313",0.0282281424671059,0.161835030031724,0.0702117027893737,0.0916233272423498,0.133606887564618,0.0419835603222679
"262172",0.134918522296895,0.2267465840833,0.168458645469373,0.0582879386139269,0.0918280617864048,0.033540123172478
"309142",0.0603839920546253,0.187857041806298,0.102264457389984,0.0855925844163133,0.127473049751672,0.0418804653353589
"508257",0.0787262634691234,0.172573065189133,0.111116203829714,0.0614568613594195,0.0938468017200097,0.0323899403605901
"312739",0.315056601237361,0.170104817318267,0.256557334811273,-0.0864525174930055,-0.144951783919094,-0.0584992664260881
"323044",0.111068059775385,0.17733002146558,0.135103289383986,0.0422267320815938,0.0662619616901951,0.0240352296086013
"517518",0.18628675850094,0.164828832779948,0.178126569091593,-0.0132977363116447,-0.0214579257209918,-0.00816018940934704
"577673",0.138070632318267,0.271188936378022,0.186651548679169,0.0845373876988529,0.133118304059755,0.0485809163609016
"218840",0.800642157978923,0.536314305622299,0.679896236184339,-0.14358193056204,-0.264327852356624,-0.120745921794584
"200908",0.0577731871363142,0.158118136611927,0.0917419334685926,0.0663762031433349,0.100344949475613,0.0339687463322784
"373681",0.204099091504125,0.177582541917627,0.193727762741411,-0.016145220823784,-0.0265165495864977,-0.0103713287627137
"336764",0.119234166667015,0.18731053131818,0.143179093147499,0.0441314381706814,0.0680763646511656,0.0239449264804842
"67669",0.0708524222082209,0.0914696836450593,0.0781895407240376,0.0132801429210217,0.0206172614368384,0.00733711851581675
"297830",0.1923017111516,0.252639478260119,0.21397578895812,0.0386636893019993,0.0603377671085194,0.0216740778065201
"50309",0.0694760392626801,0.19870052535291,0.112534955454263,0.0861655698986477,0.12922448609023,0.0430589161915825
"395390",0.259408627384771,0.341647706036192,0.291170492071826,0.0504772139643657,0.0822390786514201,0.0317618646870544
"382951",0.127941796652603,0.145491706257035,0.134555172782889,0.010936533474146,0.017549909604432,0.00661337613028606
"340606",0.643612379098119,0.352092889900885,0.531461803407044,-0.179368913506159,-0.291519489197234,-0.112150575691075
"442764",0.15618835193069,0.155748488696493,0.156075158776849,-0.000326670080356695,-0.000439863234197202,-0.000113193153840507
"344217",0.0857866847860178,0.15451801417621,0.109754834360154,0.0447631798160564,0.0687313293901926,0.0239681495741362
"356612",0.184794617818441,0.154408596882352,0.173044096413717,-0.0186354995313653,-0.0303860209360885,-0.0117505214047232
"19284",0.0186438311262539,0.147575728460392,0.0572424263740285,0.0903333020863633,0.128931897334138,0.0385985952477746
"150976",0.417138089581615,0.326239266858038,0.381521115854037,-0.0552818489959983,-0.0908988227235765,-0.0356169737275782
"244802",0.194727564185835,0.32071576599532,0.240105332217625,0.0806104337776953,0.125988201809485,0.0453777680317894
"177723",0.142245373873659,0.207255981371876,0.165867938089621,0.0413880432822548,0.0650106074982174,0.0236225642159626
"387876",0.0663800944490916,0.08388347006333,0.0726265082552563,0.0112569618080738,0.0175033756142385,0.0062464138061647
"424535",0.161412783790781,0.253724435647502,0.194617107740732,0.0591073279067696,0.0923116518567205,0.0332043239499508
"161416",0.0373367522131564,0.0871517367736592,0.0534201091337641,0.0337316276398951,0.0498149845605028,0.0160833569206077
"521215",0.0332725526689284,0.131028987120092,0.0639984072865453,0.067030579833547,0.0977564344511639,0.0307258546176169
"332066",0.16980205056443,0.225387579051362,0.190419151009379,0.0349684280419828,0.0555855284869319,0.0206171004449492
"273970",0.141732658406251,0.237131534236842,0.175911609482338,0.0612199247545036,0.0953988758305907,0.0341789510760871
"481021",0.0980343436845392,0.146029967649063,0.113797895862847,0.0322320717862158,0.0479956239645239,0.0157635521783081
"282841",0.105102870242362,0.108770117938375,0.107975869687422,0.000794248250953256,0.00366724769601322,0.00287299944505996
"101579",0.888169501391261,0.308386495674757,0.643380626100991,-0.334994130426234,-0.579783005716504,-0.24478887529027
"249963",0.0503834509529511,0.129119602227965,0.0768222750295458,0.052297327198419,0.0787361512750136,0.0264388240765946
"307934",0.393979991397864,0.247068444053712,0.33583425278811,-0.0887658087343977,-0.146911547344152,-0.0581457386097545
"23822",0.0977415998298472,0.133737815365439,0.110675503793309,0.0230623115721301,0.0359962155355916,0.0129339039634615
"571647",0.0727610324426471,0.213518968871252,0.121296649900958,0.0922223189702941,0.140757936428605,0.0485356174583109
"44959",0.0816316308351267,0.24597178036664,0.136537257839131,0.10943452252751,0.164340149531514,0.0549056270040039
"141033",0.104182368169725,0.173194231939256,0.128160149944336,0.04503408199492,0.0690118637695306,0.0239777817746106
"438884",0.0689270026152748,0.253470045213594,0.1308489929876,0.122621052225994,0.184543042598319,0.0619219903723249
"261346",0.0316627806731958,0.109395581915657,0.0558562740177619,0.0535393078978954,0.0777328012424616,0.0241934933445661
"113992",1.65565022346851,0.452865913970944,1.1094145089825,-0.656548595011559,-1.20278430949756,-0.546235714486006
"87280",0.133276213663413,0.307177196004883,0.193064855047946,0.114112340956937,0.173900982341471,0.0597886413845335
"138556",0.142819591481396,0.168527238387673,0.152409764122103,0.0161174742655698,0.0257076469062763,0.0095901726407065
"44964",0.579716576271108,0.498015233575749,0.549024778458447,-0.0510095448826976,-0.0817013426953583,-0.0306917978126607
"462021",0.158127775994971,0.199932848334757,0.173843885308746,0.026088963026011,0.0418050723397856,0.0157161093137746
"101722",0.0929211348481801,0.269024495964023,0.154701897852097,0.114322598111926,0.176103361115843,0.0617807630039167
"70201",0.151350004692852,0.206169561062527,0.171597594348853,0.0345719667136736,0.0548195563696752,0.0202475896560016
"121442",0.850965466910728,0.304907604853485,0.621742420275805,-0.316834815422319,-0.546057862057242,-0.229223046634923
"506182",0.0677451953850537,0.228073487975776,0.121681584493671,0.106391903482105,0.160328292590722,0.0539363891086169
"46021",0.410741353996719,0.472636888566087,0.432645703384722,0.0399911851813654,0.0618955345693687,0.0219043493880034
"403804",0.0654182115707318,0.151832735285508,0.0955852026039332,0.0562475326815751,0.0864145237147764,0.0301669910332013
"55629",0.0326366670249128,0.131878961201377,0.0637588699501764,0.0681200912512002,0.0992422941764638,0.0311222029252636
"397782",0.338044174678968,0.402262442254714,0.362412731532577,0.0398497107221366,0.0642182675757464,0.0243685568536098
"24856",0.382535207115824,0.310996446195494,0.354609257385864,-0.0436128111903701,-0.0715387609203302,-0.0279259497299601
"417054",0.155933091961629,0.220112630430246,0.178996637493685,0.0411159929365607,0.0641795384686166,0.023063545532056
"155571",0.340746167687723,0.206910249074341,0.2859071254716,-0.0789968763972592,-0.133835918613383,-0.0548390422161236
"131749",0.233715544900276,0.324795194721498,0.267539923004814,0.0572552717166833,0.0910796498212214,0.0338243781045381
"482147",0.026508264213428,0.094873557991596,0.0483150161521967,0.0465585418393994,0.0683652937781681,0.0218067519387687
"157473",0.0216777097647395,0.130027414938779,0.0550134447997312,0.0750139701390481,0.10834970517404,0.0333357350349916
"73540",0.53982284230256,0.311144483274998,0.418826651186339,-0.107682167911341,-0.228678359027561,-0.120996191116221
"250881",0.165527985400264,0.325370718229707,0.220188306939783,0.105182411289925,0.159842732829444,0.0546603215395192
"39035",0.0631550001234986,0.171396809269702,0.0990676624202699,0.0723291468494322,0.108241809146204,0.0359126622967713
"252052",0.0519718256138986,0.194277051326992,0.0996107174985408,0.0946663338284511,0.142305225713093,0.0476388918846421
"203013",0.0671574421251108,0.131371738959585,0.0891781690117864,0.0421935699477984,0.064214296834474,0.0220207268866756
"139630",0.209767397113381,0.144004861800891,0.18228881925675,-0.0382839574558588,-0.0657625353124894,-0.0274785778566306
"480617",0.371877874385157,0.333694476530916,0.356119373670911,-0.0224248971399951,-0.0381833978542408,-0.0157585007142457
"71728",0.088999365610789,0.11730662880065,0.0990882428284301,0.0182183859722195,0.0283072631898606,0.0100888772176411
"299933",0.0667789127157655,0.147015679036122,0.0940320003620749,0.0529836786740468,0.0802367663203562,0.0272530876463093
"529314",0.280268370375804,0.344097278542495,0.303592711371134,0.0405045671713614,0.0638289081666915,0.0233243409953301
"482010",0.29153872194026,0.20871771109045,0.258633095635158,-0.0499153845447084,-0.0828210108498103,-0.0329056263051019
"566491",0.412782966333671,0.383245933115972,0.401880233771375,-0.0186343006554025,-0.0295370332176984,-0.0109027325622959
"71613",0.0520789542167345,0.179243856018262,0.0933332262669035,0.0859106297513588,0.127164901801528,0.041254272050169
"485642",0.11892463394803,0.211089015186834,0.152285147484103,0.0588038677027306,0.0921643812388036,0.033360513536073
"49916",0.108407903291608,0.224881998465994,0.149275197028581,0.0756068014374129,0.116474095174386,0.0408672937369731
"15772",0.096989607850758,0.188663859165949,0.128408427167449,0.0602554319985005,0.0916742513151914,0.0314188193166909
"199745",0.157408254955915,0.231926300990131,0.184516349902669,0.0474099510874625,0.0745180460342168,0.0271080949467543
"122353",0.473231082099755,0.29826924209981,0.405564279277956,-0.107295037178145,-0.174961839999945,-0.0676668028217993
"381864",0.10948251749333,0.21953876654291,0.148938725159121,0.0706000413837889,0.11005624904958,0.0394562076657908
"308624",0.214891939579694,0.295120384459967,0.244467727033343,0.0506526574266243,0.0802284448802736,0.0295757874536492
"51748",0.24792072659463,0.215189480292837,0.235294259892047,-0.0201047795992102,-0.0327312463017932,-0.012626466702583
"294177",0.0765873206522361,0.116920313228329,0.090822131054724,0.0260981821736054,0.0403329925760934,0.0142348104024879
"493086",0.0519412210834109,0.18507125985257,0.0967540710342427,0.0883171888183275,0.133130038769159,0.0448128499508319
"65094",0.0195392347259957,0.124429456198135,0.0506666961842543,0.0737627600138806,0.104890221472139,0.0311274614582587
"85832",0.0871680226693308,0.218597599619136,0.132209810701299,0.0863877889178369,0.131429576949806,0.0450417880319686
"441065",0.0261838934541247,0.100050502478579,0.0499782069802906,0.0500722954982879,0.0738666090244538,0.0237943135261659
"362752",0.171842604525377,0.250257056073388,0.200405789837422,0.049851266235966,0.0784144515480114,0.0285631853120454
"138750",0.195733896203695,0.243189464029449,0.213233828459479,0.02995563556997,0.047455567825754,0.017499932255784
"115281",0.196050112897767,0.209075754088697,0.201018813250459,0.00805694083823871,0.0130256411909305,0.00496870035269176
"95068",0.13477111662593,0.163170611704545,0.145415684528164,0.0177549271763816,0.0283994950786157,0.0106445679022342
"327825",0.261459559793177,0.133702073326365,0.208556029233817,-0.0748539559074525,-0.127757486466813,-0.0529035305593601
"205055",0.0413646090950927,0.161768949985321,0.0802976090189156,0.0814713409664054,0.120404340890228,0.0389329999238228
"452626",0.0268346862642016,0.151171067925241,0.065232531676806,0.085938536248435,0.124336381661039,0.0383978454126044
"568450",0.345327515878581,0.286226604296419,0.32231270909957,-0.0360861048031505,-0.059100911582162,-0.0230148067790115
"258011",0.0468597892905526,0.0911156263934906,0.0615573003624902,0.0295583260310004,0.0442558371029379,0.0146975110719375
"133871",0.433483395932943,0.266689352649891,0.36808536468905,-0.101396012039159,-0.166794043283053,-0.0653980312438939
"22017",0.162162753194621,0.218327054044527,0.184631891975177,0.0336951620693501,0.056164300849906,0.0224691387805559
"208458",0.0497602472338796,0.105735219763631,0.0684125616244975,0.0373226581391336,0.0559749725297514,0.0186523143906178
"433481",0.782496669823789,0.429110552739725,0.615037190076549,-0.185926637336824,-0.353386117084064,-0.16745947974724
"474444",0.150558507103982,0.12304851199241,0.139890228075741,-0.0168417160833312,-0.0275099951115717,-0.0106682790282405
"568365",0.0159606437777532,0.0910003916841443,0.037016285201971,0.0539841064821734,0.0750397479063912,0.0210556414242178
"245621",0.12263767907076,0.235264558425323,0.163264185626319,0.0720003727990045,0.112626879354563,0.0406265065555583
"197906",1.10879312623886,0.453261266581382,0.806832418303688,-0.353571151722306,-0.655531859657477,-0.30196070793517
"372490",0.0632116136334826,0.14279753970304,0.0915721080598886,0.0512254316431517,0.0795859260695576,0.0283604944264059
"485183",0.146107830857653,0.259580242753743,0.184830400414579,0.0747498423391638,0.113472411896089,0.0387225695569256
"492738",0.141360517948127,0.158242705731725,0.147645689703001,0.0105970160287247,0.016882187783598,0.00628517175487334
"126300",0.0946384003636339,0.158689063293391,0.117121349734216,0.0415677135591744,0.0640506629297569,0.0224829493705826
"552780",0.149518306332065,0.257827066220894,0.188293941149692,0.0695331250712013,0.108308759888829,0.0387756348176277
"314887",0.450501384333369,0.147430107578816,0.319469171262129,-0.172039063683314,-0.303071276754553,-0.131032213071239
"77225",0.143066352203978,0.28780265417861,0.19443211036583,0.0933705438127803,0.144736301974632,0.0513657581618516
"98118",0.13533299542698,0.167857187673643,0.147456666103187,0.0204005215704559,0.0325241922466625,0.0121236706762066
"402839",0.110617673123563,0.105564322066043,0.108652708609793,-0.00308838654375003,-0.00505335105751951,-0.00196496451376948
"25331",0.215868522451115,0.139096808875443,0.184702958852468,-0.0456061499770256,-0.0767717135756722,-0.0311655635986467
"500816",0.0570631825381814,0.104241056630988,0.0730738566017844,0.0311672000292041,0.0471778740928071,0.016010674063603
"570798",0.202986740776489,0.169659377062551,0.190147380978634,-0.0204880039160838,-0.0333273637139386,-0.0128393597978548
"419658",0.0745797385332997,0.231587134221699,0.13030519870789,0.101281935513809,0.1570073956884,0.0557254601745906
"171499",0.17799640051828,0.0814340557398297,0.133173342946701,-0.0517392872068712,-0.0965623447784507,-0.0448230575715795
"169957",0.00371443259051596,0.0736287011011246,0.020263564726046,0.0533651363750787,0.0699142685106087,0.01654913213553
"258774",0.129238196774124,0.143085439524715,0.134366328450276,0.00871911107443912,0.0138472427505908,0.00512813167615164
"390151",0.118158291770585,0.131948411020772,0.123267809809692,0.00868060121108076,0.0137901192501869,0.0051095180391061
"160648",0.110069508375257,0.250745798876672,0.160160619284426,0.0905851795922464,0.140676290501415,0.0500911109091687
"412324",0.0633836545576488,0.169066570979099,0.0986874364923151,0.0703791344867835,0.10568291642145,0.0353037819346663
"37466",6.54115024280234,0.992808808828142,6.54115024280234,-5.5483414339742,-5.5483414339742,0
"418942",0.0147365014379602,0.1046054135247,0.041118379595348,0.0634870339293522,0.0898689120867399,0.0263818781573877
"332246",0.282559846185208,0.442287584035213,0.340791774500986,0.101495809534227,0.159727737850005,0.058231928315778
"257869",0.0745759006360818,0.238637659144048,0.13017928313504,0.108458376009007,0.164061758507966,0.0556033824989586
"523787",0.0410278558057195,0.138700284454906,0.0723157964846777,0.0663844879702283,0.0976724286491865,0.0312879406789582
"248690",0.0780881648988741,0.235836754182345,0.132113512731972,0.103723241450373,0.157748589283471,0.0540253478330983
"9941",0.0176789319953856,0.129740133419194,0.0515561008280046,0.0781840325911898,0.112061201423809,0.0338771688326189
"8012",0.0111411895608699,0.105184238935629,0.0378071786349897,0.0673770603006394,0.0940430493747592,0.0266659890741198
"33321",0.481833488062473,0.50948942196944,0.492096647261791,0.0173927747076491,0.0276559339069673,0.0102631591993182
"578091",0.0199988822998932,0.102472634983436,0.0449233523184192,0.0575492826650172,0.0824737526835433,0.024924470018526
"433276",0.037841490062755,0.131269215264262,0.067961271093567,0.0633079441706948,0.0934277252015068,0.030119781030812
"430746",0.0891658424532448,0.0949145215577459,0.091277581403148,0.00363694015459792,0.00574867910450112,0.0021117389499032
"441315",0.150806141321415,0.246782846372232,0.185022276861903,0.0617605695103289,0.0959767050508171,0.0342161355404882
"39577",0.131354279037249,0.206790590861248,0.159874269762846,0.0469163210984021,0.0754363118239988,0.0285199907255967
"209583",0.119922894879208,0.149199908155179,0.130880478159122,0.018319429996057,0.0292770132759708,0.0109575832799138
"292808",0.0773732518908694,0.186392916739869,0.115144542948524,0.0712483737913451,0.109019664849,0.0377712910576545
"269638",0.119011900063403,0.312755792122849,0.185076339252561,0.127679452870288,0.193743892059445,0.0660644391891579
"23407",0.99135657916632,0.325647953912493,0.716720011803988,-0.391072057891496,-0.665708625253828,-0.274636567362332
"269405",0.0110424427747831,0.113105417630682,0.0410137766248718,0.0720916410058101,0.102062974855899,0.0299713338500887
"316645",0.0368559040841222,0.183524740130628,0.0841497231421261,0.0993750169885015,0.146668836046505,0.0472938190580039
"189377",0.0255196470172254,0.127455047592957,0.0578514608492022,0.0696035867437551,0.101935400575732,0.0323318138319768
"131917",0.101609605178173,0.175054997082859,0.127396997941366,0.0476579991414932,0.0734453919046867,0.0257873927631935
"540203",0.0722640858249577,0.189531399873098,0.111644298610672,0.0778871012624261,0.11726731404814,0.0393802127857138
"481727",0.099490009946429,0.0917503189218097,0.0975371794080628,-0.00578686048625306,-0.0077396910246193,-0.00195283053836624
"365417",0.0420930953786444,0.174829289168079,0.085826050604142,0.0890032385639372,0.132736193789435,0.0437329552254976
"139628",0.446474291376098,0.264644863279467,0.368801658362402,-0.104156795082935,-0.181829428096631,-0.0776726330136958
"11105",0.0913709618787232,0.157228689959004,0.114297905519673,0.0429307844393304,0.0658577280802806,0.0229269436409502
"458098",0.2024632210587,0.324434569421858,0.24588487198565,0.078549697436208,0.121971348363158,0.0434216509269498
"27588",0.249018614161682,0.480167942599321,0.330078519081336,0.150089423517985,0.231149328437639,0.0810599049196534
"93761",0.105862118335423,0.148088872830741,0.121685744029939,0.026403128800802,0.0422267544953184,0.0158236256945163
"32676",0.0513406991681997,0.197657770957982,0.0997973639992074,0.097860406958775,0.146317071789783,0.0484566648310077
"65185",0.0362457363577152,0.124157903681092,0.0639825409993382,0.0601753626817542,0.0879121673233773,0.027736804641623
"338404",0.0159415266693951,0.0834277119438129,0.0353883835801249,0.048039328363688,0.0674861852744178,0.0194468569107298
"340151",0.030050984743867,0.127100056671625,0.0595431541577568,0.0675569025138683,0.0970490719277581,0.0294921694138898
"140304",0.291331944391072,0.40288060665452,0.331802662377262,0.0710779442772578,0.111548662263449,0.0404707179861907
"206495",0.138840118226798,0.190468114770384,0.157806228025774,0.03266188674461,0.0516279965435866,0.0189661097989765
"118847",0.0821553260465469,0.221267954939239,0.129632703492458,0.0916352514467811,0.139112628892692,0.047477377445911
"524294",0.0504305386911498,0.177584980329494,0.0957435593487332,0.0818414209807603,0.127154441638344,0.0453130206575834
"536670",0.0240981150802371,0.14736478108701,0.0625323614503229,0.0848324196366875,0.123266666006773,0.0384342463700857
"414732",0.283006047806537,0.181143892010093,0.242045159686493,-0.0609012676764001,-0.101862155796444,-0.0409608881200443
"86428",0.116245220052144,0.233041266970934,0.158388806373703,0.0746524605972315,0.11679604691879,0.0421435863215589
"416922",1.61382923077569,0.444183103666963,1.07981085516051,-0.635627751493547,-1.16964612710873,-0.534018375615183
"519363",0.0602158678088859,0.20022335553546,0.106822021332811,0.0934013342026495,0.140007487726574,0.0466061535239249
"80365",0.0163100051080676,0.107736828636684,0.0421331361257884,0.0656036925108951,0.0914268235286159,0.0258231310177208
"128375",0.248023493680014,0.148567783558711,0.207135475344272,-0.0585676917855613,-0.0994557101213028,-0.0408880183357415
"544895",0.0717076400716712,0.11178398504427,0.0856246925120666,0.0261592925322035,0.0400763449725989,0.0139170524403953
"220336",0.0978854589075101,0.145075426642696,0.114771145248759,0.0303042813939373,0.047189967735186,0.0168856863412487
"348384",0.027169960992974,0.130892116998588,0.0594946007747172,0.0713975162238708,0.103722156005614,0.0323246397817432
"199092",0.236226847597817,0.268485139729326,0.248254618166337,0.0202305215629892,0.0322582921315091,0.01202777056852
"36508",0.113191420670437,0.146448360280474,0.124511680234264,0.0219366800462106,0.0332569396100375,0.0113202595638268
"137364",0.0900488740542964,0.24438672277365,0.142261275432435,0.102125447341215,0.154337848719353,0.0522124013781387
"74652",0.134314737663592,0.266099014936235,0.182717446428926,0.0833815685073089,0.131784277272643,0.048402708765334
"327641",0.131867511618519,0.225485943267595,0.166717524162357,0.0587684191052384,0.0936184316490759,0.0348500125438374
"474518",0.089752006878455,0.172836340725165,0.119315511866013,0.0535208288591514,0.0830843338467096,0.0295635049875582
"149052",0.193226266735791,0.131485325009974,0.168617337620706,-0.0371320126107322,-0.0617409417258163,-0.0246089291150841
"227433",0.0573941274172651,0.193209966504444,0.103978472083082,0.089231494421363,0.135815839087179,0.0465843446658164
"145597",0.107286473860975,0.218394364422491,0.146989670453653,0.0714046939688383,0.111107890561516,0.0397031965926781
"52661",0.529882866747788,0.306954384260227,0.437691437404922,-0.130737053144694,-0.22292848248756,-0.0921914293428658
"101679",0.0816865959688877,0.138000183262363,0.101238367407109,0.036761815855254,0.0563135872934757,0.0195517714382217
"531969",0.352531516555867,0.20943410096508,0.295483202720806,-0.0860491017557254,-0.143097415590787,-0.0570483138350614
"57375",0.0266058313814766,0.187487112342971,0.0758476819130849,0.111639430429886,0.160881280961494,0.0492418505316083
"71173",0.115947390611764,0.210274012456376,0.151360541868088,0.0589134705882886,0.0943266218446124,0.0354131512563239
"457148",0.128086792190443,0.171721027010914,0.144230842157809,0.0274901848531044,0.0436342348204707,0.0161440499673663
"470705",2.48256741096184,0.859240775483642,1.62181331867805,-0.762572543194408,-1.6233266354782,-0.860754092283794
"322398",0.0990441440374189,0.230546087909857,0.145009779252252,0.0855363086576057,0.131501943872439,0.0459656352148328
"277072",0.154069768326794,0.191356608120764,0.167558012266761,0.0237985958540025,0.0372868397939702,0.0134882439399676
"347869",0.435602594016779,0.225429254168568,0.349537235517309,-0.124107981348741,-0.210173339848211,-0.0860653584994699
"23878",0.0981986118350718,0.126281849683562,0.107188042784811,0.0190938068987507,0.0280832378484902,0.00898943094973959
"336241",0.108729155315498,0.256585159751148,0.161207625531929,0.0953775342192185,0.14785600443565,0.0524784702164315
"234646",0.0311112416090175,0.171306071913391,0.0772659196757552,0.0940401522376359,0.140194830304374,0.0461546780667377
"456144",0.27152161597735,0.245630441739996,0.26169782635252,-0.0160673846125239,-0.0258911742373541,-0.00982378962483016
"206285",0.289373529781124,0.282464346684018,0.287314834837562,-0.00485048815354333,-0.00690918309710542,-0.00205869494356209
"81278",0.318791090464773,0.275701536931366,0.302374696126105,-0.0266731591947396,-0.0430895535334069,-0.0164163943386673
"325149",0.136920626156684,0.257572715776895,0.180050287028512,0.0775224287483831,0.120652089620211,0.0431296608718279
"255016",0.112327402128592,0.129500424752894,0.11863468887362,0.0108657358792736,0.0171730226243018,0.00630728674502819
"456486",0.177150398957227,0.293429729082537,0.218186014331394,0.0752437147511422,0.11627933012531,0.0410356153741676
"72951",0.134576295588857,0.171252793887412,0.14782671988262,0.023426074004792,0.0366764982985553,0.0132504242937633
"220209",0.133921000765223,0.290971523819642,0.18910808374976,0.101863440069882,0.157050523054419,0.0551870829845368
"393496",0.678250771671328,0.345116753928663,0.542616903368188,-0.197500149439526,-0.333134017742666,-0.13563386830314
"48178",0.052093142012358,0.14870420218964,0.084883570717136,0.0638206314725045,0.0966110601772824,0.032790428704778
"451225",0.147181637020343,0.212080357264766,0.170871540666871,0.0412088165978951,0.0648987202444233,0.0236899036465282
"475578",0.158226190836356,0.269124706533122,0.198385587937405,0.0707391185957164,0.110898515696766,0.0401593971010497
"178442",0.605373020162377,0.286017565560715,0.474586849308419,-0.188569283747704,-0.319355454601662,-0.130786170853957
"75281",0.0973318480907477,0.15976320895578,0.119710016592268,0.0400531923635123,0.0624313608650323,0.02237816850152
"181793",0.0670876841177897,0.140778480053867,0.0927530457790617,0.0480254342748049,0.0736907959360768,0.025665361661272
"486642",0.121181363815106,0.120839827978053,0.121096133702487,-0.000256305724434386,-0.000341535837053458,-8.52301126190724e-05
"352437",0.0550753437817189,0.136043652603913,0.0825774100346035,0.0534662425693097,0.0809683088221943,0.0275020662528846
"435340",0.386538155117511,0.191922860063827,0.305807516376969,-0.113884656313142,-0.194615295053684,-0.0807306387405419
"432121",0.064721004415328,0.177946055129894,0.103261264131287,0.0746847909986061,0.113225050714566,0.0385402597159594
"495751",0.0628310316903738,0.186381508220417,0.1044389416037,0.0819425666167165,0.123550476530043,0.0416079099133265
"377976",0.492003932443058,0.347352559330144,0.433724028875993,-0.0863714695458486,-0.144651373112913,-0.0582799035670646
"242631",0.323357671249603,0.313987971407554,0.31978605426892,-0.00579808286136607,-0.00936969984204944,-0.00357161698068337
"531571",0.248017072513298,0.127093628187417,0.196678346837775,-0.0695847186503581,-0.120923444325881,-0.0513387256755233
"382834",0.214314205881441,0.262966668518015,0.232538785584773,0.0304278829332419,0.0486524626365732,0.0182245797033313
"237513",0.0722747035716789,0.202276233580931,0.115765562103395,0.0865106714775357,0.130001530009252,0.043490858531716
"333658",0.066029605591024,0.25573557767342,0.13252507608261,0.12321050159081,0.189705972082396,0.0664954704915865
"237908",0.186144545527376,0.282672434194102,0.224208445660659,0.0584639885334424,0.0965278886667262,0.0380639001332838
"113797",0.118989632946977,0.230184223953288,0.158468844944729,0.0717153790085585,0.11119459100631,0.0394792119977519
"452377",0.011914927731196,0.0711561146278783,0.0274474586399035,0.0437086559879748,0.0592411868966823,0.0155325309087075
"413599",0.370141996545323,0.175448057734671,0.289032323689907,-0.113584265955237,-0.194693938810652,-0.0811096728554152
"212999",0.131361430676601,0.162186846242028,0.142701687125694,0.0194851591163339,0.0308254155654274,0.0113402564490935
"25246",0.0496736860302263,0.203201045677978,0.10006946100043,0.103131584677548,0.153527359647751,0.0503957749702033
"11201",0.126724585704762,0.194228345499133,0.150808548420106,0.0434197970790267,0.0675037597943711,0.0240839627153444
"113708",0.0720247426439097,0.186716064910813,0.111831896084787,0.0748841688260262,0.114691322266903,0.039807153440877
"442659",0.0503991930584248,0.193886446819426,0.0995781283756713,0.0943083184437543,0.143487253761001,0.0491789353172466
"25355",0.18459569788268,0.31555913951046,0.231838649651712,0.0837204898587484,0.130963441627781,0.0472429517690322
"300822",0.0141683285053003,0.110632127686848,0.0452420685041726,0.0653900591826755,0.0964637991815478,0.0310737399988724
"415980",0.402011501877918,0.49990069272885,0.437590617746291,0.0623100749825594,0.0978891908509328,0.0355791158683734
"308782",0.0209361164880243,0.134366471621656,0.056713432350914,0.077653039270742,0.113430355133632,0.0357773158628897
"528632",0.300453320841604,0.10998073808624,0.218637946748885,-0.108657208662645,-0.190472582755364,-0.0818153740927194
"80623",0.183561250431547,0.366633636184661,0.24764433985001,0.118989296334651,0.183072385753114,0.0640830894184629
"297614",0.00815478456091792,0.126971585965101,0.0428214705516995,0.0841501154134019,0.118816801404183,0.0346666859907815
"1137",0.0619561933287412,0.216042251256694,0.1136659696502,0.102376281606494,0.154086057927952,0.0517097763214588
"344658",0.0590826761920692,0.224679534659505,0.113203538943786,0.111475995715719,0.165596858467436,0.0541208627517171
"424827",0.0792695433284821,0.233016560917322,0.132423723941116,0.100592836976206,0.15374701758884,0.0531541806126342
"49798",7.08253762611576,0.89456996192268,7.08253762611576,-6.18796766419308,-6.18796766419308,0
"17114",0.146646653783557,0.0996358117135177,0.127358505474262,-0.0277226937607445,-0.0470108420700396,-0.0192881483092951
"500660",0.131199756514289,0.188157015810002,0.151608456884977,0.0365485589250255,0.0569572592957129,0.0204087003706874
"387705",0.122992103197213,0.171263320339816,0.141682358769075,0.0295809615707416,0.0482712171426029,0.0186902555718613
"9443",0.0688848018826502,0.132334335846411,0.0911520952915855,0.0411822405548252,0.0634495339637605,0.0222672934089353
"77587",0.1021067015397,0.108263999747775,0.104378923508197,0.00388507623957735,0.0061572982080743,0.00227222196849695
"63358",0.227352597848875,0.262154552640851,0.240294294039915,0.021860258600936,0.0348019547919766,0.0129416961910406
"251526",0.0129663597074203,0.0958500764721763,0.0367758562779306,0.0590742201942458,0.0828837167647561,0.0238094965705103
"82413",0.081234215693087,0.150713932678853,0.10514360041229,0.0455703322665632,0.0694797169857664,0.0239093847192032
"81510",0.168791300116758,0.255349100449821,0.199653440067564,0.0556956603822569,0.0865578003330632,0.0308621399508062
"486890",0.0562199847886771,0.134347207688577,0.0821586252576847,0.0521885824308923,0.0781272228998999,0.0259386404690076
"182396",0.0328022277842878,0.117248611553742,0.0598962076605475,0.0573524038931943,0.084446383769454,0.0270939798762597
"321723",0.404870831398986,0.241075655912117,0.338162667561092,-0.0970870116489748,-0.163795175486869,-0.0667081638378941
"175136",0.156471366742491,0.273026453410085,0.197735798316713,0.0752906550933717,0.116555086667594,0.0412644315742225
"214595",0.0316259509939274,0.158843783848929,0.0725419589491,0.0863018248998291,0.127217832855002,0.0409160079551726
"105785",0.038806896338581,0.0807837045981342,0.0532233648273623,0.027560339770772,0.0419768082595532,0.0144164684887812
"471355",1.54799534298468,0.5566832299053,1.11793758929454,-0.561254359389237,-0.991312113079378,-0.430057753690141
"89001",0.161811750968881,0.249564453941222,0.194182971273789,0.0553814826674327,0.0877527029723411,0.0323712203049084
"251401",0.172592428125681,0.138088022679208,0.159049981386929,-0.0209619587077208,-0.0345044054464729,-0.0135424467387521
"106295",0.177287283580095,0.204444591103232,0.187825998102531,0.0166185930007008,0.0271573075231366,0.0105387145224358
"25629",0.0435898968789553,0.140950288422325,0.0766673063313876,0.0642829820909377,0.09736039154337,0.0330774094524323
"315603",0.285721245026913,0.192875967883048,0.249038540997226,-0.0561625731141777,-0.0928452771438644,-0.0366827040296867
"72410",0.110726166488675,0.183128560397063,0.137384260321507,0.0457443000755554,0.0724023939083877,0.0266580938328324
"434432",0.0298357704059917,0.113581186656065,0.0564438602126814,0.0571373264433838,0.0837454162500735,0.0266080898066897
"481720",0.125024945907157,0.414824529858341,0.223277469819562,0.191547060038779,0.289799583951184,0.0982525239124044
"130019",0.0221629187467003,0.136742951451293,0.0572898703781223,0.079453081073171,0.114580032704593,0.0351269516314221
"151846",0.108545437367437,0.196937661698338,0.141075802033165,0.0558618596651727,0.0883922243309006,0.0325303646657279
"353926",0.0461581688386258,0.168883097941184,0.0859438727268228,0.0829392252143607,0.122724929102558,0.0397857038881971
"365658",0.0608469850208962,0.126329042854845,0.0836666117941356,0.042662431060709,0.0654820578339483,0.0228196267732393
"44748",0.0186742710443956,0.108287390994533,0.044572714757303,0.0637146762372301,0.0896131199501375,0.0258984437129074
"185728",0.0214919925088576,0.100886079349323,0.0450066595303513,0.055879419818972,0.0793940868404657,0.0235146670214937
"559273",0.209002054392762,0.297609384985452,0.240861676295723,0.0567477086897291,0.08860733059269,0.0318596219029609
"10433",0.00865598545573396,0.11273326056259,0.0371590875693286,0.0755741729932614,0.104077275106856,0.0285031021135947
"64969",0.0259964628067402,0.127256367677778,0.0576215219065596,0.0696348457712182,0.101259904871038,0.0316250590998193
"481468",0.0534936852811282,0.164093284061743,0.0903092292896105,0.0737840547721326,0.110599598780615,0.0368155440084824
"282279",0.0246371910051217,0.140068154226751,0.0638889278340931,0.0761792263926584,0.11543096322163,0.0392517368289714
"318905",0.115319000922987,0.112813265683372,0.114374178757672,-0.00156091307430009,-0.00250573523961527,-0.000944822165315176
"131535",0.176865973131037,0.134525942410091,0.160188971404608,-0.0256630289945173,-0.0423400307209461,-0.0166770017264287
"337957",0.0284855000906501,0.172567556061835,0.0738832414796689,0.0986843145821657,0.144082055971185,0.0453977413890188
"145718",0.114635175274703,0.263187113339427,0.165762309736168,0.0974248036032588,0.148551938064724,0.0511271344614651
"316293",1.87830549216512,0.543513141726147,1.29114662801724,-0.747633486291096,-1.33479235043898,-0.587158864147879
"125959",0.139400669581268,0.298407306033058,0.198768813366146,0.0996384926669117,0.159006636451789,0.0593681437848777
"229136",0.541064915912026,0.581316259067546,0.556094883900966,0.0252213751665807,0.0402513431555203,0.0150299679889395
"400430",0.302611552385398,0.235001580232942,0.276723160344191,-0.0417215801112489,-0.0676099721524565,-0.0258883920412076
"533796",0.0337228907921454,0.173695745787594,0.080084152978537,0.0936115928090568,0.139972854995448,0.0463612621863916
"220253",0.671768677036893,0.39136279144975,0.559825815568723,-0.168463024118973,-0.280405885587143,-0.11194286146817
"318619",0.045587767384551,0.182526619771629,0.0889403394506615,0.093586280320968,0.136938852387078,0.0433525720661105
"306624",0.14296478198177,0.153797696160262,0.147075542562802,0.00672215359745978,0.0108329141784919,0.00411076058103207
"3295",0.032474200529469,0.114452874831555,0.0587132098178792,0.0557396650136761,0.0819786743020863,0.0262390092884102
"257893",1.70952383346574,0.524531387680475,1.10248389906378,-0.577952511383303,-1.18499244578526,-0.607039934401962
"147489",0.13522519607084,0.152343931205393,0.141638528095573,0.0107054031098203,0.0171187351345529,0.0064133320247326
"455337",0.285092745013385,0.114844176465344,0.21268409712147,-0.0978399206561258,-0.170248568548041,-0.0724086478919154
"130787",0.174513011848253,0.248143491760266,0.20182820777854,0.0463152839817265,0.0736304799120129,0.0273151959302864
"7108",0.131060342351657,0.310014224331641,0.193568459325194,0.116445765006447,0.178953881979984,0.0625081169735374
"69030",0.0834656171559876,0.227477669396647,0.13305977158278,0.0944178978138667,0.144012052240659,0.0495941544267923
"130623",0.124111623553428,0.265656879355687,0.173038173372102,0.0926187059835846,0.141545255802259,0.0489265498186744
"81188",0.0420355437579115,0.132749077669776,0.0720477679160441,0.0607013097537318,0.0907135339118644,0.0300122241581326
"342378",0.0168863212760422,0.0900169936836053,0.039488667087726,0.0505283265958792,0.073130672407563,0.0226023458116838
"564964",0.384502243477894,0.237453858697354,0.325215610319688,-0.0877617516223347,-0.147048384780541,-0.059286633158206
"544429",0.0612809394902689,0.226309675768499,0.115992227112895,0.110317448655604,0.16502873627823,0.0547112876226257
"450305",0.00726929785881037,0.14154052437073,0.0458829397002798,0.0956575846704499,0.134271226511919,0.0386136418414694
"443154",0.0294042249832108,0.119851598731581,0.0580983822959232,0.0617532164356574,0.0904473737483697,0.0286941573127123
"363773",0.090378783335897,0.179711634014596,0.121119931493533,0.058591702521063,0.0893328506786985,0.0307411481576355
"362341",0.197207925496673,0.39286145379242,0.265167894698508,0.127693559093912,0.195653528295747,0.0679599692018348
"159506",0.0951177454563689,0.243955444883699,0.152456243897631,0.0914992009860682,0.14883769942733,0.0573384984412619
"313823",0.03052109875897,0.0777003793661177,0.0458870924396956,0.0318132869264221,0.0471792806071477,0.0153659936807256
"9355",0.0975564726949742,0.241666845188135,0.147621755128618,0.0940450900595172,0.144110372493161,0.050065282433644
"339432",0.218926807475148,0.227394969334248,0.222155504662793,0.00523946467145509,0.00846816185910026,0.00322869718764518
"279174",0.00568854494297069,0.0947980731893486,0.0290142922985028,0.0657837808908458,0.0891095282463779,0.0233257473555321
"129569",0.0804308873352542,0.154743279618795,0.10584862958159,0.0488946500372059,0.0743123922835412,0.0254177422463353
"315091",0.0401614492091267,0.0902734771681356,0.0562263821523735,0.0340470950157621,0.0501120279590089,0.0160649329432468
"565470",0.172286928510461,0.359125103580171,0.240384019372693,0.118741084207479,0.18683817506971,0.0680970908622315
"83149",0.0378102794072421,0.19836183797335,0.0913387520723375,0.107023085901013,0.160551558566108,0.0535284726650954
"307958",0.157761568546066,0.288576859946568,0.205034001456135,0.0835428584904324,0.130815291400502,0.0472724329100695
"338062",0.0557655041514869,0.181229898677003,0.0973952903947161,0.0838346082822869,0.125464394525516,0.0416297862432292
"68531",0.0294194416755396,0.171822983798722,0.0737474632654941,0.0980755205332278,0.142403542123182,0.0443280215899545
"567279",0.289685063359135,0.314767317091848,0.299504584377709,0.0152627327141398,0.0250822537327138,0.00981952101857397
"228980",0.182560254064395,0.149051025396175,0.169444860818913,-0.0203938354227384,-0.0335092286682202,-0.0131153932454819
"58990",0.0981446004877103,0.206974373263185,0.135437128594007,0.071537244669178,0.108829772775474,0.0372925281062962
"458900",0.0746732558755152,0.184410042707496,0.111501298758052,0.0729087439494445,0.109736786831981,0.0368280428825365
"91009",0.134606187110005,0.181922429318214,0.151531732966911,0.030390696351303,0.0473162422082088,0.0169255458569058
"394704",0.168487372217993,0.402262872394913,0.251455660379761,0.150807212015151,0.23377550017692,0.0829682881617686
"81420",0.0229929018388074,0.108439302651005,0.0487740662011096,0.059665236449895,0.0854464008121972,0.0257811643623022
"574059",0.469111977648763,0.395211248561157,0.440141735064639,-0.0449304865034826,-0.0739007290876066,-0.028970242584124
"557299",0.122426072554026,0.130475138707784,0.125458066388623,0.00501707231916032,0.00804906615375826,0.00303199383459794
"23291",0.25554286570852,0.238624217860368,0.249164069589563,-0.0105398517291954,-0.0169186478481519,-0.00637879611895659
"160154",0.0398306913444195,0.142939252476898,0.073817476426918,0.0691217760499805,0.103108561132479,0.0339867850824985
"124412",0.211136870984278,0.193165854634334,0.204126405744899,-0.0109605511105647,-0.0179710163499439,-0.0070104652393792
"442005",0.0171761451081573,0.107706556391055,0.0440656491421103,0.0636409072489452,0.0905304112828982,0.026889504033953
"163224",0.0719877472327826,0.129095304378823,0.0927180142126235,0.0363772901662,0.0571075571460409,0.0207302669798409
"358206",0.0216459969107844,0.190479824398517,0.0732798267278676,0.117199997670649,0.168833827487732,0.0516338298170832
"268905",0.906582521108091,0.306597096954989,0.657033827176664,-0.350436730221675,-0.599985424153103,-0.249548693931428
"415404",0.0532124286056203,0.145939198986637,0.0830624340754994,0.0628767649111373,0.0927267703810164,0.0298500054698791
"119548",0.30422171133779,0.304999610716413,0.304412894719672,0.000586715996741149,0.000777899378622826,0.000191183381881677
"80702",0.449050968489958,0.419405937928501,0.438109320295627,-0.0187033823671267,-0.0296450305614576,-0.0109416481943309
"238790",0.0351310164891963,0.221595091052912,0.0970645446562858,0.124530546396626,0.186464074563715,0.0619335281670895
"119922",0.116797850543288,0.161653642966672,0.13354906503351,0.0281045779331615,0.0448557924233835,0.016751214490222
"105796",0.117155085796827,0.0931224940642909,0.107976861379151,-0.0148543673148606,-0.0240325917325358,-0.0091782244176752
"278486",0.553113221207118,0.450387082296461,0.514807747207081,-0.0644206649106207,-0.102726138910658,-0.0383054740000369
"486241",0.0902124255244717,0.22656729314112,0.136113149971732,0.0904541431693875,0.136354867616648,0.0459007244472607
"336606",0.296109469690896,0.140979158618782,0.231148244277604,-0.0901690856588213,-0.155130311072113,-0.0649612254132921
"480924",0.0996036351962028,0.232745775870583,0.147502002307629,0.0852437735629536,0.13314214067438,0.0478983671114266
"199711",0.0616559629813342,0.197941029066288,0.108030698875145,0.0899103301911428,0.136285066084954,0.0463747358938108
"25573",0.107520860846134,0.208322514662003,0.144442897989647,0.0638796166723554,0.100801653815869,0.0369220371435132
"249644",0.04489679691391,0.184714674116676,0.091865282475427,0.0928493916412492,0.139817877202766,0.046968485561517
"22073",0.0288316069363444,0.130623312143611,0.06019176161273,0.0704315505308812,0.101791705207267,0.0313601546763856
"179731",0.0580460995085561,0.194576814104918,0.10313578969546,0.0914410244094574,0.136530714596362,0.0450896901869043
"227656",0.0801796375104041,0.140062360023557,0.101356058997344,0.0387063010262128,0.0598827225131532,0.0211764214869403
"276796",0.319579852976945,0.305391513148636,0.314203568934663,-0.00881205578602606,-0.0141883398283081,-0.00537628404228202
"553844",0.067115745478347,0.14548151542832,0.0937410984892313,0.0517404169390892,0.0783657699499735,0.0266253530108843
"69756",0.177528835756799,0.184755352381148,0.180300195764627,0.00445515661652016,0.00722651662434881,0.00277136000782865
"553779",0.144502360117542,0.267523651447707,0.189092415620469,0.0784312358272376,0.123021291330164,0.0445900555029268
"77713",0.043287958522578,0.0865825338336437,0.057681079806047,0.0289014540275967,0.0432945753110656,0.014393121283469
"523328",1.29823426118334,0.48324294060355,0.976537393263439,-0.493294452659889,-0.814991320579785,-0.321696867919896
"406825",0.194087553595359,0.278662831229136,0.225272353813284,0.0533904774158526,0.0845752776337774,0.0311848002179247
"76664",0.0936764221354202,0.222971875353528,0.137415597164786,0.0855562781887418,0.129295453218108,0.0437391750293659
"550337",0.0402557100793484,0.115848709112978,0.0642876273837202,0.0515610817292578,0.0755929990336296,0.0240319173043718
"476302",0.317559402111691,0.407476636779535,0.350588598825712,0.0568880379538229,0.0899172346678442,0.0330291967140214
"557586",0.0705838188290247,0.106329352053013,0.081927759766192,0.0244015922868207,0.035745533223988,0.0113439409371673
"196580",0.305837260948727,0.308796816730266,0.306667125129961,0.00212969160030557,0.00295955578153917,0.000829864181233597
"20253",0.187165081011344,0.195977041531356,0.190678103910275,0.00529893762108122,0.00881196052001185,0.00351302289893063
"9988",0.013699047729604,0.0907746091788537,0.0353380127800237,0.05543659639883,0.0770755614492497,0.0216389650504198
"503054",0.234966732513917,0.340749173641782,0.273110513605811,0.067638660035971,0.105782441127865,0.0381437810918941
"223389",0.102283661088962,0.186849027153851,0.131586573597464,0.0552624535563868,0.0845653660648889,0.0293029125085021
"514277",0.125681228844998,0.199762092135645,0.153143983920448,0.046618108215197,0.0740808632906469,0.0274627550754499
"280965",2.14764822040907,1.25401814103789,1.70251348095167,-0.448495339913777,-0.89363007937118,-0.445134739457403
"313633",0.210121528298231,0.216588757856904,0.212556805955035,0.00403195190186911,0.00646722955867302,0.0024352776568039
"357751",0.621828241095478,0.369350919134493,0.523574893441429,-0.154223974306936,-0.252477321960984,-0.0982533476540486
"339754",0.191674668889924,0.353874090627229,0.250302054871435,0.103572035755794,0.162199421737305,0.0586273859815111
"334902",0.265587683729439,0.343538829190163,0.293622625324651,0.0499162038655127,0.077951145460724,0.0280349415952114
"301026",0.328622776917334,0.369997592911883,0.343813433549813,0.0261841593620702,0.0413748159945495,0.0151906566324793
"8882",0.0234637737618184,0.138219178811377,0.0585283596016397,0.0796908192097368,0.114755405049558,0.0350645858398213
"66602",0.0214482925488398,0.108479899434255,0.0475515940817228,0.0609283053525319,0.0870316068854149,0.026103301532883
"8221",0.144188149079552,0.155469725867315,0.149951202227476,0.00551852363983829,0.0112815767877629,0.00576305314792461
"385733",0.0617664254804012,0.119692657426735,0.0817688749023264,0.0379237825244091,0.0579262319463342,0.0200024494219251
"205997",3.89070699103046,0.922532996424577,2.16159209479793,-1.23905909837335,-2.96817399460588,-1.72911489623253
"553638",0.0478015121276819,0.12880378826636,0.074199811019075,0.054603977247285,0.0810022761386781,0.0263982988913931
"152467",0.080875520382924,0.170888059061235,0.112039888047297,0.0588481710139374,0.0900125386783106,0.0311643676643733
"348367",0.0556570088378652,0.166369419752366,0.0924396272409943,0.0739297925113717,0.110712410914501,0.0367826184031291
"83456",0.454504132394147,0.311684596095437,0.399099761845574,-0.0874151657501377,-0.14281953629871,-0.0554043705485726
"377869",0.430979263765086,0.355826991849507,0.401754359898967,-0.0459273680494603,-0.0751522719155789,-0.0292249038661186
"486830",0.164347201501531,0.191154166375482,0.174333852333463,0.0168203140420193,0.0268069648739511,0.00998665083193181
"224675",0.130656621069875,0.260218170730815,0.176316872742661,0.0839012979881533,0.129561549660939,0.0456602516727862
"485743",0.00922878038381017,0.106016573812637,0.0359544955223953,0.0700620782902414,0.0967877934288265,0.0267257151385851
"296410",0.112365781158153,0.203022473451366,0.14432621507305,0.0586962583783151,0.090656692293213,0.0319604339148978
"119127",0.172274139964156,0.315814254399143,0.225794340382827,0.0900199140163151,0.143540114434986,0.0535202004186713
"366287",0.047495543868947,0.149153021642911,0.0813519257179829,0.0678010959249282,0.101657477773964,0.0338563818490359
"31921",0.265873570569336,0.144986753229824,0.21622845930416,-0.071241706074336,-0.120886817339512,-0.0496451112651762
"196941",0.031922102364072,0.101686004860665,0.053728373145698,0.0479576317149666,0.0697639024965925,0.0218062707816259
"529295",0.0645387748314428,0.211387416368445,0.113708048770935,0.0976793675975104,0.146848641537002,0.049169273939492
"307112",0.0614139657849754,0.219109922089274,0.114185681466683,0.104924240622591,0.157695956304299,0.0527717156817079
"468250",0.158810510991245,0.316513488126526,0.217266732645725,0.0992467554808011,0.157702977135281,0.0584562216544802
"71826",0.0606853596718114,0.0944001424482709,0.0723421958524799,0.0220579465957911,0.0337147827764595,0.0116568361806685
"146085",0.175567144397556,0.243811456668808,0.200221015604048,0.0435904410647608,0.0682443122712521,0.0246538712064914
"253566",0.136642936029137,0.241087596851858,0.174388167721024,0.0666994291308343,0.104444660822721,0.0377452316918867
"440734",0.746288586636879,0.247184830328625,0.533838615612584,-0.286653785283959,-0.499103756308254,-0.212449971024295
"381234",0.109475660104487,0.300000053316236,0.172699218565337,0.127300834750899,0.190524393211749,0.0632235584608501
"354681",3.2832052054703,0.905991369832461,2.07252748628224,-1.16653611644978,-2.37721383563784,-1.21067771918806
"25478",0.0792326384771239,0.16877403384801,0.110389343611143,0.0583846902368666,0.0895413953708857,0.031156705134019
"371191",0.420322531587733,0.373817094236236,0.402942945234874,-0.0291258509986375,-0.046505437351497,-0.0173795863528596
"124694",0.3167031289634,0.282004674344562,0.303410445835661,-0.0214057714910995,-0.0346984546188387,-0.0132926831277392
"390662",0.42506171134378,0.609299562604511,0.490502954182044,0.118796608422467,0.18423785126073,0.0654412428382639
"242836",0.107486816930407,0.10456591887073,0.104367288103253,0.000198630767476851,-0.00292089805967688,-0.00311952882715373
"486744",0.0936740138300644,0.200165627474431,0.130997263806802,0.0691683636676289,0.106491613644366,0.0373232499767374
"344102",0.0272422557690839,0.166675291160132,0.0706211267624154,0.0960541643977163,0.139433035391048,0.0433788709933315
"173720",0.0159486045099498,0.0931872737339709,0.0377372869418271,0.0554499867921439,0.0772386692240211,0.0217886824318773
"369012",0.234538047408763,0.134431878953199,0.193271137059526,-0.0588392581063268,-0.100106168455563,-0.0412669103492366
"469520",0.0166848187522556,0.0925022405707547,0.0383899244368036,0.0541123161339511,0.075817421818499,0.0217051056845479
"265190",0.188879029074353,0.247920099437261,0.210422915525523,0.0374971839117388,0.0590410703629082,0.0215438864511694
"125167",1.39022641559598,0.460325390737339,0.963761392886263,-0.503436002148924,-0.929901024858644,-0.42646502270972
"80525",0.039704063580453,0.118845862721461,0.0654548915724442,0.0533909711490172,0.0791417991410084,0.0257508279919913
"37365",0.103142541348955,0.275496850358429,0.161493843981369,0.11400300637706,0.172354309009474,0.058351302632414
"268888",0.277937400266519,0.250791744265612,0.267637892413857,-0.0168461481482458,-0.0271456560009077,-0.0102995078526619
"243677",0.118982839255897,0.216372299843153,0.153554145536785,0.0628181543063683,0.0973894605872558,0.0345713062808875
"18613",0.0235933505031577,0.112178799999844,0.0506944508717518,0.0614843491280921,0.0885854494966861,0.0271011003685941
"466171",0.0377249266324071,0.0918090422044035,0.0550394050273046,0.0367696371770989,0.0540841155719963,0.0173144783948975
"132055",0.290909949403903,0.112321651344327,0.215060121698868,-0.102738470354541,-0.178588298059577,-0.0758498277050358
"506758",0.273534045227044,0.297875517078948,0.282804674959803,0.0150708421191442,0.0243414718519036,0.00927062973275938
"242685",0.0418742911440231,0.133962871407069,0.0718432844811766,0.062119586925892,0.0920885802630456,0.0299689933371535
"55585",0.0149012887689724,0.146948055096382,0.0559046324712605,0.091043422625122,0.13204676632741,0.0410033437022881
"196774",0.0111147513696062,0.107813802320448,0.0396816247995737,0.0681321775208739,0.0966990509508414,0.0285668734299676
"358630",0.308131923745037,0.317603118267111,0.311665745926883,0.00593737234022751,0.00947119452207401,0.0035338221818465
"172193",1.55695309206054,0.310269339467168,0.949671612667061,-0.639402273199893,-1.24668375259338,-0.607281479393484
"276179",0.555450355810716,0.239167849174645,0.425581764651956,-0.18641391547731,-0.316282506636071,-0.12986859115876
"440353",0.285755768822327,0.282324880314701,0.284340722023001,-0.00201584170829977,-0.00343088850762546,-0.00141504679932569
"211236",0.0326466103695549,0.0904309966407175,0.051206148035595,0.0392248486051225,0.0577843862711626,0.0185595376660401
"223826",0.157435017151375,0.261903470433542,0.196033783131923,0.0658696873016195,0.104468453282168,0.0385987659805481
"410472",0.227110469074665,0.0828093453341064,0.165206973794131,-0.0823976284600242,-0.144301123740559,-0.0619034952805347
"246786",0.0212927247153499,0.134277141895746,0.0564375254070475,0.0778396164886987,0.112984417180396,0.0351448006916976
"553278",0.295465534003605,0.447763485653215,0.3488149694505,0.098948516202715,0.15229795164961,0.0533494354468946
"348166",0.291068391797634,0.27119722472927,0.282987393269476,-0.0117901685402056,-0.0198711670683638,-0.00808099852815819
"405874",0.0196339054016396,0.081588752612555,0.0375128733203024,0.0440758792922526,0.0619548472109154,0.0178789679186628
"224301",0.118552469266344,0.240235289149063,0.161328005746918,0.0789072834021444,0.121682819882719,0.0427755364805745
"38928",2.11542960564102,0.553367041827359,1.32824945994235,-0.774882418114986,-1.56206256381366,-0.787180145698678
"126510",0.152605431258689,0.216610880912679,0.176883430994602,0.0397274499180772,0.0640054496539903,0.0242779997359131
"424349",0.112973038684984,0.214984993545161,0.148372676068246,0.066612317476915,0.102011954860177,0.0353996373832618
"481344",0.0654766715198133,0.118797829644871,0.0839069801511552,0.0348908494937162,0.0533211581250581,0.0184303086313419
"454267",0.112826615128375,0.129090887079809,0.118961431314372,0.0101294557654376,0.0162642719514345,0.00613481618599698
"216225",0.114832656173256,0.260870710313498,0.168204456927291,0.0926662533862062,0.146038054140241,0.0533718007540351
"183173",0.0839979242914766,0.232972090033519,0.135324716309757,0.0976473737237622,0.148974165742042,0.0513267920182803
"104044",0.248248397496376,0.358067173170554,0.286806654713545,0.071260518457009,0.109818775674178,0.0385582572171689
"149597",0.236462725091322,0.386652472516233,0.292593704111527,0.0940587684047057,0.15018974742491,0.0561309790202045
"93775",0.101525115837759,0.214308487619831,0.14024072942803,0.0740677581918004,0.112783371782071,0.0387156135902711
"246208",0.728279665819755,0.191660331981311,0.49586731048522,-0.304206978503909,-0.536619333838444,-0.232412355334535
"138694",0.0742841196646092,0.209777989794917,0.120189530875587,0.0895884589193305,0.135493870130308,0.0459054112109777
"379434",1.35267362418273,0.161754898735523,1.35267362418273,-1.1909187254472,-1.1909187254472,0
"328213",0.112942191365428,0.359417742155057,0.198535008865553,0.160882733289503,0.246475550789628,0.085592817500125
"567919",0.0578758068161764,0.166373005892372,0.0963709496549578,0.0700020562374137,0.108497199076195,0.0384951428387814
"307867",0.134937991938844,0.164913791486608,0.146155750010706,0.0187580414759021,0.029975799547764,0.011217758071862
"393717",0.195108043066104,0.215958901080848,0.203220272626445,0.0127386284544031,0.0208508580147435,0.00811222956034041
"401984",0.0287300465972168,0.0916681515550438,0.048284707505108,0.0433834440499358,0.062938104957827,0.0195546609078911
"53330",0.469840361811005,0.282859930873266,0.392032560502978,-0.109172629629712,-0.186980430937739,-0.0778078013080264
"509879",0.184640910923537,0.202350489950544,0.191507493444156,0.0108429965063884,0.0177095790270075,0.00686658252061909
"431325",0.0908245179052404,0.132166550259429,0.105545812982132,0.0266207372772972,0.041342032354189,0.0147212950768918
"253072",0.251710985512944,0.339058003931467,0.28335467092891,0.0557033330025564,0.0873470184185227,0.0316436854159663
"38546",0.078644966593604,0.133258016021966,0.0980030937315539,0.0352549222904125,0.0546130494283624,0.0193581271379499
"563025",0.280222770473426,0.122018688096734,0.213580383958869,-0.0915616958621346,-0.158204082376692,-0.0666423865145578
"373179",0.036309414997048,0.0907218955518093,0.0537434675646678,0.0369784279871414,0.0544124805547613,0.0174340525676198
"10044",0.0336691723770819,0.0859562138030849,0.0513578347126424,0.0345983790904426,0.0522870414260031,0.0176886623355605
"536292",0.152891161704238,0.311152535680819,0.208487915271586,0.102664620409233,0.158261373976581,0.0555967535673481
"553282",0.0224701947360653,0.145844430156433,0.0603735126157087,0.0854709175407238,0.123374235420367,0.0379033178796434
"227973",0.0703661535913242,0.204434071503104,0.116701473952459,0.0877325975506446,0.134067917911779,0.0463353203611347
"236033",0.0470197692887476,0.150269035903122,0.0808000899497043,0.0694689459534172,0.103249266614374,0.0337803206609568
"526197",0.0211361697458859,0.130811074363189,0.0546424672925564,0.0761686070706324,0.109674904617303,0.0335062975466704
"347429",0.15403863188042,0.194721267310063,0.169085737263162,0.0256355300469005,0.0406826354296425,0.015047105382742
"116799",0.867964189155147,0.435694996273853,0.696299837514998,-0.260604841241144,-0.432269192881294,-0.171664351640149
"236387",0.114141273866149,0.169300843884686,0.133952623430048,0.0353482204546381,0.0551595700185363,0.0198113495638983
"70420",0.197903061463633,0.330613000985046,0.245378389479631,0.0852346115054151,0.132709939521413,0.0474753280159978
"56738",0.0722021683910638,0.232325782631453,0.127342859993669,0.104982922637785,0.16012361424039,0.0551406916026048
"99990",0.0632449187412825,0.212818514355014,0.1140776829484,0.0987408314066138,0.149573595613732,0.0508327642071179
"114497",0.145845828116844,0.28488169469608,0.19339164517906,0.0914900495170196,0.139035866579236,0.0475458170622166
"371182",0.188990872870978,0.102954006296928,0.153999427475308,-0.0510454211783807,-0.0860368665740502,-0.0349914453956695
"206172",0.0192260998554826,0.140210086476005,0.0554351694515703,0.0847749170244347,0.120983986620522,0.0362090695960877
"431457",0.0213015825023233,0.140530437765102,0.0571170195038426,0.0834134182612598,0.119228855262779,0.0358154370015193
"303177",0.262075606291301,0.16310075637672,0.222076169468715,-0.0589754130919951,-0.0989748499145813,-0.0399994368225862
"354118",0.043550530263053,0.183318237404184,0.0877584693356766,0.0955597680685069,0.139767707141131,0.0442079390726236
"310009",0.106970102491585,0.230655292846676,0.152943932377931,0.0777113604687447,0.123685190355091,0.0459738298863467
"543997",0.0161594402179593,0.0990993793876224,0.0408750666760017,0.0582243127116208,0.0829399391696631,0.0247156264580424
"224280",0.24384575172545,0.257499043551107,0.248927808272424,0.00857123527868317,0.0136532918256575,0.00508205654697433
"493448",0.116036479055811,0.183542659263233,0.141593421216252,0.0419492380469804,0.0675061802074221,0.0255569421604417
"8755",0.0296289998588442,0.153159791849433,0.0673479220047609,0.0858118698446717,0.123530791990588,0.0377189221459168
"337892",0.0280693979647597,0.133044253960649,0.0607719300308455,0.0722723239298037,0.10497485599589,0.0327025320660858
"55868",0.0740463140863204,0.244033822655757,0.130838425729846,0.113195396925911,0.169987508569436,0.0567921116435253
"484273",0.108613489802183,0.241551285138162,0.156241046758062,0.0853102383801004,0.132937795335979,0.047627556955879
"236149",0.0587244249863636,0.0703378665054079,0.0669576872231186,0.00338017928228934,0.0116134415190443,0.00823326223675494
"498341",0.0195553504168851,0.118299656315617,0.0491812670576177,0.0691183892579996,0.0987443058987322,0.0296259166407326
"288949",0.104981164531156,0.240580854377358,0.15167421132815,0.0889066430492077,0.135599689846202,0.046693046796994
"26617",0.0319419542653926,0.14408134240846,0.0685106073935512,0.075570735014909,0.112139388143068,0.0365686531281586
"22457",0.939921682976272,0.609240185034632,0.791875055083175,-0.182634870048543,-0.33068149794164,-0.148046627893097
"345064",0.0516205529022175,0.117956750442974,0.072908059678291,0.0450486907646829,0.0663361975407565,0.0212875067760736
"342014",0.214979150412462,0.261956347122598,0.232330190177327,0.0296261569452708,0.0469771967101353,0.0173510397648645
"433356",0.0980846757332353,0.210592969394407,0.138959088624736,0.0716338807696707,0.112508293661171,0.0408744128915006
"316364",0.0541573154828434,0.166614739338345,0.0907375496089977,0.0758771897293478,0.112457423855502,0.0365802341261543
"246429",0.171371670514316,0.284835173121199,0.212406544654107,0.0724286284670925,0.113463502606883,0.0410348741397904
"88744",0.0799508718064953,0.14237327606994,0.102302249046186,0.0400710270237543,0.0624224042634445,0.0223513772396902
"371077",0.360503165900785,0.348554887367089,0.356006750014014,-0.00745186264692493,-0.0119482785336959,-0.00449641588677097
"570575",0.0728299793287576,0.106823980529405,0.0849027456124042,0.0219212349170012,0.0339940012006478,0.0120727662836466
"8271",0.0273773987423138,0.11886159208344,0.0551335686779307,0.0637280234055089,0.0914841933411259,0.027756169935617
"433485",0.159125017563123,0.265528813348107,0.19796019633271,0.0675686170153977,0.106403795784985,0.0388351787695873
"54184",0.0666070602527468,0.124407420596695,0.086540293068928,0.0378671275277666,0.0578003603439478,0.0199332328161812
"152260",0.305463905978892,0.290494905448491,0.299738567537467,-0.0092436620889762,-0.0149690005304017,-0.00572533844142548
"133373",0.0396071123454103,0.155284338137356,0.0782589959307941,0.077025342206562,0.115677225791946,0.0386518835853838
"39389",3.28744696923502,0.598751477670502,3.28744696923502,-2.68869549156451,-2.68869549156451,0
"218327",0.222419899246815,0.2459759651538,0.231145573660354,0.0148303914934467,0.0235560659069854,0.00872567441353875
"165438",0.760654416987551,0.736693682229284,0.750484061450751,-0.0137903792214669,-0.0239607347582663,-0.0101703555367995
"179917",0.750373353188797,0.224413959666797,0.51843361181467,-0.294019652147872,-0.525959393522,-0.231939741374128
"376612",0.0518232009539553,0.190509096535125,0.0971503408865141,0.0933587556486111,0.13868589558117,0.0453271399325588
"111881",0.268059403500118,0.227828512040461,0.252505477466505,-0.0246769654260436,-0.0402308914596572,-0.0155539260336136
"113245",0.0412038639291059,0.175834469866175,0.085128330835424,0.0907061390307509,0.134630605937069,0.0439244669063181
"85211",1.46595850523363,0.66092103470552,1.06246010551563,-0.401539070810114,-0.805037470528113,-0.403498399718
"341943",0.144603579117918,0.236491005759064,0.178375349689672,0.0581156560693913,0.0918874266411453,0.033771770571754
"356337",0.0366012229184906,0.190250752615799,0.0841909499607014,0.106059802655097,0.153649529697308,0.0475897270422108
"566113",0.0149602679652973,0.135471729204177,0.050655796035564,0.0848159331686125,0.120511461238879,0.0356955280702667
"26166",0.029796557207016,0.103755906479268,0.052273502785836,0.051482403693432,0.073959349272252,0.02247694557882
"205201",0.364321208285468,0.306331506823747,0.341385149149622,-0.0350536423258752,-0.0579897014617211,-0.022936059135846
"218521",0.309872341743927,0.482165890137902,0.371845193075895,0.110320697062007,0.172293548393975,0.0619728513319682
"87418",0.0150728914336701,0.0781388228907621,0.0319323556694973,0.0462064672212648,0.063065931457092,0.0168594642358272
"532202",1.4691328539044,0.744962737214271,1.11351838776377,-0.368555650549495,-0.724170116690133,-0.355614466140638
"561043",0.0484748596976732,0.21253581529309,0.103251439685713,0.109284375607376,0.164060955595416,0.05477657998804
"505465",0.367100460341173,0.591265241239136,0.445052345437406,0.146212895801731,0.224164780897964,0.077951885096233
"447197",0.424547428678718,0.454766002747383,0.436008633815745,0.0187573689316384,0.0302185740686645,0.0114612051370261
"77036",0.0595812469054071,0.249416602944999,0.122530428850669,0.126886174094331,0.189835356039592,0.0629491819452614
"249965",0.0625897243441744,0.0955596514879818,0.074392227982195,0.0211674235057868,0.0329699271438074,0.0118025036380206
"526786",0.0868804326856919,0.246887539444087,0.140110087378116,0.106777452065972,0.160007106758395,0.0532296546924237
"197105",0.0970469629727286,0.287792617293834,0.161975411536543,0.125817205757291,0.190745654321105,0.0649284485638139
"184752",0.0495531222142899,0.151205850010298,0.0829997168148614,0.068206133195437,0.101652727796008,0.0334465946005714
"416168",0.0655795777704397,0.183806015827817,0.104685779758259,0.0791202360695586,0.118226438057377,0.0391062019878188
"78024",0.201460404053006,0.222985332008051,0.209726329325054,0.013259002682997,0.0215249279550452,0.0082659252720482
"257313",0.13784043366679,0.238359378738863,0.17281244405757,0.0655469346812928,0.100518945072074,0.0349720103907808
"223457",0.130680636342976,0.204630791834086,0.156885854226256,0.0477449376078293,0.0739501554911097,0.0262052178832804
"60915",0.517416216508861,0.288856103464459,0.425616459935878,-0.136760356471419,-0.228560113044403,-0.0917997565729834
"149404",0.0203172924113047,0.165153645344177,0.0668758078609943,0.0982778374831824,0.144836352932872,0.0465585154496896
"499613",3.29579227406947,0.810734356478567,2.00308057416714,-1.19234621768858,-2.4850579175909,-1.29271169990232
"337960",0.0647022120299037,0.159163186573451,0.0967929861420983,0.0623702004313525,0.0944609745435471,0.0320907741121946
"9850",0.0353973825471285,0.0692833471005359,0.0491502013238001,0.0201331457767358,0.0338859645534074,0.0137528187766716
"350231",2.53689082594483,1.188775118505,1.8696113670999,-0.680836248594904,-1.34811570743983,-0.667279458844925
"240522",0.223932539662807,0.127841711443446,0.184927473270221,-0.0570857618267743,-0.0960908282193611,-0.0390050663925867
"559735",0.166132872097801,0.142590452307573,0.157052468822884,-0.0144620165153114,-0.0235424197902283,-0.00908040327491685
"139219",0.0119454480021638,0.158232964586407,0.056126604990078,0.102106359596329,0.146287516584243,0.0441811569879142
"108017",0.145086821915809,0.249467157683066,0.181654991031833,0.0678121666512322,0.104380335767256,0.036568169116024
"127442",0.121082423973882,0.215437695588218,0.155891934883714,0.0595457607045047,0.0943552716143363,0.0348095109098316
"356456",0.0721422465390515,0.189213983347077,0.112943591243179,0.0762703921038979,0.117071736808025,0.0408013447041273
"184425",0.166031557000358,0.220460547557853,0.185755464332673,0.0347050832251801,0.0544289905574953,0.0197239073323152
"419026",0.118095431640998,0.246089127727947,0.16498626211683,0.0811028656111174,0.127993696086949,0.0468908304758314
"328999",0.351136071412877,0.330473378400754,0.343411259732493,-0.0129378813317385,-0.0206626930121226,-0.00772481168038414
"372894",0.344238266983564,0.214495283891894,0.292017419809278,-0.0775221359173842,-0.129742983091671,-0.0522208471742863
"302481",0.0787933532872904,0.139716007826857,0.100319078981642,0.0393969288452153,0.060922654539567,0.0215257256943517
"22496",0.255657167736138,0.264292054460785,0.258966989857371,0.00532506460341414,0.0086348867246468,0.00330982212123265
"11006",0.085721464980359,0.233278747192166,0.134761649213738,0.0985170979784285,0.147557282211807,0.0490401842333788
"267312",0.135175225772521,0.166354054257666,0.146807922866313,0.0195461313913528,0.0311788284851452,0.0116326970937924
"131240",0.0368120887180838,0.122259275010355,0.0649335845527767,0.0573256904575779,0.0854471862922708,0.0281214958346929
"126428",0.00982425541449693,0.0941660313859661,0.0330495543078017,0.0611164770781644,0.0843417759714692,0.0232252988933048
"214530",0.0235394543747717,0.152942065889916,0.065037742736518,0.0879043231533978,0.129402611515144,0.0414982883617463
"97902",0.378219336218004,0.403862390678014,0.387790805188164,0.0160715854898502,0.0256430544600099,0.00957146897015976
"87634",0.2050385066381,0.21075723945054,0.2071780490271,0.00357919042343985,0.00571873281244054,0.00213954238900069
"533805",0.0964884928759124,0.20443880203449,0.135664577427022,0.0687742246074679,0.107950309158577,0.0391760845511094
"397528",0.0514853155187512,0.112181187599037,0.0717051495449947,0.0404760380540426,0.0606958720802861,0.0202198340262435
"416650",0.683121394034346,0.309239313818769,0.532333198723874,-0.223093884905104,-0.373882080215577,-0.150788195310473
"170999",0.65251235930476,0.519259768508659,0.59119571013573,-0.0719359416270716,-0.133252590796101,-0.0613166491690295
"198517",0.110432988574389,0.133262375833628,0.118860434514582,0.0144019413190458,0.0228293872592384,0.00842744594019258
"531199",7.48241852080504,0.824089720850291,7.48241852080504,-6.65832879995475,-6.65832879995475,0
"302104",0.232275469077295,0.47171312099,0.3135628872102,0.1581502337798,0.239437651912706,0.0812874181329057
"563582",0.0371990779150895,0.178868653141187,0.0834826639843453,0.0953859891568416,0.141669575226097,0.0462835860692558
"129054",0.19779466243325,0.137932620854108,0.174064251861553,-0.0361316310074447,-0.0598620415791415,-0.0237304105716968
"191012",0.82214453417366,0.148732691158987,0.82214453417366,-0.673411843014674,-0.673411843014674,0
"116041",0.0101598755227756,0.143838690125947,0.0500941124750759,0.0937445776508712,0.133678814603171,0.0399342369523002
"187769",0.582940895724576,0.498802039906754,0.553113596794655,-0.0543115568879005,-0.0841388558178221,-0.0298272989299216
"419024",0.259878326234812,0.306074134504643,0.276811248887608,0.0292628856170343,0.0461958082698312,0.0169329226527968
"281077",0.0255389016743456,0.189546356389766,0.0781261462490118,0.111420210140754,0.16400745471542,0.0525872445746662
"483277",0.213136216377116,0.176128303794434,0.198239080402182,-0.0221107766077478,-0.0370079125826825,-0.0148971359749346
"454218",0.41482259097851,0.234345153275506,0.34190963087167,-0.107564477596164,-0.180477437703005,-0.0729129601068406
"360115",0.184953700466417,0.340777834687392,0.239784673025331,0.100993161662061,0.155824134220975,0.0548309725589143
"32626",0.240839098366366,0.223682511885766,0.234207665502839,-0.010525153617073,-0.0171565864805996,-0.00663143286352658
"202491",0.102197276887047,0.240521298987794,0.151496531376582,0.0890247676112114,0.138324022100747,0.0492992544895355
"394333",0.113423199904818,0.193071504768058,0.141775966477866,0.0512955382901917,0.0796483048632403,0.0283527665730487
"76584",0.129307888744172,0.342333844714516,0.201727152793901,0.140606691920615,0.213025955970344,0.0724192640497287
"189380",0.0735058793924619,0.248517838786119,0.136192955419959,0.11232488336616,0.175011959393657,0.062687076027497
"455328",0.201518527760917,0.277995111861565,0.229667982560929,0.0483271293006353,0.0764765841006481,0.0281494548000129
"90956",0.0384669293123929,0.0959831169716971,0.0568837704065646,0.0390993465651325,0.0575161876593042,0.0184168410941717
"334144",0.0180875370088276,0.124011701736157,0.0502922681638355,0.0737194335723217,0.10592416472733,0.0322047311550079
"108321",0.0824211631017702,0.27087541438558,0.146828393003496,0.124047021382084,0.188454251283809,0.0644072299017255
"117088",0.0213796740622428,0.150084984393566,0.0607779391374941,0.0893070452560718,0.128705310331323,0.0393982650752514
"81452",0.18561077781103,0.403917449630748,0.265058457154764,0.138858992475984,0.218306671819718,0.0794476793437344
"549055",0.186738768494354,0.166224707088986,0.178943072492407,-0.0127183654034208,-0.0205140614053679,-0.00779569600194718
"39336",0.0879248565106556,0.119006677034183,0.0992306080824026,0.0197760689517801,0.0310818205235271,0.011305751571747
"89995",0.104801142390537,0.189048922096455,0.134720655768303,0.0543282663281518,0.0842477797059182,0.0299195133777664
"521497",0.0459450082564237,0.16267927544906,0.0869107727301591,0.0757685027189011,0.116734267192636,0.0409657644737354
"529764",0.0548350305074674,0.220194834815285,0.110109533705877,0.110085301109408,0.165359804307817,0.0552745031984094
"534011",0.0953234822063445,0.0865925760333946,0.0920353083073071,-0.00544273227391252,-0.00873090617294993,-0.00328817389903741
"350849",0.0579883029266167,0.124464393051329,0.0796703062701143,0.0447940867812149,0.0664760901247125,0.0216820033434976
"457423",0.0926726900059599,0.196081153220962,0.129167458460449,0.0669136947605129,0.103408463215002,0.036494768454489
"104836",6.36064084699796,1.09743180061225,6.36064084699796,-5.26320904638571,-5.26320904638571,0
"143319",0.154098933943105,0.296463717446214,0.204591622164715,0.0918720952814988,0.14236478350311,0.0504926882216108
"229891",0.0561817382155613,0.206730784630754,0.104793236009386,0.101937548621367,0.150549046415192,0.0486114977938249
"359686",0.117847614807759,0.240346098786647,0.164650095685936,0.0756960031007109,0.122498483978888,0.0468024808781768
"391889",0.100671132365821,0.261468404511167,0.158105861944102,0.103362542567064,0.160797272145346,0.0574347295782817
"454277",0.0607935556914481,0.179550510777863,0.100151882872842,0.0793986279050211,0.118756955086415,0.0393583271813941
"322581",0.0115737716771448,0.0844126363598133,0.0315699450563422,0.0528426913034711,0.0728388646826686,0.0199961733791974
"82968",0.052353616003468,0.161529021231233,0.0890094891638087,0.0725195320674246,0.109175405227765,0.0366558731603407
"186990",0.106628179199702,0.19910630595973,0.139434031168752,0.0596722747909776,0.0924781267600276,0.03280585196905
"60394",0.164090158404103,0.168268720094477,0.165261711325984,0.00300700876849344,0.0041785616903742,0.00117155292188076
"306218",3.41450142328572,0.566119050366148,3.41450142328572,-2.84838237291957,-2.84838237291957,0
"8279",0.358084377936461,0.263691584114435,0.321643021695661,-0.0579514375812261,-0.0943927938220261,-0.0364413562408
"243161",0.296683067065251,0.453811991719656,0.353613190071135,0.100198801648521,0.157128924654404,0.0569301230058839
"82978",0.0266590667667087,0.108165650520806,0.0524246271826547,0.0557410233381513,0.0815065837540973,0.025765560415946
"272316",0.0667704533179398,0.184814190611756,0.106829629658015,0.0779845609537412,0.118043737293817,0.0400591763400753
"254631",0.177745022937867,0.28696556792617,0.215796936507993,0.071168631418177,0.109220544988304,0.0380519135701267
"57399",0.462033058552187,0.519697471002659,0.482774629737744,0.0369228412649142,0.0576644124504719,0.0207415711855577
"54008",0.349308609621034,0.37954064724702,0.360581458195612,0.0189591890514073,0.0302320376259859,0.0112728485745786
"463987",0.0264170704872149,0.15286059134781,0.0652726245746056,0.0875879667732047,0.126443520860595,0.0388555540873907
"119552",0.0682955259246164,0.166114003357069,0.102485057178764,0.0636289461783051,0.0978184774324527,0.0341895312541476
"129662",0.487200817254085,0.45033393740539,0.473664898323148,-0.0233309609177578,-0.0368668798486955,-0.0135359189309377
"559592",0.241802569719361,0.256267197600926,0.247328700823189,0.0089384967777372,0.0144646278815651,0.00552613110382788
"187050",0.0673927839229979,0.251448407579383,0.128028591841694,0.123419815737688,0.184055623656385,0.0606358079186964
"77224",0.0370559718064849,0.105958705673652,0.0590789794376332,0.046879726236019,0.0689027338671673,0.0220230076311483
"469957",0.0242072285963794,0.113415440164824,0.052517415095644,0.0608980250691805,0.089208211568445,0.0283101864992646
"320223",0.0287384653943445,0.173579712992964,0.0747594976283283,0.0988202153646356,0.144841247598619,0.0460210322339838
"377547",0.0812451651352184,0.19752819868139,0.122190621331113,0.075337577350277,0.116283033546171,0.0409454561958941
"552827",0.212549555788476,0.388512088292981,0.273400400510924,0.115111687782056,0.175962532504504,0.0608508447224481
"93946",0.394945649772834,0.359135674661669,0.381532248828103,-0.0223965741664344,-0.0358099751111648,-0.0134134009447305
"283592",0.0354667121094996,0.226110855375261,0.0984998657708621,0.127610989604399,0.190644143265761,0.0630331536613625
"420639",0.109034148140718,0.187086328529586,0.137610732233044,0.049475596296542,0.0780521803888678,0.0285765840923258
"513232",0.0520004799160801,0.118131504006027,0.0736072968085732,0.044524207197454,0.066131024089947,0.021606816892493
"469468",0.0510026158279894,0.0917690314161888,0.0646129374873897,0.0271560939287991,0.0407664155881994,0.0136103216594003
"80919",0.0683433475587547,0.166331814753417,0.102233246994649,0.0640985677587679,0.0979884671946623,0.0338898994358944
"27386",0.0577848320275191,0.134595103715285,0.0836289552400765,0.0509661484752087,0.0768102716877661,0.0258441232125574
"542443",0.0269587587223236,0.127619531191077,0.0583602053815399,0.0692593258095367,0.100660772468753,0.0314014466592163
"49769",0.0958313430149411,0.138515320733176,0.111613504057252,0.0269018166759239,0.0426839777182346,0.0157821610423107
"440263",0.3711006764511,0.370536508888606,0.370729395148888,-0.000192886260282188,-0.000564167562494611,-0.000371281302212423
"257551",0.379565737073058,0.326202675690933,0.359100715504227,-0.0328980398132936,-0.0533630613821245,-0.0204650215688309
"138115",0.471502154094421,0.409686243653372,0.447820294300899,-0.0381340506475276,-0.061815910441049,-0.0236818597935214
"564973",0.0918747026383911,0.25123771772232,0.151075325245483,0.100162392476836,0.159363015083928,0.059200622607092
"53898",0.142531425360212,0.214794036126854,0.169131904209085,0.0456621319177698,0.0722626107666423,0.0266004788488725
"440689",1.22409283172145,0.417276003383457,0.84520558866959,-0.427929585286133,-0.806816828337998,-0.378887243051865
"553601",0.234924525675408,0.315129604109167,0.263783258508179,0.0513463456009873,0.0802050784337582,0.0288587328327709
"95121",0.0933455401552516,0.149514623278929,0.113394546887633,0.0361200763912957,0.056169083123677,0.0200490067323813
"453239",0.0615434454420992,0.189721020069743,0.105005936202358,0.0847150838673853,0.128177574627644,0.0434624907602583
"480570",0.408484201753902,0.378234396755482,0.396778684192544,-0.0185442874370614,-0.0302498049984199,-0.0117055175613585
"42537",0.0277294992543612,0.164010382793726,0.0723680833411268,0.0916422994525994,0.136280883539365,0.0446385840867657
"38513",0.0102388301322447,0.10689986685867,0.0371661311005199,0.0697337357581503,0.0966610367264255,0.0269273009682752
"20415",0.023019515194566,0.147829350479584,0.065468089249082,0.082361261230502,0.124809835285018,0.0424485740545161
"251938",0.298516615708738,0.303016788318212,0.299937189934691,0.0030795983835209,0.00450017260947416,0.00142057422595326
"465557",0.0437336354948093,0.223945098631855,0.103013022101242,0.120932076530612,0.180211463137045,0.059279386606433
"193955",0.202434682983778,0.250064718172225,0.219864174234118,0.0302005439381066,0.0476300351884471,0.0174294912503405
"357729",0.0567795171839321,0.165678445608329,0.0949722853751083,0.0707061602332202,0.108898928424396,0.0381927681911763
"367067",0.116264999106851,0.240576188544813,0.159345762023653,0.0812304265211594,0.124311189437961,0.0430807629168019
"372469",0.477575752382726,0.390046643099126,0.44355904159332,-0.0535123984941946,-0.0875291092836002,-0.0340167107894057
"184016",0.252325238986316,0.360918450245212,0.2959005322015,0.0650179180437113,0.108593211258895,0.0435752932151841
"68641",0.53450180124896,0.390743894401748,0.477954740250399,-0.0872108458486504,-0.143757906847212,-0.0565470609985614
"490485",0.520391393083161,0.369462691807991,0.462213602854017,-0.0927509110460262,-0.150928701275171,-0.0581777902291447
"63412",0.0880784111732365,0.166139372904138,0.115748396723193,0.0503909761809447,0.0780609617309015,0.0276699855499568
"48039",0.0398268413346846,0.107365479007872,0.0627842483561586,0.0445812306517139,0.0675386376731879,0.022957407021474
"430971",0.104120107673596,0.137463776060211,0.116348442437677,0.0211153336225341,0.0333436683866158,0.0122283347640817
"316119",0.0559967907270718,0.251447091144351,0.122073460078262,0.129373631066089,0.195450300417279,0.0660766693511903
"426357",0.139067012583773,0.310127926310256,0.197275377210697,0.11285254909956,0.171060913726484,0.0582083646269241
"55225",1.65064189166625,0.718910534551897,1.19579398720671,-0.47688345265481,-0.931731357114357,-0.454847904459546
"149219",0.400901940354701,0.390662258866753,0.397056196398736,-0.00639393753198308,-0.0102396814879485,-0.00384574395596543
"476042",0.0731543148108808,0.194174934746813,0.117349061467466,0.0768258732793464,0.121020619935932,0.0441947466565853
"131472",0.276781714896438,0.399392273296004,0.320122076980566,0.0792701963154384,0.122610558399566,0.0433403620841277
"254297",0.190336220595421,0.160617098105704,0.178823119159543,-0.0182060210538396,-0.0297191224897168,-0.0115131014358773
"167135",0.0512519773407751,0.23174041266742,0.1097773762061,0.12196303646132,0.180488435326645,0.0585253988653246
"29901",0.0145567539221045,0.141936079553185,0.0533292432611364,0.0886068362920491,0.127379325631081,0.0387724893390319
"4760",0.566979356273537,0.508920262991519,0.544883217314255,-0.0359629543227364,-0.058059093282018,-0.0220961389592815
"202368",0.0667819123134472,0.168148449746032,0.102446385511867,0.065702064234165,0.101366537432585,0.0356644731984196
"243772",0.0211764288788237,0.0788116562519069,0.038544665557434,0.0402669906944729,0.0576352273730833,0.0173682366786103
"538518",0.156629198499158,0.246452243474691,0.18920423922428,0.0572480042504114,0.0898230449755333,0.0325750407251219
"394891",0.0326797663835724,0.105660625457055,0.055843571866353,0.0498170535907021,0.0729808590734827,0.0231638054827806
"330396",0.0236344602769121,0.113411105355118,0.050910308053931,0.0625007973011873,0.0897766450782062,0.0272758477770188
"266905",0.273986870676116,0.323809292309868,0.293052789214084,0.0307565030957839,0.0498224216337513,0.0190659185379674
"176071",0.0278153375908425,0.178196600189955,0.0767479750893154,0.101448625100639,0.150381262599112,0.0489326374984729
"126508",0.012193370983352,0.106133532862042,0.0395778596921597,0.0665556731698823,0.0939401618786901,0.0273844887088077
"18711",0.122651270282631,0.227290588439904,0.159091701915626,0.0681988865242771,0.104639318157272,0.036440431632995
"53090",0.17664252429247,0.178091917239924,0.177320636214734,0.00077128102519039,0.00144939294745405,0.000678111922263663
"101115",0.0214894878773924,0.0978562485617667,0.0441311663740749,0.0537250821876918,0.0763667606843743,0.0226416784966825
"60909",0.0665403878491722,0.171342915156813,0.101843848533757,0.0694990666230559,0.104802527307641,0.0353034606845846
"224901",0.152597666440902,0.24347168972433,0.185672954577863,0.0577987351464673,0.0908740232834276,0.0330752881369603
"171529",0.0305418116730636,0.120457101323169,0.0600086433794498,0.0604484579437191,0.0899152896501052,0.0294668317063861
"140737",0.131893726861374,0.156606783351172,0.142181206826912,0.0144255765242599,0.0247130564897978,0.0102874799655379
"216114",0.0379017698488196,0.0998462437362167,0.0579153904597537,0.041930853276463,0.0619444738873971,0.0200136206109341
"532712",0.0959128950171524,0.173610995174893,0.124532806422965,0.0490781887519282,0.0776981001577405,0.0286199114058124
"357222",0.124773391378265,0.23657078130185,0.165719068197845,0.0708517131040055,0.111797389923585,0.0409456768195798
"83909",0.0414302992111463,0.138703685490098,0.0729903349156017,0.0657133505744964,0.0972733862789517,0.0315600357044553
"552163",0.414944120646166,0.197324716922104,0.323970835796819,-0.126646118874715,-0.217619403724063,-0.0909732848493477
"237780",0.0606808078656188,0.220022599828892,0.114770328283824,0.105252271545068,0.159341791963273,0.0540895204182052
"322692",0.134466753575811,0.2505692162254,0.175704925575106,0.0748642906502936,0.116102462649589,0.0412381719992956
"178927",0.238181782074343,0.380691681755436,0.289240765747633,0.0914509160078027,0.142509899681093,0.0510589836732907
"170971",0.0959223047498321,0.223577594024745,0.139691020461128,0.0838865735636173,0.127655289274913,0.0437687157112956
"233211",0.0556606318145457,0.170806332411035,0.095571282406006,0.0752350500050293,0.11514570059649,0.0399106505914603
"91879",0.185691241355005,0.376114780463453,0.253860747967031,0.122254032496422,0.190423539108448,0.0681695066120255
"339181",0.0626726316758486,0.171925448242267,0.0985073610616538,0.0734180871806134,0.109252816566419,0.0358347293858053
"129077",0.159504712555474,0.221528382645554,0.182113057046918,0.0394153255986356,0.0620236700900802,0.0226083444914447
"255132",0.0416484685038224,0.201749832711509,0.0944938000596372,0.107256032651872,0.160101364207687,0.0528453315558148
"274517",0.115169776870575,0.148297973702356,0.127438846457765,0.0208591272445904,0.0331281968317803,0.0122690695871899
"42414",0.0317984557414068,0.10176040597049,0.054054510466003,0.0477058955044865,0.0699619502290827,0.0222560547245962
"469914",0.0165463153568496,0.0921121113023728,0.0387027446400639,0.0534093666623089,0.0755657959455232,0.0221564292832142
"73354",0.0671920027472924,0.230318530766116,0.121512334341181,0.108806196424935,0.163126528018824,0.0543203315938882
"68471",0.190699926646702,0.241790744347933,0.207557536053904,0.034233208294029,0.0510908177012307,0.0168576094072017
"29890",0.148035059962628,0.284287079825522,0.197136875819838,0.0871502040056845,0.136252019862895,0.0491018158572102
"26238",0.062168009306297,0.146223865070778,0.0903998498738721,0.0558240151969061,0.0840558557644811,0.028231840567575
"498476",0.0460389878181396,0.217843260462038,0.107587186117081,0.110256074344957,0.171804272643898,0.0615481982989411
"438085",0.207408729047311,0.207403034868711,0.207391721214822,1.13136538883174e-05,-5.69417860085686e-06,-1.70078324891743e-05
"205812",0.140065542063965,0.172701253903616,0.152036245486768,0.0206650084168477,0.0326357118396506,0.0119707034228029
"300165",0.108823090015196,0.0919060747869657,0.10239621681075,-0.0104901420237839,-0.0169170152282305,-0.00642687320444658
"530244",0.0384738201379096,0.192189777169641,0.0880952853452022,0.104094491824439,0.153715957031731,0.0496214652072927
"128424",0.0747823990962367,0.151404804289956,0.101165166943569,0.0502396373463868,0.0766224051937196,0.0263827678473328
"21849",0.0826316772527088,0.18073423942083,0.117319846795795,0.0634143926250346,0.0981025621681207,0.0346881695430861
"31",0.241234273140232,0.458228116711259,0.315567460687018,0.142660656024241,0.216993843571026,0.0743331875467857
"543368",0.020899985479789,0.124470665547285,0.0527792944951471,0.0716913710521379,0.103570680067496,0.0318793090153581
"398804",0.0546795630561239,0.154248045047154,0.0890512426143186,0.0651968024328356,0.0995684819910304,0.0343716795581948
"300240",0.0756807840057276,0.323953306494204,0.158312045068364,0.16564126142584,0.248272522488477,0.0826312610626363
"306107",0.227377106421511,0.146579295631347,0.195039290197198,-0.0484599945658512,-0.080797810790164,-0.0323378162243128
"400668",1.0162954224162,0.604117090503912,0.834626278823808,-0.230509188319896,-0.412178331912284,-0.181669143592388
"215478",0.22046403780313,0.181985729791155,0.205496007459636,-0.0235102776684814,-0.0384783080119757,-0.0149680303434943
"162453",0.306798054104492,0.141317973599082,0.236937763903229,-0.0956197903041473,-0.16548008050541,-0.0698602902012628
"332218",0.257652402453213,0.397778473443087,0.307634519729972,0.0901439537131152,0.140126070989874,0.0499821172767586
"522798",0.515109039926312,0.293997638643235,0.427018557406294,-0.133020918763059,-0.221111401283078,-0.0880904825200182
"20256",0.0436185198176716,0.117037562044511,0.0677585711599284,0.0492789908845825,0.0734190422268394,0.0241400513422569
"41099",0.03669645985227,0.117345575833906,0.0620177325127584,0.0553278433211476,0.080649115981636,0.0253212726604884
"163870",0.0424641135123378,0.125493626931524,0.0690475826748704,0.0564460442566536,0.0830295134191862,0.0265834691625326
"352611",0.14101045925624,0.263351752655433,0.184572307069791,0.0787794455856426,0.122341293399193,0.0435618478135504
"346735",0.477147785013308,0.401776708473691,0.439014696261839,-0.0372379877881479,-0.0753710765396163,-0.0381330887514685
"514916",0.342782729199305,0.247270662712428,0.305198873849493,-0.0579282111370654,-0.0955120664868771,-0.0375838553498117
"415873",0.0411370418638393,0.171497835401201,0.0821964206362752,0.0893014147649254,0.130360793537361,0.0410593787724359
"541918",0.0700960842995522,0.192465686613931,0.111478872702856,0.0809868139110754,0.122369602314379,0.0413827884033037
"398850",0.656430566369655,0.507994434192929,0.588071545223812,-0.0800771110308832,-0.148436132176725,-0.0683590211458422
"424847",0.0536224316553029,0.106160117726228,0.0715190768432285,0.0346410408829991,0.0525376860709247,0.0178966451879257
"451048",0.952101489086863,0.593307043547155,0.794817079963273,-0.201510036416119,-0.358794445539708,-0.157284409123589
"327632",0.277102357411276,0.544904557184459,0.365959450449511,0.178945106734948,0.267802199773183,0.0888570930382351
"354124",0.252716175398828,0.263046895531592,0.256658491804033,0.00638840372755928,0.010330720132764,0.0039423164052047
"53453",0.0683717749061612,0.0938772312712454,0.0773807724490772,0.0164964588221681,0.0255054563650841,0.00900899754291599
"120404",0.0817331036839835,0.0785691838082962,0.0805324314624469,-0.00196324765415069,-0.00316391987568734,-0.00120067222153665
"530371",0.00856068088718123,0.143716454354431,0.0502358324907904,0.0934806218636409,0.13515577346725,0.0416751516036091
"433610",0.0725089574424514,0.268893021844731,0.136833855371631,0.1320591664731,0.196384064402279,0.0643248979291793
"453365",0.0776936072886572,0.209189101119157,0.12414354407525,0.0850455570439073,0.1314954938305,0.0464499367865923
"61444",0.260665802494948,0.323235677786203,0.283702231454902,0.0395334463313015,0.0625698752912552,0.0230364289599537
"529328",0.0754765040933886,0.190542698544633,0.114397697416146,0.0761450011284872,0.115066194451245,0.0389211933227574
"60411",0.101179482433346,0.309588844852321,0.172538295147995,0.137050549704326,0.208409362418975,0.0713588127146491
"116400",0.124029627447024,0.248427575514497,0.167034645674397,0.0813929298401002,0.124397948067473,0.0430050182273729
"287676",0.0556776948666094,0.248051780965216,0.118585445849301,0.129466335115915,0.192374086098606,0.0629077509826914
"413801",0.959815457045889,0.530386729801912,0.76783178771256,-0.237445057910648,-0.429428727243977,-0.191983669333329
"362026",0.25226412022956,0.22899701704249,0.243385327205834,-0.0143883101633441,-0.0232671031870706,-0.00887879302372646
"89414",0.128458500034808,0.2210210261995,0.161680111339595,0.0593409148599048,0.092562526164692,0.0332216113047872
"7271",0.15471282892859,0.156631705503833,0.155419503948027,0.00121220155580573,0.00191887657524339,0.000706675019437664
"214397",0.154343334474762,0.264767110370046,0.193648155088304,0.0711189552817424,0.110423775895284,0.0393048206135414
"549578",0.170661643177332,0.271877756800066,0.206837581350817,0.0650401754492489,0.101216113622734,0.0361759381734848
"484083",0.863538231198912,0.623628355687339,0.759788029368982,-0.136159673681644,-0.239909875511574,-0.10375020182993
"22977",0.247068808005454,0.248243033531308,0.247597420415944,0.00064561311536418,0.00117422552585436,0.000528612410490181
"94853",1.43630344370257,0.434090610380333,0.9756920855481,-0.541601475167767,-1.00221283332223,-0.460611358154467
"181655",0.656058822699971,0.324887676676728,0.519511649731788,-0.19462397305506,-0.331171146023243,-0.136547172968183
"378959",0.299230231932275,0.435075933811803,0.347920326783972,0.0871556070278312,0.135845701879528,0.0486900948516971
"437533",0.0632590875549733,0.24170988414241,0.123658426146607,0.118051457995803,0.178450796587437,0.0603993385916334
"116972",0.0643703453500509,0.181588630889248,0.103176104475552,0.0784125264136965,0.117218285539197,0.0388057591255008
"359207",0.0449871672566605,0.165323164583985,0.0838089692932436,0.081514195290741,0.120335997327324,0.0388218020365831
"38790",0.104718282650329,0.238328018775715,0.151265290789661,0.0870627279860541,0.133609736125386,0.046547008139332
"19361",0.0453089174280067,0.101916723809548,0.064083021366591,0.0378337024429574,0.0566078063815416,0.0187741039385843
"305642",0.883756916663966,0.637081010985857,0.7747929449885,-0.137711934002644,-0.24667590567811,-0.108963971675466
"475616",0.0278674693496777,0.0896362260110329,0.0482494880709484,0.0413867379400845,0.0617687566613552,0.0203820187212707
"95204",0.161586440211498,0.212841721311154,0.180947886636848,0.0318938346743058,0.0512552810996554,0.0193614464253496
"542717",0.321997327250828,0.48793505896661,0.379920548575543,0.108014510391067,0.165937731715782,0.0579232213247149
"437712",1.04464284637044,0.835393709552759,0.958975285821917,-0.123581576269158,-0.209249136817678,-0.0856675605485203
"287749",0.312575047134412,0.438469028318108,0.357847275073737,0.080621753244371,0.125893981183696,0.0452722279393253
"9952",0.300617177275011,0.490092787289388,0.366431362195803,0.123661425093585,0.189475610014377,0.0658141849207926
"465241",0.0452844529295579,0.126376048581654,0.0724754864821196,0.053900562099534,0.0810915956520957,0.0271910335525617
"535069",0.0340587325771053,0.230501536325343,0.0995514170952855,0.130950119230057,0.196442803748238,0.0654926845181802
"101497",0.103092545795822,0.288141628794662,0.167031092618451,0.121110536176212,0.185049082998841,0.063938546822629
"149711",0.468135323145139,0.219577997102439,0.364512990511061,-0.144934993408622,-0.248557326042699,-0.103622332634077
"335883",0.131554121173748,0.199673320576755,0.155825796513092,0.0438475240636633,0.0681191994030071,0.0242716753393438
"25442",0.049732810248719,0.186587903857473,0.0939071541712033,0.0926807496862694,0.136855093608754,0.0441743439224843
"554431",0.185527929624193,0.263083973673158,0.213587960636428,0.0494960130367297,0.0775560440489649,0.0280600310122351
"471352",0.0390860773104954,0.104649490433842,0.0617575421173851,0.0428919483164571,0.0655634131233469,0.0226714648068898
"422577",0.01206548815394,0.115715175414963,0.0409978237139856,0.0747173517009779,0.103649687261023,0.0289323355600456
"540624",0.0559732096710664,0.104601336567772,0.0722488188788291,0.0323525176889427,0.0486281268967055,0.0162756092077627
"56717",0.0478260074930426,0.184837077742312,0.0918201452973998,0.0930169324449121,0.137011070249269,0.0439941378043572
"321534",0.0155887431861817,0.155898243960942,0.0585301646661413,0.0973680792948009,0.140309500774761,0.0429414214799596
"420610",0.0629792588763071,0.211746638870417,0.11126591125234,0.100480727618077,0.14876737999411,0.0482866523760326
"296719",0.144780376613745,0.0883109670134695,0.122283127298414,-0.0339721602849446,-0.0564694096002753,-0.0224972493153307
"557908",0.169731906742196,0.252452189442272,0.2004792876457,0.0519729017965716,0.082720282700076,0.0307473809035044
"113277",1.18903196674121,0.879054553857641,1.06405674797923,-0.185002194121592,-0.309977412883573,-0.124975218761981
"71634",0.0820068768331546,0.251671319381122,0.140192708309559,0.111478611071563,0.169664442547968,0.0581858314764048
"40733",0.0145753160764892,0.128715379465226,0.047263116753438,0.0814522627117882,0.114140063388737,0.0326878006769488
"547822",0.377661476755051,0.199452000382389,0.305532304374513,-0.106080303992124,-0.178209476372662,-0.0721291723805379
"483513",0.0275331536459924,0.158896348168531,0.0682250363997818,0.0906713117687496,0.131363194522539,0.0406918827537895
"12317",0.487265649214926,0.494794399950708,0.490061064266067,0.0047333356846414,0.00752875073578191,0.0027954150511405
"336815",0.474056160227678,0.392678279896841,0.44301389087713,-0.0503356109802895,-0.081377880330837,-0.0310422693505474
"24529",0.139706031551071,0.28792405200656,0.190090894415188,0.0978331575913721,0.148218020455489,0.050384862864117
"51230",0.0645059238113855,0.20582064432484,0.11054427170521,0.0952763726196296,0.141314720513454,0.0460383478938248
"446659",0.161094495970456,0.334603299164595,0.222325061589003,0.112278237575593,0.173508803194139,0.0612305656185469
"34909",0.0897205814108302,0.103842862637768,0.095701717826465,0.00814114481130275,0.0141222812269375,0.00598113641563479
"256189",0.0713397820370978,0.244800424799131,0.131085685918214,0.113714738880917,0.173460642762034,0.0597459038811164
"299208",1.18673297392356,0.602231181915149,0.933394223798995,-0.331163041883846,-0.584501792008415,-0.253338750124568
"512707",0.0226620050255911,0.14625065870705,0.060523288789696,0.0857273699173543,0.123588653681459,0.0378612837641048
"245105",0.0442091415133416,0.159487814150576,0.0809628046973073,0.0785250094532688,0.115278672637235,0.0367536631839657
"573034",0.151874057724836,0.14691711486598,0.150023625488412,-0.0031065106224322,-0.00495694285885548,-0.00185043223642328
"9532",0.124329428496123,0.0955117137211452,0.113120857812966,-0.017609144091821,-0.028817714774978,-0.011208570683157
"340996",0.038552450011793,0.186958484347512,0.0857655466944994,0.101192937653013,0.148406034335719,0.0472130966827064
"255126",0.339516432315522,0.388522541103537,0.357610011835116,0.0309125292684211,0.0490061087880146,0.0180935795195935
"474258",0.85937967334244,0.374412425872811,0.625074480189385,-0.250662054316575,-0.484967247469629,-0.234305193153054
"565459",0.375573769225051,0.444243973751031,0.401750084437479,0.042493889313552,0.0686702045259808,0.0261763152124287
"202117",0.0949230044791264,0.26311774413212,0.152153872964133,0.110963871167987,0.168194739652994,0.0572308684850066
"393974",0.0996722937298449,0.159088620480963,0.120246671087462,0.0388419493935016,0.0594163267511184,0.0205743773576169
"26527",0.188125951509037,0.2754820926341,0.219862155154904,0.0556199374791965,0.0873561411250626,0.0317362036458661
"322194",0.155517045654819,0.257138090506477,0.19334471182595,0.0637933786805261,0.101621044851658,0.0378276661711316
"23285",0.145233826735201,0.183912496005183,0.161498812577426,0.0224136834277565,0.0386786692699822,0.0162649858422257
"543307",0.0645840854915293,0.226564668005115,0.119899317044724,0.106665350960391,0.161980582513586,0.0553152315531949
"386862",0.0741459363242142,0.201811526146733,0.117936769958258,0.083874756188475,0.127665589822518,0.0437908336340435
"529393",0.0321889596066631,0.149659881017203,0.0698699401978297,0.0797899408193737,0.11747092141054,0.0376809805911666
"460445",0.96463151138306,0.428912296818323,0.715454801280058,-0.286542504461735,-0.535719214564737,-0.249176710103002
"351413",0.226160406606478,0.310660877182199,0.257162608386538,0.0534982687956608,0.0845004705757211,0.0310022017800603
"475793",0.171004376276704,0.23092033045001,0.192602280383204,0.0383180500668061,0.0599159541733063,0.0215979041065002
"148095",0.413499537423706,0.550460524106724,0.463197745648833,0.0872627784578903,0.136960986683017,0.049698208225127
"220860",0.151296440750619,0.179788894548028,0.161875571293265,0.0179133232547636,0.0284924537974093,0.0105791305426457
"543003",0.0545202823547883,0.293348801403497,0.137223796816894,0.156125004586603,0.238828519048709,0.0827035144621055
"390409",1.52287197773401,0.701864993241428,1.12026139847835,-0.418396405236918,-0.821006984492582,-0.402610579255664
"332013",0.428930159478255,0.399525492341987,0.41781126953704,-0.018285777195053,-0.0294046671362685,-0.0111188899412155
"470492",0.452802511742848,0.699124831682462,0.541978738630477,0.157146093051985,0.246322319939614,0.0891762268876298
"222938",0.296954988682035,0.190539134220606,0.252895636345288,-0.0623565021246822,-0.106415854461429,-0.0440593523367465
"562466",0.26975290407241,0.288503869498729,0.277077921983974,0.0114259475147547,0.0187509654263191,0.00732501791156442
"506487",0.0402764570384,0.121815187732248,0.0661292911063379,0.0556858966259106,0.0815387306938484,0.0258528340679379
"215189",0.391306000970696,0.199989171008532,0.31215266021957,-0.112163489211039,-0.191316829962165,-0.079153340751126
"81431",0.0219297927239414,0.108595091513815,0.0480139878626567,0.0605811036511586,0.0866652987898739,0.0260841951387153
"534143",0.0634729248093602,0.187784696240895,0.105215129087895,0.0825695671530005,0.124311771431535,0.0417422042785343
"22582",6.49965103055073,0.760033650822515,6.49965103055073,-5.73961737972822,-5.73961737972822,0
"209686",0.0315994760016977,0.130521778035304,0.0629594708822234,0.0675623071530802,0.0989223020336059,0.0313599948805257
"529594",0.0855915053514498,0.218228714196744,0.131496082149544,0.0867326320472001,0.132637208845295,0.0459045767980945
"315514",0.315668017565448,0.393226477206924,0.344143107367436,0.0490833698394882,0.0775584596414757,0.0284750898019874
"383300",0.0593261877461931,0.208715270915685,0.109219532180741,0.099495738734945,0.149389083169492,0.0498933444345474
"159921",0.176595999132129,0.264544556041756,0.210844396880886,0.0537001591608699,0.0879485569096263,0.0342483977487564
"347316",0.25874254055647,0.414730657813387,0.316807589674378,0.0979230681390088,0.155988117256917,0.0580650491179079
"361358",0.0818350913496733,0.241709874474512,0.136633072296409,0.105076802178103,0.159874783124838,0.0547979809467354
"360499",0.287310381953798,0.306476526055633,0.294640306628832,0.0118362194268016,0.0191661441018346,0.00732992467503307
"116600",10,0.690362200910057,10,-9.30963779908994,-9.30963779908994,0
"264620",0.270884787723635,0.286960941073657,0.276861945748659,0.0100989953249981,0.0160761533500223,0.00597715802502419
"346112",0.025030326084061,0.130652585312149,0.0584446321651185,0.07220795314703,0.105622259228088,0.0334143060810575
"146056",0.109703210029875,0.164883121415038,0.129758725967087,0.0351243954479505,0.0551799113851631,0.0200555159372126
"239750",0.0854648095695669,0.235072024184258,0.137385513102114,0.0976865110821435,0.149607214614691,0.0519207035325473
"253894",0.141872292295478,0.112906144359972,0.130591205162661,-0.0176850608026897,-0.0289661479355065,-0.0112810871328168
"500996",0.0533265424299481,0.133043565815632,0.0797929116276552,0.0532506541879764,0.0797170233856836,0.0264663691977071
"176708",0.0465207388557947,0.171128643459698,0.0876017373010072,0.0835269061586908,0.124607904603903,0.0410809984452124
"395216",0.346442617491431,0.475409115260474,0.3951523738418,0.0802567414186731,0.128966497769042,0.0487097563503692
"506292",3.83566436021469,1.5606157228502,2.62734738535307,-1.06673166250287,-2.27504863736448,-1.20831697486161
"456871",0.245758085215811,0.43961621592096,0.314790045997894,0.124826169923066,0.193858130705148,0.0690319607820828
"408014",0.0645848471640254,0.190099496289668,0.107684108109632,0.0824153881800356,0.125514649125643,0.0430992609456071
"557920",0.0137969072631825,0.102346395752017,0.0390088538599394,0.0633375418920774,0.0885494884888342,0.0252119465967569
"54289",0.095197011748942,0.194667240445663,0.130409262547873,0.0642579778977896,0.0994702286967211,0.0352122507989315
"78579",0.0609794541308885,0.17465481067947,0.100568021465347,0.0740867892141223,0.113675356548581,0.0395885673344588
"187106",0.815083352329945,0.591962781698364,0.713436939414095,-0.121474157715731,-0.223120570631581,-0.10164641291585
"149237",1.29634217342175,0.31422767769311,0.819084085115227,-0.504856407422118,-0.982114495728641,-0.477258088306523
"66619",0.00171971731391529,0.109107737867256,0.0300252027671832,0.0790825351000727,0.107388020553341,0.0283054854532679
"470687",0.0885142980760608,0.27256786766538,0.150893187735124,0.121674679930256,0.184053569589319,0.0623788896590628
"440579",0.0859388656387156,0.28294550229708,0.152146364102358,0.130799138194722,0.197006636658364,0.0662074984636425
"544729",0.0514571078600812,0.163082166090154,0.088332536424106,0.0747496296660483,0.111625058230073,0.0368754285640248
"351122",0.0449697691990262,0.130336840150089,0.0732251440522639,0.0571116960978251,0.0853670709510629,0.0282553748532377
"98833",0.522654739924039,0.408413493182256,0.480120842499312,-0.0717073493170562,-0.114241246741783,-0.042533897424727
"486742",0.0231945929126343,0.166013842819007,0.067850606181813,0.0981632366371937,0.142819249906372,0.0446560132691787
"179404",0.352796930443972,0.538595378381837,0.42021379558708,0.118381582794757,0.185798447937866,0.0674168651431087
"534026",0.051962260777332,0.16723039217964,0.0913906626741988,0.0758397295054414,0.115268131402308,0.0394284018968668
"380170",0.0348375089849739,0.214141929604357,0.0918623471709358,0.122279582433421,0.179304420619383,0.057024838185962
"312639",0.256889803364886,0.262238816644383,0.258367248102528,0.00387156854185428,0.0053490132794965,0.00147744473764222
"111315",0.0341629870008323,0.159393032921518,0.0770998785924502,0.0822931543290682,0.125230045920686,0.0429368915916179
"500613",0.151683000361401,0.118210274888995,0.138670552525158,-0.0204602776361633,-0.0334727254724065,-0.0130124478362433
"203566",0.155404237116675,0.347627953906052,0.224556810636494,0.123071143269558,0.192223716789377,0.0691525735198197
"139704",0.0461368248074776,0.100614429082215,0.0641821786619962,0.0364322504202191,0.0544776042747378,0.0180453538545187
"221935",1.668570100107,0.345932422685391,1.03608610002306,-0.690153677337666,-1.32263767742161,-0.63248400008394
"483215",0.172146593398195,0.328979881661406,0.227366520582923,0.101613361078483,0.156833288263211,0.0552199271847278
"481490",0.0441787330980457,0.212414151554345,0.0974986058701885,0.114915545684157,0.1682354184563,0.0533198727721427
"470320",0.0597568996916144,0.179518949847641,0.101062083674748,0.0784568661728928,0.119762050156026,0.0413051839831336
"141782",0.0550701460820469,0.218011202986876,0.109935647173594,0.108075555813282,0.162941056904829,0.0548655010915473
"497774",0.137148622149835,0.0934106358173619,0.120040322418529,-0.0266296866011667,-0.0437379863324736,-0.0171082997313069
"492721",0.0772219890302458,0.155475578878499,0.1042926595732,0.0511829193052986,0.0782535898482529,0.0270706705429543
"488096",0.15806677743589,0.202853220859624,0.174389608403416,0.0284636124562082,0.0447864434237344,0.0163228309675262
"502156",0.0978913115011068,0.298764459307115,0.166153276218369,0.132611183088746,0.200873147806008,0.0682619647172625
"351671",0.205264875693748,0.219144155803482,0.210550002935328,0.00859415286815404,0.0138792801097343,0.00528512724158023
"222889",0.05098729367764,0.103037624591686,0.0685045808201361,0.0345330437715495,0.0520503309140456,0.0175172871424961
"25106",0.0803681457397264,0.14963444295204,0.105177703980907,0.0444567389711324,0.0692662972123134,0.024809558241181
"497844",0.0143309157701899,0.122336522917198,0.0464412186610873,0.0758953042561104,0.108005607147008,0.0321103028908973
"466780",0.978005424053121,0.228748036811886,0.587808894912815,-0.359060858100929,-0.749257387241235,-0.390196529140305
"361208",1.23094450300169,0.875892763204738,1.05920471657069,-0.183311953365952,-0.355051739796954,-0.171739786431001
"454862",0.0980793052804261,0.156548519995914,0.118661725948746,0.0378867940471683,0.0584692147154878,0.0205824206683194
"432028",0.10310234751699,0.258462253293637,0.158730213014149,0.0997320402794873,0.155359905776647,0.0556278654971598
"441143",0.233590644046273,0.243578587438053,0.237333024735315,0.00624556270273852,0.00998794339178039,0.00374238068904187
"538388",0.114947577055251,0.418166420219073,0.218145513795411,0.200020906423662,0.303218843163822,0.103197936740159
"257604",0.0500969627543199,0.164824818425772,0.0895269836693108,0.0752978347564615,0.114727855671452,0.0394300209149908
"327289",0.181468759659397,0.336750545285144,0.236495789524311,0.100254755760833,0.155281785625747,0.0550270298649138
"5849",0.0488132293356285,0.176005434380062,0.0955759793891839,0.0804294549908785,0.127192205044434,0.0467627500535554
"191051",0.319256823546769,0.52550807339165,0.391742740014476,0.133765333377174,0.206251249844881,0.0724859164677066
"138980",0.0477184711193999,0.193077198347955,0.0945118636485581,0.0985653346993972,0.145358727228555,0.0467933925291582
"59361",0.0592219015025984,0.232763007524742,0.116968887932652,0.115794119592091,0.173541106022144,0.0577469864300532
"65763",0.200820685046813,0.405404805915528,0.270698874058327,0.1347059318572,0.204584120868715,0.0698781890115144
"469702",0.322755845218835,0.180735910432095,0.266007522469701,-0.0852716120376062,-0.14201993478674,-0.0567483227491339
"127123",0.150714552384944,0.244996962454677,0.185729542407999,0.0592674200466786,0.0942824100697331,0.0350149900230545
"522991",0.175745143434257,0.289209976195142,0.218533079631997,0.0706768965631455,0.113464832760885,0.0427879361977396
"126389",0.469616062632633,0.561276304579588,0.502797896958452,0.0584784076211354,0.0916602419469547,0.0331818343258193
"16935",0.149796774430671,0.221760236373192,0.177410328404098,0.0443499079690939,0.0719634619425203,0.0276135539734264
"278153",0.0413238856469108,0.173928135781159,0.0833672144915154,0.090560921289644,0.132604250134249,0.0420433288446046
"338563",0.152834467672796,0.255214268407888,0.192240119123612,0.0629741492842756,0.102379800735091,0.0394056514508159
"80665",0.422326864268426,0.290060851122244,0.37172920984928,-0.081668358727036,-0.132266013146182,-0.0505976544191455
"539145",0.1090361839996,0.286576117718865,0.172135277190181,0.114440840528685,0.177539933719265,0.0630990931905805
"172745",5.93113818855211,0.890050966722431,5.93113818855211,-5.04108722182968,-5.04108722182968,0
"497248",0.270190872649839,0.228764762495997,0.25423417803133,-0.0254694155353333,-0.0414261101538426,-0.0159566946185093
"367875",0.0362525105882459,0.182040959169037,0.0837412820262725,0.0982996771427649,0.145788448580792,0.0474887714380266
"83614",0.523307943189794,0.596129064581908,0.550713595723002,0.0454154688589058,0.0728211213921132,0.0274056525332074
"467748",0.170436587308742,0.141207072077344,0.159111024592049,-0.0179039525147053,-0.0292295152313975,-0.0113255627166921
"523897",0.0907049821229767,0.0723887903292194,0.086593457470079,-0.0142046671408595,-0.0183161917937572,-0.00411152465289769
"206333",0.527592874283991,0.533021681655607,0.529551495494982,0.00347018616062478,0.00542880737161577,0.001958621210991
"480532",0.0723407660209628,0.0972837302785961,0.0811470571043674,0.0161366731742287,0.0249429642576333,0.00880629108340457
"527540",0.0360542294595864,0.136794159747888,0.0695116661167378,0.0672824936311498,0.100739930288301,0.0334574366571514
"205255",0.0876033269961902,0.195850874864922,0.126376141201795,0.0694747336631267,0.108247547868732,0.0387728142056049
"321427",0.241094017880388,0.444209844295647,0.313765927749529,0.130443916546118,0.203115826415259,0.0726719098691418
"11540",0.316527418420553,0.282185344519078,0.302232773652659,-0.0200474291335814,-0.0343420739014746,-0.0142946447678933
"348283",0.0701074168837921,0.211426753724522,0.117363793993053,0.0940629597314693,0.14131933684073,0.0472563771092609
"293479",0.213560820263607,0.212925018156067,0.213393759692961,-0.000468741536894024,-0.000635802107540218,-0.000167060570646194
"120059",0.0393024591369978,0.123242878077606,0.0658516261576791,0.057391251919927,0.0839404189406084,0.0265491670206814
"447691",0.239238312916609,0.419277910638742,0.304318529319043,0.114959381319699,0.180039597722133,0.0650802164024343
"118381",0.0114291789170035,0.155755392637871,0.056940702962946,0.0988146896749252,0.144326213720868,0.0455115240459424
"521653",0.200741542632373,0.134007878995508,0.174090728280229,-0.0400828492847212,-0.0667336636368648,-0.0266508143521436
"94218",0.0549851787034843,0.0947108201516024,0.0684563407731991,0.0262544793784033,0.0397256414481181,0.0134711620697148
"398174",0.0510137627259073,0.181434520655521,0.0934638434911446,0.0879706771643763,0.130420757929614,0.0424500807652374
"169645",1.31157684303321,0.837430913213313,1.11994666482872,-0.282515751615411,-0.474145929819895,-0.191630178204484
"318592",0.101988974305284,0.24791599679789,0.152698518188397,0.0952174786094939,0.145927022492607,0.0507095438831127
"25067",0.0329945650057177,0.144469193385143,0.0680547992151292,0.0764143941700139,0.111474628379425,0.0350602342094115
"530697",0.136796892356782,0.247999340771411,0.176536032751492,0.071463308019919,0.111202448414628,0.0397391403947095
"76766",0.0860561326546474,0.0927811020502654,0.0877885851548501,0.00499251689541536,0.00672496939561802,0.00173245250020267
"277837",0.236487812610734,0.211535182483423,0.226928953622477,-0.0153937711390547,-0.0249526301273114,-0.00955885898825673
"225909",0.0759155366267978,0.262664027845637,0.140501083756973,0.122162944088663,0.186748491218839,0.0645855471301754
"317544",0.147784939242248,0.283823708732439,0.196728474191913,0.0870952345405263,0.136038769490192,0.0489435349496652
"391696",0.25440234681564,0.637130113162868,0.38049393324903,0.256636179913838,0.382727766347228,0.12609158643339
"356981",0.109240948054581,0.1633209923563,0.129177620350554,0.0341433720057462,0.0540800443017188,0.0199366722959726
"92088",0.252307151236732,0.374224300144883,0.296163068343757,0.0780612318011266,0.121917148908152,0.0438559171070251
"28360",0.173670057491148,0.269335336939199,0.208204831265076,0.0611305056741226,0.0956652794480512,0.0345347737739286
"505931",0.12221137024814,0.202578846770195,0.151149916386211,0.0514289303839844,0.0803674765220555,0.0289385461380711
"257786",0.170196387884069,0.229130508710244,0.192329573360904,0.0368009353493397,0.0589341208261752,0.0221331854768354
"223756",0.322472763206872,0.400122218810349,0.351091128749166,0.0490310900611826,0.0776494556034763,0.0286183655422937
"330551",0.187550466507083,0.328187437437848,0.238129642019299,0.0900577954185491,0.140636970930765,0.050579175512216
"463610",0.0394922785553267,0.172198650064526,0.0808786186287438,0.0913200314357821,0.132706371509199,0.0413863400734171
"54912",0.0510302993409088,0.203177139235358,0.102329027420012,0.100848111815347,0.15214683989445,0.0512987280791027
"54223",0.126935197090776,0.208975785332096,0.156636675223293,0.0523391101088025,0.0820405882413204,0.0297014781325179
"234809",0.144493444022254,0.226819529300264,0.178898007884575,0.0479215214156895,0.0823260852780105,0.034404563862321
"368174",0.379786683763345,0.339438068000774,0.3643065806943,-0.0248685126935258,-0.040348615762571,-0.0154801030690452
"548945",0.205740592843409,0.474301133413091,0.30132302119304,0.172978112220052,0.268560540569683,0.0955824283496309
"480744",0.0651896717178846,0.190090417058202,0.107159149076997,0.0829312679812054,0.124900745340318,0.0419694773591123
"514281",0.112856167307315,0.159995192570046,0.130364083275882,0.0296311092941635,0.0471390252627305,0.017507915968567
"116149",0.239272228727402,0.438824031410562,0.308722066819382,0.13010196459118,0.19955180268316,0.06944983809198
"237274",0.319943386961603,0.229249173865651,0.284772276816836,-0.0555231029511852,-0.0906942130959526,-0.0351711101447674
"156883",0.175054315371901,0.192364085805961,0.181700533943336,0.0106635518626247,0.0173097704340595,0.00664621857143474
"251953",0.159056106529459,0.155871426552103,0.157855536190588,-0.00198410963848575,-0.00318467997735614,-0.00120057033887039
"158167",2.04548116884365,1.45556676236229,1.75885660190128,-0.303289839538991,-0.589914406481359,-0.286624566942368
"119100",0.132085943484068,0.372750061067129,0.214704173751843,0.158045887315286,0.240664117583061,0.0826182302677744
"302727",0.0683766807886218,0.183083359692753,0.108495078053339,0.0745882816394137,0.114706678904131,0.0401183972647174
"569213",0.0308576158578576,0.139596317918128,0.0657859799769371,0.0738103379411912,0.108738702060271,0.0349283641190795
"572397",0.481746448466206,0.542754331584828,0.510307223224255,0.0324471083605735,0.0610078831186224,0.0285607747580489
"458940",0.121872313732956,0.217035422692363,0.155819708014079,0.061215714678284,0.0951631089594064,0.0339473942811224
"346130",0.0887773295189252,0.192680802406069,0.124636671041321,0.0680441313647483,0.103903472887144,0.0358593415223959
"487988",0.0863676025203399,0.133843779916436,0.103132286002917,0.0307114939135193,0.0474761773960965,0.0167646834825773
"85956",0.0169354613072175,0.121791462827467,0.0504102272514405,0.0713812355760267,0.10485600152025,0.0334747659442231
"196913",0.57194812747952,0.426860465964077,0.501703835565756,-0.0748433696016784,-0.145087661515442,-0.070244291913764
"213624",0.202579635787514,0.277384804844074,0.23015515059356,0.0472296542505136,0.0748051690565597,0.0275755148060461
"248134",1.72423869248261,0.777496166050154,1.27568981282591,-0.498193646775752,-0.946742526432455,-0.448548879656704
"415592",0.0446163602265973,0.22901312578876,0.104524216755002,0.124488909033758,0.184396765562162,0.0599078565284042
"80205",0.144717943362057,0.419819220207804,0.242352526996065,0.177466693211739,0.275101276845747,0.0976345836340082
"319715",0.117278906146791,0.322039272777663,0.188970411588974,0.13306886118869,0.204760366630873,0.0716915054421831
"479064",1.13791599395134,0.519636466939012,0.858906872258437,-0.339270405319424,-0.618279527012323,-0.279009121692899
"91114",0.099750497110393,0.178801995827024,0.126952815295268,0.0518491805317557,0.0790514987166307,0.027202318184875
"496544",0.0304609674105653,0.138902441766593,0.0642535144182108,0.0746489273483823,0.108441474356028,0.0337925470076456
"316116",0.144022805303864,0.250239308303695,0.182588439529104,0.0676508687745908,0.106216502999831,0.0385656342252399
"429095",0.0697393242676761,0.275366421862113,0.139552598776634,0.135813823085479,0.205627097594437,0.0698132745089575
"28456",0.213454147825998,0.304508843748824,0.247033427239879,0.0574754165089452,0.0910546959228261,0.0335792794138809
"208265",0.331670138706498,0.401389159363093,0.358493628410207,0.0428955309528858,0.0697190206565951,0.0268234897037092
"245822",0.0659155727122529,0.197053302293795,0.111280292880525,0.0857730094132708,0.131137729581542,0.0453647201682717
"213005",0.106191698806008,0.354049958845851,0.190114983593623,0.163934975252228,0.247858260039843,0.0839232847876151
"322106",0.0209741115516224,0.0781860507865793,0.0365474821237555,0.0416385686628239,0.0572119392349569,0.015573370572133
"137802",0.312484221957371,0.266975808756896,0.29488421005845,-0.0279084013015543,-0.0455084132004752,-0.0176000118989209
"410112",0.0251828692139754,0.109430917034397,0.0524860748294613,0.0569448422049359,0.0842480478204217,0.0273032056154858
"426671",0.0388497036194458,0.209191277843947,0.0933780842776312,0.115813193566316,0.170341574224501,0.0545283806581854
"224302",0.162331191666437,0.165561291329307,0.163541725033408,0.00201956629589853,0.00323009966286975,0.00121053336697122
"352924",0.0416104012889547,0.162431964184162,0.081397448085564,0.081034516098598,0.120821562895207,0.0397870467966092
"76385",0.0168597596525758,0.135044495216043,0.0529204221787663,0.0821240730372764,0.118184735563467,0.0360606625261906
"550173",0.0489026859460296,0.175139086294797,0.0922341790503988,0.0829049072443981,0.126236400348767,0.0433314931043692
"200207",0.0671919020603652,0.164614789033428,0.102467618535192,0.0621471704982355,0.0974228869730624,0.0352757164748269
"349233",0.140431294238776,0.121992822044072,0.133317266604395,-0.0113244445603232,-0.0184384721947045,-0.00711402763438126
"280497",0.0532973862866357,0.165259462806733,0.0924335668076782,0.0728258959990551,0.111962076520098,0.0391361805210426
"214299",0.207822051047066,0.393026480883312,0.272132197970612,0.120894282912699,0.185204429836246,0.0643101469235465
"95142",0.0934335253777051,0.192749547957779,0.12798463506134,0.0647649128964388,0.0993160225800739,0.0345511096836351
"107037",0.225212677729772,0.270347205455372,0.241849212167982,0.0284979932873907,0.0451345277256001,0.0166365344382093
"199529",0.272431526742517,0.336395800836264,0.295996583243665,0.0403992175925996,0.063964274093747,0.0235650565011474
"124510",0.311652554643136,0.25970096851982,0.291887563788594,-0.0321865952687738,-0.051951586123316,-0.0197649908545422
"341982",0.117520553924598,0.153767182348429,0.131133376039985,0.0226338063084438,0.0362466284238306,0.0136128221153868
"482294",1.0909624389746,0.847733468535812,0.992941230419745,-0.145207761883932,-0.243228970438787,-0.0980212085548549
"321410",0.00355830566362503,0.0844556159561078,0.0249782320052189,0.0594773839508889,0.0808973102924827,0.0214199263415938
"158800",0.14786722734908,0.239878874566418,0.181167957946627,0.0587109166197908,0.092011647217338,0.0333007305975473
"538638",0.0905325668868707,0.205965340600034,0.131672385454125,0.0742929551459092,0.115432773713163,0.041139818567254
"346777",3.40103305531163,1.20340265160429,2.16027614577174,-0.956873494167449,-2.19763040370734,-1.24075690953989
"440510",0.74326976108818,0.434244571879384,0.622488856483221,-0.188244284603837,-0.309025189208795,-0.120780904604959
"350611",0.0586910203092642,0.322549694210509,0.14372669880568,0.178822995404829,0.263858673901245,0.0850356784964154
"416888",0.112291273286482,0.104795714184843,0.109503011613107,-0.00470729742826413,-0.00749555910163847,-0.00278826167337434
"218319",0.0684893737714392,0.349470925281073,0.15936124195582,0.190109683325253,0.280981551509634,0.0908718681843809
"106884",0.158703409041594,0.232679140759747,0.185569083584129,0.0471100571756175,0.0739757317181521,0.0268656745425346
"289914",0.101709680578796,0.189991443507619,0.132988045404636,0.0570033981029827,0.088281762928823,0.0312783648258403
"316719",0.242266761770538,0.407870207817105,0.30756006162593,0.100310146191175,0.165603446046567,0.0652932998553926
"574411",0.193600839252184,0.252153232424322,0.215329725681991,0.0368235067423306,0.0585523931721379,0.0217288864298072
"322561",0.091587609898588,0.287453528524379,0.164216879320426,0.123236649203953,0.195865918625791,0.0726292694218375
"121317",0.196190355543693,0.362718348552122,0.254837799609291,0.107880548942831,0.16652799300843,0.0586474440655981
"419659",0.118126886949466,0.25038516225525,0.163707191116203,0.0866779711390465,0.132258275305784,0.0455803041667373
"475757",0.0513297814615985,0.121633548040571,0.075346458256744,0.046287089783827,0.0703037665789725,0.0240166767951455
"113994",0.031945960010187,0.089774802888082,0.0502916503788947,0.0394831525091873,0.057828842877895,0.0183456903687077
"91616",0.0604851161518661,0.230894849515192,0.117642040914275,0.113252808600917,0.170409733363326,0.0571569247624092
"440594",0.0423114513111868,0.186341909328618,0.0909373533748153,0.0954045559538026,0.144030458017431,0.0486259020636285
"24385",0.0591051635419187,0.181548644319164,0.100284938596493,0.0812637057226716,0.122443480777245,0.0411797750545738
"486472",0.131281477476212,0.333911854925333,0.200671130947784,0.133240723977548,0.20263037744912,0.0693896534715721
"439406",0.0268729786014837,0.158471877476624,0.069460604752399,0.0890112727242253,0.131598898875141,0.0425876261509154
"254438",0.0109713109530542,0.0980084756415475,0.0359444548823166,0.0620640207592309,0.0870371646884933,0.0249731439292624
"167027",2.29837030674947,0.634558178595024,1.49907221654341,-0.864514037948384,-1.66381212815445,-0.799298090206066
"234258",0.11534916807939,0.0987753284079364,0.1090458985774,-0.0102705701694641,-0.0165738396714535,-0.00630326950198935
"485230",0.426147520098089,0.424406272394554,0.425297128139801,-0.000890855745246832,-0.00174124770353418,-0.000850391958287344
"91838",0.195100946161288,0.290545155185109,0.229126764496745,0.0614183906883649,0.0954442090238219,0.034025818335457
"86641",0.211348139883385,0.281908616369516,0.237145251258272,0.0447633651112438,0.0705604764861308,0.0257971113748869
"23070",0.194384601156125,0.254334362166325,0.216112905939035,0.0382214562272903,0.0599497610101999,0.0217283047829096
"169481",0.1166997132318,0.284952866684799,0.173972840326957,0.110980026357842,0.168253153452999,0.0572731270951574
"357981",0.0732826994350671,0.0912017602923536,0.0796814125657301,0.0115203477266234,0.0179190608572865,0.00639871313066302
"305986",0.261296360414969,0.299545953667507,0.275450122672981,0.0240958309945264,0.0382495932525386,0.0141537622580121
"60447",0.154578449740463,0.377780277210898,0.230741675711989,0.14703860149891,0.223201827470436,0.0761632259715261
"130997",0.0319033909621668,0.174818397186585,0.0784145523877299,0.0964038447988554,0.142915006224419,0.0465111614255631
"372210",0.0530047268412486,0.124229070240627,0.0756945990308452,0.0485344712097813,0.0712243433993779,0.0226898721895966
"103088",0.147028228873307,0.421095904268549,0.243827852664301,0.177268051604248,0.274067675395242,0.0967996237909934
"19423",0.0459369629931569,0.22641904939432,0.10888917643628,0.11752987295804,0.180482086401163,0.0629522134431231
"115525",0.118377465727416,0.320328284121459,0.189738117588983,0.130590166532476,0.201950818394042,0.071360651861567
"136643",0.0683637131723141,0.291610723186461,0.141484345725478,0.150126377460983,0.223247010014147,0.0731206325531638
"258400",0.143364125206384,0.181199354257622,0.157452486100157,0.0237468681574648,0.0378352290512381,0.0140883608937733
"286069",0.315961291123094,0.256480503376194,0.292840311971867,-0.0363598085956728,-0.0594807877469,-0.0231209791512272
"106181",0.0838282250037137,0.230731671847476,0.133600441997598,0.0971312298498777,0.146903446843762,0.0497722169938843
"469753",0.174318718910589,0.332777518140086,0.230259662548072,0.102517855592014,0.158458799229497,0.0559409436374828
"265560",0.162770435179266,0.274211940324515,0.203383769195781,0.0708281711287344,0.11144150514525,0.0406133340165151
"19460",0.107897348925442,0.106035900413451,0.107201378890613,-0.00116547847716215,-0.00186144851199126,-0.000695970034829102
"32364",0.224388910120584,0.3523144329302,0.271104056079547,0.081210376850653,0.127925522809616,0.0467151459589634
"294658",2.0307304350395,0.942004106324262,1.45047746156231,-0.50847335523805,-1.08872632871524,-0.580252973477188
"134320",0.154000142228561,0.104300824158368,0.134486426101862,-0.0301856019434941,-0.0496993180701929,-0.0195137161266989
"149326",0.036563295909496,0.134859780473234,0.0681321343443546,0.0667276461288794,0.098296484563738,0.0315688384348586
"385772",0.309858753576325,0.336752598640583,0.319869795548895,0.0168828030916881,0.0268938450642581,0.01001104197257
"25776",0.116732687315094,0.135838657818262,0.123903791573089,0.011934866245173,0.0191059705031678,0.00717110425799485
"435391",0.119275683004018,0.112640273969802,0.11673470756221,-0.00409443359240778,-0.00663540903421564,-0.00254097544180786
"113759",0.212140991183846,0.337962437603893,0.258329923013105,0.0796325145907879,0.125821446420047,0.0461889318292591
"321341",0.0278438319413306,0.13302228762713,0.0616989477737979,0.0713233398533323,0.1051784556858,0.0338551158324673
"54243",0.194067356410366,0.22840523376908,0.206723285432775,0.0216819483363041,0.0343378773587138,0.0126559290224097
"514150",0.121108853892857,0.229210844863326,0.161493476605386,0.0677173682579393,0.108101990970468,0.0403846227125289
"380269",0.497749278745796,0.596535452076876,0.53242573653249,0.0641097155443853,0.0987861733310795,0.0346764577866942
"424431",0.0541688493922202,0.11378198503202,0.0753508431660532,0.0384311418659673,0.0596131356398003,0.021181993773833
"317179",0.0651520806794552,0.174301489049604,0.101936356538232,0.0723651325113716,0.109149408370149,0.0367842758587769
"155214",0.721547037405714,0.777643060071007,0.740912265827967,0.0367307942430398,0.0560960226652922,0.0193652284222524
"81289",0.0341258946079347,0.201005788531907,0.0880303080004226,0.112975480531485,0.166879893923973,0.0539044133924879
"87462",0.587350303056231,0.38504669376624,0.486977401520294,-0.101930707754054,-0.202303609289991,-0.100372901535937
"41542",0.0737408568806668,0.154226491845587,0.101912013300018,0.0523144785455682,0.0804856349649199,0.0281711564193517
"72499",0.0965787611930667,0.240936634429062,0.148973610135457,0.0919630242936057,0.144357873235996,0.05239484894239
"305841",0.774565777596854,0.533764232816765,0.665418640758678,-0.131654407941913,-0.240801544780089,-0.109147136838175
"257521",0.140278950471882,0.18759479796811,0.158715066143468,0.0288797318246418,0.0473158474962279,0.0184361156715862
"425921",0.121449873913997,0.197405748251893,0.147081112160759,0.0503246360911339,0.0759558743378963,0.0256312382467624
"554239",0.0854858823269615,0.247575052459578,0.140461764479045,0.107113287980533,0.162089170132617,0.0549758821520833
"329432",0.194343769865945,0.132042172348413,0.169900769729943,-0.0378585973815302,-0.0623015975175316,-0.0244430001360015
"333789",0.0665174997723222,0.225053813197982,0.119355875716363,0.10569793748162,0.15853631342566,0.0528383759440405
"200080",0.66135938444618,0.406594595610914,0.53754794172626,-0.130953346115346,-0.254764788835266,-0.12381144271992
"322472",0.216839607381255,0.154037476439109,0.190067648641822,-0.0360301722027127,-0.0628021309421461,-0.0267719587394334
"228618",0.0461969935850821,0.162730707253868,0.083552936786485,0.0791777704673826,0.116533713668786,0.0373559432014029
"512143",0.0945682510072946,0.28484615164953,0.160492040734897,0.124354110914632,0.190277900642235,0.0659237897276028
"526627",0.09425533242409,0.243798980854923,0.144827713698758,0.0989712671561651,0.149543648430834,0.0505723812746684
"576919",0.118895875081122,0.206675050848087,0.150727155611117,0.0559478952369695,0.087779175766965,0.0318312805299954
"465872",0.0534062156515718,0.127218013967885,0.0781729119341481,0.0490451020337365,0.0738117983163128,0.0247666962825763
"165705",0.0713886063291497,0.104603722320943,0.0830666286455983,0.0215370936753449,0.0332151159917934,0.0116780223164486
"29962",1.01360960250352,0.796137647108033,0.923299471388736,-0.127161824280703,-0.21747195539549,-0.0903101311147871
"141568",0.20140369103225,0.269065376958524,0.226354791414995,0.0427105855435287,0.0676616859262739,0.0249511003827453
"453442",0.04693074411831,0.195810415370466,0.0996856917768109,0.0961247235936555,0.148879671252156,0.0527549476585008
"469101",0.573559344698212,0.470856448582549,0.535701011249123,-0.0648445626665737,-0.102702896115663,-0.0378583334490893
"217194",0.109237036188826,0.259162432530033,0.163416791721967,0.0957456408080656,0.149925396341207,0.0541797555331411
"24906",0.0551774543512859,0.1173980357743,0.0760572084088338,0.0413408273654659,0.0622205814230138,0.0208797540575479
"77228",0.545519077498881,0.55184581626978,0.547904376528,0.00394143974178063,0.00632673877089951,0.00238529902911888
"363765",0.0441489093543255,0.125413153123334,0.0710457025207468,0.0543674506025873,0.0812642437690086,0.0268967931664213
"119394",0.399863816861876,0.497254401867349,0.435002777979601,0.0622516238877481,0.0973905850054729,0.0351389611177248
"276126",0.122724855572245,0.160492957364224,0.136724365291846,0.0237685920723776,0.0377681017919784,0.0139995097196008
"57523",0.0524653056337545,0.148187792794302,0.0855543577589892,0.062633435035313,0.0957224871605478,0.0330890521252347
"425266",0.379888216890212,0.256694977275062,0.331358961081745,-0.074663983806683,-0.123193239615149,-0.0485292558084663
"497153",0.214688742976481,0.354700860472783,0.264601563857362,0.0900992966154212,0.140012117496303,0.0499128208808814
"567930",0.373426403604714,0.368053782308775,0.371891964091557,-0.00383818178278156,-0.00537262129593863,-0.00153443951315707
"438108",0.0584885583106535,0.237622571501978,0.11728844520823,0.120334126293748,0.179134013191324,0.0587998868975764
"529931",0.0715202176335446,0.0999822088486142,0.0815027814768573,0.0184794273717568,0.0284619912150695,0.00998256384331268
"262428",0.0582930095490615,0.205980800055496,0.107491711806994,0.0984890882485018,0.147687790506434,0.0491987022579325
"361223",0.098295048674291,0.509530617769564,0.229843672929448,0.279686944840116,0.411235569095273,0.131548624255157
"223467",0.345382509622632,0.219939415517412,0.295498712164331,-0.075559296646919,-0.125443094105219,-0.0498837974583005
"154544",0.435599605858722,0.260826871315607,0.365854797785445,-0.105027926469839,-0.174772734543115,-0.0697448080732764
"263709",0.199669075234239,0.187478656705137,0.195001861771848,-0.00752320506671139,-0.0121904185291024,-0.00466721346239096
"181062",1.81237646485608,0.74664811387126,1.3037914600813,-0.557143346210044,-1.06572835098482,-0.508585004774772
"329574",0.115826816931982,0.239742992650624,0.159495388500178,0.0802476041504465,0.123916175718643,0.0436685715681965
"416185",0.0140932757794511,0.0964209973959418,0.0378119935602957,0.0586090038356461,0.0823277216164907,0.0237187177808447
"162520",0.281539223510384,0.179941747877431,0.241070000418692,-0.0611282525412618,-0.101597475632954,-0.0404692230916921
"559486",0.0939650377117163,0.300633034713306,0.163915136669806,0.136717898043499,0.206667997001589,0.0699500989580901
"462450",0.0390949850791042,0.187978146012609,0.0951926448041063,0.0927855012085028,0.148883160933505,0.056097659725002
"38015",0.419190748166378,0.493026778237116,0.445352932659526,0.0476738455775901,0.0738360300707376,0.0261621844931474
"440779",0.0399932524095817,0.192994689579312,0.08949977858758,0.103494910991732,0.15300143716973,0.0495065261779983
"336218",0.0860095759718058,0.182805258751706,0.119434179837901,0.0633710789138058,0.0967956827799006,0.0334246038660948
"137168",0.0377012646427913,0.116748981012888,0.0625996501023054,0.0541493309105827,0.0790477163700969,0.0248983854595142
"316688",0.0490552511853952,0.212081667118303,0.103336067028533,0.10874560008977,0.163026415932908,0.0542808158431378
"187618",0.371858303606005,0.226492770130012,0.313915775169623,-0.0874230050396111,-0.145365533475993,-0.0579425284363823
"515400",0.259995412350623,0.17222690734597,0.224488505796137,-0.0522615984501667,-0.0877685050046529,-0.0355069065544862
"476443",0.0475282080359552,0.199018822025839,0.0995213050968839,0.0994975169289555,0.151490613989884,0.0519930970609287
"340643",0.0570428110379328,0.143548540098635,0.0858050118775532,0.057743528221082,0.0865057290607024,0.0287622008396204
"432620",0.0918965813302432,0.141429532153309,0.10968557781708,0.0317439543362289,0.0495329508230661,0.0177889964868372
"389638",0.143934973715654,0.305912591363985,0.19986153002344,0.106051061340545,0.161977617648331,0.0559265563077869
"22159",0.0239765922480774,0.13352805490032,0.0573932630834457,0.076134791816874,0.109551462652242,0.0334166708353683
"227970",0.152745752802558,0.227599614579542,0.179847921875935,0.0477516927036069,0.0748538617769831,0.0271021690733762
"65639",0.172288550985306,0.20626619779162,0.18500809893136,0.0212580988602603,0.033977646806314,0.0127195479460538
"462564",0.102784172646658,0.168604609859746,0.125850343164287,0.0427542666954589,0.0658204372130873,0.0230661705176284
"554745",0.905180666038216,1.25864269588282,1.03676847697848,0.22187421890434,0.353462029844606,0.131587810940266
"279588",1.35953578214277,0.987236766954401,1.18751006285438,-0.200273295899984,-0.372299015188372,-0.172025719288389
"200679",0.0872493421480498,0.223242841515708,0.134934278677776,0.0883085628379311,0.135993499367658,0.0476849365297267
"394351",0.310619072939133,0.432724749197188,0.355772854961404,0.0769518942357846,0.122105676258056,0.045153782022271
"434359",0.0457179050870757,0.116730917815306,0.0690354805505978,0.0476954372647081,0.0710130127282301,0.0233175754635221
"93667",0.0399784229805895,0.137394271454321,0.0711860779634122,0.066208193490909,0.0974158484737316,0.0312076549828226
"338020",0.0320990327037927,0.156782385798445,0.0715645497017957,0.0852178360966492,0.124683353094652,0.039465516998003
"25618",0.0807650850281187,0.112271593552086,0.0926775646344321,0.0195940289176535,0.031506508523967,0.0119124796063134
"256358",0.407540338571289,0.194840811516247,0.319610133913174,-0.124769322396927,-0.212699527055042,-0.0879302046581148
"502838",0.454326078002833,0.544926700247989,0.487136867532074,0.0577898327159141,0.090600622245156,0.0328107895292419
"83702",0.107843646165019,0.282882160333428,0.169492792376357,0.113389367957071,0.175038514168409,0.0616491462113389
"31368",0.0918357552198139,0.177853058029744,0.121986410235027,0.055866647794717,0.0860173028099301,0.0301506550152131
"531296",0.908455851533858,0.292541731289464,0.643610870938487,-0.351069139649023,-0.615914120244394,-0.264844980595371
"519588",0.265827105340251,0.198858352107505,0.239630960085233,-0.0407726079777277,-0.066968753232746,-0.0261961452550184
"577585",2.37914246302326,1.06941150722913,1.71287897094011,-0.64346746371098,-1.30973095579413,-0.666263492083151
"88668",0.0719992248766922,0.121409023340742,0.0891263039988713,0.0322827193418711,0.0494097984640501,0.0171270791221791
"120217",0.0877221734597887,0.178370384802193,0.120139056044264,0.0582313287579287,0.0906482113424041,0.0324168825844753
"436786",0.0663235138320825,0.224455420824704,0.120407145849434,0.10404827497527,0.158131906992621,0.0540836320173516
"178312",0.228297496533284,0.514038928470392,0.324592924720625,0.189446003749767,0.285741431937108,0.0962954281873406
"388338",0.10224856113681,0.268280635172156,0.159161480935881,0.109119154236275,0.166032074035346,0.0569129197990707
"296655",0.220085007357562,0.203230393488134,0.213720512912045,-0.0104901194239113,-0.016854613869428,-0.00636449444551679
"72212",0.0394803211595211,0.093397169098217,0.0568368021309214,0.0365603669672955,0.0539168479386959,0.0173564809714004
"467738",0.0362576893061537,0.163397736518296,0.0756599351714562,0.0877378013468401,0.127140047212143,0.0394022458653026
"129657",0.776010660511173,0.621335597700759,0.706974019382436,-0.0856384216816773,-0.154675062810415,-0.0690366411287373
"294252",0.0912420899568924,0.280719336281509,0.156663615328114,0.124055720953395,0.189477246324617,0.0654215253712213
"472187",0.511686045183414,0.300890120430007,0.42850332304973,-0.127613202619723,-0.210795924753407,-0.0831827221336839
"383744",0.0642460134715002,0.237072650013012,0.124993240765114,0.112079409247899,0.172826636541512,0.0607472272936134
"47081",0.00626038965909155,0.0880080167324062,0.0267797692327494,0.0612282474996568,0.0817476270733146,0.0205193795736578
"80096",0.273203138203853,0.289748645926263,0.279338847556666,0.0104097983695973,0.01654550772241,0.00613570935281266
"151126",0.0280612538463621,0.162393638627558,0.0713381986645295,0.0910554399630288,0.134332384781196,0.0432769448181674
"18717",0.225697796334805,0.270140636634128,0.242116165036755,0.0280244715973732,0.0444428402993225,0.0164183687019493
"308168",0.110965573251148,0.325564541443901,0.18417172491679,0.141392816527111,0.214598968192752,0.0732061516656416
"96783",0.0915511322288359,0.208852710817123,0.133127853892953,0.0757248569241701,0.117301578588287,0.0415767216641172
"551558",0.382299698854663,0.238163851037716,0.324300817794031,-0.0861369667563144,-0.144135847816947,-0.0579988810606322
"111058",1.18692436055022,0.503249663232668,0.87811463480174,-0.374864971569073,-0.68367469731755,-0.308809725748478
"191103",1.78006907920165,0.563687708346895,1.16296546965725,-0.599277761310354,-1.21638137085476,-0.617103609544404
"313448",0.99378824757447,0.326035185893887,0.667127782187172,-0.341092596293285,-0.667753061680584,-0.326660465387298
"148052",0.335533290046781,0.469934898288379,0.38567039887283,0.0842644994155491,0.134401608241598,0.0501371088260492
"82925",0.0291834431394596,0.151158615918554,0.0684212281357109,0.0827373877828431,0.121975172779094,0.0392377849962513
"368580",0.045468541822976,0.128411597032983,0.0740847255750624,0.0543268714579208,0.0829430552100072,0.0286161837520863
"187547",0.0582270105780569,0.232800331278894,0.118316562835995,0.1144837684429,0.174573320700837,0.0600895522579378
"449852",0.054074171792315,0.128472443881958,0.0787736133548393,0.0496988305271191,0.0743982720896434,0.0246994415625243
"444419",5.52521588411769,1.67417576288524,2.79510407476265,-1.1209283118774,-3.85104012123245,-2.73011180935505
"37801",0.0925079623077693,0.0771884977292584,0.0867067000770946,-0.00951820234783625,-0.015319464578511,-0.00580126223067472
"463955",0.0698684580437622,0.207349535372402,0.115798192436637,0.091551342935765,0.137481077328639,0.0459297343928744
"569088",0.0358706819383152,0.164835589094005,0.0774060584213709,0.0874295306726338,0.12896490715569,0.0415353764830557
"443604",0.226795837168089,0.373714337414247,0.280282455044226,0.0934318823700206,0.146918500246158,0.0534866178761376
"406392",0.240873602333295,0.362926065907435,0.285179150161966,0.0777469157454689,0.12205246357414,0.0443055478286712
"347463",0.17307227601651,0.174311588998833,0.173661038852481,0.000650550146351486,0.00123931298232283,0.00058876283597134
"499596",0.328930593178884,0.195195521917972,0.275651134117745,-0.0804556121997729,-0.133735071260912,-0.0532794590611392
"234247",0.0537274221526672,0.171911335214472,0.0935478158599088,0.0783635193545634,0.118183913061805,0.0398203937072416
"315970",0.22479304684103,0.40763896437589,0.289106015610201,0.118532948765688,0.18284591753486,0.0643129687691713
"160038",0.04016077884666,0.260972953494725,0.111093310280361,0.149879643214364,0.220812174648065,0.0709325314337006
"226858",0.0443245474930352,0.231650126465198,0.10513304340836,0.126517083056838,0.187325578972163,0.0608084959153247
"360093",0.0706810571400159,0.293300736034916,0.144514671043851,0.148786064991065,0.2226196788949,0.0738336139038352
"514696",0.0243487085614886,0.140737055159307,0.0595149993476154,0.081222055811692,0.116388346597819,0.0351662907861268
"308988",0.16525694978375,0.290526959987818,0.210571226364745,0.079955733623073,0.125270010204067,0.0453142765809944
"448599",0.314682362066293,0.572777817690981,0.410597235551628,0.162180582139353,0.258095455624688,0.0959148734853351
"336091",0.0635660093046081,0.220027488798773,0.119271952776342,0.100755536022431,0.156461479494165,0.0557059434717338
"160325",0.159477245349705,0.225899186006967,0.182967682123731,0.0429315038832359,0.066421940657262,0.0234904367740261
"193645",0.174815903170906,0.482478457071295,0.279254024997428,0.203224432073868,0.30766255390039,0.104438121826522
"196472",0.230438519651007,0.330283377079145,0.266600432137481,0.0636829449416647,0.099844857428138,0.0361619124864733
"131679",0.0282108067386754,0.225907792887995,0.0935539349051734,0.132353857982822,0.19769698614932,0.065343128166498
"340320",0.592406642994763,0.409412690591969,0.503132036442361,-0.0937193458503921,-0.182993952402794,-0.0892746065524019
"134716",0.0884075903407804,0.172690510271352,0.118860468576183,0.0538300416951684,0.0842829199305713,0.0304528782354029
"8738",0.0420307607531318,0.147505796763901,0.0768637096441245,0.0706420871197768,0.105475036010769,0.0348329488909927
"125388",0.775783159730066,0.295278625222368,0.531004642997938,-0.23572601777557,-0.480504534507698,-0.244778516732127
"18772",0.413840147346477,0.533977517974866,0.456460323644846,0.0775171943300205,0.12013737062839,0.0426201762983691
"345630",0.0912532029675337,0.209821592265191,0.131678473996741,0.0781431182684506,0.118568389297658,0.0404252710292072
"528685",0.299532995699942,0.276380341618287,0.290192400810135,-0.0138120591918476,-0.0231526540816553,-0.00934059488980771
"55011",0.0991902836204379,0.113421998076212,0.104362543064697,0.00905945501151459,0.0142317144557738,0.00517225944425921
"259216",0.668183218820353,0.511460658302113,0.596032810428786,-0.0845721521266735,-0.15672256051824,-0.0721504083915665
"114641",0.22939987236056,0.58997576326301,0.351902500653488,0.238073262609522,0.36057589090245,0.122502628292928
"526891",0.072585661177708,0.293957105617348,0.146884076263197,0.147073029354152,0.22137144443964,0.0742984150854887
"358532",0.0599084200278522,0.172820241869423,0.0989089490859628,0.0739112927834602,0.112911821841571,0.0390005290581107
"518305",0.260174217034127,0.185781907311098,0.230786556845821,-0.0450046495347223,-0.0743923097230288,-0.0293876601883065
"252137",0.524318679274509,0.480674437092852,0.507858493023517,-0.0271840559306651,-0.0436442421816571,-0.016460186250992
"339749",0.018010436123537,0.160614634980201,0.0617219493940929,0.0988926855861079,0.142604198856664,0.0437115132705559
"36693",0.277567041012059,0.325859605002184,0.297540530188245,0.0283190748139393,0.0482925639901248,0.0199734891761855
"80752",0.0908522083068104,0.155701604001712,0.11345403796919,0.0422475660325216,0.0648493956949012,0.0226018296623796
"554369",0.0231256152211034,0.199718276270141,0.0787082748485786,0.121010001421563,0.176592661049038,0.0555826596274753
"428467",0.0667962948516763,0.154490040853654,0.0966474960889305,0.0578425447647236,0.0876937460019778,0.0298512012372542
"120536",0.459316026814128,0.311331868863376,0.399687747091615,-0.0883558782282384,-0.147984157950752,-0.0596282797225134
"543611",0.0227158467293509,0.117700338168605,0.0508657346966308,0.0668346034719746,0.0949844914392546,0.02814988796728
"214704",0.504176329712588,0.155065203039288,0.35262812687737,-0.197562923838081,-0.3491111266733,-0.151548202835218
"267016",0.024057923089035,0.127093112526387,0.054925229450746,0.0721678830756408,0.103035189437352,0.030867306361711
"75984",0.268220659102291,0.484070136020246,0.349291380377897,0.134778755642349,0.215849476917955,0.0810707212756068
"282878",0.16457557817305,0.360278669145424,0.233731848398378,0.126546820747046,0.195703090972374,0.069156270225328
"486731",0.0625398775382009,0.205011700147358,0.109155906954866,0.095855793192492,0.142471822609157,0.0466160294166652
"32899",0.0950223696325142,0.424405870598473,0.204459090057267,0.219946780541206,0.329383500965959,0.109436720424753
"243337",0.0476197213415044,0.185098034592338,0.0953510705791441,0.0897469640131941,0.137478313250834,0.0477313492376397
"353129",0.203035164623984,0.416179364430742,0.280835038904784,0.135344325525957,0.213144199806758,0.0777998742808009
"455932",0.0395497784831538,0.20200088923099,0.0928585527690297,0.109142336461961,0.162451110747836,0.0533087742858759
"246991",0.104729338068152,0.265386863542548,0.15894973091153,0.106437132631018,0.160657525474396,0.0542203928433781
"59329",0.273572703033645,0.338348011746546,0.298251365618945,0.0400966461276015,0.0647753087129016,0.0246786625853001
"3656",5.18729098710445,0.954111496441224,2.79813416965261,-1.84402267321139,-4.23317949066323,-2.38915681745184
"65612",0.0381024495452436,0.185642507411304,0.0836327708070183,0.102009736604286,0.147540057866061,0.0455303212617747
"529878",0.0177299549739027,0.11315719945037,0.0457665631577584,0.0673906362926115,0.0954272444764672,0.0280366081838557
"54488",0.120010265628465,0.0988122205127207,0.111879194040974,-0.0130669735282535,-0.0211980451157438,-0.00813107158749024
"415882",0.0225792589523301,0.11513053807053,0.0502164058934222,0.0649141321771079,0.0925512791182,0.0276371469410921
"208299",0.177867128521563,0.345182408591547,0.242133174732201,0.103049233859345,0.167315280069984,0.0642660462106383
"66172",0.0392366229859708,0.155357351823151,0.07743936312844,0.0779179886947109,0.11612072883718,0.0382027401424691
"331363",0.773134313882652,0.761674654963243,0.769192153152745,-0.00751749818950265,-0.0114596589194089,-0.00394216072990627
"196815",0.0517338171166201,0.196962853010246,0.101068492483145,0.0958943605271009,0.145229035893625,0.0493346753665245
"257651",0.0475962929054981,0.164282886023454,0.0862197717635018,0.0780631142599522,0.116686593117956,0.0386234788580037
"458535",0.0453949696253202,0.215201172977677,0.100582341336674,0.114618831641003,0.169806203352356,0.0551873717113539
"254362",0.113697622237443,0.199834641984616,0.144045545563213,0.0557890964214038,0.0861370197471738,0.0303479233257701
"379015",0.0756883104583417,0.171706306922898,0.109071306852371,0.0626350000705269,0.0960179964645561,0.0333829963940292
"16896",0.225107281203465,0.318119877836237,0.261716892687907,0.0564029851483291,0.0930125966327714,0.0366096114844423
"416348",0.0139807740352093,0.0955061862152437,0.0376444867596183,0.0578616994556254,0.0815254121800344,0.0236637127244091
"27339",0.501317072715197,0.626000822243133,0.546505590721911,0.079495231521222,0.124683749527936,0.0451885180067138
"236400",0.0921656483310331,0.19212959939564,0.12758914599299,0.0645404534026504,0.0999639510646071,0.0354234976619567
"309907",0.0231379145734463,0.168735035780084,0.0680318957087218,0.100703140071362,0.145597121206638,0.0448939811352755
"561227",0.276008012642839,0.200062334813863,0.246057799821677,-0.0459954650078142,-0.0759456778289757,-0.0299502128211615
"552486",0.0195325833782067,0.115225462552365,0.0485210505365612,0.0667044120158039,0.0956928791741584,0.0289884671583545
"94038",0.109893568850532,0.121424830062701,0.114265438603914,0.00715939145878666,0.0115312612121687,0.004371869753382
"71382",0.0798498684294048,0.228574730432123,0.131999182678876,0.0965755477532467,0.148724862002718,0.0521493142494712
"328053",0.187042941228778,0.312564618973943,0.231600650531221,0.0809639684427217,0.125521677745165,0.0445577093024429
"358679",0.0216109027419626,0.0915145387908282,0.0429688757610347,0.0485456630297935,0.0699036360488656,0.0213579730190721
"26280",0.0654067445684757,0.176606356845385,0.104767213766385,0.0718391430789999,0.11119961227691,0.0393604691979096
"264015",0.0212927075263974,0.183105798705753,0.0718718397303403,0.111233958975413,0.161813091179356,0.0505791322039429
"372954",0.369296693815837,0.287905237687031,0.335857588122591,-0.0479523504355594,-0.0813914561288054,-0.033439105693246
"68596",0.0489884139440227,0.234472020874752,0.108600900434358,0.125871120440394,0.18548360693073,0.0596124864903357
"219668",0.054438548564912,0.213296679668101,0.106320438010307,0.106976241657795,0.158858131103189,0.0518818894453945
"19659",0.224518381395246,0.403413801171904,0.288699812607967,0.114713988563936,0.178895419776657,0.064181431212721
"374285",0.0513531972264276,0.152497017732862,0.0855831387144063,0.0669138790184555,0.101143820506434,0.0342299414879786
"340459",0.0248081216574118,0.176970590117809,0.0737041715849206,0.103266418532888,0.152162468460397,0.0488960499275088
"536625",0.202718317765715,0.27741543397437,0.232050016657861,0.0453654173165091,0.0746971162086545,0.0293316988921454
"437431",0.261470519507918,0.364070171320901,0.298952511019701,0.0651176603012004,0.102599651812983,0.037481991511783
"572470",0.0569015766690107,0.197547377689003,0.103981531669304,0.0935658460196996,0.140645801019993,0.047079955000293
"509716",0.0969699250545265,0.255741401147199,0.152305455078564,0.103435946068635,0.158771476092672,0.0553355300240371
"160445",0.323373190811618,0.154351274560694,0.253399333578862,-0.0990480590181686,-0.169021916250924,-0.0699738572327554
"466297",0.19389269540647,0.205219080693314,0.198220408411748,0.00699867228156556,0.0113263852868437,0.00432771300527809
"329154",0.0557590595935519,0.236129655496442,0.116179551020853,0.119950104475588,0.18037059590289,0.0604204914273014
"468865",0.152968952951652,0.207159335942745,0.173245200435804,0.0339141355069415,0.054190382991093,0.0202762474841515
"301888",0.212646281932255,0.312288020416627,0.250029879881646,0.0622581405349811,0.0996417384843729,0.0373835979493918
"330460",2.43996080441203,0.542604638049236,1.34584519051554,-0.803240552466305,-1.89735616636279,-1.09411561389649
"42690",0.0798856349327151,0.316381558746245,0.158266972918244,0.158114585828001,0.23649592381353,0.0783813379855293
"259152",0.312783780831608,0.237858075438259,0.28395866498669,-0.0461005895484315,-0.0749257053933492,-0.0288251158449177
"129325",0.0775332076501917,0.243016332957568,0.13486740426427,0.108148928693298,0.165483125307376,0.0573341966140784
"340325",0.20450349782852,0.242008632578461,0.218592240972594,0.0234163916058671,0.0375051347499409,0.0140887431440738
"160484",0.116438619692195,0.292358747261475,0.177219455125746,0.115139292135729,0.17592012756928,0.0607808354335507
"255762",0.354220315189554,0.571157599529259,0.431735772257264,0.139421827271995,0.216937284339705,0.07751545706771
"258660",0.0163477211209345,0.117332918822196,0.0461776920771299,0.0711552267450663,0.100985197701262,0.0298299709561954
"116651",0.30382395974309,0.244093855935102,0.280268635999157,-0.0361747800640547,-0.0597301038079878,-0.0235553237439331
"131338",0.116685704876882,0.200361472581522,0.146094422421052,0.05426705016047,0.0836757677046399,0.0294087175441698
"305898",0.0546209550711788,0.198192581076226,0.101144084784825,0.0970484962914017,0.143571626005047,0.0465231297136457
"56890",0.0299978089854216,0.0807341516244441,0.0469189245379978,0.0338152270864463,0.0507363426390225,0.0169211155525762
"307002",0.433896122124118,0.253288767685003,0.360819376930949,-0.107530609245946,-0.180607354439115,-0.0730767451931694
"518672",0.294643443252222,0.380114169879414,0.32752715648062,0.0525870133987943,0.0854707266271919,0.0328837132283976
"123720",0.162726165595649,0.273245339528077,0.202940503775165,0.0703048357529116,0.110519173932428,0.0402143381795162
"304999",0.321116499016593,0.199959164833293,0.272969880565318,-0.0730107157320247,-0.1211573341833,-0.0481466184512755
"352485",0.0620593559929827,0.177815670508862,0.100745633655517,0.0770700368533451,0.115756314515879,0.0386862776625339
"399819",0.0600321787565463,0.252142515950587,0.12248875179065,0.129653764159937,0.192110337194041,0.0624565730341041
"25229",0.0506926424213447,0.17476678935197,0.0946259229027656,0.080140866449204,0.124074146930625,0.043933280481421
"246315",0.0481647207631224,0.131456377748638,0.0754849566291165,0.0559714211195219,0.0832916569855161,0.0273202358659941
"139274",0.011107559109957,0.113767667869774,0.0411955528916157,0.0725721149781585,0.102660108759817,0.0300879937816586
"475967",0.0946440778082506,0.215030081310651,0.135747209233355,0.079282872077296,0.1203860035024,0.0411031314251043
"217492",0.023901448478385,0.186608802292068,0.0747537301548551,0.111855072137213,0.162707353813684,0.0508522816764702
"41088",0.624612803589066,0.536085262857845,0.592584409691749,-0.0564991468339031,-0.088527540731221,-0.0320283938973179
"196334",0.0902853703241621,0.20185967816174,0.128760311524956,0.0730993666367846,0.111574307837578,0.0384749412007937
"80039",0.10584148177127,0.164655456704904,0.126947715692256,0.0377077410126486,0.0588139749336339,0.0211062339209853
"333041",0.0245433780927306,0.150058807390668,0.063560665249353,0.0864981421413145,0.125515429297937,0.0390172871566224
"159100",0.0347391468825103,0.237803765557278,0.0985094037660458,0.139294361791233,0.203064618674768,0.0637702568835355
"306459",0.132817597386015,0.163794763165469,0.144638742138894,0.019156021026575,0.0309771657794542,0.0118211447528792
"253679",0.145040513613912,0.241117794773383,0.179794065090682,0.0613237296827013,0.0960772811594717,0.0347535514767704
"242746",0.0097328147856285,0.1123698748676,0.0386757055535872,0.0736941693140127,0.102637060081971,0.0289428907679587
"204664",0.25867222140841,0.319518091975429,0.280662137028878,0.0388559549465503,0.0608458705670186,0.0219899156204683
"124536",0.540001857271494,0.504686141849297,0.526332625301504,-0.0216464834522069,-0.035315715422197,-0.0136692319699901
"440080",0.0902962479754061,0.330335822516852,0.172105142489367,0.158230680027485,0.240039574541446,0.0818088945139611
"448154",0.171030742471869,0.312317651369755,0.219768920229739,0.0925487311400163,0.141286908897886,0.04873817775787
"476643",0.0538047863155066,0.124724289960296,0.0783104669149757,0.0464138230453204,0.0709195036447894,0.024505680599469
"54577",0.235628038929678,0.51323986735037,0.338886356185412,0.174353511164958,0.277611828420692,0.103258317255734
"174785",0.106897770739206,0.233496892709032,0.152503311000499,0.080993581708533,0.126599121969826,0.0456055402612928
"226178",0.0832217580638012,0.301014665185388,0.157333810197997,0.143680854987391,0.217792907121587,0.0741120521341962
"86232",0.0493549487440021,0.263578087390492,0.121200993462598,0.142377093927894,0.21422313864649,0.0718460447185958
"61148",0.0848527209550195,0.350037871375058,0.171050055705946,0.178987815669112,0.265185150420038,0.0861973347509261
"29568",0.155313016125815,0.257916146878532,0.192885548140897,0.0650305987376349,0.102603130752717,0.0375725320150821
"260801",0.106900485430239,0.253364110413328,0.159283128979886,0.0940809814334423,0.146463624983089,0.0523826435496468
"220990",1.33470063920014,0.784636055057191,1.06605940038689,-0.2814233453297,-0.550064584142949,-0.268641238813248
"189741",0.0804853982799024,0.271952095812447,0.146186292175016,0.125765803637432,0.191466697532545,0.0657008938951133
"380109",0.0642196795783802,0.233252935864601,0.121702442771567,0.111550493093035,0.169033256286221,0.0574827631931865
"547672",0.0535382643260298,0.132744250875118,0.0805947857299433,0.0521494651451749,0.0792059865490884,0.0270565214039135
"279035",0.112717248852896,0.22211268214157,0.150474300383094,0.0716383817584755,0.109395433288674,0.0377570515301984
"452435",0.656757442249253,0.369422876380208,0.542832572763252,-0.173409696383044,-0.287334565869045,-0.113924869486001
"89040",0.0294058124990644,0.170425686363863,0.0754203564690366,0.0950053298948262,0.141019873864798,0.0460145439699722
"243039",0.0530087532980993,0.107676503500619,0.071760219182205,0.0359162843184135,0.0546677502025193,0.0187514658841057
"41853",0.169250448375814,0.247561489806278,0.198838686301977,0.0487228035043016,0.0783110414304641,0.0295882379261625
"256210",0.374545040956509,0.653801950304229,0.468923237444216,0.184878712860012,0.27925690934772,0.0943781964877073
"394041",0.210302796713742,0.537102203468123,0.325557476518662,0.211544726949462,0.326799406754381,0.11525467980492
"70277",0.111758678669908,0.334072449444026,0.188134186600677,0.145938262843348,0.222313770774118,0.0763755079307692
"73250",0.0279249762798176,0.213205990773037,0.0908883556383154,0.122317635134722,0.18528101449322,0.0629633793584978
"116183",0.243771049872967,0.337135572258378,0.278064503049857,0.0590710692085216,0.0933645223854116,0.03429345317689
"506762",0.101987686708571,0.322940992859749,0.174665092611386,0.148275900248363,0.220953306151178,0.0726774059028154
"136911",0.0407489640617235,0.12056011395236,0.0671934684662362,0.0533666454861239,0.0798111498906367,0.0264445044045128
"504713",0.0367067454117763,0.202033979042024,0.0917913621219038,0.11024261692012,0.165327233630247,0.0550846167101275
"340395",0.465369462327286,0.277052452233457,0.388765722005088,-0.111713269771631,-0.188317010093829,-0.0766037403221978
"564023",0.0362573930921403,0.264172888710765,0.113779148492759,0.150393740218006,0.227915495618625,0.0775217554006186
"152781",0.120188826449541,0.14077448241657,0.127824393013199,0.0129500894033707,0.0205856559670291,0.00763556656365848
"492995",0.0999247123733112,0.259974116844745,0.155379161102853,0.104594955741892,0.160049404471434,0.0554544487295416
"389313",0.321993433359668,0.409326101164531,0.354015774516317,0.0553103266482134,0.0873326678048628,0.0320223411566493
"374064",0.0406926919581516,0.209566754728761,0.0964422679935937,0.113124486735167,0.168874062770609,0.0557495760354421
"525264",0.108654906954412,0.196636997556227,0.139374528535322,0.057262469020905,0.0879820906018152,0.0307196215809102
"8805",0.135448518378276,0.208336927835061,0.162110777093515,0.0462261507415457,0.072888409456785,0.0266622587152394
"336829",0.215921302775953,0.264898057453453,0.234311899770488,0.0305861576829654,0.0489767546775003,0.0183905969945349
"433450",0.0579483943571507,0.189014621700054,0.100957916901015,0.0880567047990393,0.131066227342903,0.0430095225438642
"125869",0.202278311864766,0.162261691807763,0.186613259558904,-0.0243515677511416,-0.040016620057003,-0.0156650523058614
"469118",0.654191149344968,0.411274498969798,0.537595250748756,-0.126320751778958,-0.242916650375169,-0.116595898596211
"322187",0.033379361612203,0.171150623480103,0.080013260559694,0.0911373629204094,0.1377712618679,0.046633898947491
"191750",0.117765420090632,0.246251653112848,0.164284988446585,0.081966664666263,0.128486233022216,0.0465195683559533
"80204",0.161078128160241,0.26223785505511,0.197137909139966,0.0650999459151445,0.101159726894869,0.0360597809797244
"9793",0.0409609199730292,0.0865975910135547,0.0561650160732299,0.0304325749403248,0.0456366710405255,0.0152040961002007
"202024",0.327437587785945,0.33106908751014,0.328478348707928,0.00259073880221261,0.00363149972419508,0.00104076092198246
"57789",0.445500701440466,0.487413624656552,0.463886636391609,0.0235269882649422,0.0419129232160852,0.018385934951143
"310132",0.531659855110585,0.580944715636283,0.549431491713791,0.0315132239224922,0.0492848605256982,0.017771636603206
"149776",0.833916486578657,0.27969426054309,0.598280882011027,-0.318586621467937,-0.554222226035567,-0.23563560456763
"518389",0.22200108454039,0.446677348275914,0.29980515080275,0.146872197473163,0.224676263735524,0.0778040662623607
"124182",0.0446469467713244,0.182799444026021,0.0932072457622697,0.0895921982637512,0.138152497254696,0.0485602989909453
"336560",0.145953557579109,0.211712900850947,0.172041527364037,0.0396713734869096,0.0657593432718378,0.0260879697849282
"232041",0.208117330841578,0.160747419334,0.189673462499481,-0.0289260431654813,-0.0473699115075779,-0.0184438683420966
"24658",0.0807691497435123,0.138988231972242,0.101578928192689,0.0374093037795525,0.0582190822287296,0.0208097784491771
"387677",0.668312865835831,0.846856504659172,0.728384135827578,0.118472368831595,0.178543638823342,0.0600712699917471
"481029",0.0996787128267114,0.3169418020789,0.175966709115218,0.140975092963682,0.217263089252189,0.0762879962885068
"93523",0.0365017261383722,0.185859558234889,0.085079576308994,0.100779981925895,0.149357832096517,0.0485778501706218
"93133",0.666293169811213,0.451441177428798,0.587094187622229,-0.135653010193431,-0.214851992382415,-0.0791989821889838
"94847",0.0669255228709176,0.21800423508903,0.117082078858326,0.100922156230704,0.151078712218113,0.0501565559874083
"368051",0.0208947874445403,0.083966956053124,0.0396970761053731,0.0442698799477509,0.0630721686085837,0.0188022886608328
"156569",0.0390409721568192,0.199104488713133,0.0934996196503441,0.105604869062789,0.160063516556314,0.054458647493525
"225717",0.0492179294558511,0.120294101228596,0.0727252678714405,0.0475688333571551,0.0710761717727445,0.0235073384155894
"89420",0.171143580569985,0.274327784593719,0.20934092718861,0.0649868574051082,0.103184204023734,0.0381973466186259
"500476",0.0415263010149473,0.142722074081737,0.0757230185518758,0.0669990555298614,0.10119577306679,0.0341967175369285
"235937",0.28050722017695,0.442249461535802,0.337804667816235,0.104444793719566,0.161742241358852,0.0572974476392857
"335264",0.232761803217752,0.377846151246413,0.285918664508627,0.0919274867377853,0.14508434802866,0.0531568612908749
"454329",0.106796205257527,0.155780854759035,0.124454779093249,0.0313260756657857,0.0489846495015073,0.0176585738357216
"550176",0.20558483415418,0.334702942569878,0.251607878841919,0.0830950637279597,0.129118108415698,0.0460230446877388
"548737",0.0211042349905147,0.139533585301409,0.0579567978961014,0.0815767874053079,0.118429350310895,0.0368525629055867
"57636",0.345627216587478,0.309641245180554,0.33167056325558,-0.0220293180750259,-0.0359859714069246,-0.0139566533318987
"205279",0.132057575845238,0.215255196865918,0.163898107961291,0.0513570889046271,0.0831976210206799,0.0318405321160528
"16920",0.0199476625769206,0.160132449704402,0.0629598189661247,0.0971726307382771,0.140184787127481,0.0430121563892041
"370420",0.295755185196214,0.131637238404707,0.226037003989587,-0.0943997655848798,-0.164117946791507,-0.0697181812066276
"233181",0.062795451878461,0.237984004398769,0.12049590280645,0.117488101592318,0.175188552520308,0.0577004509279893
"18707",0.122190335744656,0.372594228901766,0.210972962553002,0.161621266348764,0.250403893157109,0.0887826268083455
"142424",0.0522452651450675,0.278222953476118,0.125947367366248,0.15227558610987,0.22597768833105,0.0737021022211801
"131030",0.438269371591622,0.528239427918933,0.47119861681464,0.0570408111042929,0.0899700563273107,0.0329292452230178
"473603",0.0275498085457471,0.187575073174329,0.0789604184126416,0.108614654761687,0.160025264628582,0.0514106098668945
"381985",0.421485685803294,0.547861063806092,0.467061335641171,0.0807997281649214,0.126375378002798,0.0455756498378768
"9485",0.12028953894906,0.267334427382877,0.173383127429377,0.0939512999534994,0.147044888433817,0.0530935884803171
"369041",0.096202849346111,0.173753023841242,0.123830896109906,0.0499221277313367,0.0775501744951312,0.0276280467637945
"9880",0.11267964820746,0.169922921970827,0.13315800371823,0.0367649182525975,0.0572432737633674,0.0204783555107699
"299585",0.55064690138428,0.510610380736221,0.536077422368409,-0.0254670416321886,-0.0400365206480596,-0.014569479015871
"206188",0.0717594311383598,0.189375757856676,0.111418506588213,0.077957251268463,0.117616326718316,0.0396590754498531
"287179",0.0428643806667666,0.130209968221544,0.0720797294665023,0.0581302387550422,0.0873455875547779,0.0292153487997357
"96136",0.943073533523705,0.886155771679954,0.919856732291783,-0.0337009606118291,-0.056917761843751,-0.0232168012319218
"559014",0.0188018198937096,0.184043267987881,0.0715054789828868,0.112537789004994,0.165241448094171,0.0527036590891772
"80639",0.771750744279798,0.36849041865805,0.574896098009641,-0.20640567935159,-0.403260325621748,-0.196854646270158
"244415",0.186197249415031,0.308566792564528,0.231139646148782,0.077427146415746,0.122369543149497,0.0449423967337512
"458525",0.168984458815286,0.355836996652296,0.233855005018472,0.121981991633824,0.18685253783701,0.0648705462031863
"548781",0.0731468921499998,0.28394590038689,0.142954633070872,0.140991267316018,0.21079900823689,0.0698077409208726
"79222",0.0142828498318392,0.121703959932066,0.0483595697763575,0.0733443901557083,0.107421110100227,0.0340767199445183
"560861",0.035047618540554,0.188491125839881,0.084835434190225,0.103655691649656,0.153443507299327,0.049787815649671
"33489",0.296903042926787,0.387387518029928,0.330497386178302,0.0568901318516257,0.0904844751031407,0.033594343251515
"373835",0.0173933533898053,0.119983779680022,0.0492536071981643,0.0707301724818577,0.102590426290217,0.031860253808359
"141547",0.0778949018361631,0.118796211216216,0.0923430513264456,0.0264531598897705,0.040901309380053,0.0144481494902825
"182045",0.218717722580625,0.350382410050359,0.26584868978986,0.0845337202604989,0.131664687469735,0.0471309672092357
"576013",3.39509587637274,0.610610232414123,3.39509587637274,-2.78448564395861,-2.78448564395861,0
"489722",0.208475057867113,0.205528626410153,0.207438258452292,-0.00190963204213904,-0.00294643145695969,-0.00103679941482065
"36940",0.0202404437561611,0.0808273250467652,0.0387563834143962,0.0420709416323691,0.0605868812906041,0.0185159396582351
"187783",0.655202881385661,0.493687849105924,0.594803061482325,-0.101115212376401,-0.161515032279737,-0.0603998199033355
"253117",0.0342597567619937,0.126712992388002,0.0641284090278628,0.0625845833601393,0.0924532356260085,0.0298686522658692
"25104",0.0900883264356845,0.219543576924591,0.134300920640948,0.085242656283643,0.129455250488907,0.0442125942052638
"544161",0.192992066208518,0.0787839776820346,0.144895601527375,-0.0661116238453404,-0.114208088526483,-0.0480964646811431
"321363",1.25171799585427,0.433648536258536,0.876023603787598,-0.442375067529062,-0.818069459595736,-0.375694392066674
"527315",0.418207665729561,0.372130014374618,0.400288285669784,-0.0281582712951661,-0.0460776513549427,-0.0179193800597766
"254987",0.0133545794290374,0.0976532178573296,0.0384092566361048,0.0592439612212248,0.0842986384282922,0.0250546772070674
"78220",0.265387273143516,0.0798029500341122,0.183633075354863,-0.103830125320751,-0.185584323109403,-0.0817541977886529
"177451",0.123018407407801,0.239629403920361,0.165307183091864,0.0743222208284973,0.11661099651256,0.0422887756840626
"362235",0.165328485879658,0.120352446644632,0.147853876336593,-0.0275014296919615,-0.0449760392350263,-0.0174746095430648
"422149",0.139811952688242,0.57579405671055,0.277932060465228,0.297861996245322,0.435982104022308,0.138120107776985
"280498",0.0310853194539756,0.181058056112116,0.0784557971510863,0.10260225896103,0.14997273665814,0.0473704776971106
"88141",0.0209309226634028,0.175707651640695,0.07024514921341,0.105462502427285,0.154776728977292,0.0493142265500072
"478813",0.00528734368226145,0.143498987595048,0.0444518266867287,0.0990471609083197,0.138211643912787,0.0391644830044672
"499069",0.0698864773093343,0.0878775723202808,0.0771975671827182,0.0106800051375626,0.0179910950109465,0.0073110898733839
"302735",0.0667813294767657,0.160441075919391,0.0993271665821447,0.0611139093372468,0.0936597464426257,0.032545837105379
"526555",0.181943107900402,0.21638323204113,0.195183247710109,0.0211999843310209,0.0344401241407276,0.0132401398097067
"413301",0.269223250980377,0.580506648963148,0.38235748438593,0.198149164577219,0.311283397982771,0.113134233405553
"215518",0.237356531656846,0.363839922906486,0.288676933110134,0.0751629897963522,0.12648339124964,0.051320401453288
"175963",0.305186147747063,0.46797562526737,0.367149193423097,0.100826431844274,0.162789477520308,0.0619630456760337
"474186",0.18921343001279,0.651294461991091,0.345230963576931,0.30606349841416,0.462081031978301,0.156017533564141
"181950",0.00579006536859003,0.130031155623788,0.0407042660986432,0.0893268895251448,0.124241090255198,0.0349142007300532
"139308",0.0420411190899776,0.177005235127478,0.0877101189059918,0.0892951162214863,0.134964116037501,0.0456689998160142
"16229",0.187955066326057,0.288488981186632,0.225365717421557,0.0631232637650744,0.100533914860575,0.0374106510955003
"482585",0.331971828055535,0.357845706279679,0.342255063424929,0.0155906428547503,0.0258738782241441,0.0102832353693938
"532245",0.171427105288059,0.196162914103906,0.180629778775311,0.0155331353285953,0.0247358088158475,0.00920267348725218
"107948",0.0707655514859931,0.176430472122759,0.107196633437611,0.0692338386851478,0.105664920636766,0.0364310819516183
"160092",0.217416250790083,0.285889343947734,0.243027808507661,0.0428615354400726,0.0684730931576507,0.0256115577175781
"135459",0.63898711487688,0.639510466867521,0.639182349232191,0.000328117635330361,0.000523351990641352,0.000195234355310991
"370950",0.218104738360627,0.166444782288347,0.197981338748304,-0.0315365564599566,-0.0516599560722796,-0.020123399612323
"574383",0.152736971002962,0.317281321127527,0.212603013772737,0.10467830735479,0.164544350124565,0.0598660427697756
"91626",0.306064418874535,0.385017371404667,0.334569412295012,0.0504479591096548,0.0789529525301313,0.0285049934204766
"143131",0.381865685365003,0.331175390800185,0.362579566243136,-0.031404175442951,-0.0506902945648182,-0.0192861191218672
"35028",0.109418743296268,0.25231471291765,0.162882623368898,0.0894320895487521,0.142895969621382,0.0534638800726303
"242135",0.213888438145318,0.434434783212682,0.29126371025304,0.143171072959642,0.220546345067364,0.0773752721077219
"372634",0.0127323127318525,0.225201598940585,0.0793007263730556,0.14590087256753,0.212469286208733,0.0665684136412032
"196605",0.0426399695963384,0.153602112048594,0.0786804335070813,0.0749216785415131,0.110962142452256,0.0360404639107429
"447310",0.0329186082576094,0.144767239928604,0.0681566925448448,0.0766105473837595,0.111848631670995,0.0352380842872353
"129369",0.0632641234341391,0.290598747637761,0.138218937595849,0.152379810041913,0.227334624203622,0.0749548141617095
"97120",0.241064262855363,0.543402036016682,0.345461601262133,0.197940434754549,0.302337773161319,0.104397338406771
"314172",0.189239614225461,0.173682234119191,0.183358908768972,-0.00967667464978159,-0.0155573801062703,-0.00588070545648875
"416775",0.115022936836359,0.119303137286898,0.116614515375421,0.00268862191147641,0.0042802004505384,0.00159157853906199
"561167",0.298936350855933,0.182311914633184,0.251736691828077,-0.069424777194893,-0.116624436222749,-0.0471996590278557
"510695",0.0940339374916544,0.227067914051981,0.141915709577184,0.0851522044747976,0.133033976560327,0.0478817720855295
"166993",0.239763958123532,0.451843200978538,0.315645425871063,0.136197775107475,0.212079242855007,0.0758814677475315
"126693",0.0739348570131173,0.314597620786371,0.155193272899276,0.159404347887095,0.240662763773254,0.0812584158861585
"97149",0.0676174718895953,0.218282313245964,0.116601459912553,0.101680853333411,0.150664841356369,0.0489839880229574
"372947",0.0745527616041317,0.248841366863704,0.133947692099174,0.11489367476453,0.174288605259572,0.0593949304950422
"270366",0.0824860199890692,0.107217895468269,0.0913498519585458,0.0158680435097232,0.0247318754791998,0.00886383196947661
"264661",0.0537244170612269,0.208484937197197,0.109472072067844,0.0990128651293536,0.15476052013597,0.0557476550066168
"512515",0.512851075203358,0.48241912610114,0.501170655431502,-0.0187515293303623,-0.0304319491022182,-0.011680419771856
"500536",0.0965384926099029,0.115559540022232,0.10352389206374,0.0120356479584924,0.0190210474123295,0.00698539945383717
"487878",0.1309558722589,0.287048608735831,0.186148705284961,0.10089990345087,0.156092736476931,0.0551928330260603
"119733",0.0658451483228072,0.165378381128549,0.100390845662437,0.0649875354661116,0.0995332328057415,0.0345456973396299
"182046",0.0919647044711062,0.265789489097558,0.152656507054043,0.113132982043515,0.173824784626452,0.0606918025829367
"102671",0.0828477699829915,0.113987871767125,0.0940923029154799,0.0198955688516455,0.031140101784134,0.0112445329324884
"391800",0.444272145198226,0.330720336584746,0.400188896233589,-0.0694685596488436,-0.113551808613481,-0.044083248964637
"216989",0.0725737151441373,0.23855051434242,0.127890113614358,0.110660400728062,0.165976799198283,0.055316398470221
"294707",0.073515170413377,0.404993389250509,0.182748432735122,0.222244956515388,0.331478218837132,0.109233262321745
"513768",0.0363174344572034,0.145253956213277,0.0721374662047687,0.0731164900085086,0.108936521756074,0.0358200317475653
"80838",0.168083817293946,0.388959399905003,0.246280567274182,0.142678832630821,0.220875582611057,0.0781967499802357
"338143",0.0238125931200882,0.114330774921407,0.0513520368824701,0.062978738038937,0.0905181818013189,0.0275394437623819
"178469",0.372832334091602,0.51960014695868,0.444892199998042,0.0747079469606389,0.146767812867078,0.0720598659064393
"164981",0.051979867809414,0.178770971370844,0.0950106032218823,0.0837603681489619,0.12679110356143,0.0430307354124683
"56254",0.379362635689912,0.442927896257653,0.402122746819036,0.0408051494386165,0.0635652605677404,0.022760111129124
"523179",0.123145766888966,0.249144908992616,0.16860788109196,0.0805370279006559,0.12599914210365,0.0454621142029939
"129975",0.117680400737926,0.240645888547943,0.162441153860325,0.0782047346876182,0.122965487810016,0.0447607531223981
"533633",0.0463661400845527,0.195320325889133,0.0946037500213458,0.100716575867787,0.148954185804581,0.0482376099367931
"157864",0.11093922549567,0.224722604075326,0.152855027063985,0.0718675770113412,0.113783378579656,0.0419158015683144
"254843",0.0588999401402855,0.204901752388514,0.114296863788759,0.0906048885997544,0.146001812248228,0.0553969236484738
"495754",0.0640059606861248,0.122359006821018,0.0843871831709026,0.0379718236501154,0.0583530461348931,0.0203812224847778
"97368",0.0284994458129778,0.244099489869682,0.103930669045507,0.140168820824175,0.215600044056705,0.0754312232325296
"229000",0.114661763385506,0.316224061183345,0.186882996950964,0.129341064232381,0.201562297797839,0.0722212335654574
"440921",0.0775071943847762,0.223591357263986,0.126754961587362,0.096836395676624,0.14608416287921,0.0492477672025855
"506928",0.0851347003631686,0.159623495238797,0.113600269740249,0.0460232254985478,0.0744887948756282,0.0284655693770804
"265809",0.328745572385924,0.351094182936787,0.337203300823664,0.0138908821131222,0.0223486105508628,0.00845772843774067
"205547",0.186667563700845,0.236594936086834,0.204884287614676,0.0317106484721581,0.0499273723859884,0.0182167239138303
"258623",0.158290237434576,0.278394026639711,0.202140521479161,0.0762535051605501,0.120103789205135,0.0438502840445854
"234808",1.35085293081203,1.09534666215267,1.23546285775371,-0.140116195601036,-0.255506268659352,-0.115390073058316
"413675",0.151948524654905,0.338825356079011,0.218604095770885,0.120221260308126,0.186876831424106,0.0666555711159796
"461404",0.779546337697828,0.858469906810177,0.811776051201592,0.0466938556085846,0.0789235691123493,0.0322297135037647
"90316",0.25573092926776,0.292814431826694,0.270427018189952,0.0223874136367421,0.0370835025589343,0.0146960889221923
"372169",0.401286401516217,0.423680254719769,0.412535619634949,0.01114463508482,0.0223938532035518,0.0112492181187318
"416772",0.0470855293662702,0.20563954455021,0.0979892565808695,0.10765028796934,0.15855401518394,0.0509037272145993
"545099",0.152036942742765,0.349248987160628,0.221890884274905,0.127358102885723,0.197212044417862,0.0698539415321391
"247895",0.0938878658158129,0.269961010308027,0.154865867209392,0.115095143098635,0.176073144492214,0.0609780013935787
"178021",0.549840460021505,0.729142428466859,0.628094092816726,0.101048335650133,0.179301968445354,0.0782536327952211
"215204",0.0559411695644549,0.225993246708816,0.113651522611857,0.112341724096959,0.170052077144361,0.0577103530474022
"469730",0.0244203955805507,0.120449585319446,0.0541328974758285,0.0663166878436177,0.0960291897388955,0.0297125018952778
"414552",0.117235896282139,0.340464391735126,0.192842321709925,0.147622070025201,0.223228495452987,0.0756064254277858
"529434",0.180765370550389,0.32703785511042,0.232288398569473,0.0947494565409468,0.146272484560031,0.0515230280190839
"387698",0.224085259079017,0.721125043915655,0.383107562784881,0.338017481130773,0.497039784836638,0.159022303705864
"466420",0.0293716596599723,0.105986491946079,0.0536822965008499,0.0523041954452293,0.076614832286107,0.0243106368408776
"215038",0.362701831175381,0.782637047337787,0.509311261140409,0.273325786197378,0.419935216162406,0.146609429965029
"320267",0.361305918767435,0.261020922185183,0.323022151345116,-0.0620012291599331,-0.100284996582253,-0.0382837674223195
"261478",0.13407632548781,0.0993306782492388,0.120635157077474,-0.0213044788282354,-0.0347456472385714,-0.0134411684103359
"228645",0.514184045019347,0.277836779254622,0.419302072048245,-0.141465292793623,-0.236347265764725,-0.0948819729711023
"482470",0.0417452633537186,0.134721352889675,0.0729189316790428,0.061802421210632,0.0929760895359562,0.0311736683253242
"543388",0.022254763097521,0.154337821632199,0.0625670469126673,0.0917707747195314,0.132083058534678,0.0403122838151464
"242624",0.0597078028168692,0.352804448912585,0.153206391257922,0.199598057654663,0.293096646095716,0.0934985884410532
"319032",0.141870511914692,0.313948595388821,0.202259828963019,0.111688766425802,0.172078083474129,0.0603893170483274
"455850",0.244956427481206,0.343961921798061,0.281817372330396,0.0621445494676647,0.0990054943168545,0.0368609448491899
"532874",0.0204057816391601,0.158940810796311,0.0634497656859081,0.095491045110403,0.138535029157151,0.043043984046748
"56825",0.234067459678464,0.263734631557365,0.245452751490704,0.0182818800666619,0.0296671718789019,0.01138529181224
"154653",7.40848399701124,2.59778727717683,4.24831523717529,-1.65052795999846,-4.81069671983441,-3.16016875983595
"483137",0.461912985200499,0.544750966704743,0.492072300356275,0.0526786663484687,0.0828379815042447,0.030159315155776
"225996",0.0122672489131219,0.0996655183886964,0.0359400964728478,0.0637254219158485,0.0873982694755744,0.0236728475597259
"147874",0.0151453525831664,0.225437280073218,0.0811582593080293,0.144279020765189,0.210291927490052,0.0660129067248629
"574918",0.0288637773571784,0.13361479872975,0.0622241354000668,0.0713906633296832,0.104751021372572,0.0333603580428884
"301036",0.122903918834575,0.0979522183234812,0.114156186455568,-0.0162039681320866,-0.0249517005110937,-0.00874773237900703
"96137",0.0350709350483072,0.151869892153264,0.0729416319679214,0.0789282601853429,0.116798957104957,0.0378706969196141
"414738",0.0962469149182361,0.165440129149798,0.119996319118826,0.0454438100309719,0.0691932142315618,0.0237494042005899
"368168",0.126468612815568,0.157883413259868,0.138141874181652,0.0197415390782166,0.0314148004443009,0.0116732613660843
"500067",0.0862586716059539,0.364309463099528,0.179535688158883,0.184773774940645,0.278050791493574,0.0932770165529293
"381647",0.0322644601545183,0.142840643048485,0.0672044494538993,0.0756361935945855,0.110576182893966,0.0349399892993809
"160265",0.0447831760893616,0.109077997669376,0.0658475337390421,0.0432304639303337,0.0642948215800143,0.0210643576496805
"529305",0.171827455755418,0.286922726641943,0.217983613288629,0.0689391133533136,0.115095270886524,0.0461561575332106
"419863",0.183622546649014,0.31544748577369,0.231005933597407,0.0844415521762835,0.131824939124676,0.0473833869483923
"397071",0.0775356783147017,0.208693152307446,0.121226280766104,0.0874668715413421,0.131157473992745,0.0436906024514025
"466261",0.0786928044149933,0.349571628359547,0.16838645534803,0.181185173011518,0.270878823944554,0.0896936509330365
"323910",0.69594597123702,0.757887388097426,0.722017659261821,0.0358697288356051,0.0619414168604062,0.0260716880248011
"21923",0.10373876056252,0.170764999266789,0.127001710683373,0.0437632885834164,0.0670262387042693,0.0232629501208529
"35832",0.164326054640618,0.316273805213735,0.217114369748561,0.0991594354651741,0.151947750573117,0.0527883151079424
"268115",0.020321449670133,0.118575245094589,0.0508397797272859,0.0677354653673032,0.0982537954244561,0.0305183300571529
"484267",0.633391615044885,0.185819050593834,0.440268732756302,-0.254449682162468,-0.44757256445105,-0.193122882288582
"62880",0.227128616924342,0.393974084734612,0.28736533539938,0.106608749335232,0.16684546781027,0.0602367184750377
"226980",0.738695444340196,0.554609164849011,0.65474162268907,-0.100132457840059,-0.184086279491185,-0.0839538216511257
"88091",0.284618922319291,0.161095525219206,0.234404629237917,-0.0733091040187113,-0.123523397100084,-0.0502142930813732
"437342",0.198561713218056,0.504947701165447,0.301547728687562,0.203399972477885,0.30638598794739,0.102986015469505
"128289",0.124661074548425,0.246327017042957,0.167036137375661,0.0792908796672959,0.121665942494532,0.0423750628272364
"292975",0.0248418967270941,0.136485623268437,0.059477935103995,0.0770076881644418,0.111643726541343,0.0346360383769009
"453079",0.0962875534156738,0.17824706909737,0.126413490912567,0.051833578184803,0.0819595156816958,0.0301259374968928
"116385",0.148970979506272,0.243068709766075,0.183891582010973,0.0591771277551018,0.094097730259803,0.0349206025047013
"280144",0.243491004561176,0.499683614172856,0.333814560679028,0.165869053493829,0.25619260961168,0.0903235561178516
"316268",0.0897296033369043,0.271120856437019,0.152473042432203,0.118647814004816,0.181391253100115,0.0627434390952983
"470015",0.0104555600908104,0.145525984801512,0.0500368597866157,0.0954891250148965,0.135070424710702,0.0395812996958053
"352534",0.148640460132002,0.341744684136214,0.21667954725667,0.125065136879544,0.193104224004212,0.0680390871246674
"292287",0.0256671904634444,0.109428695397334,0.0512902601358965,0.0581384352614375,0.0837615049338897,0.0256230696724521
"309852",0.0927542962944712,0.106750793496924,0.0978877088493324,0.00886308464759168,0.013996497202453,0.00513341255486127
"562072",0.043563198345362,0.188020297224342,0.0909841151441973,0.0970361820801444,0.14445709887898,0.0474209167988353
"385683",0.0405911214357439,0.246172975759757,0.10887058443762,0.137302391322137,0.205581854324013,0.0682794630018759
"92627",0.680745392126991,0.639804002707474,0.66592579913287,-0.0261217964253956,-0.0409413894195167,-0.0148195929941212
"433694",0.313884844271052,0.445709224644113,0.363365294903129,0.0823439297409835,0.13182438037306,0.049480450632077
"97300",0.133691618476724,0.183568028549368,0.1515990864909,0.0319689420584686,0.0498764100726445,0.0179074680141759
"83160",0.0172631597273194,0.145250787145893,0.0574172311982222,0.0878335559476708,0.127987627418574,0.0401540714709028
"22999",0.171440759637438,0.440161529555792,0.263343319321035,0.176818210234758,0.268720769918355,0.0919025596835969
"43794",0.108713384546808,0.2171466648823,0.14797379036235,0.0691728745199505,0.108433280335493,0.0392604058155424
"171354",0.338500481268001,0.444392344955633,0.377110355269153,0.0672819896864797,0.105891863687632,0.0386098740011523
"286775",0.275899133293968,0.317441084673693,0.292052220831663,0.0253888638420298,0.0415419513797245,0.0161530875376947
"19276",0.0652014813958236,0.30281555768451,0.143764938399926,0.159050619284584,0.237614076288686,0.0785634570041022
"16942",0.0742815744041981,0.281107064961508,0.143421570824693,0.137685494136815,0.206825490557309,0.0691399964204945
"577893",0.0455371218040134,0.266603973995517,0.118242609630108,0.14836136436541,0.221066852191504,0.0727054878260944
"24282",0.205045522425052,0.147545826516973,0.183255880544547,-0.035710054027574,-0.0574996959080788,-0.0217896418805048
"352234",0.0693861611856422,0.177149824774893,0.10638180371355,0.070768021061343,0.107763663589251,0.0369956425279081
"327634",0.81629674251834,0.442444968854251,0.641239819630639,-0.198794850776387,-0.373851773664089,-0.175056922887702
"440954",0.011722099476576,0.120488698498082,0.0439008335082013,0.0765878649898809,0.108766599021506,0.0321787340316253
"508996",0.0921132958469332,0.165207860342259,0.118175052377643,0.047032807964616,0.0730945644953256,0.0260617565307096
"159166",0.028986143609091,0.177094024392981,0.0751352875971879,0.101958736795793,0.14810788078389,0.0461491439880969
"116518",0.199686126922225,0.348089825549831,0.253763178175225,0.0943266473746062,0.148403698627606,0.0540770512529995
"552208",0.0933705439186965,0.204644243264255,0.133001132233349,0.0716431110309067,0.111273699345559,0.0396305883146521
"508450",0.0901984929818385,0.224444374859375,0.135844472625008,0.0885999022343669,0.134245881877536,0.0456459796431693
"202725",0.47364063394005,0.44579103879304,0.46321571682618,-0.0174246780331404,-0.0278495951470104,-0.0104249171138699
"424041",0.398582128630518,0.598722713644029,0.473415558400899,0.12530715524313,0.200140585013511,0.0748334297703805
"426533",0.0838498465534636,0.131644011391537,0.100442049854014,0.0312019615375232,0.0477941648380731,0.01659220330055
"100518",0.907871411395127,0.535700853365516,0.739633130344353,-0.203932276978838,-0.372170558029611,-0.168238281050774
"434333",0.222696670625504,0.134596945205621,0.187761834435859,-0.0531648892302372,-0.0880997254198822,-0.034934836189645
"564336",0.252581954172881,0.234386221027969,0.245767707258425,-0.0113814862304559,-0.0181957331449125,-0.00681424691445659
"360420",0.257563217288409,0.280973065066199,0.266257020564653,0.0147160445015461,0.0234098477777903,0.00869380327624414
"193328",0.0523629968189447,0.206627709229983,0.10569072853333,0.100936980696654,0.154264712411039,0.0533277317143849
"111496",0.115576567411071,0.230367756720725,0.156220429062495,0.0741473276582302,0.114791189309655,0.0406438616514244
"23965",0.216469074954194,0.304376637310418,0.248314104184454,0.0560625331259644,0.0879075623562245,0.0318450292302601
"440726",0.285863559564887,0.403970877838101,0.330444057834337,0.0735268200037643,0.118107318273214,0.0445804982694502
"446482",0.0438649415424002,0.120711446203655,0.0682205039723827,0.0524909422312723,0.0768465046612548,0.0243555624299826
"203018",0.345312634885522,0.291601549871605,0.324493706072428,-0.0328921562008226,-0.053711085013917,-0.0208189288130943
"518283",0.0305809070445816,0.229213884864714,0.0941306722293666,0.135083212635347,0.198632977820132,0.0635497651847849
"258766",0.123765118944449,0.18674839441939,0.146262796707043,0.040485597712347,0.0629832754749407,0.0224976777625936
"475565",0.115607994223193,0.161572970029186,0.132268552394616,0.0293044176345698,0.0459649758059926,0.0166605581714228
"350246",0.163811701215297,0.41441904105652,0.250657046008131,0.163761995048389,0.250607339841223,0.0868453447928341
"196508",0.0932927254920544,0.289963116213167,0.161762637408805,0.128200478804362,0.196670390721113,0.0684699119167509
"281659",0.202238934017804,0.459132711555445,0.291138186711481,0.167994524843964,0.256893777537641,0.0888992526936768
"558937",0.417294232425326,0.489967354244198,0.443309090289518,0.0466582639546809,0.0726731218188723,0.0260148578641914
"400338",0.230303091843842,0.375182527065947,0.283043226862776,0.0921393002031713,0.144879435222105,0.0527401350189334
"154597",0.564066043114976,0.678184476767675,0.605436888243432,0.0727475885242428,0.114118433652699,0.0413708451284563
"243340",0.308442957820938,0.209414562217972,0.269199148242138,-0.0597845860241668,-0.0990283956029666,-0.0392438095787999
"422876",0.327353585033931,0.286232445364872,0.31154196112043,-0.0253095157555583,-0.0411211396690596,-0.0158116239135012
"418533",0.133602122038358,0.4123364746748,0.227443426444117,0.184893048230683,0.278734352636442,0.0938413044057595
"163610",0.257517570126434,0.423301926812712,0.319068463846443,0.104233462966269,0.165784356686278,0.0615508937200089
"55424",0.0516243980059778,0.169543242277059,0.0911921505557832,0.0783510917212759,0.117918844271081,0.0395677525498053
"157903",0.0362959619318393,0.254496189860321,0.105369145478035,0.149127044382287,0.218200227928482,0.0690731835461955
"234073",0.0396036080127271,0.0833329890492873,0.0537176437615022,0.0296153452877851,0.0437293810365602,0.0141140357487751
"561602",0.924296512352455,0.357670620950988,0.694320593662767,-0.33664997271178,-0.566625891401468,-0.229975918689688
"568336",0.20421189165311,0.48763872893499,0.299426514852047,0.188212214082943,0.283426837281879,0.0952146231989361
"509046",0.0350203168133165,0.101147290166301,0.0563053383015358,0.0448419518647654,0.0661269733529848,0.0212850214882194
"567049",0.155967231756186,0.135180470055363,0.147948871230743,-0.0127684011753799,-0.0207867617008231,-0.00801836052544314
"530084",0.210602968150445,0.512159395213113,0.312937794133716,0.199221601079397,0.301556427062669,0.102334825983272
"76444",0.0838151082602042,0.161105605905241,0.111235795504298,0.0498698104009433,0.0772904976450369,0.0274206872440935
"528508",0.0493266260151204,0.250518657475152,0.117144363381277,0.133374294093876,0.201192031460032,0.0678177373661562
"150992",0.240783870730896,0.40872454431491,0.306910866474045,0.101813677840864,0.167940673584014,0.0661269957431492
"220274",0.182156927460195,0.33732946456489,0.23692082961342,0.10040863495147,0.155172537104695,0.0547639021532256
"321140",0.177133577707027,0.422257825224745,0.264548113511108,0.157709711713637,0.245124247517719,0.0874145358040815
"457316",0.625168753658914,0.828279311287353,0.694634354770918,0.133644956516435,0.203110557628439,0.0694656011120038
"135478",0.20207539570984,0.142811299649384,0.178703867588444,-0.0358925679390597,-0.0592640960604561,-0.0233715281213964
"481334",0.583806054180544,0.511897597385111,0.55634403846566,-0.0444464410805488,-0.071908456795433,-0.0274620157148842
"515403",0.0666816865127811,0.0967003613069051,0.0772852956261844,0.0194150656807208,0.030018674794124,0.0106036091134033
"494891",0.275562185704833,0.665863544547446,0.404482244816713,0.261381299730734,0.390301358842613,0.12892005911188
"514545",0.333536603405446,0.345375751283204,0.338216451884505,0.00715929939869803,0.0118391478777579,0.00467984847905983
"56214",0.0324521570257045,0.155874286034627,0.0712579806415189,0.0846163053931085,0.123422129008923,0.0388058236158144
"332034",0.0473887889713944,0.123883775604713,0.0727369063545523,0.0511468692501607,0.0764949866333186,0.0253481173831579
"499958",0.236983487441424,0.290821392576209,0.257014948204641,0.0338064443715675,0.0538379051347843,0.0200314607632168
"405721",0.0573596866478472,0.25681926397285,0.124135018030462,0.132684245942388,0.199459577325003,0.0667753313826149
"156894",0.0771598308365568,0.183163334941062,0.112757750740157,0.0704055842009046,0.106003504104505,0.0355979199036007
"359327",6.88791109075575,0.817588948783317,6.88791109075575,-6.07032214197244,-6.07032214197244,0
"16972",0.0978882177199176,0.242862683017087,0.148785606752047,0.0940770762650397,0.144974465297169,0.0508973890321297
"441311",0.220558244747762,0.481690601134855,0.313161375174655,0.1685292259602,0.261132356387093,0.0926031304268931
"82578",0.0327968457230329,0.108168093976473,0.0563305688908827,0.0518375250855904,0.0753712482534401,0.0235337231678497
"30295",0.0711672913214345,0.257891520834625,0.13511874470185,0.122772776132774,0.18672422951319,0.0639514533804159
"18921",0.0901020430576546,0.166822417733792,0.117747086992154,0.0490753307416375,0.0767203746761373,0.0276450439344998
"215333",0.151400689693279,0.239035453987832,0.183670595331779,0.0553648586560526,0.0876347642945529,0.0322699056385003
"434440",0.691012276093857,0.515681141927463,0.610709503263394,-0.0950283613359316,-0.175331134166395,-0.0803027728304631
"520153",0.0336408157293592,0.176152366982367,0.0796079976194472,0.0965443693629198,0.142511551253008,0.045967181890088
"451294",3.14077226371038,0.88394309622618,1.98014413290617,-1.09620103667999,-2.2568291674842,-1.16062813080421
"172181",2.6257129932641,1.27368649782746,1.96751895786315,-0.69383246003569,-1.35202649543664,-0.658194035400951
"523213",0.0371075463432851,0.189760025981489,0.0883848063138419,0.101375219667647,0.152652479638203,0.0512772599705569
"159698",0.257100671400159,0.341565638335403,0.288218138754134,0.0533474995812687,0.0844649669352446,0.0311174673539759
"36774",0.208095308077284,0.635769635784522,0.352379554004746,0.283390081779776,0.427674327707237,0.144284245927462
"352385",0.0929739691420539,0.237778240655213,0.145709464723853,0.0920687759313603,0.144804271513159,0.0527354955817988
"146426",0.0331492265145201,0.155628643480218,0.0711950644200953,0.0844335790601226,0.122479416965698,0.0380458379055752
"3646",0.430587327116042,0.491999557363665,0.454309292920429,0.0376902644432358,0.0614122302476225,0.0237219658043868
"423831",0.044967746776593,0.19059244611568,0.0950068999814791,0.0955855461342009,0.145624699339087,0.0500391532048861
"45798",0.0540849985216206,0.128296908852102,0.0791659577210914,0.0491309511310107,0.0742119103304815,0.0250809591994708
"8757",0.16086441445307,0.237305279753578,0.188513272647045,0.0487920071065329,0.0764408653005083,0.0276488581939755
"157137",0.399118411113419,0.594958595773186,0.471406658418149,0.123551937355037,0.195840184659767,0.0722882473047293
"539647",0.114222269891037,0.336557288984246,0.192534049401715,0.144023239582532,0.222335019093209,0.0783117795106775
"53289",0.120198607161535,0.195803041080546,0.146778698117497,0.0490243429630496,0.0756044339190111,0.0265800909559615
"61106",0.263380606513602,0.359142212669694,0.299000437621662,0.0601417750480318,0.0957616061560921,0.0356198311080603
"185724",0.0392865950714578,0.217350275888107,0.0959317129350886,0.121418562953018,0.178063680816649,0.0566451178636308
"65484",0.591695301607406,0.708825167545448,0.642155745614923,0.0666694219305248,0.117129865938042,0.0504604440075174
"533837",3.5145674628084,1.06348805751783,2.10201876464032,-1.03853070712248,-2.45107940529056,-1.41254869816808
"229628",0.0840253065613318,0.190163707177666,0.123316983049952,0.0668467241277142,0.106138400616334,0.0392916764886202
"126641",0.139490784577674,0.46306442110021,0.249294042963313,0.213770378136897,0.323573636522537,0.109803258385639
"233214",0.0184823645801583,0.0955171174926308,0.0421287125423395,0.0533884049502912,0.0770347529124725,0.0236463479621812
"121952",0.672609773698437,0.389290326887797,0.533885867659569,-0.144595540771773,-0.28331944681064,-0.138723906038868
"229834",0.0240155863883404,0.145059249022453,0.0623199437365557,0.0827393052858971,0.121043662634112,0.0383043573482153
"471123",0.0772315790481403,0.352505803653014,0.17268841943244,0.179817384220575,0.275274224604874,0.0954568403842995
"468069",0.042472139247887,0.15749433954051,0.0801275947457253,0.0773667447947845,0.115022200292623,0.0376554554978383
"278121",0.749460127176631,0.474883935625168,0.641219700097049,-0.166335764471881,-0.274576191551463,-0.108240427079582
"296894",0.022680387403845,0.189743143928099,0.076795620451369,0.11294752347673,0.167062756524254,0.054115233047524
"146209",0.309549833065386,0.53142049267811,0.389157016991936,0.142263475686173,0.221870659612724,0.0796071839265506
"360287",0.0165013540971258,0.0988057585782641,0.0405482504473449,0.0582575081309191,0.0823044044811383,0.0240468963502192
"379454",0.099187924583083,0.182485905701089,0.128494909366363,0.0539909963347268,0.0832979811180064,0.0293069847832796
"252978",0.049173239042997,0.130167310283179,0.076148003201855,0.0540193070813236,0.0809940712401816,0.026974764158858
"422783",0.213144190696891,0.34874478095725,0.26218097405809,0.0865638068991609,0.135600590260359,0.0490367833611985
"498434",0.0938727333943808,0.148656495624892,0.113203504661923,0.0354529909629683,0.0547837622305107,0.0193307712675424
"21839",0.0239583542806528,0.114887727133352,0.0520858819812381,0.0628018451521138,0.0909293728526991,0.0281275277005854
"516353",0.0465163997892871,0.261187209278071,0.115808796632331,0.145378412645741,0.214670809488784,0.0692923968430436
"107849",0.160549634340841,0.283044976349343,0.203939912202556,0.0791050641467863,0.122495342008501,0.043390277861715
"315591",0.0228565162522437,0.110411131351793,0.0504411005089725,0.0599700308428205,0.0875546150995492,0.0275845842567288
"209725",0.308269357351465,0.348002349485655,0.323985035859424,0.0240173136262311,0.0397329921341901,0.015715678507959
"88660",0.0365149206811796,0.269999890678084,0.111537901853849,0.158461988824235,0.233484969996904,0.0750229811726689
"259728",0.218315154174102,0.513422772424658,0.322344909692961,0.191077862731697,0.295107618250555,0.104029755518859
"39030",0.323826315488412,0.401524340396019,0.354496117556875,0.0470282228391437,0.0776980249076065,0.0306698020684629
"220992",0.0832042525366962,0.132022056206414,0.100359959574043,0.031662096632371,0.0488178036697176,0.0171557070373466
"42670",0.412375801377792,0.225893651996827,0.334538852528004,-0.108645200531177,-0.186482149380965,-0.0778369488497877
"496349",0.184595422475882,0.229420125065662,0.202159443698312,0.0272606813673509,0.0448247025897808,0.0175640212224299
"516242",0.192045906043517,0.233289270875619,0.207796474550097,0.0254927963255223,0.0412433648321025,0.0157505685065802
"227717",0.0483665243636918,0.14775265897692,0.0813164185546271,0.0664362404222926,0.0993861346132278,0.0329498941909353
"520188",0.396308926740117,0.289124419814862,0.354096108583539,-0.0649716887686765,-0.107184506925255,-0.0422128181565788
"436549",0.134344437544561,0.343862967662182,0.209615291957387,0.134247675704795,0.209518530117622,0.0752708544128266
"397957",0.0503276320124377,0.125069739094254,0.0753239820336182,0.049745757060636,0.0747421070818166,0.0249963500211805
"393435",0.170654805970939,0.506683346924068,0.297363934470418,0.209319412453651,0.336028540953129,0.126709128499478
"543377",0.205247197386603,0.367524147013841,0.262298060467496,0.105226086546345,0.162276949627238,0.0570508630808933
"92420",0.109715685923149,0.199414537572924,0.142153571980376,0.0572609655925473,0.0896988516497745,0.0324378860572271
"265408",0.115158879089559,0.242694679795644,0.160979387777951,0.0817152920176927,0.127535800706085,0.0458205086883919
"163252",0.119800280394512,0.30358677373525,0.183515546840336,0.120071226894915,0.183786493340738,0.0637152664458232
"493036",0.297767690264223,0.508607811518968,0.377445197403892,0.131162614115076,0.210840121254745,0.0796775071396691
"49339",0.078692398947712,0.142815026903946,0.101092614263832,0.0417224126401132,0.0641226279562336,0.0224002153161204
"407555",0.0722983422914873,0.337905529857059,0.161456679981632,0.176448849875427,0.265607187565571,0.0891583376901444
"192537",0.220123906753103,0.420172720529987,0.293882019508577,0.12629070102141,0.200048813776884,0.0737581127554748
"93753",0.303266410324089,0.26905534900412,0.290045280905978,-0.0209899319018581,-0.034211061319969,-0.0132211294181109
"467552",0.17627243917961,0.303331601438938,0.222100411060807,0.0812311903781308,0.127059162259328,0.0458279718811976
"436506",0.275200845177592,0.328109142555065,0.295294412966457,0.0328147295886084,0.0529082973774734,0.020093567788865
"253922",0.0596626365204328,0.198357493202498,0.108132954277221,0.0902245389252764,0.138694856682065,0.0484703177567883
"89537",0.0813082675742472,0.249676871804262,0.137608393617226,0.112068478187036,0.168368604230015,0.0563001260429788
"115362",0.106579574358489,0.227694161089638,0.148797838474253,0.0788963226153845,0.121114586731149,0.0422182641157642
"184886",0.0373530377611196,0.284237615990221,0.116080735294325,0.168156880695896,0.246884578229101,0.0787276975332055
"189200",2.40935919407042,0.94725277220282,1.64355319762319,-0.696300425420365,-1.4621064218676,-0.765805996447237
"5247",0.145734650373368,0.217804403092625,0.171539531285853,0.0462648718067716,0.0720697527192569,0.0258048809124853
"339536",0.0798699538432105,0.15494550490455,0.10743379561525,0.0475117092893008,0.0750755510613399,0.027563841772039
"261517",0.0206380553456151,0.155603221560041,0.064739202981258,0.0908640185787834,0.134965166214426,0.0441011476356429
"80797",0.138188478660873,0.358000559543269,0.213086220289454,0.144914339253815,0.219812080882395,0.074897741628581
"490733",0.192370406306504,0.155129435565226,0.17788135369421,-0.0227519181289836,-0.0372409707412783,-0.0144890526122947
"566999",0.035619489739011,0.204928751934606,0.0911187433140748,0.113810008620531,0.169309262195595,0.0554992535750638
"119546",0.193507084973983,0.243744911433811,0.212700223456121,0.0310446879776897,0.0502378264598278,0.0191931384821381
"102445",0.529096561191162,0.424209322874525,0.489717848777825,-0.0655085259032994,-0.104887238316637,-0.0393787124133373
"242641",1.3703723150254,0.501568457832298,0.906719963843898,-0.4051515060116,-0.868803857193107,-0.463652351181507
"438792",0.0736008571780402,0.210154652090209,0.119686804213276,0.0904678478769333,0.136553794912169,0.046085947035236
"232096",0.0354258565944019,0.239852327645427,0.103565267620797,0.136287060024629,0.204426471051025,0.0681394110263954
"278100",0.0765632455453464,0.340499460371457,0.167402229857496,0.173097230513961,0.26393621482611,0.0908389843121493
"389355",0.044361663031337,0.145150123001194,0.0773381363576501,0.0678119866435435,0.100788459969857,0.0329764733263131
"251464",0.152738552551598,0.42111839931831,0.245373868395884,0.175744530922426,0.268379846766711,0.0926353158442859
"496167",0.199161105109603,0.310027215874287,0.23924055560969,0.0707866602645967,0.110866110764684,0.0400794505000874
"565642",0.0792402555279318,0.261531107792558,0.144238819410977,0.117292288381582,0.182290852264627,0.0649985638830451
"525954",0.089087082350175,0.137742424448887,0.10648725214318,0.0312551723057067,0.0486553420987116,0.0174001697930049
"55457",0.18755638413789,0.242458702909696,0.207940678142887,0.034518024766809,0.0549023187718061,0.0203842940049971
"118593",0.34174832526299,0.300831306594473,0.326092001087001,-0.0252606944925276,-0.0409170186685172,-0.0156563241759896
"122049",0.0689921331350238,0.199248132615561,0.116970852237043,0.0822772803785186,0.130255999480537,0.0479787191020187
"570025",0.0301847006965963,0.193331247810742,0.0843585590783413,0.1089726887324,0.163146547114145,0.054173858381745
"94555",0.181845047907996,0.30370408542676,0.225649455308171,0.0780546301185891,0.121859037518764,0.0438044074001754
"157086",0.0632256132916253,0.273109595363073,0.133992537508605,0.139117057854469,0.209883982071448,0.0707669242169794
"486393",0.00934359434594875,0.109571389604344,0.037559112901564,0.0720122767027803,0.100227795258396,0.0282155185556153
"49424",0.461023420658791,0.237851979652792,0.371182563570471,-0.133330583917679,-0.223171441005999,-0.0898408570883199
"161069",0.02822424180551,0.206417896904827,0.0867533569555882,0.119664539949239,0.178193655099317,0.0585291151500782
"247425",0.180115046522957,0.167816622329515,0.175069548850653,-0.00725292652113835,-0.0122984241934423,-0.00504549767230392
"222006",0.0261873087574514,0.130746675460806,0.0591189549450306,0.0716277205157759,0.104559366703355,0.0329316461875792
"65150",0.211326622197283,0.327268210439359,0.253773925117159,0.0734942853222003,0.115941588242076,0.0424473029198755
"205392",0.0266319367939303,0.274599424439501,0.103607052416917,0.170992372022584,0.247967487645571,0.0769751156229866
"138564",0.0433971521015,0.0981851783267396,0.0609228183590676,0.037262359967672,0.0547880262252396,0.0175256662575676
"522449",0.397413443655563,0.388526647445649,0.394160863260308,-0.00563421581465895,-0.00888679620991428,-0.00325258039525533
"302069",0.431208057542101,0.159952989676888,0.314020221530269,-0.154067231853381,-0.271255067865213,-0.117187836011832
"1683",0.201085830723085,0.230218306530677,0.211964702285475,0.0182536042452019,0.0291324758075918,0.0108788715623899
"529490",0.43429387641803,0.825241547057657,0.567755279447725,0.257486267609932,0.390947670639627,0.133461403029694
"119597",0.0468176570297465,0.171784955702412,0.0885803699828981,0.0832045857195134,0.124967298672665,0.0417627129531516
"515489",0.149639204819403,0.342917631685646,0.216522419813544,0.126395211872102,0.193278426866243,0.0668832149941411
"131984",0.657925015965352,0.465095775289458,0.584187750564081,-0.119091975274622,-0.192829240675894,-0.0737372654012712
"418217",0.238448706783798,0.378237440610454,0.289845011835184,0.0883924287752701,0.139788733826657,0.0513963050513865
"191135",0.472410100564707,0.589559947869611,0.516466184872934,0.0730937629966771,0.117149847304904,0.0440560843082267
"108146",0.084403172712923,0.318808809060729,0.163410248554424,0.155398560506305,0.234405636347806,0.0790070758415013
"4464",0.120251726722188,0.179626702712118,0.141515446522733,0.0381112561893856,0.0593749759899296,0.021263719800544
"557785",0.0735755043552377,0.0716102510041638,0.0728644347425309,-0.00125418373836712,-0.00196525335107386,-0.000711069612706741
"155886",0.0396190348043545,0.070151663374992,0.0505691506391437,0.0195825127358483,0.0305326285706375,0.0109501158347892
"553065",0.0576774228628084,0.0738727004243398,0.0632717451255416,0.0106009552987982,0.0161952775615314,0.00559432226273316
"246212",0.390344889834941,0.0788915512274957,0.246265018675092,-0.167373467447596,-0.311453338607445,-0.144079871159849
"547960",0.188496051255821,0.0763645469209458,0.141258561541348,-0.0648940146204027,-0.112131504334876,-0.0472374897144728
"568576",0.285581005634029,0.0712623346050234,0.188973756336183,-0.11771142173116,-0.214318671029005,-0.0966072492978454
"576849",0.528853758993123,0.102677575501145,0.332550902786022,-0.229873327284877,-0.426176183491978,-0.196302856207101
"408020",0.0518098679077272,0.075579182005271,0.0623940467528089,0.013185135252462,0.0237693140975438,0.0105841788450818
"53349",0.322890732847127,0.103501013278317,0.227018943476447,-0.123517930198131,-0.219389719568811,-0.0958717893706799
"415733",0.0181843568630859,0.0711052392247634,0.0334820441383271,0.0376231950864363,0.0529208823616775,0.0152976872752412
"569660",0.0395694097820937,0.07432878308234,0.0485833824444633,0.0257454006378766,0.0347593733002463,0.00901397266236969
"65168",0.205618233820917,0.0915927900421971,0.15826232264409,-0.0666695326018933,-0.11402544377872,-0.0473559111768269
"275619",0.271955837814978,0.0840134119985823,0.18959366189049,-0.105580249891908,-0.187942425816396,-0.0823621759244882
"71106",0.199364687289312,0.0889236014481143,0.153348575251664,-0.0644249738035494,-0.110441085841198,-0.0460161120376485
"310306",0.191619435076032,0.0888766249791849,0.149051343453582,-0.0601747184743974,-0.102742810096847,-0.0425680916224495
"530004",0.0438774212584498,0.081932566487201,0.0563147926863838,0.0256177738008172,0.0380551452287512,0.012437371427934
"499803",0.161721362040776,0.0881121793529876,0.131910451021865,-0.0437982716688776,-0.0736091826877884,-0.0298109110189108
"236894",1.10361668305441,0.150013491204716,1.10361668305441,-0.953603191849693,-0.953603191849693,0
"340250",0.0615608429216885,0.0873897624961504,0.0694153764088066,0.0179743860873438,0.0258289195744619,0.00785453348711811
"42416",0.0237076610251573,0.081347651971543,0.0409643710564842,0.0403832809150588,0.0576399909463857,0.0172567100313269
"240798",0.0861371565181975,0.0713780183861927,0.083865631242044,-0.0124876128558513,-0.0147591381320048,-0.00227152527615353
"399335",0.106398697331199,0.0881747496887697,0.0994465692020145,-0.0112718195132447,-0.0182239476424291,-0.00695212812918437
"65671",0.0663481975125354,0.0891573987736658,0.0743306745910869,0.0148267241825789,0.0228092012611304,0.00798247707855153
"24967",0.0756530451458766,0.0861601160985493,0.0794634961282455,0.00669661997030388,0.0105070709526727,0.00381045098236883
"360624",0.0301514528126001,0.0846177673298444,0.0468823853915008,0.0377353819383436,0.0544663145172442,0.0167309325789006
"124896",0.170308205304013,0.0816771550505767,0.133860157650583,-0.0521830026000067,-0.0886310502534366,-0.0364480476534299
"223914",0.136435376970298,0.104056740202922,0.125592181691244,-0.0215354414883221,-0.0323786367673765,-0.0108431952790543
"340333",0.208193615292558,0.102172418406972,0.166926369959818,-0.0647539515528464,-0.106021196885586,-0.0412672453327399
"466167",0.0882320298299182,0.10090584075998,0.0928719125125143,0.00803392824746595,0.012673810930062,0.00463988268259609
"397109",0.11041276049036,0.0947013722161709,0.104442857005197,-0.00974148478902571,-0.0157113882741889,-0.00596990348516321
"517990",0.130929590876758,0.0936445413933308,0.116468814880134,-0.0228242734868035,-0.0372850494834274,-0.0144607759966238
"70096",0.13157832157007,0.0940506885730601,0.116839746264166,-0.0227890576911059,-0.0375276329970102,-0.0147385753059043
"12284",0.255875292277885,0.0870145597607786,0.182760483455833,-0.0957459236950544,-0.168860732517106,-0.0731148088220519
"123190",0.0476556742646645,0.0852981433887812,0.060183997899629,0.0251141454891522,0.0376424691241167,0.0125283236349645
"239541",0.0650264867869089,0.105599024265339,0.0788958748142193,0.0267031494511195,0.04057253747843,0.0138693880273104
"40720",0.135731194996256,0.0935805306627594,0.119228864898506,-0.0256483342357469,-0.0421506643334968,-0.0165023300977498
"438066",0.223492127678082,0.0971609433492415,0.170390823243253,-0.0732298798940117,-0.12633118432884,-0.0531013044348286
"387373",0.232237988443577,0.11695579536931,0.184956496541852,-0.0680007011725419,-0.115282193074267,-0.0472814919017252
"358590",0.444497420521411,0.155921955034914,0.3223847212785,-0.166462766243586,-0.288575465486497,-0.122112699242911
"33203",0.051323123274391,0.0881499652570613,0.0638003892945632,0.0243495759624981,0.0368268419826703,0.0124772660201722
"469886",0.0893585244895286,0.082418416140707,0.0867708440899219,-0.00435242794921488,-0.00694010834882161,-0.00258768039960673
"77770",0.0792897477206664,0.0985934277739673,0.0862092127041624,0.0123842150698049,0.019303680053301,0.00691946498349602
"505420",0.302698255128734,0.101742860396045,0.215395699886266,-0.113652839490222,-0.200955394732689,-0.0873025552424672
"421185",0.176752512707133,0.0987084368999049,0.145098625197641,-0.0463901882977356,-0.0780440758072284,-0.0316538875094928
"424910",0.0786146115947626,0.0880383372619923,0.0820338015290606,0.00600453573293171,0.00942372566722965,0.00341918993429795
"276896",0.229062368944758,0.11894662390817,0.183964677185658,-0.0650180532774873,-0.110115745036587,-0.0450976917591001
"466099",0.0672470226167832,0.0959292532337654,0.0771657469020458,0.0187635063317196,0.0286822306169822,0.00991872428526261
"267578",0.231980539615581,0.105353267640277,0.179116136176704,-0.0737628685364266,-0.126627271975304,-0.0528644034388771
"83368",0.198421134865384,0.109830098186053,0.16228773008746,-0.052457631901407,-0.088591036679331,-0.036133404777924
"508014",0.0909568646419903,0.108488834461041,0.0973255152805585,0.0111633191804823,0.0175319698190505,0.0063686506385682
"352466",0.129630640235779,0.102088655673246,0.118887804067554,-0.0167991483943078,-0.0275419845625332,-0.0107428361682254
"357288",0.421741170228699,0.168275524015455,0.31470353200949,-0.146428007994035,-0.253465646213244,-0.107037638219209
"25563",0.0621583200907855,0.0927427341199391,0.0727575287461032,0.0199852053738359,0.0305844140291536,0.0105992086553177
"101442",0.0105710965555833,0.0723538554042536,0.0267569746838871,0.0455968807203664,0.0617827588486703,0.0161858781283039
"196765",0.223198440804557,0.125868703008288,0.186451694879573,-0.0605829918712855,-0.0973297377962685,-0.036746745924983
"546531",0.175918966845703,0.107687987146197,0.148573582313623,-0.040885595167426,-0.0682309796995066,-0.0273453845320807
"558524",0.255093898646817,0.113685387286987,0.195806806706085,-0.0821214194190983,-0.14140851135983,-0.0592870919407316
"89118",0.325107755736621,0.115727725962476,0.23426048033888,-0.118532754376404,-0.209380029774145,-0.0908472753977401
"205134",1.53805512009244,0.355882385247676,0.985096982127585,-0.629214596879909,-1.18217273484476,-0.552958137964851
"482456",0.0741147955259757,0.115438891562853,0.0885386567841399,0.0269002347787135,0.0413240960368777,0.0144238612581642
"137128",0.0501026941541325,0.100948482603234,0.0677441255119351,0.0332043570912986,0.0508457884491012,0.0176414313578025
"24176",0.0743819508150018,0.0916258662773159,0.0805116625084458,0.0111142037688701,0.0172439154623141,0.00612971169344398
"549148",0.0353186101834749,0.087692886526548,0.0506094858436594,0.0370834006828886,0.052374276343073,0.0152908756601844
"478513",0.0223471682537298,0.0939160273224221,0.0435044424637525,0.0504115848586696,0.0715688590686923,0.0211572742100227
"308689",0.150175536473442,0.105222277339436,0.13259595692793,-0.0273736795884933,-0.0449532591340058,-0.0175795795455124
"25176",0.0432836761905302,0.110985497651979,0.0640711409898568,0.0469143566621218,0.0677018214614484,0.0207874647993266
"412104",0.0646793818927152,0.104577557870372,0.0788205371728593,0.0257570206975128,0.0398981759776569,0.0141411552801441
"171222",0.0591227934568941,0.10091194381741,0.072495003406422,0.0284169404109884,0.0417891503605163,0.0133722099495279
"557519",0.0207191153587551,0.073397160784635,0.0359984218259171,0.0373987389587179,0.0526780454258799,0.015279306467162
"190017",0.0187281582004118,0.0832194521966637,0.0373426192512329,0.0458768329454308,0.0644912939962519,0.018614461050821
"466582",0.0263270107902196,0.0857591157695447,0.0444117073338321,0.0413474084357125,0.0594321049793251,0.0180846965436125
"91409",0.263675907985513,0.117496262537455,0.202682968020602,-0.0851867054831473,-0.146179645448058,-0.060992939964911
"438130",0.116011628022469,0.135884863306474,0.123094459857115,0.0127904034493587,0.0198732352840044,0.00708283183464575
"81170",0.0442791876552911,0.102234611363689,0.0630877812391489,0.0391468301245401,0.0579554237083979,0.0188085935838578
"353004",0.0492331537434759,0.0945070115862181,0.0645862209217595,0.0299207906644586,0.0452738578427421,0.0153530671782836
"90685",0.0211283588556656,0.0810872618916892,0.03860098593609,0.0424862759555992,0.0599589030360236,0.0174726270804244
"316763",0.128765634524343,0.119136223556051,0.125124236256505,-0.00598801270045399,-0.00962941096829226,-0.00364139826783827
"505386",1.22092187669465,0.365240493551576,0.820635793387006,-0.455395299835431,-0.855681383143078,-0.400286083307647
"241949",0.156660796378789,0.0803164067525528,0.125523811001175,-0.0452074042486221,-0.0763443896262363,-0.0311369853776142
"350252",0.128206801628933,0.110220256634543,0.121273489198678,-0.011053232564135,-0.0179865449943895,-0.00693331243025455
"251826",0.624507388487253,0.148681692654872,0.412742909357435,-0.264061216702563,-0.475825695832381,-0.211764479129818
"424384",0.0251662746019657,0.0841353289771177,0.04412968578114,0.0400056431959777,0.0589690543751519,0.0189634111791743
"397057",0.0841393078929689,0.111481122943409,0.0939388344581941,0.0175422884852146,0.0273418150504398,0.00979952656522519
"413814",0.058530870620201,0.111078582139847,0.0764348579556564,0.0346437241841906,0.0525477115196459,0.0179039873354554
"55783",0.147569719074071,0.156604314636624,0.150893148077817,0.00571116655880699,0.00903459556255351,0.00332342900374652
"246102",0.0792153603217928,0.114372290741491,0.0914638435335499,0.0229084472079416,0.0351569304196987,0.0122484832117572
"141695",0.266272336545318,0.142936123814332,0.216364225711761,-0.0734281018974288,-0.123336212730985,-0.0499081108335563
"42214",0.233017034087853,0.121932079424485,0.187183378237455,-0.0652512988129702,-0.111084954663368,-0.0458336558503979
"234057",0.0265936219293867,0.085555017119948,0.0444944779659078,0.0410605391540402,0.0589613951905613,0.0179008560365211
"108512",0.0433836749570261,0.108836472516448,0.0646496343976956,0.0441868381187522,0.0654527975594217,0.0212659594406695
"452196",0.0255512759586078,0.0921708742951959,0.0456329604072535,0.0465379138879425,0.0666195983365881,0.0200816844486457
"164270",0.255802802026389,0.142518697583525,0.209411664255025,-0.0668929666714994,-0.113284104442864,-0.0463911377713644
"496697",0.025537389916727,0.0892926259684886,0.0447967979304679,0.0444958280380207,0.0637552360517615,0.0192594080137409
"71438",0.0667178413718523,0.0991919130247223,0.0782387809341379,0.0209531320905844,0.03247407165287,0.0115209395622856
"160114",0.0735636458018611,0.121773428883487,0.0917391576387111,0.0300342712447759,0.0482097830816259,0.0181755118368499
"79898",0.0599925550874128,0.126844040828768,0.0824415352041949,0.0444025056245736,0.0668514857413556,0.0224489801167821
"395255",0.274754862227039,0.144018081061784,0.220928390857372,-0.0769103097955874,-0.130736781165255,-0.0538264713696673
"210897",0.0420378084681352,0.0826463192112211,0.0557897932848557,0.0268565259263654,0.0406085107430859,0.0137519848167206
"122936",0.245811652209429,0.138489772416869,0.202230909552856,-0.0637411371359874,-0.107321879792561,-0.0435807426565732
"549557",0.0679631025714678,0.0944302452454378,0.0768749486317516,0.0175552966136862,0.02646714267397,0.00891184606028381
"229185",0.108551768133256,0.108947434153464,0.108589100060671,0.000358334092792706,0.000395666020208102,3.7331927415396e-05
"500559",0.263555913100962,0.141920414348273,0.214159440212431,-0.0722390258641582,-0.121635498752689,-0.0493964728885313
"77244",0.0311038944010242,0.103314397288572,0.0542943390839618,0.0490200582046104,0.0722105028875479,0.0231904446829375
"340186",0.137379796389034,0.126576676055492,0.133267338412043,-0.00669066235655086,-0.0108031203335422,-0.00411245797699133
"19217",0.215327630430491,0.110372461007967,0.17232176774756,-0.061949306739593,-0.104955169422524,-0.0430058626829306
"181595",0.271908912823962,0.159642878925817,0.227096237773125,-0.0674533588473081,-0.112266033898145,-0.0448126750508373
"42422",0.207332123039769,0.125218006995279,0.17394836552147,-0.0487303585261905,-0.0821141160444901,-0.0333837575182996
"578063",0.0927020702185416,0.116900760128238,0.101379952956743,0.0155208071714945,0.0241986899096962,0.00867788273820175
"171267",0.0301453299824708,0.0971042190201599,0.0503847788282882,0.0467194401918717,0.0669588890376891,0.0202394488458174
"176170",0.220383950138254,0.179408551084539,0.204782561170163,-0.0253740100856242,-0.0409753990537147,-0.0156013889680905
"19397",0.0461969042911074,0.114616242565475,0.0675427844464147,0.0470734581190608,0.068419338274368,0.0213458801553073
"39786",0.10412145959636,0.107171530682793,0.105268848272237,0.00190268241055562,0.00305007108643332,0.0011473886758777
"237320",0.10034404907079,0.128223958165928,0.110422460863183,0.0178014973027448,0.0278799090951375,0.0100784117923927
"224109",0.161675026525131,0.123622696231492,0.146736935908607,-0.0231142396771144,-0.0380523302936383,-0.0149380906165239
"323178",0.119251549725033,0.11580989375779,0.11794720390959,-0.00213731015180042,-0.00344165596724273,-0.00130434581544231
"467885",0.0779440381928609,0.0994676818235162,0.0849624869203369,0.0145051949031793,0.0215236436306553,0.00701844872747599
"516288",0.244258106715192,0.195921643616925,0.22559803635015,-0.0296763927332254,-0.0483364630982675,-0.0186600703650421
"327576",0.0446030890551088,0.105554580080486,0.0644527699242345,0.0411018101562517,0.0609514910253774,0.0198496808691257
"351120",0.124773741954998,0.151203703151648,0.134380316143487,0.0168233870081611,0.0264299611966502,0.00960657418848909
"480904",0.0749027550926722,0.127122119757128,0.0919244492605697,0.0351976704965584,0.0522193646644558,0.0170216941678974
"455967",0.0823747164087565,0.0949687659224081,0.0869383833091656,0.00803038261324257,0.0125940495136516,0.00456366690040906
"402596",0.114152303093374,0.116993735111823,0.115208855846877,0.00178487926494603,0.00284143201844902,0.001056552753503
"317171",0.100440874128631,0.141039353170364,0.115033460437623,0.0260058927327405,0.0405984790417331,0.0145925863089926
"170748",1.01737941461112,0.207511578371268,0.654226973073925,-0.446715394702657,-0.809867836239848,-0.363152441537191
"60033",0.121916150054468,0.152582447064795,0.13308337821887,0.019499068845925,0.030666297010327,0.011167228164402
"469561",0.038122138593316,0.0854539808920912,0.0532902600500259,0.0321637208420653,0.0473318422987751,0.0151681214567098
"310268",0.140381140579543,0.153248376472547,0.14513725789206,0.00811111858048699,0.0128672358930045,0.00475611731251746
"482264",0.250795180645463,0.139051149084119,0.205073674939026,-0.0660225258549071,-0.111744031561344,-0.0457215057064364
"339031",0.0432519091143987,0.0943954642443644,0.0600358300998429,0.0343596341445214,0.0511435551299657,0.0167839209854442
"418214",0.166776623585044,0.122281540495656,0.149334676031092,-0.0270531355354363,-0.0444950830893878,-0.0174419475539515
"538424",0.200523640723484,0.12861842382731,0.171878566786083,-0.0432601429587733,-0.0719052168961742,-0.0286450739374009
"315622",0.0629555800406583,0.116353724809463,0.0811365928479778,0.0352171319614856,0.0533981447688051,0.0181810128073195
"483711",0.0640216561533706,0.0970595053614902,0.0754109052667395,0.0216486000947507,0.0330378492081196,0.0113892491133689
"193554",0.273362550467858,0.158054546550612,0.226605819285301,-0.0685512727346885,-0.115308003917245,-0.0467567311825567
"301380",0.251118890981732,0.189103473646863,0.226855076474887,-0.0377516028280244,-0.0620154173348687,-0.0242638145068443
"85579",0.0846238360616085,0.126863711407232,0.0995411305559187,0.0273225808513129,0.0422398753456232,0.0149172944943102
"266641",0.191607484560373,0.139408735262781,0.171020607149893,-0.0316118718871115,-0.0521987492975921,-0.0205868774104806
"417430",0.0859411602865026,0.098428591872849,0.0905154424613753,0.00791314941147364,0.0124874315863464,0.00457428217487277
"386699",0.755004983970296,0.185111914877134,0.503006928349406,-0.317895013472272,-0.569893069093162,-0.25199805562089
"130211",0.0638439320304428,0.11161278155655,0.0800257035236647,0.0315870780328855,0.0477688495261075,0.016181771493222
"232383",0.181942219965828,0.121378891665274,0.157770214352404,-0.0363913226871303,-0.0605633283005543,-0.0241720056134239
"129999",0.250648143579881,0.150426457650785,0.210060215025573,-0.0596337573747879,-0.100221685929096,-0.0405879285543084
"420627",0.128253985855123,0.126887439434746,0.127730485411014,-0.000843045976267776,-0.00136654642037692,-0.000523500444109148
"196702",0.273938366460106,0.193480956073448,0.241516517095864,-0.0480355610224152,-0.0804574103866573,-0.0324218493642421
"300066",0.0651532331422851,0.109245780101441,0.080425270399729,0.028820509701712,0.0440925469591559,0.0152720372574439
"25555",0.0643698345010416,0.140736686925384,0.0913330163990142,0.0494036705263698,0.0763668524243424,0.0269631818979726
"373476",0.0155320009768554,0.0931204800848182,0.0377214619897274,0.0553990180950908,0.0775884791079628,0.022189461012872
"140739",0.0135817497245047,0.0949103117808328,0.0368316473456433,0.0580786644351895,0.0813285620563281,0.0232498976211386
"157980",1.68220301690825,0.343585882698461,1.04809360544773,-0.704507722749269,-1.33861713420979,-0.634109411460517
"499998",0.188923979389584,0.135278581896965,0.167688482877212,-0.0324099009802473,-0.0536453974926189,-0.0212354965123716
"440550",0.154682509315819,0.137324040944921,0.148016774421506,-0.0106927334765848,-0.0173584683708981,-0.00666573489431332
"128148",0.0496414525343434,0.124642631358885,0.0744569434151171,0.0501856879437682,0.0750011788245418,0.0248154908807736
"69729",0.132306670565962,0.126880369171639,0.13022690616316,-0.00334653699152143,-0.00542630139432324,-0.0020797644028018
"356364",0.0619481124041509,0.108146095025595,0.0778908111699389,0.0302552838556558,0.0461979826214438,0.015942698765788
"160671",0.322959297433387,0.212393780670058,0.279835889027354,-0.0674421083572959,-0.110565516763329,-0.0431234084060331
"406369",0.106598254784885,0.127345503197308,0.114199241552902,0.0131462616444056,0.0207472484124226,0.00760098676801703
"134311",0.176515956496647,0.124950659605509,0.156428108954545,-0.031477449349036,-0.0515652968911388,-0.0200878475421028
"467277",0.0530068651696223,0.109144144474375,0.0722657805953976,0.0368783638789779,0.0561372793047532,0.0192589154257753
"508910",0.11292874535266,0.1266117996309,0.117903777819481,0.00870802181141897,0.0136830542782396,0.0049750324668206
"198022",0.12358173053129,0.121623385697716,0.122851271616936,-0.00122788591922002,-0.00195834483357384,-0.000730458914353818
"506136",0.100670358913832,0.110792916091459,0.104448846967083,0.00634406912437573,0.0101225571776269,0.00377848805325121
"301443",0.178418161429932,0.142642834120417,0.162973661340281,-0.0203308272198633,-0.0357753273095149,-0.0154445000896517
"305339",0.345143233337396,0.168329321818605,0.271357493037613,-0.103028171219008,-0.176813911518791,-0.0737857402997829
"86261",0.0595910236283324,0.139911207557703,0.0863056358770798,0.0536055716806234,0.0803201839293708,0.0267146122487475
"569078",0.1473719249097,0.12101246655271,0.137123859081337,-0.0161113925286266,-0.0263594583569893,-0.0102480658283627
"214275",0.0131911513164556,0.087688096309355,0.0342466962212211,0.053441400088134,0.0744969449928994,0.0210555449047655
"425032",0.126011639865026,0.143863955333436,0.130579944909012,0.0132840104244236,0.0178523154684096,0.00456830504398595
"402095",0.102498475922675,0.126818535144587,0.112789033464788,0.0140295016797987,0.0243200592219115,0.0102905575421128
"298877",0.0469084903852399,0.114872524738848,0.069376839905066,0.0454956848337819,0.0679640343536081,0.0224683495198261
"433718",0.229839678393251,0.135754066144451,0.191830175157229,-0.0560761090127783,-0.0940856122487999,-0.0380095032360216
"514881",0.050026732903379,0.127737763004797,0.0757304693115242,0.0520072936932725,0.0777110301014177,0.0257037364081452
"95285",0.0868845483224034,0.147889506337206,0.107913942451433,0.0399755638857734,0.0610049580148027,0.0210293941290293
"442210",0.023336598360534,0.079209429005824,0.040425765963032,0.0387836630427919,0.0558728306452899,0.017089167602498
"40790",0.0563736929829011,0.14448646214512,0.0852451639828423,0.0592412981622779,0.0881127691622192,0.0288714709999412
"39811",0.337318167622679,0.161023347293437,0.264336700548087,-0.10331335325465,-0.176294820329243,-0.0729814670745921
"394431",0.240096774637213,0.158859216978814,0.207177367687547,-0.0483181507087326,-0.0812375576583993,-0.0329194069496667
"468953",0.158349889367243,0.144932709309541,0.153189293904139,-0.00825658459459747,-0.0134171800577017,-0.00516059546310424
"340262",0.0944625128178003,0.143617482545402,0.111835981391131,0.0317815011542713,0.0491549697276019,0.0173734685733306
"468058",0.122192728113395,0.0825046541383892,0.106656690135622,-0.0241520359972332,-0.0396880739750058,-0.0155360379777727
"196393",0.0923707552076731,0.129528027518788,0.105780407829998,0.0237476196887898,0.0371572723111145,0.0134096526223248
"481927",0.161390840546298,0.138805285833251,0.152665036759645,-0.0138597509263943,-0.0225855547130475,-0.00872580378665325
"128758",0.105914363440159,0.135213258995518,0.116612722276177,0.0186005367193406,0.0292988955553587,0.0106983588360181
"493288",0.0711618205109048,0.119738696768775,0.088261759750409,0.0314769370183656,0.0485768762578698,0.0170999392395042
"353036",0.183212361017292,0.143519788710568,0.167359373156587,-0.0238395844460188,-0.0396925723067246,-0.0158529878607058
"469574",0.0509063773995429,0.115773581641128,0.0725752366559203,0.0431983449852079,0.0648672042415853,0.0216688592563774
"194926",0.193803641468479,0.201193346134464,0.195362453560191,0.00583089257427327,0.00738970466598482,0.00155881209171155
"372642",0.00809315989765836,0.0835211791833851,0.0283519322172305,0.0551692469661546,0.0754280192857268,0.0202587723195721
"333600",1.43524511462411,0.340590126216346,0.916003291054928,-0.575413164838581,-1.09465498840776,-0.519241823569178
"303304",0.104546286708956,0.131292612959885,0.114272875189101,0.0170197377707839,0.0267463262509295,0.00972658848014561
"387248",0.0348113917872995,0.106049719809184,0.0572802277737568,0.0487694920354276,0.0712383280218849,0.0224688359864573
"559013",0.0582792607717497,0.112747216127214,0.0765814225282343,0.0361657935989799,0.0544679553554645,0.0183021617564846
"241429",0.243900563942927,0.147886466272335,0.204422885476925,-0.0565364192045899,-0.0960140976705914,-0.0394776784660015
"454544",0.396344844694881,0.184542870476097,0.308271865911407,-0.123728995435309,-0.211801974218784,-0.0880729787834743
"308808",0.116842371005951,0.108872329366562,0.113835202934809,-0.00496287356824671,-0.00797004163938926,-0.00300716807114255
"17419",0.277050946870046,0.168770670724101,0.233255351816506,-0.064484681092405,-0.108280276145945,-0.0437955950535398
"317547",0.07465676602351,0.135593749904653,0.0958410177511614,0.0397527321534915,0.0609369838811429,0.0211842517276514
"77634",0.016986196847013,0.0762915620957427,0.0340614858359661,0.0422300762597767,0.0593053652487298,0.0170752889889531
"112100",0.0513027248961428,0.137791423677767,0.079886612620575,0.0579048110571925,0.0864886987816247,0.0285838877244322
"448089",0.167383058517854,0.139272290491692,0.156469427727824,-0.0171971372361324,-0.0281107680261621,-0.0109136307900297
"475622",0.0304372503017696,0.090657017420856,0.0498360449115739,0.0408209725092822,0.0602197671190864,0.0193987946098042
"300605",0.0367448790209512,0.130868762302155,0.0674243247887787,0.0634444375133759,0.0941238832812033,0.0306794457678274
"424550",0.263039812851907,0.176152396057571,0.228415175597693,-0.0522627795401223,-0.0868874167943359,-0.0346246372542136
"369785",0.131628413409459,0.168485446148097,0.145051347741584,0.0234340984065123,0.0368570327386382,0.0134229343321259
"406563",0.031036320730258,0.0964907955476414,0.0516277230994933,0.0448630724481481,0.0654544748173834,0.0205914023692353
"80304",0.120227830923129,0.13963532222683,0.127404337614812,0.0122309846120181,0.0194074913037013,0.00717650669168318
"257862",0.138209394960904,0.152240846426376,0.14342669632324,0.0088141501031358,0.0140314514654717,0.00521730136233589
"341952",0.172935362073308,0.1625224098407,0.168778641861093,-0.00625623202039319,-0.0104129522326083,-0.00415672021221508
"59523",0.0681843005851343,0.116426897245385,0.0850184549645594,0.0314084422808258,0.0482425966602509,0.0168341543794251
"357091",0.101737407142419,0.13544976723555,0.114310635810363,0.0211391314251863,0.0337123600931303,0.0125732286679439
"85384",0.0945769158927939,0.126317678616724,0.106095152726227,0.0202225258904968,0.0317407627239303,0.0115182368334335
"64971",0.101421620288775,0.152537257908821,0.119704870324214,0.0328323875846065,0.0511156376200456,0.0182832500354391
"277653",0.180527933767156,0.152625915876576,0.169699806958794,-0.0170738910822189,-0.0279020178905802,-0.0108281268083614
"434508",0.0258605668210145,0.105215213840172,0.0512761808218302,0.053939033018342,0.0793546470191577,0.0254156140008157
"68996",0.381535400296479,0.185624133430292,0.300802451036324,-0.115178317606033,-0.195911266866187,-0.0807329492601543
"12377",0.119700573616078,0.132595199539732,0.124575625371843,0.0080195741678893,0.0128946259236543,0.00487505175576497
"114353",0.0773054441187212,0.0969692051254831,0.0835909224159764,0.0133782827095067,0.0196637610067619,0.00628547829725518
"223696",0.244368888923094,0.145019214599164,0.203944959162581,-0.0589257445634167,-0.0993496743239302,-0.0404239297605135
"367888",0.415545616047655,0.182395069328055,0.318382100090301,-0.135987030762246,-0.233150546719601,-0.0971635159573542
"25433",0.294713036546657,0.186008590482063,0.251552976736947,-0.0655443862548842,-0.108704446064594,-0.0431600598097097
"117671",0.029634659219701,0.107720976229482,0.0552750405722759,0.052445935657206,0.0780863170097809,0.0256403813525749
"514945",0.0633792386251644,0.146211650578093,0.0915187634918519,0.054692887086241,0.0828324119529285,0.0281395248666875
"63031",0.0472827093153625,0.134602270196739,0.0759291768783802,0.0586730933183584,0.0873195608813761,0.0286464675630177
"257634",0.458125645749148,0.178606899485762,0.341848482306062,-0.1632415828203,-0.279518746263385,-0.116277163443086
"193307",0.0887428891561207,0.138991933629262,0.106868986676668,0.0321229469525939,0.0502490444731414,0.0181260975205475
"566971",0.329427680188363,0.188474865600625,0.272844253010788,-0.0843693874101633,-0.140952814587738,-0.0565834271775745
"448151",0.23063532240964,0.171956744128261,0.207504484695938,-0.0355477405676773,-0.0586785782813788,-0.0231308377137015
"71210",1.42488876078625,0.305282133638662,0.884691812738768,-0.579409679100107,-1.11960662714759,-0.540196948047483
"175553",0.0108246310134103,0.0845671189974761,0.0310775523886054,0.0534895666088706,0.0737424879840658,0.0202529213751952
"387781",0.0660689616983094,0.126704383590413,0.0868836163820056,0.0398207672084078,0.060635421892104,0.0208146546836962
"315616",0.201638170186378,0.125047025754406,0.171121526662416,-0.04607450090801,-0.0765911444319722,-0.0305166435239621
"108476",0.217988232116068,0.143027378863668,0.188242991521336,-0.0452156126576679,-0.0749608532524004,-0.0297452405947326
"39657",0.152420800294432,0.151504792205742,0.151975274955678,-0.000470482749936441,-0.000916008088690468,-0.000445525338754027
"223335",0.0451484361923151,0.110671422045385,0.0664139768716291,0.0442574451737561,0.0655229858530701,0.021265540679314
"212266",0.251855356572344,0.162023902538039,0.215921240859223,-0.0538973383211834,-0.0898314540343045,-0.0359341157131211
"333245",0.258424872382565,0.149861310364591,0.214322769849239,-0.0644614594846485,-0.108563562017974,-0.0441021025333255
"77535",0.222084619610966,0.158374431994758,0.196984180397518,-0.0386097484027594,-0.0637101876162077,-0.0251004392134483
"250173",0.155315162653983,0.132474793555981,0.148774196513287,-0.0162994029573053,-0.0228403690980013,-0.00654096614069605
"485316",0.083033365492471,0.135969194232121,0.100668045630264,0.0353011486018569,0.0529358287396499,0.017634680137793
"461906",0.109289800366596,0.166839939100101,0.129495263579767,0.0373446755203343,0.0575501387335049,0.0202054632131707
"76383",0.117882090036402,0.112686915229075,0.115898686468656,-0.00321177123958086,-0.00519517480732645,-0.0019834035677456
"343266",0.0442721397768177,0.116118317739288,0.0673202807754306,0.0487980369638577,0.0718461779624706,0.0230481409986129
"214407",0.113184716751403,0.19452027270149,0.141653952353297,0.0528663203481934,0.0813355559500873,0.0284692356018938
"400213",0.00750875220062149,0.0877283051351091,0.0282352821110522,0.0594930230240568,0.0802195529344876,0.0207265299104308
"381425",0.261642687556983,0.186352086420293,0.231986500912506,-0.0456344144922129,-0.07529060113669,-0.0296561866444771
"36359",0.144591547499675,0.20393299490439,0.165114808791597,0.0388181861127927,0.0593414474047153,0.0205232612919226
"184729",0.0558365528854044,0.143210005389345,0.0860857327954381,0.057124272593907,0.0873734525039407,0.0302491799100337
"130907",0.0301856658144438,0.10861223983127,0.0546455097031923,0.0539667301280772,0.0784265740168257,0.0244598438887485
"119425",0.170429589139829,0.150205142996889,0.162528131210722,-0.0123229882138328,-0.0202244461429401,-0.00790145792910735
"437076",10,0.299921807647762,10,-9.70007819235224,-9.70007819235224,0
"414418",0.0485241101524301,0.0837974779824344,0.0603849798353369,0.0234124981470976,0.0352733678300044,0.0118608696829068
"506950",0.0361980301066464,0.123197883702875,0.0645491028988602,0.0586487808040144,0.0869998535962282,0.0283510727922138
"412217",0.129651711885614,0.130380650921979,0.130983577363714,-0.000602926441735291,0.000728939036364867,0.00133186547810016
"138114",0.086817184912647,0.14711365979604,0.10796794403318,0.0391457157628601,0.0602964748833928,0.0211507591205327
"397837",0.221163980018685,0.16418467747263,0.19878742071366,-0.0346027432410302,-0.0569793025460557,-0.0223765593050255
"433474",0.300928730080068,0.2590224745575,0.284997505166324,-0.0259750306088239,-0.0419062555225685,-0.0159312249137446
"500710",0.0634065035036311,0.121812236697938,0.0830477675576374,0.0387644691403001,0.0584057331943064,0.0196412640540063
"558269",0.175539177909196,0.224558266433101,0.193393836969243,0.0311644294638576,0.0490190885239048,0.0178546590600472
"87262",0.148680715069264,0.137589606051896,0.144388242627433,-0.00679863657553711,-0.0110911090173683,-0.00429247244183123
"124791",0.295993667320355,0.252375609737686,0.279293593825455,-0.0269179840877692,-0.0436180575826687,-0.0167000734948995
"336782",0.137162226189158,0.167107632062491,0.148187083944061,0.0189205481184304,0.0299454058733326,0.0110248577549023
"98080",0.0481850282699354,0.147443294286204,0.0802477729999599,0.0671955212862444,0.0992582660162689,0.0320627447300245
"88627",0.109355191980665,0.141969493535208,0.12152969189536,0.0204398016398479,0.0326143015545427,0.0121744999146947
"56114",0.113115603519022,0.149894178772273,0.126537784946159,0.0233563938261146,0.0367785752532517,0.0134221814271371
"413494",0.204026074294319,0.15507633262464,0.185003355386841,-0.0299270227622011,-0.0489497416696787,-0.0190227189074776
"466235",0.167176196785317,0.153470307965528,0.161857641891777,-0.00838733392624841,-0.0137058888197886,-0.00531855489354019
"194721",0.00559543739319358,0.0811178263720414,0.024167066599792,0.0569507597722495,0.0755223889788478,0.0185716292065984
"116356",0.173642974526796,0.211587765856326,0.187544050632181,0.0240437152241449,0.0379447913295294,0.0139010761053845
"299333",0.0242284677058002,0.0998376816789405,0.0473856153798442,0.0524520662990963,0.0756092139731403,0.023157147674044
"441600",0.280886158540597,0.174823378073736,0.238590565040641,-0.063767186966905,-0.106062780466861,-0.042295593499956
"520370",0.120551859119825,0.171792559013627,0.138979713181041,0.0328128458325861,0.0512406998938017,0.0184278540612156
"510294",0.200174451972991,0.205000357797242,0.201968453578037,0.00303190421920507,0.00482590582425091,0.00179400160504584
"413109",0.0083100793094784,0.0740671884203622,0.0252685627699913,0.0487986256503709,0.0657571091108838,0.0169584834605129
"70805",0.120621879596304,0.143534356121589,0.129106025026562,0.0144283310950262,0.0229124765252847,0.00848414543025847
"469608",0.195747726447407,0.125227141576032,0.167531138632227,-0.0423039970561952,-0.0705205848713748,-0.0282165878151797
"40806",0.147305761346444,0.175063328861621,0.157547996712541,0.01751533214908,0.0277575675151768,0.0102422353660968
"469320",0.655949897558609,0.2843509524231,0.502799517874821,-0.218448565451721,-0.371598945135509,-0.153150379683787
"152095",0.155584374940353,0.145596542556471,0.15169392381513,-0.00609738125865888,-0.00998783238388218,-0.00389045112522329
"361133",0.121572397090121,0.121183111521091,0.121491005073622,-0.000307893552530455,-0.000389285569029604,-8.13920164991488e-05
"26021",0.220695392473995,0.192046428442039,0.209681744604015,-0.0176353161619766,-0.028648964031956,-0.0110136478699794
"339423",0.444706133606532,0.175579893955031,0.331485099151688,-0.155905205196657,-0.269126239651502,-0.113221034454845
"353025",0.338709828344916,0.135633270490459,0.253340147519158,-0.117706877028698,-0.203076557854456,-0.085369680825758
"234840",0.273244989036704,0.157232500921302,0.226355961622669,-0.0691234607013665,-0.116012488115401,-0.0468890274140348
"225771",0.138394396442389,0.166796579193435,0.148691564164299,0.018105015029136,0.0284021827510455,0.0102971677219095
"315058",0.229512651311687,0.217674860700958,0.224911195166273,-0.0072363344653151,-0.0118377906107291,-0.00460145614541399
"27536",0.111277303300265,0.112643381043931,0.111785854632282,0.000857526411649087,0.0013660777436655,0.00050855133201641
"81466",0.0195677030257126,0.0864468452676608,0.0401118449902736,0.0463350002773872,0.0668791422419482,0.020544141964561
"415212",0.402765245854166,0.210386022319738,0.321795959611459,-0.111409937291722,-0.192379223534429,-0.0809692862427072
"551885",0.453127114878044,0.218936085147882,0.35677134037905,-0.137835255231169,-0.234191029730162,-0.0963557744989933
"317753",0.0635351596133569,0.0966983967031233,0.0753752670038246,0.0213231296992987,0.0331632370897664,0.0118401073904677
"106829",0.0713881048945713,0.098517406492826,0.0809842891948176,0.0175331172980084,0.0271293015982547,0.00959618430024624
"334377",0.100525624849567,0.167839128254018,0.124353610424901,0.0434855178291167,0.067313503404451,0.0238279855753342
"150999",0.137925253675163,0.144532388005678,0.140460610220871,0.00407177778480769,0.00660713433051516,0.00253535654570747
"436068",0.295925197531373,0.185607154660826,0.251985423627687,-0.0663782689668611,-0.110318042870547,-0.0439397739036857
"64928",0.0794630795493458,0.14323696836224,0.101744626236109,0.041492342126131,0.0637738888128946,0.0222815466867636
"80920",1.24427077686062,0.424323299733372,0.867769460256261,-0.443446160522889,-0.819947477127246,-0.376501316604358
"362737",0.130130054870645,0.157372813441007,0.140264455039408,0.0171083584015993,0.027242758570362,0.0101344001687627
"496182",0.215843153295125,0.165768917913422,0.196292930857942,-0.0305240129445195,-0.0500742353817031,-0.0195502224371835
"442518",0.231980832196886,0.15317783154455,0.20018329892893,-0.0470054673843801,-0.0788030006523369,-0.0317975332679568
"119622",0.05963752720158,0.120129842537037,0.0803859696902222,0.0397438728468146,0.0604923153354568,0.0207484424886422
"273118",0.0483120708935202,0.131716303069898,0.0756743691843618,0.0560419338855364,0.083404232176378,0.0273622982908416
"209743",0.0290486645227942,0.114045649070085,0.0556306906515658,0.0584149584185193,0.0849969845472909,0.0265820261287716
"274429",0.0120184016308682,0.0957862713853691,0.0347269611724301,0.061059310212939,0.0837678697545009,0.0227085595415619
"503023",0.0396337584560955,0.134846462606989,0.0708542161617564,0.063992246445233,0.0952127041508939,0.031220457705661
"365659",0.344499276953558,0.178717068652825,0.276369543150561,-0.0976524744977363,-0.165782208300733,-0.0681297338029972
"85985",0.0317732058979165,0.0987574258822577,0.0530556141200164,0.0457018117622412,0.0669842199843412,0.0212824082221
"399246",0.557456479548467,0.307307667657758,0.454916528143464,-0.147608860485705,-0.250148811890708,-0.102539951405003
"310323",0.113432067596257,0.161031686149516,0.130742180082919,0.0302895060665973,0.0475996185532598,0.0173101124866625
"261584",0.0153012262359076,0.098300892985006,0.0394321809652324,0.0588687120197737,0.0829996667490985,0.0241309547293248
"171359",0.18850625185163,0.165775528626368,0.179709980800425,-0.0139344521740577,-0.0227307232252628,-0.00879627105120512
"129903",0.0530430269512569,0.133079606343238,0.0799329326331242,0.0531466737101141,0.0800365793919814,0.0268899056818673
"176537",0.0277537957169577,0.107156448598081,0.0522634067906971,0.0548930418073843,0.0794026528811237,0.0245096110737394
"377745",0.0801706382624972,0.164798009930051,0.109488639916337,0.0553093700137146,0.084627371667554,0.0293180016538394
"80316",0.0146975405983458,0.0916289165211068,0.0364964818689006,0.0551324346522062,0.076931375922761,0.0217989412705548
"523376",0.0751179641145856,0.173199811451343,0.108767685172054,0.0644321262792895,0.0980818473367579,0.0336497210574684
"518345",0.0908045024707124,0.172291857985264,0.119160580672,0.0531312773132645,0.081487355514552,0.0283560782012875
"469651",0.224905836250267,0.158442540709891,0.198575443189397,-0.0401329024795058,-0.0664632955403756,-0.0263303930608697
"359136",0.400984913607752,0.170761657607347,0.30395116363783,-0.133189506030484,-0.230223256000405,-0.0970337499699213
"301855",0.0626028639441667,0.0925127166175188,0.0739150588334678,0.018597657784051,0.0299098526733521,0.0113121948893011
"474233",0.0746984513058106,0.132406537004382,0.0948920462990939,0.0375144907052878,0.0577080856985711,0.0201935949932833
"287041",0.0856043172863458,0.106570119143887,0.0932560573896062,0.0133140617542803,0.0209658018575407,0.00765174010326039
"254930",0.0997839132759261,0.160752461183739,0.121316778037527,0.0394356831462122,0.0609685479078133,0.0215328647616012
"25153",0.460601268402415,0.305920991164167,0.399942018200978,-0.0940210270368109,-0.154680277238248,-0.0606592502014366
"417007",0.0116603078896723,0.0985125451482016,0.036849364317774,0.0616631808304276,0.0868522372585294,0.0251890564281018
"536223",0.270670790461913,0.312888396689471,0.286052843084773,0.0268355536046981,0.0422176062275585,0.0153820526228604
"572426",0.119648186541774,0.153929311454277,0.132247564878878,0.0216817465753984,0.0342811249125027,0.0125993783371043
"87016",0.0973369830516992,0.149806667179009,0.115194055591198,0.0346126115878108,0.0524696841273097,0.0178570725394989
"197662",0.0917053345600969,0.152565863429863,0.113028973377772,0.0395368900520909,0.0608605288697665,0.0213236388176755
"62587",0.0406439422945312,0.13542806646403,0.0716285251298415,0.0637995413341883,0.0947841241694986,0.0309845828353103
"71726",0.0358058872824755,0.124811543202121,0.0651839570048094,0.0596275861973116,0.0890056559196455,0.0293780697223339
"481660",0.148149809581456,0.156391993355496,0.15136412736692,0.00502786598857596,0.00824218377403949,0.00321431778546352
"65070",0.111376820013386,0.136764897321219,0.120847709707839,0.01591718761338,0.0253880773078337,0.00947088969445364
"59836",0.0314439176621426,0.1046897898132,0.0541390336462409,0.0505507561669588,0.0732458721510571,0.0226951159840984
"56140",0.0416941373888932,0.140261938031258,0.0744693518265788,0.0657925862046795,0.0985678006423651,0.0327752144376856
"355372",0.396618048578687,0.179726499841048,0.303145138187578,-0.12341863834653,-0.216891548737639,-0.0934729103911089
"486278",0.019284683404755,0.108009947464766,0.0456239412212057,0.0623860062435606,0.0887252640600112,0.0263392578164507
"80645",0.255060567645529,0.192795679812894,0.230591212913323,-0.0377955331004296,-0.0622648878326353,-0.0244693547322057
"436028",0.0574890566169146,0.13155991145502,0.0822941055486582,0.0492658059063616,0.0740708548381052,0.0248050489317436
"352715",0.233095599031245,0.174890613626449,0.210194772858913,-0.0353041592324636,-0.0582049854047955,-0.022900826172332
"67760",0.011416988548282,0.11010028562046,0.0395164584022428,0.0705838272182172,0.0986832970721779,0.0280994698539607
"50502",0.219278239413428,0.171547550480089,0.200468719362716,-0.0289211688826278,-0.0477306889333389,-0.0188095200507111
"485535",0.498498505379207,0.231918734732734,0.387894892588168,-0.155976157855434,-0.266579770646473,-0.110603612791039
"210792",0.0727791073037694,0.156727840503327,0.10122900466484,0.055498835838487,0.0839487331995576,0.0284498973610706
"235251",0.0773249506211274,0.148032407177264,0.101623547194588,0.0464088599826758,0.0707074565561367,0.024298596573461
"218861",0.367808454379232,0.207025132072755,0.302603213274839,-0.0955780812020834,-0.160783322306477,-0.0652052411043934
"438005",0.114508022932047,0.122090367915281,0.116550419323929,0.005539948591352,0.00758234498323362,0.00204239639188163
"500301",0.0492229129577285,0.10861015956917,0.0689149628739479,0.0396951966952221,0.0593872466114415,0.0196920499162194
"433097",0.328592194167724,0.199907386961813,0.276173570594576,-0.0762661836327629,-0.128684807205911,-0.0524186235731481
"507250",0.0757626175219081,0.129428437953727,0.0946242955985928,0.0348041423551343,0.0536658204318191,0.0188616780766847
"164820",0.0352315833092056,0.119101590510102,0.0617290754000088,0.0573725151100935,0.0838700072008967,0.0264974920908032
"375831",0.190902320509615,0.184957776296671,0.188627400571453,-0.00366962427478157,-0.00594454421294327,-0.0022749199381617
"210773",0.0998969515768275,0.206370561593917,0.136893355198787,0.0694772063951292,0.106473610017089,0.0369964036219597
"86576",0.11848801339723,0.167022358033255,0.137156557193683,0.029865800839572,0.0485343446360247,0.0186685437964526
"554134",0.0123641414152905,0.10388968497588,0.0381599534706436,0.0657297315052366,0.0915255435605896,0.0257958120553531
"395392",0.31569348285952,0.193814898004079,0.266390402938469,-0.0725755049343902,-0.121878584855441,-0.0493030799210511
"463324",0.301695049252497,0.216369873372407,0.26798541031109,-0.0516155369386829,-0.0853251758800896,-0.0337096389414068
"482661",0.0660764013363928,0.149569167566468,0.0938936144544809,0.0556755531119876,0.0834927662300757,0.0278172131180881
"438183",0.452499883324668,0.365604024625688,0.420285370048688,-0.0546813454229999,-0.0868958586989801,-0.0322145132759802
"325349",0.156010468040049,0.152299549418487,0.154579457266501,-0.00227990784801371,-0.00371091862156167,-0.00143101077354796
"81811",0.0912091211890204,0.171375737403014,0.11906658419324,0.0523091532097738,0.0801666162139932,0.0278574630042195
"203508",0.0481354736476715,0.136864732305551,0.0767712852278911,0.0600934470776603,0.0887292586578799,0.0286358115802196
"199829",0.0609040067920585,0.129740569001895,0.08471746836946,0.0450231006324352,0.0688365622098367,0.0238134615774015
"554257",0.0656435147002284,0.134146902382316,0.0888843813669905,0.045262521015326,0.0685033876820881,0.0232408666667621
"200505",0.0617387315800012,0.0727099225677478,0.065591189289494,0.00711873327825385,0.0109711909877467,0.0038524577094928
"434626",0.238099996516184,0.189867426935881,0.219380934310842,-0.0295135073749614,-0.0482325695803033,-0.0187190622053419
"481471",0.118390616776168,0.160687321151098,0.135206354934994,0.025480966216104,0.0422967043749303,0.0168157381588263
"208187",0.108050818445092,0.13930164138896,0.119547958412363,0.0197536829765969,0.0312508229438682,0.0114971399672713
"508533",0.091823186027143,0.138234873151653,0.108425270056882,0.029809603094771,0.0464116871245098,0.0166020840297388
"554525",0.0993680675967921,0.202161438630829,0.134410647471442,0.0677507911593867,0.102793371034037,0.0350425798746502
"416602",0.226387563415838,0.177545881039851,0.207008282865479,-0.0294624018256278,-0.048841682375987,-0.0193792805503592
"149533",0.045556435259675,0.111383594405406,0.0677262692796442,0.0436573251257613,0.0658271591457305,0.0221698340199692
"487256",0.0346120692410174,0.0930697847657996,0.0530963205347306,0.039973464231069,0.0584577155247822,0.0184842512937132
"88403",0.609366968789617,0.427074626766781,0.539481426266291,-0.11240679949951,-0.182292342022836,-0.0698855425233266
"253476",0.135653116165195,0.131880455999834,0.134204006778036,-0.00232355077820243,-0.0037726601653614,-0.00144910938715898
"261698",0.0601671294633438,0.12443741293802,0.082416668118881,0.0420207448191394,0.0642702834746766,0.0222495386555372
"455019",0.107821752849628,0.191901882254213,0.137664137845866,0.0542377444083472,0.0840801294045853,0.0298423849962381
"322387",0.402559372399883,0.18021732321565,0.308977481475,-0.128760158259351,-0.222342049184233,-0.0935818909248824
"194617",0.0444511202023194,0.160641541569482,0.0820210122377855,0.0786205293316961,0.116190421367162,0.0375698920354661
"322071",0.126112029494777,0.20934043587336,0.157343891387713,0.0519965444856471,0.0832284063785826,0.0312318618929355
"373788",0.124633055825982,0.155339244725518,0.135856107374835,0.0194831373506832,0.030706188899536,0.0112230515488528
"121134",0.0627479034288814,0.137419414117843,0.0883625137341,0.0490569003837429,0.0746715106889615,0.0256146103052186
"370094",0.0361814979184738,0.100682862927742,0.0568681712979979,0.0438146916297442,0.0645013650092683,0.0206866733795241
"325361",0.110006359918038,0.159268797699535,0.128333299753654,0.030935497945881,0.0492624377814971,0.0183269398356161
"501405",0.105059692740819,0.147186349147632,0.120522025605049,0.0266643235425835,0.0421266564068137,0.0154623328642302
"417973",0.18528402188692,0.182558044216667,0.184281534693181,-0.00172349047651416,-0.00272597767025334,-0.00100248719373919
"300839",0.119969237175806,0.162854301134231,0.135824173619796,0.0270301275144349,0.0428850639584253,0.0158549364439904
"43171",0.122865409510883,0.15803405934519,0.135963621199952,0.0220704381452379,0.0351686498343076,0.0130982116890697
"361926",0.226263831684225,0.18589688018382,0.210529081703862,-0.0246322015200423,-0.0403669515004052,-0.0157347499803629
"4595",0.0731345495664575,0.158151468151389,0.103948573298068,0.0542028948533212,0.0850169185849317,0.0308140237316105
"23924",0.175232318995209,0.146041528461034,0.16402058901883,-0.0179790605577962,-0.0291907905341753,-0.0112117299763792
"416703",0.137786028629747,0.17149278126724,0.150259594302015,0.0212331869652254,0.033706752637493,0.0124735656722676
"350097",0.0601246986726436,0.161587763861421,0.0937137517205173,0.0678740121409037,0.101463065188777,0.0335890530478737
"315490",0.184521204679093,0.243029333455144,0.203694386675703,0.0393349467794406,0.0585081287760509,0.0191731819966103
"75048",0.0854912787126875,0.141746257677202,0.105400078603665,0.036346179073537,0.0562549789645142,0.0199087998909772
"20999",0.0231198555602682,0.130946088180063,0.0565045679934354,0.0744415201866274,0.107826232619795,0.0333847124331672
"319557",0.101931639665105,0.11869521709705,0.108145716277787,0.0105495008192628,0.0167635774319457,0.00621407661268285
"474067",0.0094406642186217,0.0755715070584863,0.0265125009066479,0.0490590061518384,0.0661308428398646,0.0170718366880262
"367187",0.00973553597813308,0.107437264192666,0.0369074995300799,0.0705297646625865,0.0977017282145333,0.0271719635519468
"506078",0.0165102858626202,0.108564666511186,0.0438175481317498,0.0647471183794363,0.0920543806485658,0.0273072622691296
"326132",0.151814074422516,0.204962543488751,0.17194196195553,0.033020581533221,0.0531484690662351,0.0201278875330141
"146021",2.26189589540214,0.445826487816873,1.32451219828689,-0.878685710470014,-1.81606940758526,-0.937383697115249
"166393",0.0574471787431686,0.130015114125014,0.0817223528629522,0.0482927612620614,0.072567935381845,0.0242751741197836
"118410",0.0845229386537077,0.186909102980901,0.119223126926592,0.0676859760543092,0.102386164327194,0.0347001882728843
"136629",0.227373484337684,0.187884627959222,0.211654143323035,-0.0237695153638124,-0.0394888563784614,-0.015719341014649
"432357",0.198234224561006,0.20705580704282,0.201638898085586,0.00541690895723448,0.00882158248181403,0.00340467352457954
"75523",0.0922802327688182,0.160342348772416,0.116395152724808,0.0439471960476086,0.0680621160035982,0.0241149199559896
"208280",0.296656940635619,0.1561069655663,0.237951177660066,-0.0818442120937653,-0.140549975069319,-0.0587057629755534
"215308",0.113441584425927,0.144877817036557,0.125728510824856,0.0191493062117005,0.0314362326106297,0.0122869263989292
"56281",0.144698118352744,0.190654129868098,0.161705251057422,0.0289488788106761,0.0459560115153543,0.0170071327046781
"38410",0.305686254960821,0.220730646351949,0.272348113748158,-0.0516174673962093,-0.0849556086088719,-0.0333381412126627
"101856",0.0583996290127145,0.132156513629723,0.0840394252693797,0.0481170883603432,0.0737568846170084,0.0256397962566652
"116213",0.0755422571332721,0.176345397015844,0.109161806309046,0.0671835907067975,0.100803139882572,0.0336195491757742
"277330",0.426985333782412,0.230345132298822,0.346864379434372,-0.11651924713555,-0.19664020148359,-0.0801209543480408
"331759",0.932020257310399,0.253655995329097,0.583083973554265,-0.329427978225167,-0.678364261981302,-0.348936283756134
"469642",0.040739687169039,0.14551027571987,0.0740410836964151,0.0714691920234553,0.104770588550831,0.0333013965273762
"151439",0.0760565556142912,0.162618188435758,0.105584050179351,0.0570341382564073,0.0865616328214669,0.0295274945650596
"347803",0.011713646427585,0.0972810516709041,0.0352514670794527,0.0620295845914515,0.0855674052433191,0.0235378206518676
"511719",0.107950559530968,0.1564946467835,0.125817657352448,0.0306769894310518,0.0485440872525323,0.0178670978214805
"416124",0.0239344074582635,0.112880331636511,0.0507705027063299,0.0621098289301814,0.0889459241782478,0.0268360952480664
"364601",0.067719015989172,0.171453178320105,0.103362822307639,0.0680903560124663,0.103734162330933,0.0356438063184665
"260209",0.167624962421638,0.1928322817435,0.177222880453152,0.0156094012903488,0.0252073193218622,0.00959791803151339
"466587",0.407866412632588,0.22629039794743,0.334587750513381,-0.108297352565951,-0.181576014685157,-0.0732786621192062
"341362",0.156718704481302,0.168044152291941,0.161087327200363,0.00695682509157747,0.0113254478106385,0.00436862271906102
"332571",0.0629882287560507,0.173990647614371,0.100882837108353,0.0731078105060178,0.11100241885832,0.0378946083523027
"65376",1.54534886673699,0.507303885539268,1.00974203386411,-0.502438148324842,-1.03804498119773,-0.535606832872884
"395631",0.176769089424064,0.180402969240727,0.177829357996993,0.00257361124373429,0.0036338798166636,0.00106026857292932
"482508",0.123822270511541,0.189804993973582,0.147742773762951,0.0420622202106308,0.0659827234620412,0.0239205032514104
"146429",0.543195656994994,0.368946655987062,0.476209341850241,-0.107262685863179,-0.174249001007932,-0.0669863151447527
"36371",0.196994447944309,0.191662940361747,0.195466512809402,-0.00380357244765508,-0.0053315075825619,-0.00152793513490682
"77749",0.0479636514810593,0.112777184260331,0.070249264117235,0.0425279201430958,0.0648135327792714,0.0222856126361757
"541273",0.0948353955958784,0.194799987762372,0.129527925094586,0.0652720626677857,0.0999645921664935,0.0346925294987077
"279375",0.0564624603015629,0.123069113394719,0.0792154477181193,0.0438536656765992,0.0666066530931556,0.0227529874165564
"379984",0.682355332880624,0.318106499609172,0.530736174992569,-0.212629675383397,-0.364248833271452,-0.151619157888055
"157979",0.295496524559165,0.202646393089776,0.259026886354201,-0.0563804932644258,-0.0928501314693898,-0.036469638204964
"224341",0.22677501220158,0.215780885350899,0.22258204888094,-0.00680116353004181,-0.0109941268506818,-0.00419296332063998
"544552",0.0495597847019681,0.126581596255746,0.0757364355241301,0.050845160731616,0.0770218115537779,0.0261766508221619
"94361",0.0276840531089698,0.114211064339803,0.0548643187317759,0.0593467456080272,0.0865270112308332,0.027180265622806
"481322",0.0609929103350853,0.14901023062999,0.0901046918619704,0.0589055387680191,0.0880173202949043,0.0291117815268851
"419013",0.287383227901277,0.220438590438562,0.261030705763692,-0.0405921153251305,-0.0669446374627157,-0.0263525221375852
"87181",0.0465542135663521,0.126006457583834,0.0724438625593201,0.0535625950245139,0.0794522440174819,0.0258896489929681
"50140",0.0972499518542898,0.177752451756416,0.124420747974595,0.0533317037818206,0.0805024999021258,0.0271707961203052
"534539",0.0465899028278434,0.121764332116718,0.0722897425824697,0.0494745895342485,0.0751744292888748,0.0256998397546262
"346042",0.119970130747516,0.161745292986094,0.135066555058857,0.0266787379272371,0.0417751622385781,0.0150964243113411
"248344",0.164400332193394,0.193470123308864,0.175314804018131,0.0181553192907331,0.02906979111547,0.0109144718247368
"301792",0.0823298244435873,0.154827510996286,0.107830762147155,0.0469967488491304,0.0724976865526983,0.0255009377035679
"233863",0.0562132312139125,0.129600315810672,0.0813042446283191,0.0482960711823526,0.0733870845967592,0.0250910134144066
"108625",0.0398881231088015,0.160812557175316,0.0790412645569789,0.0817712926183372,0.120924434066515,0.0391531414481774
"480934",0.0752185795563551,0.111298748166552,0.0880593957812104,0.0232393523853417,0.036080168610197,0.0128408162248553
"6468",0.0642978021250407,0.122872176915803,0.0854149256175864,0.0374572512982165,0.0585743747907622,0.0211171234925457
"527263",1.07843028076671,0.220469822070114,0.701341859502307,-0.480872037432194,-0.857960458696596,-0.377088421264403
"176146",0.284712732293525,0.20586823396183,0.253918918781166,-0.0480506848193358,-0.0788444983316949,-0.0307938135123592
"447935",0.134349917932099,0.157402132911058,0.143006859488121,0.0143952734229376,0.0230522149789593,0.00865694155602173
"71208",1.31167715232888,0.31440024134316,0.826115616986442,-0.511715375643282,-0.997276910985722,-0.48556153534244
"11454",0.114406911959,0.200015962541809,0.144225860173931,0.0557901023678782,0.0856090505828084,0.0298189482149302
"103361",0.0295847600409093,0.133573292530185,0.0611404405423696,0.0724328519878152,0.103988532489276,0.0315556805014604
"106622",0.169136277541557,0.240140249160792,0.194782690693318,0.0453575584674739,0.0710039716192343,0.0256464131517604
"244083",0.14692624693367,0.141027152730205,0.144729164991981,-0.00370201226177599,-0.00589909420346466,-0.00219708194168866
"483688",0.409169019615004,0.251489622345099,0.344942055230233,-0.0934524328851342,-0.157679397269905,-0.0642269643847709
"576720",0.0627096580287047,0.1323482037112,0.0871516194415554,0.0451965842696444,0.0696385456824951,0.0244419614128507
"50316",0.132720106521051,0.163619864608658,0.144313019947115,0.0193068446615436,0.0308997580876074,0.0115929134260638
"303878",0.0349668362412385,0.127261332972147,0.0645493036049348,0.0627120293672127,0.0922944967309089,0.0295824673636963
"423023",0.0537292154380063,0.153162750597324,0.0862737040493571,0.0668890465479666,0.0994335351593175,0.0325444886113509
"112905",0.128165556959004,0.209505910103667,0.157060536009451,0.0524453740942162,0.081340353144663,0.0288949790504468
"507524",0.225565017609433,0.20021356574918,0.21575122213321,-0.0155376563840299,-0.0253514518602534,-0.00981379547622346
"67714",0.0204119575265153,0.125948249241482,0.0524016991417153,0.0735465500997668,0.105536291714967,0.0319897416152
"123982",0.200248122751633,0.213132334899052,0.20511733354781,0.00801500135124228,0.0128842121474194,0.00486921079617711
"431126",0.383408349294669,0.223385569444701,0.318170003675281,-0.0947844342305797,-0.160022779849968,-0.0652383456193883
"75703",0.027329912658252,0.144628385028513,0.0649112425503989,0.0797171424781145,0.117298472370261,0.0375813298921469
"71746",0.31186743248262,0.296618135287235,0.306270278155558,-0.00965214286832228,-0.0152492971953845,-0.00559715432706226
"345060",0.376170027445988,0.184237328705639,0.295994876510043,-0.111757547804404,-0.191932698740349,-0.0801751509359447
"156961",0.116812021016434,0.157330748847764,0.131650463349752,0.0256802854980121,0.0405187278313299,0.0148384423333178
"23781",0.052438587994429,0.122139453812345,0.0762209774095079,0.0459184764028368,0.0697008658179157,0.0237823894150789
"30956",0.028309691435116,0.103914253661504,0.0512179674961879,0.0526962861653158,0.0756045622263876,0.0229082760610718
"301917",0.485283088183645,0.247538506485834,0.389201270016911,-0.141662763531077,-0.237744581697811,-0.0960818181667337
"572597",0.0415656143674303,0.113135355846466,0.0654523185352766,0.0476830373111892,0.0715697414790356,0.0238867041678464
"94926",0.0615690319634335,0.13450822669876,0.0864805306294305,0.048027696069329,0.072939194735326,0.024911498665997
"467294",0.0815538944390287,0.190218248863735,0.118348483472375,0.07186976539136,0.108664354424707,0.0367945890333466
"516184",0.199679206682246,0.154034072050017,0.181981461363611,-0.0279473893135939,-0.0456451346322297,-0.0176977453186358
"413655",0.189262674836915,0.177525761126139,0.1847089438012,-0.00718318267506141,-0.0117369137107756,-0.00455373103571421
"237260",0.0346335123869245,0.136469210608872,0.0676043448638317,0.0688648657450403,0.101835698221947,0.0329708324769072
"126560",0.0262873214396029,0.116440960430836,0.0554597740020929,0.0609811864287428,0.0901536389912328,0.02917245256249
"108499",0.561113018295152,0.290098273226414,0.452336389130454,-0.162238115904041,-0.271014745068738,-0.108776629164697
"72730",0.0248867305572,0.0846329552128661,0.0430282819324007,0.0416046732804654,0.059746224655666,0.0181415513752007
"19742",0.411918329508324,0.249203714132534,0.34498882310571,-0.0957851089731762,-0.16271461537579,-0.0669295064026137
"304364",0.359634665067311,0.235895952299043,0.310661829470571,-0.0747658771715276,-0.123738712768268,-0.0489728355967404
"540855",0.193853596462804,0.221566247895463,0.204303717874028,0.0172625300214355,0.027712651432659,0.0104501214112235
"465538",0.0171447825424454,0.12863714018695,0.050453133051284,0.0781840071356656,0.111492357644504,0.0333083505088387
"388274",0.0389947429755755,0.131727959658225,0.0690258073291066,0.0627021523291186,0.0927332166826497,0.0300310643535311
"119094",0.0555445982882248,0.127866307698004,0.0819205208414171,0.0459457868565871,0.0723217094097794,0.0263759225531923
"337919",0.0346178939153866,0.111366212916316,0.0586999025362909,0.0526663103800249,0.0767483190009292,0.0240820086209043
"333968",0.142829290709765,0.18581613132654,0.158756400930303,0.027059730396237,0.0429868406167741,0.0159271102205371
"89678",0.218708208473089,0.220509602092428,0.219220295793442,0.00128930629898547,0.00180139361933915,0.000512087320353682
"413936",0.64284695328973,0.327293196476568,0.512983373989668,-0.185690177513101,-0.315553756813162,-0.129863579300061
"301613",0.070847491788714,0.193393171053583,0.113163075355334,0.0802300956982491,0.122545679264869,0.0423155835666197
"438009",0.103315351622029,0.17704096083003,0.129825367668398,0.0472155931616322,0.0737256092080014,0.0265100160463693
"339449",0.479018521582303,0.268740118698338,0.394677732202452,-0.125937613504114,-0.210278402883965,-0.0843407893798509
"277355",0.100284704997293,0.139113364966188,0.114240977409848,0.0248723875563404,0.0388286599688948,0.0139562724125544
"77017",0.0804498129999563,0.138957338982702,0.100496903969983,0.0384604350127195,0.0585075259827459,0.0200470909700265
"529581",0.0762853730433134,0.188932973554254,0.114950241683028,0.0739827318712267,0.112647600510941,0.0386648686397144
"88293",0.216120962838115,0.229168221638354,0.221120522423618,0.0080476992147355,0.0130472588002383,0.00499955958550277
"196303",0.577804312958047,0.575651893624925,0.577403265820582,-0.00175137219565691,-0.00215241933312182,-0.000401047137464916
"438875",0.0606824692628241,0.116937263782433,0.0796357465053818,0.0373015172770509,0.0562547945196086,0.0189532772425577
"87671",0.242337243363107,0.205665704738089,0.228071720175822,-0.0224060154377325,-0.0366715386250177,-0.0142655231872852
"553457",0.0208749992163179,0.0936474918408096,0.0419545974830321,0.0516928943577775,0.0727724926244917,0.0210795982667142
"249918",0.0126817111783315,0.0686592187177759,0.0273229206148525,0.0413362981029234,0.0559775075394444,0.014641209436521
"523232",10,0.771667306266842,10,-9.22833269373316,-9.22833269373316,0
"452561",0.133907120050653,0.16536262660507,0.145997888814961,0.019364737790109,0.0314555065544165,0.0120907687643074
"65431",0.354661924388711,0.347758139860111,0.352482314516746,-0.00472417465663505,-0.00690378452860069,-0.00217960987196564
"75962",0.233361409040964,0.28664916948713,0.253936921900284,0.0327122475868464,0.0532877604461661,0.0205755128593197
"424645",0.233454413975448,0.251874734518539,0.240409847240627,0.0114648872779115,0.0184203205430907,0.00695543326517914
"97825",0.235959593519781,0.156219953761579,0.204305299965768,-0.0480853462041889,-0.0797396397582014,-0.0316542935540126
"503328",0.0775189435554507,0.218244549403875,0.124219164328496,0.0940253850753788,0.140725605848424,0.0467002207730451
"316740",0.0337203058247054,0.141283999004751,0.0689826083574036,0.0723013906473472,0.107563693180045,0.0352623025326982
"115297",0.310020590722478,0.22508764044574,0.275730539498064,-0.0506428990523236,-0.0849329502767376,-0.034290051224414
"518735",0.0327664391057783,0.123749124208967,0.0611876002324926,0.0625615239764744,0.0909826851031888,0.0284211611267143
"496530",0.155026343168346,0.282934286970479,0.198855358110899,0.0840789288595803,0.127907943802134,0.0438290149425533
"389609",0.0524920873928954,0.157383438278854,0.0873211216916129,0.0700623165872411,0.104891350885959,0.0348290342987175
"200746",0.222388170868309,0.261677411027295,0.236836328815857,0.0248410822114382,0.0392892401589865,0.0144481579475483
"95866",0.0745606215421915,0.132789699883009,0.0963788838927169,0.036410815990292,0.0582290783408175,0.0218182623505255
"287841",0.522401429877319,0.271836470092401,0.421206134058635,-0.149369663966234,-0.250564959784918,-0.101195295818683
"352227",1.7272342129829,0.547001322919024,1.12723342300269,-0.580232100083667,-1.18023289006387,-0.600000789980205
"481714",0.0640131915094572,0.125022167254672,0.0856032021529641,0.0394189651017082,0.061008975745215,0.0215900106435069
"378065",0.0601291219372342,0.137279041058638,0.0866570529032055,0.0506219881554323,0.0771499191214036,0.0265279309659713
"107781",0.30217662189417,0.247445569608781,0.28074759100017,-0.0333020213913886,-0.0547310522853887,-0.0214290308940001
"98457",0.0314295067369842,0.146637894157088,0.0677637164680479,0.0788741776890397,0.115208387420103,0.0363342097310637
"310080",2.67249051430119,0.551962162598065,1.46726124171277,-0.915299079114708,-2.12052835170312,-1.20522927258841
"2625",0.0968586631213142,0.16441310111539,0.12113786495275,0.0432752361626392,0.0675544379940754,0.0242792018314362
"205245",0.109356571415099,0.160466435282403,0.127547760658619,0.0329186746237845,0.0511098638673045,0.01819118924352
"169207",0.0239885024447586,0.113819809707057,0.05175141902692,0.0620683906801373,0.0898313072622986,0.0277629165821614
"225979",0.266323496059548,0.245260249704946,0.2582543085453,-0.0129940588403545,-0.0210632463546021,-0.00806918751424762
"456130",0.117959103883765,0.198321059759712,0.146708568372305,0.0516124913874069,0.0803619558759468,0.0287494644885398
"123926",0.089048691571035,0.214443469594541,0.131727946420248,0.0827155231742924,0.125394778023506,0.0426792548492132
"261900",0.117811357944435,0.208608826777054,0.149726431954156,0.0588823948228979,0.0907974688326186,0.0319150740097208
"419318",0.0767810397268809,0.150160120668238,0.102737896974852,0.0474222236933863,0.073379080941357,0.0259568572479707
"24876",0.046404684499624,0.178910752230094,0.0884041837605255,0.0905065684695684,0.13250606773047,0.0419994992609015
"242431",0.0338812985567078,0.16068042504509,0.0734469117808764,0.0872335132642132,0.126799126488382,0.0395656132241686
"266818",0.127362613987503,0.177382485693804,0.145967087760708,0.0314153979330966,0.0500198717063015,0.0186044737732049
"392281",0.616574598428726,0.28699983377813,0.481804346404604,-0.194804512626474,-0.329574764650596,-0.134770252024122
"121212",0.126526257279865,0.20004634346947,0.154742233050169,0.0453041104193002,0.0735200861896043,0.0282159757703041
"155735",0.151829849678592,0.202636627252885,0.170305014900713,0.0323316123521714,0.0508067775742933,0.0184751652221219
"60893",0.162162950022296,0.243995564948572,0.191975300558727,0.0520202643898445,0.0818326149262757,0.0298123505364312
"308661",0.13654928551485,0.163662934129601,0.146731581581342,0.0169313525482583,0.0271136486147508,0.0101822960664924
"325954",0.380954350211915,0.21405317630096,0.31318615818749,-0.0991329818865307,-0.166901173910956,-0.0677681920244249
"129129",0.527089977890425,0.318329260740129,0.444491302549257,-0.126162041809128,-0.208760717150296,-0.0825986753411681
"242863",0.077364672531981,0.132740142047874,0.0971923453961402,0.0355477966517338,0.055375469515893,0.0198276728641592
"276803",0.251058183331761,0.214041568748589,0.236641454861583,-0.0225998861129936,-0.0370166145831725,-0.0144167284701789
"56502",0.532330683688945,0.383977307751339,0.473555790717213,-0.0895784829658734,-0.148353375937606,-0.0587748929717325
"11569",0.0380930141370282,0.114973141569146,0.0630835753176551,0.0518895662514911,0.0768801274321181,0.0249905611806269
"450645",0.145752039565903,0.187614014284419,0.161152233048668,0.0264617812357513,0.0418619747185159,0.0154001934827646
"174700",0.0203322433927557,0.108240688064993,0.0468568413576813,0.0613838467073119,0.0879084446722375,0.0265245979649257
"323423",0.411931998396443,0.26698300502205,0.354025918185235,-0.0870429131631846,-0.144948993374393,-0.0579060802112083
"577049",0.028109611827518,0.130162547417364,0.0604681721924765,0.069694375224888,0.102052935589846,0.0323585603649585
"338003",0.802476281668042,0.544540553652613,0.689253641848345,-0.144713088195732,-0.257935728015429,-0.113222639819697
"487780",0.0888862291812102,0.194275448590922,0.12564203616713,0.0686334124237915,0.105389219409712,0.0367558069859202
"163429",0.0909926178147977,0.189256227674271,0.125003355905149,0.0642528717691221,0.0982636098594731,0.0340107380903511
"255902",0.0883126264006375,0.18514410429663,0.121806642469106,0.0633374618275238,0.0968314778959925,0.0334940160684687
"155322",0.0728838051479197,0.125130592665327,0.0917425648665028,0.0333880277988243,0.0522467875174074,0.0188587597185831
"159574",0.0183936888214051,0.121452368006935,0.0486292605495197,0.072823107457415,0.10305867918553,0.0302355717281147
"69332",0.126431052866172,0.258155519154678,0.173485923921848,0.0846695952328295,0.131724466288505,0.0470548710556757
"514834",0.0064024572692553,0.112616190940459,0.0354089876557872,0.077207203284672,0.106213733671204,0.0290065303865319
"41197",0.0601805612274448,0.17596291485353,0.0982828820325471,0.0776800328209827,0.115782353626085,0.0381023208051023
"79500",0.165176394664399,0.242858651217558,0.193293322677311,0.0495653285402471,0.0776822565531589,0.0281169280129118
"522736",0.0847478864000787,0.14825193418587,0.107187849867089,0.0410640843187815,0.0635040477857913,0.0224399634670099
"337460",0.0800409577558344,0.160753126974365,0.108397899533512,0.0523552274408535,0.0807121692185308,0.0283569417776773
"570401",0.617017376407334,0.30447809693389,0.490425545192492,-0.185947448258602,-0.312539279473444,-0.126591831214842
"503007",0.28598053859472,0.306582250620966,0.293905389372471,0.0126768612484946,0.0206017120262459,0.00792485077775135
"261192",0.0490091932404285,0.128778500594678,0.0758208267634003,0.0529576738312774,0.0797693073542492,0.0268116335229717
"114579",0.146398366133647,0.196121294628532,0.165061752595759,0.0310595420327737,0.0497229284948853,0.0186633864621116
"8286",0.0128872895899667,0.0900589901705916,0.0348340875796969,0.0552249025908947,0.0771717005806249,0.0219467979897302
"449942",0.0635384244418334,0.172986154565032,0.10074689455552,0.0722392600095124,0.109447730123199,0.0372084701136866
"188114",0.228110061773414,0.232716890970236,0.229419732066988,0.00329715890324847,0.00460682919682237,0.0013096702935739
"316804",0.0959865031049889,0.204666207475917,0.134861616368671,0.0698045911072461,0.108679704370928,0.0388751132636816
"76120",0.0434884481649148,0.168563187535938,0.0832208912419872,0.0853422962939509,0.125074739371023,0.0397324430770725
"298215",0.0681764802944111,0.145871297651188,0.0947972379035123,0.051074059747676,0.0776948173567772,0.0266207576091013
"426110",0.00626338972289421,0.107479328192928,0.0336263579995701,0.0738529701933584,0.101215938470034,0.0273629682766759
"542201",0.0928453119662091,0.094099804114611,0.093306614534618,0.000793189579992984,0.00125449214840187,0.000461302568408886
"341051",0.393038492038185,0.287859203733877,0.350403987694429,-0.0625447839605517,-0.105179288304308,-0.0426345043437559
"257794",0.0775712404753565,0.175290557594483,0.110726172067076,0.0645643855274065,0.0977193171191264,0.0331549315917199
"403309",0.227099182242846,0.233669256385915,0.228967892118,0.00470136426791476,0.00657007414306968,0.00186870987515492
"360783",0.119702116740018,0.171992789939222,0.139310184314723,0.0326826056244985,0.0522906731992031,0.0196080675747046
"258958",0.592724335050285,0.215485666549543,0.435399004364967,-0.219913337815423,-0.377238668500742,-0.157325330685318
"145060",0.0933902307689701,0.203053327694479,0.131575197342001,0.0714781303524777,0.109663096925508,0.0381849665730307
"481464",0.0858830890511541,0.192988305952287,0.123664869941693,0.069323436010594,0.107105216901133,0.0377817808905385
"360780",0.0717902682648558,0.116639472346013,0.0878896065488202,0.0287498657971926,0.044849204081157,0.0160993382839644
"462231",0.537689553829945,0.282123700308602,0.433493197121216,-0.151369496812614,-0.255565853521343,-0.104196356708729
"482687",0.0703763417039973,0.141978893223416,0.095422557903639,0.0465563353197774,0.071602551519419,0.0250462161996417
"287232",0.86557882893211,0.339617505995512,0.607252933394738,-0.267635427399227,-0.525961322936598,-0.258325895537371
"262128",0.0767092003949007,0.176346354311291,0.111646805483923,0.0646995488273686,0.0996371539163906,0.034937605089022
"498588",0.155911470948581,0.202871870878056,0.173580703933207,0.029291166944849,0.0469603999294755,0.0176692329846265
"500009",0.0643959347910412,0.17654811998758,0.101960050203607,0.0745880697839731,0.112152185196539,0.0375641154125656
"350229",0.0433876526080734,0.124501366183037,0.0692109302916763,0.0552904358913611,0.081113713574964,0.0258232776836029
"310394",0.0804531519807714,0.180454982582696,0.116700554192312,0.0637544283903844,0.100001830601925,0.0362474022115402
"482946",0.311490813793531,0.243529626633305,0.284304284424732,-0.0407746577914263,-0.0679611871602256,-0.0271865293687993
"59594",0.086766331681168,0.168453668912148,0.115758288840969,0.0526953800711792,0.0816873372309798,0.0289919571598006
"254659",0.0479087299692134,0.100855171712017,0.065626557721444,0.0352286139905734,0.0529464417428039,0.0177178277522306
"146930",0.154524155021042,0.250841992989264,0.189579782388914,0.0612622106003501,0.0963178379682219,0.0350556273678718
"246177",2.78010291904896,0.769723667514701,1.589766407172,-0.820042739657297,-2.01037925153426,-1.19033651187696
"539571",0.0333456604005718,0.130248792200691,0.0644769657269885,0.0657718264737027,0.0969031318001194,0.0311313053264167
"107286",0.0224386890189283,0.0996641839117464,0.0461848550158097,0.0534793288959367,0.0772254948928181,0.0237461659968814
"125247",0.0928950330896792,0.223858274157268,0.137024543658776,0.086833730498492,0.130963241067588,0.0441295105690964
"499429",0.289967165041721,0.26525694059752,0.280129148755928,-0.0148722081584089,-0.0247102244442011,-0.00983801628579217
"380381",0.118416842100001,0.163593150566163,0.134909000740597,0.0286841498255657,0.0451763084661615,0.0164921586405958
"319509",0.204623554936817,0.193379846968644,0.200367706500863,-0.00698785953221909,-0.0112437079681729,-0.00425584843595381
"425269",0.132472638372486,0.159415659810216,0.142351073707456,0.0170645861027604,0.0269430214377297,0.00987843533496927
"1367",0.0417237293108743,0.109017309738414,0.0633594604846719,0.0456578492537421,0.0672935804275397,0.0216357311737976
"129656",0.0474256267260807,0.160753380941688,0.08397229205113,0.0767810888905575,0.113327754215607,0.0365466653250493
"300903",0.161023302096844,0.208193665647282,0.178405460737821,0.0297882049094608,0.0471703635504377,0.0173821586409768
"189742",0.0483054071251377,0.12587471408387,0.074506794956041,0.0513679191278289,0.0775693069587322,0.0262013878309033
"547670",0.0553322162650753,0.143241357716626,0.0865784365264688,0.0566629211901571,0.0879091414515506,0.0312462202613935
"559015",0.22081930011359,0.212042203510623,0.217450544695616,-0.00540834118499314,-0.00877709660296702,-0.00336875541797388
"433777",0.242409172024088,0.230190025233981,0.237757059726831,-0.00756703449285084,-0.012219146790107,-0.00465211229725615
"545688",0.509171073706477,0.272437312224783,0.414161523442281,-0.141724211217497,-0.236733761481694,-0.0950095502641961
"257549",0.28386474320247,0.225072358181675,0.260585825021321,-0.0355134668396454,-0.0587923850207941,-0.0232789181811487
"480886",0.0622551830852862,0.181713087096592,0.103676810656476,0.078036276440116,0.119457904011306,0.0414216275711897
"509466",0.0157774052113433,0.0995040423969801,0.0403340873578469,0.0591699550391332,0.0837266371856368,0.0245566821465036
"51292",0.186130513451552,0.19740115097212,0.190484503298125,0.00691664767399486,0.0112706375205679,0.00435398984657304
"251436",0.23720816883664,0.356415630837946,0.280828998451748,0.0755866323861981,0.119207462001306,0.0436208296151076
"544365",0.0386594793785852,0.127967776133515,0.0669259226286927,0.0610418535048225,0.08930829675493,0.0282664432501075
"18054",1.73852859732446,0.290710463220072,1.73852859732446,-1.44781813410439,-1.44781813410439,0
"46272",0.155559218632773,0.213259613232062,0.176875433990255,0.0363841792418076,0.0577003945992896,0.0213162153574819
"5472",0.0650240674994191,0.158851465532114,0.09637245647878,0.0624790090533338,0.0938273980326947,0.0313483889793609
"56065",0.0984408894548937,0.208507809197698,0.136745967045915,0.0717618421517834,0.110066919742805,0.0383050775910212
"11453",0.0342279791328829,0.155814077010619,0.0727569330599592,0.0830571439506599,0.121586097877736,0.0385289539270762
"171125",0.0440479737319603,0.135263961956072,0.0744532498138625,0.0608107121422098,0.091215988224112,0.0304052760819022
"527202",0.126439497717512,0.226990219865988,0.161860092249919,0.065130127616069,0.100550722148476,0.0354205945324069
"113955",0.531800324451222,0.317705899393394,0.443894905201491,-0.126189005808097,-0.214094425057828,-0.0879054192497312
"403159",0.190385129513395,0.197803476973721,0.19329746115777,0.00450601581595175,0.00741834746032682,0.00291233164437507
"52375",0.805401247113886,0.326268411910419,0.606184876332334,-0.279916464421915,-0.479132835203467,-0.199216370781552
"251517",1.47615059828455,0.731631770751619,1.12128736807828,-0.389655597326657,-0.744518827532935,-0.354863230206278
"422177",0.122564854530159,0.175857718104591,0.142474666185058,0.0333830519195328,0.0532928635744321,0.0199098116548992
"176154",0.0706589925569237,0.198292427390321,0.113239375553712,0.0850530518366089,0.127633434833397,0.042580382996788
"69808",0.12493419767852,0.217408844395921,0.157391702114815,0.0600171422811059,0.092474646717401,0.0324575044362952
"9829",0.11873184846363,0.19678439384484,0.147300721068904,0.049483672775936,0.0780525453812097,0.0285688726052737
"258776",0.034338845486129,0.139729881331055,0.0684342627329695,0.0712956185980852,0.105391035844926,0.0340954172468405
"450471",0.0642949015564641,0.181494519448085,0.104814579088628,0.0766799403594568,0.117199617891621,0.0405196775321639
"242989",0.0821122795291729,0.13670771453147,0.101323818213833,0.0353838963176366,0.0545954350022967,0.0192115386846601
"84065",0.494238513486271,0.29147145090361,0.414330819909343,-0.122859369005733,-0.202767062582661,-0.079907693576928
"184706",0.0506801459752603,0.115894814996458,0.07212399930773,0.0437708156887282,0.0652146690211978,0.0214438533324697
"152270",0.196786858035224,0.196278618110156,0.19664823694843,-0.000369618838274549,-0.00050823992506846,-0.000138621086793911
"65791",0.0708731462192072,0.233282680825527,0.123305011432633,0.109977669392893,0.162409534606319,0.052431865213426
"251968",0.0214620365117311,0.118812383094639,0.0526071221739817,0.0662052609206571,0.0973503465829077,0.0311450856622506
"329139",0.00838268854721672,0.0960944183446592,0.0322799840105498,0.0638144343341095,0.0877117297974425,0.023897295463333
"558980",0.14275174123681,0.176398832006835,0.15451858328314,0.0218802487236944,0.0336470907700242,0.0117668420463298
"330463",0.141260295570252,0.241126920449944,0.177141748144373,0.0639851723055709,0.099866624879692,0.0358814525741212
"126893",0.050708963164036,0.160553910482146,0.0878982305661946,0.0726556799159515,0.10984494731811,0.0371892674021586
"429100",0.330246634828803,0.318949425737735,0.325986209941471,-0.00703678420373616,-0.0112972090910679,-0.00426042488733169
"256967",0.281208730638977,0.192676300502205,0.246101385444162,-0.0534250849419569,-0.0885324301367722,-0.0351073451948153
"394497",0.00597019254320653,0.111345131088062,0.0344111781968194,0.0769339528912426,0.105374938544855,0.0284409856536128
"318788",0.0469452454666552,0.132909756867165,0.076809810497951,0.0560999463692144,0.0859645114005103,0.0298645650312959
"567041",0.0128582760721395,0.0934930613214019,0.0355566248244251,0.0579364364969768,0.0806347852492625,0.0226983487522856
"160902",0.112393005746784,0.195560921988442,0.142081049201232,0.0534798727872093,0.0831679162416578,0.0296880434544485
"532416",0.0567608238211777,0.137461553178928,0.0838236965985463,0.0536378565803821,0.0807007293577506,0.0270628727773685
"122349",0.299482540987298,0.32820234500258,0.309935500222136,0.0182668447804435,0.0287198040152823,0.0104529592348388
"135187",0.0141529991725367,0.143317860421261,0.0528356719649858,0.0904821884562755,0.129164861248725,0.0386826727924491
"186218",0.0598205101249862,0.14589114429527,0.0900050822469806,0.055886062048289,0.0860706341702834,0.0301845721219944
"544548",0.0474026907063362,0.146455805873087,0.0811961768266082,0.0652596290464792,0.0990531151667513,0.0337934861202721
"25586",0.0820784841102842,0.261379660715491,0.140321112387809,0.121058548327682,0.179301176605207,0.0582426282775243
"118604",0.0142976776590122,0.100964546836226,0.0390432792682425,0.0619212675679837,0.086666869177214,0.0247456016092303
"39594",0.594680858815113,0.343278094194457,0.495020443478467,-0.15174234928401,-0.251402764620655,-0.0996604153366455
"150235",0.17635570105458,0.212306008421662,0.190236257971422,0.0220697504502402,0.035950307367082,0.0138805569168418
"4211",0.117774440074179,0.149360720461247,0.129396078189653,0.0199646422715938,0.0315862803870684,0.0116216381154747
"300010",0.207157046864473,0.147995362338943,0.183753218257501,-0.0357578559185587,-0.0591616845255305,-0.0234038286069718
"57397",0.0749047658117552,0.204009005622162,0.118542173948704,0.085466831673458,0.129104239810407,0.0436374081369491
"380283",0.113677477421407,0.149052429335965,0.126509192774683,0.0225432365612825,0.0353749519145584,0.0128317153532759
"333547",0.0176599452850256,0.124687722129438,0.0495516638772962,0.0751360582521422,0.107027776844413,0.0318917185922706
"271944",0.249473887184695,0.261245556175352,0.253859655802906,0.00738590037244607,0.0117716689906571,0.00438576861821102
"103489",0.684815927036222,0.338081226309577,0.51285661424202,-0.174775387932443,-0.346734700726644,-0.171959312794201
"559627",0.0540665395156781,0.164659827105551,0.0912225371381702,0.0734372899673809,0.110593287589873,0.0371559976224921
"129792",0.122497428081578,0.208424939004057,0.153303590328532,0.0551213486755246,0.085927510922479,0.0308061622469544
"437110",0.354817966200214,0.262883392834097,0.318568328763788,-0.0556849359296908,-0.0919345733661173,-0.0362496374364266
"232325",0.103415811575482,0.165080025978517,0.12587669481886,0.0392033311596569,0.0616642144030357,0.0224608832433788
"38954",0.0552651363537606,0.179671888421827,0.0959064995167641,0.0837653889050631,0.124406752068067,0.0406413631630035
"377880",0.00586543883330431,0.0829970712831928,0.0248577769607029,0.05813929432249,0.0771316324498885,0.0189923381273985
"178099",0.0970577820886546,0.20234406347736,0.134922966282102,0.0674210971952582,0.105286281388705,0.0378651841934472
"10442",0.154771274028145,0.176822129357256,0.163016413471343,0.0138057158859134,0.0220508553291113,0.00824513944319785
"195347",0.0798284881537008,0.180435424348009,0.114697857091691,0.0657375672563173,0.100606936194308,0.0348693689379905
"479202",0.248571941740239,0.273180156412607,0.257927678919637,0.0152524774929699,0.0246082146723676,0.00935573717939775
"463457",0.105242785691422,0.193164590689387,0.137955795156975,0.0552087955324118,0.0879218049979648,0.0327130094655531
"561138",0.124968644427695,0.188449675145564,0.148423085893519,0.0400265892520454,0.0634810307178698,0.0234544414658244
"76677",0.031925028010182,0.100734457996543,0.053285505080434,0.0474489529161089,0.0688094299863609,0.021360477070252
"433126",0.0254798550000144,0.180776898829822,0.0730549490437574,0.107721949786064,0.155297043829807,0.0475750940437429
"570400",0.418249553036343,0.325812089606733,0.382874879805321,-0.057062790198588,-0.0924374634296101,-0.0353746732310221
"251505",0.282140933690614,0.258591909869366,0.271818629893548,-0.0132267200241825,-0.0235490238212485,-0.0103223037970661
"294578",0.128179225035823,0.209374939851722,0.158894109314946,0.0504808305367759,0.0811957148158995,0.0307148842791236
"178466",1.02171286540799,0.357535122267276,0.69692887943418,-0.339393757166905,-0.664177743140715,-0.32478398597381
"533172",0.553596945830194,0.337105345057552,0.4693714828847,-0.132266137827148,-0.216491600772643,-0.0842254629454945
"506778",0.0912062131684614,0.214220817758466,0.133525367508952,0.0806954502495139,0.123014604590005,0.0423191543404907
"290144",1.00358826622275,0.509154348310917,0.78155378511097,-0.272399436800053,-0.494433917911829,-0.222034481111775
"510501",0.223370372756983,0.22605331919915,0.224379769919235,0.00167354927991434,0.00268294644216666,0.00100939716225232
"216478",0.0556108104995855,0.18996651675585,0.103790857866847,0.0861756588890038,0.134355706256265,0.0481800473672611
"106778",0.197683439444945,0.255188909791525,0.219137363914591,0.0360515458769347,0.0575054703465802,0.0214539244696455
"123412",0.08944149132447,0.169707791317912,0.116908908788678,0.0527988825292335,0.0802662999934419,0.0274674174642085
"428271",0.111633851591778,0.165582010192818,0.131185277050839,0.0343967331419793,0.0539481586010404,0.0195514254590611
"377792",0.303744984626985,0.302864734475301,0.303525296168939,-0.000660561693637984,-0.000880250151684137,-0.000219688458046152
"120489",0.0799093992116903,0.18060515617124,0.113819450733016,0.0667857054382236,0.10069575695955,0.033910051521326
"566782",0.170938038900756,0.234006089884359,0.194719948289555,0.0392861415948046,0.0630680509836027,0.023781909388798
"304411",0.205349664205682,0.220946360336687,0.211397373444307,0.00954898689237957,0.0155966961310048,0.00604770923862527
"353321",0.0904046012120906,0.205547421728426,0.130111031652628,0.0754363900757985,0.115142820516336,0.0397064304405371
"361373",0.362142628850604,0.292320977059472,0.33258964590527,-0.0402686688457982,-0.0698216517911319,-0.0295529829453337
"225705",0.0639364948244097,0.195721754650212,0.10835016044172,0.087371594208492,0.131785259825803,0.0444136656173106
"22220",0.0847259755421957,0.226040065722889,0.133381661979138,0.0926584037437509,0.141314090180693,0.0486556864369421
"331976",0.0809262630640678,0.221732280632146,0.128834927724154,0.0928973529079923,0.140806017568078,0.0479086646600859
"548052",0.0350297626839574,0.151750478478059,0.0713294474163615,0.0804210310616978,0.116720715794102,0.0362996847324041
"563536",0.3207462710381,0.295994949545524,0.31109827957687,-0.0151033300313452,-0.0247513214925761,-0.00964799146123091
"112975",0.131067913143907,0.114983985223861,0.124943663264251,-0.00995967804039037,-0.0160839279200461,-0.00612424987965569
"503644",0.0817543778522954,0.162886836785263,0.10968371326514,0.0532031235201225,0.0811324589329675,0.027929335412845
"272424",0.144762646481972,0.146824266635265,0.14369327253793,0.0031309940973345,0.00206162015329237,-0.00106937394404213
"96633",0.157003341095479,0.30645200770637,0.209007984272729,0.0974440234336408,0.149448666610891,0.0520046431772501
"433224",0.113649922067005,0.223772422442926,0.151746445073567,0.0720259773693589,0.11012250037592,0.0380965230065616
"346562",0.122392696064017,0.20793833853309,0.153169853223314,0.0547684853097762,0.0855456424690727,0.0307771571592965
"93959",0.0579633512013288,0.223755141196065,0.11215457836459,0.111600562831475,0.165791789994736,0.0541912271632608
"166809",0.573912534774061,0.305637238906304,0.464555577597853,-0.158918338691548,-0.268275295867757,-0.109356957176208
"511227",0.313978004156291,0.239397773873745,0.28461994314684,-0.0452221692730954,-0.0745802302825463,-0.0293580610094509
"568296",0.266052212146865,0.279822819895042,0.271250833838034,0.00857198605700776,0.0137706077481767,0.00519862169116897
"39845",0.117409639883797,0.259034483183259,0.166784082730459,0.0922504004527999,0.141624843299461,0.0493744428466612
"135458",0.198137413326729,0.21566539820394,0.204771941377795,0.0108934568261445,0.0175279848772107,0.00663452805106624
"435512",0.0544425156869943,0.135625435909028,0.0810960637050058,0.0545293722040223,0.0811829202220338,0.0266535480180115
"55078",0.0281343837711577,0.14681531142362,0.0666455007470517,0.0801698106765683,0.118680927652462,0.038511116975894
"498585",0.123433761702054,0.2387066145287,0.163095518841703,0.0756110956869968,0.115272852826646,0.0396617571396496
"111392",0.122657356091884,0.207677541903325,0.15295629438234,0.0547212475209853,0.085020185811441,0.0302989382904557
"449209",0.29588121373483,0.243468992766694,0.275713848508778,-0.032244855742084,-0.0524122209681358,-0.0201673652260517
"126934",0.28532834634171,0.251382285963239,0.272320254218446,-0.0209379682552073,-0.0339460603784712,-0.0130080921232639
"259268",0.154718221700788,0.244912302875291,0.186450557466314,0.0584617454089766,0.0901940811745021,0.0317323357655255
"190957",1.09299751509424,0.581424013363737,0.902262860527014,-0.320838847163277,-0.511573501730504,-0.190734654567227
"554435",0.0328477489227037,0.170876760755842,0.0770517897815194,0.0938249709743228,0.138029011833138,0.0442040408588157
"62167",0.283383476318614,0.270820786337251,0.278608969623947,-0.00778818328669673,-0.0125626899813632,-0.00477450669466645
"426998",0.0402069655758243,0.119665931210939,0.0659702770384421,0.053695654172497,0.0794589656351147,0.0257633114626178
"507271",0.0504009543782566,0.213474802130801,0.102632518943093,0.110842283187708,0.163073847752545,0.0522315645648363
"497956",0.048331683572716,0.225468186662873,0.104338298431893,0.12112988823098,0.177136503090157,0.0560066148591769
"40228",0.257036225354424,0.265923144428551,0.260494248778091,0.00542889565045995,0.00888691907412675,0.0034580234236668
"195398",0.0285410857533032,0.11742935628932,0.0558610080273353,0.0615683482619851,0.0888882705360172,0.027319922274032
"308574",0.145267893891603,0.240409612664636,0.179213805260661,0.0611958074039751,0.0951417187730324,0.0339459113690573
"53759",0.0590921464649174,0.160140772418579,0.092123915720116,0.0680168566984629,0.101048625953661,0.0330317692551986
"293628",0.578489245300678,0.312777043844984,0.472961588318003,-0.160184544473019,-0.265712201455694,-0.105527656982676
"34505",0.12714621575945,0.225557911163782,0.163433036779014,0.0621248743847684,0.0984116954043323,0.0362868210195639
"371033",0.127443958645269,0.212566509321704,0.157803797421154,0.0547627119005494,0.0851225506764353,0.0303598387758858
"83945",0.0930236360370045,0.164783532384238,0.118676920874005,0.0461066115102338,0.071759896347234,0.0256532848370002
"434502",0.0369837898990828,0.144400914778472,0.0727163929162975,0.0716845218621746,0.107417124879389,0.0357326030172147
"267510",0.0735901683875065,0.157544687991508,0.102730930090677,0.0548137579008317,0.0839545196040019,0.0291407617031702
"477923",0.0945160046209514,0.201404368942236,0.133623922446261,0.0677804464959742,0.106888364321284,0.03910791782531
"461028",0.0917714948739055,0.187524076005464,0.126157143280858,0.0613669327246059,0.0957525811315587,0.0343856484069528
"62707",0.147861405785098,0.245442736724558,0.182850386224635,0.0625923504999222,0.0975813309394596,0.0349889804395374
"53331",0.315316150734261,0.316552550144468,0.315621139607789,0.000931410536678889,0.00123639941020726,0.000304988873528367
"235109",0.457249945266921,0.31023433328819,0.396147518400124,-0.0859131851119344,-0.147015611978731,-0.0611024268667968
"121824",0.032963674275162,0.130303802977075,0.0641062390429856,0.066197563934089,0.0973401287019126,0.0311425647678236
"322880",0.0351273666890466,0.112737025151882,0.0600336828069156,0.0527033423449668,0.0776096584628358,0.024906316117869
"322426",1.89138793791407,0.400324858929607,1.09864638845122,-0.698321529521614,-1.49106307898447,-0.792741549462853
"511545",0.261625883448816,0.224235390392831,0.246807612639735,-0.0225722222469037,-0.0373904930559846,-0.0148182708090809
"170632",0.0151200119184532,0.103931782018833,0.0411192092925558,0.0628125727262767,0.0888117701003793,0.0259991973741026
"149667",0.197002713322964,0.339234985447112,0.247328999968104,0.0919059854790076,0.142232272124148,0.0503262866451401
"516227",0.149898196782718,0.200625430825467,0.170646343149862,0.0299790876756046,0.0507272340427492,0.0207481463671446
"476348",0.0167350778333762,0.125109498851543,0.0491978332735518,0.0759116655779911,0.108374421018167,0.0324627554401756
"317440",0.0552074086370483,0.184774082112218,0.0971297064757514,0.0876443756364666,0.12956667347517,0.0419222978387031
"19740",0.0252790173947593,0.139697163328791,0.0598120633902778,0.0798850999385136,0.114418145934032,0.0345330459955185
"253300",0.327135044153524,0.234233643652306,0.290720850886562,-0.0564872072342562,-0.0929014005012185,-0.0364141932669623
"76398",0.136970406182396,0.199667501871961,0.160229218395167,0.0394382834767942,0.0626970956895649,0.0232588122127707
"93489",0.200274957721065,0.214303354550952,0.205678798326769,0.00862455622418243,0.0140283968298864,0.00540384060570398
"483385",0.227874674720108,0.251291626104159,0.236785089847569,0.0145065362565893,0.0234169513840511,0.0089104151274618
"305638",0.0507579880456439,0.188130234606244,0.0967444156694829,0.0913858189367607,0.1373722465606,0.0459864276238389
"72021",0.174202541412382,0.227411471385031,0.193917082049928,0.0334943893351033,0.0532089299726483,0.019714540637545
"497930",0.0426255691862625,0.161081565819246,0.081420734437608,0.0796608313816383,0.118455996632984,0.0387951652513456
"508459",0.152450667251396,0.21431440510693,0.174849625705793,0.0394647794011369,0.0618637378555338,0.0223989584543968
"94174",0.0223619850089304,0.144694540290613,0.0595379787329675,0.0851565615576453,0.122332555281682,0.0371759937240371
"75883",0.156046128313632,0.187888715546398,0.167968966929477,0.0199197486169214,0.0318425872327668,0.0119228386158454
"531740",0.0209762326871845,0.151375666991055,0.0609307473922226,0.0904449195988328,0.130399434303871,0.0399545147050381
"431128",0.159144155083196,0.339726672609923,0.220429525136267,0.119297147473656,0.180582517526726,0.0612853700530704
"315274",0.248634635548324,0.361125962865829,0.289801487519894,0.0713244753459342,0.112491327317505,0.0411668519715707
"255364",0.354945151277123,0.306164217279936,0.335484606795222,-0.0293203895152855,-0.0487809339971865,-0.0194605444819009
"316207",0.110156848571525,0.283822978480369,0.168833841344011,0.114989137136359,0.173666129908844,0.0586769927724853
"270202",0.025665260824555,0.104045446473345,0.0498021969425702,0.0542432495307749,0.0783801856487901,0.0241369361180152
"369560",0.0399733406649284,0.145552050655164,0.0734232094431224,0.0721288412120414,0.105578709990235,0.033449868778194
"9507",0.299190899009863,0.279564949877246,0.291780373830563,-0.0122154239533171,-0.0196259491326166,-0.00741052517929952
"75100",0.0368572438183135,0.141230511929339,0.0694694902076266,0.071761021721712,0.104373268111025,0.0326122463893132
"259022",0.128990253838075,0.266756387478143,0.177065815450844,0.0896905720272991,0.137766133640068,0.0480755616127686
"238390",0.0653254401537487,0.145365959488242,0.092549954418682,0.0528160050695601,0.0800405193344934,0.0272245142649333
"248330",0.0211516801707673,0.121364236782034,0.0522143105327857,0.0691499262492483,0.100212556611267,0.0310626303620184
"321222",0.300004037998308,0.194841829220512,0.257918086172864,-0.0630762569523522,-0.105162208777796,-0.042085951825444
"475074",0.366660033320307,0.319845187469594,0.348849803562188,-0.0290046160925946,-0.0468148458507129,-0.0178102297581183
"315135",0.226820726072471,0.269680964913739,0.242951887721279,0.0267290771924599,0.0428602388412673,0.0161311616488074
"152568",0.352546462963638,0.330601596569981,0.344165757721291,-0.0135641611513098,-0.0219448663936563,-0.00838070524234658
"522941",1.01450128158614,0.372985262866128,0.708926967220321,-0.335941704354193,-0.641516018720016,-0.305574314365823
"315225",0.0679663105310298,0.182825583692828,0.107714820715062,0.0751107629777668,0.114859273161799,0.0397485101840319
"56047",0.087842307059897,0.200278200401806,0.127397025891781,0.0728811745100244,0.112435893341909,0.0395547188318843
"532249",0.0487960433046438,0.158712585377097,0.084891037245252,0.0738215481318447,0.109916542072453,0.0360949939406083
"533358",0.129262942776073,0.225809012481016,0.162984393454446,0.0628246190265703,0.0965460697049432,0.033721450678373
"337257",0.146319733080642,0.197495287652526,0.165085049516415,0.0324102381361108,0.0511755545718838,0.018765316435773
"214255",0.116974925177105,0.220283068628985,0.15357736389875,0.0667057047302349,0.10330814345188,0.0366024387216454
"17086",0.0996749457592507,0.206140723549516,0.138056741916963,0.0680839816325537,0.106465777790266,0.0383817961577121
"338217",0.150026573418581,0.227067260663119,0.177741260872256,0.0493259997908629,0.0770406872445377,0.0277146874536748
"438243",0.827437604013857,0.38230982793437,0.612857936546598,-0.230548108612228,-0.445127776079487,-0.214579667467259
"24386",0.311684654771853,0.328299811536395,0.317996375524279,0.0103034360121152,0.0166151567645417,0.00631172075242653
"205084",0.207163968819031,0.251488910791191,0.223689091454693,0.0277998193364973,0.0443249419721598,0.0165251226356624
"503115",0.0901588066701922,0.184401391477534,0.12331458867052,0.0610868028070145,0.0942425848073421,0.0331557820003276
"188038",0.0781460414320104,0.164329510951301,0.108347671766018,0.0559818391852834,0.0861834695192906,0.0302016303340072
"322219",0.194166058122586,0.242200604939552,0.211613408623302,0.0305871963162497,0.0480345468169653,0.0174473505007156
"223390",0.054726381016076,0.16432845257,0.0914560450916282,0.0728724074783717,0.109602071553924,0.0367296640755522
"75576",0.0725334902952661,0.195228638428352,0.114656119476641,0.0805725189517112,0.122695148133086,0.0421226291813747
"500619",0.367912918138817,0.299030579691773,0.341121625428944,-0.0420910457371709,-0.0688823384470432,-0.0267912927098723
"532205",0.0352085270686606,0.156859243699936,0.0736547121268391,0.0832045315730967,0.121650716631275,0.0384461850581785
"533768",0.0320930566729747,0.19516804397003,0.083269942860229,0.111898101109801,0.163074987297055,0.0511768861872542
"509799",0.227713909306343,0.278153316514863,0.246603751257885,0.0315495652569776,0.0504394072085196,0.018889841951542
"578190",0.11789170205507,0.229297908865373,0.15920552591183,0.0700923829535435,0.111406206810304,0.0413138238567602
"496305",0.24269642105525,0.276874453607349,0.255863363078092,0.0210110905292574,0.034178032552099,0.0131669420228416
"536402",0.157786148260447,0.259078468256406,0.194543923799476,0.0645345444569301,0.101292319995959,0.0367577755390285
"309157",0.161146878154754,0.217617751985987,0.181880180632878,0.0357375713531092,0.0564708738312339,0.0207333024781247
"339188",0.567596348960319,0.480411623774473,0.535138841037395,-0.054727217262922,-0.0871847251858459,-0.0324575079229239
"416268",0.191233639158883,0.250566415621771,0.213617493973875,0.0369489216478954,0.0593327764628875,0.0223838548149921
"561978",0.176106195818495,0.312691617678994,0.225236512670562,0.0874551050084318,0.136585421860499,0.049130316852067
"120011",0.22820251151809,0.239466243910062,0.232492548778255,0.00697369513180685,0.0112637323919718,0.00429003726016497
"88074",0.971044133661373,0.505788603239051,0.761620535497997,-0.255831932258946,-0.465255530422322,-0.209423598163376
"300874",0.012379940389984,0.0961263064447804,0.0350463740145233,0.061079932430257,0.0837463660547963,0.0226664336245393
"390593",0.756736532304121,0.341394806844124,0.584069924638505,-0.242675117794381,-0.415341725459997,-0.172666607665616
"261621",0.050844502005686,0.153580759447553,0.0851044208361431,0.0684763386114095,0.102736257441867,0.0342599188304571
"561983",0.572945214481773,0.337812608081583,0.47748305007803,-0.139670441996447,-0.235132606400191,-0.0954621644037437
"129813",2.71055865539059,0.442153643572142,2.71055865539059,-2.26840501181845,-2.26840501181845,0
"65751",0.150115478739508,0.201640469210161,0.169185224388413,0.0324552448217476,0.0515249904706533,0.0190697456489057
"28571",0.0628621232815241,0.158500900021812,0.0958253637304826,0.0626755362913293,0.0956387767402878,0.0329632404489585
"156998",1.01978552667793,0.415483176969049,0.733707233998686,-0.318224057029637,-0.604302349708884,-0.286078292679246
"322216",0.0227263493383148,0.150359771249167,0.062144406542948,0.0882153647062187,0.127633421910852,0.0394180572046331
"426994",0.14670673979081,0.170603877056798,0.155549972752416,0.0150539043043824,0.0238971372659882,0.0088432329616058
"523816",0.14524853582242,0.303859430861418,0.199157281897669,0.104702148963749,0.158610895038998,0.0539087460752491
"541718",0.0416560779593057,0.173241400552137,0.0862094159601593,0.0870319845919782,0.131585322592832,0.0445533380008536
"108147",0.112875233801515,0.210971534727746,0.148825093619024,0.0621464411087216,0.0980963009262309,0.0359498598175092
"30418",0.125110409582599,0.281516667215557,0.179176225042149,0.102340442173408,0.156406257632958,0.0540658154595502
"503795",0.274589959153819,0.235616799932252,0.259040694124243,-0.0234238941919915,-0.0389731592215676,-0.0155492650295761
"122256",0.0452951735617623,0.168566843840443,0.0862244176776564,0.082342426162787,0.123271670278681,0.0409292441158942
"486861",0.019594210797691,0.17307973369449,0.06726289359411,0.10581684010038,0.153485522896799,0.0476686827964191
"134487",0.186655864531089,0.353841116407398,0.244563735696799,0.109277380710599,0.167185251876309,0.0579078711657103
"118743",0.443756746410315,0.273456600914912,0.375930906524165,-0.102474305609254,-0.170300145495403,-0.0678258398861495
"7262",0.0438599461208584,0.167705124987558,0.0847906498291663,0.0829144751583916,0.1238451788667,0.0409307037083079
"453512",0.138431870561644,0.246597068142063,0.176309195547072,0.0702878725949911,0.108165197580419,0.0378773249854282
"567027",0.0426814106560048,0.155892815617223,0.0796391840410429,0.07625363157618,0.113211404961218,0.0369577733850381
"381909",0.0120322340547066,0.146648348648836,0.0539989830876058,0.0926493655612297,0.134616114594129,0.0419667490328992
"486568",0.200255880310972,0.235683580755557,0.213659492715761,0.0220240880397959,0.0354277004445854,0.0134036124047895
"360626",0.0390147062062171,0.116014075011105,0.0633527039959295,0.0526613710151758,0.0769993688048881,0.0243379977897124
"321603",0.0341570893280895,0.157086904358256,0.0731830103219313,0.0839038940363245,0.122929815030166,0.0390259209938419
"416977",0.287839730122258,0.45230107429841,0.346910615550014,0.105390458748396,0.164461344176152,0.0590708854277561
"544730",0.222924334802554,0.357882655243438,0.275038379498594,0.082844275744844,0.134958320440883,0.0521140446960395
"176137",0.11831466445666,0.179629868201033,0.140100572900716,0.0395292953003175,0.0613152037443734,0.0217859084440559
"50758",0.189354158993353,0.24942164125621,0.212041250101312,0.0373803911548978,0.0600674822628574,0.0226870911079596
"432587",0.0980615420698186,0.190323018956008,0.130693181612326,0.0596298373436815,0.0922614768861891,0.0326316395425076
"164394",0.282725188483195,0.273279814073971,0.279136314868324,-0.00585650079435313,-0.00944537440922416,-0.00358887361487104
"2485",0.193014365395561,0.268917425220921,0.220800986911627,0.048116438309294,0.0759030598253594,0.0277866215160654
"94429",0.964599031720573,0.378407693652524,0.68431948684948,-0.305911793196956,-0.586191338068048,-0.280279544871093
"372189",0.0615045449064674,0.184471247482346,0.102951775423273,0.0815194720590723,0.122966702575878,0.041447230516806
"307894",0.0570819642676478,0.165690756225763,0.0933785001189316,0.0723122561068315,0.108608791958115,0.0362965358512838
"167856",0.240092858094071,0.294882514281356,0.260278580429751,0.0346039338516048,0.0547896561872855,0.0201857223356808
"542085",0.163111822812134,0.281541454400353,0.206729019565224,0.074812434835129,0.118429631588219,0.0436171967530904
"468055",0.0106085002449401,0.140665999230978,0.0496672483374868,0.0909987508934915,0.130057498986038,0.0390587480925467
"258201",1.21062106559349,0.359776433038366,0.800318111075566,-0.4405416780372,-0.850844632555124,-0.410302954517924
"481693",0.0228379705626309,0.119016202156114,0.0526190643991793,0.0663971377569342,0.0961782315934827,0.0297810938365485
"275898",0.275538740839018,0.27529632864339,0.275359759379378,-6.34307359877462e-05,-0.000242412195627872,-0.000178981459640126
"121069",0.0504065536567402,0.175154542293188,0.090276576313877,0.0848779659793108,0.124747988636448,0.0398700226571367
"199828",0.19910683253807,0.263899691112697,0.223041991757127,0.04085769935557,0.0647928585746272,0.0239351592190572
"395254",0.158621934930735,0.267416299980641,0.197410330202471,0.0700059697781694,0.108794365049905,0.0387883952717359
"381324",0.224605138203852,0.254039034270867,0.235835659479392,0.0182033747914748,0.0294338960670147,0.0112305212755398
"45112",0.190515950614279,0.349327736350913,0.246589109332158,0.102738627018756,0.158811785736634,0.0560731587178782
"503230",0.0783964604357184,0.223298137700634,0.127880510747606,0.0954176269530271,0.144901677264915,0.049484050311888
"468950",1.32057210028017,0.986343124499546,1.16951808811717,-0.183174963617621,-0.334228975780628,-0.151054012163007
"483192",0.0436043690886649,0.105189152704764,0.063746968593008,0.0414421841117564,0.0615847836160996,0.0201425995043432
"56970",0.152871779855284,0.247674230275301,0.187143224846193,0.0605310054291081,0.0948024504200171,0.0342714449909089
"330227",0.113231220357283,0.17232932886326,0.136429941960286,0.0358993869029736,0.0590981085059766,0.023198721603003
"563786",0.0641234292640252,0.241750522809997,0.123086165725451,0.118664357084546,0.177627093545972,0.0589627364614255
"23576",0.0912888732127673,0.183734488647258,0.123514228027855,0.0602202606194034,0.0924456154344911,0.0322253548150877
"289144",0.626411951969707,0.181286386540849,0.432866594382766,-0.251580207841917,-0.445125565428858,-0.193545357586941
"94186",0.026434893022935,0.0754414859020273,0.0418761154718687,0.0335653704301586,0.0490065928790922,0.0154412224489336
"360687",0.0900475696293736,0.152431396376705,0.112715229886197,0.0397161664905078,0.0623838267473311,0.0226676602568233
"171519",0.072626923634411,0.206744542698213,0.118635776038428,0.0881087666597848,0.134117619063802,0.0460088524040174
"8664",0.168027722847085,0.203664776836578,0.181353494537995,0.0223112822985836,0.0356370539894934,0.0133257716909098
"298382",0.121372320863933,0.279858559798867,0.17908280186626,0.100775757932607,0.158486238934934,0.0577104810023273
"381351",0.496990316598185,0.369194834628734,0.44745945931587,-0.0782646246871357,-0.127795481969451,-0.0495308572823153
"57139",0.0770301691544594,0.0971589063820515,0.0842545410489121,0.0129043653331394,0.0201287372275921,0.00722437189445271
"540499",0.113561103725996,0.228878520096729,0.154095056088189,0.0747834640085406,0.115317416370733,0.0405339523621923
"464085",0.315627599131614,0.281046471973359,0.301961860694476,-0.0209153887211167,-0.0345811271582547,-0.013665738437138
"288872",0.43121218313107,0.311551141375842,0.383713270384481,-0.072162129008639,-0.119661041755228,-0.0474989127465889
"356712",0.158330192336156,0.263348979718656,0.197002918737744,0.0663460609809127,0.1050187873825,0.0386727264015872
"77047",0.503869049248651,0.146594669108968,0.346132917850575,-0.199538248741607,-0.357274380139683,-0.157736131398076
"540703",0.141278561166848,0.237819768588978,0.177173282736214,0.0606464858527646,0.0965412074221307,0.0358947215693661
"400009",0.361249256245291,0.288780573764448,0.332899164828497,-0.0441185910640486,-0.0724686824808431,-0.0283500914167945
"76442",0.0295437443434586,0.13766562926097,0.0641535869190635,0.0735120423419062,0.108121884917511,0.034609842575605
"29011",0.088701010305435,0.176173219856679,0.119190291379774,0.0569829284769058,0.0874722095512445,0.0304892810743387
"392153",0.0703051539099843,0.183262535744225,0.108558663268879,0.0747038724753453,0.11295738183424,0.0382535093588949
"94235",0.420664782142172,0.353186115898515,0.394506114563108,-0.041319998664593,-0.0674786662436575,-0.0261586675790645
"499852",0.158257161480554,0.262123495755284,0.194657182150007,0.0674663136052777,0.10386633427473,0.0364000206694524
"312779",0.207143339220446,0.312979355814071,0.24531159855954,0.0676677572545302,0.105836016593625,0.0381682593390949
"237263",0.180780846207621,0.224181165052191,0.196542069634615,0.0276390954175759,0.04340031884457,0.0157612234269942
"392557",0.561914955089728,0.505262036878659,0.540310993760534,-0.0350489568818753,-0.0566529182110699,-0.0216039613291946
"532422",0.204315175808223,0.232047177603747,0.214658737146108,0.0173884404576383,0.0277320017955238,0.0103435613378854
"82288",0.0873853172185841,0.220542860175728,0.134386464231189,0.0861563959445394,0.133157542957144,0.0470011470126048
"39720",0.0197636647832262,0.124013100664507,0.0510907297698187,0.0729223708946879,0.10424943588128,0.0313270649865925
"377977",0.0252439262829023,0.119357372071385,0.0547281446594343,0.0646292274119506,0.0941134457884826,0.029484218376532
"407404",0.3119019224427,0.308315880557063,0.31056268068609,-0.00224680012902689,-0.00358604188563677,-0.00133924175660988
"44162",0.121881940857991,0.294917323524708,0.184148798304839,0.110768525219869,0.173035382666718,0.0622668574468486
"522876",0.113110283262944,0.243113162544808,0.158791122418484,0.0843220401263238,0.130002879281863,0.0456808391555397
"567397",0.040921666993835,0.121008778137513,0.0669771391388117,0.054031638998701,0.0800871111436777,0.0260554721449767
"372919",0.335867135344678,0.269011410651684,0.309337142391493,-0.0403257317398091,-0.066855724692994,-0.0265299929531849
"572656",0.264023759000648,0.279712841213855,0.270194707312969,0.00951813390088618,0.0156890822132074,0.00617094831232123
"213814",0.056312699960948,0.204015899677404,0.105933318619097,0.0980825810583074,0.147703199716456,0.0496206186581486
"44746",0.0597243430890028,0.232483009400852,0.11751094220033,0.114972067200521,0.172758666311849,0.0577865991113276
"39930",0.22006910906703,0.293695000941831,0.247492810006096,0.0462021909357351,0.0736258918748011,0.027423700939066
"314092",0.156998119088468,0.291722168969738,0.205009290259435,0.0867128787103037,0.13472404988127,0.0480111711709662
"187357",0.115182152119966,0.229146591818133,0.154788559118644,0.0743580326994886,0.113964439698166,0.0396064069986777
"244441",0.305603771890078,0.281655948722037,0.296574242502323,-0.0149182937802858,-0.0239478231680402,-0.00902952938775448
"8154",0.103712143987798,0.259700146450114,0.15621864637905,0.103481500071064,0.155988002462317,0.0525065023912526
"349285",0.0395106521084,0.167744887826624,0.0794398036120281,0.0883050842145957,0.128234235718224,0.0399291515036281
"190611",0.318480263451005,0.409811584736256,0.351126407634919,0.058685177101337,0.0913313212852515,0.0326461441839145
"469697",1.7520705398692,0.799546118356627,1.30372377482424,-0.504177656467609,-0.952524421512576,-0.448346765044967
"518184",0.0950959908035377,0.201441356160668,0.133332619335592,0.0681087368250758,0.10634536535713,0.0382366285320546
"75924",0.231994138697268,0.314320843290698,0.262428465022413,0.0518923782682858,0.0823267045934306,0.0304343263251448
"370051",0.0365987025536256,0.232395042571877,0.0990653771901711,0.133329665381706,0.195796340018252,0.0624666746365456
"79890",0.0739080281257915,0.217288646860855,0.12243851257874,0.0948501342821146,0.143380618735064,0.048530484452949
"486552",0.299044537198356,0.336827653430352,0.313202223756894,0.0236254296734581,0.0377831162319963,0.0141576865585382
"176585",0.586167444382287,0.468143577063609,0.540523318423071,-0.0723797413594611,-0.118023867318677,-0.045644125959216
"516457",0.143872355492053,0.255239040287251,0.184286151758826,0.0709528885284247,0.111366684795198,0.0404137962667732
"231519",0.415855197346477,0.398993182163069,0.409428870058344,-0.0104356878952753,-0.0168620151834087,-0.00642632728813342
"147771",0.0489898084438539,0.189992450140905,0.0961567936805918,0.0938356564603135,0.141002641697051,0.0471669852367379
"317543",0.114941343650807,0.287831651879022,0.173494515092949,0.114337136786073,0.172890308228215,0.0585531714421418
"50907",0.291785488526579,0.297589044174859,0.293475057420701,0.00411398675415769,0.00580355564827989,0.0016895688941222
"62412",0.215621136090002,0.363316999334633,0.267612775447131,0.0957042238875019,0.147695863244631,0.0519916393571293
"92007",0.247870721554782,0.360738645444924,0.292526680995819,0.0682119644491043,0.112867923890141,0.044655959441037
"159277",0.127292793782224,0.224385746701743,0.163110615859726,0.0612751308420166,0.0970929529195188,0.0358178220775022
"556449",0.354739108549785,0.276176474097579,0.323895479343194,-0.047719005245615,-0.0785626344522063,-0.0308436292065913
"482614",0.0902069681359063,0.297390053793892,0.159058836013329,0.138331217780563,0.207183085657986,0.0688518678774229
"312493",0.135219252317358,0.221402363239102,0.16651837156138,0.054883991677722,0.086183110921744,0.031299119244022
"155829",0.0632815530884355,0.163957921988066,0.0974151487490643,0.0665427732390012,0.10067636889963,0.0341335956606288
"164576",0.629279236953585,0.711965323901553,0.657865989392311,0.0540993345092421,0.0826860869479674,0.0285867524387253
"513687",0.081481187216404,0.186583776486859,0.118486445970971,0.0680973305158882,0.105102589270455,0.0370052587545669
"72866",0.0797850572619717,0.211940877792001,0.125998835101264,0.0859420426907374,0.132155820530029,0.046213777839292
"522559",0.186684521803952,0.262998580477172,0.215529476301416,0.0474691041757559,0.0763140586732197,0.0288449544974638
"346516",0.0804447326988393,0.204750222324018,0.123667942814939,0.0810822795090794,0.124305489625179,0.0432232101160996
"50297",0.0759322508074795,0.252358752661868,0.134188328396173,0.118170424265695,0.176426501854389,0.0582560775886932
"415287",0.0844706132416098,0.183731995893489,0.119563448273439,0.0641685476200503,0.0992613826518792,0.0350928350318289
"482204",0.0649495886174514,0.242822049625965,0.123010300718919,0.119811748907046,0.177872461008513,0.0580607121014673
"107075",0.37113787605802,0.345959902416188,0.361601244381288,-0.0156413419650998,-0.0251779736418317,-0.00953663167673191
"301458",0.0619059572320926,0.169973182722757,0.0983881984670947,0.0715849842556626,0.108067225490665,0.0364822412350022
"217369",0.160329663685992,0.249387992995057,0.193314697849198,0.0560732951458584,0.0890583293090651,0.0329850341632066
"314921",0.25956364000537,0.354533352383448,0.294092493691783,0.0604408586916655,0.0949697123780784,0.0345288536864129
"328502",0.141099470112256,0.324410632062633,0.203249257080238,0.121161374982395,0.183311161950377,0.0621497869679822
"7664",0.0714841160368313,0.101481654666177,0.0820779660579755,0.0194036886082012,0.0299975386293455,0.0105938500211442
"522244",0.881621990478275,0.632444167960255,0.772804632467358,-0.140360464507103,-0.24917782251802,-0.108817358010917
"11646",0.0829643072241003,0.268579257114469,0.143679524392841,0.124899732721628,0.185614949890369,0.0607152171687412
"253778",0.0274800515147091,0.172689893337829,0.0730535453831995,0.09963634795463,0.14520984182312,0.0455734938684904
"128394",0.229434214897205,0.378498535880743,0.281322453289489,0.097176082591254,0.149064320983538,0.0518882383922838
"484870",0.0199387737418798,0.105383650599081,0.0454741297026919,0.0599095208963888,0.0854448768572008,0.0255353559608121
"60785",0.48388174046338,0.316381551710838,0.417319539997383,-0.100937988286545,-0.167500188752541,-0.0665622004659966
"412183",0.113399170960289,0.234168676487096,0.155167530010133,0.0790011464769632,0.120769505526807,0.0417683590498436
"317254",0.067948196225128,0.235039270992367,0.124045188433515,0.110994082558851,0.167091074767239,0.0560969922083873
"36585",0.0186191976764127,0.15703712965976,0.0614726703160097,0.0955644593437502,0.138417931983347,0.042853472639597
"376498",0.478902077798028,0.336547054004486,0.420530870885582,-0.0839838168810957,-0.142355023793541,-0.0583712069124457
"150880",0.156856410779522,0.206292576887745,0.175390602114183,0.0309019747735628,0.049436166108223,0.0185341913346601
"83526",0.0588307060086697,0.15359597643935,0.0915446269322151,0.0620513495071345,0.0947652704306798,0.0327139209235453
"538586",0.092106378872908,0.182631923888876,0.125105656376692,0.057526267512184,0.0905255450159677,0.0329992775037837
"417902",0.149487156650597,0.210698351715158,0.172821229310469,0.0378771224046898,0.0612111950645617,0.023334072659872
"526410",0.0598743898982336,0.232666659602966,0.1193967387517,0.113269920851266,0.172792269704732,0.0595223488534662
"286721",0.262306232718639,0.29684954289516,0.275356268634315,0.021493274260845,0.0345433101765207,0.0130500359156757
"259233",0.0193368775251487,0.112459034537604,0.0474555138759728,0.0650035206616308,0.0931221570124549,0.0281186363508241
"96453",0.104193709158184,0.218384113217265,0.145424601987113,0.0729595112301525,0.114190404059082,0.041230892828929
"362191",0.25025947068675,0.297719565648861,0.26813336856811,0.0295861970807509,0.0474600949621115,0.0178738978813606
"450761",0.0377878438993554,0.114707776493871,0.0634314561209495,0.0512763203729212,0.0769199325945153,0.0256436122215941
"89188",0.0442199703526339,0.252811553912428,0.11270716389587,0.140104390016558,0.208591583559794,0.0684871935432359
"279726",0.0259501796524448,0.144090811185449,0.0634573589341249,0.0806334522513243,0.118140631533004,0.0375071792816802
"330609",0.105043381188755,0.234338764154198,0.151355274074513,0.0829834900796849,0.129295382965443,0.0463118928857579
"214282",0.0875552753190964,0.161832367192948,0.113342861009541,0.0484895061834079,0.074277091873852,0.0257875856904441
"170349",0.228034760858817,0.259728570855208,0.241202976575642,0.0185255942795664,0.0316938099963915,0.0131682157168251
"121044",0.0296842877425911,0.173581473788227,0.075347082177427,0.0982343916108004,0.143897186045636,0.0456627944348358
"514093",1.03647024210484,0.446456579391692,0.764991936812087,-0.318535357420395,-0.590013662713146,-0.271478305292752
"241366",0.221584399788656,0.257465860211441,0.234777164623841,0.0226886955876009,0.0358814604227851,0.0131927648351842
"292671",0.0861009365259634,0.293222806557247,0.155055705275474,0.138167101281774,0.207121870031284,0.0689547687495102
"402513",0.053544508653277,0.183557547910414,0.0976478668411014,0.085909681069313,0.130013039257137,0.0441033581878244
"486444",0.158560450464048,0.305782127068263,0.210317075828446,0.0954650512398173,0.147221676604215,0.0517566253643981
"73275",0.129957528103493,0.274889714207711,0.179890605955706,0.0949991082520046,0.144932186104218,0.0499330778522137
"492850",0.0566020798271011,0.230070919294128,0.114267842661476,0.115803076632652,0.173468839467027,0.0576657628343749
"522692",0.0654827910953533,0.131289956644052,0.0884587938254702,0.0428311628185818,0.0658071655486988,0.022976002730117
"147713",0.0237720240824397,0.138563421523745,0.0594972086157555,0.0790662129079892,0.114791397441305,0.0357251845333158
"73280",0.487951641771122,0.496676359849608,0.491094260687946,0.00558209916166152,0.00872471807848596,0.00314261891682444
"312628",0.395009384273327,0.324790373829146,0.365846155016087,-0.0410557811869415,-0.0702190104441806,-0.0291632292572391
"253972",0.475649542928522,0.435344961017975,0.460406550194449,-0.0250615891764742,-0.0403045819105472,-0.015242992734073
"173987",0.0501601916636038,0.157389343749888,0.0866188016006358,0.0707705421492518,0.107229152086284,0.036458609937032
"131287",0.0629533834092949,0.182996965612193,0.104351354323698,0.078645611288495,0.120043582202898,0.0413979709144028
"196715",0.0629429164435686,0.160458751274306,0.0955167952790943,0.0649419559952117,0.0975158348307373,0.0325738788355256
"231580",0.245645971631749,0.373016990993724,0.291424027396245,0.0815929635974785,0.127371019361975,0.0457780557644964
"296954",0.132270763882925,0.207992639335491,0.160519625390826,0.0474730139446648,0.0757218754525663,0.0282488615079015
"75793",0.101763007313253,0.257779581581943,0.157431982918099,0.100347598663844,0.156016574268691,0.0556689756048463
"494391",0.17074390775501,0.213428157635563,0.187066077409892,0.0263620802256707,0.0426842498805529,0.0163221696548822
"119541",0.182340337787437,0.222759240930893,0.197149396819874,0.0256098441110195,0.0404189031434556,0.0148090590324361
"111554",0.01444631308098,0.112696619904914,0.0444191917231726,0.0682774281817418,0.0982503068239343,0.0299728786421925
"82279",0.466453712273685,0.298711180303634,0.395952919831286,-0.0972417395276519,-0.167742531970051,-0.0705007924423988
"277095",0.13093990616398,0.294066374466729,0.18811128902458,0.105955085442149,0.163126468302749,0.0571713828605995
"260924",0.196135610553962,0.269360009118183,0.223286589441009,0.0460734196771735,0.0732243985642212,0.0271509788870477
"212241",0.17362297233054,0.215399767178228,0.1894309270438,0.0259688401344281,0.0417767948476882,0.0158079547132601
"154405",0.111319749860302,0.230824167410076,0.1539726284642,0.0768515389458761,0.119504417549774,0.0426528786038977
"300919",0.313191329001594,0.293855304073176,0.305895149504668,-0.0120398454314923,-0.019336024928418,-0.00729617949692563
"465003",0.202946653187424,0.357589444255566,0.258845705313333,0.0987437389422326,0.154642791068142,0.0558990521259095
"345063",0.298505763261775,0.303584060008691,0.300392367896463,0.00319169211222825,0.00507829674691601,0.00188660463468776
"38058",0.645982340129884,0.493937028190341,0.588798368875589,-0.0948613406852485,-0.152045311939544,-0.0571839712542952
"198519",0.0421751474538061,0.0802471062097278,0.0561119323395388,0.0241351738701889,0.0380719587559217,0.0139367848857327
"96468",0.111434105623748,0.151376756319475,0.126534026724155,0.0248427295953193,0.0399426506957262,0.0150999211004069
"405970",0.0159181876414451,0.110826986063403,0.0441512546657091,0.0666757313976936,0.0949087984219576,0.028233067024264
"258810",0.0383672430891277,0.167218689651944,0.0801411055226096,0.0870775841293341,0.128851446562816,0.041773862433482
"573999",0.0520062730574357,0.174930593173774,0.0933126201506613,0.0816179730231131,0.122924320116339,0.0413063470932256
"85865",0.41752876425571,0.400618399529551,0.411068429059747,-0.0104500295301964,-0.0169103647261589,-0.00646033519596251
"264672",0.32585872288047,0.289108382970521,0.311562596927672,-0.0224542139571507,-0.0367503399099487,-0.014296125952798
"459877",0.210863566210823,0.256583217988263,0.227610617895964,0.0289726000922991,0.0457196517774406,0.0167470516851415
"190453",0.162996162957296,0.169449048639279,0.164765751845581,0.00468329679369778,0.00645288568198282,0.00176958888828505
"337075",0.730690078520156,0.296784361608848,0.549589461768151,-0.252805100159304,-0.433905716911309,-0.181100616752005
"540464",0.692789987258246,0.530085814546835,0.630773117841554,-0.100687303294719,-0.16270417271141,-0.0620168694166918
"372765",0.11457953999498,0.185029621237819,0.140241453911865,0.0447881673259537,0.0704500812428386,0.0256619139168849
"178772",0.0529775352756987,0.196752516950048,0.0993660382772294,0.0973864786728183,0.143774981674349,0.0463885030015307
"566560",0.216260352496782,0.215180408220443,0.215730146076506,-0.000549737856063159,-0.00107994427633917,-0.000530206420276014
"141391",0.180670645711619,0.269136325159905,0.212311589745428,0.0568247354144775,0.0884656794482861,0.0316409440338087
"296892",0.0164440329966166,0.180052304771577,0.0656454334585807,0.114406871312996,0.16360827177496,0.0492014004619641
"147970",0.0588624881384625,0.250274691207728,0.123121168661777,0.127153522545951,0.191412203069265,0.0642586805233143
"41829",0.194382175087006,0.362512600396384,0.253256610496019,0.109255989900365,0.168130425309378,0.0588744354090134
"147394",0.190238313756769,0.313710675202659,0.234461184868977,0.0792494903336823,0.12347236144589,0.0442228711122077
"419677",0.0988817233601074,0.197147439946028,0.134391053848851,0.0627563860971769,0.0982657165859206,0.0355093304887437
"300014",0.276506783722074,0.368791716105087,0.310524593472055,0.058267122633032,0.0922849323830135,0.0340178097499815
"201802",0.258387257909783,0.465671386473404,0.328173871091208,0.137497515382196,0.20728412856362,0.0697866131814247
"215210",0.121233692049936,0.274840024288916,0.17541672429278,0.0994232999961359,0.15360633223898,0.054183032242844
"446481",0.137890303948639,0.249162606086381,0.178235245688824,0.0709273603975577,0.111272302137742,0.0403449417401846
"119966",0.138132649799604,0.360407823273738,0.21376333347516,0.146644489798578,0.222275173474134,0.075630683675556
"96997",0.0573479830465531,0.230673848052224,0.114221256489003,0.116452591563221,0.173325865005671,0.05687327344245
"290256",0.0148877251236179,0.108509902574752,0.0420103816211283,0.0664995209536234,0.0936221774511338,0.0271226564975104
"568294",0.00582461436659525,0.126842634109423,0.0406170949461975,0.0862255391632256,0.121018019742828,0.0347924805796022
"540507",0.0574911240672553,0.190840478072738,0.102466297360041,0.0883741807126968,0.133349354005483,0.0449751732927857
"360590",0.0219053199624036,0.195713985355176,0.0776409318388263,0.11807305351635,0.173808665392773,0.0557356118764227
"442642",0.210355218615242,0.242831013204739,0.222454944322032,0.0203760688827067,0.0324757945894967,0.01209972570679
"203930",0.0761185530567,0.256511811316585,0.137844131168394,0.11866768014819,0.180393258259885,0.0617255781116944
"329871",0.0835451398353891,0.228043909081917,0.132852718519285,0.095191190562632,0.144498769246528,0.0493075786838962
"548586",0.021191392751967,0.137238942353419,0.0565794711569381,0.0806594711964806,0.116047549601452,0.0353880784049712
"7579",0.00676142748881274,0.0981283298289627,0.0313678631861837,0.066760466642779,0.0913669023401499,0.0246064356973709
"488174",0.31270276007516,0.320192877319539,0.314844241943001,0.0053486353765384,0.00749011724437887,0.00214148186784047
"134046",0.194008114015693,0.252040491787664,0.215661862079838,0.0363786297078261,0.0580323777719711,0.0216537480641451
"233803",0.0214989663318094,0.150556845500459,0.0618481948394157,0.0887086506610436,0.12905787916865,0.0403492285076063
"342716",0.230225053521725,0.278975253659839,0.248413753685908,0.0305614999739308,0.0487502001381136,0.0181887001641828
"114642",0.0060956943609245,0.1351932347439,0.043390384517231,0.0918028502266688,0.129097540382975,0.0372946901563065
"333988",0.06617384622732,0.160487639729394,0.0987592581816101,0.0617283815477837,0.0943137935020738,0.0325854119542901
"247444",0.109171683828216,0.183430417023873,0.136307024771156,0.0471233922527167,0.074258733195657,0.0271353409429403
"80164",0.104341717754568,0.245601173372184,0.154355314407282,0.0912458589649013,0.141259455617616,0.0500135966527143
"381874",0.204550328725727,0.270242097235808,0.228438074926782,0.0418040223090262,0.0656917685100812,0.023887746201055
"576301",0.0281509483072091,0.105638131400324,0.0526876702527345,0.0529504611475893,0.0774871830931147,0.0245367219455253
"410853",2.27178254014181,0.289709930105383,2.27178254014181,-1.98207261003642,-1.98207261003642,0
"339174",0.446034462781789,0.413466255911655,0.433782510873725,-0.0203162549620705,-0.0325682068701348,-0.0122519519080643
"175204",0.126926823383811,0.283682708511359,0.181800640939297,0.101882067572062,0.156755885127548,0.0548738175554857
"77020",0.449794647861954,0.360942903741092,0.414764169795552,-0.0538212660544597,-0.088851744120862,-0.0350304780664023
"56288",0.0499923538759707,0.200663635089819,0.099821538069186,0.100842097020633,0.150671281213848,0.0498291841932153
"59411",0.348610574682676,0.286414269126061,0.324114286858907,-0.0377000177328461,-0.0621963055566156,-0.0244962878237695
"357958",0.160062960508668,0.229405970064284,0.186080517926863,0.0433254521374208,0.0693430095556157,0.0260175574181949
"569705",0.118253597890996,0.295239851779135,0.1798744904318,0.115365361347334,0.176986253888139,0.0616208925408043
"226421",0.189454309660595,0.26278301438283,0.216291216493783,0.0464917978890469,0.0733287047222348,0.0268369068331879
"86020",0.343870646711924,0.358575060018026,0.349835063421789,0.00873999659623692,0.0147044133061018,0.00596441670986486
"236897",0.0531439794371592,0.187607337653271,0.0968286071461105,0.0907787305071605,0.134463358216112,0.0436846277089513
"231298",0.130518275602331,0.198641176544958,0.156216633879826,0.0424245426651316,0.0681229009426264,0.0256983582774947
"525419",0.0508074566102558,0.129265170417014,0.076962205568758,0.0523029648482558,0.078457713806758,0.0261547489585022
"500223",0.143690176939021,0.266757329998089,0.187730352297808,0.0790269777002816,0.123067153059068,0.0440401753587866
"89017",0.0397584651333925,0.168228894310144,0.0808417426510586,0.0873871516590857,0.128470429176752,0.0410832775176661
"166405",0.056141777584328,0.151134739926698,0.0887557501445443,0.0623789897821534,0.0949929623423697,0.0326139725602163
"280206",0.105229307226006,0.196587702055758,0.137888753320686,0.0586989487350729,0.091358394829752,0.0326594460946791
"440242",0.0612810639528229,0.210608060599264,0.109087097116937,0.101520963482328,0.149326996646441,0.0478060331641138
"455319",0.0309205632095574,0.145195537007513,0.0672001033054166,0.0779954337020962,0.114274973797955,0.0362795400958592
"561741",0.111739421651118,0.19412498632801,0.14094299067314,0.0531819956548698,0.0823855646768921,0.0292035690220223
"303336",0.0358368140280744,0.195826959999558,0.0873183122799738,0.108508647719584,0.159990145971484,0.0514814982518994
"341317",0.549838433022171,0.37072755000393,0.479120203107997,-0.108392653104068,-0.179110883018242,-0.0707182299141741
"350700",1.05067671647138,0.491394961814757,0.793884532288453,-0.302489570473697,-0.559281754656619,-0.256792184182923
"2900",0.0660352111365832,0.212544626087274,0.114925161404334,0.0976194646829402,0.146509414950691,0.0488899502677504
"291536",0.0880554378460416,0.240189310602821,0.139449277551805,0.100740033051016,0.15213387275678,0.0513938397057637
"18321",0.563033767587768,0.195722077493808,0.400004333662717,-0.204282256168909,-0.36731169009396,-0.163029433925051
"97023",0.132231459813035,0.207249977853903,0.15903030360353,0.0482196742503722,0.0750185180408681,0.0267988437904959
"125377",0.921696541685136,0.354088045477904,0.643890816381057,-0.289802770903153,-0.567608496207232,-0.277805725304079
"576706",0.527370588987275,0.395248744342787,0.475843216643089,-0.0805944723003019,-0.132121844644488,-0.0515273723441859
"412824",0.0945995020880252,0.214516949025923,0.135944265798144,0.078572683227779,0.119917446937898,0.0413447637101192
"436210",0.457029248064529,0.340181209068951,0.411850581647507,-0.0716693725785568,-0.116848038995578,-0.0451786664170211
"53442",0.0298417252286944,0.169929195800489,0.0776757666322042,0.0922534291682847,0.140087470571794,0.0478340414035097
"255038",0.0423043129859579,0.157579561847111,0.0795835528483594,0.0779960089987516,0.115275248861153,0.0372792398624015
"236241",0.365356213997952,0.34037651900683,0.356139702025373,-0.0157631830185435,-0.0249796949911216,-0.00921651197257817
"219040",0.180892016552016,0.293613459217941,0.222020552653947,0.0715929065639947,0.112721442665925,0.0411285361019307
"93357",0.0367887216989047,0.113082838034206,0.0628032496533208,0.0502795883808849,0.076294116335301,0.0260145279544161
"567130",0.438012852690093,0.388710750553103,0.419319445591509,-0.0306086950384063,-0.0493021021369899,-0.0186934070985836
"53401",0.188977312507731,0.26635511814107,0.217037888508199,0.0493172296328714,0.0773778056333393,0.0280605760004679
"338657",0.113725888683727,0.235327487808735,0.156499465979904,0.0788280218288314,0.121601599125008,0.0427735772961765
"441933",0.68249596503289,0.361234787556665,0.524375022079067,-0.163140234522402,-0.321261177476225,-0.158120942953823
"16752",0.0931794134267479,0.224777994167991,0.139452594881032,0.0853253992869587,0.131598580741243,0.0462731814542846
"244780",0.260229116913637,0.314343525191912,0.280941343348885,0.0334021818430272,0.054114408278275,0.0207122264352478
"285553",0.0262287844551977,0.173669797077835,0.0731963803674097,0.100473416710425,0.147441012622637,0.046967595912212
"522164",1.54563296050345,0.781839333600235,1.17779913998205,-0.395959806381812,-0.76379362690322,-0.367833820521408
"348670",0.474232732955934,0.491440365518103,0.480517342987477,0.0109230225306261,0.017207632562169,0.0062846100315429
"95111",0.0439757965507855,0.113754328485629,0.0670442350371382,0.0467100934484911,0.0697785319348438,0.0230684384863528
"62125",0.167794747601799,0.241715202645961,0.195776621695632,0.0459385809503287,0.0739204550441622,0.0279818740938335
"368578",1.37597730006206,0.554885425257597,1.01656380236432,-0.461678377106725,-0.821091874804458,-0.359413497697733
"470342",0.0716694457575172,0.252428022841961,0.133071157124911,0.119356865717051,0.180758577084444,0.0614017113673936
"241229",0.0424890581315336,0.118370834877847,0.0680249226349539,0.0503459122428933,0.0758817767463136,0.0255358645034203
"240228",0.213318590920866,0.320065629002611,0.252544751526613,0.0675208774759979,0.106747038081745,0.0392261606057469
"195079",0.218482386947211,0.242417679943751,0.227965082532449,0.0144525974113014,0.0239352929965393,0.00948269558523798
"321574",0.141506619373196,0.253039576317705,0.181939075132089,0.0711005011856167,0.11153295694451,0.0404324557588931
"435143",0.117985083515536,0.317407542084607,0.187277432476537,0.13013010960807,0.199422458569071,0.0692923489610008
"512516",0.315852246798882,0.32203641960583,0.317724362035377,0.00431205757045339,0.00618417280694805,0.00187211523649466
"245684",0.00735987292823568,0.148650097726501,0.0513629280085886,0.0972871697179128,0.141290224798266,0.0440030550803529
"63713",0.0506005631859194,0.235357544117575,0.109706735866602,0.125650808250974,0.184756980931656,0.0591061726806823
"340907",0.174496904889385,0.273895225618057,0.211314247158593,0.0625809784594647,0.0993983207286727,0.036817342269208
"270943",0.539111799449832,0.450432970597146,0.505803320305171,-0.055370349708025,-0.0886788288526853,-0.0333084791446603
"89018",0.184988255722675,0.234734410174362,0.203614144867783,0.0311202653065789,0.0497461544516869,0.018625889145108
"415477",0.151636422363718,0.202702326088487,0.170144045150879,0.032558280937608,0.0510659037247687,0.0185076227871607
"58991",0.335100109229329,0.339029168684398,0.336249011447551,0.00278015723684744,0.00392905945506933,0.00114890221822189
"336476",0.020916490209843,0.124169241814554,0.0526302179173233,0.0715390238972309,0.103252751604711,0.0317137277074803
"151448",0.0964961385666368,0.261479677850585,0.154356941148908,0.107122736701677,0.164983539283948,0.0578608025822716
"308240",0.0640369921670046,0.182798508361713,0.103651794942316,0.0791467134193971,0.118761516194708,0.039614802775311
"577866",0.130793279481458,0.307069756860846,0.190253470715524,0.116816286145323,0.176276477379388,0.0594601912340653
"391878",0.0167972918489564,0.114133752975256,0.0461812591339143,0.0679524938413419,0.0973364611262999,0.029383967284958
"295567",0.699400828699959,0.383058811401388,0.544574897956266,-0.161516086554878,-0.316342017298571,-0.154825930743693
"570564",0.192818894524599,0.274919689172447,0.222685274751695,0.0522344144207524,0.0821007946478474,0.029866380227095
"83750",0.0725240727174313,0.160319738821959,0.102445811455292,0.0578739273666671,0.0877956661045275,0.0299217387378603
"500276",0.0672437273625052,0.106611607285291,0.0808796596722692,0.0257319476130219,0.0393678799227859,0.013635932309764
"398647",0.45419056122201,0.336281563661414,0.407206344657695,-0.0709247809962807,-0.117908997560596,-0.046984216564315
"412127",0.15109979522767,0.281025648388695,0.199140190900452,0.0818854574882424,0.129925853161025,0.0480403956727824
"41288",0.125395561966868,0.247380943972097,0.167938520365743,0.0794424236063538,0.121985382005229,0.0425429583988748
"161889",0.015904622144818,0.171503768440238,0.0640052993981019,0.107498469042136,0.15559914629542,0.0481006772532839
"17273",0.105125840573517,0.305369785404863,0.171726436599207,0.133643348805656,0.200243944831347,0.0666005960256902
"436891",0.0224689425151522,0.165669422145498,0.0668370634568816,0.0988323586886165,0.143200479630346,0.0443681209417294
"438184",0.520247558380036,0.391404606389012,0.469140615634828,-0.077736009245816,-0.128842951991024,-0.0511069427452078
"97042",0.0701445003777087,0.192006760815291,0.112938264258516,0.079068496556775,0.121862260437582,0.0427937638808069
"173746",0.163204068062469,0.229485121479653,0.188368516881981,0.041116604597672,0.0662810534171836,0.0251644488195115
"554572",0.302490438512887,0.307793147067187,0.304103167115655,0.00368997995153242,0.00530270855430043,0.00161272860276801
"535171",0.147451426655784,0.28051324889333,0.196133617654323,0.0843796312390069,0.133061822237546,0.0486821909985392
"381505",0.291788612633698,0.256656737874715,0.277479660825011,-0.0208229229502966,-0.0351318747589829,-0.0143089518086864
"315079",0.240648276735668,0.296141876502516,0.261690483939651,0.0344513925628649,0.0554935997668481,0.0210422072039832
"10423",0.11560302407916,0.21663616546385,0.152011085015948,0.0646250804479015,0.10103314138469,0.0364080609367884
"142053",0.195637570832998,0.303895552114956,0.235616148197519,0.068279403917437,0.108257981281958,0.0399785773645214
"403202",0.0314317521151487,0.128754511537386,0.0637699479411012,0.0649845635962852,0.0973227594222377,0.0323381958259525
"11287",0.0122111739561582,0.115242498961706,0.0426686496916737,0.0725738492700323,0.103031325005548,0.0304574757355154
"155317",0.204016964265441,0.294730283683648,0.236571232523244,0.0581590511604041,0.0907133194182073,0.0325542682578032
"454339",0.175849601945977,0.307996614165432,0.223762832977651,0.0842337811877816,0.132147012219455,0.0479132310316735
"284929",0.0472492156351657,0.176228294848307,0.0911119458144029,0.0851163490339044,0.128979079213142,0.0438627301792373
"508642",0.196488535939342,0.257911074109056,0.219139910601327,0.0387711635077287,0.0614225381697138,0.0226513746619851
"567635",0.352083083211497,0.43116923877939,0.380832810583194,0.0503364281961968,0.0790861555678931,0.0287497273716963
"315823",0.276023002640464,0.351561209859071,0.304558582005546,0.0470026278535244,0.075538207218607,0.0285355793650826
"159163",0.0213829154499768,0.185889365736223,0.072851021589911,0.113038344146312,0.164506450286246,0.0514681061399342
"469804",0.261220745643718,0.26191483158648,0.261399334702589,0.000515496883891742,0.000694085942762268,0.000178589058870526
"388159",0.0294935099046314,0.158018945770952,0.0689105484893159,0.0891083972816361,0.128525435866321,0.0394170385846844
"278032",0.0294416126052363,0.142876693332933,0.0663603485075832,0.0765163448253501,0.113435080727697,0.0369187359023469
"405866",0.16373832539415,0.348503429364841,0.228745002697381,0.11975842666746,0.184765103970691,0.0650066773032315
"255061",0.0591247793681312,0.203976077423105,0.107532463378228,0.0964436140448771,0.144851298054974,0.048407684010097
"508368",0.0103806017312178,0.123388340869136,0.0431273563300884,0.0802609845390476,0.113007739137918,0.0327467545988706
"38982",0.100006021230704,0.223985320046029,0.143441333086606,0.0805439869594227,0.123979298815325,0.0434353118559024
"561722",0.120475710495846,0.399599991411924,0.212122186808205,0.18747780460372,0.279124280916079,0.091646476312359
"166813",0.0193230205166253,0.156200503857163,0.0621950848259031,0.0940054190312603,0.136877483340538,0.0428720643092777
"111895",0.374482256623627,0.308253821561613,0.348729216684567,-0.0404753951229541,-0.0662284350620144,-0.0257530399390603
"350300",0.0788207311652293,0.160585547721197,0.107950002920585,0.0526355448006123,0.0817648165559677,0.0291292717553554
"245862",0.0234514618954049,0.137579502732529,0.0595747617782857,0.0780047409542432,0.114128040837124,0.0361232998828808
"315814",0.0107200723108417,0.157723845963581,0.0541566891349545,0.103567156828627,0.14700377365274,0.0434366168241128
"143969",0.0505693595413158,0.21269170765843,0.104398915300987,0.108292792357443,0.162122348117114,0.0538295557596711
"524254",0.156166928183426,0.297179134618965,0.207798010791384,0.0893811238275812,0.141012206435539,0.0516310826079579
"341980",0.203245559920412,0.361623748828501,0.259745678259975,0.101878070568526,0.158378188908088,0.0565001183395626
"279610",0.0941816702689786,0.223079013820281,0.138805643993783,0.0842733698264985,0.128897343551302,0.0446239737248039
"337939",0.236783175845111,0.300261831158341,0.259824220043864,0.0404376111144775,0.0634786553132304,0.0230410441987529
"111247",0.159546469085093,0.23105968755135,0.185750666129486,0.0453090214218637,0.0715132184662569,0.0262041970443932
"176253",0.0172210408918973,0.174599035490307,0.0655597804978399,0.109039254992467,0.15737799459841,0.0483387396059426
"125454",0.209387418388322,0.274270841628673,0.233761879126026,0.0405089625026466,0.0648834232403514,0.0243744607377048
"106468",0.145250392502533,0.219410435433493,0.171745390834508,0.0476650445989847,0.0741600429309603,0.0264949983319757
"471849",0.0810431207576273,0.224182638592126,0.130163031231144,0.0940196073609821,0.143139517834499,0.0491199104735171
"54767",0.0174793006291374,0.165830489277648,0.064060069454275,0.101770419823373,0.148351188648511,0.0465807688251376
"416443",0.0102163020868932,0.129868026345479,0.0451218815015473,0.0847461448439318,0.119651724258586,0.0349055794146541
"130864",1.33677051683527,0.466827081441866,0.941689449699274,-0.474862368257408,-0.8699434353934,-0.395081067135992
"127493",0.0174333036306744,0.162277173043293,0.0641763857952049,0.0981007872480884,0.144843869412619,0.0467430821645305
"313635",0.173097334991167,0.203927960782811,0.184463997518623,0.0194639632641883,0.0308306257916438,0.0113666625274555
"161000",0.231188126655154,0.265030126096445,0.244325701936895,0.02070442415955,0.0338419994412913,0.0131375752817413
"52364",0.148341093653765,0.231519419077293,0.179287219245611,0.052232199831682,0.083178325423528,0.030946125591846
"330647",0.103509515171859,0.21671204242951,0.143274865704343,0.0734371767251672,0.113202527257651,0.0397653505324843
"265390",0.0110028661664432,0.158707436007925,0.0563567048091084,0.102350731198816,0.147704569841482,0.0453538386426652
"261967",0.119391606803001,0.340806092162484,0.195254794219203,0.145551297943281,0.221414485359483,0.075863187416202
"435413",0.0368707081563776,0.139582037047564,0.0706146929562881,0.0689673440912757,0.102711328891186,0.0337439847999105
"17163",1.6406803459192,0.547734472724691,0.997569255097353,-0.449834782372663,-1.09294587319451,-0.643111090821844
"316120",0.0571428836446739,0.253347906524641,0.122111122063871,0.131236784460771,0.196205022879967,0.0649682384191967
"70132",0.257917119132302,0.344699475086616,0.289997603561453,0.0547018715251633,0.0867823559543139,0.0320804844291506
"159829",0.0682068983574716,0.180709868140152,0.106819848244907,0.0738900198952452,0.112502969782681,0.0386129498874353
"448243",0.177155021916372,0.326456726690932,0.231095473353303,0.0953612533376281,0.14930170477456,0.0539404514369315
"467725",0.1780973907812,0.207119608917682,0.190805679894603,0.0163139290230793,0.0290222181364822,0.0127082891134029
"412401",0.121324006875742,0.270500390023161,0.175063473412505,0.0954369166106558,0.149176383147419,0.0537394665367632
"37062",0.440268297808055,0.35307614769472,0.406409298357904,-0.0533331506631844,-0.0871921501133353,-0.0338589994501508
"193302",0.118534803972835,0.2545827418655,0.166082538546757,0.0885002033187428,0.136047937892665,0.047547734573922
"516399",0.0849676192530607,0.248865306247405,0.140596294671019,0.108269011576386,0.163897686994344,0.0556286754179585
"380194",0.657630424927886,0.403994611652484,0.533768420217556,-0.129773808565072,-0.253635813275402,-0.12386200471033
"56537",0.025752506793127,0.118508898863495,0.0546524814392127,0.063856417424282,0.0927563920703677,0.0288999746460857
"437966",0.957050180603389,0.448041476767431,0.721495709998933,-0.273454233231502,-0.509008703835958,-0.235554470604456
"482689",2.57979751629045,1.01239559745137,1.78282417058983,-0.770428573138466,-1.56740191883908,-0.796973345700613
"452337",0.331443377433336,0.294774388017474,0.317256370522348,-0.0224819825048738,-0.0366689894158615,-0.0141870069109877
"529113",0.741050716453658,0.452079682367285,0.604727239601933,-0.152647557234648,-0.288971034086373,-0.136323476851725
"407710",0.393392395390348,0.480126307123539,0.425688284608103,0.0544380225154362,0.0867339117331911,0.0322958892177548
"446591",0.183204808455674,0.38054531957923,0.252759483503263,0.127785836075967,0.197340511123555,0.0695546750475888
"484664",0.128715302954914,0.207083305429647,0.156656336530234,0.0504269688994126,0.0783680024747327,0.0279410335753202
"97130",0.0679813402186516,0.231669633088874,0.122453593129945,0.109216039958929,0.163688292870222,0.0544722529112932
"87726",0.149415470294629,0.345663162699903,0.217608203355607,0.128054959344296,0.196247692405274,0.0681927330609779
"390192",0.177171630848925,0.395641087678698,0.253293831245653,0.142347256433045,0.218469456829773,0.0761222003967287
"565200",0.152822175428706,0.271089021703352,0.19713086158442,0.0739581601189315,0.118266846274646,0.0443086861557143
"17087",0.0835834657765025,0.11392850200457,0.0955941457560469,0.0183343562485234,0.0303450362280679,0.0120106799795445
"80381",0.341375689584424,0.374759926711684,0.353771488987012,0.0209884377246719,0.0333842371272595,0.0123957994025876
"71979",0.102200536771379,0.245487500956103,0.15280542835773,0.0926820725983731,0.143286964184724,0.0506048915863506
"360501",0.0833887933995587,0.169210571662327,0.113498228428638,0.0557123432336891,0.0858217782627679,0.0301094350290788
"162803",0.257575685785077,0.287906054629041,0.269302286868858,0.0186037677601828,0.0303303688439639,0.0117266010837811
"421951",0.158975543104937,0.275578346188192,0.201546387211646,0.0740319589765457,0.116602803083255,0.0425708441067092
"23588",0.0410271545217436,0.158398817793856,0.079870198505034,0.0785286192888218,0.117371663272112,0.0388430439832904
"71544",0.0425747988218034,0.130034466490515,0.0707283813898935,0.0593060851006211,0.0874596676687112,0.0281535825680902
"57821",0.191978120126662,0.2665662789742,0.220018837311674,0.0465474416625258,0.0745881588475383,0.0280407171850126
"26279",0.0643672706841537,0.187576196461923,0.107335110599787,0.0802410858621359,0.123208925777769,0.0429678399156329
"230606",0.122942198476316,0.289800056909837,0.183130837845801,0.106669219064036,0.166857858433521,0.0601886393694852
"100775",1.58195981084527,0.380609427651059,1.01284564771772,-0.632236220066665,-1.20135038319421,-0.569114163127541
"358455",0.429040864205614,0.345202778642525,0.395468319315747,-0.0502655406732218,-0.0838380855630887,-0.0335725448898669
"222797",0.483341653537764,0.458054735438906,0.473857478404983,-0.0158027429660765,-0.0252869180988582,-0.00948417513278166
"448217",0.0429555009048085,0.233160878061419,0.106501587393837,0.126659290667582,0.190205377156611,0.0635460864890286
"154030",0.280661644784391,0.321642427923635,0.296353526224514,0.0252889016991208,0.0409807831392444,0.0156918814401236
"459880",1.06563699173454,0.586164003330578,0.854273693593189,-0.268109690262612,-0.479472988403962,-0.21136329814135
"187297",6.02535928950264,0.94316052011697,6.02535928950264,-5.08219876938567,-5.08219876938567,0
"436917",0.0463778886676142,0.190758643700834,0.0951057983414374,0.0956528453593969,0.14438075503322,0.0487279096738232
"175903",0.342005968895461,0.37384481532314,0.3541000950475,0.0197447202756403,0.0318388464276788,0.0120941261520385
"514186",0.0415232761902196,0.1919459576448,0.0917066649660993,0.100239292678701,0.150422681454581,0.0501833887758797
"387389",0.0163801261938747,0.163161803220959,0.0609443315667551,0.102217471654204,0.146781677027084,0.0445642053728804
"276266",0.0224143894531718,0.126150274448994,0.0537546318921959,0.072395642556798,0.103735884995822,0.0313402424390241
"416700",0.195310746158751,0.221160042392311,0.206720297909368,0.0144397444829424,0.0258492962335594,0.011409551750617
"570221",0.5849740169495,0.453381573357779,0.533930072482052,-0.0805484991242734,-0.131592443591721,-0.0510439444674476
"264019",0.0987610646364513,0.305570846531893,0.168874590568729,0.136696255963164,0.206809781895442,0.0701135259322777
"90121",0.0209166411723555,0.124180481652087,0.0518376089726949,0.0723428726793921,0.103263840479732,0.0309209678003394
"236771",0.166737033687374,0.242237576528224,0.194112595046427,0.0481249814817969,0.0755005428408493,0.0273755613590524
"255564",0.0589922428574241,0.204125238754288,0.108097193462458,0.0960280452918303,0.145132995896864,0.0491049506050336
"470060",0.0459229238588321,0.218157313490308,0.102529400125543,0.115627913364765,0.172234389631476,0.0566064762667113
"120197",0.281461738382473,0.431018359990828,0.335253216354136,0.0957651436366925,0.149556621608356,0.0537914779716631
"101921",0.0233433690845027,0.125391873367653,0.0549093679772658,0.0704825053903871,0.10204850428315,0.0315659988927631
"78583",0.109205528222662,0.194337299378121,0.141383249832611,0.0529540495455106,0.0851317711554593,0.0321777216099488
"59529",0.255048159639573,0.352902288617375,0.291493146061998,0.0614091425553767,0.0978541289778021,0.0364449864224254
"490266",0.0525778032819576,0.274836080701217,0.12378773033626,0.151048350364957,0.222258277419259,0.0712099270543025
"302125",0.199487553866546,0.301854199133875,0.237024280182385,0.0648299189514903,0.10236664526733,0.0375367263158392
"486415",0.0853899636223905,0.15076433631377,0.108619314528898,0.042145021784872,0.0653743726913791,0.0232293509065071
"506177",0.53546801367388,0.404100962906983,0.484713350971744,-0.0806123880647601,-0.131367050766896,-0.0507546627021364
"25598",0.0914942303025794,0.212179594462019,0.132908631545403,0.0792709629166164,0.12068536415944,0.0414144012428231
"350245",0.231104021894711,0.314843435355923,0.262474520485923,0.0523689148700003,0.0837394134612121,0.0313704985912119
"164980",0.098314496434877,0.272719186100422,0.159000001600937,0.113719184499485,0.174404689665545,0.0606855051660599
"340165",0.0110062087440251,0.144076283773703,0.0507777204993501,0.0932985632743534,0.133070075029678,0.039771511755325
"144250",0.0178273606960982,0.169173456861184,0.0637220470993203,0.105451409761864,0.151346096165086,0.0458946864032221
"155368",0.190284261017364,0.265534051744611,0.218429795966075,0.0471042557785362,0.0752497907272467,0.0281455349487105
"541696",1.64516700638502,0.387214248409075,1.05701688440552,-0.669802635996449,-1.25795275797594,-0.588150121979492
"39923",0.150521055523242,0.275474947672681,0.195306568124522,0.0801683795481594,0.12495389214944,0.0447855126012803
"318388",0.207210553533949,0.314832393655992,0.246456667194301,0.0683757264616908,0.107621840122043,0.0392461136603525
"357885",1.0047622017948,0.74865744149402,0.895453656393274,-0.146796214899254,-0.256104760300779,-0.109308545401526
"425282",0.099109700473472,0.262594822403298,0.154805917831509,0.107788904571789,0.163485121929826,0.0556962173580373
"369545",0.0914685279544351,0.198090194018523,0.130024951999018,0.068065242019505,0.106621666064088,0.0385564240445832
"153526",0.042466285411148,0.124090978559056,0.0688131282760991,0.0552778502829573,0.0816246931479084,0.0263468428649511
"453347",0.129790552501037,0.322787250171864,0.19902882058509,0.123758429586774,0.192996697670827,0.0692382680840526
"297444",0.146570693066325,0.403571443869479,0.232064533738731,0.171506910130748,0.257000750803154,0.0854938406724063
"368140",1.69324599338727,0.446721365817019,1.02869702727208,-0.581975661455063,-1.24652462757025,-0.664548966115189
"287064",0.207853066825679,0.409664568844453,0.284143685113487,0.125520883730966,0.201811502018774,0.0762906182878075
"483220",0.280935375121778,0.327182140350774,0.298164574602888,0.0290175657478857,0.046246765228996,0.0172291994811103
"320186",0.103985116348483,0.23945297337632,0.152328729798384,0.0871242435779366,0.135467857027838,0.048343613449901
"397815",0.0681309416709545,0.266607663531022,0.137035189082896,0.129572474448126,0.198476721860068,0.0689042474119413
"11032",0.145835089945355,0.312499443186612,0.207969272107576,0.104530171079035,0.166664353241257,0.0621341821622214
"433639",0.164735289753262,0.341864884540212,0.228511622102453,0.113353262437759,0.17712959478695,0.0637763323491907
"137149",0.445755794774834,0.505685225385748,0.474374886375965,0.0313103390097832,0.0599294306109142,0.028619091601131
"86478",0.213932601649932,0.329326083328777,0.257019382359049,0.0723067009697271,0.115393481678844,0.0430867807091171
"350944",0.0260434577181785,0.200440639816354,0.0813934259900847,0.11904721382627,0.174397182098176,0.0553499682719062
"497340",0.127989354496573,0.26912225810487,0.176468260518521,0.0926539975863488,0.141132903608297,0.0484789060219486
"98044",0.157691374535608,0.249201506205847,0.191239035489777,0.0579624707160701,0.0915101316702388,0.0335476609541687
"186693",0.532910808208914,0.314388486820351,0.442191762122621,-0.12780327530227,-0.218522321388563,-0.0907190460862928
"166316",0.216485591758578,0.297800630917592,0.246833624081541,0.0509670068360508,0.0813150391590143,0.0303480323229634
"496514",0.620537407563629,0.432317935219968,0.546810905652258,-0.114492970432291,-0.188219472343661,-0.0737265019113702
"419924",0.207582226632127,0.331341000497408,0.252197838955041,0.0791431615423666,0.123758773865281,0.0446156123229147
"486030",0.0218717509368231,0.130815327176115,0.0543846683596202,0.0764306588164948,0.108943576239292,0.0325129174227972
"85656",0.0307496116975523,0.151072617087903,0.0700934324517926,0.0809791846361104,0.120323005390351,0.0393438207542403
"22901",0.0359729421928371,0.178406117017756,0.0803117253655534,0.0980943916522024,0.142433174824919,0.0443387831727163
"446722",0.0366761921871872,0.169286735379053,0.0790377438825919,0.0902489914964606,0.132610543191865,0.0423615516954047
"396313",0.0318887434720017,0.109677701926482,0.0562738160095305,0.0534038859169519,0.0777889584544807,0.0243850725375288
"442278",0.0578170627287352,0.136774318882178,0.0848196276705158,0.0519546912116621,0.0789572561534427,0.0270025649417806
"176301",3.33225418072419,0.865413758956198,1.85621286023704,-0.990799101280839,-2.46684042176799,-1.47604132048715
"71209",5.00139887759205,0.216486396740115,5.00139887759205,-4.78491248085193,-4.78491248085193,0
"347980",0.581635020785369,0.40636314475375,0.513324982499348,-0.106961837745598,-0.175271876031619,-0.0683100382860209
"166189",0.344253911621211,0.508929126901959,0.404418130994314,0.104510995907646,0.164675215280748,0.0601642193731029
"336386",0.155712164412271,0.322822877095768,0.213140375231438,0.10968250186433,0.167110712683497,0.0574282108191667
"220087",0.308323159470026,0.317815976429372,0.311963527791568,0.00585244863780443,0.00949281695934556,0.00364036832154113
"49559",0.0899032144062008,0.25894978127028,0.148248333771709,0.110701447498572,0.16904656686408,0.0583451193655077
"386657",0.135021067006496,0.197654149284539,0.157668783225052,0.0399853660594867,0.0626330822780431,0.0226477162185563
"457829",0.0474666492113393,0.188773081374341,0.095061391590661,0.0937116897836803,0.141306432163002,0.0475947423793216
"136714",0.215558989219893,0.490675434427766,0.315329965144334,0.175345469283432,0.275116445207873,0.0997709759244416
"154457",0.326687020430401,0.377454438427469,0.345613279832186,0.0318411585952834,0.0507674179970685,0.0189262594017851
"415413",0.0740229353939799,0.188423915851616,0.115043589690559,0.0733803261610574,0.114400980457636,0.0410206542965787
"309884",0.166426666441089,0.25227551484629,0.198851385214472,0.0534241296318186,0.0858488484052009,0.0324247187733823
"543893",1.99297889759784,1.19120558472847,1.59708840025974,-0.405882815531268,-0.801773312869364,-0.395890497338096
"421647",0.130518539499414,0.238020065080567,0.170377841712636,0.0676422233679309,0.107501525581152,0.0398593022132216
"155731",0.394009419301944,0.297349493109369,0.357317848237609,-0.0599683551282399,-0.0966599261925751,-0.0366915710643352
"305640",0.0183663157392619,0.108863549935145,0.0455924385619973,0.0632711113731481,0.0904972341958836,0.0272261228227355
"382061",0.277632126918587,0.233191240353343,0.26054060636696,-0.0273493660136171,-0.0444408865652433,-0.0170915205516262
"471332",0.278437107205929,0.412040573233239,0.326533439332581,0.0855071339006584,0.13360346602731,0.0480963321266517
"480335",0.0881759494517625,0.258353485821699,0.146703905140197,0.111649580681502,0.170177536369937,0.0585279556884348
"121782",0.0560980260968987,0.223913777218253,0.112596408253241,0.111317368965012,0.167815751121354,0.0564983821563426
"191680",0.224505449564128,0.4244691280711,0.296299290334752,0.128169837736348,0.199963678506972,0.0717938407706242
"122321",0.0976726041451799,0.22654099847581,0.143400771451836,0.0831402270239746,0.12886839433063,0.0457281673066556
"29346",0.847432484769284,0.497412033704465,0.684044810312122,-0.186632776607657,-0.350020451064819,-0.163387674457162
"557316",0.141869325810966,0.32748884498397,0.20632518994198,0.12116365504199,0.185619519173004,0.0644558641310144
"288977",0.0991434806467288,0.335462952564107,0.178037092861714,0.157425859702393,0.236319471917379,0.0788936122149855
"184692",0.159634452001819,0.409305724833154,0.244943820925979,0.164361903907175,0.249671272831335,0.0853093689241601
"543550",0.708934422589202,0.541642653202787,0.632758951094502,-0.0911162978917144,-0.167291769386415,-0.0761754714947005
"342715",0.00571406543099666,0.0903795440885346,0.0272681549309629,0.0631113891575717,0.0846654786575379,0.0215540894999662
"217471",0.132779807040967,0.370654101132977,0.213796231645861,0.156857869487116,0.23787429409201,0.0810164246048946
"233076",0.0145127318722996,0.120089299711765,0.0445857594001582,0.0755035403116069,0.105576567839465,0.0300730275278586
"179653",0.308637157783528,0.295078332480469,0.30351014826826,-0.0084318157877904,-0.0135588253030594,-0.00512700951526895
"91560",0.106658388684969,0.226566407378479,0.149163575289307,0.0774028320891722,0.11990801869351,0.0425051866043378
"260075",0.0594295199998679,0.23450168910184,0.117053180576637,0.117448508525203,0.175072169101972,0.057623660576769
"424637",0.0995984601518503,0.26049112468982,0.15487291876001,0.10561820592981,0.16089266453797,0.0552744586081599
"111277",0.313817751595648,0.484300247855756,0.375937874792126,0.10836237306363,0.170482496260108,0.0621201231964781
"401054",0.0471284671767196,0.219191356129945,0.105427522944486,0.113763833185459,0.172062888953225,0.0582990557677662
"71923",0.251749190859049,0.323836210495914,0.278640037737013,0.0451961727589012,0.0720870196368653,0.0268908468779641
"39066",0.0503024353167794,0.217779743913387,0.105381423298826,0.112398320614561,0.167477308596608,0.0550789879820466
"175682",0.149242440893638,0.429176999313383,0.244495783306713,0.18468121600667,0.279934558419745,0.0952533424130748
"121152",0.0613827857860048,0.1593289624363,0.0938745035067032,0.0654544589295972,0.0979461766502955,0.0324917177206983
"128540",0.052346294233008,0.21724204288314,0.111247984005671,0.105994058877469,0.164895748650132,0.0589016897726629
"118602",0.108060646263567,0.211948762918261,0.144293891777448,0.0676548711408128,0.103888116654694,0.0362332455138809
"544231",0.0485841848433181,0.245046651335258,0.112276798141986,0.132769853193272,0.19646246649194,0.0636926132986676
"529592",0.0695319810030552,0.232814375147783,0.12328644955628,0.109527925591504,0.163282394144728,0.0537544685532246
"421766",0.168492762100346,0.364529548531516,0.23779147749459,0.126738071036927,0.19603678643117,0.0692987153942433
"4563",0.177086473522718,0.25823392881975,0.209477007406524,0.0487569214132268,0.0811474552970322,0.0323905338838054
"347830",0.125191165292087,0.262808283919487,0.174638992469142,0.0881692914503447,0.1376171186274,0.0494478271770552
"533720",0.0407724224189525,0.164569570778468,0.0818821309512793,0.0826874398271892,0.123797148359516,0.0411097085323268
"399780",0.1422898165191,0.254268745168282,0.183558174680631,0.0707105704876504,0.111978928649182,0.0412683581615315
"317222",0.357674552273436,0.627390854884191,0.452695431396104,0.174695423488087,0.269716302610755,0.0950208791226682
"233175",0.00721161724377735,0.158090830706181,0.0516474016155143,0.106443429090666,0.150879213462403,0.044435784371737
"220271",0.0666062688823447,0.158710097685827,0.0989868116270152,0.0597232860588121,0.0921038288034825,0.0323805427446704
"300653",0.155360148218594,0.307913966735972,0.209194119058816,0.0987198476771565,0.152553818517378,0.0538339708402212
"578037",0.0564533269042169,0.27416582357371,0.126755346304278,0.147410477269432,0.217712496669493,0.0703020194000607
"89770",0.726494136338566,0.449082528597864,0.617504340943548,-0.168421812345684,-0.277411607740702,-0.108989795395018
"101105",0.0898517192044835,0.319819308477873,0.164777367032382,0.155041941445491,0.229967589273389,0.0749256478278983
"528984",0.261632170296038,0.326884137077432,0.28592291126806,0.040961225809372,0.0652519667813943,0.0242907409720223
"572033",0.118762171405714,0.271476356377379,0.171568113812729,0.0999082425646499,0.152714184971665,0.0528059424070152
"184375",0.0999671892830564,0.356795572503936,0.184697952948159,0.172097619555776,0.25682838322088,0.0847307636651031
"315962",1.58146222104284,0.568877097044645,1.0638172320444,-0.494940134999754,-1.0125851239982,-0.517644988998445
"208961",0.0417754999161997,0.138591962857047,0.0750711935786196,0.0635207692784277,0.0968164629408476,0.0332956936624199
"94892",0.211801419965646,0.485574141904761,0.304969925391429,0.180604216513331,0.273772721939115,0.0931685054257839
"496169",0.0223093737301229,0.144110753595231,0.0589149701194878,0.0851957834757428,0.121801379865108,0.0366055963893649
"65866",0.0432109662344463,0.151559949351683,0.0794958595619934,0.0720640897896898,0.108348983117237,0.036284893327547
"286166",0.565520441912611,0.206559396635497,0.413809309056923,-0.207249912421427,-0.358961045277115,-0.151711132855688
"7994",2.09727378637614,0.479811353671274,1.05669133687062,-0.576879983199343,-1.61746243270487,-1.04058244950553
"219198",0.0991424382528167,0.211646929228209,0.138123612363396,0.0735233168648133,0.112504490975393,0.0389811741105794
"57001",0.435867096709187,0.677684963872652,0.520516155740156,0.157168808132496,0.241817867163466,0.0846490590309693
"491679",0.137420951483849,0.425436088908802,0.235732715269575,0.189703373639227,0.288015137424954,0.0983117637857263
"84957",10,1.2130187071786,10,-8.7869812928214,-8.7869812928214,0
"117299",0.381579390252433,0.51756779215657,0.430110539451283,0.0874572527052873,0.135988401904137,0.0485311491988494
"224539",0.656266752005871,0.491726426802921,0.593546432365345,-0.101820005562424,-0.16454032520295,-0.0627203196405256
"90433",0.0652557393711632,0.255104933305025,0.129364386331635,0.12574054697339,0.189849193933862,0.0641086469604721
"151440",0.0252046556592156,0.193759130959308,0.0807637108269914,0.112995420132317,0.168554475300093,0.0555590551677758
"18916",0.307380472113546,0.245682572875932,0.283033251551179,-0.0373506786752476,-0.0616978992376137,-0.0243472205623662
"470263",0.31533976013431,0.324551018881727,0.318748557704385,0.00580246117734251,0.00921125874741674,0.00340879757007423
"278775",0.0356678596724245,0.145275739196043,0.0709276350461694,0.0743481041498738,0.109607879523619,0.0352597753737449
"50949",0.0676047880333263,0.216764088069892,0.117314741957445,0.0994493461124476,0.149159300036566,0.0497099539241183
"577841",0.056049231876945,0.223008318125956,0.112133098199123,0.110875219926833,0.166959086249011,0.0560838663221777
"317776",0.357361387841186,0.429375360543079,0.383839184889417,0.0455361756536624,0.0720139727018936,0.0264777970482312
"289897",0.145099939912233,0.222274005907301,0.173139268589316,0.0491347373179849,0.0771740659950673,0.0280393286770824
"472210",0.117578792574817,0.277365235172476,0.176619670516218,0.100745564656257,0.159786442597659,0.0590408779414014
"379599",0.308627147390283,0.411640575338277,0.34561464572858,0.0660259296096974,0.103013427947994,0.036987498338297
"463658",0.082030652699345,0.198159839176864,0.123063360515409,0.0750964786614554,0.116129186477519,0.0410327078160639
"434438",0.374936596510256,0.497828138763178,0.421208895200899,0.0766192435622791,0.122891542252922,0.0462722986906424
"369929",0.0333487568183295,0.209601910999334,0.0889306577515138,0.12067125324782,0.176253154181004,0.0555819009331843
"436963",0.0630350828378923,0.190171082334026,0.105087731582337,0.0850833507516893,0.127135999496134,0.0420526487444445
"116869",0.0256024821767166,0.255792335690146,0.0982577335592909,0.157534602130855,0.23018985351343,0.0726552513825744
"130742",0.169986603183914,0.360677645390037,0.240745901461145,0.119931743928892,0.190691042206123,0.0707592982772314
"372425",0.104986695448166,0.337984530115154,0.183074844935639,0.154909685179514,0.232997834666988,0.0780881494874738
"550533",0.0734024552488348,0.20499423883015,0.117875964919305,0.0871182739108449,0.131591783581315,0.0444735096704705
"114156",0.362682724958544,0.384290060520095,0.370847856493815,0.0134422040262794,0.0216073355615508,0.00816513153527137
"331962",0.243457155402795,0.364234459329074,0.2875962119677,0.0766382473613738,0.120777303926279,0.0441390565649047
"419369",1.70379599790785,0.942895619323171,1.35628238707131,-0.413386767748139,-0.760900378584681,-0.347513610836542
"540193",0.0285515977980863,0.193059819226838,0.0795986150208033,0.113461204206035,0.164508221428752,0.0510470172227169
"556266",0.23579272855607,0.351306959968879,0.278481030453602,0.0728259295152772,0.115514231412809,0.0426883018975315
"310103",0.242540341440031,0.314023950274531,0.26850455590681,0.0455193943677216,0.0714836088345006,0.025964214466779
"358651",0.0316927828338018,0.168364316039001,0.075885754445577,0.0924785615934243,0.1366715332052,0.0441929716117752
"178908",0.0947562112824084,0.156316476031422,0.114960761643866,0.0413557143875563,0.0615602647490137,0.0202045503614575
"199528",0.0295028818575659,0.256952885479578,0.102165834608337,0.154787050871241,0.227450003622012,0.0726629527507712
"397808",0.542129534443017,0.637837311000406,0.575536425325378,0.0623008856750283,0.0957077765573888,0.0334068908823605
"346030",0.0553572311339836,0.191171099625521,0.101100970643016,0.0900701289825046,0.135813868491537,0.0457437395090328
"446153",0.112166180439433,0.217237845932244,0.148950105130974,0.0682877408012693,0.10507166549281,0.036783924691541
"525508",0.353736940081059,0.383789832296122,0.365650378114063,0.0181394541820593,0.0300528922150624,0.0119134380330032
"37520",0.0691178093887806,0.265317006582717,0.134210466939758,0.131106539642959,0.196199197193936,0.0650926575509774
"170859",0.143816982479058,0.279305160078793,0.193023186246637,0.0862819738321567,0.135488177599736,0.0492062037675791
"398902",0.265321552054404,0.369314934886334,0.303077123633186,0.0662378112531481,0.103993382831931,0.0377555715787825
"187986",0.139667289313496,0.278350974627193,0.188776460048352,0.0895745145788413,0.138683685313698,0.0491091707348565
"471300",0.0931328108542928,0.192450045338533,0.128001487985167,0.0644485573533653,0.0993172344842397,0.0348686771308744
"56748",0.0386988950030564,0.152336561289465,0.074905148004116,0.0774314132853487,0.113637666286408,0.0362062530010595
"19633",0.435032262142651,0.585879286902065,0.48957419882318,0.096305088078885,0.150847024759413,0.0545419366805283
"272852",0.220423213033872,0.368809122416479,0.275012695135683,0.0937964272807963,0.148385909382607,0.0545894821018111
"481323",0.128371165028713,0.233918558090024,0.166715748974113,0.0672028091159114,0.105547393061311,0.0383445839453997
"258853",0.165377357733987,0.325678586359846,0.224920529861712,0.100758056498135,0.160301228625859,0.0595431721277244
"233065",0.105543606028886,0.276110187832286,0.164356297526254,0.111753890306032,0.170566581803401,0.0588126914973685
"94553",0.0988205854981003,0.256667542233838,0.152340054081911,0.104327488151927,0.157846956735738,0.0535194685838111
"166090",0.0212579903449189,0.12834032698773,0.0550237521355742,0.0733165748521561,0.107082336642811,0.0337657617906553
"281917",0.72163947542994,0.46150748805604,0.618845616217425,-0.157338128161385,-0.2601319873739,-0.102793859212515
"80545",0.131173420243783,0.287035514489228,0.188035792629073,0.0989997218601548,0.155862094245445,0.0568623723852904
"321412",0.0286387990085788,0.15582273258705,0.0690682664503164,0.0867544661367341,0.127183933578472,0.0404294674417376
"186395",0.248405700731716,0.289575039515493,0.264106386787425,0.0254686527280674,0.0411693387837766,0.0157006860557093
"346418",0.701405183309736,0.296274634436525,0.536877803617886,-0.240603169181361,-0.40513054887321,-0.16452737969185
"380658",0.363060433369735,0.395300461828784,0.375756518616737,0.019543943212047,0.0322400284590486,0.0126960852470016
"200801",0.161869175170474,0.469627804082933,0.264615715655444,0.205012088427489,0.307758628912459,0.102746540484969
"96110",0.310403137000147,0.356878338274411,0.327631052158468,0.0292472861159437,0.0464752012742644,0.0172279151583207
"1540",0.926055421047947,0.311038747404541,0.668698008243981,-0.35765926083944,-0.615016673643406,-0.257357412803966
"494158",0.656555592996381,0.392903388834085,0.526631506135391,-0.133728117301307,-0.263652204162296,-0.12992408686099
"186759",0.126571491424228,0.25360788323949,0.173179313302109,0.0804285699373805,0.127036391815261,0.0466078218778808
"149437",0.240847893529208,0.381420916721768,0.29337484744759,0.088046069274179,0.140573023192561,0.0525269539183818
"120312",0.167936300582349,0.43260451115251,0.259152598697431,0.173451912455079,0.264668210570161,0.091216298115082
"332656",0.0208844357957289,0.118188027935507,0.0497417571843937,0.0684462707511138,0.0973035921397785,0.0288573213886647
"558667",0.0548381766513224,0.216371160569345,0.107638691354204,0.108732469215141,0.161532983918023,0.052800514702882
"424600",0.0853466700312439,0.227629198787392,0.135061392343283,0.0925678064441087,0.142282528756148,0.0497147223120392
"238489",1.57001354506118,1.24632858700989,1.43052259892903,-0.184194011919137,-0.323684958051287,-0.139490946132151
"188939",0.0670130544731958,0.197637546747006,0.112316340989295,0.0853212057577112,0.13062449227381,0.0453032865160991
"384958",0.086461735198392,0.255964589003295,0.144736102695347,0.111228486307948,0.169502853804903,0.0582743674969545
"300593",0.0510208756969235,0.136607375351771,0.0803030375290619,0.0563043378227092,0.0855864996548476,0.0292821618321385
"105690",0.24542987428853,0.317039890831562,0.272785555679603,0.044254335151959,0.0716100165430312,0.0273556813910722
"111237",0.0211020688796682,0.186308667854672,0.074425556919541,0.111883110935131,0.165206598975004,0.0533234880398728
"233923",0.79961243879261,0.375776895763074,0.593756880357692,-0.217979984594619,-0.423835543029536,-0.205855558434917
"176889",0.136856281345867,0.266565942324923,0.185396774789396,0.0811691675355262,0.129709660979056,0.0485404934435293
"382756",0.0312441070341573,0.179443283089598,0.0774834014811282,0.10195988160847,0.148199176055441,0.0462392944469709
"424795",0.0649562649272479,0.242887333806473,0.124732676254035,0.118154657552438,0.177931068879225,0.0597764113267871
"315575",0.113460151583951,0.174414327700671,0.135385247162182,0.0390290805384896,0.0609541761167206,0.021925095578231
"438564",0.111280284116869,0.253129758346918,0.162573141110902,0.0905566172360154,0.141849474230048,0.0512928569940329
"182144",0.992407992307322,0.499308727054046,0.768674545079471,-0.269365818025425,-0.493099265253276,-0.223733447227851
"229720",0.0338957318318095,0.192410460783313,0.0846447676143992,0.107765693168914,0.158514728951503,0.0507490357825897
"286408",0.0466006938715793,0.174851352193195,0.0875440077348624,0.0873073444583324,0.128250658321616,0.0409433138632831
"45966",0.229588560757921,0.28917662957594,0.251534024575023,0.0376426050009164,0.0595880688180187,0.0219454638171023
"439204",0.148730389896125,0.310810367832566,0.208351195323574,0.102459172508992,0.162079977936441,0.0596208054274488
"393929",0.147552948801537,0.2754349686313,0.194037195463351,0.0813977731679487,0.127882019829763,0.0464842466618142
"7840",0.0219203804955576,0.136504752371038,0.0578145910085968,0.0786901613624412,0.11458437187548,0.0358942105130392
"557810",0.216514930416781,0.334238153763108,0.258852804433142,0.0753853493299662,0.117723223346327,0.0423378740163607
"503305",3.50870241664104,1.10160352033859,2.13798792307879,-1.03638440274019,-2.40709889630244,-1.37071449356225
"169952",0.17285264912476,0.318982132527452,0.226789012682742,0.0921931198447105,0.146129483402693,0.053936363557982
"398316",0.468338164076782,0.446253063919735,0.46001748048643,-0.0137644165666958,-0.0220851001570476,-0.00832068359035182
"257797",0.353020446996927,0.430065101237668,0.381869420621551,0.0481956806161161,0.0770446542407407,0.0288489736246246
"332220",0.0638000641446484,0.219499424068044,0.115092817995234,0.10440660607281,0.155699359923395,0.0512927538505859
"98046",0.407520257164098,0.345665775943655,0.383278918275234,-0.037613142331579,-0.0618544812204428,-0.0242413388888638
"498115",0.255972590974432,0.294840866558713,0.271010173949065,0.0238306926096485,0.038868275584281,0.0150375829746325
"321681",0.256991767209115,0.214506941768867,0.240382847571614,-0.025875905802747,-0.0424848254402488,-0.0166089196375018
"102423",0.143082023694579,0.300342914729588,0.200476012749303,0.0998669019802844,0.157260891035009,0.0573939890547248
"306020",0.0976265095324467,0.248810738120288,0.150496737673365,0.0983140004469236,0.151184228587842,0.052870228140918
"184585",0.0520784963998805,0.1388263370088,0.0817946212117918,0.0570317157970083,0.0867478406089196,0.0297161248119113
"456398",0.126095605735161,0.305105692998147,0.188285361424204,0.116820331573943,0.179010087262986,0.0621897556890424
"273560",0.286652121910743,0.401074113233207,0.327291576830679,0.0737825364025281,0.114421991322464,0.0406394549199361
"273676",0.0112739086999247,0.141350129502669,0.0496438620034086,0.0917062674992601,0.130076220802744,0.0383699533034839
"22676",0.0825922831599718,0.306814346691675,0.156984889509488,0.149829457182186,0.224222063531703,0.0743926063495167
"437025",0.115600491526002,0.26189042357304,0.166495722419458,0.0953947011535828,0.146289932047038,0.0508952308934553
"367764",0.0694654487304092,0.164975033121799,0.101511902142674,0.0634631309791251,0.0955095843913898,0.0320464534122647
"574330",0.122773138387651,0.271497882189107,0.180432580228988,0.091065301960119,0.148724743801456,0.0576594418413374
"523185",0.0226571089481823,0.157090853699823,0.0640371548184503,0.0930536988813727,0.134433744751641,0.041380045870268
"52871",0.243721666386556,0.400057550330694,0.299261422133467,0.100796128197226,0.156335883944137,0.055539755746911
"96838",0.555871350384271,0.569057392088409,0.561398903594506,0.00765848849390305,0.0131860417041378,0.00552755321023479
"562645",0.699142577013665,0.39108152667496,0.548123189542073,-0.157041662867113,-0.308061050338705,-0.151019387471592
"337048",0.21524644779334,0.225783804856229,0.220003401361236,0.00578040349499273,0.0105373570628888,0.00475695356789607
"164125",0.1143954360961,0.276898393826489,0.173313723757826,0.103584670068663,0.162502957730389,0.0589182876617261
"62251",0.0613199582110288,0.225884910187287,0.114405648265104,0.111479261922183,0.164564951976258,0.053085690054075
"18629",0.295805561663111,0.435248274433456,0.347128752727512,0.0881195217059438,0.139442712770345,0.0513231910644008
"482326",0.233559993431965,0.30823398351127,0.262512522658475,0.0457214608527947,0.0746739900793048,0.0289525292265101
"485164",0.0354610620583475,0.178998556170544,0.0812125261419796,0.0977860300285642,0.143537494112196,0.0457514640836321
"446934",0.574706967821924,0.380978983285775,0.500077245520679,-0.119098262234904,-0.193727984536149,-0.0746297223012453
"556910",0.0185044244851455,0.158589462204408,0.0605785193341803,0.098010942870228,0.140085037719263,0.0420740948490348
"522137",0.0231889136249046,0.193439315172634,0.0758631638357417,0.117576151336892,0.170250401547729,0.0526742502108371
"278312",0.250022796065825,0.355914110758696,0.288719580065253,0.0671945306934428,0.105891314692871,0.0386967839994284
"123559",0.0761069715520689,0.23254265333806,0.129183903928373,0.103358749409687,0.156435681785991,0.0530769323763042
"315839",0.448612919026646,0.570578209280271,0.504739431218214,0.0658387780620574,0.121965290253625,0.0561265121915676
"33583",0.423159664104597,0.252746707532448,0.355710438791208,-0.10296373125876,-0.17041295657215,-0.0674492253133896
"517452",0.678343774887004,0.452665233801735,0.591464865498865,-0.13879963169713,-0.22567854108527,-0.0868789093881394
"161642",0.377882177791545,0.397494517794805,0.38540462229805,0.0120898954967552,0.0196123400032596,0.00752244450650441
"365136",0.331329122310176,0.355554098665784,0.341210287593837,0.0143438110719468,0.0242249763556077,0.0098811652836609
"252999",0.157656339324781,0.414422004182659,0.245190321362073,0.169231682820586,0.256765664857878,0.0875339820372924
"405750",0.0434996125762837,0.221642391856735,0.101819068534423,0.119823323322312,0.178142779280451,0.0583194559581392
"341253",0.00855163528135191,0.174327522513662,0.058232875718123,0.116094646795539,0.16577588723231,0.0496812404367711
"82270",0.0564351656309232,0.16378021781652,0.0931948630102066,0.0705853548063136,0.107345052185597,0.0367596973792834
"449023",0.0325236879255743,0.181538397442008,0.082349056927678,0.0991893405143301,0.149014709516434,0.0498253690021036
"460402",0.0422866509888203,0.189509669823515,0.092481290360069,0.097028379463446,0.147223018834695,0.0501946393712486
"325773",0.405679895562345,0.43547236003476,0.417002073204743,0.0184702868300168,0.0297924644724145,0.0113221776423977
"412578",0.297563715769214,0.298471830737398,0.29778646069268,0.00068537004471797,0.000908114968183715,0.000222744923465745
"395449",0.417176578005341,0.342647174234839,0.388411420181399,-0.0457642459465598,-0.0745294037705019,-0.0287651578239421
"576117",0.0366898539170045,0.139119943694289,0.069339702875461,0.0697802408188282,0.102430089777285,0.0326498489584564
"95979",0.127281385281504,0.381858057961125,0.217099406883824,0.164758651077301,0.254576672679621,0.0898180216023201
"106287",0.0352356397155814,0.172569064622318,0.0794148347621853,0.0931542298601331,0.137333424906737,0.0441791950466039
"386550",0.121423977775808,0.142703603351652,0.129400553480253,0.0133030498713986,0.0212796255758441,0.00797657570444552
"524315",0.410333138775705,0.417191758682111,0.412273372748465,0.00491838593364646,0.00685861990640602,0.00194023397275955
"81524",0.092973331362838,0.258237495210345,0.150271025615205,0.10796646959514,0.165264163847507,0.0572976942523668
"360349",0.0269252534739772,0.250379958992682,0.0978306762404234,0.152549282752258,0.223454705518705,0.0709054227664462
"454484",0.110165112333872,0.270000486640227,0.164145548478986,0.105854938161242,0.159835374306355,0.0539804361451137
"231086",0.459719610895036,0.399607491347133,0.436855474010842,-0.037247982663709,-0.0601121195479027,-0.0228641368841937
"483140",0.224313857264396,0.711151702436624,0.380370237956169,0.330781464480455,0.486837845172228,0.156056380691773
"468942",0.184752110197615,0.117552783764802,0.157925975892311,-0.0403731921275094,-0.0671993264328133,-0.0268261343053039
"203583",0.0886643778671159,0.187207026423457,0.122874589357486,0.0643324370659711,0.0985426485563411,0.0342102114903699
"334983",0.119170542586377,0.315979527516639,0.18676577178841,0.129213755728229,0.196808984930262,0.0675952292020331
"40737",0.512354981456657,0.235263650987536,0.397217396987073,-0.161953745999537,-0.277091330469121,-0.115137584469585
"160101",0.159540874787317,0.288150872784529,0.204953510563648,0.0831973622208818,0.128609997997212,0.0454126357763301
"506494",0.0287475915293394,0.183921341182111,0.0768938479869572,0.107027493195153,0.155173749652771,0.0481462564576178
"351821",0.0362512896121116,0.198018710798682,0.0936606460264694,0.104358064772212,0.16176742118657,0.0574093564143578
"514170",0.25027776110877,0.422419150640151,0.31221355582373,0.110205594816421,0.172141389531381,0.0619357947149599
"108842",0.173636683313831,0.359095351096868,0.239946028331005,0.119149322765863,0.185458667783038,0.0663093450171742
"60668",0.429448272939217,0.381358563119562,0.410897315597605,-0.0295387524780428,-0.0480897098196555,-0.0185509573416127
"369603",0.115871970518187,0.337688821843593,0.193602038560795,0.144086783282798,0.221816851325406,0.0777300680426086
"361095",0.021174866654092,0.107387663481763,0.0463399414434362,0.0610477220383269,0.0862127968276711,0.0251650747893442
"470663",0.0530209364623801,0.126031270975098,0.0771826890761186,0.0488485818989792,0.0730103345127177,0.0241617526137385
"160213",0.0706804494044581,0.13259758458974,0.0921573349043338,0.0404402496854061,0.0619171351852818,0.0214768854998757
"214300",0.214431580973571,0.366360153131402,0.27543938053941,0.0909207725919918,0.151928572157831,0.0610077995658389
"417259",4.37883922048709,0.707284729018529,4.37883922048709,-3.67155449146856,-3.67155449146856,0
"51089",0.119225828544689,0.236619445820726,0.162977086013645,0.0736423598070814,0.117393617276038,0.0437512574689565
"341912",0.316046242635263,0.421851660235321,0.354772553979366,0.0670791062559544,0.105805417600058,0.0387263113441033
"10256",0.156100042492065,0.34255922249696,0.223613162387583,0.118946060109377,0.186459180004895,0.0675131198955178
"236875",0.283793635818102,0.416802021219443,0.332085855844528,0.0847161653749145,0.133008385401341,0.0482922200264265
"101375",0.255751074813277,0.329633126147209,0.282548053992669,0.0470850721545391,0.0738820513339316,0.0267969791793925
"93501",0.833701274741339,0.480353530220297,0.669192657106011,-0.188839126885714,-0.353347744521042,-0.164508617635328
"326645",0.177141247093436,0.315590742342755,0.229482176507705,0.0861085658350507,0.138449495249319,0.0523409294142682
"435257",0.16042238013412,0.341327399949298,0.225554611571387,0.115772788377911,0.180905019815178,0.0651322314372676
"21389",0.0614802167977042,0.238160847169999,0.118728338237888,0.119432508932111,0.176680630372295,0.0572481214401837
"378039",0.240480535663332,0.350927431219998,0.280790180431965,0.0701372507880331,0.110446895556666,0.0403096447686326
"532534",0.365219253959209,0.338737908030214,0.355408508572303,-0.0166706005420883,-0.0264813459289942,-0.00981074538690591
"352233",1.28197829723494,0.700555872175611,0.98978878932371,-0.289232917148099,-0.581422425059327,-0.292189507911228
"275164",0.0346057677724875,0.248179752969314,0.103000306152961,0.145179446816354,0.213573985196827,0.0683945383804734
"219696",0.588613322034588,0.50676437329968,0.550646601022915,-0.0438822277232348,-0.0818489487349082,-0.0379667210116734
"521068",0.0591400393310631,0.189103223592639,0.104065024263244,0.0850381993293947,0.129963184261576,0.0449249849321809
"359902",0.112540013420064,0.221884473024252,0.151127128965835,0.0707573440584167,0.109344459604187,0.0385871155457708
"400445",0.564273918535268,0.486354040682998,0.53482672874145,-0.0484726880584518,-0.0779198778522697,-0.0294471897938179
"65321",0.051379971730364,0.125900986401785,0.0760152951862332,0.0498856912155517,0.0745210146714209,0.0246353234558691
"230739",0.0885082367463393,0.140321803786485,0.107159250038136,0.0331625537483484,0.0518135670401454,0.018651013291797
"51122",0.0381686026344578,0.173372015763481,0.0817719167917127,0.0916000989717681,0.135203413129023,0.0436033141572549
"39886",0.0815861312390254,0.270044427504039,0.146751326584776,0.123293100919263,0.188458296265013,0.0651651953457503
"561058",0.273704296176078,0.41447649701038,0.324613301906692,0.0898631951036888,0.140772200834303,0.0509090057306137
"118577",0.104053315827094,0.291306440786704,0.169652189184254,0.121654251602451,0.187253124959611,0.0655988733571599
"169774",0.0898546162563159,0.267343774703494,0.153051694165998,0.114292080537496,0.177489158447178,0.0631970779096817
"277062",0.0341241823275823,0.12908819388357,0.0649167115696009,0.064171482313969,0.0949640115559876,0.0307925292420186
"35351",0.335585800762613,0.37550601653228,0.350827598679414,0.0246784178528666,0.0399202157696669,0.0152417979168003
"199157",0.478696632629742,0.425828770603855,0.458312750739634,-0.032483980135779,-0.0528678620258869,-0.0203838818901079
"67868",0.102880812096663,0.24862003754118,0.154333621546727,0.0942864159944532,0.145739225444517,0.0514528094500643
"342433",0.230404410981058,0.272421991456878,0.245873548818238,0.0265484426386399,0.0420175804758201,0.0154691378371802
"141955",0.936584606862952,0.473377763819812,0.723409040329101,-0.250031276509289,-0.46320684304314,-0.213175566533851
"87808",0.955427750596983,0.583284693610019,0.789908597324809,-0.20662390371479,-0.372143056986964,-0.165519153272174
"238726",0.0202978822852142,0.192296356737325,0.0739299722460058,0.11836638449132,0.171998474452111,0.0536320899607916
"20262",0.10908730462538,0.294256327152209,0.172454465841043,0.121801861311166,0.185169022526829,0.0633671612156631
"469088",0.108156529434425,0.326048016791848,0.184698868220162,0.141349148571685,0.217891487357422,0.076542338785737
"218333",0.0307959048134247,0.131268578442308,0.0623853863363517,0.0688831921059567,0.100472673628884,0.031589481522927
"282462",0.15913880947046,0.351835267714123,0.229273410777907,0.122561856936216,0.192696458243663,0.0701346013074469
"122360",0.196257243772816,0.397070131910274,0.268203939742945,0.128866192167328,0.200812888137458,0.0719466959701291
"366518",0.183775134703478,0.28991751417245,0.222127821196464,0.0677896929759856,0.106142379468972,0.0383526864929866
"269255",0.615239073194653,0.290931872596722,0.478932771182147,-0.188000898585425,-0.324307200597931,-0.136306302012505
"351023",0.224607488774701,0.283025570351656,0.246941405303039,0.0360841650486171,0.058418081576955,0.0223339165283379
"302610",0.0408668565389781,0.200345641583247,0.0927155132157156,0.107630128367531,0.159478785044269,0.0518486566767375
"568914",0.370325448068064,0.497833362952852,0.417214043603592,0.0806193193492604,0.127507914884788,0.0468885955355279
"419014",0.165391321406721,0.368069563258447,0.235782997641203,0.132286565617244,0.202678241851726,0.0703916762344824
"491517",0.0489668632594152,0.248628759766341,0.11480036484566,0.133828394920681,0.199661896506926,0.0658335015862451
"336261",0.0684517012457058,0.253286613281283,0.132170508603993,0.12111610467729,0.184834912035577,0.0637188073582875
"440819",0.174113499780788,0.370538556426702,0.241956176307807,0.128582380118896,0.196425056645914,0.0678426765270182
"258219",0.359568933854023,0.444821145902745,0.39141449359643,0.0534066523063151,0.085252212048722,0.0318455597424068
"259758",0.230071939374156,0.308119893252495,0.259870319781656,0.0482495734708397,0.0780479538783391,0.0297983804074994
"50029",0.15841875473221,0.283020579672017,0.203645638149231,0.0793749415227863,0.124601824939807,0.0452268834170207
"462644",0.168937182074011,0.324554556196057,0.225529126659056,0.0990254295370006,0.155617374122046,0.056591944585045
"93926",1.6363318276427,0.591456677024713,1.18624747505186,-0.594790798027142,-1.04487515061799,-0.450084352590846
"27879",0.139320279934588,0.378576219184938,0.222611007940345,0.155965211244593,0.23925593925035,0.0832907280057562
"178760",0.0968523926312747,0.225104784371639,0.1415503519527,0.0835544324189388,0.128252391740364,0.0446979593214254
"481033",0.0218502634993716,0.231472629986307,0.0887419187204678,0.142730711265839,0.209622366486935,0.0668916552210962
"450835",0.144245902376371,0.320441393157733,0.206058959948934,0.114382433208799,0.176195490781362,0.0618130575725629
"568543",0.186773318222154,0.409721277436527,0.264326446216488,0.145394831220039,0.222947959214373,0.0775531279943341
"94399",2.49208406617301,0.80035022542199,1.58405238398308,-0.783702158561092,-1.69173384075102,-0.908031682189927
"36007",0.0574918684204712,0.173305512885948,0.0958254927954949,0.0774800200904531,0.115813644465477,0.0383336243750237
"486539",0.0383940948086997,0.177050098194885,0.0863570081916376,0.090693090003247,0.138656003386185,0.0479629133829379
"485102",0.0164566809037608,0.199682772234391,0.0746692242638601,0.125013547970531,0.18322609133063,0.0582125433600993
"468941",0.545024044560857,0.328640655077284,0.458836255586407,-0.130195600509123,-0.216383389483573,-0.08618778897445
"6510",0.0907360164186034,0.170314225597591,0.118905694065701,0.0514085315318895,0.0795782091789873,0.0281696776470978
"554729",0.286806479450796,0.380961137544903,0.320934366440662,0.0600267711042408,0.0941546580941072,0.0341278869898664
"504735",1.38863546821819,0.762731249539218,1.08293030167254,-0.320199052133327,-0.625904218678975,-0.305705166545648
"522419",0.563677218191801,0.667279839787115,0.600354022243545,0.0669258175435704,0.103602621595314,0.0366768040517436
"525218",0.0789236655181805,0.332590971172023,0.165578976827679,0.167011994344344,0.253667305653843,0.0866553113094984
"370249",0.0978416765602452,0.246109028390176,0.148973566623529,0.097135461766647,0.148267351829931,0.0511318900632839
"277262",0.849464994017958,0.508502355497102,0.69222077457118,-0.183718419074078,-0.340962638520856,-0.157244219446779
"8376",0.219219623497884,0.315500377652482,0.254186659392239,0.061313718260243,0.0962807541545983,0.0349670358943553
"351158",0.00836519810611294,0.100151054214296,0.0334780986075354,0.0666729556067607,0.0917858561081832,0.0251129005014225
"490995",0.0574491052846502,0.217526769752347,0.111592857593852,0.105933912158496,0.160077664467697,0.0541437523092016
"524412",0.264599020744595,0.345273169698425,0.298693972394114,0.0465791973043107,0.0806741489538299,0.0340949516495192
"255371",0.0494138593442893,0.200063513470684,0.0986732571658244,0.101390256304859,0.150649654126395,0.0492593978215351
"59211",0.248393299526917,0.421928974309234,0.311713303681536,0.110215670627698,0.173535674782317,0.063320004154619
"346331",0.0157248034119251,0.13804459705082,0.0519815840473876,0.0860630130034325,0.122319793638895,0.0362567806354624
"189204",0.00965900241907302,0.109404393244157,0.0392105416887441,0.0701938515554124,0.0997453908250835,0.0295515392696711
"44671",0.0450802758846813,0.248494213751594,0.113118826567846,0.135375387183749,0.203413937866913,0.0680385506831643
"370319",0.864717513081554,0.442419404117614,0.667824414360069,-0.225405010242455,-0.42229810896394,-0.196893098721485
"322137",0.0994636836635685,0.255903915481914,0.152705379063921,0.103198536417993,0.156440231818346,0.0532416954003529
"418741",0.161845327724064,0.342579684742685,0.22609595883653,0.116483725906154,0.180734357018621,0.0642506311124666
"61179",0.20160591645558,0.322809367102582,0.245981336680442,0.0768280304221397,0.121203450647002,0.0443754202248625
"7136",0.0847631455658669,0.153228451695651,0.108924025680467,0.0443044260151847,0.0684653061297844,0.0241608801145997
"515623",0.115684723836036,0.378147660102423,0.200786805371951,0.177360854730472,0.262462936266387,0.0851020815359153
"460841",0.122371312189832,0.184408251335716,0.144714988884714,0.0396932624510013,0.0620369391458839,0.0223436766948825
"302219",0.24434132173055,0.507841920379682,0.338168644247288,0.169673276132394,0.263500598649132,0.0938273225167383
"450994",0.285356434009005,0.640757292114206,0.405244406272863,0.235512885841343,0.355400858105201,0.119887972263858
"268166",0.962255481597361,0.472054574067999,0.738197986973636,-0.266143412905637,-0.490200907529362,-0.224057494623725
"29431",0.0805872251468528,0.268622290534564,0.143272670834949,0.125349619699616,0.188035065387712,0.0626854456880959
"432729",0.0366133154915467,0.16209699268552,0.0758805774234308,0.0862164152620894,0.125483677193974,0.0392672619318842
"115564",0.303325635087698,0.339915571233879,0.317244463068693,0.022671108165186,0.0365899361461805,0.0139188279809945
"424793",1.17252591255908,0.498040804986192,0.868654668436659,-0.370613863450468,-0.674485107572887,-0.303871244122419
"478669",0.198135169544477,0.379013395523618,0.261530626391859,0.117482769131759,0.180878225979141,0.0633954568473822
"49540",0.0578908673982069,0.252318643506341,0.122135642666878,0.130183000839463,0.194427776108134,0.064244775268671
"284238",0.146775610147529,0.2711695521112,0.191737332913102,0.0794322191980983,0.124393941963671,0.0449617227655732
"133122",0.043958557919425,0.128483647498627,0.0718338951559857,0.0566497523426417,0.0845250895792024,0.0278753372365607
"552736",0.129569911209162,0.292565833389471,0.188709051591131,0.10385678179834,0.162995922180309,0.0591391403819694
"6610",0.28747222197471,0.417567392069034,0.335294597898416,0.0822727941706174,0.130095170094323,0.0478223759237059
"372854",0.309231870695104,0.409538028489964,0.344585706946888,0.0649523215430756,0.100306157794859,0.0353538362517838
"351418",0.321043781506017,0.386159260880031,0.345730035736929,0.0404292251431025,0.0651154793740146,0.0246862542309121
"8657",0.445621545453503,0.804717771487881,0.565677779996774,0.239039991491107,0.359096226034377,0.12005623454327
"265810",0.121733876715012,0.231293511127274,0.160192572606706,0.071100938520568,0.109559634412262,0.0384586958916941
"465906",0.210964563337104,0.292889086431928,0.241027890590405,0.0518611958415227,0.0819245230948241,0.0300633272533013
"511109",0.0698195406220056,0.122525761923775,0.0890939970466657,0.0334317648771096,0.0527062213017697,0.0192744564246601
"448526",0.206744251333636,0.268711348714554,0.229894619234058,0.0388167294804955,0.0619670973809174,0.0231503679004219
"262296",0.077415301901774,0.263840526516588,0.140943544726796,0.122896981789792,0.186425224614814,0.0635282428250221
"100446",0.0161567223524943,0.151250091708542,0.0574985739013314,0.0937515178072105,0.135093369356048,0.0413418515488372
"341240",0.278643246659001,0.177909869777559,0.236961017964307,-0.0590511481867484,-0.100733376881443,-0.0416822286946945
"294159",0.319721022024403,0.461688770956895,0.373912996728595,0.0877757742282995,0.141967748932492,0.0541919747041922
"18647",0.114125291122431,0.193502926631472,0.142362631747067,0.0511402948844054,0.0793776355090416,0.0282373406246362
"106545",0.173935276252097,0.319855056653218,0.227876563671781,0.0919784929814375,0.145919780401121,0.0539412874196839
"326512",0.674683871771883,0.347735855264911,0.546106436645024,-0.198370581380113,-0.326948016506972,-0.128577435126859
"290196",0.0379601070591289,0.186811143966966,0.0883296245760758,0.0984815193908901,0.148851036907837,0.050369517516947
"254385",0.243997780407257,0.308230717648412,0.267872939218964,0.0403577784294473,0.0642329372411548,0.0238751588117075
"486839",0.601300850719489,0.471162550791513,0.53896582501835,-0.0678032742268371,-0.130138299927976,-0.0623350257011387
"406194",0.0811737154942613,0.278949896060858,0.14783563609734,0.131114259963518,0.197776180566597,0.0666619206030792
"437711",0.604482988025995,0.404906939761604,0.523819303396779,-0.118912363635176,-0.199576048264391,-0.0806636846292158
"467637",0.0847023918372808,0.237349261338176,0.137292667386123,0.100056593952052,0.152646869500895,0.0525902755488426
"49031",1.74356455542338,0.581434308855411,1.15929980676469,-0.577865497909275,-1.16213024656797,-0.584264748658696
"177111",0.225760179903227,0.377026789870942,0.280746812841885,0.0962799770290575,0.151266609967715,0.0549866329386579
"223723",0.0486262929735932,0.200952825605568,0.0986768458915514,0.102275979714017,0.152326532631975,0.0500505529179582
"121012",0.20146167745818,0.338706577530699,0.252575768678611,0.086130808852088,0.137244900072519,0.0511140912204308
"545928",0.788043627279837,0.513162821527494,0.661525498227993,-0.148362676700499,-0.274880805752342,-0.126518129051843
"299165",0.0431459747074582,0.188840804462899,0.0903969739163593,0.09844383054654,0.145694829755441,0.0472509992089011
"138667",0.0661595802716148,0.187256990350584,0.107424008363216,0.0798329819873683,0.12109741007897,0.0412644280916013
"242900",0.403168887487031,0.383323181392037,0.395574866083469,-0.0122516846914321,-0.0198457060949947,-0.00759402140356258
"546029",0.431681104992188,0.513187998396751,0.461383554837247,0.0518044435595044,0.0815068934045629,0.0297024498450585
"387551",0.0153352787067359,0.19698282089004,0.0738178758704887,0.123164945019551,0.181647542183304,0.0584825971637529
"22243",0.152462762989738,0.238438431694014,0.183268524930283,0.0551699067637315,0.0859756687042766,0.0308057619405451
"5699",0.103930324374557,0.289984795544138,0.168258341428998,0.12172645411514,0.186054471169581,0.064328017054441
"74442",0.504997954811652,0.466125149084154,0.487109893320297,-0.0209847442361433,-0.0388728057274982,-0.0178880614913549
"474948",0.435851527696635,0.424908986676981,0.431768894859698,-0.0068599081827177,-0.0109425410196546,-0.00408263283693694
"301934",0.706740491806926,0.45684167480728,0.588651529084894,-0.131809854277613,-0.249898816999646,-0.118088962722032
"408057",0.0326220775137727,0.229812019871236,0.0975999488867675,0.132212070984468,0.197189942357463,0.0649778713729948
"551567",0.0528126005161272,0.21346485222552,0.105415159627743,0.108049692597777,0.160652251709393,0.0526025591116158
"133464",0.262454655764835,0.323930508169551,0.287372666402272,0.0365578417672792,0.0614758524047163,0.0249180106374371
"25499",0.00510446662422274,0.106201202666803,0.0329180011889498,0.0732832014778533,0.10109673604258,0.027813534564727
"133241",1e-08,0.157245874560132,0.0472009695071758,0.110044905052956,0.157245864560132,0.0472009595071758
"341760",0.0755342644831966,0.285907734369762,0.146206139343895,0.139701595025867,0.210373469886565,0.0706718748606981
"6411",0.139747129062881,0.432551143596999,0.2417843856464,0.190766757950599,0.292804014534118,0.102037256583519
"65317",0.149904441031855,0.405901152675443,0.242234216981897,0.163666935693546,0.255996711643588,0.0923297759500415
"294631",0.0608366410036024,0.18657823709647,0.103976092640411,0.0826021444560584,0.125741596092868,0.0431394516368091
"375853",0.02068578964283,0.163364263676146,0.0661543252070383,0.097209938469108,0.142678474033316,0.0454685355642083
"261649",0.374738823311133,0.372672613672309,0.373751989635818,-0.00107937596350932,-0.00206620963882409,-0.000986833675314769
"515324",0.0375818668579549,0.176747108400612,0.0845283332358202,0.0922187751647916,0.139165241542657,0.0469464663778653
"494157",0.0362410351980238,0.156589721781792,0.0746304763551394,0.0819592454266527,0.120348686583768,0.0383894411571156
"161572",0.125046897573807,0.189875472024823,0.148785703674328,0.0410897683504945,0.0648285744510152,0.0237388061005206
"567749",0.119764795958371,0.298026497549323,0.182508139614553,0.115518357934771,0.178261701590952,0.0627433436561815
"40590",0.410998389009111,0.332234776914725,0.379342375647996,-0.0471075987332712,-0.0787636120943859,-0.0316560133611147
"449620",0.147407852285329,0.279052660697514,0.19492765302538,0.084125007672134,0.131644808412185,0.0475198007400509
"503521",0.0968659671185362,0.218569371251339,0.139261252800891,0.0793081184504483,0.121703404132803,0.042395285682355
"337941",0.190008239367382,0.549917321547089,0.319568797159617,0.230348524387473,0.359909082179707,0.129560557792234
"315593",0.81764135675478,0.503240668226406,0.673381374360737,-0.17014070613433,-0.314400688528373,-0.144259982394043
"256292",0.200058401803717,0.358581927856328,0.264140479061196,0.0944414487951313,0.158523526052611,0.0640820772574794
"551898",0.294884222594812,0.473324929413118,0.356957385513672,0.116367543899445,0.178440706818306,0.0620731629188603
"85889",0.0431080896930823,0.15618247996971,0.0823323969209702,0.0738500830487403,0.113074390276628,0.0392243072278879
"351154",1.38406989849184,0.850340959626269,1.13102757777926,-0.280686618152992,-0.53372893886557,-0.253042320712578
"406315",0.0546392277560362,0.284420887026499,0.128922485799751,0.155498401226748,0.229781659270463,0.0742832580437148
"514000",0.0566825192263231,0.175863851588264,0.0960416054347043,0.0798222461535602,0.119181332361941,0.0393590862083811
"511485",0.0334985922670554,0.188209907030221,0.0833304516698722,0.104879455360349,0.154711314763166,0.0498318594028168
"300560",0.105266496193692,0.19107386101314,0.135193241203452,0.0558806198096881,0.0858073648194483,0.0299267450097603
"124581",0.0209500786808791,0.162873326196506,0.0652106142666926,0.097662711929813,0.141923247515627,0.0442605355858135
"261871",0.729200226312912,0.462481849673333,0.603162731608801,-0.140680881935467,-0.266718376639579,-0.126037494704112
