"dataset_name","feature_id","gene_symbol","baseMean","lfc_shrunk","regulation_direction","lfdr","pvalue","padj","empirical_p","empirical_q","HBFSS","hc_p_threshold_dataset","hbfss_threshold_dataset","resLA_padj","resGA_padj","standard_significant","HBFSS_significant","effect_class","log2FoldChange","lfcSE","stat","raw_lfc_pass","shrunk_lfc_pass","padj_strong_effect","padj_weak_effect","deseq2_strong_call","deseq2_weak_call","HBFSS_only_call","overlap_call","R0_1","R0_2","R0_3","R0_4","R0_5","ZT6_1","ZT6_2","ZT6_3","ZT6_4","ZT6_5","dispGeneEst","dispFit","dispersion","dispIter","dispOutlier","neglog10_padj","neglog10_empirical_p"
"RT0_ZT6_remainder_dataset","279308","Slc6a17",547.037438250821,-0.00923336792809019,"downregulated",1,0.577419320699864,0.997427599417093,0.567322638327645,0.988991899847685,0.0022729771310895,0.00605983660587683,2.21753908575496,0.0886352130875676,1,FALSE,FALSE,"weak_effect",-0.16405993890805,0.294458428420199,-0.557158237202612,FALSE,FALSE,1,0.0886352130875676,FALSE,TRUE,FALSE,FALSE,408.257518959681,412.528165364949,887.274845063182,389.295600242924,482.727787009318,584.664423462785,640.538704332355,436.2806241054,771.183866640164,457.622847327453,0.0957089169460611,0.122839947281842,0.102264331200125,8,FALSE,0.00111861876382399,0.246169886090485
"RT0_ZT6_remainder_dataset","481896","Cbx6",1230.37260810037,0.0331545669206056,"upregulated",1,0.156656859718584,0.997427599417093,0.145909291143239,0.958517323448015,0.0277144678547396,0.00605983660587683,2.21753908575496,0.0364748927752825,1,FALSE,FALSE,"weak_effect",0.296788397670471,0.20953634395179,1.41640534559845,FALSE,FALSE,1,0.0364748927752825,FALSE,TRUE,FALSE,FALSE,1546.8142022696,1119.71930599058,1097.16781916415,1532.09446228937,1488.07821945848,995.418804778054,1002.58231982456,947.151161364304,1198.46141437323,1376.2383714914,0.0263796897719552,0.114446225350874,0.0519078569942147,9,FALSE,0.00111861876382399,0.835917052426192
"RT0_ZT6_remainder_dataset","415733","Atp5if1",1489.71470344761,-0.00863201153489959,"downregulated",1,0.641370886154129,0.997427599417093,0.632515131153411,0.990115274968481,0.00171715811964769,0.00605983660587683,2.21753908575496,0.0286593378367865,1,FALSE,FALSE,"weak_effect",-0.117832868311282,0.252978074545154,-0.465782928117948,FALSE,FALSE,1,0.0286593378367865,FALSE,TRUE,FALSE,FALSE,921.749118893442,1280.94999056717,1693.98471016842,1199.03044874821,2049.26589471449,1252.92096663184,1681.86816695206,1358.09936213455,1737.96946244893,1721.30891321696,0.0578929979510334,0.113276435726556,0.0761809820569052,10,FALSE,0.00111861876382399,0.198929080748461
"RT0_ZT6_remainder_dataset","516347","Cck",1139.85390679925,0.00545074779527857,"upregulated",1,0.799955650156265,0.997427599417093,0.794744733449691,0.992117117815838,0.0005438338696504,0.00605983660587683,2.21753908575496,0.0187273907646135,1,FALSE,FALSE,"weak_effect",0.0624921469108404,0.246610248681448,0.253404500603553,FALSE,FALSE,1,0.0187273907646135,FALSE,TRUE,FALSE,FALSE,800.032591501736,1342.10645713071,1397.16636295493,1148.85457138356,1131.68415081248,890.208033423616,1482.07821191456,1331.35958194745,1024.50413884213,850.544968081363,0.051698692288477,0.114979839057021,0.0721552552252655,10,FALSE,0.00111861876382399,0.0997723413513038
"RT0_ZT6_remainder_dataset","313487","Serinc1",870.677562178905,0.0180606480292997,"upregulated",1,0.36193088053046,0.997427599417093,0.349285370775813,0.982242248857672,0.00825045807472806,0.00605983660587683,2.21753908575496,0.0470893944233497,1,FALSE,FALSE,"weak_effect",0.220293719670127,0.241631736954086,0.911691992314679,FALSE,FALSE,1,0.0470893944233497,FALSE,TRUE,FALSE,FALSE,1271.6841351446,1074.12994000685,660.420822550015,910.951704568442,767.311110480376,877.236842434713,736.195713107887,1017.51900396195,699.837334279483,691.489015254737,0.0475461562034914,0.117222196560205,0.068960383969078,10,FALSE,0.00111861876382399,0.456819603667786
"RT0_ZT6_remainder_dataset","520582","Scn3b",456.325350865642,-0.00283611303243387,"downregulated",1,0.843304612792381,0.997427599417093,0.839187025894583,0.992531467500185,0.000215945160508905,0.00605983660587683,2.21753908575496,0.0920025462771002,1,FALSE,FALSE,"weak_effect",-0.0657832334680282,0.332796112397033,-0.19766827501142,FALSE,FALSE,1,0.0920025462771002,FALSE,TRUE,FALSE,FALSE,216.807564416477,449.222045303071,734.625409353387,291.539149515256,537.250760197698,480.414481070489,509.767097398718,460.205690588599,578.788723195632,304.632587617097,0.13380303925166,0.125844279964289,0.130787922959127,9,FALSE,0.00111861876382399,0.0761412390970846
"RT0_ZT6_remainder_dataset","24983","Cnih2",951.514121351152,-0.0238151973012155,"downregulated",1,0.250332885770312,0.997427599417093,0.237936171838641,0.974146835729788,0.0148497169337147,0.00605983660587683,2.21753908575496,0.0552882550788983,1,FALSE,FALSE,"weak_effect",-0.268334181336061,0.233427196809096,-1.14954120601257,FALSE,FALSE,1,0.0552882550788983,FALSE,TRUE,FALSE,FALSE,546.456492769014,1101.92833389937,1077.02657417466,850.39461119732,739.384709579011,914.228757477141,1057.07048938024,1063.96178007639,1103.867135513,1060.82232944538,0.0377994017784355,0.116415500870486,0.0643561477989698,9,FALSE,0.00111861876382399,0.623539530069596
"RT0_ZT6_remainder_dataset","496831","-",557.236661358332,-0.00325664613449884,"downregulated",1,0.83961149306492,0.997427599417093,0.835399626794068,0.992497861900489,0.000254362701174533,0.00605983660587683,2.21753908575496,0.0730577298219637,1,FALSE,FALSE,"weak_effect",-0.0638382839404486,0.315421422685252,-0.202390450835518,FALSE,FALSE,1,0.0730577298219637,FALSE,TRUE,FALSE,FALSE,497.009153516134,601.557243834063,842.752092981158,495.703064309323,285.913152085409,539.98587672323,710.767900648568,655.828293010053,626.085862625746,316.763973849636,0.114748343124809,0.122563326459195,0.117665826049314,9,FALSE,0.00111861876382399,0.0781057230873125
"RT0_ZT6_remainder_dataset","198265","LOC103694242",567.094347011427,-0.0185866438690271,"downregulated",1,0.316909766299334,0.997427599417093,0.30419117745431,0.979663323199476,0.00960656981938838,0.00605983660587683,2.21753908575496,0.0869778336646344,1,FALSE,FALSE,"weak_effect",-0.259675347275832,0.259460404632433,-1.00082842175362,FALSE,FALSE,1,0.0869778336646344,FALSE,TRUE,FALSE,FALSE,417.132682415327,455.893659837275,815.190389311334,395.351309580036,497.355901767176,565.447844219966,639.327856120007,554.498599669444,797.638198863787,533.107028329919,0.0576989798316038,0.122305424599917,0.0790307018201342,10,FALSE,0.00111861876382399,0.516853386070244
"RT0_ZT6_remainder_dataset","71444","Eif4a1",628.429400358305,0.0069808358879459,"upregulated",1,0.677880196105631,0.997427599417093,0.66980093925301,0.990660388796347,0.00121504413942402,0.00605983660587683,2.21753908575496,0.0603633715379685,1,FALSE,FALSE,"weak_effect",0.118758744627057,0.285919328874656,0.415357524426478,FALSE,FALSE,1,0.0603633715379685,FALSE,TRUE,FALSE,FALSE,645.351171274776,491.475604019697,993.281397639428,378.914384236446,763.321624637324,525.573442291115,674.442454278113,450.354192624929,695.02745569337,666.552276887851,0.0833984817574826,0.120882534223443,0.0965739859153651,11,FALSE,0.00111861876382399,0.174054247790309
"RT0_ZT6_remainder_dataset","531382","Mobp",1455.51517425284,0.0187867634806469,"upregulated",1,0.403688590931897,0.997427599417093,0.391282076956738,0.984117935939202,0.00765579482972346,0.00605983660587683,2.21753908575496,0.0143901077786332,1,FALSE,FALSE,"weak_effect",0.172436697542204,0.20649822553747,0.83505171578782,FALSE,FALSE,1,0.0143901077786332,FALSE,TRUE,FALSE,FALSE,1621.61915139575,1510.00875624151,1887.97670138295,1404.92456621002,1288.60392730587,1406.17318609332,1572.8918278407,982.335082663127,1418.1125364724,1462.50600692279,0.0237644577383208,0.113406834886429,0.0505194313010591,9,FALSE,0.00111861876382399,0.407510044910613
"RT0_ZT6_remainder_dataset","557519","Atp6ap2",907.69241194227,0.0106282467141785,"upregulated",1,0.592051626504101,0.997427599417093,0.582224077109566,0.989270618173387,0.00249667972288336,0.00605983660587683,2.21753908575496,0.0213519669836495,1,FALSE,FALSE,"weak_effect",0.125807115910761,0.234773754976327,0.535865330958509,FALSE,FALSE,1,0.0213519669836495,FALSE,TRUE,FALSE,FALSE,1290.70234254955,847.295045843912,764.307244074736,729.280424455077,1105.08757852546,666.815299725839,882.708346802055,910.559883213528,857.761681190203,1022.40627304234,0.0414915425974504,0.116834979537653,0.0650840733119164,9,FALSE,0.00111861876382399,0.234909838849779
"RT0_ZT6_remainder_dataset","249570","Ndrg4",1728.28652691472,0.0305415863895102,"upregulated",1,0.30447729916751,0.997427599417093,0.291776782470522,0.97881637657437,0.0163381993176321,0.00605983660587683,2.21753908575496,0.00486341230538356,1,FALSE,FALSE,"weak_effect",0.188256791042967,0.18332903361298,1.02687930729177,FALSE,FALSE,1,0.00486341230538356,FALSE,TRUE,FALSE,FALSE,2127.50346836753,1597.85168094186,1673.84346517893,2209.46880671206,1594.46450860654,1592.57400474867,1587.42200638888,1746.52985327355,1657.00317291603,1496.20430201317,0.014414747727846,0.11251035451883,0.0397809550455112,7,FALSE,0.00111861876382399,0.534949269146138
"RT0_ZT6_remainder_dataset","176234","Dad1",460.084025572915,-0.00811886648212564,"downregulated",1,0.648397635007568,0.997427599417093,0.639687805750534,0.990225026742265,0.00157531931733735,0.00605983660587683,2.21753908575496,0.0465919525925593,1,FALSE,FALSE,"weak_effect",-0.123666337240623,0.271204440705814,-0.455989352234716,FALSE,FALSE,1,0.0465919525925593,FALSE,TRUE,FALSE,FALSE,267.522784163021,435.878816234663,692.222788322889,352.961344220251,453.471557493602,465.521632157304,502.502008124627,399.689345954625,557.945915989141,473.124063069031,0.0657159523748091,0.125696267769602,0.0861168706455964,9,FALSE,0.00111861876382399,0.194031928078328
"RT0_ZT6_remainder_dataset","413109","Rps8",749.449640843886,0.024477038344234,"upregulated",1,0.232890185730796,0.997427599417093,0.220679654592552,0.972181431520466,0.016062755455264,0.00605983660587683,2.21753908575496,0.0714758296445098,1,FALSE,FALSE,"weak_effect",0.285637448345252,0.239438535055843,1.19294685911202,FALSE,FALSE,1,0.0714758296445098,FALSE,TRUE,FALSE,FALSE,966.124936171668,581.542400231451,637.099380983241,863.371131205418,1069.18220593799,717.739234719311,560.622722317355,793.749264501438,729.498252227182,575.566880143806,0.0421533259202384,0.118758147548606,0.0675022455372693,9,FALSE,0.00111861876382399,0.656237704470805
"RT0_ZT6_remainder_dataset","123190","Wsb2",500.424705070864,-0.0155340724572205,"downregulated",1,0.349224308131036,0.997427599417093,0.336537437755427,0.981581979821103,0.0073470976846072,0.00605983660587683,2.21753908575496,0.0742187369484469,1,FALSE,FALSE,"weak_effect",-0.240486317939049,0.256903768732195,-0.93609493985174,FALSE,FALSE,1,0.0742187369484469,FALSE,TRUE,FALSE,FALSE,306.827079466593,442.550430768867,697.523115951701,423.034552263977,424.215327977886,541.907534647512,581.207141927279,417.984985030012,645.325376970199,523.671505704611,0.0547762131047046,0.124247689985416,0.0772064621904761,10,FALSE,0.00111861876382399,0.472966616116958
"RT0_ZT6_remainder_dataset","198519","Gpm6a",580.721296892821,-0.00739760268503613,"downregulated",1,0.653736041726427,0.997427599417093,0.645138231912536,0.990306809739777,0.00140811310846171,0.00605983660587683,2.21753908575496,0.0667412760323607,1,FALSE,FALSE,"weak_effect",-0.12899476314686,0.287563672575093,-0.448578090520718,FALSE,FALSE,1,0.0667412760323607,FALSE,TRUE,FALSE,FALSE,987.678904563949,549.296263316132,408.125227418548,427.360058933343,401.608241533923,636.549187418398,640.538704332355,686.790143753017,552.334390972009,516.931846686533,0.0887859098352894,0.121963326946725,0.0975567530647501,11,FALSE,0.00111861876382399,0.190347220365057
"RT0_ZT6_remainder_dataset","76288","Atp5mc1",822.984807958193,0.00321282561342951,"upregulated",1,0.834829782648576,0.997427599417093,0.830496138155434,0.992453901367047,0.000259154169168708,0.00605983660587683,2.21753908575496,0.0763215627875988,1,FALSE,FALSE,"weak_effect",0.0662881048995742,0.317911374366853,0.208511271518965,FALSE,FALSE,1,0.0763215627875988,FALSE,TRUE,FALSE,FALSE,304.291318479266,870.645696713626,958.299235289267,1150.58477405131,925.560715588114,932.96492223889,848.804596856297,617.829658007325,913.876931361524,706.990230996315,0.121659430228015,0.117772468972377,0.120158794738315,8,FALSE,0.00111861876382399,0.0806623826968546
"RT0_ZT6_remainder_dataset","53444","Sez6l2",642.827543335919,0.0179010242502445,"upregulated",1,0.330772285263062,0.997427599417093,0.31805386253386,0.980532461014184,0.00890574749676116,0.00605983660587683,2.21753908575496,0.0909411596692992,1,FALSE,FALSE,"weak_effect",0.256464431002692,0.26370050780435,0.972559488558034,FALSE,FALSE,1,0.0909411596692992,FALSE,TRUE,FALSE,FALSE,924.284879880769,481.468182218391,546.993811293431,810.599949839155,736.725052350309,799.890110982364,592.104775838416,537.610317446009,586.805187505821,411.793166004527,0.0610916830337407,0.120587868230041,0.0819409872513226,10,FALSE,0.00111861876382399,0.497499325863409
"RT0_ZT6_remainder_dataset","87418","Mprip",591.282700732876,0.0130722173874653,"upregulated",1,0.50017490472324,0.997427599417093,0.488828480658769,0.987246805381805,0.00406341378834249,0.00605983660587683,2.21753908575496,0.0324862129199628,1,FALSE,FALSE,"weak_effect",0.16508297114464,0.244852272968748,0.674214574947854,FALSE,FALSE,1,0.0324862129199628,FALSE,TRUE,FALSE,FALSE,806.371993970054,567.087235407343,447.34765187176,487.917152304465,819.174426440055,590.429397235631,494.026070638187,467.242474848364,591.615066091934,641.615538520964,0.0462442326742497,0.121709034634566,0.0702922174669617,9,FALSE,0.00111861876382399,0.310843498688969
"RT0_ZT6_remainder_dataset","74910","Cltc",1164.84638666253,0.017242348199753,"upregulated",1,0.376747642553925,0.997427599417093,0.364169449543622,0.982955660748274,0.0075641576399773,0.00605983660587683,2.21753908575496,0.050421339318725,1,FALSE,FALSE,"weak_effect",0.217097271660658,0.245611618297925,0.8839047320527,FALSE,FALSE,1,0.050421339318725,FALSE,TRUE,FALSE,FALSE,1839.69459630589,1017.42121646611,1223.31561672988,914.412109903934,1267.32666947625,840.244927392286,1243.54111408191,968.261514143598,1059.77658180696,1274.46952031843,0.0545263559342299,0.114824218842516,0.0715845076241226,10,FALSE,0.00111861876382399,0.438696490312477
"RT0_ZT6_remainder_dataset","394687","Hdac11",435.299825993544,-0.0084875663697824,"downregulated",1,0.611570227245225,0.997427599417093,0.602115818674945,0.989621399567574,0.00186998030803288,0.00605983660587683,2.21753908575496,0.0687520746445873,1,FALSE,FALSE,"weak_effect",-0.144381327018807,0.284308484695597,-0.507833338753126,FALSE,FALSE,1,0.0687520746445873,FALSE,TRUE,FALSE,FALSE,211.736042441822,406.968486586446,604.237349684604,487.917152304465,356.394068645998,463.599974233022,510.977945611066,356.061283544085,444.913769215479,510.192187668456,0.0773895592496244,0.126719381133049,0.0947310324837243,10,FALSE,0.00111861876382399,0.220319962939014
"RT0_ZT6_remainder_dataset","22349","Stx1b",361.618743752923,0.00358915227224129,"upregulated",1,0.830787991180299,0.997427599417093,0.82635167555841,0.992416341876141,0.000297307744207096,0.00605983660587683,2.21753908575496,0.0329551518255195,1,FALSE,FALSE,"weak_effect",0.0590778405778228,0.276463804024712,0.213691050031786,FALSE,FALSE,1,0.0329551518255195,FALSE,TRUE,FALSE,FALSE,339.791972301847,289.103296482175,618.018201519516,355.55664822187,242.028807811834,340.613867078977,388.682276163868,319.470005393309,392.005104768233,330.917257787598,0.0675098247754578,0.130589203916848,0.0889940626199092,9,FALSE,0.00111861876382399,0.0828350879695162
"RT0_ZT6_remainder_dataset","179133","Itm2b",496.689114045242,0.0101296100747358,"upregulated",1,0.553166076037736,0.997427599417093,0.542644675290069,0.988497040806596,0.00268925400149287,0.00605983660587683,2.21753908575496,0.0748219559064336,1,FALSE,FALSE,"weak_effect",0.167237498338459,0.282008676831326,0.593022527595797,FALSE,FALSE,1,0.0748219559064336,FALSE,TRUE,FALSE,FALSE,658.029976211412,598.221436566961,313.779395625689,567.506475020796,489.376930081072,530.858001582891,360.832767279852,641.754724490524,311.840461666345,494.690971926878,0.0769967555700631,0.124371944005165,0.0934777103919752,11,FALSE,0.00111861876382399,0.265484454154866
"RT0_ZT6_remainder_dataset","138554","Atp1b1",821.42309460237,0.00370565765601422,"upregulated",1,0.83666487326723,0.997427599417093,0.832377924541373,0.99247083265509,0.000295264749885029,0.00605983660587683,2.21753908575496,0.0249219079566719,1,FALSE,FALSE,"weak_effect",0.054526376658061,0.264483984099292,0.206161355455046,FALSE,FALSE,1,0.0249219079566719,FALSE,TRUE,FALSE,FALSE,1195.61130552478,899.556026361843,692.222788322889,814.925456508521,581.135104471273,870.991454180797,910.557855686071,1014.70429025804,688.614284245219,545.912380464266,0.0649524657011393,0.117791568257175,0.0827813966247401,10,FALSE,0.00111861876382399,0.0796794462126902
"RT0_ZT6_remainder_dataset","486431","Atcay",926.452657939094,0.0129728999395741,"upregulated",1,0.484408208672474,0.997427599417093,0.472846545295141,0.986821435524691,0.00421982203379744,0.00605983660587683,2.21753908575496,0.0527347977588101,1,FALSE,FALSE,"weak_effect",0.181192081292548,0.25913081720408,0.699230154280914,FALSE,FALSE,1,0.0527347977588101,FALSE,TRUE,FALSE,FALSE,703.673673983302,719.422433938335,1195.75391306006,895.379880558725,1409.61833121178,786.438505512391,799.159820150009,772.638911722144,831.30734896658,1151.13376028761,0.0648554309836152,0.116650541242145,0.0795567184257147,9,FALSE,0.00111861876382399,0.325279779652411
"RT0_ZT6_remainder_dataset","354252","Snap25",2232.29816420444,-0.00947849483634047,"downregulated",1,0.633106745645226,0.997427599417093,0.624081636313232,0.989983036282338,0.00194080329872228,0.00605983660587683,2.21753908575496,0.0213519669836495,1,FALSE,FALSE,"weak_effect",-0.11369888748826,0.238183355027141,-0.477358661251977,FALSE,FALSE,1,0.0213519669836495,FALSE,TRUE,FALSE,FALSE,1780.1042131037,1300.96483416979,2444.51110240824,2256.18427874121,2940.25106632948,2129.19698010441,2341.780442682,2301.028452943,2416.16234309091,2412.79792847169,0.0472750364398599,0.111430296401291,0.067682101845435,10,FALSE,0.00111861876382399,0.204758596405122
"RT0_ZT6_remainder_dataset","542254","Kif1a",503.276534608347,-0.0109351295138413,"downregulated",1,0.577119699308629,0.997427599417093,0.567017604630629,0.988986043136468,0.00269445371521308,0.00605983660587683,2.21753908575496,0.0221798239330358,1,FALSE,FALSE,"weak_effect",-0.132534042258079,0.237687926768806,-0.557596862658457,FALSE,FALSE,1,0.0221798239330358,FALSE,TRUE,FALSE,FALSE,428.543606858299,534.841098492023,686.922460694076,386.700296241304,363.043211717752,551.035409787851,549.725088406218,564.350097633114,540.309694506726,427.294381746105,0.03930851645684,0.12415407343227,0.0658199989277882,9,FALSE,0.00111861876382399,0.246403457023764
"RT0_ZT6_remainder_dataset","474067","Atxn7l3b",632.637752625653,0.0155383726436412,"upregulated",1,0.454091333868598,0.997427599417093,0.442159279286845,0.985919679411073,0.00550712955351759,0.00605983660587683,2.21753908575496,0.0221067090953248,1,FALSE,FALSE,"weak_effect",0.169755389299404,0.226760295440144,0.748611607556371,FALSE,FALSE,1,0.0221067090953248,FALSE,TRUE,FALSE,FALSE,832.997484336989,721.646305449736,488.690207376496,531.172218998123,773.96025355213,528.936343658609,649.014641818795,696.641641716687,588.408480367859,514.90994898111,0.0321935159337409,0.120795020735382,0.0601549092187582,9,FALSE,0.00111861876382399,0.354421256319355
"RT0_ZT6_remainder_dataset","341222","Sptan1",1234.51717722547,0.0486168215148501,"upregulated",1,0.0631817508504618,0.997427599417093,0.0564689811498202,0.899421935356958,0.0606830327810384,0.00605983660587683,2.21753908575496,0.0653237961990992,1,FALSE,FALSE,"weak_effect",0.379270928759324,0.204138447909296,1.85791031843176,FALSE,FALSE,1,0.0653237961990992,FALSE,TRUE,FALSE,FALSE,1233.64772033469,1611.19491001027,1540.27520893286,1481.91858492473,1109.07706436852,981.96719930808,1221.74584625963,1270.84323731347,1019.69426025602,874.807740546441,0.0228389346748799,0.114423666337375,0.049225271999214,9,FALSE,0.00111861876382399,1.24819004801667
"RT0_ZT6_remainder_dataset","257637","Calr",625.571930322051,0.0155119271361479,"upregulated",1,0.449907591853688,0.997427599417093,0.437929174752822,0.985785606130289,0.00556251690388345,0.00605983660587683,2.21753908575496,0.024430925605478,1,FALSE,FALSE,"weak_effect",0.174151750332827,0.230490833670996,0.755569093829616,FALSE,FALSE,1,0.024430925605478,FALSE,TRUE,FALSE,FALSE,625.065083376158,673.833067954607,867.133600073695,628.92866972579,518.633159596788,486.659869324406,601.791561537204,797.971335057296,501.029019386801,554.673937187767,0.0361174348741698,0.120942627024012,0.0621859796679902,9,FALSE,0.00111861876382399,0.358596121233768
"RT0_ZT6_remainder_dataset","170701","Ctbp1",351.751930390763,-0.00524376849755318,"downregulated",1,0.75482576355137,0.997427599417093,0.748512980370457,0.99163430631723,0.000659669558429455,0.00605983660587683,2.21753908575496,0.0462906550452473,1,FALSE,FALSE,"weak_effect",-0.0880289305907728,0.281888683460748,-0.312282598613189,FALSE,FALSE,1,0.0462906550452473,FALSE,TRUE,FALSE,FALSE,253.576098732721,213.491665094529,542.753549190381,391.890904244543,303.200924071968,346.859255332893,358.411070855155,312.433221133545,361.542540389515,433.360074862374,0.0721508972283506,0.131230507990081,0.0925371426919398,9,FALSE,0.00111861876382399,0.125800663918948
"RT0_ZT6_remainder_dataset","57254","Prpf19",1000.72439192653,-0.00509627586430857,"downregulated",1,0.781413339463971,0.997427599417093,0.775744708726389,0.991925604277361,0.000562023305784882,0.00605983660587683,2.21753908575496,0.0221798239330358,1,FALSE,FALSE,"weak_effect",-0.0705883261975028,0.254392805069545,-0.277477683294563,FALSE,FALSE,1,0.0221798239330358,FALSE,TRUE,FALSE,FALSE,531.241926845051,866.197953690823,1084.447032855,1132.41764603997,1267.32666947625,1117.44408296996,985.630444851677,934.484949696728,914.678577792543,1173.37463504727,0.0572229003561278,0.11598823270392,0.07670989896578,9,FALSE,0.00111861876382399,0.110281178010982
"RT0_ZT6_remainder_dataset","204278","Glud1",649.327375211265,-0.0034059500453407,"downregulated",1,0.852146741251809,0.997427599417093,0.848255645789843,0.99261072286655,0.000243434288804072,0.00605983660587683,2.21753908575496,0.0202775793815637,1,FALSE,FALSE,"weak_effect",-0.0472070236107507,0.253283681761567,-0.186380043445475,FALSE,FALSE,1,0.0202775793815637,FALSE,TRUE,FALSE,FALSE,464.04426068088,497.0352827982,820.490716940147,568.371576354669,844.441170112719,659.609082509782,709.55705243622,509.463180406951,826.497470380466,593.763959492615,0.0535576940039229,0.12045912676665,0.0754828264705671,10,FALSE,0.00111861876382399,0.0714732411114154
"RT0_ZT6_remainder_dataset","497499","Aco2",1071.27723279324,0.00628233124707122,"upregulated",1,0.772558426442282,0.997427599417093,0.766673599060985,0.991830850277508,0.000724915009410208,0.00605983660587683,2.21753908575496,0.00486341230538356,1,FALSE,FALSE,"weak_effect",0.061045834256351,0.211209341580086,0.289029991759165,FALSE,FALSE,1,0.00486341230538356,FALSE,TRUE,FALSE,FALSE,972.464338639986,1194.21900162252,858.653075867595,1311.49362215172,1133.01397942683,1285.58915134463,1113.98035536062,975.298298403362,1052.56176392779,815.49874118736,0.0271253654152794,0.115444140312727,0.052631871116291,9,FALSE,0.00111861876382399,0.115389491719043
"RT0_ZT6_remainder_dataset","25149","Drap1",256.660534488205,-0.00376526125184772,"downregulated",1,0.776540125316129,0.997427599417093,0.770752314477581,0.991873728997291,0.000425795180387585,0.00605983660587683,2.21753908575496,0.08343821673047,1,FALSE,FALSE,"weak_effect",-0.0895341679258604,0.315449200779689,-0.2838307014396,FALSE,FALSE,1,0.08343821673047,FALSE,TRUE,FALSE,FALSE,145.806256771315,180.133592423509,427.206406882273,216.275333468291,273.944694556252,233.481437800258,299.079508450079,211.103527792936,338.294793889968,241.279792847169,0.0980232577993365,0.139938542601841,0.115537973891132,11,FALSE,0.00111861876382399,0.113085162464792
"RT0_ZT6_remainder_dataset","65189","Flywch1",480.148847435849,-0.00911365659644734,"downregulated",1,0.592183600248395,0.997427599417093,0.582358520489795,0.989273068589707,0.00213997374992067,0.00605983660587683,2.21753908575496,0.0657932144416665,1,FALSE,FALSE,"weak_effect",-0.149960703780595,0.279947490792827,-0.535674398637751,FALSE,FALSE,1,0.0657932144416665,FALSE,TRUE,FALSE,FALSE,224.414847378458,534.841098492023,572.43538391173,500.893672312562,442.832928578796,621.656338505213,530.351517008642,519.314678370621,483.392797904385,371.355211896062,0.0743550028673864,0.12494534241063,0.0919937632307446,10,FALSE,0.00111861876382399,0.234809565981987
"RT0_ZT6_remainder_dataset","361367","Dpp6",459.486732866262,-0.0221186212208378,"downregulated",1,0.260827420004507,0.997427599417093,0.248340813456585,0.975203137048015,0.0133807019473756,0.00605983660587683,2.21753908575496,0.0717737738455674,1,FALSE,FALSE,"weak_effect",-0.274071583111927,0.243741029486015,-1.12443762008338,FALSE,FALSE,1,0.0717737738455674,FALSE,TRUE,FALSE,FALSE,267.522784163021,378.058156938228,575.615580489018,385.835194907431,473.418986708863,541.907534647512,496.447767062884,420.799698733918,565.96238029933,489.299244712416,0.0418044314209968,0.125719626626642,0.0691003344261709,9,FALSE,0.00111861876382399,0.604951900653272
"RT0_ZT6_remainder_dataset","208548","Slc25a4",684.401727667947,-0.00626835915939849,"downregulated",1,0.767177115142261,0.997427599417093,0.761161696153231,0.991772180639107,0.000742945201416915,0.00605983660587683,2.21753908575496,0.00585486518840596,1,FALSE,FALSE,"weak_effect",-0.0637213015306693,0.215224237365137,-0.296069356828819,FALSE,FALSE,1,0.00585486518840596,FALSE,TRUE,FALSE,FALSE,720.156120400929,751.668570853654,487.630141850733,666.99312841621,720.7671089781,598.116028932759,582.417990139628,713.529923940122,723.88672721005,878.851535957288,0.0270331768613342,0.119806613479739,0.0541451103068826,9,FALSE,0.00111861876382399,0.118523074783132
"RT0_ZT6_remainder_dataset","82859","Rogdi",437.767504722077,-0.0119345193466442,"downregulated",1,0.526895908367552,0.997427599417093,0.515946842263902,0.987909013382777,0.00342992167937381,0.00605983660587683,2.21753908575496,0.035331551309406,1,FALSE,FALSE,"weak_effect",-0.158152742185094,0.249944461160584,-0.632751537884585,FALSE,FALSE,1,0.035331551309406,FALSE,TRUE,FALSE,FALSE,330.916808846201,339.140405488705,593.636694426979,373.723776233207,432.19429966399,401.626506174929,467.38740996652,363.098067803849,467.359869284008,608.591209332385,0.0483344255427042,0.126612320178638,0.0726908036135919,9,FALSE,0.00111861876382399,0.287395041203587
"RT0_ZT6_remainder_dataset","69388","Sparc",558.495749138949,-0.00816650838510525,"downregulated",1,0.634200623999925,0.997427599417093,0.625197787937061,0.990000740526193,0.00166582534596548,0.00605983660587683,2.21753908575496,0.0549490035267886,1,FALSE,FALSE,"weak_effect",-0.131648925577029,0.276676370174769,-0.475822801541997,FALSE,FALSE,1,0.0549490035267886,FALSE,TRUE,FALSE,FALSE,673.244542135375,530.39335546922,760.066981971686,351.231141552505,349.744925574244,552.957067712133,622.375981147128,630.495869674901,670.978062762804,443.46956338949,0.0730616038535758,0.122529878396901,0.0901079045488973,11,FALSE,0.00111861876382399,0.203982567262619
"RT0_ZT6_remainder_dataset","442212","Ywhaq",316.445896309001,-0.00102211254377221,"downregulated",1,0.951359667979183,0.997427599417093,0.950065727333016,0.993397337606862,2.27382717150857e-05,0.00605983660587683,2.21753908575496,0.0299045385731972,1,FALSE,FALSE,"weak_effect",-0.0172956253651951,0.28353752052711,-0.0609994237554228,FALSE,FALSE,1,0.0299045385731972,FALSE,TRUE,FALSE,FALSE,308.094959960256,236.842315964243,510.951583417507,303.650568189481,212.772578296118,315.632314063311,387.471427951519,253.324233351523,360.740893958497,274.978087937556,0.0720722222252147,0.133852838852358,0.0933436110172312,9,FALSE,0.00111861876382399,0.022246348363134
"RT0_ZT6_remainder_dataset","313823","Amd1",636.475248573605,0.0211188938454318,"upregulated",1,0.34194459921895,0.997427599417093,0.329241144673678,0.981181500161319,0.0101895684420971,0.00605983660587683,2.21753908575496,0.0221067090953248,1,FALSE,FALSE,"weak_effect",0.205014341476257,0.21572963199832,0.950330001387356,FALSE,FALSE,1,0.0221067090953248,FALSE,TRUE,FALSE,FALSE,846.944169767289,558.191749361737,574.555514963255,576.157488359527,853.749970413174,576.497377284587,555.779329467961,592.497234672172,548.326158816915,682.053492629429,0.027642077754042,0.120716228066112,0.0543026766299421,9,FALSE,0.00111861876382399,0.482485897068002
"RT0_ZT6_remainder_dataset","8286","Tomm40",427.292980003804,-0.00620216985033846,"downregulated",1,0.689470559237336,0.997427599417093,0.681646821164435,0.990821205840559,0.00103229278600644,0.00605983660587683,2.21753908575496,0.0874856395139219,1,FALSE,FALSE,"weak_effect",-0.123053548226409,0.307962111048975,-0.399573661211978,FALSE,FALSE,1,0.0874856395139219,FALSE,TRUE,FALSE,FALSE,234.557891327767,277.983938925168,570.315252860205,380.644586904192,582.464933085623,400.185262731718,526.718972371597,301.174366317921,478.582919318272,520.301676195572,0.102542597303049,0.127075276005767,0.111515790440982,8,FALSE,0.00111861876382399,0.166440586265161
"RT0_ZT6_remainder_dataset","9067","Pld3",527.238157180058,0.0107837273767245,"upregulated",1,0.524746211962428,0.997427599417093,0.513763729721641,0.987858259524865,0.00311904819920462,0.00605983660587683,2.21753908575496,0.0851003367965728,1,FALSE,FALSE,"weak_effect",0.181268680061354,0.284992878200045,0.636046350372712,FALSE,FALSE,1,0.0851003367965728,FALSE,TRUE,FALSE,FALSE,455.169097225235,627.131766215179,701.763378054751,715.438803113107,300.541266843267,555.359140117485,621.16513293478,489.76018447961,456.938465680762,349.114337136407,0.0806067592215897,0.123407491946756,0.0956291687850667,11,FALSE,0.00111861876382399,0.289236558959821
"RT0_ZT6_remainder_dataset","247797","RGD1562987",912.634401284275,0.0104196798530905,"upregulated",1,0.538116077617809,0.997427599417093,0.527345368460579,0.988167266617378,0.00289567971180929,0.00605983660587683,2.21753908575496,0.0833296261652517,1,FALSE,FALSE,"weak_effect",0.175738628090653,0.285445520804865,0.615664339714025,FALSE,FALSE,1,0.0833296261652517,FALSE,TRUE,FALSE,FALSE,778.478623109454,1468.86713328059,659.360757024252,1265.64325145644,667.573964404071,738.877471886412,730.141472046144,949.96587506821,773.58880593322,1093.84665863396,0.0907557694189006,0.116785657527074,0.096752723503019,8,FALSE,0.00111861876382399,0.277904863934032
"RT0_ZT6_remainder_dataset","356384","Fkbp1a",855.385785724327,-0.0058684280136953,"downregulated",1,0.744844213657324,0.997427599417093,0.738293643053608,0.991519491795755,0.000773287870630459,0.00605983660587683,2.21753908575496,0.0271033164508558,1,FALSE,FALSE,"weak_effect",-0.0844394203256555,0.259458249154693,-0.325445117280936,FALSE,FALSE,1,0.0271033164508558,FALSE,TRUE,FALSE,FALSE,641.547529793785,751.668570853654,624.378594674091,1124.63173403511,1008.01008967786,810.459229565915,896.027677137889,1052.70292526077,1053.36341035881,591.068095885384,0.0608555221959587,0.117391947843637,0.0796613574738506,10,FALSE,0.00111861876382399,0.131770870977001
"RT0_ZT6_remainder_dataset","11408","Rps11",574.137135106317,0.0159727231660418,"upregulated",1,0.436046065003126,0.997427599417093,0.423922734415395,0.985322854487275,0.00595324623611539,0.00605983660587683,2.21753908575496,0.0267352395729551,1,FALSE,FALSE,"weak_effect",0.180070983841217,0.231190016645181,0.778887369161708,FALSE,FALSE,1,0.0267352395729551,FALSE,TRUE,FALSE,FALSE,702.405793489638,600.445308078363,471.729158964296,582.213197696639,694.170536691085,521.249711961481,446.802990356596,548.869172261632,428.079194164083,745.406287399356,0.0361161867555718,0.122126591389485,0.0624294238002944,9,FALSE,0.00111861876382399,0.372713292168743
"RT0_ZT6_remainder_dataset","90685","Git1",532.084367691486,-0.0100959038697118,"downregulated",1,0.540354683135374,0.997427599417093,0.529620337576061,0.988217494916108,0.00278682632000765,0.00605983660587683,2.21753908575496,0.0900201025657497,1,FALSE,FALSE,"weak_effect",-0.177901135543134,0.290556748191506,-0.61227672959046,FALSE,FALSE,1,0.0900201025657497,FALSE,TRUE,FALSE,FALSE,351.202896744819,626.019830459478,611.657808364941,526.846712328757,380.330983704311,445.824638433414,462.544017117126,526.351462630386,933.116445705978,456.948881425645,0.0864918003104106,0.123264671808315,0.0994680648334272,11,FALSE,0.00111861876382399,0.27603534621286
"RT0_ZT6_remainder_dataset","179130","Itm2b",874.441518736336,-0.0111876429177712,"downregulated",1,0.588030919860969,0.997427599417093,0.578128488167339,0.989195430128246,0.00266238636677625,0.00605983660587683,2.21753908575496,0.0159351534222535,1,FALSE,FALSE,"weak_effect",-0.121844127186647,0.224932615548579,-0.541691683482568,FALSE,FALSE,1,0.0159351534222535,FALSE,TRUE,FALSE,FALSE,764.531937679155,766.123735677763,1008.1223150001,665.262925748463,982.743346005196,787.879748955602,984.419596639329,1023.14843136976,1090.23914618568,671.944004102313,0.0347020561818397,0.117181324080441,0.0595971566808134,9,FALSE,0.00111861876382399,0.237975629571366
"RT0_ZT6_remainder_dataset","489682","Atp2b1",312.247639745316,0.012941127929109,"upregulated",1,0.485503124482077,0.997427599417093,0.473955925874447,0.98685187678847,0.00419631657293492,0.00605983660587683,2.21753908575496,0.050421339318725,1,FALSE,FALSE,"weak_effect",0.179632012098027,0.257544716916893,0.697478924236649,FALSE,FALSE,1,0.050421339318725,FALSE,TRUE,FALSE,FALSE,431.079367845626,308.006204329086,198.232253317581,287.21364284589,434.853956892691,300.259050669056,267.597454929018,303.989080021827,314.245400959401,276.999985642979,0.048408050025792,0.134204111918038,0.0764173813335135,9,FALSE,0.00111861876382399,0.324262042375455
"RT0_ZT6_remainder_dataset","496919","Atf4",927.699098811687,0.00695955264966851,"upregulated",1,0.764889268058222,0.997427599417093,0.7588185155945,0.991746983370104,0.000834186460820978,0.00605983660587683,2.21753908575496,0.00232632471846581,1,FALSE,FALSE,"weak_effect",0.0576948015937614,0.192916264203958,0.299066550100537,FALSE,FALSE,1,0.00232632471846581,FALSE,TRUE,FALSE,FALSE,992.750426538604,878.42924700353,813.070258259809,834.822787187603,1212.80369628787,871.471868661867,934.77481993304,916.18931062134,1017.28932096296,805.389252660244,0.0164629496223491,0.116638551334909,0.0436050888085609,8,FALSE,0.00111861876382399,0.119862080626793
"RT0_ZT6_remainder_dataset","559591","Map7d2",480.026748246796,0.0132943338485457,"upregulated",1,0.449568511547889,0.997427599417093,0.437586389387274,0.985774629615949,0.00477181760248687,0.00605983660587683,2.21753908575496,0.0838995083770546,1,FALSE,FALSE,"weak_effect",0.207957854958637,0.275027568761439,0.756134579144761,FALSE,FALSE,1,0.0838995083770546,FALSE,TRUE,FALSE,FALSE,504.616436478115,341.364277000106,380.563523748724,559.720563015937,787.258539695637,395.381117921013,346.30258873167,488.352827627657,435.294012043252,561.413596205844,0.0735805111235096,0.124949722126717,0.0887354917475475,10,FALSE,0.00111861876382399,0.358936194686346
"RT0_ZT6_remainder_dataset","536946","Chst10",322.979607230173,-0.00113954094865672,"downregulated",1,0.939545606715099,0.997427599417093,0.937938518408251,0.993312538457223,3.17084431690244e-05,0.00605983660587683,2.21753908575496,0.0527347977588101,1,FALSE,FALSE,"weak_effect",-0.0234324586588952,0.308968269497856,-0.0758409874806184,FALSE,FALSE,1,0.0527347977588101,FALSE,TRUE,FALSE,FALSE,159.752942201614,293.551039504977,450.527848449047,232.712258811881,465.440015022758,267.110451475192,334.194106608185,303.989080021827,376.773822578874,345.744507627368,0.0990379785844488,0.133324320766924,0.111503281015156,11,FALSE,0.00111861876382399,0.0278256285624505
"RT0_ZT6_remainder_dataset","218148","Psma2",446.776301957964,0.00816771042625009,"upregulated",1,0.674804468153833,0.997427599417093,0.666658102846143,0.990616772067889,0.00143830797912119,0.00605983660587683,2.21753908575496,0.0213519669836495,1,FALSE,FALSE,"weak_effect",0.101324489955383,0.241499860254685,0.41956334818797,FALSE,FALSE,1,0.0213519669836495,FALSE,TRUE,FALSE,FALSE,592.100190540904,531.505291224921,325.440116409076,432.550666936582,430.864471049639,415.558526125973,467.38740996652,399.689345954625,545.119573092839,327.54742827856,0.0410256583951849,0.126231510770064,0.0677779029673842,9,FALSE,0.00111861876382399,0.17609683792151
"RT0_ZT6_remainder_dataset","413023","Akr1a1",801.458690944618,-0.0386407676464311,"downregulated",1,0.1367564054259,0.997427599417093,0.12660846422678,0.952493917181282,0.0346815286873469,0.00605983660587683,2.21753908575496,0.0221067090953248,1,FALSE,FALSE,"weak_effect",-0.288354512030928,0.193789356305658,-1.48797910023559,FALSE,FALSE,1,0.0221067090953248,FALSE,TRUE,FALSE,FALSE,649.154812755767,654.930160107696,884.094648485894,725.820019119585,694.170536691085,937.288652568524,1023.16673943448,727.603492459651,925.099981395789,793.257866427705,0.0163763349118983,0.118042284688904,0.0438103878852818,8,FALSE,0.00111861876382399,0.897537259215142
"RT0_ZT6_remainder_dataset","279393","Ahcyl1",459.987563952961,0.0198180969043313,"upregulated",1,0.306460951812099,0.997427599417093,0.293756358094251,0.978956125442054,0.0105434797324804,0.00605983660587683,2.21753908575496,0.0712907587610313,1,FALSE,FALSE,"weak_effect",0.255129325650346,0.249472234851947,1.02267623409778,FALSE,FALSE,1,0.0712907587610313,FALSE,TRUE,FALSE,FALSE,565.474700173968,400.296872052242,377.383327171437,577.887691027274,581.135104471273,362.712933208219,374.152097615686,517.907321518668,311.840461666345,531.085130624496,0.0458820988440752,0.125700036072582,0.0725421714162353,9,FALSE,0.00111861876382399,0.532012724701941
"RT0_ZT6_remainder_dataset","94186","Psmb3",639.582077173705,-0.0124208962305331,"downregulated",1,0.542383573970841,0.997427599417093,0.531682405317372,0.988262655615592,0.0034076444534394,0.00605983660587683,2.21753908575496,0.0221798239330358,1,FALSE,FALSE,"weak_effect",-0.142846964080576,0.234478045516588,-0.609212533164308,FALSE,FALSE,1,0.0221798239330358,FALSE,TRUE,FALSE,FALSE,822.854440387681,642.698866794988,505.651255788695,401.407018917148,668.903793018421,695.159754108998,733.77401668319,572.794238744832,676.589587779936,675.987799513159,0.0390045271891886,0.120653130298011,0.0644320061874893,9,FALSE,0.00111861876382399,0.27434771132398
"RT0_ZT6_remainder_dataset","124000","Pitpnb",322.063445477913,-0.0117697229917733,"downregulated",1,0.525205314901113,0.997427599417093,0.514229948523977,0.987869134112066,0.00339959778849597,0.00605983660587683,2.21753908575496,0.0420939971334581,1,FALSE,FALSE,"weak_effect",-0.162201141029197,0.255297324724325,-0.635342110240855,FALSE,FALSE,1,0.0420939971334581,FALSE,TRUE,FALSE,FALSE,259.915501201039,270.200388635263,462.188569232434,220.600840137657,307.190409915021,307.945682366184,353.567678005761,302.581723169874,417.657790560837,318.785871555059,0.0476305863396798,0.133397137321842,0.0750956831877865,9,FALSE,0.00111861876382399,0.288842633838722
"RT0_ZT6_remainder_dataset","476243","Cox6c",1088.99011103065,-0.000322599717256057,"downregulated",1,0.985968069332773,0.998258791836416,0.985594346948312,0.99363383458363,2.0329576548263e-06,0.00605983660587683,2.21753908575496,0.00965927865864688,1,FALSE,FALSE,"weak_effect",-0.00416479011553612,0.236806360394889,-0.0175873237044439,FALSE,FALSE,1,0.00965927865864688,FALSE,TRUE,FALSE,FALSE,1021.91167789287,847.295045843912,963.599562918079,1027.74038464132,1577.17673661998,1102.0708195757,804.003212999403,1336.98900935526,1095.04902477179,1114.06563568819,0.0425620032550446,0.115318613115021,0.066419339113352,9,FALSE,0.000756856210782773,0.00630179614575633
"RT0_ZT6_remainder_dataset","140039","Rgs7",348.3403069271,0.00378989954495829,"upregulated",1,0.804229002672771,0.997427599417093,0.799124480456955,0.992159982668138,0.000369081508139205,0.00605983660587683,2.21753908575496,0.090323688281231,1,FALSE,FALSE,"weak_effect",0.0806559922890307,0.325386184231066,0.247877740966883,FALSE,FALSE,1,0.090323688281231,FALSE,TRUE,FALSE,FALSE,669.440900654384,282.431681947971,298.938478265015,215.410232134418,324.47818190158,340.613867078977,371.730401190989,364.505424655802,396.814983354346,219.038918087514,0.119985722389903,0.131460702722117,0.124249351598968,9,FALSE,0.00111861876382399,0.0973855649103403
"RT0_ZT6_remainder_dataset","171267","Xbp1",290.037105793768,-0.000742844400007784,"downregulated",1,0.960559113286564,0.997427599417093,0.959509434034207,0.99346189761078,1.33346147537404e-05,0.00605983660587683,2.21753908575496,0.0441808083564894,1,FALSE,FALSE,"weak_effect",-0.0149561281178861,0.302437462701898,-0.0494519692906821,FALSE,FALSE,1,0.0441808083564894,FALSE,TRUE,FALSE,FALSE,225.682727872122,262.416838345358,438.86712766566,261.260602829696,253.997265340991,330.044748495426,314.820535210609,282.878727242534,380.782054733969,149.620430201317,0.0900350812595847,0.136231704902912,0.106351921926368,11,FALSE,0.00111861876382399,0.017950750861958
"RT0_ZT6_remainder_dataset","528799","Rab6b",1136.38728068225,-0.0192834614847405,"downregulated",1,0.419775184974827,0.997427599417093,0.407499476543401,0.984740354939386,0.00751809991499268,0.00605983660587683,2.21753908575496,0.00486341230538356,1,FALSE,FALSE,"weak_effect",-0.153671605437373,0.190467830439563,-0.806811339651048,FALSE,FALSE,1,0.00486341230538356,FALSE,TRUE,FALSE,FALSE,827.925962362335,1026.31670251172,1186.2133233282,1131.5525447061,1207.48438183047,1161.64221522844,1003.7931680369,1296.17566064862,1202.46964652832,1320.29920164135,0.0148746441514877,0.115001965212309,0.0426700734233863,8,FALSE,0.00111861876382399,0.389872944799976
"RT0_ZT6_remainder_dataset","125631","Tecpr1",397.259162946254,-0.0171871643291958,"downregulated",1,0.414527246450131,0.997427599417093,0.402206642125038,0.984542649765134,0.00679839594101174,0.00605983660587683,2.21753908575496,0.0221798239330358,1,FALSE,FALSE,"weak_effect",-0.182804420976142,0.224038039779886,-0.815952599637746,FALSE,FALSE,1,0.0221798239330358,FALSE,TRUE,FALSE,FALSE,282.737350086984,312.453947351889,519.432107623607,348.635837550885,397.618755690871,433.333861925581,406.844999349095,402.50405965853,408.038033388611,460.992676836491,0.0278431838995116,0.128538077373405,0.0576994304740031,9,FALSE,0.00111861876382399,0.395550761649687
"RT0_ZT6_remainder_dataset","301570","Ensa",844.694194353454,-0.00769263405864416,"downregulated",1,0.700258145901657,0.997427599417093,0.692675845600742,0.990966033480896,0.00122674401827621,0.00605983660587683,2.21753908575496,0.0143402612660625,1,FALSE,FALSE,"weak_effect",-0.0875484329667456,0.227415054786895,-0.384972019767052,FALSE,FALSE,1,0.0143402612660625,FALSE,TRUE,FALSE,FALSE,486.866109566825,857.302467645218,887.274845063182,852.98991519894,1010.66974690656,797.007624095942,896.027677137889,837.377326911978,869.786377655486,951.639853352523,0.0356656633693632,0.117514284137933,0.0609078030031114,9,FALSE,0.00111861876382399,0.159469956444597
"RT0_ZT6_remainder_dataset","468975","Myl6",825.759531750958,-0.00587669889538785,"downregulated",1,0.715329333439304,0.997427599417093,0.708089900169314,0.991160951124602,0.00088098533484615,0.00605983660587683,2.21753908575496,0.0671620427134326,1,FALSE,FALSE,"weak_effect",-0.107612690087628,0.295065282977034,-0.364708070708557,FALSE,FALSE,1,0.0671620427134326,FALSE,TRUE,FALSE,FALSE,348.667135757492,777.243093234769,841.692027455396,815.790557842394,1191.52643845826,707.650530616831,860.913078979782,819.08168783659,853.753449035108,1041.27731829295,0.0951711884916362,0.117738713137635,0.103332963434616,8,FALSE,0.00111861876382399,0.149911600122573
"RT0_ZT6_remainder_dataset","415928","Nudc",549.357028252992,0.00428658852503346,"upregulated",1,0.84262342834576,0.997427599417093,0.838488437423014,0.992525291586839,0.000327936546912397,0.00605983660587683,2.21753908575496,0.00965927865864688,1,FALSE,FALSE,"weak_effect",0.0451656358022899,0.22749007239457,0.198538931070154,FALSE,FALSE,1,0.00965927865864688,FALSE,TRUE,FALSE,FALSE,557.867417211987,432.543008967561,738.865671456437,495.703064309323,565.177161099064,451.58961220626,556.990177680309,485.538113923752,509.04548369699,700.250571978238,0.031587637432894,0.122776133570848,0.0603089469640327,9,FALSE,0.00111861876382399,0.0765029218450207
"RT0_ZT6_remainder_dataset","456397","Kidins220",543.450579088463,-0.00497288137579323,"downregulated",1,0.816537652918375,0.997427599417093,0.811741363824511,0.99228089930683,0.000450455147858255,0.00605983660587683,2.21753908575496,0.00466471236385382,1,FALSE,FALSE,"weak_effect",-0.0490988574154688,0.211632582253933,-0.232000464638079,FALSE,FALSE,1,0.00466471236385382,FALSE,TRUE,FALSE,FALSE,510.955838946433,565.975299651642,680.562067539502,404.867424252641,509.324359296333,552.957067712133,515.82133846046,526.351462630386,670.978062762804,496.712869632301,0.0233009390590109,0.122939697011336,0.0519188788743359,9,FALSE,0.00111861876382399,0.0905823231680048
"RT0_ZT6_remainder_dataset","255015","Agt",319.954395689152,-0.00305859742139012,"downregulated",1,0.862466083815683,0.997427599417093,0.858840615336836,0.992701128919603,0.00020213482945822,0.00605983660587683,2.21753908575496,0.0232166445937916,1,FALSE,FALSE,"weak_effect",-0.0456487632234498,0.263506520742459,-0.173235801128676,FALSE,FALSE,1,0.0232166445937916,FALSE,TRUE,FALSE,FALSE,247.236696264403,247.96167352125,463.248634758196,271.641818836174,344.425611116841,268.071280437333,332.983258395837,278.656656686675,435.294012043252,310.024314831559,0.053146831768001,0.133566349581147,0.0802131561794484,9,FALSE,0.00111861876382399,0.0660874255776854
"RT0_ZT6_remainder_dataset","462521","Galnt16",347.624167111747,-0.000640939655409199,"downregulated",1,0.971326043879701,0.997427599417093,0.970562610247911,0.99353587496725,8.31711714120414e-06,0.00605983660587683,2.21753908575496,0.0143402612660625,1,FALSE,FALSE,"weak_effect",-0.00884927239104874,0.246187781270085,-0.0359452136308117,FALSE,FALSE,1,0.0143402612660625,FALSE,TRUE,FALSE,FALSE,309.36284045392,372.498478159725,486.570076324971,264.721008165188,299.211438228916,394.900703439942,418.95348147258,340.580358172603,319.856925976534,269.586360723094,0.0415210677970935,0.131509597067515,0.0698686668587119,9,FALSE,0.00111861876382399,0.0129764433687508
"RT0_ZT6_remainder_dataset","134642","Tmcc2",375.83549868607,-0.0159002477135155,"downregulated",1,0.445364944983765,0.997427599417093,0.433337551386294,0.985637154372698,0.00577455139591971,0.00605983660587683,2.21753908575496,0.0221067090953248,1,FALSE,FALSE,"weak_effect",-0.171623581816299,0.224883952176306,-0.763165090952104,FALSE,FALSE,1,0.0221067090953248,FALSE,TRUE,FALSE,FALSE,240.897293796085,376.946221182528,471.729158964296,364.207661560602,312.509724372424,392.49863103459,416.531785047883,410.948200770248,396.013336923327,376.072973208717,0.0266479683267319,0.129724382863304,0.0580103196321454,9,FALSE,0.00111861876382399,0.36317367502465
"RT0_ZT6_remainder_dataset","508153","Tspan3",603.015137659389,0.00163146914050818,"upregulated",1,0.933167526619179,0.997427599417093,0.931391675892555,0.993265848191813,5.03596148208477e-05,0.00605983660587683,2.21753908575496,0.0148203336404511,1,FALSE,FALSE,"weak_effect",0.020762666241369,0.247586440531051,0.0838602719794951,FALSE,FALSE,1,0.0148203336404511,FALSE,TRUE,FALSE,FALSE,753.121013236182,642.698866794988,498.230797108358,428.225160267216,714.117965906347,409.793552353127,594.526472263113,723.381421903792,598.829883971104,667.226242789658,0.0486336079461894,0.121436990511484,0.0719377960359612,10,FALSE,0.00111861876382399,0.0308676477969796
"RT0_ZT6_remainder_dataset","233773","Syt4",578.639097968662,-0.00710734767097826,"downregulated",1,0.706046275559248,0.997427599417093,0.698594904951338,0.991041890848848,0.00110714414184577,0.00605983660587683,2.21753908575496,0.0221067090953248,1,FALSE,FALSE,"weak_effect",-0.0932606285359302,0.247263293881556,-0.377171342628009,FALSE,FALSE,1,0.0221067090953248,FALSE,TRUE,FALSE,FALSE,542.652851288024,363.60299211412,743.105933559487,480.131240299606,670.233621632772,468.404119043727,615.110891873037,575.608952448737,718.275202192918,609.265175234193,0.0478472445461589,0.122014556574109,0.0716664858849132,9,FALSE,0.00111861876382399,0.155774586118338
"RT0_ZT6_remainder_dataset","273664","Ndufc1",284.250596765319,-0.0160760413269698,"downregulated",1,0.383390785674141,0.997427599417093,0.370849171755402,0.983257522811564,0.00692560179343478,0.00605983660587683,2.21753908575496,0.072779414454222,1,FALSE,FALSE,"weak_effect",-0.22687775466951,0.260280700068933,-0.871665684814215,FALSE,FALSE,1,0.072779414454222,FALSE,TRUE,FALSE,FALSE,211.736042441822,223.499086895835,404.945030841261,237.037765481247,232.720007511379,297.856978263703,348.724285156367,223.769739460512,336.69150102793,325.525530573136,0.0489005221881424,0.136811983022262,0.0777414000777391,9,FALSE,0.00111861876382399,0.430802686592757
"RT0_ZT6_remainder_dataset","408607","Brinp1",464.729576386039,0.00526498085721294,"upregulated",1,0.767076547721126,0.997427599417093,0.761058694059249,0.991771076244978,0.000624331162130204,0.00605983660587683,2.21753908575496,0.0319306414228231,1,FALSE,FALSE,"weak_effect",0.0795338761011847,0.268513147908172,0.296201049076317,FALSE,FALSE,1,0.0319306414228231,FALSE,TRUE,FALSE,FALSE,510.955838946433,303.558461306283,377.383327171437,454.178200283411,742.044366807712,389.616144148167,417.742633260232,510.870537258904,415.25285126778,525.693403410034,0.0641181878800891,0.125516639678324,0.0844114857249768,9,FALSE,0.00111861876382399,0.118581848455323
"RT0_ZT6_remainder_dataset","127710","Gtf2i",248.659316455195,-0.0130893702727267,"downregulated",1,0.539607159516901,0.997427599417093,0.528860642893166,0.988200769356337,0.00362128883622792,0.00605983660587683,2.21753908575496,0.0914686848113579,1,FALSE,FALSE,"weak_effect",-0.178921152497579,0.291684165223956,-0.61340715002545,FALSE,FALSE,1,0.0914686848113579,FALSE,TRUE,FALSE,FALSE,225.682727872122,212.379729338828,381.623589274487,174.750469442379,170.218062636895,214.745273038509,328.139865546443,323.692075949168,239.692282874645,215.669088578475,0.0774874551095585,0.140975036579257,0.0980500538247157,9,FALSE,0.00111861876382399,0.27665875139718
"RT0_ZT6_remainder_dataset","540378","Aamp",176.216210112879,-0.00108394190246107,"downregulated",1,0.940564091072836,0.997427599417093,0.938983972098756,0.99331993446007,2.96369452770929e-05,0.00605983660587683,2.21753908575496,0.0750373556433459,1,FALSE,FALSE,"weak_effect",-0.0246502499251974,0.330605619631167,-0.0745608920764805,FALSE,FALSE,1,0.0750373556433459,FALSE,TRUE,FALSE,FALSE,87.4837540627888,170.126170622203,297.878412739252,142.741720089072,175.537377094297,195.048279314619,177.994687215229,142.143042047243,231.675818564457,141.532839379625,0.108629740290023,0.154643540448978,0.125507228979473,11,FALSE,0.00111861876382399,0.0273418208206571
"RT0_ZT6_remainder_dataset","360624","Dnajc5",442.098154389855,-0.0169079015284505,"downregulated",1,0.4200103212941,0.997427599417093,0.407736673882634,0.984749096723165,0.00658766038368866,0.00605983660587683,2.21753908575496,0.0221067090953248,1,FALSE,FALSE,"weak_effect",-0.180422575207192,0.223737385611081,-0.806403340748864,FALSE,FALSE,1,0.0221067090953248,FALSE,TRUE,FALSE,FALSE,439.954531301271,346.92395577861,579.855842592067,340.849925546027,364.373040332102,459.756658384458,549.725088406218,455.983620032741,456.938465680762,426.620415844297,0.0284606822108703,0.126427322901082,0.0577985706360658,9,FALSE,0.00111861876382399,0.389620224165829
"RT0_ZT6_remainder_dataset","339547","Nkain4",399.076955748767,-0.0032821821047061,"downregulated",1,0.844809746257347,0.997427599417093,0.840730637963997,0.992545077772243,0.000247289858901367,0.00605983660587683,2.21753908575496,0.0349987006432749,1,FALSE,FALSE,"weak_effect",-0.0548331637294043,0.28012546188192,-0.195745018539292,FALSE,FALSE,1,0.0349987006432749,FALSE,TRUE,FALSE,FALSE,389.239311554727,420.311715654854,248.055333028416,430.820464268836,470.759329480161,426.608059190594,290.60357096364,346.209785580414,340.699733183024,627.462254583002,0.0724836363539864,0.12844328174424,0.0916955231507982,10,FALSE,0.00111861876382399,0.0753431257049373
"RT0_ZT6_remainder_dataset","486461","Sgta",545.900969422622,0.0153797711146663,"upregulated",1,0.424768113233061,0.997427599417093,0.412537069062968,0.984923884978927,0.00591409137204281,0.00605983660587683,2.21753908575496,0.059681470779414,1,FALSE,FALSE,"weak_effect",0.205014842224342,0.256854041911406,0.798176430079522,FALSE,FALSE,1,0.059681470779414,FALSE,TRUE,FALSE,FALSE,852.015691741944,414.75203687635,552.294138922243,465.424517623762,639.647563502705,410.273966834198,506.134552761672,468.649831700317,482.591151473366,667.226242789658,0.0552369271097778,0.122871410353585,0.0773806638812168,10,FALSE,0.00111861876382399,0.384537021256647
"RT0_ZT6_remainder_dataset","365564","Rps4x-ps9",374.522390014266,-0.00791554013581498,"downregulated",1,0.614360183443178,0.997427599417093,0.604960375596046,0.989669696190415,0.00172774924888448,0.00605983660587683,2.21753908575496,0.0968302194564602,1,FALSE,FALSE,"weak_effect",-0.153692626938473,0.305030782949885,-0.503859398884748,FALSE,FALSE,1,0.0968302194564602,FALSE,TRUE,FALSE,FALSE,200.32511799885,473.684631928486,434.62686556261,352.096242886378,309.850067143722,235.40309572454,461.333168904778,540.425031149915,407.236386957592,330.243291885791,0.0972767854469015,0.129801508647515,0.109011320346289,11,FALSE,0.00111861876382399,0.218273070345135
"RT0_ZT6_remainder_dataset","436079","Camk2n1",945.12656917185,-0.00835634175275628,"downregulated",1,0.653118058814182,0.997427599417093,0.644507231091489,0.990297411759889,0.00159415774765264,0.00605983660587683,2.21753908575496,0.0274976878307821,1,FALSE,FALSE,"weak_effect",-0.113281461533796,0.25205318075585,-0.449434762910313,FALSE,FALSE,1,0.0274976878307821,FALSE,TRUE,FALSE,FALSE,1195.61130552478,1116.38349872347,818.370585888622,722.359613784092,686.191565004981,890.208033423616,948.094150268874,1322.91544083573,1029.31401742824,721.817480836085,0.0520974223637489,0.116474223265269,0.0752232229090062,10,FALSE,0.00111861876382399,0.190772205687592
"RT0_ZT6_remainder_dataset","435956","Eif4g3",389.226958878212,-0.00601405757461973,"downregulated",1,0.6965952813669,0.997427599417093,0.688930620727082,0.990917368301557,0.000973221931194032,0.00605983660587683,2.21753908575496,0.0894919256816264,1,FALSE,FALSE,"weak_effect",-0.121033362452624,0.310405172675188,-0.38992057190772,FALSE,FALSE,1,0.0894919256816264,FALSE,TRUE,FALSE,FALSE,462.776380187216,220.163279628733,566.074990757155,288.078744179764,328.467667744632,465.041217676234,444.381293931899,260.361017611287,526.681705179405,330.243291885791,0.103991133546113,0.128967546951149,0.113096695778954,8,FALSE,0.00111861876382399,0.161824511840589
"RT0_ZT6_remainder_dataset","25748","Cox8a",710.168450871399,0.00777346713312746,"upregulated",1,0.646108131256001,0.997427599417093,0.637350563798502,0.990189532393887,0.00152065827774441,0.00605983660587683,2.21753908575496,0.0603633715379685,1,FALSE,FALSE,"weak_effect",0.129638131136925,0.282328056726678,0.459175516028955,FALSE,FALSE,1,0.0603633715379685,FALSE,TRUE,FALSE,FALSE,561.671058692978,1053.00316064854,505.651255788695,974.104101941183,614.380819830041,498.189816870097,587.261382989022,840.192040615883,622.077630470652,845.153240866901,0.0785746878256473,0.11936832381705,0.0943090905799671,12,FALSE,0.00111861876382399,0.195621625678967
"RT0_ZT6_remainder_dataset","470174","Tpgs1",188.375745808718,-0.00494969376375372,"downregulated",1,0.740923084632924,0.997427599417093,0.734279744156173,0.991473528846957,0.000663944259721038,0.00605983660587683,2.21753908575496,0.0968074014989208,1,FALSE,FALSE,"weak_effect",-0.106463799819234,0.322001684640248,-0.330631188896353,FALSE,FALSE,1,0.0968074014989208,FALSE,TRUE,FALSE,FALSE,136.93109331567,167.902299110801,310.599199048402,200.703509458574,90.4283457758502,184.479160731068,205.844196099245,160.438681122631,218.849475668155,207.581497756783,0.100329427002473,0.151615088702384,0.119114125342382,10,FALSE,0.00111861876382399,0.134138452076179
"RT0_ZT6_remainder_dataset","480728","Puf60",317.400634372045,-0.00864707654862796,"downregulated",1,0.590402997027792,0.997427599417093,0.580544659377858,0.989239913857049,0.00204213134916739,0.00605983660587683,2.21753908575496,0.0915685555416536,1,FALSE,FALSE,"weak_effect",-0.160689728318344,0.298539885433848,-0.538252126963955,FALSE,FALSE,1,0.0915685555416536,FALSE,TRUE,FALSE,FALSE,157.217181214287,282.431681947971,404.945030841261,289.80894684751,364.373040332102,286.807445199082,427.42941895902,219.547668904653,385.591933320082,355.853996154485,0.0870579211059353,0.133774251711919,0.103814342804714,11,FALSE,0.00111861876382399,0.236164365804234
"RT0_ZT6_remainder_dataset","482147","Rangap1",207.450186156982,0.00067292121653353,"upregulated",1,0.968104981785997,0.997427599417093,0.96725587888412,0.993513919572954,9.72951350593302e-06,0.00605983660587683,2.21753908575496,0.0324862129199628,1,FALSE,FALSE,"weak_effect",0.0115902233395444,0.289863344118485,0.039985129457441,FALSE,FALSE,1,0.0324862129199628,FALSE,TRUE,FALSE,FALSE,143.270495783988,152.335198530992,337.100837192463,201.568610792447,207.453263838715,215.225687519579,230.061160346215,156.216610566772,189.990204151475,241.279792847169,0.0690394755032487,0.147579680257849,0.096022466488807,10,FALSE,0.00111861876382399,0.0144586220004377
"RT0_ZT6_remainder_dataset","497844","Parvb",226.493186941883,-0.00960549954640466,"downregulated",1,0.598050802838772,0.997427599417093,0.588336261654432,0.989380901298733,0.00221286103506167,0.00605983660587683,2.21753908575496,0.0436768321226706,1,FALSE,FALSE,"weak_effect",-0.138982961595142,0.263621924698417,-0.527205625078941,FALSE,FALSE,1,0.0436768321226706,FALSE,TRUE,FALSE,FALSE,185.110552074887,185.693271202012,346.641426924326,185.99678678273,174.207548479947,250.295944637725,249.434731743791,223.769739460512,262.940029374193,200.841838738705,0.0474625765156958,0.144228938782168,0.0789517882380583,9,FALSE,0.00111861876382399,0.23037438338019
"RT0_ZT6_remainder_dataset","160688","-",345.873252702372,0.0164511593736131,"upregulated",1,0.364378119311161,0.997427599417093,0.351742337762471,0.98236410154866,0.00746513067367063,0.00605983660587683,2.21753908575496,0.0914686848113579,1,FALSE,FALSE,"weak_effect",0.243882839222595,0.268873492527814,0.907054231823788,FALSE,FALSE,1,0.0914686848113579,FALSE,TRUE,FALSE,FALSE,366.417462668782,340.252341244405,251.235529605704,393.62110691229,522.62264543984,276.238326615531,291.814419175988,443.317408365165,234.882404288532,338.330882707483,0.0624998524854878,0.131629993185808,0.0838913336790159,10,FALSE,0.00111861876382399,0.453775354316022
"RT0_ZT6_remainder_dataset","88794","Naa38",553.397863310694,0.00177664797064754,"upregulated",1,0.928849731603807,0.997427599417093,0.926959766645531,0.993233869227298,5.85212124829535e-05,0.00605983660587683,2.21753908575496,0.0156563616833193,1,FALSE,FALSE,"weak_effect",0.0222456788937837,0.249133642759556,0.0892921511818997,FALSE,FALSE,1,0.0156563616833193,FALSE,TRUE,FALSE,FALSE,490.669751047816,438.102687746065,697.523115951701,444.662085610806,718.107451749399,436.696763293075,513.399642035763,527.758819482339,516.260301576159,750.798014613818,0.0491242884554678,0.122666244761445,0.0727109450490387,10,FALSE,0.00111861876382399,0.032939115373331
"RT0_ZT6_remainder_dataset","21439","Ndufab1",724.494087091881,0.00885010825973134,"upregulated",1,0.616865324209634,0.997427599417093,0.607514804944283,0.989712685380201,0.00191554516780802,0.00605983660587683,2.21753908575496,0.050421339318725,1,FALSE,FALSE,"weak_effect",0.135689936833214,0.271218275388392,0.500297911853111,FALSE,FALSE,1,0.050421339318725,FALSE,TRUE,FALSE,FALSE,548.992253756342,610.452729879669,606.357480736129,798.488531164931,1228.76163966008,562.084942852472,583.628838351976,751.52855894285,705.448859296615,849.197036277747,0.0702404080360326,0.119138130767683,0.0869506194379454,11,FALSE,0.00111861876382399,0.216443133981072
"RT0_ZT6_remainder_dataset","11674","Cyth2",269.577678913893,-0.00435797303170475,"downregulated",1,0.777460580316442,0.997427599417093,0.771695243369925,0.991883577838178,0.00049050806656427,0.00605983660587683,2.21753908575496,0.0782864215439371,1,FALSE,FALSE,"weak_effect",-0.0881868151724399,0.312022275215269,-0.282629870292428,FALSE,FALSE,1,0.0782864215439371,FALSE,TRUE,FALSE,FALSE,117.912885910715,244.625866254148,358.302147707713,253.474690824837,332.457153587685,269.512523880544,302.712053087125,219.547668904653,368.757358268685,228.474440712822,0.0985982654260168,0.138395073289735,0.113146506347069,11,FALSE,0.00111861876382399,0.11255417667704
"RT0_ZT6_remainder_dataset","341875","Prrc2b",344.026523048244,-0.00213979848863265,"downregulated",1,0.883602915605711,0.997427599417093,0.880525471340097,0.992879599608224,0.000118241148560607,0.00605983660587683,2.21753908575496,0.075225433627596,1,FALSE,FALSE,"weak_effect",-0.0472978565133945,0.323065209755384,-0.146403435235899,FALSE,FALSE,1,0.075225433627596,FALSE,TRUE,FALSE,FALSE,169.895986150923,271.312324390964,438.86712766566,247.418981487725,565.177161099064,309.386925809395,342.670044094625,315.24793483745,337.493147458949,442.795597487682,0.11683863140419,0.131758305673867,0.122394631342274,8,FALSE,0.00111861876382399,0.0552580764911953
"RT0_ZT6_remainder_dataset","127512","Eif4h",405.538634523814,-0.00366031506047139,"downregulated",1,0.805757186302603,0.997427599417093,0.80069079054385,0.992175199291853,0.000353349124430191,0.00605983660587683,2.21753908575496,0.0845162330168885,1,FALSE,FALSE,"weak_effect",-0.0787710639652799,0.320333660165954,-0.24590317459761,FALSE,FALSE,1,0.0845162330168885,FALSE,TRUE,FALSE,FALSE,526.170404870397,480.35624646269,548.053876819194,224.06124547315,194.154977695208,502.033132718661,387.471427951519,413.762914474154,416.054497698799,363.26762107437,0.11631888955814,0.128113192793693,0.120729938224976,9,FALSE,0.00111861876382399,0.0965351666707853
"RT0_ZT6_remainder_dataset","65498","Mapk8ip3",485.82207379788,-0.0288598564225528,"downregulated",1,0.165923909170505,0.997427599417093,0.154932387622819,0.960838619904079,0.0233723794344918,0.00605983660587683,2.21753908575496,0.0926406995857596,1,FALSE,FALSE,"weak_effect",-0.330891028847276,0.238837966927242,-1.38542055563585,FALSE,FALSE,1,0.0926406995857596,FALSE,TRUE,FALSE,FALSE,277.66582811233,416.975908387752,524.732435252419,460.233909620523,472.089158094512,483.777382437983,487.971829576445,522.129392074527,496.219140800687,716.425753621623,0.0377726374037498,0.12474427046248,0.0663673448938863,9,FALSE,0.00111861876382399,0.809857786271842
"RT0_ZT6_remainder_dataset","194721","Nisch",462.28961218616,-0.0146883296085278,"downregulated",1,0.480951001052298,0.997427599417093,0.469344147906172,0.986724398385144,0.00482524249080492,0.00605983660587683,2.21753908575496,0.02093219237215,1,FALSE,FALSE,"weak_effect",-0.158222744294761,0.224501448541566,-0.704773823610614,FALSE,FALSE,1,0.02093219237215,FALSE,TRUE,FALSE,FALSE,323.30952588422,457.005595592976,536.393156035806,421.304349596231,448.152243036199,548.152922901428,446.802990356596,401.096702806577,432.087426319177,608.591209332385,0.0287730935988266,0.125610534904917,0.0583178046346292,9,FALSE,0.00111861876382399,0.328508592835734
"RT0_ZT6_remainder_dataset","435790","Rap1gap",376.246779394685,-0.00654651246630202,"downregulated",1,0.683982368322423,0.997427599417093,0.676037126284003,0.990745745885912,0.00111309993387659,0.00605983660587683,2.21753908575496,0.0735175243965449,1,FALSE,FALSE,"weak_effect",-0.120730663153975,0.296610114471012,-0.407034882708877,FALSE,FALSE,1,0.0735175243965449,FALSE,TRUE,FALSE,FALSE,176.235388619241,362.491056358419,440.987258717185,497.433266977069,324.47818190158,491.944428616181,365.676160129246,429.243839845636,393.608397630271,280.369815152018,0.0880845820362054,0.1297003368957,0.102948920949799,11,FALSE,0.00111861876382399,0.170029453026515
"RT0_ZT6_remainder_dataset","393514","Rtkn",278.44221697642,-0.00185671217303381,"downregulated",1,0.895841994273822,0.997427599417093,0.893084031614724,0.992979023788681,9.11788193921829e-05,0.00605983660587683,2.21753908575496,0.0887780658457134,1,FALSE,FALSE,"weak_effect",-0.0441157557014916,0.336978341706641,-0.130915700629499,FALSE,FALSE,1,0.0887780658457134,FALSE,TRUE,FALSE,FALSE,119.180766404379,369.162670892623,344.521295872801,312.301581528212,224.741035825275,307.945682366184,389.893124376216,247.694805943711,299.815765201062,169.165441353742,0.129845665033164,0.137418709635533,0.132728170769954,8,FALSE,0.00111861876382399,0.0491076757703374
"RT0_ZT6_remainder_dataset","526143","Gnb5",304.154291076307,-0.00567139785699481,"downregulated",1,0.732552726488351,0.997427599417093,0.72571260423473,0.991373740935642,0.000789658974817644,0.00605983660587683,2.21753908575496,0.0456219854884565,1,FALSE,FALSE,"weak_effect",-0.0953488964208477,0.279016737759027,-0.3417318157565,FALSE,FALSE,1,0.0456219854884565,FALSE,TRUE,FALSE,FALSE,168.62810565726,266.864581368161,394.344375583636,266.451210832935,375.011669246908,290.170346566575,325.718169121746,230.806523720276,336.69150102793,386.85642763764,0.0666481362988142,0.134908658392527,0.0901466880680009,10,FALSE,0.00111861876382399,0.139235333991552
"RT0_ZT6_remainder_dataset","277030","Fdps",409.186483267059,-0.0220439649712916,"downregulated",1,0.31011395118096,0.997427599417093,0.297403046078793,0.979208795746657,0.0116095552817972,0.00605983660587683,2.21753908575496,0.0243317636421086,1,FALSE,FALSE,"weak_effect",-0.220131713836046,0.21688217727226,-1.01498295804964,FALSE,FALSE,1,0.0243317636421086,FALSE,TRUE,FALSE,FALSE,270.058545150348,393.625257518038,474.909355541584,390.160701576797,360.38355448905,435.255519849863,525.508124159248,398.281989102672,439.302244198347,404.379541084642,0.0226289196642987,0.127931449741984,0.0539768587456135,9,FALSE,0.00111861876382399,0.526654587635058
"RT0_ZT6_remainder_dataset","194695","Spcs1",430.54429673834,0.00758835563717531,"upregulated",1,0.715321137591526,0.997427599417093,0.708081516167271,0.991160847391398,0.00113762155679078,0.00605983660587683,2.21753908575496,0.0113130294717952,1,FALSE,FALSE,"weak_effect",0.0815675546583788,0.223644898352273,0.364719049078857,FALSE,FALSE,1,0.0113130294717952,FALSE,TRUE,FALSE,FALSE,422.204204389981,380.28202844963,326.500181934839,559.720563015937,525.282302668542,486.659869324406,444.381293931899,385.615777435096,379.178761871931,395.617984361141,0.0283404887932154,0.126929162558064,0.0577185173230334,9,FALSE,0.00111861876382399,0.149916742333158
"RT0_ZT6_remainder_dataset","405965","Dctn3",369.962086581721,-0.00287449570630249,"downregulated",1,0.846936443701667,0.997427599417093,0.842911757634325,0.99256422470083,0.000213339001020164,0.00605983660587683,2.21753908575496,0.0759608841374065,1,FALSE,FALSE,"weak_effect",-0.0615727981380588,0.318982507307478,-0.193028760911666,FALSE,FALSE,1,0.0759608841374065,FALSE,TRUE,FALSE,FALSE,134.395332328342,344.700084267208,431.446668985323,517.330597656152,381.660812318662,396.341946883154,394.73651722561,379.986350027284,299.815765201062,419.206790924412,0.113090570637026,0.130073611592335,0.119453717434502,8,FALSE,0.00111861876382399,0.0742178882203257
"RT0_ZT6_remainder_dataset","187519","Psme1",190.506036224084,-0.00406647817334326,"downregulated",1,0.78670633398459,0.997427599417093,0.781167686973921,0.991981208409584,0.000436153083456061,0.00605983660587683,2.21753908575496,0.0843963300207808,1,FALSE,FALSE,"weak_effect",-0.0859751015938985,0.317731916728241,-0.27059007001627,FALSE,FALSE,1,0.0843963300207808,FALSE,TRUE,FALSE,FALSE,95.0910370247705,161.230684576597,290.457954058915,162.639050768155,214.102406910469,168.145068374671,214.320133585684,195.622602421454,256.526857926042,146.924566594086,0.0959803833997494,0.151124316907613,0.115892539529869,10,FALSE,0.00111861876382399,0.107255729617621
"RT0_ZT6_remainder_dataset","522218","Cryab",151.015336385728,0.00144731676179873,"upregulated",1,0.922164253396593,0.997427599417093,0.920097830686024,0.993183752506417,5.23436482123874e-05,0.00605983660587683,2.21753908575496,0.08343821673047,1,FALSE,FALSE,"weak_effect",0.0327431728773422,0.335112898413424,0.0977078860060688,FALSE,FALSE,1,0.08343821673047,FALSE,TRUE,FALSE,FALSE,130.591690847351,144.551648241087,272.436840120953,107.272565400272,107.71611776241,145.565587764358,118.663124810153,219.547668904653,149.907882600531,113.900237405507,0.108596001833319,0.162472845143872,0.128152663418663,11,FALSE,0.00111861876382399,0.0361659932324244
"RT0_ZT6_remainder_dataset","63385","Snn",300.100153418263,-0.0109312961524688,"downregulated",1,0.515930567067243,0.997427599417093,0.504813654263322,0.987645652453223,0.00324516193817877,0.00605983660587683,2.21753908575496,0.0783677305286934,1,FALSE,FALSE,"weak_effect",-0.181912165428458,0.280023812765374,-0.649631056844721,FALSE,FALSE,1,0.0783677305286934,FALSE,TRUE,FALSE,FALSE,150.877778745969,262.416838345358,375.263196119912,242.228373484486,375.011669246908,282.964129350518,339.037499457579,312.433221133545,378.377115440912,282.391712857441,0.0672407346174956,0.135275866983672,0.0907540364853806,10,FALSE,0.00111861876382399,0.296868906753191
"RT0_ZT6_remainder_dataset","121294","Ran",524.43142298987,0.00809850352790009,"upregulated",1,0.673247179731428,0.997427599417093,0.665066950419709,0.99059453412492,0.00143452545262823,0.00605983660587683,2.21753908575496,0.0229860502236872,1,FALSE,FALSE,"weak_effect",0.104055617410721,0.246755254243174,0.421695650331221,FALSE,FALSE,1,0.0229860502236872,FALSE,TRUE,FALSE,FALSE,439.954531301271,649.370481329192,379.503458222962,682.564952425927,563.847332484713,529.89717262075,496.447767062884,610.79287374756,530.689937334499,361.245723368946,0.0466217879607831,0.123491414802434,0.0711962603825919,9,FALSE,0.00111861876382399,0.17713463329196
"RT0_ZT6_remainder_dataset","441065","Efr3b",272.613073182618,-0.00413303606866677,"downregulated",1,0.784559750673461,0.997427599417093,0.778968321985384,0.991958749945628,0.000448352592811002,0.00605983660587683,2.21753908575496,0.0977495226093785,1,FALSE,FALSE,"weak_effect",-0.0899266213687161,0.328941521515476,-0.273381788210903,FALSE,FALSE,1,0.0977495226093785,FALSE,TRUE,FALSE,FALSE,232.02213034044,339.140405488705,365.72260638805,152.257834761677,231.390178897028,294.013662415139,283.338481689549,284.286084094487,402.426508371478,141.532839379625,0.119282283935075,0.138053598214684,0.126211136429574,9,FALSE,0.00111861876382399,0.108480203260271
"RT0_ZT6_remainder_dataset","366531","Ndufa5",581.348385600918,0.020871611988317,"upregulated",1,0.374496451802008,0.997427599417093,0.361906747839227,0.982850924155045,0.00921279881058018,0.00605983660587683,2.21753908575496,0.0101010661509547,1,FALSE,FALSE,"weak_effect",0.175620694185003,0.197752711374946,0.88808235782932,FALSE,FALSE,1,0.0101010661509547,FALSE,TRUE,FALSE,FALSE,732.834925337565,573.758849941546,540.633418138856,625.468264390298,611.72116260134,621.175924024143,437.116204657808,593.904591524125,591.615066091934,485.25544930157,0.0155415036064124,0.121947970198495,0.0452253176129145,8,FALSE,0.00111861876382399,0.441403319290196
"RT0_ZT6_remainder_dataset","105796","Gsk3b",360.848809915189,-0.0020400284487155,"downregulated",1,0.883268703222294,0.997427599417093,0.880182555705225,0.992876845288654,0.000113073152449327,0.00605983660587683,2.21753908575496,0.0964792171701457,1,FALSE,FALSE,"weak_effect",-0.0502199432619641,0.342035182968788,-0.146826834672581,FALSE,FALSE,1,0.0964792171701457,FALSE,TRUE,FALSE,FALSE,164.824464176269,207.931986316026,452.647979500572,397.946613581656,549.219217726855,261.345477702346,427.42941895902,313.840577985497,454.533526387706,378.768836815948,0.142063513236345,0.130637985029733,0.137686603108247,9,FALSE,0.00111861876382399,0.0554272429487553
"RT0_ZT6_remainder_dataset","258011","Scoc",366.076836336345,0.00539925234435487,"upregulated",1,0.762648706681105,0.997427599417093,0.75652387431587,0.991722158047497,0.000654267155841433,0.00605983660587683,2.21753908575496,0.031225793430269,1,FALSE,FALSE,"weak_effect",0.0805893472309088,0.266848252883739,0.302004402727044,FALSE,FALSE,1,0.031225793430269,FALSE,TRUE,FALSE,FALSE,422.204204389981,331.3568551988,278.797233275528,563.18096835143,284.583323471058,343.97676844647,288.181874538943,455.983620032741,311.038815235326,381.464700423178,0.0597013350134017,0.130310783930138,0.0827544022843605,10,FALSE,0.00111861876382399,0.121177361996332
"RT0_ZT6_remainder_dataset","196839","Gdf1",230.6594479963,-0.0140692370233608,"downregulated",1,0.425179666075695,0.997427599417093,0.41295238723601,0.984938819099403,0.00540399420702085,0.00605983660587683,2.21753908575496,0.0841628747138679,1,FALSE,FALSE,"weak_effect",-0.216943914931159,0.272041129743246,-0.797467335677924,FALSE,FALSE,1,0.0841628747138679,FALSE,TRUE,FALSE,FALSE,117.912885910715,192.364885736216,312.719330099927,215.410232134418,227.400693053976,246.452628789161,243.380490682048,282.878727242534,234.882404288532,233.192202025477,0.0539669461001531,0.143569621293679,0.0844197148300006,9,FALSE,0.00111861876382399,0.384100018931229
"RT0_ZT6_remainder_dataset","335994","Snph",744.078276920518,0.00590771394248854,"upregulated",1,0.784493611810859,0.997427599417093,0.778900558289016,0.991958055989606,0.000641093212245482,0.00605983660587683,2.21753908575496,0.00486341230538356,1,FALSE,FALSE,"weak_effect",0.0582264391388656,0.212918782411625,0.273467838202735,FALSE,FALSE,1,0.00486341230538356,FALSE,TRUE,FALSE,FALSE,587.02866856625,618.236280169573,863.953403496408,819.250963177886,906.943114987204,644.716233596596,655.068882880537,748.713845238945,716.67190933088,880.199467760903,0.0260675155823925,0.118837781452031,0.0530854977254829,9,FALSE,0.00111861876382399,0.108517984873085
"RT0_ZT6_remainder_dataset","21819","Spns1",452.587628339389,0.010901895689537,"upregulated",1,0.514955705102205,0.997427599417093,0.503824187177864,0.987621689917524,0.00324572314578194,0.00605983660587683,2.21753908575496,0.0857125304878169,1,FALSE,FALSE,"weak_effect",0.185207635828054,0.284435688293062,0.651140638994743,FALSE,FALSE,1,0.0857125304878169,FALSE,TRUE,FALSE,FALSE,512.223719440097,386.953642983834,391.164179006349,652.286405740366,466.769843637109,451.109197725189,354.77852621811,312.433221133545,317.451986683477,680.705560825813,0.0797772278034005,0.12599390500826,0.0949321091820863,11,FALSE,0.00111861876382399,0.297720987084565
"RT0_ZT6_remainder_dataset","416764","Cdc42",247.474252232993,0.00963755094907346,"upregulated",1,0.561229317248788,0.997427599417093,0.550846055971226,0.988666363849559,0.00249583421527436,0.00605983660587683,2.21753908575496,0.0865328004731747,1,FALSE,FALSE,"weak_effect",0.168985944612629,0.290845333588816,0.581016523550397,FALSE,FALSE,1,0.0865328004731747,FALSE,TRUE,FALSE,FALSE,353.738657732146,305.782332817685,163.250090967419,250.879386823218,235.379664740081,236.844339167751,202.211651462199,313.840577985497,264.543322236231,148.272498397702,0.0744168924623229,0.141134250720328,0.0974991352709323,10,FALSE,0.00111861876382399,0.25896975574633
"RT0_ZT6_remainder_dataset","251977","Ndufb7",299.135644275805,-0.0173776476310078,"downregulated",1,0.385821060413573,0.997427599417093,0.373293789422515,0.983365341686338,0.00743675101802796,0.00605983660587683,2.21753908575496,0.0506780396590125,1,FALSE,FALSE,"weak_effect",-0.214328543296893,0.247144154896703,-0.867220765898649,FALSE,FALSE,1,0.0506780396590125,FALSE,TRUE,FALSE,FALSE,225.682727872122,286.879424970773,381.623589274487,225.791448140896,265.965722870148,321.877702317228,322.0856244847,235.028594276135,316.650340252458,409.771268299103,0.0410556193923628,0.135364694286085,0.0699207565947154,9,FALSE,0.00111861876382399,0.427949235474092
"RT0_ZT6_remainder_dataset","331963","Srp14",295.231720910142,0.0116529123367917,"upregulated",1,0.524752646429057,0.997427599417093,0.513770263841383,0.987858412068388,0.00337038390265046,0.00605983660587683,2.21753908575496,0.050421339318725,1,FALSE,FALSE,"weak_effect",0.166312015710468,0.261481882641443,0.636036478055052,FALSE,FALSE,1,0.050421339318725,FALSE,TRUE,FALSE,FALSE,311.898601441247,274.648131658066,205.652711997918,392.756005578417,376.341497861259,323.79936024151,325.718169121746,242.065378535899,300.61741163208,198.819941033282,0.0510675551549788,0.13573015828998,0.0786873779319552,9,FALSE,0.00111861876382399,0.28923103557633
"RT0_ZT6_remainder_dataset","352828","Sirpa",317.234913737712,0.00703253141472132,"upregulated",1,0.679003511510848,0.997427599417093,0.670948837976673,0.990676218569933,0.00121881220335051,0.00605983660587683,2.21753908575496,0.0561155315078794,1,FALSE,FALSE,"weak_effect",0.116915809529235,0.282525915603076,0.41382330990652,FALSE,FALSE,1,0.0561155315078794,FALSE,TRUE,FALSE,FALSE,458.972738706226,272.424260146664,262.896250389091,293.269352183003,363.043211717752,225.314391622059,240.958794257351,371.542208915567,244.502161460759,439.425767978644,0.0687233460226796,0.13378785871008,0.0926714956291764,9,FALSE,0.00111861876382399,0.173310594930177
"RT0_ZT6_remainder_dataset","330396","-",180.093872492447,0.00681581722204192,"upregulated",1,0.690725138070306,0.997427599417093,0.682929302625605,0.990838284892445,0.00112886463254506,0.00605983660587683,2.21753908575496,0.0509980179301672,1,FALSE,FALSE,"weak_effect",0.111331053056964,0.279816825157435,0.397871189462339,FALSE,FALSE,1,0.0509980179301672,FALSE,TRUE,FALSE,FALSE,154.68142022696,185.693271202012,295.758281687727,127.169896079355,171.547891251245,185.439989693209,165.886205091744,197.029959273406,179.568800548229,138.163009870586,0.0560955108810412,0.153633358258498,0.088413765838309,9,FALSE,0.00111861876382399,0.165624252495267
"RT0_ZT6_remainder_dataset","287661","Sgtb",368.737154528635,0.0228616779845529,"upregulated",1,0.275281641586726,0.997427599417093,0.26269669152143,0.976526429701489,0.0132722419172975,0.00605983660587683,2.21753908575496,0.0457308937873179,1,FALSE,FALSE,"weak_effect",0.251936886890878,0.230927116076434,1.09098009437527,FALSE,FALSE,1,0.0457308937873179,FALSE,TRUE,FALSE,FALSE,379.096267605418,425.871394433357,279.85729880129,427.360058933343,490.706758695422,270.473352842685,328.139865546443,419.392341881965,312.642108097364,353.832098449061,0.0311129582142623,0.130147847220291,0.06129532309679,9,FALSE,0.00111861876382399,0.580545396810559
"RT0_ZT6_remainder_dataset","122229","Arpc3",534.535988135379,0.00385222496147156,"upregulated",1,0.901036486700244,0.997427599417093,0.898414542651428,0.993020390190037,0.000179217935403684,0.00605983660587683,2.21753908575496,0.020936914538795,1,FALSE,FALSE,"weak_effect",0.0321805583671272,0.258785777007116,0.124352113703074,FALSE,FALSE,1,0.020936914538795,FALSE,TRUE,FALSE,FALSE,432.34724833929,572.646914185846,397.524572160924,540.688333670728,760.661967408622,488.581527248688,408.055847561444,502.426396147186,497.020787231706,745.406287399356,0.0551962032564319,0.123193407792406,0.0785355896334691,10,FALSE,0.00111861876382399,0.0465232267575625
"RT0_ZT6_remainder_dataset","69714","Guk1",578.002920814395,-0.0153723978634153,"downregulated",1,0.382835358229045,0.997427599417093,0.370290538055109,0.983232688018758,0.00663253458688008,0.00605983660587683,2.21753908575496,0.0954882894896184,1,FALSE,FALSE,"weak_effect",-0.23869080350259,0.273513450598013,-0.872683968487523,FALSE,FALSE,1,0.0954882894896184,FALSE,TRUE,FALSE,FALSE,275.130067125003,654.930160107696,559.714597602581,449.852693614045,712.788137291996,714.376333351817,627.219373996522,541.832388001868,541.912987368764,702.272469683661,0.0701359781350924,0.122030282447277,0.0880652251247579,10,FALSE,0.00111861876382399,0.431457385231021
"RT0_ZT6_remainder_dataset","510753","Tmod2",290.367322686051,0.0205090287170945,"upregulated",1,0.312116622569614,0.997427599417093,0.299402908822241,0.979344802176951,0.0107414804210425,0.00605983660587683,2.21753908575496,0.049079212785972,1,FALSE,FALSE,"weak_effect",0.239703487539731,0.237144535648453,1.01079068461047,FALSE,FALSE,1,0.049079212785972,FALSE,TRUE,FALSE,FALSE,452.633336237908,237.954251719944,254.415726182991,307.976074858846,319.158867444177,247.413457751302,262.754062079624,288.508154650345,286.187775873741,246.671520061631,0.031872621167931,0.136199287927576,0.0640503678083269,9,FALSE,0.00111861876382399,0.523743984623189
"RT0_ZT6_remainder_dataset","499069","Cntn1",520.952051292246,0.00109780294808399,"upregulated",1,0.946385575098109,0.997427599417093,0.944959708838819,0.993361897446265,2.69913611078068e-05,0.00605983660587683,2.21753908575496,0.0579384695815542,1,FALSE,FALSE,"weak_effect",0.0211669249988071,0.314766830233191,0.067246364501386,FALSE,FALSE,1,0.0579384695815542,FALSE,TRUE,FALSE,FALSE,649.154812755767,493.699475531098,679.502002013739,471.480226960874,329.797496358983,551.515824268922,651.436338243492,408.133487066342,716.67190933088,258.128940392363,0.113184909619224,0.123596705226718,0.117050026987635,9,FALSE,0.00111861876382399,0.0245867085299006
"RT0_ZT6_remainder_dataset","240798","Ttr",1330.04939149824,0.0101345483287885,"upregulated",1,0.565402445316119,0.997427599417093,0.555091892200049,0.988752078494423,0.00259074643791093,0.00605983660587683,2.21753908575496,0.0267398159794028,1,FALSE,FALSE,"weak_effect",0.13967891948664,0.242989307371089,0.574835662514665,FALSE,FALSE,1,0.0267398159794028,FALSE,TRUE,FALSE,FALSE,1573.43969263654,1136.39834232609,1614.47979573623,1023.41487797195,1626.38039535095,1527.71804980416,1502.66263152449,848.636181727601,1147.95768921904,1299.40625868531,0.0494354161561971,0.113942650422375,0.0701546211264026,10,FALSE,0.00111861876382399,0.255635116026984
"RT0_ZT6_remainder_dataset","3082","Tppp",1139.33227528078,-0.0193647875063872,"downregulated",1,0.443445982064709,0.997427599417093,0.431398330790319,0.985573521976934,0.00707050102924936,0.00605983660587683,2.21753908575496,0.00229937682222906,1,FALSE,FALSE,"weak_effect",-0.13406598296181,0.17493245367449,-0.7663871405547,FALSE,FALSE,1,0.00229937682222906,FALSE,TRUE,FALSE,FALSE,935.695804323742,961.824428681081,1188.33345437972,1174.80761139976,1171.579009243,1294.71702648497,1146.67325709403,1175.14297138067,1281.03099676817,1063.51819305261,0.00892779802076497,0.114983159826587,0.0358555590824652,8,FALSE,0.00111861876382399,0.365121539645982
"RT0_ZT6_remainder_dataset","510117","Fam81a",289.400662875367,0.0031782979528323,"upregulated",1,0.860197427840348,0.997427599417093,0.856513447598017,0.992681442846303,0.00021379079909312,0.00605983660587683,2.21753908575496,0.0232166445937916,1,FALSE,FALSE,"weak_effect",0.0464005311003548,0.263455482575245,0.176122852509256,FALSE,FALSE,1,0.0232166445937916,FALSE,TRUE,FALSE,FALSE,154.68142022696,330.244919443099,362.542409810762,301.055264187861,320.488696058528,244.530970864879,279.705937052503,334.950930764791,264.543322236231,301.262758108058,0.0514483265651059,0.13629439239303,0.0798561458094929,9,FALSE,0.00111861876382399,0.0672658140507571
"RT0_ZT6_remainder_dataset","82922","Cdip1",365.686513389645,-0.00578464486571397,"downregulated",1,0.766852228392409,0.997427599417093,0.76082894488489,0.991768611793167,0.000686712392704231,0.00605983660587683,2.21753908575496,0.0159351534222535,1,FALSE,FALSE,"weak_effect",-0.0705688496750878,0.238010402955112,-0.296494811986839,FALSE,FALSE,1,0.0159351534222535,FALSE,TRUE,FALSE,FALSE,229.486369353113,400.296872052242,428.266472408035,314.896885529832,410.917041834378,356.947959435373,425.007722534323,312.433221133545,420.062729853894,358.549859761715,0.0352945397090485,0.130334889499741,0.065250432530465,9,FALSE,0.00111861876382399,0.118712973509303
"RT0_ZT6_remainder_dataset","357087","Dynlrb1",1159.73060258294,-0.00766389210743819,"downregulated",1,0.687060704857703,0.997427599417093,0.67918350245373,0.990788222097146,0.0012876325218556,0.00605983660587683,2.21753908575496,0.0221067090953248,1,FALSE,FALSE,"weak_effect",-0.0985145423800419,0.244545736757804,-0.402847106173884,FALSE,FALSE,1,0.0221067090953248,FALSE,TRUE,FALSE,FALSE,914.14183593146,1191.99513011112,1174.55260254481,836.55298985535,1484.08873361542,1052.10771354437,1574.10267605305,890.856887286188,1375.6252756284,1103.28218125926,0.0467540796686394,0.114855527247258,0.070947022291751,10,FALSE,0.00111861876382399,0.168012871763407
"RT0_ZT6_remainder_dataset","542583","Chchd2",984.18141458275,0.00109721372782544,"upregulated",1,0.95268439333468,0.997427599417093,0.951425605932676,0.993406712611379,2.37274273483575e-05,0.00605983660587683,2.21753908575496,0.0214996443844498,1,FALSE,FALSE,"weak_effect",0.0157129430644554,0.264812452295677,0.0593361185557508,FALSE,FALSE,1,0.0214996443844498,FALSE,TRUE,FALSE,FALSE,976.267980120977,1441.06873938807,806.709865105235,872.887245878023,848.430655955771,797.968453058083,966.256873454101,1494.61297677398,849.745216880014,787.866139213243,0.0704588639096237,0.116127099539009,0.0831938289590409,10,FALSE,0.00111861876382399,0.021625164493141
"RT0_ZT6_remainder_dataset","47081","Picalm",273.147355008052,-0.00142088263031788,"downregulated",1,0.937740737959723,0.997427599417093,0.936085870481289,0.993299391699125,4.07570379259304e-05,0.00605983660587683,2.21753908575496,0.0143402612660625,1,FALSE,FALSE,"weak_effect",-0.0190673413517874,0.244109566248667,-0.0781097670394617,FALSE,FALSE,1,0.0143402612660625,FALSE,TRUE,FALSE,FALSE,380.364148099082,222.387151140134,204.592646472155,251.744488157091,299.211438228916,309.867340290466,232.482856770912,265.990445019099,313.443754528383,251.389281374285,0.0356883344343209,0.137994278202611,0.0678480089110187,9,FALSE,0.00111861876382399,0.028684310059313
"RT0_ZT6_remainder_dataset","401984","Vxn",272.439514374393,0.0147148495594227,"upregulated",1,0.427526316674566,0.997427599417093,0.415320749167983,0.985023419033353,0.0056154274925651,0.00605983660587683,2.21753908575496,0.0632947242655867,1,FALSE,FALSE,"weak_effect",0.205960908102862,0.259582386574067,0.793431753290759,FALSE,FALSE,1,0.0632947242655867,FALSE,TRUE,FALSE,FALSE,343.595613782837,323.573304908895,195.052056740293,328.738506871802,267.295551484498,204.656568936028,192.524865763411,337.765644468697,246.105454322797,285.087576464672,0.0476656284589374,0.138072918093184,0.077208313714481,9,FALSE,0.00111861876382399,0.381616371264171
"RT0_ZT6_remainder_dataset","8242","Clptm1",284.958196662578,0.0120386983256762,"upregulated",1,0.518754390831677,0.997427599417093,0.507680078675124,0.987714549663556,0.00354431170463194,0.00605983660587683,2.21753908575496,0.0440611406713235,1,FALSE,FALSE,"weak_effect",0.165272288677533,0.256130213310467,0.645266665503452,FALSE,FALSE,1,0.0440611406713235,FALSE,TRUE,FALSE,FALSE,171.163866644587,293.551039504977,376.323261645675,378.049282902573,285.913152085409,273.836254210179,265.175758504321,292.730225206204,278.972957994571,233.866167927284,0.0453937809915192,0.136739759322835,0.0752382322746383,9,FALSE,0.00111861876382399,0.294409877941091
"RT0_ZT6_remainder_dataset","38455","Hspbp1",321.229048542783,-0.00290165504824392,"downregulated",1,0.86657003105651,0.997427599417093,0.863050567891322,0.992736474134798,0.000185600759392226,0.00605983660587683,2.21753908575496,0.0274976878307821,1,FALSE,FALSE,"weak_effect",-0.0456092583560573,0.271456470519,-0.168016839933329,FALSE,FALSE,1,0.0274976878307821,FALSE,TRUE,FALSE,FALSE,168.62810565726,321.349433397494,382.683654800249,391.890904244543,315.169381601125,285.366201755871,411.688392198489,265.990445019099,348.716197493213,320.807769260482,0.0605060749417168,0.133463816611064,0.0853346167381694,10,FALSE,0.00111861876382399,0.0639637573406773
"RT0_ZT6_remainder_dataset","557964","Syp",779.485310483673,0.00701500939358297,"upregulated",1,0.710094314064728,0.997427599417093,0.702735070816183,0.991094197557781,0.00107475816838739,0.00605983660587683,2.21753908575496,0.0221067090953248,1,FALSE,FALSE,"weak_effect",0.0916936374846626,0.246667686715821,0.371729425550175,FALSE,FALSE,1,0.0221067090953248,FALSE,TRUE,FALSE,FALSE,499.544914503461,968.496043215285,802.469603002185,1042.44710731716,706.138994220242,665.374056282628,966.256873454101,744.491774683086,705.448859296615,694.184878861968,0.0495731595127136,0.11833307658893,0.0717778539605921,10,FALSE,0.00111861876382399,0.153208371947517
"RT0_ZT6_remainder_dataset","381435","Cdk5",201.725954642608,-0.0198650885131206,"downregulated",1,0.296949833049945,0.997427599417093,0.284269024675518,0.978269059143829,0.0108517110510011,0.00605983660587683,2.21753908575496,0.082679995570702,1,FALSE,FALSE,"weak_effect",-0.265037960386623,0.25411198992417,-1.0429966742841,FALSE,FALSE,1,0.082679995570702,FALSE,TRUE,FALSE,FALSE,149.609898252306,165.6784275994,281.977429852815,150.527632093931,167.558405408193,199.372009644253,250.645579956139,227.99181001637,215.642889944079,208.25546365859,0.0367674721087239,0.148710559128354,0.0724264690116601,9,FALSE,0.00111861876382399,0.546270460553635
"RT0_ZT6_remainder_dataset","452176","Nrxn1",195.038613108006,-0.00183775889806537,"downregulated",1,0.894186066182996,0.997427599417093,0.8913847941785,0.992965733922452,9.17680838133421e-05,0.00605983660587683,2.21753908575496,0.0962305249936858,1,FALSE,FALSE,"weak_effect",-0.0456861537616417,0.343481030448054,-0.133009248580763,FALSE,FALSE,1,0.0962305249936858,FALSE,TRUE,FALSE,FALSE,276.397947618666,100.07421801306,132.508190720308,136.68601075196,315.169381601125,170.547140780024,163.464508667047,206.881457237077,235.684050719551,212.973224971245,0.128276528939804,0.15011578336659,0.136472207198305,8,FALSE,0.00111861876382399,0.0499347786643545
"RT0_ZT6_remainder_dataset","436460","Mfap2",154.219528803861,0.00315368770460903,"upregulated",1,0.831761872333149,0.997427599417093,0.82735027319097,0.992425425889125,0.000259581881007345,0.00605983660587683,2.21753908575496,0.0972685887462256,1,FALSE,FALSE,"weak_effect",0.0711850305429116,0.335079128666732,0.212442448522993,FALSE,FALSE,1,0.0972685887462256,FALSE,TRUE,FALSE,FALSE,147.074137264978,172.350042133604,254.415726182991,143.606821422945,71.8107451749399,154.693462904698,173.151294365835,150.587183158961,174.758921962116,99.7469534675449,0.108956827739309,0.16133539421452,0.128278547104948,10,FALSE,0.00111861876382399,0.0823105853594739
"RT0_ZT6_remainder_dataset","138940","Mgst3",413.823782320465,0.0132695337451363,"upregulated",1,0.462393539804558,0.997427599417093,0.450556983874659,0.986178488149199,0.0045945796967634,0.00605983660587683,2.21753908575496,0.0679281894142214,1,FALSE,FALSE,"weak_effect",0.195807773517795,0.266437301947719,0.734911260872237,FALSE,FALSE,1,0.0679281894142214,FALSE,TRUE,FALSE,FALSE,221.879086391131,588.214014765655,461.128503706672,507.814482983547,429.534642435289,356.947959435373,422.586026109626,356.061283544085,394.41004406129,399.661779771987,0.059907499960238,0.127705035945693,0.0828122931843105,10,FALSE,0.00111861876382399,0.346250274124925
"RT0_ZT6_remainder_dataset","529120","Rpl29",384.621543269025,-0.0022527604208204,"downregulated",1,0.887309280952757,0.997427599417093,0.884328430602626,0.992910003024593,0.000120266797013194,0.00605983660587683,2.21753908575496,0.0241714646082182,1,FALSE,FALSE,"weak_effect",-0.0378722507982163,0.267252277231556,-0.141709740289331,FALSE,FALSE,1,0.0241714646082182,FALSE,TRUE,FALSE,FALSE,280.201589099657,398.07300054084,452.647979500572,386.700296241304,379.00115508996,246.452628789161,464.965713541823,395.467275398766,306.228936649213,536.476857838958,0.0603872960886985,0.129221882354033,0.0831358388029418,10,FALSE,0.00111861876382399,0.0533864124660874
"RT0_ZT6_remainder_dataset","214275","Txndc15",318.013187725098,-0.00271156717612659,"downregulated",1,0.853265936081551,0.997427599417093,0.849403583532373,0.992620635510352,0.0001922119098018,0.00605983660587683,2.21753908575496,0.0865925277289061,1,FALSE,FALSE,"weak_effect",-0.0608369354204786,0.328931947768222,-0.18495295404795,FALSE,FALSE,1,0.0865925277289061,FALSE,TRUE,FALSE,FALSE,272.594306137675,297.99878252778,206.71277752368,342.580128213773,437.513614121393,251.737188080936,237.326249620306,313.840577985497,226.064293547324,593.763959492615,0.122630894801716,0.133724079238843,0.126745492381494,9,FALSE,0.00111861876382399,0.0708859111048728
"RT0_ZT6_remainder_dataset","514705","Bsn",477.438966885138,-0.0111076738531538,"downregulated",1,0.602930622799411,0.997427599417093,0.593309114228664,0.989468968541669,0.00251832048744357,0.00605983660587683,2.21753908575496,0.0105184686485068,1,FALSE,FALSE,"weak_effect",-0.111793194007504,0.214908072151745,-0.520190762907071,FALSE,FALSE,1,0.0105184686485068,FALSE,TRUE,FALSE,FALSE,401.918116491363,508.154640355207,538.513287087331,445.52718694468,400.278412919572,453.511270130542,433.483660020762,537.610317446009,414.451204836762,640.941572619157,0.024268704386145,0.12504307308673,0.0533307256612399,9,FALSE,0.00111861876382399,0.226718980115584
"RT0_ZT6_remainder_dataset","26038","Gng3",390.847816324192,0.0116549264158178,"upregulated",1,0.511104387923426,0.997427599417093,0.499915685917281,0.987526119509196,0.00350933606055602,0.00605983660587683,2.21753908575496,0.0496648632113992,1,FALSE,FALSE,"weak_effect",0.170481652673771,0.25943801145134,0.657119023230512,FALSE,FALSE,1,0.0496648632113992,FALSE,TRUE,FALSE,FALSE,396.846594516709,391.401386006636,515.191845520557,465.424517623762,300.541266843267,306.984853404043,368.097856553943,329.321503356979,285.386129442722,549.282209973305,0.0532296309386581,0.128879460578727,0.0782486971672133,10,FALSE,0.00111861876382399,0.3011032361211
"RT0_ZT6_remainder_dataset","578185","Gdi1",1469.2546019036,8.44183829874926e-05,"upregulated",1,0.998517449259933,0.999690647848072,0.998477959243889,0.993715462579024,5.58442340953715e-08,0.00605983660587683,2.21753908575496,0.00232632471846581,1,FALSE,FALSE,"weak_effect",0.000387161309738946,0.208363764880402,0.00185810287101105,FALSE,FALSE,1,0.00232632471846581,FALSE,TRUE,FALSE,FALSE,1040.92988529782,1318.755806261,1492.57226027355,1653.20864903162,1840.48280226142,1287.51080926891,1478.44566727752,1629.71923456146,1546.37596543542,1404.54493936732,0.0263121622947852,0.113353718398455,0.0514534500498367,9,FALSE,0.000134370717554281,0.000661517457680342
"RT0_ZT6_remainder_dataset","130100","Ptpn11",206.804848232838,0.00612792668993477,"upregulated",1,0.689851427890321,0.997427599417093,0.682036155608104,0.990826397409528,0.00101841608286177,0.00605983660587683,2.21753908575496,0.0972685887462256,1,FALSE,FALSE,"weak_effect",0.125838766599853,0.315340570190311,0.399056697728136,FALSE,FALSE,1,0.0972685887462256,FALSE,TRUE,FALSE,FALSE,218.07544491014,266.864581368161,307.419002471114,148.797429426184,136.972347278126,210.421542708874,253.067276380836,215.325598348794,197.205022030645,113.900237405507,0.0960306446044485,0.147704042101165,0.11452818167984,11,FALSE,0.00111861876382399,0.166192602227853
"RT0_ZT6_remainder_dataset","522187","Timm8b",763.388723229487,0.00999412204553836,"upregulated",1,0.662795030547393,0.997427599417093,0.65438953639753,0.990442535614461,0.0018405540303583,0.00605983660587683,2.21753908575496,0.00965927865864688,1,FALSE,FALSE,"weak_effect",0.0943123467356771,0.21628421113591,0.436057473822777,FALSE,FALSE,1,0.00965927865864688,FALSE,TRUE,FALSE,FALSE,746.781610767864,796.146001081681,685.862395168314,717.169005780853,994.711803534352,667.295714206909,747.093347019023,873.968605062753,860.968266914278,543.890482758843,0.0283832423952978,0.11855671924437,0.0548549078596713,9,FALSE,0.00111861876382399,0.184163653592761
"RT0_ZT6_remainder_dataset","75926","Nme1",455.674672374583,-0.00267718457397757,"downregulated",1,0.890457076799954,0.997427599417093,0.887558370515054,0.992935622171284,0.000138686395523949,0.00605983660587683,2.21753908575496,0.0143901077786332,1,FALSE,FALSE,"weak_effect",-0.0332517802602391,0.241434535444619,-0.137725865104607,FALSE,FALSE,1,0.0143901077786332,FALSE,TRUE,FALSE,FALSE,385.435670073736,530.39335546922,519.432107623607,456.773504285031,359.053725874699,496.268158945815,607.845802598946,401.096702806577,480.987858611329,319.459837456867,0.0411169078101402,0.125870150860409,0.0677763737263681,9,FALSE,0.00111861876382399,0.0518030758401909
"RT0_ZT6_remainder_dataset","314177","Sobp",332.893549992387,-0.00105660340694236,"downregulated",1,0.949112103979513,0.997427599417093,0.947758538559074,0.993381370709746,2.46212834752831e-05,0.00605983660587683,2.21753908575496,0.0267352395729551,1,FALSE,FALSE,"weak_effect",-0.0176799246324525,0.277020064376431,-0.0638218198102359,FALSE,FALSE,1,0.0267352395729551,FALSE,TRUE,FALSE,FALSE,202.860878986177,219.051343873032,415.545686098886,397.946613581656,418.896013520483,322.838531279369,280.916785264852,339.17300132065,328.675036717741,403.031609281026,0.0664909142878029,0.132561995293257,0.0891146584819481,10,FALSE,0.00111861876382399,0.0233022942321689
"RT0_ZT6_remainder_dataset","173720","Vdac2",296.198327910115,0.0022579680998919,"upregulated",1,0.904736728423528,0.997427599417093,0.902211819712968,0.993049562165665,0.000100911953310452,0.00605983660587683,2.21753908575496,0.0184949260757344,1,FALSE,FALSE,"weak_effect",0.0303440061334289,0.253543057345734,0.119679893628684,FALSE,FALSE,1,0.0184949260757344,FALSE,TRUE,FALSE,FALSE,427.275726364635,210.155857827427,256.535857234516,247.418981487725,356.394068645998,333.88806434399,295.446963813034,288.508154650345,299.014118770043,247.345485963439,0.0444196931418121,0.135638772467896,0.0737793502993106,9,FALSE,0.00111861876382399,0.0446914875880149
"RT0_ZT6_remainder_dataset","507805","Dmxl2",174.770428752668,-0.000120670937627028,"downregulated",1,0.992278431463189,0.999413415579927,0.992072762059048,0.993675143860422,4.17095960066627e-07,0.00605983660587683,2.21753908575496,0.0331747494264758,1,FALSE,FALSE,"weak_effect",-0.00283816641336101,0.293268628439518,-0.00967770207288414,FALSE,FALSE,1,0.0331747494264758,FALSE,TRUE,FALSE,FALSE,257.379740213712,201.260371781822,97.5260283701466,170.424962773013,146.281147578581,168.145068374671,176.783839002881,201.252029829265,133.874953980153,194.776145622436,0.0670869111536768,0.155031658034241,0.097481023066166,9,FALSE,0.00025482512234037,0.00345647401328558
"RT0_ZT6_remainder_dataset","522669","Idh3a",196.435031842498,0.00101102529513507,"upregulated",1,0.935225731578071,0.997427599417093,0.933504315565912,0.993280986039308,3.02131462595179e-05,0.00605983660587683,2.21753908575496,0.087028684543934,1,FALSE,FALSE,"weak_effect",0.0277084283143232,0.340934972863754,0.0812718861945449,FALSE,FALSE,1,0.087028684543934,FALSE,TRUE,FALSE,FALSE,239.629413302422,225.722958407236,111.306880205059,153.988037429423,261.976237027095,182.077088325715,222.796071072124,157.623967418725,106.618975325511,302.610689911673,0.125381849787886,0.149814447634643,0.134435414456544,8,FALSE,0.00111861876382399,0.0298836699782882
"RT0_ZT6_remainder_dataset","340968","Rapgef1",154.594917416178,0.00177437826973282,"upregulated",1,0.909272458564287,0.997427599417093,0.906866650945504,0.993084991181608,7.53340125991581e-05,0.00605983660587683,2.21753908575496,0.0639861640808809,1,FALSE,FALSE,"weak_effect",0.0359777219891704,0.315715158126196,0.113956270591194,FALSE,FALSE,1,0.0639861640808809,FALSE,TRUE,FALSE,FALSE,76.0728296198164,144.551648241087,234.274481193504,128.034997413228,199.474292152611,156.134706347909,153.777722968259,159.031324270678,173.957275531097,120.639896423585,0.0862623845727587,0.16120522118328,0.113152034360832,10,FALSE,0.00111861876382399,0.0424565685255498
"RT0_ZT6_remainder_dataset","26714","Psat1",221.699068372042,0.0136907464191615,"upregulated",1,0.48473089687869,0.997427599417093,0.473173488873426,0.986830421454928,0.00444921324246505,0.00605983660587683,2.21753908575496,0.0319306414228231,1,FALSE,FALSE,"weak_effect",0.169266840437009,0.242254891985004,0.698713817706875,FALSE,FALSE,1,0.0319306414228231,FALSE,TRUE,FALSE,FALSE,294.148274529957,213.491665094529,161.129959915894,252.609589490964,252.66743672664,249.335115675584,226.428615709169,199.844672977312,194.800082737588,172.53527086278,0.0306114079264563,0.145018279066574,0.0659207833391763,9,FALSE,0.00111861876382399,0.324979596162702
"RT0_ZT6_remainder_dataset","243772","Rnf14",514.426314836893,0.000483981153253917,"upregulated",1,0.996934273638777,0.999521783590337,0.996852613628725,0.993705280283766,6.62593491417184e-07,0.00605983660587683,2.21753908575496,0.00466471236385382,1,FALSE,FALSE,"weak_effect",-0.000848276813922308,0.220771597978583,-0.00384232764399613,FALSE,FALSE,1,0.00466471236385382,FALSE,TRUE,FALSE,FALSE,573.08198313595,531.505291224921,435.686931088372,584.808501698259,444.162757193147,467.923704562656,467.38740996652,678.346002641299,560.350855282198,401.009711575603,0.0281222859194066,0.12379802345959,0.0565622476115612,9,FALSE,0.000207736423315215,0.00136904812710663
"RT0_ZT6_remainder_dataset","255370","Tomm20",295.512552102371,0.0392894574325039,"upregulated",1,0.0934122003495025,0.997427599417093,0.0850054301144936,0.930851393056341,0.0420614595210087,0.00605983660587683,2.21753908575496,0.090323688281231,1,FALSE,FALSE,"weak_effect",0.372582271124587,0.222083617714766,1.6776666147573,FALSE,FALSE,1,0.090323688281231,FALSE,TRUE,FALSE,FALSE,450.09757525058,294.662975260678,280.917364327053,346.040533549266,296.551781000215,290.650761047646,214.320133585684,271.61987242691,250.113686477891,260.150838097786,0.0221860624835768,0.135703546082498,0.0557934032491615,9,FALSE,0.00111861876382399,1.07055333083351
"RT0_ZT6_remainder_dataset","189214","Nefl",418.973226918374,-0.00254184040991685,"downregulated",1,0.880488518676226,0.997427599417093,0.877330017075871,0.992853850668104,0.000144470612312294,0.00605983660587683,2.21753908575496,0.0286597326675995,1,FALSE,FALSE,"weak_effect",-0.0413787354170722,0.275216138834165,-0.150349959825596,FALSE,FALSE,1,0.0286597326675995,FALSE,TRUE,FALSE,FALSE,432.34724833929,366.938799381222,522.612304200894,472.345328294748,268.625380098849,429.970960558088,452.857231418338,540.425031149915,456.938465680762,246.671520061631,0.0683689728000709,0.127459489766816,0.088541368443453,9,FALSE,0.00111861876382399,0.0568370113830317
"RT0_ZT6_remainder_dataset","19810","Dennd5a",376.588172657396,0.00214444453828795,"upregulated",1,0.924810375866036,0.997427599417093,0.922813760440942,0.993203677038959,7.48109595628808e-05,0.00605983660587683,2.21753908575496,0.0496648632113992,1,FALSE,FALSE,"weak_effect",0.028674807809087,0.303835381946802,0.0943761310001334,FALSE,FALSE,1,0.0496648632113992,FALSE,TRUE,FALSE,FALSE,625.065083376158,375.834285426827,357.24208218195,263.855906831315,280.593837628006,474.169092816573,406.844999349095,320.877362245262,428.880840595101,232.518236123669,0.0921449255099177,0.129680416865773,0.108179737102864,12,FALSE,0.00111861876382399,0.0348859381658839
"RT0_ZT6_remainder_dataset","130211","Rita1",164.366288128448,0.00285049067117137,"upregulated",1,0.850168732376279,0.997427599417093,0.846226878523742,0.992593138827594,0.000206698155619825,0.00605983660587683,2.21753908575496,0.083106903183333,1,FALSE,FALSE,"weak_effect",0.0613689078705842,0.324869707354627,0.188903140185964,FALSE,FALSE,1,0.083106903183333,FALSE,TRUE,FALSE,FALSE,96.3589175184341,166.790363355101,243.815070925367,147.932328092311,184.846177394753,220.990661292425,193.73571397576,119.625332415997,169.147396944984,100.420919369353,0.0995423830621233,0.158025990519491,0.120594823603561,10,FALSE,0.00111861876382399,0.0725131843827032
"RT0_ZT6_remainder_dataset","176537","Jph4",270.251555541387,-0.0269247830202492,"downregulated",1,0.190893969366574,0.997427599417093,0.17934383708431,0.965987784001419,0.0200943302020487,0.00605983660587683,2.21753908575496,0.0857125304878169,1,FALSE,FALSE,"weak_effect",-0.313410989557706,0.239622006713548,-1.30793909063773,FALSE,FALSE,1,0.0857125304878169,FALSE,TRUE,FALSE,FALSE,159.752942201614,243.513930498447,313.779395625689,240.49817081674,247.348122269237,303.621952036549,320.874776272352,254.731590203476,353.526076079327,264.86859941044,0.0302220743753101,0.138318601233261,0.0651173862757037,9,FALSE,0.00111861876382399,0.746313542691743
"RT0_ZT6_remainder_dataset","29999","Kcnip2",306.220058090184,-0.00930202121551802,"downregulated",1,0.571647879068393,0.997427599417093,0.561447655047076,0.988877992314556,0.00233193046767977,0.00605983660587683,2.21753908575496,0.0856272410805675,1,FALSE,FALSE,"weak_effect",-0.164757066538526,0.291282567585089,-0.565626250497798,FALSE,FALSE,1,0.0856272410805675,FALSE,TRUE,FALSE,FALSE,173.699627631914,353.595570312814,341.341099295513,314.896885529832,259.316579798394,380.007854526757,377.784642252731,323.692075949168,359.939247527478,177.926998077242,0.0791435723279087,0.134725288401594,0.0985537670488694,10,FALSE,0.00111861876382399,0.250690727708678
"RT0_ZT6_remainder_dataset","200236","Ppp2cb",314.78241077613,0.0181217776871636,"upregulated",1,0.366914926306221,0.997427599417093,0.354289816735925,0.982488689799168,0.00816642200444747,0.00605983660587683,2.21753908575496,0.0349987006432749,1,FALSE,FALSE,"weak_effect",0.210965220887445,0.233816781443666,0.902267234990034,FALSE,FALSE,1,0.0349987006432749,FALSE,TRUE,FALSE,FALSE,469.115782655534,321.349433397494,286.217691955865,316.627088197578,295.221952385864,227.236049546341,271.229999566064,320.877362245262,294.204240183929,345.744507627368,0.031238201158879,0.133990903856635,0.0624406085509823,9,FALSE,0.00111861876382399,0.450641330305696
"RT0_ZT6_remainder_dataset","434502","Ptp4a2",137.548550783747,-0.00236722951804295,"downregulated",1,0.877388559632121,0.997427599417093,0.874149478134833,0.992828036321639,0.000138280049003884,0.00605983660587683,2.21753908575496,0.0600084417375828,1,FALSE,FALSE,"weak_effect",-0.0475293149043796,0.308070754781129,-0.154280515650202,FALSE,FALSE,1,0.0600084417375828,FALSE,TRUE,FALSE,FALSE,79.8764711008072,148.99939126389,212.013105152493,106.407464066399,128.993375592022,132.594396775455,174.362142578184,105.551763896468,153.916114755625,132.771282656124,0.0733948108296333,0.167832803065608,0.106596013412359,9,FALSE,0.00111861876382399,0.0584142973674152
"RT0_ZT6_remainder_dataset","111932","Ttc3",665.826993678877,-0.0151918669202533,"downregulated",1,0.401869951911222,0.997427599417093,0.389449941684448,0.984044412208494,0.00622180413474885,0.00605983660587683,2.21753908575496,0.0762360397376291,1,FALSE,FALSE,"weak_effect",-0.221997046543175,0.264822480890507,-0.838286258012067,FALSE,FALSE,1,0.0762360397376291,FALSE,TRUE,FALSE,FALSE,333.452569833529,751.668570853654,612.717873890704,703.327384438883,671.563450247123,705.248458211478,624.797677571825,851.450895431507,542.714633799783,861.328422510286,0.0634920393715999,0.120143609378259,0.0826838044016941,9,FALSE,0.00111861876382399,0.409548356854952
"RT0_ZT6_remainder_dataset","139539","Ndufs2",338.747257828623,0.00175730788244159,"upregulated",1,0.924118641240005,0.997427599417093,0.922103772665959,0.993198479698984,6.18927370412711e-05,0.00605983660587683,2.21753908575496,0.0213519669836495,1,FALSE,FALSE,"weak_effect",0.0249156575116597,0.261589952793479,0.0952469972397227,FALSE,FALSE,1,0.0213519669836495,FALSE,TRUE,FALSE,FALSE,193.985715530532,292.439103749277,406.005096367023,373.723776233207,441.503099964445,366.556249056783,364.465311916898,365.912781507755,299.815765201062,283.065678759249,0.0527804568940121,0.132132830209173,0.0791887053885429,9,FALSE,0.00111861876382399,0.0352202011154004
"RT0_ZT6_remainder_dataset","309246","Ilrun",540.801350065812,0.000633714424695645,"upregulated",1,0.981443028748961,0.99759138491621,0.980948827452771,0.993603878907131,5.2938269824393e-06,0.00605983660587683,2.21753908575496,0.000846582914901935,1,FALSE,FALSE,"weak_effect",0.00441247022290807,0.189703609948268,0.0232598115771827,FALSE,FALSE,1,0.000846582914901935,FALSE,TRUE,FALSE,FALSE,431.079367845626,565.975299651642,604.237349684604,589.999109701498,517.303330982437,560.643699409261,490.393526001142,505.241109851092,521.070180162273,622.07052736854,0.0114711362213621,0.123014221016773,0.0413454094947388,9,FALSE,0.00104731003022194,0.00835364759920335
"RT0_ZT6_remainder_dataset","566249","Fgf13",275.848118355019,0.00655847678344135,"upregulated",1,0.72936831696124,0.997427599417093,0.72245378933652,0.991335167117437,0.000925990856136917,0.00605983660587683,2.21753908575496,0.0184949260757344,1,FALSE,FALSE,"weak_effect",0.0828301091280937,0.239416951712019,0.345965933221493,FALSE,FALSE,1,0.0184949260757344,FALSE,TRUE,FALSE,FALSE,322.041645390556,251.297480788352,210.95303962673,269.911616168427,365.702868946453,295.935320339421,198.579106825154,309.618507429639,274.964725839476,259.476872195978,0.0320970325159443,0.13769793565275,0.0651696065531014,9,FALSE,0.00111861876382399,0.14118992667243
"RT0_ZT6_remainder_dataset","546079","Tmem151b",706.604982087637,0.0318566203839648,"upregulated",1,0.185561455730981,0.997427599417093,0.174119251407595,0.965002937315401,0.0241840555820809,0.00605983660587683,2.21753908575496,0.019736940607792,1,FALSE,FALSE,"weak_effect",0.259566534499282,0.196073274342563,1.32382414365044,FALSE,FALSE,1,0.019736940607792,FALSE,TRUE,FALSE,FALSE,685.923347072011,642.698866794988,869.25373112522,741.391843129302,910.932600830256,553.917896674274,595.737320475461,654.4209361581,658.95336629752,752.819912319241,0.0163928480560547,0.119427033454198,0.0447377113850823,8,FALSE,0.00111861876382399,0.759153208676652
"RT0_ZT6_remainder_dataset","24176","Nap1l4",266.074881303667,-0.0212639914642432,"downregulated",1,0.280638003261977,0.997427599417093,0.268023767214497,0.976982237108774,0.0121593179161099,0.00605983660587683,2.21753908575496,0.0706184211363235,1,FALSE,FALSE,"weak_effect",-0.264881819709673,0.245513908143258,-1.07888722766416,FALSE,FALSE,1,0.0706184211363235,FALSE,TRUE,FALSE,FALSE,224.414847378458,231.28263718574,332.860575089413,193.782698787589,226.070864439626,241.648483978456,234.904553195609,333.543573912838,278.972957994571,363.26762107437,0.0366799569704078,0.138798813259026,0.0685067288911455,9,FALSE,0.00111861876382399,0.571826692865098
"RT0_ZT6_remainder_dataset","496176","Cyc1",451.387420339269,0.0106600345368391,"upregulated",1,0.650801272458271,0.997427599417093,0.642141758271449,0.990262018157123,0.00205066111268018,0.00605983660587683,2.21753908575496,0.00232632471846581,1,FALSE,FALSE,"weak_effect",0.0866688944858305,0.191470281851445,0.452649328385457,FALSE,FALSE,1,0.00232632471846581,FALSE,TRUE,FALSE,FALSE,390.507192048391,485.915925241193,536.393156035806,467.154720291509,444.162757193147,432.37303296344,519.453883097506,379.986350027284,444.11212278446,413.81506370995,0.0108167658169705,0.126042476215182,0.0417866726292687,8,FALSE,0.00111861876382399,0.192369087135083
"RT0_ZT6_remainder_dataset","574506","Plp1",1971.02198598717,-0.0228115764966218,"downregulated",1,0.287409310269064,0.997427599417093,0.274763377830178,0.977534150599052,0.0127982331844661,0.00605983660587683,2.21753908575496,0.0297550765392639,1,FALSE,FALSE,"weak_effect",-0.234686554140411,0.220606960709607,-1.06382207245644,FALSE,FALSE,1,0.0297550765392639,FALSE,TRUE,FALSE,FALSE,1316.05995242282,1941.43982945337,1761.82890381721,1966.3753318937,2069.21332392975,2540.91219038182,1678.23562231502,2630.34995629998,1984.07491677173,1821.72983258631,0.0332574259039269,0.111921238926077,0.0579305565453252,9,FALSE,0.00111861876382399,0.56104115322154
"RT0_ZT6_remainder_dataset","279174","Atp5pb",272.21541185081,0.000139128894010241,"upregulated",1,0.995745056911036,0.999521783590337,0.995631720948604,0.993697610035741,2.64522311280348e-07,0.00605983660587683,2.21753908575496,0.0282420395820959,1,FALSE,FALSE,"weak_effect",0.00151981675836375,0.284993842162383,0.00533280560320948,FALSE,FALSE,1,0.0282420395820959,FALSE,TRUE,FALSE,FALSE,224.414847378458,274.648131658066,170.670549647757,415.248640259119,276.604351784954,341.094281560047,214.320133585684,308.211150577686,217.246182806117,279.69584925021,0.0708419346971712,0.138097900739955,0.0938208799235469,10,FALSE,0.000207736423315215,0.00190127516762175
"RT0_ZT6_remainder_dataset","357678","Rpn2",532.954948493347,0.00148403166703993,"upregulated",1,0.921060761684776,0.997427599417093,0.918965241799008,0.993175409078473,5.44653196358035e-05,0.00605983660587683,2.21753908575496,0.0814418609427434,1,FALSE,FALSE,"weak_effect",0.0330390321544521,0.333398845763696,0.0990976200855513,FALSE,FALSE,1,0.0814418609427434,FALSE,TRUE,FALSE,FALSE,322.041645390556,383.617835716732,604.237349684604,427.360058933343,958.806430946882,382.89034141318,634.484463270613,350.431856136273,626.085862625746,639.593640815541,0.135214278748352,0.123239290582401,0.131599829686172,7,FALSE,0.00111861876382399,0.0367009147078652
"RT0_ZT6_remainder_dataset","68829","Hnrnpab",534.028257772587,0.000872090350295102,"upregulated",1,0.965142896314537,0.997427599417093,0.964215037421648,0.99349359753396,1.38017888816612e-05,0.00605983660587683,2.21753908575496,0.0159351534222535,1,FALSE,FALSE,"weak_effect",0.011060372933446,0.253093107694174,0.0437008065301047,FALSE,FALSE,1,0.0159351534222535,FALSE,TRUE,FALSE,FALSE,346.131374770165,603.781115345465,568.19512180868,433.415768270455,728.746080664205,505.876448567225,661.12312394228,482.723400219846,575.582137471557,434.70800666599,0.0516278299585568,0.123208112840703,0.0750315514479024,10,FALSE,0.00111861876382399,0.0158260997578873
"RT0_ZT6_remainder_dataset","226352","Nrsn1",231.7439849074,-0.00296959978382197,"downregulated",1,0.834085513799846,0.997427599417093,0.829732944778434,0.992447012844805,0.000240720705184129,0.00605983660587683,2.21753908575496,0.0935790841616913,1,FALSE,FALSE,"weak_effect",-0.0697209198745345,0.332852887654257,-0.209464668808748,FALSE,FALSE,1,0.0935790841616913,FALSE,TRUE,FALSE,FALSE,224.414847378458,269.088452879563,308.479067996877,145.337024090692,182.186520166051,235.88351020561,272.440847778412,326.506789653074,249.312040046872,103.790748878391,0.12001929021532,0.143401880332919,0.128660127111548,8,FALSE,0.00111861876382399,0.0810616657825567
"RT0_ZT6_remainder_dataset","362096","Agap3",361.727454811605,0.00950685136741432,"upregulated",1,0.585349440747639,0.997427599417093,0.575397456595962,0.989144704656392,0.00228194913812401,0.00605983660587683,2.21753908575496,0.0603633715379685,1,FALSE,FALSE,"weak_effect",0.150426441727978,0.275714547122682,0.54558761334071,FALSE,FALSE,1,0.0603633715379685,FALSE,TRUE,FALSE,FALSE,329.648928352538,233.506508697141,484.449945273446,342.580128213773,513.313845139385,304.10236651762,414.110088623186,244.880092239805,392.806751199252,357.875893859908,0.0666577361837624,0.130582332982053,0.0885000739067696,10,FALSE,0.00111861876382399,0.240032062134223
"RT0_ZT6_remainder_dataset","282505","Rap1gds1",389.254221518076,0.0098416171181207,"upregulated",1,0.670311241792542,0.997427599417093,0.662067379584018,0.990552324191679,0.00176261206793413,0.00605983660587683,2.21753908575496,0.00232632471846581,1,FALSE,FALSE,"weak_effect",0.0821198019483547,0.1928958733997,0.425720885061103,FALSE,FALSE,1,0.00232632471846581,FALSE,TRUE,FALSE,FALSE,450.09757525058,412.528165364949,327.560247460601,419.574146928485,390.969612619117,361.271689765008,351.145981581064,447.539478921023,342.303026045062,389.552291244871,0.00965238486902805,0.128966059282639,0.042085206792312,8,FALSE,0.00111861876382399,0.179097809514328
"RT0_ZT6_remainder_dataset","446890","Rab15",220.948991335963,0.00573646739436742,"upregulated",1,0.752358370722935,0.997427599417093,0.745986592984442,0.991606212540965,0.000730074340785845,0.00605983660587683,2.21753908575496,0.0274976878307821,1,FALSE,FALSE,"weak_effect",0.0822532855759785,0.260681946052912,0.315531193553708,FALSE,FALSE,1,0.0274976878307821,FALSE,TRUE,FALSE,FALSE,158.485061707951,213.491665094529,299.998543790777,243.958576152232,218.091892753521,155.173877385768,266.38660671667,235.028594276135,234.882404288532,183.992691193512,0.0446716781477129,0.145144876378951,0.0770268908570992,9,FALSE,0.00111861876382399,0.127268977681752
"RT0_ZT6_remainder_dataset","317547","Fam13c",184.73414078182,-0.00847145323037444,"downregulated",1,0.604237311252309,0.997427599417093,0.594640881060201,0.98949230617235,0.00191239021489152,0.00605983660587683,2.21753908575496,0.0822050814867601,1,FALSE,FALSE,"weak_effect",-0.151823044809632,0.292915585880807,-0.518316716924078,FALSE,FALSE,1,0.0822050814867601,FALSE,TRUE,FALSE,FALSE,181.306910593896,147.887455508189,270.316709069428,116.788680072877,158.249605107738,188.802891060702,240.958794257351,199.844672977312,212.436304220004,130.749384950701,0.0690972823925021,0.152480246243849,0.0974981404210019,10,FALSE,0.00111861876382399,0.225745236724513
"RT0_ZT6_remainder_dataset","321277","Grin1",829.618162805418,0.00264908554456539,"upregulated",1,0.858838012375669,0.997427599417093,0.855119001480224,0.992669595928653,0.000180067465428259,0.00605983660587683,2.21753908575496,0.0302566508465235,1,FALSE,FALSE,"weak_effect",0.0488879454019293,0.274877577232314,0.177853522626953,FALSE,FALSE,1,0.0302566508465235,FALSE,TRUE,FALSE,FALSE,857.087213716598,889.548604560537,932.857662670968,866.831536540911,670.233621632772,925.758705022833,828.220177246373,1142.77376378576,783.208563105447,399.661779771987,0.0747179272352924,0.11769214638899,0.0895268830692598,11,FALSE,0.00111861876382399,0.0679734430613868
"RT0_ZT6_remainder_dataset","107286","Opa1",208.052861149043,-0.00068701348737342,"downregulated",1,0.964153214514467,0.997427599417093,0.963199047769819,0.993486779231603,1.11872970114916e-05,0.00605983660587683,2.21753908575496,0.0324862129199628,1,FALSE,FALSE,"weak_effect",-0.0129940820191359,0.289127411778124,-0.0449424077060793,FALSE,FALSE,1,0.0324862129199628,FALSE,TRUE,FALSE,FALSE,235.825771821431,196.812628759019,131.448125194545,228.386752142515,242.028807811834,186.88123313642,147.723481906517,326.506789653074,203.618193478796,181.296827586281,0.0680756487305356,0.147464236579254,0.0955080389584884,10,FALSE,0.00111861876382399,0.0162839554347946
"RT0_ZT6_remainder_dataset","126428","Adap1",245.091749642605,0.00330846900954294,"upregulated",1,0.864484744969162,0.997427599417093,0.860911393390664,0.992718557296031,0.000215187934793752,0.00605983660587683,2.21753908575496,0.0154343599543111,1,FALSE,FALSE,"weak_effect",0.0415912046768533,0.243696414041235,0.170668102936532,FALSE,FALSE,1,0.0154343599543111,FALSE,TRUE,FALSE,FALSE,215.539683922813,193.476821491917,338.160902718226,244.823677486105,251.33760811229,212.823615114227,272.440847778412,189.993175013642,240.493929305664,291.82723548275,0.0334635578435046,0.141459000732764,0.0671922433749479,9,FALSE,0.00111861876382399,0.0650415446458966
"RT0_ZT6_remainder_dataset","176286","Psmb5",552.333991536718,-0.00265096287252821,"downregulated",1,0.881023677115823,0.997427599417093,0.877879096691001,0.992858288388806,0.000149952488705898,0.00605983660587683,2.21753908575496,0.0221067090953248,1,FALSE,FALSE,"weak_effect",-0.0391931954825844,0.261861186021861,-0.149671648853345,FALSE,FALSE,1,0.0221067090953248,FALSE,TRUE,FALSE,FALSE,303.023437985602,552.632070583234,569.255187334443,638.444784398395,659.594992717966,432.37303296344,541.249150919779,653.013579306147,489.004322921517,684.74935623666,0.0593323327784719,0.12269502037186,0.0805144907531388,10,FALSE,0.00111861876382399,0.0565652919019907
"RT0_ZT6_remainder_dataset","550479","Abi2",207.506936722328,0.00839862325526135,"upregulated",1,0.647813935362755,0.997427599417093,0.639091917987777,0.990216001753717,0.00163300037648978,0.00605983660587683,2.21753908575496,0.0324862129199628,1,FALSE,FALSE,"weak_effect",0.117884816016361,0.258065900895698,0.456801210881426,FALSE,FALSE,1,0.0324862129199628,FALSE,TRUE,FALSE,FALSE,237.093652315094,212.379729338828,137.80851834912,269.911616168427,222.081378596573,182.077088325715,194.946562188108,208.28881408903,254.121918632985,156.360089219395,0.0411347765219059,0.147568780966752,0.0751065073360215,9,FALSE,0.00111861876382399,0.194436674542673
"RT0_ZT6_remainder_dataset","125874","Actb",1267.07786084188,-0.0304248757587167,"downregulated",1,0.251470696393358,0.997427599417093,0.239063456590292,0.974265607031195,0.0189086588391748,0.00605983660587683,2.21753908575496,0.00466471236385382,1,FALSE,FALSE,"weak_effect",-0.202956486298735,0.17697874894704,-1.14678450099943,FALSE,FALSE,1,0.00466471236385382,FALSE,TRUE,FALSE,FALSE,1229.8440788537,1273.16644027727,1099.28795021567,1271.69896079355,1017.31888997831,1444.12593009789,1239.90856944486,1282.10209212909,1224.11410016583,1589.21159646264,0.0104352551465269,0.114251571603042,0.0368069999469967,9,FALSE,0.00111861876382399,0.621486805373644
"RT0_ZT6_remainder_dataset","36940","Qk",528.141823634365,-0.000908547603170038,"downregulated",1,0.957116092536468,0.997427599417093,0.955974957316424,0.993437883249267,1.77652713276396e-05,0.00605983660587683,2.21753908575496,0.0193154237177227,1,FALSE,FALSE,"weak_effect",-0.0140126386361398,0.260589179458519,-0.0537729105454677,FALSE,FALSE,1,0.0193154237177227,FALSE,TRUE,FALSE,FALSE,726.495522869247,661.6017746419,474.909355541584,401.407018917148,364.373040332102,589.948982754561,392.314820800913,569.979525040926,599.631530402123,500.756665043148,0.057837960063265,0.123380661662468,0.0796342707199866,10,FALSE,0.00111861876382399,0.0195534843365987
"RT0_ZT6_remainder_dataset","381393","Smarcd3",201.324604653143,0.00131807602453414,"upregulated",1,0.93033664037542,0.997427599417093,0.928485959920087,0.993244915885907,4.24745504912136e-05,0.00605983660587683,2.21753908575496,0.0687520746445873,1,FALSE,FALSE,"weak_effect",0.0282270337387288,0.322885088640805,0.0874212985726639,FALSE,FALSE,1,0.0687520746445873,FALSE,TRUE,FALSE,FALSE,82.4122320881344,255.745223811154,249.115398554179,204.163914794067,224.741035825275,197.930766201042,188.892321126366,215.325598348794,139.486478997285,255.433076785132,0.103383368810631,0.148792262340162,0.120173809867054,10,FALSE,0.00111861876382399,0.032224659048954
"RT0_ZT6_remainder_dataset","72730","Abr",326.661813973074,0.0412001392486821,"upregulated",1,0.0973750967665668,0.997427599417093,0.0887796712681084,0.933595862924896,0.0433296289030845,0.00605983660587683,2.21753908575496,0.0552882550788983,1,FALSE,FALSE,"weak_effect",0.346013091109833,0.20872899516907,1.65771454430451,FALSE,FALSE,1,0.0552882550788983,FALSE,TRUE,FALSE,FALSE,410.793279947009,341.364277000106,299.998543790777,377.1841815687,400.278412919572,291.131175528716,313.609686998261,236.435951128088,254.121918632985,341.700712216522,0.0149666831904182,0.133035778655682,0.0492160523255338,7,FALSE,0.00111861876382399,1.05168646740607
"RT0_ZT6_remainder_dataset","321410","Phpt1",387.810518030161,-0.0223016730594146,"downregulated",1,0.256216238112008,0.997427599417093,0.243767157024706,0.974749636131662,0.0136714788380747,0.00605983660587683,2.21753908575496,0.0823255583317471,1,FALSE,FALSE,"weak_effect",-0.281770859769731,0.248173228687629,-1.13537975574469,FALSE,FALSE,1,0.0823255583317471,FALSE,TRUE,FALSE,FALSE,205.396639973504,384.729771472432,393.284310057874,378.914384236446,386.980126776065,432.853447444511,523.086427734551,399.689345954625,440.905537060385,332.265189591214,0.0435923772433853,0.12904512707234,0.0712989457245636,9,FALSE,0.00111861876382399,0.613024807674835
"RT0_ZT6_remainder_dataset","80108","Hid1",177.083972107182,0.0101382253960049,"upregulated",1,0.565830699035418,0.997427599417093,0.555527653548124,0.988760802311317,0.00258823133302484,0.00605983660587683,2.21753908575496,0.0546124808635678,1,FALSE,FALSE,"weak_effect",0.154532662744028,0.269125668076974,0.574202616377079,FALSE,FALSE,1,0.0546124808635678,FALSE,TRUE,FALSE,FALSE,111.573483442397,224.611022651536,245.935201976892,186.861888116603,162.23909095079,147.00683120757,201.000803249851,177.326963346066,157.92434691072,156.360089219395,0.044982678109516,0.154413634599365,0.0812732862159071,9,FALSE,0.00111861876382399,0.25529431748921
"RT0_ZT6_remainder_dataset","29833","Ndufb8",450.525433557574,-0.0295097895118421,"downregulated",1,0.191820428495266,0.997427599417093,0.180252141865274,0.966153373262876,0.021958811765113,0.00605983660587683,2.21753908575496,0.0395046057805947,1,FALSE,FALSE,"weak_effect",-0.28284756302136,0.216706105844472,-1.30521270694771,FALSE,FALSE,1,0.0395046057805947,FALSE,TRUE,FALSE,FALSE,284.005230580648,481.468182218391,448.407717397522,424.764754931724,393.629269847819,449.187539800907,438.327052870156,484.130757071799,508.243837265971,593.089993590808,0.0238591563316241,0.1260775196243,0.0541027911770407,9,FALSE,0.00111861876382399,0.744119566027436
"RT0_ZT6_remainder_dataset","162603","Sptbn1",869.35601177495,0.00946975003591277,"upregulated",1,0.621271715097447,0.997427599417093,0.612008485811126,0.989787448729157,0.0020193537032601,0.00605983660587683,2.21753908575496,0.0282817106927101,1,FALSE,FALSE,"weak_effect",0.123761167363833,0.250503932299979,0.494048800861251,FALSE,FALSE,1,0.0282817106927101,FALSE,TRUE,FALSE,FALSE,664.36937867973,621.572087436675,814.130323785572,1284.67548080165,1147.64209418469,813.341716452338,766.466918416599,897.893671545952,892.232477724015,791.235968722282,0.0543041758598367,0.117236631109406,0.07420394023507,10,FALSE,0.00111861876382399,0.213242556097254
"RT0_ZT6_remainder_dataset","117716","Ctxn1",697.907761554923,0.01014376258639,"upregulated",1,0.583572564275013,0.997427599417093,0.573587916914977,0.989110831573975,0.00244870434923821,0.00605983660587683,2.21753908575496,0.0376697662281768,1,FALSE,FALSE,"weak_effect",0.141004000489895,0.257224986387314,0.548173808735595,FALSE,FALSE,1,0.0376697662281768,FALSE,TRUE,FALSE,FALSE,616.189919920513,1091.92091209806,558.654532076818,783.781808489087,607.731676758287,481.37531003263,632.062766845916,816.266974132684,634.903973366954,756.18974182828,0.0599967239731842,0.119572841089525,0.0780153892927538,10,FALSE,0.00111861876382399,0.24140000600208
"RT0_ZT6_remainder_dataset","163870","Mapk10",164.439440048188,-0.00516857763895823,"downregulated",1,0.741146724528684,0.997427599417093,0.734508665203381,0.991476163602975,0.000692605303976763,0.00605983660587683,2.21753908575496,0.072779414454222,1,FALSE,FALSE,"weak_effect",-0.100068971273913,0.302931633344656,-0.33033516562485,FALSE,FALSE,1,0.072779414454222,FALSE,TRUE,FALSE,FALSE,103.966200480416,162.342620332298,228.974153564692,130.630301414848,167.558405408193,165.742995969319,203.422499674548,140.73568519529,228.469232840381,112.552305601892,0.0753907216487728,0.158003614568678,0.104009831820511,10,FALSE,0.00111861876382399,0.134003076350491
"RT0_ZT6_remainder_dataset","57220","Ddb1",263.159215170206,0.0141514930273744,"upregulated",1,0.413879633798032,0.997427599417093,0.40155363662731,0.984517902230583,0.00560762019957339,0.00605983660587683,2.21753908575496,0.0988694716382193,1,FALSE,FALSE,"weak_effect",0.228326050629375,0.279439645497103,0.817085386088288,FALSE,FALSE,1,0.0988694716382193,FALSE,TRUE,FALSE,FALSE,339.791972301847,286.879424970773,218.373498307067,245.688778819979,328.467667744632,190.244134503914,197.368258612805,334.950930764791,168.345750513965,321.48173516229,0.0647983885374668,0.13914307585592,0.0899284516543288,10,FALSE,0.00111861876382399,0.396256436598323
"RT0_ZT6_remainder_dataset","275900","Gria2",399.719357295847,0.00606168063869633,"upregulated",1,0.73967950865011,0.997427599417093,0.733006823804965,0.991458848469152,0.000817672117713591,0.00605983660587683,2.21753908575496,0.0282817106927101,1,FALSE,FALSE,"weak_effect",0.0866676698772348,0.260828957980306,0.332277790580978,FALSE,FALSE,1,0.0282817106927101,FALSE,TRUE,FALSE,FALSE,628.868724857149,392.513321762337,395.404441109399,310.571378860466,331.127324973334,372.8016373107,451.64638320599,388.430491139001,444.11212278446,281.717746955634,0.056331132007008,0.128409987492821,0.0791708400761813,10,FALSE,0.00111861876382399,0.134891982347893
"RT0_ZT6_remainder_dataset","436176","Capzb",529.666525675171,0.0059374588804351,"upregulated",1,0.782214388530748,0.997427599417093,0.776565394114706,0.99193406858627,0.000652063411525921,0.00605983660587683,2.21753908575496,0.00514359431016114,1,FALSE,FALSE,"weak_effect",0.0592682995740014,0.214402714289637,0.276434464789171,FALSE,FALSE,1,0.00514359431016114,FALSE,TRUE,FALSE,FALSE,617.457800414176,434.766880478963,503.53112473717,524.251408327137,625.019448744847,522.690955404692,523.086427734551,378.578993175331,549.929451678952,617.352766055886,0.0240890125141583,0.123335600083888,0.0532957244849436,9,FALSE,0.00111861876382399,0.109821966712827
"RT0_ZT6_remainder_dataset","415909","Trnp1",585.587199635739,-0.00694313729165259,"downregulated",1,0.669322067660442,0.997427599417093,0.661056828691795,0.990538018280466,0.00124810672023605,0.00605983660587683,2.21753908575496,0.0781419852748063,1,FALSE,FALSE,"weak_effect",-0.127454591336851,0.298433558964134,-0.427078616021761,FALSE,FALSE,1,0.0781419852748063,FALSE,TRUE,FALSE,FALSE,282.737350086984,488.139796752595,585.15617022088,660.937419079097,781.939225238234,543.829192571794,418.95348147258,660.050363565912,600.433176833142,833.695820536169,0.0957989313122707,0.121845028619468,0.105223434876804,8,FALSE,0.00111861876382399,0.179761204165815
"RT0_ZT6_remainder_dataset","502910","Fdx2",411.819760174838,-0.0044285628617674,"downregulated",1,0.772681517900409,0.997427599417093,0.766799684791493,0.991832182568419,0.000510693341221702,0.00605983660587683,2.21753908575496,0.0775592632391774,1,FALSE,FALSE,"weak_effect",-0.0897883084794476,0.310826928643335,-0.288869142938632,FALSE,FALSE,1,0.0775592632391774,FALSE,TRUE,FALSE,FALSE,427.275726364635,323.573304908895,342.401164821276,392.756005578417,510.654187910684,332.927235381849,288.181874538943,334.950930764791,373.567236854799,791.90993462409,0.1054692475609,0.127802255672635,0.11356074523708,9,FALSE,0.00111861876382399,0.115318074319462
"RT0_ZT6_remainder_dataset","131107","Coro1c",279.473506760134,-0.00559089033731011,"downregulated",1,0.719840680914525,0.997427599417093,0.712705089173248,0.991217686536117,0.00082236484271763,0.00605983660587683,2.21753908575496,0.0802027501342883,1,FALSE,FALSE,"weak_effect",-0.109737655171863,0.305955687784721,-0.358671727812681,FALSE,FALSE,1,0.0802027501342883,FALSE,TRUE,FALSE,FALSE,111.573483442397,313.565883107589,303.178740368065,249.149184155471,367.032697560804,343.015939484329,312.398838785913,273.027229278863,242.097222167702,279.69584925021,0.0923568331432421,0.137309142704857,0.108772594254238,10,FALSE,0.00111861876382399,0.147090140049731
"RT0_ZT6_remainder_dataset","309552","Cpne5",279.418869521545,-0.0323787224384551,"downregulated",1,0.140616746851578,0.997427599417093,0.130343899893703,0.95379245216113,0.0286522322530715,0.00605983660587683,2.21753908575496,0.0886352130875676,1,FALSE,FALSE,"weak_effect",-0.341700197121916,0.231897260143325,-1.47349820739894,FALSE,FALSE,1,0.0886352130875676,FALSE,TRUE,FALSE,FALSE,185.110552074887,247.96167352125,313.779395625689,208.489421463433,277.934180399304,307.465267885113,336.615803032882,242.065378535899,335.088208165892,339.678814511099,0.0262529816488429,0.137314927218819,0.0608568122335116,9,FALSE,0.00111861876382399,0.884909289041072
"RT0_ZT6_remainder_dataset","83646","Spsb3",225.693157179434,-0.0169412024814976,"downregulated",1,0.347809768279829,0.997427599417093,0.335119262604196,0.981505478990141,0.00804369324298196,0.00605983660587683,2.21753908575496,0.0935095777046543,1,FALSE,FALSE,"weak_effect",-0.251409650835721,0.267785797869722,-0.938846095781495,FALSE,FALSE,1,0.0935095777046543,FALSE,TRUE,FALSE,FALSE,114.109244429725,227.946829918638,260.776119337566,174.750469442379,252.66743672664,215.70610200065,227.639463921518,258.953660759334,254.121918632985,270.260326624902,0.0494962009021362,0.14435833069015,0.0815475902968412,9,FALSE,0.00111861876382399,0.474800608266558
"RT0_ZT6_remainder_dataset","335741","Napb",777.737578493933,-0.00479996016379407,"downregulated",1,0.783215017499744,0.997427599417093,0.777590569697529,0.991944617050113,0.00052439091991864,0.00605983660587683,2.21753908575496,0.0319306414228231,1,FALSE,FALSE,"weak_effect",-0.0742034774154672,0.269701612773802,-0.275131752651778,FALSE,FALSE,1,0.0319306414228231,FALSE,TRUE,FALSE,FALSE,516.027360921088,636.027252260784,640.279577560528,910.086603234569,1086.46997792455,883.001816207559,529.140668796294,987.964510070938,777.597038088315,810.780979874706,0.0692581913552866,0.11835691121398,0.0860534934809465,11,FALSE,0.00111861876382399,0.109249014996854
"RT0_ZT6_remainder_dataset","55804","Ppp1ca",280.009522400728,-0.0174793534546695,"downregulated",1,0.421334320407092,0.997427599417093,0.409072356664937,0.984798136217085,0.00678548269066491,0.00605983660587683,2.21753908575496,0.0178125753543485,1,FALSE,FALSE,"weak_effect",-0.172609950456492,0.214660026710545,-0.804108492398754,FALSE,FALSE,1,0.0178125753543485,FALSE,TRUE,FALSE,FALSE,206.664520467168,302.446525550583,324.380050883314,244.823677486105,238.039321968782,305.063195479761,253.067276380836,306.803793725733,322.26186526959,296.544996795404,0.0164371462676221,0.137252513752813,0.0516830946027978,7,FALSE,0.00111861876382399,0.388199867246933
"RT0_ZT6_remainder_dataset","350324","Emc7",238.932825501309,0.00237557772759788,"upregulated",1,0.895832943411833,0.997427599417093,0.893074743966691,0.992978951285763,0.000116669830061006,0.00605983660587683,2.21753908575496,0.0319306414228231,1,FALSE,FALSE,"weak_effect",0.0367146176370609,0.280420217854207,0.130927141837359,FALSE,FALSE,1,0.0319306414228231,FALSE,TRUE,FALSE,FALSE,226.950608365786,257.969095322556,155.829632287082,330.468709539549,236.709493354431,188.322476579632,191.314017551063,343.395071876508,250.113686477891,208.25546365859,0.0635162849755546,0.142328511274467,0.0901939406290943,10,FALSE,0.00111861876382399,0.0491121922493268
"RT0_ZT6_remainder_dataset","228802","Pfkp",314.335065010619,-0.0221277801320553,"downregulated",1,0.305084532404988,0.997427599417093,0.292382718745661,0.978859349586267,0.0118173033599078,0.00605983660587683,2.21753908575496,0.0284688581500105,1,FALSE,FALSE,"weak_effect",-0.226865501210799,0.221204708243691,-1.02559074357889,FALSE,FALSE,1,0.0284688581500105,FALSE,TRUE,FALSE,FALSE,278.933708605993,277.983938925168,372.082999542625,274.237122837793,246.018293654887,390.576973110308,358.411070855155,273.027229278863,288.592715166797,383.486598128602,0.0226357926180992,0.134028281726767,0.0554936994890548,9,FALSE,0.00111861876382399,0.534048299891985
"RT0_ZT6_remainder_dataset","188283","Sacs",136.629888932999,0.00776062090019647,"upregulated",1,0.637427355425832,0.997427599417093,0.628490477012088,0.990052605973831,0.00156532731217246,0.00605983660587683,2.21753908575496,0.0759608841374065,1,FALSE,FALSE,"weak_effect",0.138043348458659,0.29289983649684,0.471298823890426,FALSE,FALSE,1,0.0759608841374065,FALSE,TRUE,FALSE,FALSE,228.218488859449,124.536804638475,90.1055696898094,156.583341431043,117.024918062865,137.87895606723,111.398035536062,130.88418723162,127.461782532002,142.206805281432,0.0581796534793335,0.168236939918498,0.0956357003129479,9,FALSE,0.00111861876382399,0.201701298427402
"RT0_ZT6_remainder_dataset","18613","Dgat2",168.663021407302,-0.0154399595563954,"downregulated",1,0.39162419337181,0.997427599417093,0.379133216747585,0.983617352100631,0.00650343702241323,0.00605983660587683,2.21753908575496,0.0828066817914747,1,FALSE,FALSE,"weak_effect",-0.2285934075207,0.266837771818404,-0.856675597172462,FALSE,FALSE,1,0.0828066817914747,FALSE,TRUE,FALSE,FALSE,116.645005417052,162.342620332298,225.793956987405,112.463173403511,159.579433722089,184.959575212138,202.211651462199,159.031324270678,205.221486340834,158.381986924818,0.0415079857506101,0.156744603619822,0.0794101564870238,9,FALSE,0.00111861876382399,0.421208164351662
"RT0_ZT6_remainder_dataset","390479","Vopp1",275.501918004583,-0.00197320881177771,"downregulated",1,0.887175849675313,0.997427599417093,0.884191519492537,0.992908912971113,0.000105475222751707,0.00605983660587683,2.21753908575496,0.0956477042898742,1,FALSE,FALSE,"weak_effect",-0.0485288806825748,0.342044957757198,-0.141878661216878,FALSE,FALSE,1,0.0956477042898742,FALSE,TRUE,FALSE,FALSE,450.09757525058,354.707506068514,226.854022513167,160.908848100409,163.568919565141,345.898426370752,197.368258612805,208.28881408903,298.212472339024,349.114337136407,0.136271428445925,0.137735597997832,0.136822211444215,8,FALSE,0.00111861876382399,0.0534536548398454
"RT0_ZT6_remainder_dataset","261912","Tcf25",496.552387560494,-0.00884058459196627,"downregulated",1,0.593699247903138,0.997427599417093,0.583902583715471,0.989301131240504,0.00206568748632208,0.00605983660587683,2.21753908575496,0.0893553560543843,1,FALSE,FALSE,"weak_effect",-0.158470749369505,0.297049273102187,-0.533483040421346,FALSE,FALSE,1,0.0893553560543843,FALSE,TRUE,FALSE,FALSE,635.208127325467,568.199171163043,580.91590811783,302.785466855607,259.316579798394,619.734680580931,560.622722317355,578.423666152643,463.351637128913,396.965916164756,0.0924232596202626,0.124376527296246,0.10391415841422,11,FALSE,0.00111861876382399,0.233659603031143
"RT0_ZT6_remainder_dataset","442210","Ywhaq",511.102622580438,-0.0355880891486619,"downregulated",1,0.120099480620046,0.997427599417093,0.110542635065816,0.945962663559764,0.0340389462870339,0.00605983660587683,2.21753908575496,0.0740932351191495,1,FALSE,FALSE,"weak_effect",-0.344486909783081,0.221626751423582,-1.55435617573387,FALSE,FALSE,1,0.0740932351191495,FALSE,TRUE,FALSE,FALSE,404.453877478691,435.878816234663,365.72260638805,397.946613581656,648.95636380316,527.975514696468,515.82133846046,589.682520968267,638.912205522048,585.676368670922,0.0281688007633663,0.123902534946658,0.0569500491753034,9,FALSE,0.00111861876382399,0.956470187113538
"RT0_ZT6_remainder_dataset","394497","Mgll",196.123045198344,0.00145915929131081,"upregulated",1,0.938216112131774,0.997427599417093,0.936573827240809,0.993302859348978,4.15247300701276e-05,0.00605983660587683,2.21753908575496,0.0233761408220692,1,FALSE,FALSE,"weak_effect",0.0210053378820049,0.270994071767542,0.0775121674987161,FALSE,FALSE,1,0.0233761408220692,FALSE,TRUE,FALSE,FALSE,188.914193555877,196.812628759019,276.677102224003,171.290064106887,154.260119264686,178.233772477151,237.326249620306,129.476830379667,242.898868598721,185.340622997127,0.0496436073991229,0.14988139953999,0.0830317960030841,9,FALSE,0.00111861876382399,0.028457982838066
"RT0_ZT6_remainder_dataset","414855","Ncdn",819.139122105558,0.0230034165179216,"upregulated",1,0.327341234570582,0.997427599417093,0.314620836078917,0.980324217993905,0.0115526037590912,0.00605983660587683,2.21753908575496,0.0147161291726569,1,FALSE,FALSE,"weak_effect",0.197451549768853,0.201587458531539,0.979483303213337,FALSE,FALSE,1,0.0147161291726569,FALSE,TRUE,FALSE,FALSE,742.977969286873,966.272171703884,751.586457765587,1146.25926738194,767.311110480376,777.310630372051,760.412677354857,782.490409685814,680.59781993503,816.172707089168,0.0212611681167172,0.11781963169037,0.0475705672388645,9,FALSE,0.00111861876382399,0.50221251917474
"RT0_ZT6_remainder_dataset","86280","Septin8",418.314826915194,-0.00989999444291426,"downregulated",1,0.562216460246738,0.997427599417093,0.551850323883589,0.988686755682637,0.0025559676776926,0.00605983660587683,2.21753908575496,0.0569661401675826,1,FALSE,FALSE,"weak_effect",-0.156826849846359,0.270599921103849,-0.5795524596113,FALSE,FALSE,1,0.0569661401675826,FALSE,TRUE,FALSE,FALSE,204.128759479841,375.834285426827,428.266472408035,500.893672312562,468.09967225146,391.537802072449,352.356829793413,506.648466703045,459.343404973819,496.038903730494,0.063689229853495,0.127490547860963,0.0854955307154464,10,FALSE,0.00111861876382399,0.258178698223612
"RT0_ZT6_remainder_dataset","252908","Atp6v0d1",277.976275202527,-0.009395107269044,"downregulated",1,0.66045789425266,0.997427599417093,0.65200252041053,0.990407880859772,0.00174514799077751,0.00605983660587683,2.21753908575496,0.00932309914355079,1,FALSE,FALSE,"weak_effect",-0.0940961823224867,0.214204959717701,-0.439281062616362,FALSE,FALSE,1,0.00932309914355079,FALSE,TRUE,FALSE,FALSE,247.236696264403,280.207810436569,340.281033769751,262.125704163569,212.772578296118,261.825892183417,318.453079847655,318.062648541356,285.386129442722,253.411179079709,0.015738207299745,0.137468479142928,0.051437758324286,7,FALSE,0.00111861876382399,0.185750725436378
"RT0_ZT6_remainder_dataset","396313","Itpr1",176.110759113442,0.00122715756907384,"upregulated",1,0.942928850735937,0.997427599417093,0.941411370902771,0.993337044028266,3.21767590885645e-05,0.00605983660587683,2.21753908575496,0.0712907587610313,1,FALSE,FALSE,"weak_effect",0.0234189235181895,0.327129370282338,0.0715891804455748,FALSE,FALSE,1,0.0712907587610313,FALSE,TRUE,FALSE,FALSE,281.469469593321,147.887455508189,135.688387297595,166.099456103648,158.249605107738,271.914596285897,128.349910508941,147.772469455055,208.428072064909,115.248169209123,0.105122232313956,0.154671633147735,0.122769679109099,11,FALSE,0.00111861876382399,0.0262205603416103
"RT0_ZT6_remainder_dataset","377870","Tpi1",365.32399980809,-0.00657587667480585,"downregulated",1,0.73022256197478,0.997427599417093,0.723327969061162,0.991345548393084,0.00092499399345408,0.00605983660587683,2.21753908575496,0.020936914538795,1,FALSE,FALSE,"weak_effect",-0.0843926726477539,0.244737399935234,-0.344829489363241,FALSE,FALSE,1,0.020936914538795,FALSE,TRUE,FALSE,FALSE,289.076752555302,376.946221182528,412.365489521598,391.890904244543,300.541266843267,359.350031840726,461.333168904778,437.687980957353,384.790286889063,239.257895141746,0.041017764271033,0.130357323754226,0.0691437395252828,9,FALSE,0.00111861876382399,0.14066474163027
"RT0_ZT6_remainder_dataset","509466","Hacd3",219.494721850327,-0.0029115150318294,"downregulated",1,0.857047877645354,0.997427599417093,0.853282772319294,0.992653937085035,0.00020062383219843,0.00605983660587683,2.21753908575496,0.0324862129199628,1,FALSE,FALSE,"weak_effect",-0.05008530099641,0.278045679487171,-0.180133354665994,FALSE,FALSE,1,0.0324862129199628,FALSE,TRUE,FALSE,FALSE,115.377124923388,206.820050560325,269.256643543666,207.624320129559,279.264009013655,213.784444076368,276.073392415458,182.956390753877,222.05606139223,221.734781694745,0.0582250068151464,0.145392791658833,0.0882139619656023,9,FALSE,0.00111861876382399,0.0689070226343193
"RT0_ZT6_remainder_dataset","373258","LOC685085",1251.24112300387,-0.00462120709613936,"downregulated",1,0.807868288806938,0.997427599417093,0.802854630117485,0.992196123978074,0.000440692559007741,0.00605983660587683,2.21753908575496,0.0173678465173556,1,FALSE,FALSE,"weak_effect",-0.0590305305844348,0.242747185172352,-0.243176993144216,FALSE,FALSE,1,0.0173678465173556,FALSE,TRUE,FALSE,FALSE,1115.73483442397,1638.99330390279,1057.94539471094,1115.11561936251,1198.17558153002,926.719533984974,1252.01705156835,1829.56390753877,1064.58646039307,1313.55954262328,0.0492832141240829,0.114334155604697,0.0699605073501168,10,FALSE,0.00111861876382399,0.095363083679133
"RT0_ZT6_remainder_dataset","353181","Atrn",189.852884632364,0.008954911268619,"upregulated",1,0.63820855945898,0.997427599417093,0.629287706738011,0.990065082891269,0.00180128713756471,0.00605983660587683,2.21753908575496,0.024430925605478,1,FALSE,FALSE,"weak_effect",0.11599316190492,0.246686362214669,0.470205003890655,FALSE,FALSE,1,0.024430925605478,FALSE,TRUE,FALSE,FALSE,276.397947618666,150.111327019591,152.649435709795,192.052496119842,216.76206413917,193.607035871407,169.51874972879,199.844672977312,172.353982669059,175.231134470011,0.0294461371372621,0.151273617852434,0.0677549559764769,9,FALSE,0.00111861876382399,0.201150752199748
"RT0_ZT6_remainder_dataset","223638","Gprin1",377.404662887036,-0.00271010554912656,"downregulated",1,0.84797923468381,0.997427599417093,0.843981256263247,0.992573577387778,0.000199645883140919,0.00605983660587683,2.21753908575496,0.0914686848113579,1,FALSE,FALSE,"weak_effect",-0.0637299391590654,0.332450704857823,-0.191697410256117,FALSE,FALSE,1,0.0914686848113579,FALSE,TRUE,FALSE,FALSE,143.270495783988,296.886846772079,400.704768738211,454.178200283411,550.549046341206,338.211794673624,417.742633260232,278.656656686675,436.89730490529,456.948881425645,0.13048006199608,0.12963292146441,0.130045410228939,5,FALSE,0.00111861876382399,0.0736671983883663
"RT0_ZT6_remainder_dataset","327576","Ola1",198.962385277251,-0.0194102912414699,"downregulated",1,0.298522659932598,0.997427599417093,0.285837173211271,0.97838570172342,0.0105568942735128,0.00605983660587683,2.21753908575496,0.0943686892875193,1,FALSE,FALSE,"weak_effect",-0.271366714788223,0.261028245726163,-1.03960670629073,FALSE,FALSE,1,0.0943686892875193,FALSE,TRUE,FALSE,FALSE,139.466854302997,175.685849400706,248.055333028416,127.169896079355,211.442749681767,204.176154454958,247.013035319094,189.993175013642,252.518625770948,194.102179720628,0.0418151096890889,0.149279821029985,0.0766310826479793,9,FALSE,0.00111861876382399,0.543881291742703
"RT0_ZT6_remainder_dataset","536504","Coa5",160.322765732032,0.00619444673826468,"upregulated",1,0.702346028576403,0.997427599417093,0.694810847341772,0.990993542869918,0.000979548985752952,0.00605983660587683,2.21753908575496,0.072779414454222,1,FALSE,FALSE,"weak_effect",0.114011022203175,0.298336731477246,0.382155498046243,FALSE,FALSE,1,0.072779414454222,FALSE,TRUE,FALSE,FALSE,205.396639973504,187.917142713413,98.5860938959091,209.354522797306,131.653032820723,184.479160731068,116.241428385456,197.029959273406,149.907882600531,122.661794129008,0.0695248808646758,0.159294595513507,0.100583679970258,9,FALSE,0.00111861876382399,0.158133409994799
"RT0_ZT6_remainder_dataset","229834","Camk1d",122.146761547254,2.04383459189811e-05,"upregulated",1,0.999307961443331,0.999924968733917,0.999289527916196,0.993720534488796,6.3085768431228e-09,0.00605983660587683,2.21753908575496,0.0447575912755624,1,FALSE,FALSE,"weak_effect",-0.000266588780521104,0.307362997829953,-0.000867341815388567,FALSE,FALSE,1,0.0447575912755624,FALSE,TRUE,FALSE,FALSE,96.3589175184341,87.8429247003531,197.172187791818,119.383984074497,109.045946376761,122.505692672975,125.928214084244,135.106257787479,145.899650445436,82.2238400205438,0.0686600477549613,0.17541172978036,0.105156002335707,9,FALSE,3.25868873631512e-05,0.000308663767025492
"RT0_ZT6_remainder_dataset","518022","Mrpl4",192.655876972987,0.00295667595106793,"upregulated",1,0.868909349909981,0.997427599417093,0.865450401096781,0.992756469488365,0.000185554526675992,0.00605983660587683,2.21753908575496,0.0264576230057072,1,FALSE,FALSE,"weak_effect",0.0443314910145535,0.268604075352241,0.165044000007886,FALSE,FALSE,1,0.0264576230057072,FALSE,TRUE,FALSE,FALSE,105.234080974079,227.946829918638,241.694939873842,205.894117461813,196.814634923909,183.037917287856,198.579106825154,184.36374760583,161.932579065814,221.060815792937,0.0464058731112221,0.150640044421415,0.0813937962078007,9,FALSE,0.00111861876382399,0.0627578164624267
"RT0_ZT6_remainder_dataset","40076","Cic",269.989480865661,0.00486811103824361,"upregulated",1,0.836324620794174,0.997427599417093,0.832029010261296,0.992467699054746,0.000388774800342671,0.00605983660587683,2.21753908575496,0.00514359431016114,1,FALSE,FALSE,"weak_effect",0.0448940630215106,0.21730261266141,0.206596977697007,FALSE,FALSE,1,0.00514359431016114,FALSE,TRUE,FALSE,FALSE,205.396639973504,297.99878252778,327.560247460601,290.674048181383,247.348122269237,238.285582610963,255.488972805533,316.655291689403,267.749907960306,252.737213177901,0.0172091430015298,0.138348296314557,0.0529584710999316,7,FALSE,0.00111861876382399,0.0798615309487556
"RT0_ZT6_remainder_dataset","360626","Dnajc5",183.568671855776,-0.0160892031407773,"downregulated",1,0.386324680335981,0.997427599417093,0.373800445256758,0.983387514040553,0.00687588484107352,0.00605983660587683,2.21753908575496,0.069515404698218,1,FALSE,FALSE,"weak_effect",-0.223912695427286,0.258469618610148,-0.866301798375056,FALSE,FALSE,1,0.069515404698218,FALSE,TRUE,FALSE,FALSE,129.323810353688,137.880033706883,239.574808822317,165.234354769774,174.207548479947,184.959575212138,196.157410400457,197.029959273406,250.91533290891,160.403884630241,0.0379683402604702,0.152764384346249,0.0746283988176246,9,FALSE,0.00111861876382399,0.427360185641944
"RT0_ZT6_remainder_dataset","86006","Vdac1",507.25795478401,0.00779432846472041,"upregulated",1,0.65195425486665,0.997427599417093,0.643318947063721,0.990279664170224,0.00149318801211053,0.00605983660587683,2.21753908575496,0.08636258060158,1,FALSE,FALSE,"weak_effect",0.136242437467918,0.302056863804269,0.45104897055477,FALSE,FALSE,1,0.08636258060158,FALSE,TRUE,FALSE,FALSE,355.00653822581,479.244310706989,425.086275830748,641.040088400015,755.342652951219,313.230241657959,408.055847561444,537.610317446009,415.25285126778,742.710423792125,0.0940550348097935,0.124025136607059,0.10758473894907,8,FALSE,0.00111861876382399,0.191573657547174
"RT0_ZT6_remainder_dataset","279206","Cept1",260.012317078409,0.0120052765598898,"upregulated",1,0.56668758805664,0.997427599417093,0.55639959017081,0.988778217665783,0.00305670186462712,0.00605983660587683,2.21753908575496,0.0147161291726569,1,FALSE,FALSE,"weak_effect",0.126071287134573,0.220044025961575,0.572936650216479,FALSE,FALSE,1,0.0147161291726569,FALSE,TRUE,FALSE,FALSE,348.667135757492,273.536195902365,221.553694884355,266.451210832935,247.348122269237,286.807445199082,224.006919284472,258.953660759334,264.543322236231,208.25546365859,0.01875422745264,0.139523304370368,0.0542617391145138,8,FALSE,0.00111861876382399,0.254613198569677
"RT0_ZT6_remainder_dataset","347885","Celf1",186.007454310936,-0.00464050290730898,"downregulated",1,0.782929931773345,0.997427599417093,0.777298488455954,0.991941614514656,0.000507727524665321,0.00605983660587683,2.21753908575496,0.0416016997178799,1,FALSE,FALSE,"weak_effect",-0.0773372334558343,0.280713000678022,-0.275502856187769,FALSE,FALSE,1,0.0416016997178799,FALSE,TRUE,FALSE,FALSE,205.396639973504,159.006813065196,120.847469936921,207.624320129559,214.102406910469,233.001023319187,124.717365871895,168.882822234348,181.172093410267,245.323588258016,0.0572237918923587,0.152173886041869,0.0891713714074529,9,FALSE,0.00111861876382399,0.109412176827996
"RT0_ZT6_remainder_dataset","469791","Csnk1g2",192.389268338955,-0.00887835321193252,"downregulated",1,0.582144648793001,0.997427599417093,0.5721338533435,0.989083459140899,0.00215302155469425,0.00605983660587683,2.21753908575496,0.0914686848113579,1,FALSE,FALSE,"weak_effect",-0.163586577029197,0.297292433981795,-0.550254760399367,FALSE,FALSE,1,0.0914686848113579,FALSE,TRUE,FALSE,FALSE,87.4837540627888,190.141014224815,228.974153564692,184.266584114984,216.76206413917,177.272943515011,191.314017551063,180.141677049972,189.188557720456,278.347917446595,0.0735724812299134,0.150699512733615,0.100825931231539,10,FALSE,0.00111861876382399,0.242502354130335
"RT0_ZT6_remainder_dataset","80121","Atp5pd",372.738498003411,-0.00796518738574401,"downregulated",1,0.671556444953413,0.997427599417093,0.663339537279041,0.99057027216182,0.00141990709216245,0.00605983660587683,2.21753908575496,0.024430925605478,1,FALSE,FALSE,"weak_effect",-0.105575672391762,0.248991683708436,-0.424012845808091,FALSE,FALSE,1,0.024430925605478,FALSE,TRUE,FALSE,FALSE,224.414847378458,373.610413915426,396.464506635161,309.706277526593,490.706758695422,355.987130473232,381.417186889777,468.649831700317,346.311258200157,380.116768619563,0.0438118312033349,0.129907156587005,0.0717181690369008,9,FALSE,0.00111861876382399,0.178264116510779
"RT0_ZT6_remainder_dataset","25852","Rtn3",683.973161505687,0.0104952678730785,"upregulated",1,0.621576660063742,0.997427599417093,0.612319499495763,0.989792583012753,0.00223572200941496,0.00605983660587683,2.21753908575496,0.0117750530411887,1,FALSE,FALSE,"weak_effect",0.107807299554467,0.218402708020842,0.493617045921332,FALSE,FALSE,1,0.0117750530411887,FALSE,TRUE,FALSE,FALSE,765.799818172818,785.026643524674,644.519839663578,801.948936500423,547.889389112504,625.499654353777,774.942855903039,747.306488386992,670.978062762804,475.819926676262,0.0288974269276866,0.119814182544617,0.0558071320152066,9,FALSE,0.00111861876382399,0.213021910107682
"RT0_ZT6_remainder_dataset","426110","Rad23b",189.249497220562,0.0179760575108332,"upregulated",1,0.322292493231544,0.997427599417093,0.309571485103625,0.980009706162317,0.00915411043852523,0.00605983660587683,2.21753908575496,0.0950072252260236,1,FALSE,FALSE,"weak_effect",0.26203759559194,0.264749197547365,0.989757846367261,FALSE,FALSE,1,0.0950072252260236,FALSE,TRUE,FALSE,FALSE,256.111859720049,214.60360085023,148.409173606745,215.410232134418,196.814634923909,166.70382493146,134.404151570683,219.547668904653,212.436304220004,128.05352134347,0.0437091047948555,0.151412459199467,0.0788243305842829,9,FALSE,0.00111861876382399,0.509239049386026
"RT0_ZT6_remainder_dataset","416997","Nbl1",173.000394376359,0.00523818247575057,"upregulated",1,0.733355137409706,0.997427599417093,0.726533804162445,0.991383407167745,0.000726767301087833,0.00605983660587683,2.21753908575496,0.0909024171129423,1,FALSE,FALSE,"weak_effect",0.107744631391962,0.316276568451644,0.340665866963948,FALSE,FALSE,1,0.0909024171129423,FALSE,TRUE,FALSE,FALSE,107.769841961407,203.484243293223,228.974153564692,179.941077445618,176.867205708648,199.372009644253,184.048928276972,150.587183158961,214.039597082041,84.9197036277747,0.091532802639506,0.155515653356026,0.114287710476157,9,FALSE,0.00111861876382399,0.138744174043631
"RT0_ZT6_remainder_dataset","406769","Alg2",241.993682812416,-0.00255423995161936,"downregulated",1,0.880956397626175,0.997427599417093,0.877810066881879,0.992857730785364,0.000144568558284799,0.00605983660587683,2.21753908575496,0.0286004778092168,1,FALSE,FALSE,"weak_effect",-0.0411358338129608,0.274684023919627,-0.149756921520114,FALSE,FALSE,1,0.0286004778092168,FALSE,TRUE,FALSE,FALSE,176.235388619241,253.521352299753,291.518019584677,273.37202150392,196.814634923909,245.011385345949,312.398838785913,220.955025756606,299.815765201062,150.294396103125,0.0586442232438612,0.14189085037934,0.0864150794686661,9,FALSE,0.00111861876382399,0.0565994428961712
"RT0_ZT6_remainder_dataset","56345","Men1",182.714945459295,0.00323574984697864,"upregulated",1,0.908884870259119,0.997427599417093,0.9064688786651,0.99308197776307,0.000137995352877673,0.00605983660587683,2.21753908575496,0.0307587271882839,1,FALSE,FALSE,"weak_effect",0.0320685333821629,0.280208590626802,0.114445218508214,FALSE,FALSE,1,0.0307587271882839,FALSE,TRUE,FALSE,FALSE,251.040337745394,234.618444452842,125.087732039971,159.178645432662,155.589947879036,221.951490254566,141.669240844774,157.623967418725,166.742457651927,213.647190873052,0.0563863700187338,0.152974820608336,0.0887569406017214,9,FALSE,0.00111861876382399,0.0426471017240488
"RT0_ZT6_remainder_dataset","345064","Scn2a",164.516756308837,-0.00225395889072132,"downregulated",1,0.86882908544979,0.997427599417093,0.865368059266796,0.992755785242198,0.000141546676889501,0.00605983660587683,2.21753908575496,0.0727467924584867,1,FALSE,FALSE,"weak_effect",-0.0526330492579357,0.318706215183553,-0.16514597692305,FALSE,FALSE,1,0.0727467924584867,FALSE,TRUE,FALSE,FALSE,180.039030100232,154.559070042393,98.5860938959091,234.442461479627,139.632004506828,132.594396775455,115.030580173107,194.215245569501,146.701296876455,249.367383668862,0.0926729105842384,0.157979986445745,0.115809635663458,10,FALSE,0.00111861876382399,0.0627991386498637
"RT0_ZT6_remainder_dataset","57139","Syt7",274.463167835594,-0.00424157382759329,"downregulated",1,0.789894101434528,0.997427599417093,0.784434002596779,0.992014331329158,0.00044724676899938,0.00605983660587683,2.21753908575496,0.0602846602622396,1,FALSE,FALSE,"weak_effect",-0.0794476013725666,0.298172860613574,-0.266448130822775,FALSE,FALSE,1,0.0602846602622396,FALSE,TRUE,FALSE,FALSE,191.449954543205,177.909720912107,334.980706140938,281.157933508778,349.744925574244,272.395010766967,171.940446153487,301.174366317921,270.956493684382,392.92212075391,0.08399749922957,0.137849171473546,0.103066834541125,10,FALSE,0.00111861876382399,0.105443589379453
"RT0_ZT6_remainder_dataset","42055","Lrrc4b",280.056420592858,-0.000205352505118037,"downregulated",1,0.983303507548199,0.99788344628143,0.98285883783333,0.99361622927615,1.54196173741756e-06,0.00605983660587683,2.21753908575496,0.0324862129199628,1,FALSE,FALSE,"weak_effect",-0.0060853569398623,0.290783107554495,-0.020927477497027,FALSE,FALSE,1,0.0324862129199628,FALSE,TRUE,FALSE,FALSE,245.96881577074,257.969095322556,346.641426924326,274.237122837793,273.944694556252,244.530970864879,205.844196099245,205.474100385124,257.328504357061,488.625278810609,0.0772783511206982,0.137247569367878,0.0979289596106687,10,FALSE,0.000920181751564008,0.00750885282130469
"RT0_ZT6_remainder_dataset","65767","Stub1",435.522084609847,-0.00659046453832081,"downregulated",1,0.712062855770201,0.997427599417093,0.704748577311124,0.991119415977465,0.00100152516435866,0.00605983660587683,2.21753908575496,0.0324862129199628,1,FALSE,FALSE,"weak_effect",-0.0976424653293386,0.264551331473203,-0.369087030428456,FALSE,FALSE,1,0.0324862129199628,FALSE,TRUE,FALSE,FALSE,505.884316971779,494.811411286799,503.53112473717,361.612357558983,238.039321968782,548.633337382499,503.712856336975,436.2806241054,358.33595466544,404.379541084642,0.0589554285683086,0.126709688663659,0.0817139312209371,10,FALSE,0.00111861876382399,0.15196579217371
"RT0_ZT6_remainder_dataset","233214","Celf4",282.70047848026,0.00676821790162677,"upregulated",1,0.666640091966958,0.997427599417093,0.658317053122308,0.990499013661867,0.00122887077093303,0.00605983660587683,2.21753908575496,0.0904094475475961,1,FALSE,FALSE,"weak_effect",0.132330716855147,0.307200148899415,0.430763843472209,FALSE,FALSE,1,0.0904094475475961,FALSE,TRUE,FALSE,FALSE,214.27180342915,242.401994742746,355.121951130425,294.999554850749,371.022183403856,172.468798704306,221.585222859775,329.321503356979,201.213254185739,424.598518138874,0.0947516315569903,0.136971464928567,0.109758908505182,11,FALSE,0.00111861876382399,0.181564894746911
"RT0_ZT6_remainder_dataset","69333","Anxa6",341.584689194022,-0.00326674909372181,"downregulated",1,0.849508693187731,0.997427599417093,0.845549913416543,0.992587252696461,0.00023801779097556,0.00605983660587683,2.21753908575496,0.0294382233138252,1,FALSE,FALSE,"weak_effect",-0.0518042683320157,0.273019982740527,-0.189745335898176,FALSE,FALSE,1,0.0294382233138252,FALSE,TRUE,FALSE,FALSE,205.396639973504,394.737193273738,361.482344285,378.914384236446,336.446639430737,386.733657261744,463.754865329475,244.880092239805,379.98040830295,263.520667606825,0.0631594718474221,0.131930096629654,0.0865452319246596,10,FALSE,0.00111861876382399,0.0728607505954449
"RT0_ZT6_remainder_dataset","276596","Dclk2",186.010822551427,0.00262062996993176,"upregulated",1,0.885867938916824,0.997427599417093,0.882849508372413,0.992898210428187,0.000141810989454345,0.00605983660587683,2.21753908575496,0.0221067090953248,1,FALSE,FALSE,"weak_effect",0.0376290514304576,0.262160032284348,0.143534661262338,FALSE,FALSE,1,0.0221067090953248,FALSE,TRUE,FALSE,FALSE,166.092344669932,201.260371781822,113.427011256584,236.172664147374,226.070864439626,216.18651648172,159.831964030002,170.290179086301,186.783618427399,183.992691193512,0.040985552185314,0.152173081202823,0.0771012838318028,9,FALSE,0.00111861876382399,0.0541133204921861
"RT0_ZT6_remainder_dataset","578023","Atp2b3",215.021162743628,2.53794901347297e-05,"upregulated",1,0.99828769819409,0.999674343250858,0.998242088423764,0.99371398696403,1.93930553031967e-08,0.00605983660587683,2.21753908575496,0.068411595845878,1,FALSE,FALSE,"weak_effect",-0.000711991199652667,0.331767651947617,-0.00214605370798803,FALSE,FALSE,1,0.068411595845878,FALSE,TRUE,FALSE,FALSE,163.556583682605,179.021656667808,142.04878045217,228.386752142515,363.043211717752,196.969937238901,171.940446153487,188.585818161689,167.544104082946,349.114337136407,0.116614253137696,0.146176442132041,0.127473795090804,8,FALSE,0.000141453963116279,0.000764123124627271
"RT0_ZT6_remainder_dataset","41990","Shank1",877.03480755772,0.0125659659613011,"upregulated",1,0.518566072296644,0.997427599417093,0.507488905548289,0.987709978562599,0.00370159991596189,0.00605983660587683,2.21753908575496,0.0379343139140634,1,FALSE,FALSE,"weak_effect",0.162183136563775,0.251229637524096,0.645557340137546,FALSE,FALSE,1,0.0379343139140634,FALSE,TRUE,FALSE,FALSE,917.945477412451,574.870785697247,1064.30578786551,766.479781811623,1308.55135652113,699.483484438632,747.093347019023,835.969970060025,932.314799274959,923.333285476598,0.0522060511535013,0.117153367902511,0.0746513027569135,10,FALSE,0.00111861876382399,0.294573447625242
"RT0_ZT6_remainder_dataset","300874","LOC361985",245.172517322548,-0.012397137175998,"downregulated",1,0.542870937295232,0.997427599417093,0.53217776910173,0.988273452898995,0.00339611231376383,0.00605983660587683,2.21753908575496,0.0202775793815637,1,FALSE,FALSE,"weak_effect",-0.139233984964879,0.228823619512527,-0.608477329663323,FALSE,FALSE,1,0.0202775793815637,FALSE,TRUE,FALSE,FALSE,188.914193555877,279.095874680869,283.037495378578,200.703509458574,214.102406910469,211.382371671015,256.699821017882,268.805158723005,307.030583080232,241.953758748977,0.0236030302197789,0.141447888236263,0.0587132171686643,9,FALSE,0.00111861876382399,0.273943271381961
"RT0_ZT6_remainder_dataset","72212","Rap1gap2",306.337002449752,-0.0112747162929595,"downregulated",1,0.533047431009826,0.997427599417093,0.52219533791176,0.988051963332659,0.00318135298292208,0.00605983660587683,2.21753908575496,0.0496648632113992,1,FALSE,FALSE,"weak_effect",-0.163018611024436,0.261515646700352,-0.623360831679889,FALSE,FALSE,1,0.0496648632113992,FALSE,TRUE,FALSE,FALSE,343.595613782837,217.939408117332,386.923916903299,191.187394785969,305.86058130067,259.904234259135,380.206338677428,291.322868354251,357.534308234421,328.895360082175,0.0515550921354679,0.13471498167645,0.0787895155048539,9,FALSE,0.00111861876382399,0.282167009817239
"RT0_ZT6_remainder_dataset","518655","Septin7",441.424094615147,-0.00822724679170634,"downregulated",1,0.694700220839408,0.997427599417093,0.68699310224275,0.990891985970879,0.00134143303695895,0.00605983660587683,2.21753908575496,0.00639973189801153,1,FALSE,FALSE,"weak_effect",-0.0832038558169911,0.211992687814473,-0.392484555362624,FALSE,FALSE,1,0.00639973189801153,FALSE,TRUE,FALSE,FALSE,351.202896744819,398.07300054084,349.821623501613,492.24265897383,551.878874955556,404.508993061352,485.550133151748,439.095337809306,463.351637128913,478.515790283492,0.0210881912138765,0.126455878954242,0.0516646071061836,9,FALSE,0.00111861876382399,0.163047623454205
"RT0_ZT6_remainder_dataset","91956","Ap2b1",669.83908051099,-0.00637996935180907,"downregulated",1,0.778073029859205,0.997427599417093,0.77232265609739,0.99189011791336,0.000715840376347737,0.00605983660587683,2.21753908575496,0.00232632471846581,1,FALSE,FALSE,"weak_effect",-0.0555214854340859,0.197002698606928,-0.281831090775389,FALSE,FALSE,1,0.00232632471846581,FALSE,TRUE,FALSE,FALSE,517.295241414751,712.75081940413,683.742264116789,559.720563015937,812.525283368301,689.394780336152,667.177365004022,634.717940230759,674.986294917898,746.080253301164,0.0163809297837867,0.120069236780503,0.0450917696623388,8,FALSE,0.00111861876382399,0.112201224939232
"RT0_ZT6_remainder_dataset","39364","-",437.32528855425,-0.00334716289487967,"downregulated",1,0.821221562401093,0.997427599417093,0.816543235354579,0.992325944909734,0.000294620005108191,0.00605983660587683,2.21753908575496,0.083499514810911,1,FALSE,FALSE,"weak_effect",-0.072637440486862,0.321441437787412,-0.225974102738121,FALSE,FALSE,1,0.083499514810911,FALSE,TRUE,FALSE,FALSE,272.594306137675,380.28202844963,330.740444037889,461.099010954397,687.521393619332,352.624229105739,322.0856244847,472.871902256176,365.55077254461,727.883173952355,0.123273975675578,0.126631416996769,0.121767619718994,8,FALSE,0.00111861876382399,0.0880208147499741
"RT0_ZT6_remainder_dataset","523329","Nptn",236.699306401728,0.0273733634166372,"upregulated",1,0.184795617953102,0.997427599417093,0.17336940133568,0.964856889022393,0.0208318837093555,0.00605983660587683,2.21753908575496,0.0882517338191315,1,FALSE,FALSE,"weak_effect",0.318178717105081,0.239929702363412,1.32613308802905,FALSE,FALSE,1,0.0882517338191315,FALSE,TRUE,FALSE,FALSE,380.364148099082,264.64070985676,230.034219090455,234.442461479627,204.793606610014,240.687655016315,202.211651462199,208.28881408903,214.84124351306,186.688554800743,0.0302099455126212,0.142655017430584,0.0648507035586751,9,FALSE,0.00111861876382399,0.761027550479754
"RT0_ZT6_remainder_dataset","261621","Banp",97.074353134586,0.00544276796546765,"upregulated",1,0.724720080146067,0.997427599417093,0.717697407976118,0.991278243688092,0.000784077654361612,0.00605983660587683,2.21753908575496,0.0900201025657497,1,FALSE,FALSE,"weak_effect",0.110751210679143,0.314493322527334,0.35215759046686,FALSE,FALSE,1,0.0900201025657497,FALSE,TRUE,FALSE,FALSE,60.8582636958531,92.2906677231557,157.949763338607,114.193376071258,78.4598882466936,91.7591658844634,75.0725891656069,92.8855522288916,95.3959252912469,111.878339700084,0.0634580264671483,0.19289344732047,0.108401481389491,9,FALSE,0.00111861876382399,0.144058622255495
"RT0_ZT6_remainder_dataset","506911","Ncam1",679.059960829651,0.0346113495681862,"upregulated",1,0.208465833805618,0.997427599417093,0.196600175932773,0.968880260201243,0.0244500145037654,0.00605983660587683,2.21753908575496,0.00466471236385382,1,FALSE,FALSE,"weak_effect",0.217759499979527,0.173127947064945,1.25779519523696,FALSE,FALSE,1,0.00466471236385382,FALSE,TRUE,FALSE,FALSE,683.387586084684,766.123735677763,653.000363869677,758.693869806765,791.248025538689,675.462760385108,537.616606282733,631.903226526854,612.457873298425,680.705560825813,0.00569330492078467,0.119901638990825,0.0345071071986468,11,FALSE,0.00111861876382399,0.706416097864014
"RT0_ZT6_remainder_dataset","414540","RGD1559909",224.669743765201,-0.004381009795109,"downregulated",1,0.809092293719874,0.997427599417093,0.804109247188202,0.992208205156858,0.000414815664946752,0.00605983660587683,2.21753908575496,0.0224678151419994,1,FALSE,FALSE,"weak_effect",-0.0622398010684118,0.257618058785936,-0.241597197656586,FALSE,FALSE,1,0.0224678151419994,FALSE,TRUE,FALSE,FALSE,125.520168872697,254.633288055454,255.475791708754,212.814928132798,250.007779497939,190.724548984984,260.332365654927,213.918241496841,254.121918632985,229.14840661463,0.0411748969396903,0.14452519468279,0.075176038259291,9,FALSE,0.00111861876382399,0.0946849435054575
"RT0_ZT6_remainder_dataset","19740","Tmem9b",143.488184067325,0.00063716583258751,"upregulated",1,0.971400506635982,0.997427599417093,0.970639053777403,0.993536380764533,8.24635234731099e-06,0.00605983660587683,2.21753908575496,0.0286593378367865,1,FALSE,FALSE,"weak_effect",0.0101773087153226,0.283871401028628,0.0358518282519635,FALSE,FALSE,1,0.0286593378367865,FALSE,TRUE,FALSE,FALSE,109.03772245507,152.335198530992,199.292318843343,140.146416087453,118.354746677216,137.39854158616,190.103169338714,115.403261860138,168.345750513965,104.464714780199,0.0517704839008929,0.165344736578716,0.089716028792178,9,FALSE,0.00111861876382399,0.0129422387792246
"RT0_ZT6_remainder_dataset","447028","Atp6v1d",406.119860968826,-0.00658875535872535,"downregulated",1,0.754321723527309,0.997427599417093,0.747996877623115,0.991628582478609,0.000830843467416892,0.00605983660587683,2.21753908575496,0.00965927865864688,1,FALSE,FALSE,"weak_effect",-0.0691684740833057,0.221023704563145,-0.312945954009855,FALSE,FALSE,1,0.00965927865864688,FALSE,TRUE,FALSE,FALSE,433.615128832953,478.132374951289,460.068438180909,328.738506871802,280.593837628006,389.135729667096,426.218570746671,440.502694661259,448.120354939555,376.072973208717,0.0254235961945416,0.128084016279096,0.0561621903621032,9,FALSE,0.00111861876382399,0.12610021501506
"RT0_ZT6_remainder_dataset","184526","Camk2g",281.021993403118,-0.00556382986624393,"downregulated",1,0.780114169939177,0.997427599417093,0.774413719617542,0.991911839012652,0.000617735124975692,0.00605983660587683,2.21753908575496,0.0143901077786332,1,FALSE,FALSE,"weak_effect",-0.0652272681323462,0.233646912859441,-0.279170254526692,FALSE,FALSE,1,0.0143901077786332,FALSE,TRUE,FALSE,FALSE,313.166481934911,253.521352299753,226.854022513167,231.847157478008,347.085268345543,243.570141902738,312.398838785913,363.098067803849,243.70051502974,274.978087937556,0.0288191160496532,0.137146137670831,0.0619339079834999,9,FALSE,0.00111861876382399,0.111026961612095
"RT0_ZT6_remainder_dataset","44881","Selenos",211.067678593348,0.00679399071027769,"upregulated",1,0.718597168857169,0.997427599417093,0.711432899912934,0.991202120109223,0.0010046006035027,0.00605983660587683,2.21753908575496,0.0233088799518792,1,FALSE,FALSE,"weak_effect",0.0906179315644154,0.251482962461452,0.360334277429651,FALSE,FALSE,1,0.0233088799518792,FALSE,TRUE,FALSE,FALSE,258.647620707376,229.058765674338,164.310156493182,187.726989450477,248.677950883588,202.254496530676,227.639463921518,209.696170940983,244.502161460759,138.163009870586,0.0365101099456394,0.146896639566684,0.0711541027326962,9,FALSE,0.00111861876382399,0.147866054921591
"RT0_ZT6_remainder_dataset","509046","Coro2b",208.668744647107,-0.00477045573124217,"downregulated",1,0.75797611766695,0.997427599417093,0.751738859218873,0.991669906329279,0.000591216887423091,0.00605983660587683,2.21753908575496,0.0762360397376291,1,FALSE,FALSE,"weak_effect",-0.094924557804621,0.308057000757359,-0.308139589657917,FALSE,FALSE,1,0.0762360397376291,FALSE,TRUE,FALSE,FALSE,215.539683922813,259.081031078256,261.836184863328,134.955808084214,136.972347278126,229.157707470623,250.645579956139,236.435951128088,242.097222167702,119.965930521777,0.0881338476919414,0.147346951712299,0.109082505450902,10,FALSE,0.00111861876382399,0.123932999430464
"RT0_ZT6_remainder_dataset","254987","Pgbd5",198.38187629245,0.00860375847386033,"upregulated",1,0.624213618321547,0.997427599417093,0.615009084762025,0.989836768863863,0.00181641231567128,0.00605983660587683,2.21753908575496,0.0319306414228231,1,FALSE,FALSE,"weak_effect",0.1249611684683,0.255081437965995,0.489887345252299,FALSE,FALSE,1,0.0319306414228231,FALSE,TRUE,FALSE,FALSE,174.967508125578,255.745223811154,127.207863091496,220.600840137657,256.656922569693,199.372009644253,171.940446153487,201.252029829265,181.973739841286,194.102179720628,0.0367665203605664,0.149401414564046,0.0730455408385418,9,FALSE,0.00111861876382399,0.211118468886574
"RT0_ZT6_remainder_dataset","568365","Wdr13",340.047087979405,0.0107993581352126,"upregulated",1,0.554111518919442,0.997427599417093,0.543606153462194,0.988517152509905,0.00285875895527096,0.00605983660587683,2.21753908575496,0.0456219854884565,1,FALSE,FALSE,"weak_effect",0.154336926549345,0.260875959557037,0.591610383767851,FALSE,FALSE,1,0.0456219854884565,FALSE,TRUE,FALSE,FALSE,291.61251354263,371.386542404024,278.797233275528,280.292832174905,570.496475556467,326.681847127933,276.073392415458,320.877362245262,314.245400959401,370.007280092447,0.0526940365539357,0.132039537809118,0.0787578462625313,9,FALSE,0.00111861876382399,0.264715635825581
"RT0_ZT6_remainder_dataset","475616","Arhgef25",264.015233461957,0.000241297796387025,"upregulated",1,0.990260530885501,0.999068620855844,0.990001118260698,0.993661992559072,1.05309955427692e-06,0.00605983660587683,2.21753908575496,0.0232166445937916,1,FALSE,FALSE,"weak_effect",0.0033597420705658,0.275232635581488,0.0122069174807981,FALSE,FALSE,1,0.0232166445937916,FALSE,TRUE,FALSE,FALSE,327.11316736521,299.110718283481,214.133236204018,184.266584114984,296.551781000215,222.912319216707,296.657812025382,298.359652614016,331.881622441817,169.165441353742,0.0611558434705047,0.139041214375424,0.0871284522950125,10,FALSE,0.000404681307999665,0.00436431484267605
"RT0_ZT6_remainder_dataset","200155","Saraf",493.740186201313,-0.0217138387896059,"downregulated",1,0.35040533521721,0.997427599417093,0.337721650911639,0.981645376797871,0.0102367959659667,0.00605983660587683,2.21753908575496,0.0159351534222535,1,FALSE,FALSE,"weak_effect",-0.192732898294288,0.206395592730755,-0.933803361517072,FALSE,FALSE,1,0.0159351534222535,FALSE,TRUE,FALSE,FALSE,550.260134250005,480.35624646269,421.90607925346,469.750024293128,381.660812318662,583.223180019574,435.905356445459,605.163446339748,564.359087437292,444.817495193106,0.0186072512701005,0.124471359833554,0.04908132424758,9,FALSE,0.00111861876382399,0.47144109639733
"RT0_ZT6_remainder_dataset","422577","Calb1",185.353632271007,0.00711810631763241,"upregulated",1,0.657068195734297,0.997427599417093,0.648540803062136,0.990357174700518,0.00133865025742113,0.00605983660587683,2.21753908575496,0.0843963300207808,1,FALSE,FALSE,"weak_effect",0.133681491294654,0.301108463809631,0.443964575433426,FALSE,FALSE,1,0.0843963300207808,FALSE,TRUE,FALSE,FALSE,313.166481934911,132.32035492838,174.910811750806,205.894117461813,142.291661735529,173.910042147517,186.470624701669,233.621237424182,159.527639772757,131.423350852508,0.0771473665577366,0.152330670357211,0.103422134066069,10,FALSE,0.00111861876382399,0.188062695004307
"RT0_ZT6_remainder_dataset","255539","Dync1li2",333.771487280066,0.020474227749037,"upregulated",1,0.35466659720059,0.997427599417093,0.341995540227098,0.981870594516627,0.00954057158253125,0.00605983660587683,2.21753908575496,0.02093219237215,1,FALSE,FALSE,"weak_effect",0.19806226793969,0.21398822052445,0.925575564179527,FALSE,FALSE,1,0.02093219237215,FALSE,TRUE,FALSE,FALSE,311.898601441247,316.901690374691,291.518019584677,437.741274939821,425.545156592236,308.426096847254,290.60357096364,302.581723169874,292.600947321892,359.897791565331,0.0192156378049978,0.13249666969617,0.0519641556223075,8,FALSE,0.00111861876382399,0.465979557298808
"RT0_ZT6_remainder_dataset","217748","Amph",169.240266417391,0.00317505004501446,"upregulated",1,0.840665744216243,0.997427599417093,0.836480771541648,0.992507485703525,0.000246206200887845,0.00605983660587683,2.21753908575496,0.0652173417383386,1,FALSE,FALSE,"weak_effect",0.0619189868247154,0.307990326209826,0.201041985917868,FALSE,FALSE,1,0.0652173417383386,FALSE,TRUE,FALSE,FALSE,180.039030100232,154.559070042393,241.694939873842,165.234354769774,121.014403905917,141.241857434724,197.368258612805,208.28881408903,193.998436306569,88.9634990386211,0.0818422786403236,0.156577413303749,0.107929849892929,10,FALSE,0.00111861876382399,0.0775440378568029
"RT0_ZT6_remainder_dataset","355272","-",108.845471367324,-0.0022858984656053,"downregulated",1,0.87187779089243,0.997427599417093,0.868495722122472,0.992781685096569,0.000139970858058534,0.00605983660587683,2.21753908575496,0.0914686848113579,1,FALSE,FALSE,"weak_effect",-0.0542389407365781,0.336315972664849,-0.161273757849822,FALSE,FALSE,1,0.0914686848113579,FALSE,TRUE,FALSE,FALSE,120.448646898043,70.0519526091423,180.211139379619,67.4779040421068,95.7476602332532,94.1612382898159,141.669240844774,91.4781953769387,127.461782532002,99.7469534675449,0.0948489132800626,0.183683071323077,0.126493276629775,10,FALSE,0.00111861876382399,0.0612323163800148
"RT0_ZT6_remainder_dataset","558203","Ubqln2",350.160160948724,-0.00666751186336418,"downregulated",1,0.754723474932336,0.997427599417093,0.748408243305432,0.991633145363716,0.000839182628542619,0.00605983660587683,2.21753908575496,0.00514359431016114,1,FALSE,FALSE,"weak_effect",-0.0664121282163035,0.212575129319941,-0.312417207171721,FALSE,FALSE,1,0.00514359431016114,FALSE,TRUE,FALSE,FALSE,261.183381694703,272.424260146664,397.524572160924,382.374789571939,396.28892707652,351.663400143598,375.362945828034,365.912781507755,338.294793889968,360.571757467139,0.0183150469120036,0.131337352312213,0.0513635879726797,8,FALSE,0.00111861876382399,0.125861437630678
"RT0_ZT6_remainder_dataset","94507","Casc3",116.403657440655,0.0133258960261709,"upregulated",1,0.435686566454292,0.997427599417093,0.423559658991228,0.985310458048044,0.00497169738278494,0.00605983660587683,2.21753908575496,0.0956477042898742,1,FALSE,FALSE,"weak_effect",0.218902288545295,0.28082478806707,0.77949774324414,FALSE,FALSE,1,0.0956477042898742,FALSE,TRUE,FALSE,FALSE,169.895986150923,114.529382837169,78.4448489064223,132.360504082594,131.653032820723,124.907765078327,82.3376784396979,119.625332415997,105.817328894492,104.464714780199,0.0399351513775503,0.178751161848225,0.0860360298664945,9,FALSE,0.00111861876382399,0.373085410018279
"RT0_ZT6_remainder_dataset","137168","Xpr1",216.486731699736,0.0294310032973272,"upregulated",1,0.172344895576364,0.997427599417093,0.161196439830994,0.962303053809682,0.0233283244885925,0.00605983660587683,2.21753908575496,0.0855596620497831,1,FALSE,FALSE,"weak_effect",0.322323550940761,0.236185022371165,1.36470783669859,FALSE,FALSE,1,0.0855596620497831,FALSE,TRUE,FALSE,FALSE,248.504576758067,211.267793583128,188.691663585718,285.483440178144,267.295551484498,167.664653893601,168.307901516441,251.91687649957,205.221486340834,170.513373157357,0.025991271789323,0.145916145664212,0.0623047553609314,9,FALSE,0.00111861876382399,0.792644554211003
"RT0_ZT6_remainder_dataset","315622","Pfdn6",165.363640820567,0.00657296875912198,"upregulated",1,0.680460870062577,0.997427599417093,0.672438148838595,0.990696676693778,0.00113283575918103,0.00605983660587683,2.21753908575496,0.083499514810911,1,FALSE,FALSE,"weak_effect",0.124924996280277,0.303337999299722,0.411834312116108,FALSE,FALSE,1,0.083499514810911,FALSE,TRUE,FALSE,FALSE,138.198973809333,125.648740394176,234.274481193504,145.337024090692,219.421721367872,104.249942392296,175.572990790532,119.625332415997,197.205022030645,194.102179720628,0.0762861554994899,0.157722622009349,0.104387794782746,10,FALSE,0.00111861876382399,0.172347656089021
"RT0_ZT6_remainder_dataset","138564","Atp1b1",268.180320262673,-0.0116809300411628,"downregulated",1,0.529700194834106,0.997427599417093,0.518795088873378,0.987974596076531,0.00332911346490991,0.00605983660587683,2.21753908575496,0.0384680358899632,1,FALSE,FALSE,"weak_effect",-0.15883045803052,0.252728118785664,-0.628463737211697,FALSE,FALSE,1,0.0384680358899632,FALSE,TRUE,FALSE,FALSE,234.557891327767,255.745223811154,311.659264574164,177.345773443999,288.57280931411,253.178431524148,360.832767279852,201.252029829265,314.245400959401,284.413610562865,0.0417117524417174,0.138554871371234,0.0728893443304569,9,FALSE,0.00111861876382399,0.285004143777794
"RT0_ZT6_remainder_dataset","518220","Timm29",170.391242446699,-0.0233885080016826,"downregulated",1,0.254396543803203,0.997427599417093,0.241963116634321,0.974566161486868,0.0144131874719511,0.00605983660587683,2.21753908575496,0.060307429391191,1,FALSE,FALSE,"weak_effect",-0.269765544870396,0.236691374985656,-1.13973542503078,FALSE,FALSE,1,0.060307429391191,FALSE,TRUE,FALSE,FALSE,129.323810353688,146.775519752489,209.892974100968,154.853138763296,131.653032820723,186.88123313642,177.994687215229,164.66075167849,221.254414961211,180.622861684473,0.0191421020992348,0.156247431633387,0.0612303943358832,7,FALSE,0.00111861876382399,0.616250830147616
"RT0_ZT6_remainder_dataset","450660","Ppp1r13b",148.116804999173,0.00327366850326439,"upregulated",1,0.829642430795168,0.997427599417093,0.825177060003513,0.992405628741403,0.000273196979505659,0.00605983660587683,2.21753908575496,0.0814418609427434,1,FALSE,FALSE,"weak_effect",0.069066757434829,0.321001569450468,0.215160186141975,FALSE,FALSE,1,0.0814418609427434,FALSE,TRUE,FALSE,FALSE,57.0546222148623,159.006813065196,185.511467008431,188.59209078435,167.558405408193,148.928489131852,136.82584799538,149.179826307008,161.130932634795,127.379555441662,0.0896295761321067,0.163544184663225,0.116920613849058,10,FALSE,0.00111861876382399,0.0834528539567266
"RT0_ZT6_remainder_dataset","178305","Bnip3l",207.932608571599,-0.0187834910273005,"downregulated",1,0.346894165377773,0.997427599417093,0.334201412128567,0.981455627583836,0.00894078619002002,0.00605983660587683,2.21753908575496,0.045023869272139,1,FALSE,FALSE,"weak_effect",-0.224487400903382,0.238656266482855,-0.940630657689054,FALSE,FALSE,1,0.045023869272139,FALSE,TRUE,FALSE,FALSE,125.520168872697,199.03650027042,233.214415667742,185.99678678273,214.102406910469,199.372009644253,224.006919284472,258.953660759334,201.213254185739,237.909963338131,0.0247271859036702,0.147487217774198,0.0634527478033869,9,FALSE,0.00111861876382399,0.475991719378747
"RT0_ZT6_remainder_dataset","22870","Oat",175.375491219445,-0.00686913201568928,"downregulated",1,0.674676946237011,0.997427599417093,0.666527805008813,0.990614954979379,0.00121021555357539,0.00605983660587683,2.21753908575496,0.0715625454966883,1,FALSE,FALSE,"weak_effect",-0.123454696782679,0.294123312038382,-0.419737884518886,FALSE,FALSE,1,0.0715625454966883,FALSE,TRUE,FALSE,FALSE,270.058545150348,124.536804638475,146.28904255522,122.844389409989,176.867205708648,182.557502806786,186.470624701669,151.994540010914,240.493929305664,151.642327906741,0.0688953874231907,0.154868451377226,0.0980685271034197,9,FALSE,0.00111861876382399,0.176181728755718
"RT0_ZT6_remainder_dataset","53500","Zfp771",165.672745353283,-0.00216002312146066,"downregulated",1,0.898280822314454,0.997427599417093,0.895586690718876,0.992998506085812,0.000103448624553239,0.00605983660587683,2.21753908575496,0.0282817106927101,1,FALSE,FALSE,"weak_effect",-0.0352390527838023,0.27566390672456,-0.127833393941604,FALSE,FALSE,1,0.0282817106927101,FALSE,TRUE,FALSE,FALSE,124.252288379033,209.043922071726,204.592646472155,140.146416087453,138.302175892477,141.241857434724,153.777722968259,243.472735387852,156.321054048682,145.576634790471,0.0496807596244085,0.157629341955804,0.0851219360014573,9,FALSE,0.00111861876382399,0.0478923690794963
"RT0_ZT6_remainder_dataset","531302","Rpsa",276.335373088533,0.000882341470495409,"upregulated",1,0.952531098126555,0.997427599417093,0.951268242469927,0.993405629109852,1.91441643648155e-05,0.00605983660587683,2.21753908575496,0.087028684543934,1,FALSE,FALSE,"weak_effect",0.0204480817968252,0.343500214562276,0.0595285852233958,FALSE,FALSE,1,0.087028684543934,FALSE,TRUE,FALSE,FALSE,264.987023175694,242.401994742746,225.793956987405,296.729757518495,363.043211717752,245.49179982702,197.368258612805,202.659386681218,171.552336238041,553.326005384151,0.138530949857459,0.13764508819903,0.138042361647179,5,FALSE,0.00111861876382399,0.0216970016767619
"RT0_ZT6_remainder_dataset","268115","Sub1",138.355557913894,0.0069676545372788,"upregulated",1,0.658743233272727,0.997427599417093,0.650251380779044,0.990382297538346,0.00130238504609635,0.00605983660587683,2.21753908575496,0.0708158038251647,1,FALSE,FALSE,"weak_effect",0.128605000943516,0.291192793840558,0.441648981924782,FALSE,FALSE,1,0.0708158038251647,FALSE,TRUE,FALSE,FALSE,174.967508125578,184.581335446311,89.0455041640469,127.169896079355,147.610976192932,144.604758802217,85.9702230767434,157.623967418725,125.056843238945,146.924566594086,0.0564859064421249,0.167482213286673,0.0945273304107253,9,FALSE,0.00111861876382399,0.186918716926657
"RT0_ZT6_remainder_dataset","157473","Pcdh7",106.4788525541,0.0078559417442023,"upregulated",1,0.619392297439318,0.997427599417093,0.610091745016473,0.989755692385322,0.00168592320973379,0.00605983660587683,2.21753908575496,0.0976515773420039,1,FALSE,FALSE,"weak_effect",0.152158457576622,0.306331471177894,0.496711803692738,FALSE,FALSE,1,0.0976515773420039,FALSE,TRUE,FALSE,FALSE,171.163866644587,84.507117433251,76.3247178548974,89.1054373889359,140.961833121178,118.662376824411,87.1810712890919,92.8855522288916,100.20580387736,103.790748878391,0.0605356580021559,0.185371291526836,0.103208694755287,9,FALSE,0.00111861876382399,0.21460485128699
"RT0_ZT6_remainder_dataset","5736","Psmb1",245.605128997689,-0.00202499213718734,"downregulated",1,0.9016471518002,0.997427599417093,0.899041213779426,0.993025221351014,9.35959443817219e-05,0.00605983660587683,2.21753908575496,0.0347314497480483,1,FALSE,FALSE,"weak_effect",-0.0352685277059837,0.285388280552655,-0.123580854959027,FALSE,FALSE,1,0.0347314497480483,FALSE,TRUE,FALSE,FALSE,210.468161948159,266.864581368161,173.850746225044,243.958576152232,316.499210215476,164.301752526107,208.265892523942,372.949565767519,225.262647116306,273.630156133941,0.0689493818532663,0.141388491370987,0.0936707883097122,10,FALSE,0.00111861876382399,0.0462203989155849
"RT0_ZT6_remainder_dataset","85985","Skp1",200.913171386311,0.000309580925558127,"upregulated",1,0.987042724710775,0.998498922705941,0.986697618933635,0.993640907620016,1.80049784135279e-06,0.00605983660587683,2.21753908575496,0.0310854617321892,1,FALSE,FALSE,"weak_effect",0.00468848678434689,0.288695478174799,0.0162402501555917,FALSE,FALSE,1,0.0310854617321892,FALSE,TRUE,FALSE,FALSE,252.308218239058,240.178123231345,151.589370184032,195.512901455335,164.898748179492,136.437712624019,199.789955037502,292.730225206204,149.907882600531,225.778577105592,0.0672931171724416,0.148876357044468,0.0950363763963244,10,FALSE,0.000652399359245185,0.0058159198216323
"RT0_ZT6_remainder_dataset","478513","Mrpl13",240.60713177962,-0.00804339980239086,"downregulated",1,0.692584763511408,0.997427599417093,0.684830373492022,0.990863485203399,0.00132247155383848,0.00605983660587683,2.21753908575496,0.0147161291726569,1,FALSE,FALSE,"weak_effect",-0.0905613161346538,0.229066310085562,-0.395349783653593,FALSE,FALSE,1,0.0147161291726569,FALSE,TRUE,FALSE,FALSE,164.824464176269,237.954251719944,273.496905646716,243.093474818359,246.018293654887,234.442266762399,282.1276334772,192.807888717548,263.741675805212,267.564463017671,0.0216078669282515,0.142087728675113,0.0587865573615979,8,FALSE,0.00111861876382399,0.164416986141281
"RT0_ZT6_remainder_dataset","203508","Erc2",140.677085557039,0.00265281746248143,"upregulated",1,0.860630297255172,0.997427599417093,0.856957476412002,0.992685207186803,0.000177846813730421,0.00605983660587683,2.21753908575496,0.0736856801091654,1,FALSE,FALSE,"weak_effect",0.0559413024054228,0.318623364143114,0.175571877962772,FALSE,FALSE,1,0.0736856801091654,FALSE,TRUE,FALSE,FALSE,72.2691881388256,112.305511325768,187.631598059956,170.424962773013,174.207548479947,123.466521635116,112.60888374841,133.698900935526,194.800082737588,125.357657736239,0.0858831845416076,0.166496096402806,0.114731433187748,10,FALSE,0.00111861876382399,0.0670407279225552
"RT0_ZT6_remainder_dataset","509315","Map2k1",254.295963991328,0.0116074485941375,"upregulated",1,0.542613890393136,0.997427599417093,0.53191650107675,0.988267760601632,0.00318225790785229,0.00605983660587683,2.21753908575496,0.0324862129199628,1,FALSE,FALSE,"weak_effect",0.151420872419773,0.248693650337675,0.608865052300992,FALSE,FALSE,1,0.0324862129199628,FALSE,TRUE,FALSE,FALSE,330.916808846201,232.39457294144,236.394612245029,287.21364284589,250.007779497939,212.343200633156,260.332365654927,267.397801871052,306.228936649213,159.729918728433,0.0384620937341239,0.140238064246982,0.0702966726316054,9,FALSE,0.00111861876382399,0.27415653681719
"RT0_ZT6_remainder_dataset","85983","Skp1",231.969635706972,-0.0142935675080364,"downregulated",1,0.493018524687756,0.997427599417093,0.481572569927555,0.987057138514917,0.00453589581629098,0.00605983660587683,2.21753908575496,0.0191205124909457,1,FALSE,FALSE,"weak_effect",-0.153231170227897,0.223526840891127,-0.685515751115238,FALSE,FALSE,1,0.0191205124909457,FALSE,TRUE,FALSE,FALSE,211.736042441822,260.192966833957,155.829632287082,243.093474818359,227.400693053976,263.747550107699,255.488972805533,237.843307980041,258.13015078808,206.233565953167,0.0185531822267647,0.143367176953105,0.0555974909315021,7,FALSE,0.00111861876382399,0.317338258187868
"RT0_ZT6_remainder_dataset","316880","Adarb1",122.481059521616,0.00391535194367232,"upregulated",1,0.802066798064222,0.997427599417093,0.79690840208387,0.992138352197421,0.000386020790106264,0.00605983660587683,2.21753908575496,0.0705290939065923,1,FALSE,FALSE,"weak_effect",0.0772192979878218,0.308047705847897,0.250673179906588,FALSE,FALSE,1,0.0705290939065923,FALSE,TRUE,FALSE,FALSE,136.93109331567,97.8503465016591,190.811794637243,133.225605416467,69.1510879462384,134.516054699737,129.560758721289,129.476830379667,104.214036032455,99.0729875657372,0.0682830739073781,0.175226991302459,0.105708914385189,9,FALSE,0.00111861876382399,0.0985915942320639
"RT0_ZT6_remainder_dataset","243240","Zmat2",112.463542309763,0.00354138793383373,"upregulated",1,0.832343656496281,0.997427599417093,0.827946829490715,0.992430842248358,0.000290385143336866,0.00605983660587683,2.21753908575496,0.0440611406713235,1,FALSE,FALSE,"weak_effect",0.0610041362193831,0.288167618581954,0.211696708046444,FALSE,FALSE,1,0.0440611406713235,FALSE,TRUE,FALSE,FALSE,106.501961467743,103.410025280162,171.730615173519,113.328274737385,78.4598882466936,94.6416527708864,131.982455145986,94.2929090808445,129.866721825059,100.420919369353,0.0459485307782295,0.181239475000696,0.0907436307754175,9,FALSE,0.00111861876382399,0.0819975525873863
"RT0_ZT6_remainder_dataset","550000","Bzw1",260.407077984122,0.0209946434796984,"upregulated",1,0.322320821963629,0.997427599417093,0.309599809538132,0.980011498463173,0.0106904580819225,0.00605983660587683,2.21753908575496,0.0282817106927101,1,FALSE,FALSE,"weak_effect",0.220486315707692,0.22278098120997,0.989699903960318,FALSE,FALSE,1,0.0282817106927101,FALSE,TRUE,FALSE,FALSE,278.933708605993,247.96167352125,231.094284616217,365.072762894475,276.604351784954,208.499884784592,216.741830010381,291.322868354251,240.493929305664,247.345485963439,0.0212759712446391,0.139475102716636,0.0557202814995247,8,FALSE,0.00111861876382399,0.509199315161508
"RT0_ZT6_remainder_dataset","564096","Acsl4",155.940875713522,-0.00349688153646379,"downregulated",1,0.843372300776852,0.997427599417093,0.8392564436384,0.992532080634521,0.000266131273100225,0.00605983660587683,2.21753908575496,0.024430925605478,1,FALSE,FALSE,"weak_effect",-0.052117995946798,0.26377937867923,-0.197581767793062,FALSE,FALSE,1,0.024430925605478,FALSE,TRUE,FALSE,FALSE,218.07544491014,151.223262775291,116.607207833871,122.844389409989,158.249605107738,159.978022196473,162.253660454699,128.069473527714,197.205022030645,144.902668888663,0.0370497821317353,0.160743636986601,0.0770461566502547,9,FALSE,0.00111861876382399,0.0761053156434202
"RT0_ZT6_remainder_dataset","112066","Ets2",171.250649845051,0.0123964050247617,"upregulated",1,0.487506994651715,0.997427599417093,0.475986458016636,0.98690723159892,0.00399666795696144,0.00605983660587683,2.21753908575496,0.0664592157468182,1,FALSE,FALSE,"weak_effect",0.186383658094172,0.26845626232244,0.694279419976086,FALSE,FALSE,1,0.0664592157468182,FALSE,TRUE,FALSE,FALSE,237.093652315094,217.939408117332,136.748452823358,117.65378140675,202.133949381312,143.163515359006,165.886205091744,184.36374760583,145.098004014417,162.425782335664,0.0443118370011898,0.156003934362582,0.0806367188457069,9,FALSE,0.00111861876382399,0.322405402935619
"RT0_ZT6_remainder_dataset","268845","Basp1",570.955768790412,-0.0048819382212949,"downregulated",1,0.76061289414443,0.997427599417093,0.754439019159188,0.991699472515995,0.00059743137963236,0.00605983660587683,2.21753908575496,0.0715074434747717,1,FALSE,FALSE,"weak_effect",-0.0927039494373469,0.304270552966527,-0.304676047463408,FALSE,FALSE,1,0.0715074434747717,FALSE,TRUE,FALSE,FALSE,470.383663149198,312.453947351889,522.612304200894,656.611912409732,801.886654453495,493.866086540463,541.249150919779,484.130757071799,488.202676490499,938.160535316368,0.0990984458582753,0.122206827539737,0.10940797919313,9,FALSE,0.00111861876382399,0.122375858224993
"RT0_ZT6_remainder_dataset","100757","Cct8",231.166376558584,-0.0019132918827278,"downregulated",1,0.898524145660314,0.997427599417093,0.895836385469841,0.993000443939007,9.14004446147514e-05,0.00605983660587683,2.21753908575496,0.0629273654335548,1,FALSE,FALSE,"weak_effect",-0.0399708339735756,0.313432975084405,-0.127525937444239,FALSE,FALSE,1,0.0629273654335548,FALSE,TRUE,FALSE,FALSE,297.951916010948,230.170701430039,304.238805893827,144.471922756818,163.568919565141,251.256773599866,279.705937052503,166.068108530443,315.848693821439,158.381986924818,0.0968211353664308,0.143491020785235,0.113587613981868,11,FALSE,0.00111861876382399,0.047771302141543
"RT0_ZT6_remainder_dataset","84873","Gabrb2",175.920736904937,0.000791628616185168,"upregulated",1,0.961450119938202,0.997427599417093,0.960424115022246,0.993468083643789,1.38827466305913e-05,0.00605983660587683,2.21753908575496,0.0385361816937469,1,FALSE,FALSE,"weak_effect",0.0143259385201008,0.29639511540791,0.048333922441282,FALSE,FALSE,1,0.0385361816937469,FALSE,TRUE,FALSE,FALSE,237.093652315094,179.021656667808,138.868583874883,142.741720089072,184.846177394753,134.996469180807,146.512633694168,289.915511502298,147.502943307474,157.70802102301,0.0707790254706882,0.154722341085,0.0997248791098463,10,FALSE,0.00111861876382399,0.0175369438986325
"RT0_ZT6_remainder_dataset","57752","Prune2",118.658063553693,-0.000527760715119341,"downregulated",1,0.967218549564168,0.997427599417093,0.96634587552362,0.993507851315028,7.84643104174435e-06,0.00605983660587683,2.21753908575496,0.0968367737065788,1,FALSE,FALSE,"weak_effect",-0.0145982291872086,0.355213805334547,-0.0410970209152194,FALSE,FALSE,1,0.0968367737065788,FALSE,TRUE,FALSE,FALSE,226.950608365786,101.186153768761,96.4659628443842,87.3752347211896,79.7897168610443,152.291390499345,99.2895534125768,87.25612482108,151.511175462569,104.464714780199,0.122874715704157,0.177401755408766,0.142987831409279,10,FALSE,0.00111861876382399,0.0148674026257715
"RT0_ZT6_remainder_dataset","178908","-",107.509132951774,-0.00131569188173776,"downregulated",1,0.925806446825058,0.997427599417093,0.923836120750587,0.993211147108344,4.52664600101998e-05,0.00605983660587683,2.21753908575496,0.0857125304878169,1,FALSE,FALSE,"weak_effect",-0.0314870520524143,0.338126005395689,-0.0931222430394458,FALSE,FALSE,1,0.0857125304878169,FALSE,TRUE,FALSE,FALSE,83.680112581798,100.07421801306,156.889697812845,115.923578739004,75.8002310179921,124.427350597257,125.928214084244,50.6648466703045,104.214036032455,137.489043968778,0.0947661379176459,0.184627208800124,0.127891967923688,10,FALSE,0.00111861876382399,0.0344050614270053
"RT0_ZT6_remainder_dataset","430871","-",252.880510512178,-0.00524348366764745,"downregulated",1,0.741128859569005,0.997427599417093,0.734490378326618,0.991475953190871,0.000702699638236381,0.00605983660587683,2.21753908575496,0.0679447058723285,1,FALSE,FALSE,"weak_effect",-0.0986711208653735,0.298678640831654,-0.330358811700191,FALSE,FALSE,1,0.0679447058723285,FALSE,TRUE,FALSE,FALSE,102.698319986752,273.536195902365,257.595922760279,280.292832174905,307.190409915021,301.700294112267,262.754062079624,227.99181001637,288.592715166797,226.452543007399,0.0820727903100827,0.14042004073569,0.103108455800081,9,FALSE,0.00111861876382399,0.134013889005142
"RT0_ZT6_remainder_dataset","175553","-",413.591013932426,0.00335441841674521,"upregulated",1,0.877398466812258,0.997427599417093,0.874159642676364,0.992828119117608,0.000195929055370011,0.00605983660587683,2.21753908575496,0.00428073362432758,1,FALSE,FALSE,"weak_effect",0.0325993332918721,0.211316305497185,0.154267950195194,FALSE,FALSE,1,0.00428073362432758,FALSE,TRUE,FALSE,FALSE,412.061160440672,503.706897332404,351.941754553138,352.096242886378,473.418986708863,419.401841974537,324.507320909397,391.245204842907,459.343404973819,448.187324702144,0.0201860421892802,0.12771627971604,0.0511789015997119,9,FALSE,0.00111861876382399,0.0584092474546216
"RT0_ZT6_remainder_dataset","145799","Lrrn2",254.230853330869,-0.0178668494195189,"downregulated",1,0.408410396136178,0.997427599417093,0.396040164380826,0.984305750885858,0.00718713256747932,0.00605983660587683,2.21753908575496,0.0191205124909457,1,FALSE,FALSE,"weak_effect",-0.179087151518778,0.216630461869104,-0.826694223765208,FALSE,FALSE,1,0.0191205124909457,FALSE,TRUE,FALSE,FALSE,237.093652315094,252.409416544052,291.518019584677,238.767968148993,171.547891251245,271.914596285897,274.862544203109,278.656656686675,290.997654459854,234.540133829092,0.0146351820033407,0.14024639067795,0.0523300284188303,7,FALSE,0.00111861876382399,0.402260767901677
"RT0_ZT6_remainder_dataset","113994","Gap43",295.901559313295,0.00344603202402788,"upregulated",1,0.889194327619868,0.997427599417093,0.886262657313142,0.992925367140744,0.000180701474194027,0.00605983660587683,2.21753908575496,0.0105184686485068,1,FALSE,FALSE,"weak_effect",0.0326186110148025,0.234120976128695,0.139323744305902,FALSE,FALSE,1,0.0105184686485068,FALSE,TRUE,FALSE,FALSE,318.238003909565,254.633288055454,260.776119337566,345.175432215393,315.169381601125,262.306306664487,268.808303141367,420.799698733918,263.741675805212,249.367383668862,0.0306820805201547,0.135666766315541,0.0623986786726215,9,FALSE,0.00111861876382399,0.0524375493129675
"RT0_ZT6_remainder_dataset","274429","Ankub1",247.751490207677,-0.0235934684519522,"downregulated",1,0.271890147491687,0.997427599417093,0.259325708708072,0.976228549513385,0.0138294159708429,0.00605983660587683,2.21753908575496,0.0334841697510462,1,FALSE,FALSE,"weak_effect",-0.244609455229304,0.222631262024736,-1.09872015728917,FALSE,FALSE,1,0.0334841697510462,FALSE,TRUE,FALSE,FALSE,180.039030100232,266.864581368161,262.896250389091,184.266584114984,239.369150583133,220.510246811355,286.971026326594,273.027229278863,288.592715166797,274.978087937556,0.0195369831953897,0.141096867136857,0.0553619054447427,8,FALSE,0.00111861876382399,0.586154426552684
"RT0_ZT6_remainder_dataset","417107","Igsf21",220.423270386391,-0.00213960895305935,"downregulated",1,0.906077967455455,0.997427599417093,0.903588260003765,0.993060076323271,9.42057419714325e-05,0.00605983660587683,2.21753908575496,0.0184949260757344,1,FALSE,FALSE,"weak_effect",-0.0299787334380917,0.254085079991555,-0.117986988606683,FALSE,FALSE,1,0.0184949260757344,FALSE,TRUE,FALSE,FALSE,206.664520467168,199.03650027042,273.496905646716,202.43371212632,208.783092453066,260.865063221276,238.537097832654,223.769739460512,256.526857926042,134.119214459739,0.0399565470648231,0.145234120645855,0.0729257458835749,9,FALSE,0.00111861876382399,0.0440294203465222
"RT0_ZT6_remainder_dataset","415882","Wdtc1",144.485025126078,0.0100274122371454,"upregulated",1,0.587165112482256,0.997427599417093,0.577246646965118,0.989179102940642,0.00239292742814137,0.00605983660587683,2.21753908575496,0.0380302939934783,1,FALSE,FALSE,"weak_effect",0.140076809310321,0.257992707339719,0.542948716476204,FALSE,FALSE,1,0.0380302939934783,FALSE,TRUE,FALSE,FALSE,98.8946785057613,137.880033706883,193.991991214531,177.345773443999,148.940804807283,139.800613991512,156.199419392956,115.403261860138,144.296357583399,132.097316754316,0.0289057712998601,0.16494721432284,0.0729564069556265,9,FALSE,0.00111861876382399,0.238638581076487
"RT0_ZT6_remainder_dataset","92886","Mrps23",143.361554998316,0.00804193830653625,"upregulated",1,0.684055858934803,0.997427599417093,0.676112237876944,0.990746764459144,0.00136697834864091,0.00605983660587683,2.21753908575496,0.0186085691501786,1,FALSE,FALSE,"weak_effect",0.0965587990938832,0.237283205178589,0.406934822973286,FALSE,FALSE,1,0.0186085691501786,FALSE,TRUE,FALSE,FALSE,112.841363936061,160.118748820897,190.811794637243,146.202125424565,130.323204206372,144.604758802217,146.512633694168,132.291544083573,145.899650445436,124.009725932623,0.0140390309476933,0.165395629699083,0.0605833749631737,9,FALSE,0.00111861876382399,0.169981203104962
"RT0_ZT6_remainder_dataset","226990","Rala",187.008984284856,0.00467087248233551,"upregulated",1,0.785663603900529,0.997427599417093,0.780099306261132,0.991970314500425,0.000503754103143705,0.00605983660587683,2.21753908575496,0.0395046057805947,1,FALSE,FALSE,"weak_effect",0.0758972783919698,0.279089603557211,0.271945917814927,FALSE,FALSE,1,0.0395046057805947,FALSE,TRUE,FALSE,FALSE,166.092344669932,147.887455508189,140.988714926408,275.102224171666,228.730521668327,180.635844882504,226.428615709169,166.068108530443,202.014900616758,136.141112165163,0.056360020865312,0.151935848400332,0.0881321174171172,9,FALSE,0.00111861876382399,0.107850108314629
"RT0_ZT6_remainder_dataset","148994","Kifap3",221.722769214765,-0.024559459473706,"downregulated",1,0.235490906768604,0.997427599417093,0.223249581946685,0.972492855026496,0.0159933495343969,0.00605983660587683,2.21753908575496,0.0630242164868515,1,FALSE,FALSE,"weak_effect",-0.279256635821396,0.235394857866018,-1.18633277868943,FALSE,FALSE,1,0.0630242164868515,FALSE,TRUE,FALSE,FALSE,140.73473479666,211.267793583128,236.394612245029,201.568610792447,211.442749681767,242.128898459527,259.121517442579,235.028594276135,188.386911289437,291.153269580942,0.0250014713559978,0.145014292820231,0.0618834456650753,9,FALSE,0.00111861876382399,0.651209345691007
"RT0_ZT6_remainder_dataset","545743","Klhdc3",261.880788737191,-0.00935989552602663,"downregulated",1,0.578242928256501,0.997427599417093,0.568161144099423,0.989007967287775,0.00229812083261888,0.00605983660587683,2.21753908575496,0.0669532295556924,1,FALSE,FALSE,"weak_effect",-0.155193543682696,0.279148633894106,-0.555953083193551,FALSE,FALSE,1,0.0669532295556924,FALSE,TRUE,FALSE,FALSE,120.448646898043,245.737802009848,268.196578017903,284.618338844271,319.158867444177,225.79480610313,302.712053087125,287.100797798392,259.733443650117,305.306553518904,0.0633280238253935,0.139296441480114,0.0896753624538805,10,FALSE,0.00111861876382399,0.245528470507881
"RT0_ZT6_remainder_dataset","174700","Synpr",184.113057453487,0.00362983958902928,"upregulated",1,0.832195569897633,0.997427599417093,0.827794982328212,0.992429464305851,0.000297927107664644,0.00605983660587683,2.21753908575496,0.0221798239330358,1,FALSE,FALSE,"weak_effect",0.0548821123623864,0.259016539701029,0.211886516690148,FALSE,FALSE,1,0.0221798239330358,FALSE,TRUE,FALSE,FALSE,238.361532808758,187.917142713413,150.52930465827,189.457192118223,170.218062636895,130.672738851173,171.940446153487,247.694805943711,155.519407617663,198.819941033282,0.0388134075151749,0.152631216928391,0.0750631368369628,9,FALSE,0.00111861876382399,0.0820772103993494
"RT0_ZT6_remainder_dataset","249963","Gnao1",126.189691876108,0.000787464449154148,"upregulated",1,0.957194781043228,0.997427599417093,0.956055735521833,0.993438434051764,1.53687773146701e-05,0.00605983660587683,2.21753908575496,0.0874856395139219,1,FALSE,FALSE,"weak_effect",0.0185016363348908,0.344702943060626,0.0536741467032869,FALSE,FALSE,1,0.0874856395139219,FALSE,TRUE,FALSE,FALSE,158.485061707951,116.753254348571,189.751729111481,88.2403360550627,81.119545475395,148.928489131852,152.566874755911,147.772469455055,112.230500342643,66.0486583771581,0.112601463991196,0.173243202310569,0.134656558630237,10,FALSE,0.00111861876382399,0.0195167887657384
"RT0_ZT6_remainder_dataset","102671","Nit2",143.719447613923,0.00543293586652031,"upregulated",1,0.75365339947069,0.997427599417093,0.747312568107248,0.991620981053817,0.000687253966507668,0.00605983660587683,2.21753908575496,0.0372732965576529,1,FALSE,FALSE,"weak_effect",0.0857014380453495,0.273086076868682,0.313825732267414,FALSE,FALSE,1,0.0372732965576529,FALSE,TRUE,FALSE,FALSE,186.37843256855,177.909720912107,102.826355998959,135.820909418087,135.642518663775,121.544863710834,140.458392632426,194.215245569501,117.040378928757,125.357657736239,0.0407171572365773,0.165252021577021,0.0825094501376146,9,FALSE,0.00111861876382399,0.126497713831443
"RT0_ZT6_remainder_dataset","508254","Lingo1",332.463038220002,0.013476050785002,"upregulated",1,0.435578577722487,0.997427599417093,0.423450597633368,0.98530673028882,0.00502922509192535,0.00605983660587683,2.21753908575496,0.0914686848113579,1,FALSE,FALSE,"weak_effect",0.216978392890893,0.278291187769176,0.779681148476975,FALSE,FALSE,1,0.0914686848113579,FALSE,TRUE,FALSE,FALSE,181.306910593896,431.431073211861,351.941754553138,323.547898868563,498.685730381527,261.345477702346,313.609686998261,316.655291689403,299.014118770043,347.092439430984,0.067607236534648,0.132594154904452,0.0899657789567544,10,FALSE,0.00111861876382399,0.373197249859176
"RT0_ZT6_remainder_dataset","351831","B2m",152.744152007977,0.00432730490712522,"upregulated",1,0.791585033897893,0.997427599417093,0.786166679626515,0.992031791153178,0.000452140041249525,0.00605983660587683,2.21753908575496,0.0561155315078794,1,FALSE,FALSE,"weak_effect",0.0779466436761661,0.294969845741751,0.264252922125502,FALSE,FALSE,1,0.0561155315078794,FALSE,TRUE,FALSE,FALSE,220.611205897468,127.872611905577,129.327994143021,201.568610792447,105.056460533708,129.231495407962,113.819731960759,150.587183158961,153.916114755625,195.450111524243,0.0645780478427694,0.161853207862399,0.0978745092844619,9,FALSE,0.00111861876382399,0.104485366978658
"RT0_ZT6_remainder_dataset","92223","Acaca",142.026226172158,-0.00412201936657991,"downregulated",1,0.801521724236955,0.997427599417093,0.796349760323384,0.992132880614684,0.000407651830379551,0.00605983660587683,2.21753908575496,0.0846258497453562,1,FALSE,FALSE,"weak_effect",-0.080405414857297,0.319858350390617,-0.251378195251443,FALSE,FALSE,1,0.0846258497453562,FALSE,TRUE,FALSE,FALSE,97.6267980120977,138.991969462584,77.3847833806598,183.401482781111,192.825149080857,140.761442953653,112.60888374841,175.919606494113,119.445318221813,181.296827586281,0.08776722633598,0.165937832156528,0.11570129113918,10,FALSE,0.00111861876382399,0.0988961463123315
"RT0_ZT6_remainder_dataset","514917","Wdr6",117.49108634173,4.35208264086011e-05,"upregulated",1,0.999557153326866,0.999924968733917,0.999545357412686,0.993722131602188,8.59508750371096e-09,0.00605983660587683,2.21753908575496,0.0517494786395256,1,FALSE,FALSE,"weak_effect",0.000175071001218941,0.315428454630629,0.000555026024598673,FALSE,FALSE,1,0.0517494786395256,FALSE,TRUE,FALSE,FALSE,167.360225163596,113.417447081468,81.6250454837097,136.68601075196,87.7686885471487,117.221133381199,85.9702230767434,168.882822234348,86.5778145500392,129.401453147085,0.0743174476716468,0.17809380100152,0.110854021103968,9,FALSE,3.25868873631512e-05,0.000197493664826463
"RT0_ZT6_remainder_dataset","534773","Rims1",271.157224904377,-0.00571259099665882,"downregulated",1,0.726359727623207,0.997427599417093,0.719375139610068,0.991298407629408,0.000817155149792214,0.00605983660587683,2.21753908575496,0.0602846602622396,1,FALSE,FALSE,"weak_effect",-0.101784207725016,0.290835307067854,-0.349971978131491,FALSE,FALSE,1,0.0602846602622396,FALSE,TRUE,FALSE,FALSE,313.166481934911,302.446525550583,220.493629358592,164.369253435901,307.190409915021,197.450351719971,282.1276334772,365.912781507755,201.213254185739,357.2019279581,0.0765395010485677,0.138216423844102,0.0978181639863519,10,FALSE,0.00111861876382399,0.143044574742031
"RT0_ZT6_remainder_dataset","66335","Npm1",288.807904345515,0.0124525704137436,"upregulated",1,0.49010705014408,0.997427599417093,0.478621470179351,0.986978374172264,0.00398491995561472,0.00605983660587683,2.21753908575496,0.0811367018597001,1,FALSE,FALSE,"weak_effect",0.192038812567131,0.278261237687315,0.690138569652043,FALSE,FALSE,1,0.0811367018597001,FALSE,TRUE,FALSE,FALSE,267.522784163021,297.99878252778,250.175464079941,423.89965359785,299.211438228916,293.052833452998,267.597454929018,308.211150577686,333.484915303855,146.924566594086,0.0657404283608318,0.136353025610044,0.0894870332163575,10,FALSE,0.00111861876382399,0.320007823542732
"RT0_ZT6_remainder_dataset","377880","Usp5",382.965394795088,-0.00513634217638243,"downregulated",1,0.734302107432425,0.997427599417093,0.727502968844212,0.991394787239794,0.000709663898362035,0.00605983660587683,2.21753908575496,0.0887456621802845,1,FALSE,FALSE,"weak_effect",-0.106847765551381,0.314805915875825,-0.339408378823248,FALSE,FALSE,1,0.0887456621802845,FALSE,TRUE,FALSE,FALSE,136.93109331567,430.31913745616,349.821623501613,406.597626920387,519.962988211139,388.655315186026,342.670044094625,460.205690588599,392.806751199252,401.683677477411,0.108639469756691,0.129314839041243,0.116359768996443,8,FALSE,0.00111861876382399,0.138165230039611
"RT0_ZT6_remainder_dataset","540887","Serpine2",142.793920844654,-0.00108369873833925,"downregulated",1,0.942485768114304,0.997427599417093,0.940956549491644,0.993333844886334,2.86426241936916e-05,0.00605983660587683,2.21753908575496,0.0602846602622396,1,FALSE,FALSE,"weak_effect",-0.0228309728644691,0.31645541604161,-0.0721459381231356,FALSE,FALSE,1,0.0602846602622396,FALSE,TRUE,FALSE,FALSE,154.68142022696,157.894877309495,94.3458317928592,86.5101333873164,216.76206413917,178.714186958222,153.777722968259,102.737050192562,153.114468324606,129.401453147085,0.0844042606474937,0.16562487508561,0.113158359206956,10,FALSE,0.00111861876382399,0.0264304305065316
"RT0_ZT6_remainder_dataset","347803","C1qtnf4",240.865225129607,0.011584702817299,"upregulated",1,0.552116818894318,0.997427599417093,0.541577673015372,0.988474639172266,0.00308546103783038,0.00605983660587683,2.21753908575496,0.0267398159794028,1,FALSE,FALSE,"weak_effect",0.143686012004496,0.241655160587323,0.594591117587885,FALSE,FALSE,1,0.0267398159794028,FALSE,TRUE,FALSE,FALSE,218.07544491014,305.782332817685,286.217691955865,268.181413500681,186.176006009103,231.079365394905,262.754062079624,171.697535938254,208.428072064909,270.260326624902,0.0296028487210686,0.142050909951994,0.0659400897940191,9,FALSE,0.00111861876382399,0.266339248100777
"RT0_ZT6_remainder_dataset","231384","-",344.563888454156,-0.00109961253074569,"downregulated",1,0.958994297204507,0.997427599417093,0.957903046925531,0.99345100512939,2.05390525312832e-05,0.00605983660587683,2.21753908575496,0.00232632471846581,1,FALSE,FALSE,"weak_effect",-0.0106580663362163,0.207292174086229,-0.0514156715428278,FALSE,FALSE,1,0.00232632471846581,FALSE,TRUE,FALSE,FALSE,289.076752555302,359.155249091317,378.443392697199,327.873405537929,360.38355448905,337.731380192554,427.42941895902,356.061283544085,339.898086752006,269.586360723094,0.016024547586574,0.13172082714581,0.0486580719574287,7,FALSE,0.00111861876382399,0.0186784453223308
"RT0_ZT6_remainder_dataset","224952","Dtnbp1",292.534273820516,-0.00931319308396779,"downregulated",1,0.638578483353852,0.997427599417093,0.629665227010595,0.990070980298892,0.0018709300572324,0.00605983660587683,2.21753908575496,0.0184949260757344,1,FALSE,FALSE,"weak_effect",-0.109564737491823,0.233271691110858,-0.469687243102956,FALSE,FALSE,1,0.0184949260757344,FALSE,TRUE,FALSE,FALSE,259.915501201039,343.588148511507,218.373498307067,240.49817081674,345.755439731192,345.898426370752,257.91066923023,326.506789653074,333.484915303855,253.411179079709,0.0293364073561439,0.135988376976878,0.061863374980658,9,FALSE,0.00111861876382399,0.200890289760353
"RT0_ZT6_remainder_dataset","341296","Lrrc8a",198.651775524789,0.00296075655003151,"upregulated",1,0.874137785166812,0.997427599417093,0.870814315415367,0.992800765912562,0.000177865792181294,0.00605983660587683,2.21753908575496,0.0217523909538435,1,FALSE,FALSE,"weak_effect",0.0409358992249001,0.258425779834064,0.158404859032195,FALSE,FALSE,1,0.0217523909538435,FALSE,TRUE,FALSE,FALSE,125.520168872697,232.39457294144,226.854022513167,197.243104123081,224.741035825275,199.372009644253,194.946562188108,206.881457237077,235.684050719551,142.88077118324,0.0395376366484739,0.149344793019452,0.0751061368895176,9,FALSE,0.00111861876382399,0.0600744401559802
"RT0_ZT6_remainder_dataset","88406","Gas7",255.863937112547,0.0134320727037172,"upregulated",1,0.476494606004043,0.997427599417093,0.464830595574651,0.986597218662289,0.00446892169815034,0.00605983660587683,2.21753908575496,0.0465919525925593,1,FALSE,FALSE,"weak_effect",0.180532214877514,0.253573637374221,0.711951828853117,FALSE,FALSE,1,0.0465919525925593,FALSE,TRUE,FALSE,FALSE,202.860878986177,259.081031078256,307.419002471114,325.27810153631,265.965722870148,280.081642464095,154.988571180608,212.510884644888,278.171311563552,272.282224330325,0.0413511354053194,0.14003882973263,0.0732759091912196,9,FALSE,0.00111861876382399,0.332705294017178
"RT0_ZT6_remainder_dataset","434432","Bsdc1",214.880885897027,0.0324219774815958,"upregulated",1,0.152368671287087,0.997427599417093,0.141741291724293,0.957349523211056,0.0275101650571101,0.00605983660587683,2.21753908575496,0.0596768476963712,1,FALSE,FALSE,"weak_effect",0.316157530826734,0.220901528608964,1.43121477165688,FALSE,FALSE,1,0.0596768476963712,FALSE,TRUE,FALSE,FALSE,252.308218239058,205.708114804624,200.352384369106,255.204893492583,276.604351784954,156.134706347909,190.103169338714,233.621237424182,181.973739841286,196.798043327859,0.0158708482582948,0.1462015425822,0.0538816234444256,7,FALSE,0.00111861876382399,0.848503613720852
"RT0_ZT6_remainder_dataset","322519","RGD1561113",315.568572424842,0.00674507457681032,"upregulated",1,0.677083289859336,0.997427599417093,0.668986616966035,0.990649126484472,0.00117757245566367,0.00605983660587683,2.21753908575496,0.0740932351191495,1,FALSE,FALSE,"weak_effect",0.123433392032672,0.296396739108599,0.416446525032267,FALSE,FALSE,1,0.0740932351191495,FALSE,TRUE,FALSE,FALSE,349.935016251155,452.557852570173,364.662540862287,319.222392199198,158.249605107738,273.836254210179,322.0856244847,280.064013538628,403.228154802497,231.844270221861,0.0848219793239897,0.133925473067342,0.102301937317583,11,FALSE,0.00111861876382399,0.174582570178272
"RT0_ZT6_remainder_dataset","450172","Bcl11b",120.003184718271,0.0165974609491458,"upregulated",1,0.387768383385722,0.997427599417093,0.375252971702731,0.983450753354864,0.00706513846013927,0.00605983660587683,2.21753908575496,0.0530229009352732,1,FALSE,FALSE,"weak_effect",0.214881528021223,0.248800072996545,0.863671483023268,FALSE,FALSE,1,0.0530229009352732,FALSE,TRUE,FALSE,FALSE,154.68142022696,121.200997371373,89.0455041640469,147.067226758438,132.982861435074,118.18196234334,99.2895534125768,115.403261860138,117.040378928757,105.138680682007,0.0158998493409732,0.176620764667292,0.065939670185601,9,FALSE,0.00111861876382399,0.42567585980691
"RT0_ZT6_remainder_dataset","133326","Dbi",236.090882902061,0.00470282478325385,"upregulated",1,0.764440674687819,0.997427599417093,0.758359085884435,0.991742024809576,0.000564927323675747,0.00605983660587683,2.21753908575496,0.0766348648140459,1,FALSE,FALSE,"weak_effect",0.0926568915948043,0.309212369540693,0.299654544003003,FALSE,FALSE,1,0.0766348648140459,FALSE,TRUE,FALSE,FALSE,263.71914268203,393.625257518038,175.970877276569,222.331042805403,162.23909095079,233.481437800258,326.929017334095,182.956390753877,228.469232840381,171.187339059165,0.0957264931269413,0.142745030233595,0.110539710558205,10,FALSE,0.00111861876382399,0.120125105593426
"RT0_ZT6_remainder_dataset","189000","Trim35",387.959006413545,0.011152478636582,"upregulated",1,0.513375921550612,0.997427599417093,0.502220847340441,0.987582662873171,0.00333576506185971,0.00605983660587683,2.21753908575496,0.0838995083770546,1,FALSE,FALSE,"weak_effect",0.184969775766091,0.283005777838051,0.65359010398699,FALSE,FALSE,1,0.0838995083770546,FALSE,TRUE,FALSE,FALSE,252.308218239058,326.909112175997,340.281033769751,494.83796297545,648.95636380316,294.97449137728,369.308704766292,405.318773362436,401.624861940459,345.070541725561,0.0747704300626237,0.129036967609579,0.0935810082765378,10,FALSE,0.00111861876382399,0.29910526355261
"RT0_ZT6_remainder_dataset","405665","Ndufb6",225.209941639877,-0.00178000557162233,"downregulated",1,0.914725153887986,0.997427599417093,0.912462741552519,0.99312710912657,7.0817272444238e-05,0.00605983660587683,2.21753908575496,0.0267352395729551,1,FALSE,FALSE,"weak_effect",-0.0293088147741068,0.273708355079613,-0.107080453446815,FALSE,FALSE,1,0.0267352395729551,FALSE,TRUE,FALSE,FALSE,220.611205897468,244.625866254148,171.730615173519,237.90286681512,238.039321968782,130.192324370103,263.964910291973,280.064013538628,189.990204151475,274.978087937556,0.0567718215463493,0.144436928320013,0.0854544175101171,9,FALSE,0.00111861876382399,0.0397848599876537
"RT0_ZT6_remainder_dataset","214563","Tspan17",299.016676453599,0.00131750921492616,"upregulated",1,0.946443488597084,0.997427599417093,0.945019157705906,0.993362312261412,3.23572190229983e-05,0.00605983660587683,2.21753908575496,0.0233088799518792,1,FALSE,FALSE,"weak_effect",0.0182446850640479,0.271604924598813,0.0671736165719274,FALSE,FALSE,1,0.0233088799518792,FALSE,TRUE,FALSE,FALSE,237.093652315094,498.147218553901,299.998543790777,237.037765481247,231.390178897028,289.209517604434,331.772410183488,326.506789653074,261.336736512155,277.673951544787,0.0599652655212605,0.135375690430721,0.0852025535767263,10,FALSE,0.00111861876382399,0.0245593872562112
"RT0_ZT6_remainder_dataset","465640","LOC690022",200.520935078785,0.00113778130511663,"upregulated",1,0.95034662041521,0.997427599417093,0.949025802300122,0.993390150353522,2.58526437502345e-05,0.00605983660587683,2.21753908575496,0.0221067090953248,1,FALSE,FALSE,"weak_effect",0.0167239597652552,0.268565210653763,0.0622715046544727,FALSE,FALSE,1,0.0221067090953248,FALSE,TRUE,FALSE,FALSE,173.699627631914,217.939408117332,145.228977029457,195.512901455335,276.604351784954,182.077088325715,146.512633694168,232.213880572229,177.965507686192,257.454974490555,0.0484357218114757,0.148956849313369,0.0815652148349059,9,FALSE,0.00111861876382399,0.0227219797284192
"RT0_ZT6_remainder_dataset","269405","Cct5",140.068653036205,0.00230888578637229,"upregulated",1,0.887723248977518,0.997427599417093,0.884753195867549,0.992913382772201,0.00012278160498297,0.00605983660587683,2.21753908575496,0.0271033164508558,1,FALSE,FALSE,"weak_effect",0.038473468986152,0.272502605895186,0.141185692003805,FALSE,FALSE,1,0.0271033164508558,FALSE,TRUE,FALSE,FALSE,81.1443515944708,154.559070042393,172.790680699282,143.606821422945,156.919776493387,155.654291866838,128.349910508941,164.66075167849,125.056843238945,117.944032816354,0.0391676772235384,0.166751379824419,0.0819554268071418,9,FALSE,0.00111861876382399,0.0531778599477125
"RT0_ZT6_remainder_dataset","455823","Ntsr2",228.76261722802,-0.00826477581470306,"downregulated",1,0.66664676483348,0.997427599417093,0.658323869506721,0.990499111101863,0.00150055598607685,0.00605983660587683,2.21753908575496,0.0213519669836495,1,FALSE,FALSE,"weak_effect",-0.103639423247573,0.240599652497698,-0.430754667231137,FALSE,FALSE,1,0.0213519669836495,FALSE,TRUE,FALSE,FALSE,204.128759479841,199.03650027042,269.256643543666,235.307562813501,194.154977695208,268.551694918403,215.530981798033,274.434586130816,266.146615098269,161.077850532049,0.0305014932128953,0.143866819913611,0.0650656534890968,9,FALSE,0.00111861876382399,0.18156039797321
"RT0_ZT6_remainder_dataset","406353","Tomm5",168.844652636731,0.0107496743680644,"upregulated",1,0.538599764751687,0.997427599417093,0.527836890893438,0.988178155013986,0.00298303743105209,0.00605983660587683,2.21753908575496,0.0669532295556924,1,FALSE,FALSE,"weak_effect",0.168875337833351,0.274624502151006,0.614931794179433,FALSE,FALSE,1,0.0669532295556924,FALSE,TRUE,FALSE,FALSE,150.877778745969,196.812628759019,121.907535462683,214.545130800545,208.783092453066,147.00683120757,130.771606933638,204.066743533171,120.246964652832,193.42821381882,0.0489344398552957,0.156691873611072,0.0845850395492133,9,FALSE,0.00111861876382399,0.277500259906871
"RT0_ZT6_remainder_dataset","373263","Sec61a1",89.0984913891233,0.000512380411062747,"upregulated",1,0.975128027772701,0.997427599417093,0.974465747078538,0.993561599751711,5.75578534606433e-06,0.00605983660587683,2.21753908575496,0.050421339318725,1,FALSE,FALSE,"weak_effect",0.00970385693566287,0.311246064620058,0.0311774445967967,FALSE,FALSE,1,0.050421339318725,FALSE,TRUE,FALSE,FALSE,58.3225027085259,86.7309889446524,129.327994143021,100.351754729287,71.8107451749399,106.652014797649,111.398035536062,73.182556301551,81.7679359639259,71.44038559162,0.0551832680146623,0.200517348687054,0.105004007451257,9,FALSE,0.00111861876382399,0.0112334219298627
"RT0_ZT6_remainder_dataset","80298","H3f3b",142.856105671152,0.00694264728209364,"upregulated",1,0.689663480320412,0.997427599417093,0.681844029875214,0.990823836248629,0.00115466608949694,0.00605983660587683,2.21753908575496,0.0456219854884565,1,FALSE,FALSE,"weak_effect",0.109637265970045,0.274565561295411,0.399311790789683,FALSE,FALSE,1,0.0456219854884565,FALSE,TRUE,FALSE,FALSE,162.288703188942,121.200997371373,111.306880205059,132.360504082594,214.102406910469,106.171600316578,125.928214084244,168.882822234348,134.676600411172,151.642327906741,0.0444781250839545,0.165599672191827,0.0834444387557714,9,FALSE,0.00111861876382399,0.166314957764748
"RT0_ZT6_remainder_dataset","423958","Cnr1",266.33746077783,0.0100424755099732,"upregulated",1,0.627292301535746,0.997427599417093,0.618149545895373,0.989887880252209,0.00209793786241512,0.00605983660587683,2.21753908575496,0.0147161291726569,1,FALSE,FALSE,"weak_effect",0.109149505350059,0.2247995517012,0.48554147249875,FALSE,FALSE,1,0.0147161291726569,FALSE,TRUE,FALSE,FALSE,294.148274529957,242.401994742746,336.040771666701,252.609589490964,255.327093955342,201.293667568535,263.964910291973,289.915511502298,308.633875942269,219.038918087514,0.0231104308534672,0.138768179580539,0.0568888592386361,9,FALSE,0.00111861876382399,0.20890644546075
"RT0_ZT6_remainder_dataset","103361","Atg3",125.661029525519,-0.00208048037106664,"downregulated",1,0.885595334850149,0.997427599417093,0.882569799027801,0.992895975675521,0.000112868011440065,0.00605983660587683,2.21753908575496,0.0811367018597001,1,FALSE,FALSE,"weak_effect",-0.0472049689208401,0.328085994470088,-0.143879866000021,FALSE,FALSE,1,0.0811367018597001,FALSE,TRUE,FALSE,FALSE,154.68142022696,72.2758241205436,188.691663585718,94.2960453921749,107.71611776241,111.936574089424,147.723481906517,126.662116675761,164.337518358871,88.2895331368134,0.092354842662829,0.173518833523906,0.121175854456259,10,FALSE,0.00111861876382399,0.0542509379130547
"RT0_ZT6_remainder_dataset","137128","Ier5",212.128113220732,0.00253454776027208,"upregulated",1,0.879721888685687,0.997427599417093,0.876543449868133,0.992847483929571,0.000145043427305639,0.00605983660587683,2.21753908575496,0.0387856485940104,1,FALSE,FALSE,"weak_effect",0.0436042512419242,0.288155816500738,0.151321780595786,FALSE,FALSE,1,0.0387856485940104,FALSE,TRUE,FALSE,FALSE,275.130067125003,199.03650027042,283.037495378578,153.988037429423,166.228576793842,217.627759924932,238.537097832654,147.772469455055,278.171311563552,161.751816433857,0.0679912046411944,0.146700827953365,0.0949460050604772,10,FALSE,0.00111861876382399,0.0572265512527052
"RT0_ZT6_remainder_dataset","503213","Elavl3",305.445689505149,0.0062184139948101,"upregulated",1,0.691457916101511,0.997427599417093,0.683678399806907,0.990848231391033,0.00102695951133406,0.00605983660587683,2.21753908575496,0.0888723667404644,1,FALSE,FALSE,"weak_effect",0.122782115157263,0.309370435855259,0.396877338385065,FALSE,FALSE,1,0.0888723667404644,FALSE,TRUE,FALSE,FALSE,393.042953035718,190.141014224815,316.959592202977,444.662085610806,247.348122269237,224.833977140989,237.326249620306,282.878727242534,254.923565064004,462.340608640107,0.0951171335701201,0.134793735430038,0.111635987338869,12,FALSE,0.00111861876382399,0.165148141019746
"RT0_ZT6_remainder_dataset","387389","Stmp1",89.787821192177,-0.00534457350207475,"downregulated",1,0.726542882766277,0.997427599417093,0.719562553213617,0.99130065428595,0.000763907618245249,0.00605983660587683,2.21753908575496,0.0890919223406545,1,FALSE,FALSE,"weak_effect",-0.10983803429961,0.314067083519615,-0.349727940504628,FALSE,FALSE,1,0.0890919223406545,FALSE,TRUE,FALSE,FALSE,49.4473392528807,105.633896791564,119.787404411158,71.8034107114726,85.1090313184473,84.0725341873356,71.4400445285614,98.5149796367032,117.040378928757,95.0291921548908,0.0572888058749867,0.199804965305744,0.107126617750357,9,FALSE,0.00111861876382399,0.142931445876589
"RT0_ZT6_remainder_dataset","78606","Ccdc47",117.95881281206,0.00226029095330273,"upregulated",1,0.889304058485002,0.997427599417093,0.886375252083324,0.992926259462538,0.000118399415343031,0.00605983660587683,2.21753908575496,0.0489144526619494,1,FALSE,FALSE,"weak_effect",0.0415526586592903,0.298542912971049,0.139184877127932,FALSE,FALSE,1,0.0489144526619494,FALSE,TRUE,FALSE,FALSE,172.431747138251,110.081639814366,91.1656352155719,79.5893227163311,144.95131896423,85.9941921116176,119.873973022501,140.73568519529,111.428853911624,123.335760030816,0.0580797038982252,0.177814783693546,0.0984313164232099,9,FALSE,0.00111861876382399,0.0523823781049187
"RT0_ZT6_remainder_dataset","568857","FAM120C",185.144789101698,0.000482838060105635,"upregulated",1,0.977672468313482,0.997432052911029,0.97707790102186,0.993578701866694,4.86256998926473e-06,0.00605983660587683,2.21753908575496,0.0416016997178799,1,FALSE,FALSE,"weak_effect",0.00844395671414357,0.301709269280381,0.027987064283055,FALSE,FALSE,1,0.0416016997178799,FALSE,TRUE,FALSE,FALSE,233.290010834104,97.8503465016591,261.836184863328,138.416213419706,198.14446353826,187.361647617491,159.831964030002,167.475465382395,178.767154117211,228.474440712822,0.0776180601044803,0.152380983585998,0.103845573254849,10,FALSE,0.00111667965212826,0.0100708092236989
"RT0_ZT6_remainder_dataset","372639","Sfxn5",89.4665985370322,0.00421966244861235,"upregulated",1,0.787340805385319,0.997427599417093,0.781817776407682,0.99198782269351,0.000451058535102365,0.00605983660587683,2.21753908575496,0.0715625454966883,1,FALSE,FALSE,"weak_effect",0.0830065963871915,0.307699287312508,0.269765318965096,FALSE,FALSE,1,0.0715625454966883,FALSE,TRUE,FALSE,FALSE,55.7867417211987,76.7235671433463,131.448125194545,102.081957397033,94.4178316189024,103.289113430155,96.8678569878798,64.7384151898336,89.7844002741147,79.5279764133128,0.0509297311338892,0.20013556489994,0.102446646922055,9,FALSE,0.00111861876382399,0.106894459117387
"RT0_ZT6_remainder_dataset","272025","Sec62",144.423623422845,-0.00361785278428991,"downregulated",1,0.815011892852233,0.997427599417093,0.810177256039037,0.99226611225836,0.000330743930967029,0.00605983660587683,2.21753908575496,0.0682040153746456,1,FALSE,FALSE,"weak_effect",-0.0720211329660599,0.30782822553291,-0.233965331935944,FALSE,FALSE,1,0.0682040153746456,FALSE,TRUE,FALSE,FALSE,143.270495783988,162.342620332298,93.2857662670968,166.964557437521,138.302175892477,154.213048423627,76.2834373779554,195.622602421454,134.676600411172,179.274929880858,0.0747809158158024,0.164971541619512,0.106758590714219,9,FALSE,0.00111861876382399,0.0914199528524887
"RT0_ZT6_remainder_dataset","496169","Gpaa1",94.978651662284,-0.00204914240401857,"downregulated",1,0.883275996325434,0.997427599417093,0.880190038716377,0.992876905415404,0.000113570748005172,0.00605983660587683,2.21753908575496,0.0920025462771002,1,FALSE,FALSE,"weak_effect",-0.049698249962533,0.338503364932485,-0.146817595070127,FALSE,FALSE,1,0.0920025462771002,FALSE,TRUE,FALSE,FALSE,51.9831002402079,88.9548604560537,129.327994143021,91.7007413905554,105.056460533708,112.416988570494,127.139062296592,56.2942740781161,111.428853911624,75.4841810024664,0.088022535312638,0.1947726491257,0.126933637697204,9,FALSE,0.00111861876382399,0.055423550741251
"RT0_ZT6_remainder_dataset","333829","Idh3b",741.612947224991,-0.0125792989963635,"downregulated",1,0.460063861743123,0.997427599417093,0.448200043950319,0.986106815059104,0.00438423924412559,0.00605983660587683,2.21753908575496,0.079972530306371,1,FALSE,FALSE,"weak_effect",-0.202402591360228,0.273982898917904,-0.738741695775969,FALSE,FALSE,1,0.079972530306371,FALSE,TRUE,FALSE,FALSE,363.881701681455,673.833067954607,657.240625972727,700.732080437263,1053.22426256578,735.034156037848,715.611293497962,778.268339129956,758.357523743862,979.946421228448,0.0728364752582928,0.11887471776877,0.0887729290774141,11,FALSE,0.00111861876382399,0.348528105214211
"RT0_ZT6_remainder_dataset","516585","Zdhhc3",136.07933688211,0.00904294419732591,"upregulated",1,0.581321030135993,0.997427599417093,0.571295193390054,0.989067608882033,0.00219869629652259,0.00605983660587683,2.21753908575496,0.088012981601842,1,FALSE,FALSE,"weak_effect",0.162393574363634,0.29448140059099,0.551456132841427,FALSE,FALSE,1,0.088012981601842,FALSE,TRUE,FALSE,FALSE,183.842671581223,106.745832547264,117.667273359633,136.68601075196,174.207548479947,98.0045541383798,150.145178331214,108.366477600374,101.809096739398,183.318725291704,0.0605789875339433,0.168481753209935,0.09671400305472,9,FALSE,0.00111861876382399,0.243139429874262
"RT0_ZT6_remainder_dataset","179128","Itm2b",324.071254244758,0.00316314055764926,"upregulated",1,0.875564240069096,0.997427599417093,0.872277785972687,0.992812757669615,0.000187717169248335,0.00605983660587683,2.21753908575496,0.0105184686485068,1,FALSE,FALSE,"weak_effect",0.0364652307198996,0.232863685563766,0.156594750407806,FALSE,FALSE,1,0.0105184686485068,FALSE,TRUE,FALSE,FALSE,308.094959960256,275.760067413767,289.397888533153,440.336578941441,325.808010515931,315.151899582241,251.856428168488,409.540843918295,334.286561734873,290.479303679134,0.0297998895378167,0.133238094193672,0.0619960556818436,9,FALSE,0.00111861876382399,0.0593451874259549
"RT0_ZT6_remainder_dataset","313640","Marcks",237.251874309159,-0.000462635224312155,"downregulated",1,0.9689342628565,0.997427599417093,0.968107213364265,0.993519586342223,6.51230506199606e-06,0.00605983660587683,2.21753908575496,0.0334408182856256,1,FALSE,FALSE,"weak_effect",-0.0113408982202707,0.291203157049148,-0.0389449700174667,FALSE,FALSE,1,0.0334408182856256,FALSE,TRUE,FALSE,FALSE,286.540991567975,222.387151140134,298.938478265015,192.052496119842,180.8566915517,267.590865956262,219.163526435078,316.655291689403,258.931797219099,129.401453147085,0.0739457723029199,0.142573668185283,0.0975593863632178,10,FALSE,0.00111861876382399,0.0140765439373505
"RT0_ZT6_remainder_dataset","394203","Nfu1",128.659769241812,0.0084656568462283,"upregulated",1,0.6183212168071,0.997427599417093,0.608999455124713,0.98973750695216,0.00182335938064452,0.00605983660587683,2.21753908575496,0.0679191114348161,1,FALSE,FALSE,"weak_effect",0.141659156781452,0.2843242380699,0.498231025758085,FALSE,FALSE,1,0.0679191114348161,FALSE,TRUE,FALSE,FALSE,128.055929860024,116.753254348571,93.2857662670968,155.71824009717,182.186520166051,121.544863710834,96.8678569878798,113.995905008185,109.023914618568,169.165441353742,0.0477327919144579,0.171985382542981,0.0892424000844471,9,FALSE,0.00111861876382399,0.215383095932702
"RT0_ZT6_remainder_dataset","405874","Fam219a",476.489094429573,0.00158718034792134,"upregulated",1,0.937137926878079,0.997427599417093,0.935467105478569,0.993294989297125,4.59829626164752e-05,0.00605983660587683,2.21753908575496,0.0105184686485068,1,FALSE,FALSE,"weak_effect",0.0187111225123958,0.237247238031406,0.0788676094510272,FALSE,FALSE,1,0.0105184686485068,FALSE,TRUE,FALSE,FALSE,650.42269324943,498.147218553901,482.329814221921,426.49495759947,340.436125273789,528.455929177538,484.339284939399,491.167541331563,514.657008714122,348.440371234599,0.0384299889283397,0.125077592942692,0.0654704967093208,9,FALSE,0.00111861876382399,0.0289714793134233
"RT0_ZT6_remainder_dataset","367121","Tnpo3",76.6368579811621,-0.000258561952022974,"downregulated",1,0.983333661838875,0.99788344628143,0.982889794965526,0.993616429056118,1.93796683346354e-06,0.00605983660587683,2.21753908575496,0.0809801712081838,1,FALSE,FALSE,"weak_effect",-0.00713857593721823,0.341727453699462,-0.0208896764364047,FALSE,FALSE,1,0.0809801712081838,FALSE,TRUE,FALSE,FALSE,74.8049491261528,63.3803380749383,122.967600988446,52.771181366263,67.8212593318877,46.6002046638375,71.4400445285614,85.8487679691271,93.7926324292091,86.9416013331979,0.0809781707837435,0.215605687834149,0.127006746038394,9,FALSE,0.000920181751564008,0.00749517405132888
"RT0_ZT6_remainder_dataset","539597","Lancl1",450.364348679537,-0.00363269388423761,"downregulated",1,0.822371591906125,0.997427599417093,0.81772228213002,0.992336925084871,0.000317476259568257,0.00605983660587683,2.21753908575496,0.0496648632113992,1,FALSE,FALSE,"weak_effect",-0.0655632760723678,0.292046878244008,-0.224495726393586,FALSE,FALSE,1,0.0496648632113992,FALSE,TRUE,FALSE,FALSE,244.700935277076,359.155249091317,362.542409810762,515.600394988406,719.437280363749,464.560803195163,391.103972588565,427.836482993683,493.012555076612,525.693403410034,0.0858600134482349,0.126084083282587,0.100176742711195,11,FALSE,0.00111861876382399,0.0873941679880591
"RT0_ZT6_remainder_dataset","80365","Acox1",212.309505963784,0.00730331621353715,"upregulated",1,0.680468431749507,0.997427599417093,0.672445876486069,0.990696782611549,0.00125867298113497,0.00605983660587683,2.21753908575496,0.0286593378367865,1,FALSE,FALSE,"weak_effect",0.105650130890184,0.256541949627177,0.411823996206941,FALSE,FALSE,1,0.0286593378367865,FALSE,TRUE,FALSE,FALSE,126.788049366361,201.260371781822,243.815070925367,282.888136176525,244.688465040536,190.724548984984,192.524865763411,220.955025756606,200.41160775472,219.038918087514,0.0392107560990629,0.146667529294125,0.074277992655902,9,FALSE,0.00111861876382399,0.17234266521309
"RT0_ZT6_remainder_dataset","241223","Mapre2",155.257785524461,-0.000407684174081432,"downregulated",1,0.979499914462171,0.997432052911029,0.978953987558418,0.993590928898422,3.76607235845546e-06,0.00605983660587683,2.21753908575496,0.0796135909661251,1,FALSE,FALSE,"weak_effect",-0.00874404920148371,0.340290002942035,-0.025695874477315,FALSE,FALSE,1,0.0796135909661251,FALSE,TRUE,FALSE,FALSE,162.288703188942,194.588757247618,107.066618102009,178.210874777872,130.323204206372,155.173877385768,92.0244641384859,285.693440946439,121.85025751487,125.357657736239,0.11585711860483,0.160976896410827,0.132522372405223,11,FALSE,0.00111667965212826,0.00923772026947314
"RT0_ZT6_remainder_dataset","171125","Nipsnap1",109.530188665333,-0.00112579760547808,"downregulated",1,0.937093565244333,0.997427599417093,0.935421569854126,0.993294665090792,3.26398220941612e-05,0.00605983660587683,2.21753908575496,0.0740932351191495,1,FALSE,FALSE,"weak_effect",-0.0259732445289326,0.329094419543312,-0.0789233818214722,FALSE,FALSE,1,0.0740932351191495,FALSE,TRUE,FALSE,FALSE,68.4655466578348,95.6264749902577,144.168911503695,141.011517421326,93.0880030045517,139.800613991512,145.30178548182,78.8119837093626,116.238732497738,72.7883173952355,0.08658359303378,0.183208237543437,0.120819298952503,10,FALSE,0.00111861876382399,0.028992619930383
"RT0_ZT6_remainder_dataset","301535","Ctss",477.948131406135,0.00886293172940397,"upregulated",1,0.628415579499737,0.997427599417093,0.619295453129478,0.989906402253352,0.00184439478101091,0.00605983660587683,2.21753908575496,0.0416016997178799,1,FALSE,FALSE,"weak_effect",0.128255603873267,0.265013839222861,0.483958136863229,FALSE,FALSE,1,0.0416016997178799,FALSE,TRUE,FALSE,FALSE,357.542299213137,479.244310706989,427.206406882273,450.717794947919,781.939225238234,355.026301511092,490.393526001142,382.80106373119,502.632312248839,551.978073580536,0.0607671159906432,0.125024625735697,0.0822315152316655,10,FALSE,0.00111861876382399,0.208102108571127
"RT0_ZT6_remainder_dataset","248330","RGD1560212",186.514823336272,-0.0231402194684735,"downregulated",1,0.251894669125825,0.997427599417093,0.239483556336541,0.974309590312515,0.0143636965590676,0.00605983660587683,2.21753908575496,0.0861300082176121,1,FALSE,FALSE,"weak_effect",-0.28595706676944,0.249578608778766,-1.14575951908972,FALSE,FALSE,1,0.0861300082176121,FALSE,TRUE,FALSE,FALSE,150.877778745969,157.894877309495,209.892974100968,155.71824009717,166.228576793842,186.88123313642,175.572990790532,218.1403120527,159.527639772757,284.413610562865,0.032422901799,0.152052978120312,0.0692610683159092,9,FALSE,0.00111861876382399,0.62072430119502
"RT0_ZT6_remainder_dataset","59914","Marchf5",64.4535414909622,0.00322588080185612,"upregulated",1,0.82690126237172,0.997427599417093,0.822366448200382,0.99237987114977,0.000273988949765423,0.00605983660587683,2.21753908575496,0.0920752225723867,1,FALSE,FALSE,"weak_effect",0.0723013715186344,0.330630107017774,0.218677519028077,FALSE,FALSE,1,0.0920752225723867,FALSE,TRUE,FALSE,FALSE,98.8946785057613,58.9325950521356,33.9220968243988,70.9383093775995,67.8212593318877,58.6105666905997,69.0183481038644,60.5163446339748,62.5284216194727,63.3527947699272,0.0502110685197702,0.235997487586096,0.115608667998315,9,FALSE,0.00111861876382399,0.0849346168053619
"RT0_ZT6_remainder_dataset","482217","Pmm1",858.583393051879,0.00550332357660457,"upregulated",1,0.8142530979507,0.997427599417093,0.809399404385355,0.992258737348872,0.000505409385114903,0.00605983660587683,2.21753908575496,0.00171888505573792,1,FALSE,FALSE,"weak_effect",0.0444615711823168,0.189244205304716,0.234942840710636,FALSE,FALSE,1,0.00171888505573792,FALSE,TRUE,FALSE,FALSE,699.870032502311,807.265358638688,802.469603002185,958.532277931466,1090.45946376761,809.498400603774,851.226293280994,885.227459878376,819.282652501297,862.002388412094,0.0138020191963979,0.117355951770544,0.0418313546237061,7,FALSE,0.00111861876382399,0.091837119529637
"RT0_ZT6_remainder_dataset","521215","Ift46",122.267737033151,-0.00798219212229392,"downregulated",1,0.639168970585493,0.997427599417093,0.630267850147928,0.990080379641378,0.00160022873322209,0.00605983660587683,2.21753908575496,0.0569661401675826,1,FALSE,FALSE,"weak_effect",-0.130793401279014,0.278959845099816,-0.468861033501844,FALSE,FALSE,1,0.0569661401675826,FALSE,TRUE,FALSE,FALSE,117.912885910715,96.7384107459584,163.250090967419,122.844389409989,81.119545475395,102.328284468014,150.145178331214,150.587183158961,109.023914618568,128.727487245278,0.0406051129324098,0.175344760126928,0.0851028350624756,9,FALSE,0.00111861876382399,0.200474845594447
"RT0_ZT6_remainder_dataset","279490","Gstm1",320.967879598048,-0.00425062991275652,"downregulated",1,0.800236739676849,0.997427599417093,0.79503281121397,0.992119951646562,0.000423426275710689,0.00605983660587683,2.21753908575496,0.0395046057805947,1,FALSE,FALSE,"weak_effect",-0.0710325790752276,0.280715990953625,-0.253040729293411,FALSE,FALSE,1,0.0395046057805947,FALSE,TRUE,FALSE,FALSE,264.987023175694,493.699475531098,312.719330099927,306.2458721911,187.505834623454,337.250965711483,381.417186889777,251.91687649957,367.955711837666,305.980519420712,0.0693212866718939,0.133484758683499,0.0914693419152744,10,FALSE,0.00111861876382399,0.0996149475257652
"RT0_ZT6_remainder_dataset","162892","Erlec1",223.451611022204,0.00750337980936434,"upregulated",1,0.69021534785057,0.997427599417093,0.682408168680906,0.99083135252349,0.0012452292724757,0.00605983660587683,2.21753908575496,0.0267398159794028,1,FALSE,FALSE,"weak_effect",0.101114057775692,0.253696651908802,0.398562838787643,FALSE,FALSE,1,0.0267398159794028,FALSE,TRUE,FALSE,FALSE,206.664520467168,211.267793583128,187.631598059956,310.571378860466,238.039321968782,187.842062098561,187.681472914017,308.211150577686,192.395143444531,204.211668247744,0.0390933676685692,0.144725799355361,0.0727648320763923,9,FALSE,0.00111861876382399,0.165955783142103
"RT0_ZT6_remainder_dataset","177012","Micu2",149.944042321483,-0.0160315909452101,"downregulated",1,0.405473764499983,0.997427599417093,0.393080757917158,0.984189460962239,0.00650110214749466,0.00605983660587683,2.21753908575496,0.0483436503298169,1,FALSE,FALSE,"weak_effect",-0.205483834901857,0.247009855195569,-0.831885168060058,FALSE,FALSE,1,0.0483436503298169,FALSE,TRUE,FALSE,FALSE,138.198973809333,106.745832547264,187.631598059956,126.304794745482,136.972347278126,147.967660169711,170.729597941138,164.66075167849,186.783618427399,133.445248557932,0.0229020865044449,0.16286398577948,0.0664272460882874,8,FALSE,0.00111861876382399,0.405518215235965
"RT0_ZT6_remainder_dataset","523413","Hexa",125.984336513778,-0.00087407951930121,"downregulated",1,0.951798885879121,0.997427599417093,0.950516599613892,0.9934004488738,1.92649698544454e-05,0.00605983660587683,2.21753908575496,0.062485917129323,1,FALSE,FALSE,"weak_effect",-0.0193283799876794,0.319752554287918,-0.0604479299023061,FALSE,FALSE,1,0.062485917129323,FALSE,TRUE,FALSE,FALSE,51.9831002402079,122.312933127074,148.409173606745,163.504152102028,138.302175892477,124.907765078327,154.988571180608,132.291544083573,114.6354396357,108.508510191045,0.0810004729830619,0.173349994655415,0.11473403440251,9,FALSE,0.00111861876382399,0.0220402943085166
"RT0_ZT6_remainder_dataset","269358","Marchf6",288.7590779658,0.01188323799021,"upregulated",1,0.503569989037485,0.997427599417093,0.492271828101691,0.987334881736475,0.00365760144476442,0.00605983660587683,2.21753908575496,0.0664592157468182,1,FALSE,FALSE,"weak_effect",0.180759195976568,0.2702402998436,0.668883197958194,FALSE,FALSE,1,0.0664592157468182,FALSE,TRUE,FALSE,FALSE,436.150889820281,192.364885736216,323.319985357551,254.33979215871,328.467667744632,305.543609960831,334.194106608185,251.91687649957,209.229718495928,252.063247276093,0.0564692071365823,0.136357866044127,0.0842010276811167,10,FALSE,0.00111861876382399,0.307795017467271
"RT0_ZT6_remainder_dataset","66602","Fbll1",160.414533493027,-0.00391047250396809,"downregulated",1,0.795944505150251,0.997427599417093,0.790634023512254,0.992076457428374,0.000398964003973504,0.00605983660587683,2.21753908575496,0.0811367018597001,1,FALSE,FALSE,"weak_effect",-0.0817981738345225,0.316312562896332,-0.258599194055189,FALSE,FALSE,1,0.0811367018597001,FALSE,TRUE,FALSE,FALSE,86.2158735691253,130.096483416979,184.451401482669,218.005536136037,160.909262336439,230.598950913835,124.717365871895,147.772469455055,193.998436306569,127.379555441662,0.0888167550147627,0.159265095260926,0.113826576192344,9,FALSE,0.00111861876382399,0.102024500509507
"RT0_ZT6_remainder_dataset","484125","Slc38a1",170.563239928613,0.00552676061977964,"upregulated",1,0.728411385644325,0.997427599417093,0.721474549055782,0.991323508585933,0.000783578508786565,0.00605983660587683,2.21753908575496,0.0758877113485742,1,FALSE,FALSE,"weak_effect",0.105500835178653,0.303827272352907,0.347239516589906,FALSE,FALSE,1,0.0758877113485742,FALSE,TRUE,FALSE,FALSE,218.07544491014,81.171310166149,165.370222018944,186.861888116603,232.720007511379,138.359370548301,181.627231852275,156.216610566772,149.106236169512,196.124077426051,0.0768991602073135,0.156198502909425,0.104926394177445,10,FALSE,0.00111861876382399,0.141778984597637
"RT0_ZT6_remainder_dataset","299333","Map9",222.972381268407,-0.0169140067981914,"downregulated",1,0.446304053386826,0.997427599417093,0.43428666736538,0.98566809392177,0.00612665079741015,0.00605983660587683,2.21753908575496,0.0119529854729815,1,FALSE,FALSE,"weak_effect",-0.157379097699253,0.206645121787085,-0.761591158495422,FALSE,FALSE,1,0.0119529854729815,FALSE,TRUE,FALSE,FALSE,166.092344669932,202.372307537522,242.755005399604,225.791448140896,215.43223552482,220.990661292425,253.067276380836,260.361017611287,220.452768530192,222.408747596553,0.00722313549723478,0.144805320700855,0.046696801984258,7,FALSE,0.00111861876382399,0.362223503307642
"RT0_ZT6_remainder_dataset","471352","Hsp90b1",168.539258716688,0.00913450736396902,"upregulated",1,0.60883429785015,0.997427599417093,0.599326647104749,0.989573602798962,0.00203093359622279,0.00605983660587683,2.21753908575496,0.0493865453088183,1,FALSE,FALSE,"weak_effect",0.1377376021222,0.26915641934174,0.511738127810796,FALSE,FALSE,1,0.0493865453088183,FALSE,TRUE,FALSE,FALSE,138.198973809333,232.39457294144,117.667273359633,155.71824009717,239.369150583133,164.782167007178,168.307901516441,156.216610566772,165.13916478989,147.598532495894,0.0437605687347737,0.156780598712383,0.0810024866771431,9,FALSE,0.00111861876382399,0.222336412386484
"RT0_ZT6_remainder_dataset","65246","Elob",171.9946600324,-0.0101651180600816,"downregulated",1,0.565996717427221,0.997427599417093,0.555696584674761,0.988764180625108,0.00259375462333595,0.00605983660587683,2.21753908575496,0.0539418327559852,1,FALSE,FALSE,"weak_effect",-0.154224497182229,0.268703796309537,-0.573957269306935,FALSE,FALSE,1,0.0539418327559852,FALSE,TRUE,FALSE,FALSE,117.912885910715,152.335198530992,195.052056740293,151.392733427804,198.14446353826,183.037917287856,169.51874972879,166.068108530443,133.073307549134,253.411179079709,0.0438614380056954,0.155795097962521,0.0807696088558325,9,FALSE,0.00111861876382399,0.255162272391269
"RT0_ZT6_remainder_dataset","488855","Anks1b",176.780531640297,0.012978280469136,"upregulated",1,0.471501111103777,0.997427599417093,0.459774538412778,0.986451827545593,0.00437958671216709,0.00605983660587683,2.21753908575496,0.0659701076616631,1,FALSE,FALSE,"weak_effect",0.191775831339862,0.26634097117168,0.720038792740773,FALSE,FALSE,1,0.0659701076616631,FALSE,TRUE,FALSE,FALSE,218.07544491014,172.350042133604,160.069894390132,237.037765481247,154.260119264686,152.291390499345,130.771606933638,208.28881408903,125.056843238945,209.603395462206,0.0425935466265491,0.15449377182722,0.0794749960916742,9,FALSE,0.00111861876382399,0.33745508294279
"RT0_ZT6_remainder_dataset","50620","Smpd1",225.639753198767,0.00122471133900454,"upregulated",1,0.95062067014324,0.997427599417093,0.949307122488742,0.993392096190452,2.76702225364888e-05,0.00605983660587683,2.21753908575496,0.0144145497628905,1,FALSE,FALSE,"weak_effect",0.0152573234664731,0.246374472787019,0.0619273713460667,FALSE,FALSE,1,0.0144145497628905,FALSE,TRUE,FALSE,FALSE,150.877778745969,263.528774101059,241.694939873842,252.609589490964,223.411207210924,177.753357996081,225.217767496821,281.471370390581,197.205022030645,242.627724650785,0.0333435990789175,0.144367000590979,0.0684033369469715,9,FALSE,0.00111861876382399,0.0225932606772299
"RT0_ZT6_remainder_dataset","309984","Cstb",92.9778136388735,0.00500439370911132,"upregulated",1,0.765181971036927,0.997427599417093,0.759118291535112,0.991750215600738,0.000598978604387176,0.00605983660587683,2.21753908575496,0.0546124808635678,1,FALSE,FALSE,"weak_effect",0.0867961399640945,0.290596236986189,0.298682945327402,FALSE,FALSE,1,0.0546124808635678,FALSE,TRUE,FALSE,FALSE,111.573483442397,86.7309889446524,62.5438660199853,121.979288076116,95.7476602332532,102.808698949085,85.9702230767434,99.9223364886561,97.8008645843035,64.7007265735426,0.0390292069589063,0.196645836018144,0.0905602728802757,9,FALSE,0.00111861876382399,0.119690543790877
"RT0_ZT6_remainder_dataset","532078","Sacm1l",179.65343692982,0.0149990247091756,"upregulated",1,0.451218629847154,0.997427599417093,0.439254612469965,0.985827889777436,0.00535890658586766,0.00605983660587683,2.21753908575496,0.0319306414228231,1,FALSE,FALSE,"weak_effect",0.180071372669229,0.239016421838988,0.753384940180106,FALSE,FALSE,1,0.0319306414228231,FALSE,TRUE,FALSE,FALSE,204.128759479841,150.111327019591,163.250090967419,238.767968148993,196.814634923909,179.194601439292,161.04281224235,206.881457237077,159.527639772757,136.81507806697,0.0232874344151821,0.153745902277369,0.0629833510799335,8,FALSE,0.00111861876382399,0.357283669423478
"RT0_ZT6_remainder_dataset","532282","Ptprs",1004.09064570057,-0.00254778814839071,"downregulated",1,0.862568074068663,0.997427599417093,0.858945237542484,0.992702011456742,0.000168241977466351,0.00605983660587683,2.21753908575496,0.00486341230538356,1,FALSE,FALSE,"weak_effect",-0.0375214903308777,0.21675436289768,-0.173106044230307,FALSE,FALSE,1,0.00486341230538356,FALSE,TRUE,FALSE,FALSE,1179.12885910715,803.929551371585,1042.0444118245,1172.21230739814,756.67248156557,1140.02356358027,1012.26910552334,1173.73561452872,840.927106138806,919.963455967559,0.0299510007665195,0.115960535625902,0.0554151329368394,9,FALSE,0.00111861876382399,0.066034523935053
"RT0_ZT6_remainder_dataset","122431","Brap",75.3739803101657,-0.00122382920325948,"downregulated",1,0.929346516759664,0.997427599417093,0.927469675473143,0.993237563988166,4.00195590421083e-05,0.00605983660587683,2.21753908575496,0.0885426105203519,1,FALSE,FALSE,"weak_effect",-0.0302724594754138,0.34141722581936,-0.088667053640201,FALSE,FALSE,1,0.0885426105203519,FALSE,TRUE,FALSE,FALSE,59.5903832021895,46.7013017394282,115.547142308109,64.8826000404873,85.1090313184473,65.816783906657,88.3919195014404,101.329693340609,52.9086644472462,73.4622832970432,0.0771566680327564,0.217413180948205,0.126500124000567,9,FALSE,0.00111861876382399,0.032700281163027
"RT0_ZT6_remainder_dataset","91149","Ift20",188.375577452835,-0.0263907724226741,"downregulated",1,0.230797667076781,0.997427599417093,0.218612709263021,0.971925795840377,0.0174264760726598,0.00605983660587683,2.21753908575496,0.0376697662281768,1,FALSE,FALSE,"weak_effect",-0.264066646484977,0.22036650739094,-1.19830662840479,FALSE,FALSE,1,0.0376697662281768,FALSE,TRUE,FALSE,FALSE,152.145659239633,150.111327019591,210.95303962673,170.424962773013,172.877719865596,237.324753648822,204.633347886896,181.549033901925,224.461000685287,179.274929880858,0.0128655545168817,0.151615127926505,0.0528503566318573,9,FALSE,0.00111861876382399,0.660324593519192
"RT0_ZT6_remainder_dataset","389838","Snx10",168.727502378721,0.00329188322415975,"upregulated",1,0.830056748249762,0.997427599417093,0.825601883601526,0.992409506856534,0.000273981218323034,0.00605983660587683,2.21753908575496,0.0768522263064591,1,FALSE,FALSE,"weak_effect",0.0681967160298953,0.317742633801839,0.214628786870403,FALSE,FALSE,1,0.0768522263064591,FALSE,TRUE,FALSE,FALSE,114.109244429725,201.260371781822,113.427011256584,248.284082821598,184.846177394753,127.30983748368,130.771606933638,244.880092239805,141.089771859323,181.296827586281,0.0921850858564906,0.15672587092209,0.115245242046548,9,FALSE,0.00111861876382399,0.0832293248776974
"RT0_ZT6_remainder_dataset","220271","Phyh",84.4658101173134,0.00473771061995061,"upregulated",1,0.755152414889403,0.997427599417093,0.748847452235214,0.99163801160002,0.000595087928603261,0.00605983660587683,2.21753908575496,0.0919215725725162,1,FALSE,FALSE,"weak_effect",0.099950352377017,0.32050493306839,0.311852773747135,FALSE,FALSE,1,0.0919215725725162,FALSE,TRUE,FALSE,FALSE,135.663212822006,66.7161453420403,65.7240625972727,86.5101333873164,83.7792027040965,114.819060975847,60.5424106174249,77.4046268574097,79.3629966708692,74.1362491988509,0.0629465669441863,0.205606620269547,0.111432017867079,9,FALSE,0.00111861876382399,0.125606643448701
"RT0_ZT6_remainder_dataset","39208","Strn4",193.890518457843,0.00377476895294359,"upregulated",1,0.826136579146799,0.997427599417093,0.821582413617698,0.992372654739957,0.000322172248042585,0.00605983660587683,2.21753908575496,0.0354810854426333,1,FALSE,FALSE,"weak_effect",0.061272166708683,0.278941950062024,0.219659203985126,FALSE,FALSE,1,0.0354810854426333,FALSE,TRUE,FALSE,FALSE,163.556583682605,280.207810436569,215.19330172978,173.020266774633,158.249605107738,164.301752526107,227.639463921518,125.254759823808,242.097222167702,189.384418407974,0.0565053233474941,0.150366784122217,0.0882269575068224,9,FALSE,0.00111861876382399,0.0853488656017882
"RT0_ZT6_remainder_dataset","350849","Pak6",181.13563779067,-0.00425629559517922,"downregulated",1,0.814795438250756,0.997427599417093,0.809955364308421,0.9922640099078,0.000389616676114518,0.00605983660587683,2.21753908575496,0.0221798239330358,1,FALSE,FALSE,"weak_effect",-0.0602236423989048,0.257097738862744,-0.234244154247721,FALSE,FALSE,1,0.0221798239330358,FALSE,TRUE,FALSE,FALSE,187.646313062214,155.671005798094,146.28904255522,220.600840137657,176.867205708648,173.429627666447,168.307901516441,154.809253714819,269.353200822344,158.381986924818,0.0373652432302837,0.153369335385142,0.0737756209094524,9,FALSE,0.00111861876382399,0.0915389139221926
"RT0_ZT6_remainder_dataset","166813","Atp8a1",95.4565628021235,0.0126404480196537,"upregulated",1,0.481178321315429,0.997427599417093,0.469574416875033,0.986730822065081,0.00414980311467557,0.00605983660587683,2.21753908575496,0.0656690979121293,1,FALSE,FALSE,"weak_effect",0.188220123165122,0.26720302686986,0.704408648996308,FALSE,FALSE,1,0.0656690979121293,FALSE,TRUE,FALSE,FALSE,79.8764711008072,105.633896791564,134.628321771833,95.1611467260481,91.7581743902009,79.2683893766307,112.60888374841,90.0708385249858,87.379460981058,78.1800446096974,0.0197669417380736,0.194336846473157,0.0751768315943682,6,FALSE,0.00111861876382399,0.328295572136632
"RT0_ZT6_remainder_dataset","187017","Rnase4",164.892349553933,-0.0033388702855177,"downregulated",1,0.827025240993301,0.997427599417093,0.822493565128017,0.992381039872934,0.000283361544296943,0.00605983660587683,2.21753908575496,0.0682040153746456,1,FALSE,FALSE,"weak_effect",-0.0675981437961597,0.309347637144663,-0.218518377641748,FALSE,FALSE,1,0.0682040153746456,FALSE,TRUE,FALSE,FALSE,197.789357011523,241.290058987046,119.787404411158,111.598072069638,134.312690049425,156.134706347909,153.777722968259,211.103527792936,209.229718495928,113.900237405507,0.0823693063760994,0.157865519093761,0.108747482687605,10,FALSE,0.00111861876382399,0.0848674911169862
"RT0_ZT6_remainder_dataset","384169","Tac1",330.896099239193,-0.00685467929181602,"downregulated",1,0.667857714272881,0.997427599417093,0.659560887707174,0.990516761205677,0.00123894973619229,0.00605983660587683,2.21753908575496,0.0761068954997347,1,FALSE,FALSE,"weak_effect",-0.12733854607958,0.296764175157388,-0.429090020761591,FALSE,FALSE,1,0.0761068954997347,FALSE,TRUE,FALSE,FALSE,389.239311554727,362.491056358419,368.902802965337,256.93509616033,203.463777995663,328.603505052215,363.254463704549,350.431856136273,492.210908645593,193.42821381882,0.0863273899134571,0.132711913217476,0.102682156149262,11,FALSE,0.00111861876382399,0.180745106145447
"RT0_ZT6_remainder_dataset","348384","Tp53i11",166.826087728112,0.00257949759940702,"upregulated",1,0.868755466562276,0.997427599417093,0.865292535073122,0.992755157535722,0.000162088001447184,0.00605983660587683,2.21753908575496,0.0669332609824064,1,FALSE,FALSE,"weak_effect",0.0517545313158004,0.313209175377046,0.165239512072076,FALSE,FALSE,1,0.0669332609824064,FALSE,TRUE,FALSE,FALSE,71.001307645162,173.461977889305,182.331270431144,226.656549474769,195.484806309559,158.056364272191,135.614999783032,160.438681122631,160.329286203776,204.885634149552,0.0858401664062171,0.157284343046398,0.111751207055311,10,FALSE,0.00111861876382399,0.062837042951482
"RT0_ZT6_remainder_dataset","139757","Atp1a2",152.842001179058,0.00919104467000502,"upregulated",1,0.586594163253245,0.997427599417093,0.576665142145854,0.989168309421209,0.0021973609503306,0.00605983660587683,2.21753908575496,0.0727467924584867,1,FALSE,FALSE,"weak_effect",0.1546791495683,0.284452688113127,0.543778125614984,FALSE,FALSE,1,0.0727467924584867,FALSE,TRUE,FALSE,FALSE,158.485061707951,105.633896791564,209.892974100968,159.178645432662,172.877719865596,138.359370548301,169.51874972879,87.25612482108,158.725993341738,168.491475451934,0.0532528397851937,0.161818556177899,0.0905680662566684,9,FALSE,0.00111861876382399,0.239076299727026
"RT0_ZT6_remainder_dataset","277809","Mllt11",1124.61247103781,-0.000579774687317244,"downregulated",1,0.969693928483103,0.997427599417093,0.968887082723638,0.993524768732536,7.9584709496409e-06,0.00605983660587683,2.21753908575496,0.0334408182856256,1,FALSE,FALSE,"weak_effect",-0.0110664744650225,0.291283065774518,-0.03799216557817,FALSE,FALSE,1,0.0334408182856256,FALSE,TRUE,FALSE,FALSE,524.902524376733,946.257328101271,1036.74408419569,1720.68655307372,1372.38313000996,1271.17671691251,1178.15531061509,1052.70292526077,1074.2062175653,1068.90992026707,0.0930858456507398,0.115078137876094,0.101003675928656,9,FALSE,0.00111861876382399,0.0137268341025143
"RT0_ZT6_remainder_dataset","226831","Epdr1",147.2647009741,0.0107571535494834,"upregulated",1,0.553365931625598,0.997427599417093,0.542847916931421,0.988501297980007,0.00285410760455933,0.00605983660587683,2.21753908575496,0.0489593564969858,1,FALSE,FALSE,"weak_effect",0.15593083112111,0.263074976872588,0.592723918385557,FALSE,FALSE,1,0.0489593564969858,FALSE,TRUE,FALSE,FALSE,136.93109331567,121.200997371373,119.787404411158,206.759218795686,191.495320466506,151.330561537204,111.398035536062,151.994540010914,148.304589738493,133.445248557932,0.0340711637803505,0.163867156110164,0.0762630045519887,9,FALSE,0.00111861876382399,0.265321824349751
"RT0_ZT6_remainder_dataset","340643","Ppp1r26",114.298887317563,-0.000302830725810898,"downregulated",1,0.98076528505916,0.997432052911029,0.9802530415334,0.993599367984056,2.62305963351777e-06,0.00605983660587683,2.21753908575496,0.0865925277289061,1,FALSE,FALSE,"weak_effect",-0.00837197483080769,0.347248316744998,-0.0241094756319745,FALSE,FALSE,1,0.0865925277289061,FALSE,TRUE,FALSE,FALSE,173.699627631914,116.753254348571,93.2857662670968,74.3987147130921,113.035432219813,171.988384223235,92.0244641384859,109.773834452326,134.676600411172,63.3527947699272,0.111329496096239,0.180059049830535,0.135939819958971,10,FALSE,0.00111667965212826,0.00866180149485802
"RT0_ZT6_remainder_dataset","321769","Fam163b",146.191502120647,0.00348311145330665,"upregulated",1,0.838712793354776,0.997427599417093,0.834478014126918,0.992489638630066,0.000273720665800651,0.00605983660587683,2.21753908575496,0.0349604723901144,1,FALSE,FALSE,"weak_effect",0.0568341649751638,0.279228145282563,0.203540244546806,FALSE,FALSE,1,0.0349604723901144,FALSE,TRUE,FALSE,FALSE,155.949300720624,172.350042133604,185.511467008431,146.202125424565,85.1090313184473,168.145068374671,121.08482123485,154.809253714819,159.527639772757,113.2262715037,0.047192889306211,0.164279285816201,0.0867226673477434,9,FALSE,0.00111861876382399,0.0785851011287041
"RT0_ZT6_remainder_dataset","545701","Cnpy3",140.122141696472,0.00206275020075377,"upregulated",1,0.900459402588989,0.997427599417093,0.897822335678672,0.993015818566897,9.65565006355089e-05,0.00605983660587683,2.21753908575496,0.0440611406713235,1,FALSE,FALSE,"weak_effect",0.0369467574091488,0.295382584585193,0.125081028257077,FALSE,FALSE,1,0.0440611406713235,FALSE,TRUE,FALSE,FALSE,122.98440788537,118.977125859972,104.946487050484,166.964557437521,196.814634923909,116.740718900129,128.349910508941,99.9223364886561,146.701296876455,198.819941033282,0.0620802936733502,0.166728848407232,0.0975665067215204,9,FALSE,0.00111861876382399,0.0468095945889257
"RT0_ZT6_remainder_dataset","543284","Vapa",333.957858113655,0.016856985947848,"upregulated",1,0.416663201159095,0.997427599417093,0.404360613955938,0.984623722815686,0.00662869201568314,0.00605983660587683,2.21753908575496,0.0267398159794028,1,FALSE,FALSE,"weak_effect",0.186635843757429,0.22978375428756,0.812223842090531,FALSE,FALSE,1,0.0267398159794028,FALSE,TRUE,FALSE,FALSE,417.132682415327,312.453947351889,345.581361398563,327.873405537929,373.681840632558,209.460713746733,334.194106608185,340.580358172603,295.807533045967,382.812632226794,0.0299339425415898,0.132482846401865,0.0603793322252125,9,FALSE,0.00111861876382399,0.393231152721545
"RT0_ZT6_remainder_dataset","234643","Ndufa2",201.73302656359,0.018221188105393,"upregulated",1,0.398554121156035,0.997427599417093,0.386110196232953,0.983908621619948,0.00753061168317997,0.00605983660587683,2.21753908575496,0.020936914538795,1,FALSE,FALSE,"weak_effect",0.184285609713484,0.218294514527654,0.844206324250711,FALSE,FALSE,1,0.020936914538795,FALSE,TRUE,FALSE,FALSE,263.71914268203,214.60360085023,192.931925688768,199.838408124701,202.133949381312,180.635844882504,188.892321126366,197.029959273406,153.114468324606,224.430645301976,0.0133843161924492,0.148709122405092,0.052220539582674,9,FALSE,0.00111861876382399,0.413288729561555
"RT0_ZT6_remainder_dataset","56328","Ehd1",90.5558272053724,0.00427263054687003,"upregulated",1,0.794663822922909,0.997427599417093,0.789321614615928,0.992063387476519,0.000438995716984022,0.00605983660587683,2.21753908575496,0.0533683819031418,1,FALSE,FALSE,"weak_effect",0.0762585459338768,0.293009963365411,0.260259224833168,FALSE,FALSE,1,0.0533683819031418,FALSE,TRUE,FALSE,FALSE,62.1261441895167,81.171310166149,124.027666514208,76.9940187147116,119.684575291566,81.1900473009127,94.4461605631829,105.551763896468,80.1646431018881,80.2019423151206,0.0373961649714493,0.199024047558161,0.0919348600312569,9,FALSE,0.00111861876382399,0.102746004403684
"RT0_ZT6_remainder_dataset","61084","Gbf1",126.024528005689,0.00272373454254841,"upregulated",1,0.879331169599897,0.997427599417093,0.876142572020437,0.992844234723656,0.000156411046227085,0.00605983660587683,2.21753908575496,0.0154343599543111,1,FALSE,FALSE,"weak_effect",0.0371852374656592,0.244934396026719,0.151817131725357,FALSE,FALSE,1,0.0154343599543111,FALSE,TRUE,FALSE,FALSE,130.591690847351,103.410025280162,97.5260283701466,148.797429426184,158.249605107738,121.544863710834,123.506517659547,121.03268926795,119.445318221813,136.141112165163,0.014862736274728,0.173329066208421,0.0640322373721864,9,FALSE,0.00111861876382399,0.0574252166588682
"RT0_ZT6_remainder_dataset","339591","Kcnq2",125.052265782253,0.004919211777355,"upregulated",1,0.809998413993653,0.997427599417093,0.805038046036618,0.992217124841296,0.000463309046919479,0.00605983660587683,2.21753908575496,0.0564078950134001,1,FALSE,FALSE,"weak_effect",0.0714714320130576,0.297267410888539,0.240428077196312,FALSE,FALSE,1,0.0564078950134001,FALSE,TRUE,FALSE,FALSE,140.73473479666,68.9400168534416,179.151073853856,131.495402748721,119.684575291566,106.171600316578,142.880089057123,128.069473527714,98.6025110153224,134.793180361547,0.0585105168847729,0.173839114473904,0.0980326003051578,9,FALSE,0.00111861876382399,0.0941835944230468
"RT0_ZT6_remainder_dataset","552380","Retreg2",392.780696315325,-0.018517799063412,"downregulated",1,0.421711038193848,0.997427599417093,0.409452423129072,0.984812032744481,0.00718113867184547,0.00605983660587683,2.21753908575496,0.00965927865864688,1,FALSE,FALSE,"weak_effect",-0.160919429629931,0.200283982051718,-0.803456312289507,FALSE,FALSE,1,0.00965927865864688,FALSE,TRUE,FALSE,FALSE,327.11316736521,413.64010112065,391.164179006349,365.072762894475,357.723897260349,375.684124197123,389.893124376216,401.096702806577,371.963943992761,534.454960133535,0.0142153219309248,0.128775367567419,0.0455696871364152,7,FALSE,0.00111861876382399,0.387796554399069
"RT0_ZT6_remainder_dataset","546760","Lmbrd1",338.254247747316,-0.00905956161483817,"downregulated",1,0.653446588785346,0.997427599417093,0.644842679967781,0.99030241012532,0.00172626527275531,0.00605983660587683,2.21753908575496,0.0159351534222535,1,FALSE,FALSE,"weak_effect",-0.102887494675768,0.229158659501394,-0.448979300627923,FALSE,FALSE,1,0.0159351534222535,FALSE,TRUE,FALSE,FALSE,276.397947618666,290.215232237875,285.157626430103,438.606376273694,339.106296659438,359.830446321796,345.091740519322,396.874632250719,386.393579751101,264.86859941044,0.0291700040817966,0.132168402452987,0.0600523326914318,9,FALSE,0.00111861876382399,0.190546225760852
"RT0_ZT6_remainder_dataset","416185","Mtfr1l",248.661690915992,0.006138949984927,"upregulated",1,0.751677014916425,0.997427599417093,0.745288970759701,0.991598421609061,0.000783792315858648,0.00605983660587683,2.21753908575496,0.0186085691501786,1,FALSE,FALSE,"weak_effect",0.0766761349599821,0.242317136126329,0.316428859245052,FALSE,FALSE,1,0.0186085691501786,FALSE,TRUE,FALSE,FALSE,259.915501201039,321.349433397494,210.95303962673,252.609589490964,231.390178897028,284.40537279373,198.579106825154,301.174366317921,179.568800548229,246.671520061631,0.0328286027250572,0.140974719092296,0.0664475171367044,9,FALSE,0.00111861876382399,0.127675305676557
"RT0_ZT6_remainder_dataset","49412","Pak1",259.722238185393,0.00823441211474911,"upregulated",1,0.640389499169286,0.997427599417093,0.631513503380257,0.990099752268575,0.00164373159661393,0.00605983660587683,2.21753908575496,0.0482968669451059,1,FALSE,FALSE,"weak_effect",0.126783591582307,0.27139554553822,0.467154283357436,FALSE,FALSE,1,0.0482968669451059,FALSE,TRUE,FALSE,FALSE,185.110552074887,365.826863625521,269.256643543666,312.301581528212,222.081378596573,281.042471426236,272.440847778412,257.546303907381,272.55978654642,159.055952826626,0.0571444502765633,0.13955881738815,0.0845635977655845,9,FALSE,0.00111861876382399,0.199617358678193
"RT0_ZT6_remainder_dataset","386413","Klhdc10",123.375965578415,-0.00445624602973826,"downregulated",1,0.776933053725291,0.997427599417093,0.771154834535567,0.991877936219711,0.000502924861017724,0.00605983660587683,2.21753908575496,0.076739577095214,1,FALSE,FALSE,"weak_effect",-0.0880743817125722,0.310867544333723,-0.283318034699764,FALSE,FALSE,1,0.076739577095214,FALSE,TRUE,FALSE,FALSE,88.7516345564525,117.865190104271,148.409173606745,142.741720089072,99.7371460763054,139.800613991512,156.199419392956,99.9223364886561,167.544104082946,72.7883173952355,0.0727064197811864,0.174737378848747,0.107815162701889,9,FALSE,0.00111861876382399,0.112858414383208
"RT0_ZT6_remainder_dataset","550337","Fam117b",218.560959400151,0.00675280429021676,"upregulated",1,0.692179300452235,0.997427599417093,0.6844158651452,0.990858002368164,0.00111205135013087,0.00605983660587683,2.21753908575496,0.0527347977588101,1,FALSE,FALSE,"weak_effect",0.111334091003887,0.281218189859014,0.395899323083273,FALSE,FALSE,1,0.0527347977588101,FALSE,TRUE,FALSE,FALSE,197.789357011523,165.6784275994,268.196578017903,211.949826798925,291.232466542812,213.784444076368,253.067276380836,187.178461309736,269.353200822344,127.379555441662,0.0623657557175967,0.145553713222316,0.0903450435539254,10,FALSE,0.00111861876382399,0.16467993182358
"RT0_ZT6_remainder_dataset","450305","Wars1",102.435720771982,-0.00103666071415289,"downregulated",1,0.944365495348596,0.997427599417093,0.942886083885973,0.993347395840329,2.6477117009234e-05,0.00605983660587683,2.21753908575496,0.0561155315078794,1,FALSE,FALSE,"weak_effect",-0.021832555582752,0.312858555162326,-0.0697841092164612,FALSE,FALSE,1,0.0561155315078794,FALSE,TRUE,FALSE,FALSE,57.0546222148623,77.835502899047,130.388059668783,125.439693411609,117.024918062865,108.573672721931,108.976339111365,109.773834452326,71.3465323606804,117.944032816354,0.0641738791081091,0.188435918464324,0.107657887247501,9,FALSE,0.00111861876382399,0.0255407739945752
"RT0_ZT6_remainder_dataset","213048","Arglu1",110.851957285082,-0.000525494165854915,"downregulated",1,0.967387380509286,0.997427599417093,0.966519195684908,0.993509007956786,7.77180447135643e-06,0.00605983660587683,2.21753908575496,0.0372732965576529,1,FALSE,FALSE,"weak_effect",-0.0120660050548193,0.295118816008142,-0.0408852448584178,FALSE,FALSE,1,0.0372732965576529,FALSE,TRUE,FALSE,FALSE,136.93109331567,115.64131859287,81.6250454837097,104.677261398653,111.705603605462,97.0437251762388,99.2895534125768,175.919606494113,82.5695823949448,103.116782976584,0.0510502502597664,0.182308216335459,0.0954221151516505,9,FALSE,0.00111861876382399,0.0147895161856129
"RT0_ZT6_remainder_dataset","537584","Tmeff2",143.565394306482,0.00242594832835714,"upregulated",1,0.89679332392723,0.997427599417093,0.894060253855371,0.99298663620996,0.00011798165835908,0.00605983660587683,2.21753908575496,0.0184949260757344,1,FALSE,FALSE,"weak_effect",0.0327874846121179,0.252769031121865,0.129713218690586,FALSE,FALSE,1,0.0184949260757344,FALSE,TRUE,FALSE,FALSE,93.8231565311069,184.581335446311,161.129959915894,139.281314753579,146.281147578581,135.957298142948,148.934330118865,156.216610566772,121.85025751487,147.598532495894,0.0242390415350797,0.165313749295756,0.0696833044167966,8,FALSE,0.00111861876382399,0.0486332115898685
"RT0_ZT6_remainder_dataset","553282","Cab39",104.145421737799,-0.00440409327011047,"downregulated",1,0.77654207410255,0.997427599417093,0.770754310827403,0.991873749874305,0.000498032648891384,0.00605983660587683,2.21753908575496,0.0715479599575899,1,FALSE,FALSE,"weak_effect",-0.0869295983593109,0.306275454786627,-0.283828158609289,FALSE,FALSE,1,0.0715479599575899,FALSE,TRUE,FALSE,FALSE,159.752942201614,86.7309889446524,84.8052420609971,110.732970735765,63.8317734888354,119.623205786552,107.765490899016,81.6266974132684,106.618975325511,119.965930521777,0.0563158469945216,0.187110957589381,0.102903327756253,9,FALSE,0.00111861876382399,0.113084037586446
"RT0_ZT6_remainder_dataset","323495","Strbp",100.264261149573,0.000682544251800833,"upregulated",1,0.96600532975953,0.997427599417093,0.96510039861533,0.99349952755967,1.05299548585529e-05,0.00605983660587683,2.21753908575496,0.0552882550788983,1,FALSE,FALSE,"weak_effect",0.0134148851819309,0.314763764901996,0.0426188992437159,FALSE,FALSE,1,0.0552882550788983,FALSE,TRUE,FALSE,FALSE,58.3225027085259,73.3877598762443,130.388059668783,126.304794745482,115.695089448514,125.868594040468,76.2834373779554,92.8855522288916,109.825561049587,93.6812603512753,0.0652714628584689,0.190183867155939,0.108914689280631,9,FALSE,0.00111861876382399,0.0154275050017204
"RT0_ZT6_remainder_dataset","502043","Endod1",92.1192024267731,-0.00164851164905543,"downregulated",1,0.91206839489328,0.997427599417093,0.909736086294167,0.993106651740141,6.77284052436293e-05,0.00605983660587683,2.21753908575496,0.0639356883965537,1,FALSE,FALSE,"weak_effect",-0.0348946152123762,0.315988665171875,-0.110429958598028,FALSE,FALSE,1,0.0639356883965537,FALSE,TRUE,FALSE,FALSE,86.2158735691253,80.0593744104484,127.207863091496,102.947058730907,57.1826304170818,104.249942392296,92.0244641384859,125.254759823808,83.3712288259636,62.6788288681194,0.0621013554469599,0.197474620411355,0.10889801538769,9,FALSE,0.00111861876382399,0.0410845778872334
"RT0_ZT6_remainder_dataset","261909","Tcf25",119.427753745336,-0.00633271475373315,"downregulated",1,0.686387966047209,0.997427599417093,0.678495869713007,0.990778972356027,0.00106676347948103,0.00605983660587683,2.21753908575496,0.0855596620497831,1,FALSE,FALSE,"weak_effect",-0.123365030595208,0.305539212355673,-0.403761696065385,FALSE,FALSE,1,0.0855596620497831,FALSE,TRUE,FALSE,FALSE,51.9831002402079,138.991969462584,129.327994143021,119.383984074497,131.653032820723,115.299475456917,148.934330118865,101.329693340609,130.668368256078,126.705589539854,0.0620335751068096,0.176952712399738,0.103576957880883,9,FALSE,0.00111861876382399,0.168452791727618
"RT0_ZT6_remainder_dataset","108088","Ece2",136.915721198127,0.00824515056144597,"upregulated",1,0.606515799891921,0.997427599417093,0.596963265959436,0.989532756698634,0.0018473457080913,0.00605983660587683,2.21753908575496,0.0900201025657497,1,FALSE,FALSE,"weak_effect",0.154094046415106,0.299180797574711,0.515053264327989,FALSE,FALSE,1,0.0900201025657497,FALSE,TRUE,FALSE,FALSE,172.431747138251,128.984547661278,190.811794637243,125.439693411609,103.726631919358,111.456159608353,169.51874972879,77.4046268574097,153.916114755625,135.467146263355,0.0635323841652349,0.168110615669518,0.100118989563944,9,FALSE,0.00111861876382399,0.224052392290982
"RT0_ZT6_remainder_dataset","318729","Spock2",267.532751395842,-0.0110148359206845,"downregulated",1,0.507841984404111,0.997427599417093,0.496605491701994,0.987444017077694,0.00334838325230739,0.00605983660587683,2.21753908575496,0.0915741151701805,1,FALSE,FALSE,"weak_effect",-0.190670822792667,0.287934675451118,-0.662201669506933,FALSE,FALSE,1,0.0915741151701805,FALSE,TRUE,FALSE,FALSE,276.397947618666,265.75264561246,290.457954058915,275.967325505539,138.302175892477,218.588588887073,309.977142361215,409.540843918295,277.369665132533,212.973224971245,0.0728125920060666,0.138629491605406,0.0957278332484057,10,FALSE,0.00111861876382399,0.303988482117973
"RT0_ZT6_remainder_dataset","86933","-",122.366877679996,0.000755525230191054,"upregulated",1,0.9603883303971,0.997427599417093,0.959334113697741,0.993460710572236,1.36222044018899e-05,0.00605983660587683,2.21753908575496,0.0740932351191495,1,FALSE,FALSE,"weak_effect",0.0165135667566008,0.332490530406026,0.0496662769205336,FALSE,FALSE,1,0.0740932351191495,FALSE,TRUE,FALSE,FALSE,167.360225163596,95.6264749902577,175.970877276569,79.5893227163311,97.0774888476039,102.328284468014,151.356026543562,85.8487679691271,166.742457651927,101.768851172968,0.096219643326546,0.175289976535102,0.12447976641862,10,FALSE,0.00111861876382399,0.0180301118447694
"RT0_ZT6_remainder_dataset","469886","Rps15",418.256729611738,0.0299243715594601,"upregulated",1,0.184182321926914,0.997427599417093,0.17276899801287,0.964739066764257,0.0228183562927189,0.00605983660587683,2.21753908575496,0.0427266654483094,1,FALSE,FALSE,"weak_effect",0.288444874429608,0.217204552497009,1.32798724112184,FALSE,FALSE,1,0.0427266654483094,FALSE,TRUE,FALSE,FALSE,462.776380187216,428.095265944759,436.746996614135,359.017053557363,613.05099121569,307.465267885113,369.308704766292,415.170271326107,383.186994027025,407.74937059368,0.0242389801696636,0.127493293126054,0.0542330521574731,9,FALSE,0.00111861876382399,0.762534185467474
"RT0_ZT6_remainder_dataset","22104","Prrt2",292.9677366563,-0.00660669587883165,"downregulated",1,0.678789627522665,0.997427599417093,0.670730270184453,0.990673208609676,0.00114594523080323,0.00605983660587683,2.21753908575496,0.0775592632391774,1,FALSE,FALSE,"weak_effect",-0.123883365499479,0.299151827653386,-0.414115355641473,FALSE,FALSE,1,0.0775592632391774,FALSE,TRUE,FALSE,FALSE,377.828387111755,243.513930498447,281.977429852815,181.671280113364,319.158867444177,277.679570058743,270.019151353715,199.844672977312,293.40259375291,484.581483399762,0.0858247679096174,0.135946562196166,0.103993787338854,11,FALSE,0.00111861876382399,0.173452093424631
"RT0_ZT6_remainder_dataset","93525","Ankrd40",249.912231547434,-0.0224363940688574,"downregulated",1,0.324214701120086,0.997427599417093,0.311493599766044,0.980130608109003,0.0113651749874509,0.00605983660587683,2.21753908575496,0.0178125753543485,1,FALSE,FALSE,"weak_effect",-0.203820189918807,0.206749048633177,-0.985833749979832,FALSE,FALSE,1,0.0178125753543485,FALSE,TRUE,FALSE,FALSE,239.629413302422,263.528774101059,196.112122266056,265.586109499061,195.484806309559,249.815530156654,259.121517442579,284.286084094487,298.212472339024,247.345485963439,0.0103072044924064,0.140808348746362,0.0472280405166961,8,FALSE,0.00111861876382399,0.506550872326949
"RT0_ZT6_remainder_dataset","26617","Tle4",96.7297240449945,0.00484616774982814,"upregulated",1,0.751348853301833,0.997427599417093,0.744952978560075,0.991594664140123,0.000619684990241094,0.00605983660587683,2.21753908575496,0.0887456621802845,1,FALSE,FALSE,"weak_effect",0.100446342407645,0.317004142067717,0.316861293207293,FALSE,FALSE,1,0.0887456621802845,FALSE,TRUE,FALSE,FALSE,144.538376277651,64.492273830639,84.8052420609971,121.979288076116,83.7792027040965,91.7591658844634,73.8617409532584,133.698900935526,88.1811074120769,80.2019423151206,0.0670257444774663,0.193196879744381,0.110225996534183,9,FALSE,0.00111861876382399,0.127871139058913
"RT0_ZT6_remainder_dataset","21173","Crym",134.011320987243,-0.00869018863763327,"downregulated",1,0.62058500096605,0.997427599417093,0.61130811848285,0.989775867975444,0.00185743949873769,0.00605983660587683,2.21753908575496,0.0498980909437827,1,FALSE,FALSE,"weak_effect",-0.13421496921976,0.271129619766833,-0.495021419405164,FALSE,FALSE,1,0.0498980909437827,FALSE,TRUE,FALSE,FALSE,100.162558999425,104.521961035863,159.00982886437,169.55986143914,103.726631919358,125.388179559398,162.253660454699,159.031324270678,112.230500342643,144.228702986855,0.0378761092365806,0.16941930379175,0.0806682967780907,9,FALSE,0.00111861876382399,0.21373983652023
"RT0_ZT6_remainder_dataset","33547","Akap7",80.2669419475247,0.00452772003680697,"upregulated",1,0.772449389825581,0.997427599417093,0.766561910328516,0.991829669750091,0.000522737793731762,0.00605983660587683,2.21753908575496,0.0762360397376291,1,FALSE,FALSE,"weak_effect",0.0896021014890541,0.309856945068528,0.289172480769272,FALSE,FALSE,1,0.0762360397376291,FALSE,TRUE,FALSE,FALSE,107.769841961407,60.0445308078363,60.4237349684604,93.4309440583017,93.0880030045517,96.0828962140978,73.8617409532584,64.7384151898336,94.594278860228,58.635033457273,0.0483483824558894,0.210726845650589,0.102748633353235,9,FALSE,0.00111861876382399,0.115452764190872
"RT0_ZT6_remainder_dataset","505978","Abcg4",78.6316289035488,-0.00406649653796747,"downregulated",1,0.789836180245846,0.997427599417093,0.78437465245664,0.992013731914762,0.000428919615783332,0.00605983660587683,2.21753908575496,0.0777037133220993,1,FALSE,FALSE,"weak_effect",-0.0834490850856813,0.313102344155521,-0.266523348174715,FALSE,FALSE,1,0.0777037133220993,FALSE,TRUE,FALSE,FALSE,48.179458759217,90.0667962117544,100.706224947434,72.6685120453458,69.1510879462384,86.9550210737585,102.922098049622,85.8487679691271,74.553118084756,55.2652039482343,0.048742180911076,0.212868953925157,0.104802392616919,9,FALSE,0.00111861876382399,0.105476449267486
"RT0_ZT6_remainder_dataset","91973","Rasl10b",321.439537212078,0.0325551514804917,"upregulated",1,0.166991339353979,0.997427599417093,0.155973058393365,0.961089742446242,0.0262703928970413,0.00605983660587683,2.21753908575496,0.035331551309406,1,FALSE,FALSE,"weak_effect",0.290895514023825,0.210498535870272,1.38193604445354,FALSE,FALSE,1,0.035331551309406,FALSE,TRUE,FALSE,FALSE,292.880394036293,468.124953149983,354.061885604663,314.896885529832,337.776468045088,273.355839729108,325.718169121746,295.54493891011,266.948261529287,285.087576464672,0.0168154214079071,0.13344696314912,0.0500606371027542,7,FALSE,0.00111861876382399,0.80695041191203
"RT0_ZT6_remainder_dataset","142520","Hsd11b1",83.5642633546688,0.00577108627157423,"upregulated",1,0.709144437053737,0.997427599417093,0.701763535176249,0.991081978138269,0.000887646175329439,0.00605983660587683,2.21753908575496,0.0909411596692992,1,FALSE,FALSE,"weak_effect",0.116815150778285,0.313172827745383,0.37300538370225,FALSE,FALSE,1,0.0909411596692992,FALSE,TRUE,FALSE,FALSE,79.8764711008072,83.3951816775504,53.0032762881232,106.407464066399,111.705603605462,68.2188563120095,56.9098659803794,101.329693340609,94.594278860228,80.2019423151206,0.0524943149718069,0.206662613721075,0.105698715930564,9,FALSE,0.00111861876382399,0.153809202212343
"RT0_ZT6_remainder_dataset","93565","Mrpl27",124.566096385217,0.00258386886129697,"upregulated",1,0.878597594979165,0.997427599417093,0.875389928736781,0.992838126398075,0.000149343626047786,0.00605983660587683,2.21753908575496,0.0376697662281768,1,FALSE,FALSE,"weak_effect",0.0437291028373801,0.286284052913372,0.152747253618811,FALSE,FALSE,1,0.0376697662281768,FALSE,TRUE,FALSE,FALSE,86.2158735691253,130.096483416979,149.469239132507,125.439693411609,142.291661735529,119.623205786552,100.500401624925,92.8855522288916,117.842025359776,181.296827586281,0.048564040426211,0.174097144772885,0.0903264824854659,9,FALSE,0.00111861876382399,0.057798454203602
"RT0_ZT6_remainder_dataset","204028","Ncoa4",78.5516949006507,-0.00485404274244311,"downregulated",1,0.746499420950741,0.997427599417093,0.739988120899701,0.991538746759967,0.000634788662784344,0.00605983660587683,2.21753908575496,0.0926406995857596,1,FALSE,FALSE,"weak_effect",-0.103430511016019,0.319962153851868,-0.323258578462702,FALSE,FALSE,1,0.0926406995857596,FALSE,TRUE,FALSE,FALSE,103.966200480416,83.3951816775504,49.8230797108358,76.1289173808384,66.4914307175369,116.260304419058,72.6508927409099,70.3678425976452,85.7761681190203,60.6569311626962,0.0581035304338525,0.2129759464009,0.110021998184517,9,FALSE,0.00111861876382399,0.130775251984049
"RT0_ZT6_remainder_dataset","446482","Dhrs7",128.675655311833,0.00190876269655687,"upregulated",1,0.91317216827342,0.997427599417093,0.910868892161935,0.993115165657956,7.73891221872868e-05,0.00605983660587683,2.21753908575496,0.0271384146001409,1,FALSE,FALSE,"weak_effect",0.0299968173518808,0.275103672059809,0.109038229578264,FALSE,FALSE,1,0.0271384146001409,FALSE,TRUE,FALSE,FALSE,164.824464176269,176.797785156407,99.6461594216716,106.407464066399,103.726631919358,141.722271915794,117.452276597804,102.737050192562,142.693064721361,130.749384950701,0.0393730918487463,0.171977449280506,0.0830354430070543,9,FALSE,0.00111861876382399,0.040544129622234
"RT0_ZT6_remainder_dataset","480163","Trappc9",122.426137894712,-0.00524359664219,"downregulated",1,0.766340691008091,0.997427599417093,0.760305029333027,0.991762986380237,0.000624051640349315,0.00605983660587683,2.21753908575496,0.0302566508465235,1,FALSE,FALSE,"weak_effect",-0.0790984988887156,0.266177211384089,-0.297164804144626,FALSE,FALSE,1,0.0302566508465235,FALSE,TRUE,FALSE,FALSE,84.9479930754616,111.193575570067,145.228977029457,115.058477405131,138.302175892477,89.8375079601815,127.139062296592,129.476830379667,135.478246842191,147.598532495894,0.0313945478107655,0.175257272623485,0.0767800805198542,9,FALSE,0.00111861876382399,0.119012136694152
"RT0_ZT6_remainder_dataset","257559","Rnaseh2a",118.393438226616,-0.00245083550844333,"downregulated",1,0.867349330246593,0.997427599417093,0.863850019145358,0.992743147394495,0.000155779155631164,0.00605983660587683,2.21753908575496,0.078666969058328,1,FALSE,FALSE,"weak_effect",-0.0541163620337396,0.323998985559848,-0.167026331703571,FALSE,FALSE,1,0.078666969058328,FALSE,TRUE,FALSE,FALSE,45.6436977718898,136.768097951183,127.207863091496,149.662530760057,121.014403905917,114.819060975847,124.717365871895,115.403261860138,105.817328894492,142.88077118324,0.0823688306565668,0.177557488543652,0.117496992660273,9,FALSE,0.00111861876382399,0.063561652789219
"RT0_ZT6_remainder_dataset","169394","Qdpr",203.613970233756,-0.00511041076661606,"downregulated",1,0.782505207036683,0.997427599417093,0.776863344692792,0.991937137172112,0.000560383981933677,0.00605983660587683,2.21753908575496,0.0220223637949093,1,FALSE,FALSE,"weak_effect",-0.069348790751069,0.251212944203686,-0.276055801865211,FALSE,FALSE,1,0.0220223637949093,FALSE,TRUE,FALSE,FALSE,243.433054783412,206.820050560325,178.091008328094,191.187394785969,172.877719865596,224.833977140989,188.892321126366,291.322868354251,188.386911289437,150.294396103125,0.0346001256650039,0.148330535384259,0.0707866432564118,9,FALSE,0.00111861876382399,0.1096553697003
"RT0_ZT6_remainder_dataset","80197","Grb2",177.835510427672,0.0145659952004736,"upregulated",1,0.466200554402115,0.997427599417093,0.454409316683395,0.986294056399679,0.00498962204646094,0.00605983660587683,2.21753908575496,0.0267194539377853,1,FALSE,FALSE,"weak_effect",0.170139977213729,0.233492300738405,0.728674892815191,FALSE,FALSE,1,0.0267194539377853,FALSE,TRUE,FALSE,FALSE,233.290010834104,173.461977889305,171.730615173519,202.43371212632,159.579433722089,165.262581488248,216.741830010381,161.846037974584,149.106236169512,144.902668888663,0.0185624415382204,0.154216334230643,0.0597911062353832,7,FALSE,0.00111861876382399,0.342552772933682
"RT0_ZT6_remainder_dataset","574541","LOC102555659",291.289200628183,0.0107190639673446,"upregulated",1,0.55541656504736,0.997427599417093,0.5449334051529,0.988544800006191,0.00282615162254258,0.00605983660587683,2.21753908575496,0.0489225541553254,1,FALSE,FALSE,"weak_effect",0.155201069006201,0.263202970280538,0.589663060567965,FALSE,FALSE,1,0.0489225541553254,FALSE,TRUE,FALSE,FALSE,396.846594516709,285.767489215073,304.238805893827,339.984824212154,206.123435224364,264.70837906984,320.874776272352,323.692075949168,293.40259375291,177.253032175435,0.0520269016268128,0.136109177342931,0.0797226053254303,9,FALSE,0.00111861876382399,0.263656568442207
"RT0_ZT6_remainder_dataset","283961","Rabggtb",156.391249473626,-0.0142624761142353,"downregulated",1,0.421462656821028,0.997427599417093,0.409201832664518,0.984802873156674,0.00553473113742714,0.00605983660587683,2.21753908575496,0.0796135909661251,1,FALSE,FALSE,"weak_effect",-0.216269061768916,0.269029424015468,-0.803886275861339,FALSE,FALSE,1,0.0796135909661251,FALSE,TRUE,FALSE,FALSE,101.430439493089,103.410025280162,173.850746225044,184.266584114984,159.579433722089,163.340923563966,167.097053304093,174.51224964216,199.609961323701,136.81507806697,0.0410454137497334,0.160590959441256,0.0803523536137796,9,FALSE,0.00111861876382399,0.388062429910256
"RT0_ZT6_remainder_dataset","148317","Astn1",152.951266535049,0.00658035949616978,"upregulated",1,0.728705263814226,0.997427599417093,0.72177527593147,0.991327092283547,0.0009317657345451,0.00605983660587683,2.21753908575496,0.0221067090953248,1,FALSE,FALSE,"weak_effect",0.0862264127441501,0.248599760997901,0.346848333232621,FALSE,FALSE,1,0.0221067090953248,FALSE,TRUE,FALSE,FALSE,188.914193555877,121.200997371373,140.988714926408,189.457192118223,146.281147578581,126.349008521539,121.08482123485,177.326963346066,159.527639772757,158.381986924818,0.0248553385001688,0.161779914035213,0.0676126313993377,8,FALSE,0.00111861876382399,0.141597998572487
"RT0_ZT6_remainder_dataset","194051","Appl1",90.3663338086378,-5.09843163802828e-05,"downregulated",1,0.995368367253287,0.999521783590337,0.995244997895147,0.993695176551645,1.05537356664461e-07,0.00605983660587683,2.21753908575496,0.0712907587610313,1,FALSE,FALSE,"weak_effect",-0.00194074484969258,0.334327383049816,-0.00580492340169277,FALSE,FALSE,1,0.0712907587610313,FALSE,TRUE,FALSE,FALSE,145.806256771315,71.163888364843,77.3847833806598,80.4544240502043,78.4598882466936,133.555225737596,90.8136159261374,56.2942740781161,88.1811074120769,81.549874118736,0.0833998106293137,0.199215493217118,0.123048760773014,9,FALSE,0.000207736423315215,0.00206999650396952
"RT0_ZT6_remainder_dataset","65094","Naa60",124.820198726813,-0.0199161940853216,"downregulated",1,0.302167593366089,0.997427599417093,0.289472406456717,0.978651342197374,0.0107227360658366,0.00605983660587683,2.21753908575496,0.072779414454222,1,FALSE,FALSE,"weak_effect",-0.257857259702446,0.249911035015918,-1.03179621374471,FALSE,FALSE,1,0.072779414454222,FALSE,TRUE,FALSE,FALSE,121.716527391706,122.312933127074,82.6851110094722,127.169896079355,113.035432219813,113.377817532635,157.410267605305,161.846037974584,126.660136100983,121.9878282272,0.0187616893196421,0.173962031364312,0.0667319317297217,7,FALSE,0.00111861876382399,0.538392828464115
"RT0_ZT6_remainder_dataset","234057","Reep5",302.849419803589,0.0156155790171462,"upregulated",1,0.432262272992636,0.997427599417093,0.420101764298448,0.985191337660924,0.00588153748167059,0.00605983660587683,2.21753908575496,0.031278945600637,1,FALSE,FALSE,"weak_effect",0.185684571559249,0.236442570288875,0.785326311299981,FALSE,FALSE,1,0.031278945600637,FALSE,TRUE,FALSE,FALSE,337.256211314519,393.625257518038,285.157626430103,232.712258811881,363.043211717752,228.677292989553,237.326249620306,325.099432801121,301.419058063099,324.177598769521,0.0324207970045569,0.135025775809054,0.0637969871949398,9,FALSE,0.00111861876382399,0.376645494554673
"RT0_ZT6_remainder_dataset","20415","Psma1",85.5465820046473,0.00933022022460588,"upregulated",1,0.592562204870377,0.997427599417093,0.582744214090247,0.989280092181069,0.00218814218535476,0.00605983660587683,2.21753908575496,0.0580304779694421,1,FALSE,FALSE,"weak_effect",0.146860446690331,0.274440482001633,0.535126762710821,FALSE,FALSE,1,0.0580304779694421,FALSE,TRUE,FALSE,FALSE,107.769841961407,70.0519526091423,66.7841281230352,109.867869401892,94.4178316189024,82.1508762630536,82.3376784396979,92.8855522288916,77.7597038088315,71.44038559162,0.0190593156734593,0.20437003253851,0.0786667111732777,9,FALSE,0.00111861876382399,0.234522029778476
"RT0_ZT6_remainder_dataset","521921","Cadm1",363.888020874022,0.0251957234354682,"upregulated",1,0.246952434772131,0.997427599417093,0.234588136702623,0.973787531874914,0.0158655947205633,0.00605983660587683,2.21753908575496,0.0385361816937469,1,FALSE,FALSE,"weak_effect",0.258211814484004,0.223022555014203,1.15778341104361,FALSE,FALSE,1,0.0385361816937469,FALSE,TRUE,FALSE,FALSE,420.936323896317,376.946221182528,377.383327171437,482.726544301226,323.148353287229,294.49407689621,267.597454929018,377.171636323378,300.61741163208,417.858859120796,0.0259497213795663,0.130446628926714,0.0569527135144948,9,FALSE,0.00111861876382399,0.629693954261667
"RT0_ZT6_remainder_dataset","55585","Shank2",113.509342220953,0.00450301549475308,"upregulated",1,0.782518359548718,0.997427599417093,0.776876819798556,0.991937275896719,0.000493745907617478,0.00605983660587683,2.21753908575496,0.0592867300030498,1,FALSE,FALSE,"weak_effect",0.0817790507989622,0.296259392176668,0.276038677451262,FALSE,FALSE,1,0.0592867300030498,FALSE,TRUE,FALSE,FALSE,152.145659239633,94.5145392345571,99.6461594216716,122.844389409989,115.695089448514,90.7983369223225,81.1268302273494,91.4781953769387,121.048611083851,165.795611844703,0.0547141643383238,0.180562177079291,0.0965163921544491,9,FALSE,0.00111861876382399,0.109647836698051
"RT0_ZT6_remainder_dataset","155802","Rasl11b",93.2546636132391,-0.0053074941339265,"downregulated",1,0.72925286271069,0.997427599417093,0.722335642260932,0.991333762157243,0.000749741691004174,0.00605983660587683,2.21753908575496,0.08636258060158,1,FALSE,FALSE,"weak_effect",-0.107987191261999,0.311993897917599,-0.346119561897713,FALSE,FALSE,1,0.08636258060158,FALSE,TRUE,FALSE,FALSE,100.162558999425,71.163888364843,64.6639970715103,122.844389409989,89.0985171614995,82.1508762630536,81.1268302273494,129.476830379667,70.5448859296615,121.313862325392,0.0596787340744282,0.196381857184365,0.105972423045482,9,FALSE,0.00111861876382399,0.141260955186306
"RT0_ZT6_remainder_dataset","270274","Stmn2",453.837792611682,-0.0096305472200443,"downregulated",1,0.657876942889035,0.997427599417093,0.649366698021326,0.99036932078451,0.00180582378789968,0.00605983660587683,2.21753908575496,0.0154343599543111,1,FALSE,FALSE,"weak_effect",-0.101203783823144,0.228530290913863,-0.44284625647849,FALSE,FALSE,1,0.0154343599543111,FALSE,TRUE,FALSE,FALSE,404.453877478691,432.543008967561,401.764834263974,508.679584317421,440.173271350094,503.474376161873,462.544017117126,626.273799119042,441.707183491403,316.763973849636,0.0321715428993706,0.125943585283773,0.060474076527856,9,FALSE,0.00111861876382399,0.187509987401461
"RT0_ZT6_remainder_dataset","279726","Fam102b",113.768328590182,-0.00451158395398997,"downregulated",1,0.773415140420507,0.997427599417093,0.767551159665165,0.991840114059179,0.00051834791653149,0.00605983660587683,2.21753908575496,0.0636301752044995,1,FALSE,FALSE,"weak_effect",-0.0860941684699619,0.299030865351326,-0.287910642163348,FALSE,FALSE,1,0.0636301752044995,FALSE,TRUE,FALSE,FALSE,121.716527391706,84.507117433251,150.52930465827,65.7477013743605,130.323204206372,123.466521635116,113.819731960759,105.551763896468,144.296357583399,97.7250557621217,0.0565843534006388,0.180396371771111,0.0984405349321191,9,FALSE,0.00111861876382399,0.114892667811949
"RT0_ZT6_remainder_dataset","86633","G3bp1",61.0352422706024,0.00094365032098368,"upregulated",1,0.952289278092612,0.997427599417093,0.951020005046083,0.993403919185719,2.0581341349954e-05,0.00605983660587683,2.21753908575496,0.0548474549955811,1,FALSE,FALSE,"weak_effect",0.0187005149794469,0.312549335997398,0.0598322019138845,FALSE,FALSE,1,0.0548474549955811,FALSE,TRUE,FALSE,FALSE,77.34071011348,51.1490447622309,37.1022934016862,74.3987147130921,67.8212593318877,64.3755404634455,56.9098659803794,53.4795603742103,61.7267751884538,66.0486583771581,0.0266315966373402,0.243181335435272,0.100808740971791,8,FALSE,0.00111861876382399,0.0218103474266819
"RT0_ZT6_remainder_dataset","247524","Mbd2",74.7935084799412,0.000476804683847834,"upregulated",1,0.979274055063826,0.997432052911029,0.978722116218995,0.993589420244185,4.4536407820163e-06,0.00605983660587683,2.21753908575496,0.0416016997178799,1,FALSE,FALSE,"weak_effect",0.00783600770143388,0.301628049822172,0.0259790417570703,FALSE,FALSE,1,0.0416016997178799,FALSE,TRUE,FALSE,FALSE,88.7516345564525,71.163888364843,48.7630141850733,86.5101333873164,78.4598882466936,54.7672508420358,87.1810712890919,92.8855522288916,67.338300205586,72.1143514934277,0.0354653852101336,0.218264456773725,0.0956979318611713,8,FALSE,0.00111667965212826,0.009340597802176
"RT0_ZT6_remainder_dataset","469520","Pip5k1c",258.79049993367,0.00266049227518869,"upregulated",1,0.863346485786902,0.997427599417093,0.859743741065749,0.992708740182632,0.000174610707742413,0.00605983660587683,2.21753908575496,0.0710438436116778,1,FALSE,FALSE,"weak_effect",0.0544429883249759,0.316316026869534,0.172115807294934,FALSE,FALSE,1,0.0710438436116778,FALSE,TRUE,FALSE,FALSE,314.434362428574,370.274606648324,291.518019584677,223.196144139276,118.354746677216,298.337392744774,312.398838785913,258.953660759334,216.444536375098,183.992691193512,0.10268058312971,0.139673424341272,0.116250637272377,11,FALSE,0.00111861876382399,0.065630977158176
"RT0_ZT6_remainder_dataset","465538","Psmc1",122.675711730567,0.000225418358564163,"upregulated",1,0.989360946303606,0.998883658859147,0.989077575901197,0.993656112044684,1.07516537380025e-06,0.00605983660587683,2.21753908575496,0.0855596620497831,1,FALSE,FALSE,"weak_effect",0.0046258971666141,0.34691267266118,0.0133344715577228,FALSE,FALSE,1,0.0855596620497831,FALSE,TRUE,FALSE,FALSE,149.609898252306,103.410025280162,165.370222018944,125.439693411609,70.4809165605891,134.516054699737,135.614999783032,94.2929090808445,181.973739841286,66.0486583771581,0.113900645746195,0.175119887146436,0.136274006531038,10,FALSE,0.000485091611661296,0.00476964423238944
"RT0_ZT6_remainder_dataset","130395","Rnft2",60.8897721048553,0.000499616312970677,"upregulated",1,0.974405803870907,0.997427599417093,0.973724305634398,0.993556728826206,5.77755765229852e-06,0.00605983660587683,2.21753908575496,0.0592591149025153,1,FALSE,FALSE,"weak_effect",0.0102411077283279,0.319205968108509,0.0320830709682929,FALSE,FALSE,1,0.0592591149025153,FALSE,TRUE,FALSE,FALSE,57.0546222148623,50.0371090065302,93.2857662670968,62.2872960388678,42.5545156592236,61.4930535770226,49.6447767062884,67.5531288937394,56.9168966023406,68.0705560825813,0.0343876759811004,0.243504946542931,0.10581589771384,7,FALSE,0.00111861876382399,0.0115639892099312
"RT0_ZT6_remainder_dataset","342715","Arpc5l",268.498029824529,0.00715371560518516,"upregulated",1,0.703427083333295,0.997427599417093,0.695916347987949,0.991007721458032,0.00112630216873517,0.00605983660587683,2.21753908575496,0.0221067090953248,1,FALSE,FALSE,"weak_effect",0.0941451383576822,0.247295884052291,0.380698363494699,FALSE,FALSE,1,0.0221067090953248,FALSE,TRUE,FALSE,FALSE,221.879086391131,235.730380208542,241.694939873842,293.269352183003,393.629269847819,261.825892183417,262.754062079624,291.322868354251,192.395143444531,290.479303679134,0.0379815366890941,0.138518392886927,0.0696742982673268,9,FALSE,0.00111861876382399,0.157442961238045
"RT0_ZT6_remainder_dataset","529800","Uqcrc1",434.241867185742,0.00463731634458699,"upregulated",1,0.766535528731816,0.997427599417093,0.760504581071388,0.991765129923728,0.000551368406363159,0.00605983660587683,2.21753908575496,0.0652173417383386,1,FALSE,FALSE,"weak_effect",0.0888844722558496,0.299365439953531,0.296909597412603,FALSE,FALSE,1,0.0652173417383386,FALSE,TRUE,FALSE,FALSE,296.684035517284,555.967877850336,361.482344285,479.266138965733,545.229731883803,406.911065466704,259.121517442579,479.90868651594,318.253633114496,639.593640815541,0.093320795468329,0.126765653645321,0.105303834409002,11,FALSE,0.00111861876382399,0.118898165532044
"RT0_ZT6_remainder_dataset","469734","Oaz1",724.199286150113,-0.00939574899177451,"downregulated",1,0.551570630947178,0.997427599417093,0.541022269146604,0.988462943944538,0.00250664356458441,0.00605983660587683,2.21753908575496,0.0229860502236872,1,FALSE,FALSE,"weak_effect",-0.14093862740742,0.236709239498788,-0.595408221942859,FALSE,FALSE,1,0.0229860502236872,FALSE,TRUE,FALSE,FALSE,647.886932262103,981.839272283693,602.117218633079,577.022589693401,635.658077659653,758.574465610302,881.497498589707,626.273799119042,925.901627826808,605.221379823347,0.0424360400319209,0.119142776032064,0.0658826716648865,9,FALSE,0.00111861876382399,0.266784858426811
"RT0_ZT6_remainder_dataset","329551","Cry2",159.275110279165,7.47773582516402e-05,"upregulated",1,0.998626461029395,0.999690647848072,0.99858987470306,0.993716162483213,4.58266929806654e-08,0.00605983660587683,2.21753908575496,0.0456219854884565,1,FALSE,FALSE,"weak_effect",0.000530795754988515,0.308337468196774,0.00172147666027333,FALSE,FALSE,1,0.0456219854884565,FALSE,TRUE,FALSE,FALSE,134.395332328342,197.92456451472,116.607207833871,189.457192118223,159.579433722089,182.077088325715,84.7593748643949,133.698900935526,169.147396944984,225.104611203784,0.0796200767908403,0.159633790851629,0.107824989249902,10,FALSE,0.000134370717554281,0.000612841828758509
"RT0_ZT6_remainder_dataset","292285","Ctnnd2",154.513989451884,0.00559311289234114,"upregulated",1,0.720444834771796,0.997427599417093,0.71332319049074,0.991225229718487,0.000820586044328195,0.00605983660587683,2.21753908575496,0.0855596620497831,1,FALSE,FALSE,"weak_effect",0.110912115059692,0.309927816770512,0.357864344721975,FALSE,FALSE,1,0.0855596620497831,FALSE,TRUE,FALSE,FALSE,258.647620707376,172.350042133604,155.829632287082,96.0262480599212,119.684575291566,122.986107154045,138.036696207729,154.809253714819,193.998436306569,132.771282656124,0.0822597116142059,0.161233230989628,0.108804525902767,10,FALSE,0.00111861876382399,0.14671365662078
"RT0_ZT6_remainder_dataset","255366","Tomm20",112.264331551618,-0.00312973934017675,"downregulated",1,0.847462944924079,0.997427599417093,0.84345174159853,0.992568949763425,0.000231412177811181,0.00605983660587683,2.21753908575496,0.0489593564969858,1,FALSE,FALSE,"weak_effect",-0.0565790322619855,0.294136278676271,-0.192356524385953,FALSE,FALSE,1,0.0489593564969858,FALSE,TRUE,FALSE,FALSE,117.912885910715,123.424868882775,80.5649799579472,97.7564507276676,131.653032820723,110.495330646213,82.3376784396979,123.847402971856,88.1811074120769,166.469577746511,0.0519219790727043,0.181369921894639,0.09485716009989,9,FALSE,0.00111861876382399,0.0739397606824703
"RT0_ZT6_remainder_dataset","360287","Lsm14b",187.200415103038,0.00574209247587218,"upregulated",1,0.771503779766894,0.997427599417093,0.765593310472913,0.991819417516617,0.000666093464632171,0.00605983660587683,2.21753908575496,0.0154343599543111,1,FALSE,FALSE,"weak_effect",0.0687242420834672,0.236646840071349,0.290408450257552,FALSE,FALSE,1,0.0154343599543111,FALSE,TRUE,FALSE,FALSE,249.77245725173,162.342620332298,183.391335956906,188.59209078435,172.877719865596,147.00683120757,180.416383639926,222.362382608559,202.816547047777,162.425782335664,0.0227479770487993,0.151890640213991,0.0618439687418145,8,FALSE,0.00111861876382399,0.116001869950901
"RT0_ZT6_remainder_dataset","57625","Gnaq",146.337703722823,0.00765262482953769,"upregulated",1,0.630390086286154,0.997427599417093,0.621309852558464,0.98993879827555,0.00158173449013279,0.00605983660587683,2.21753908575496,0.0924077549401817,1,FALSE,FALSE,"weak_effect",0.146492999191513,0.304446666605633,0.481177872054921,FALSE,FALSE,1,0.0924077549401817,FALSE,TRUE,FALSE,FALSE,138.198973809333,86.7309889446524,132.508190720308,179.075976111745,232.720007511379,118.18196234334,150.145178331214,119.625332415997,128.263428963021,177.926998077242,0.0717639960640077,0.164222785838665,0.104404286728331,9,FALSE,0.00111861876382399,0.206691759411436
"RT0_ZT6_remainder_dataset","536670","Aff3",79.8855956776002,0.00620111361149318,"upregulated",1,0.720068801716244,0.997427599417093,0.712938475224046,0.991220536255312,0.000911240914568047,0.00605983660587683,2.21753908575496,0.0416016997178799,1,FALSE,FALSE,"weak_effect",0.0983207626928332,0.274357867279576,0.35836684279457,FALSE,FALSE,1,0.0416016997178799,FALSE,TRUE,FALSE,FALSE,62.1261441895167,76.7235671433463,109.186749153534,83.0497280518238,81.119545475395,65.3363694255865,70.2291963162129,87.25612482108,84.9745216880014,78.8540105115051,0.0154132126215889,0.211218532751737,0.0777886149821206,8,FALSE,0.00111861876382399,0.146947947039568
"RT0_ZT6_remainder_dataset","80589","Cygb",131.429888741138,-0.0074082353061865,"downregulated",1,0.641533070987341,0.997427599417093,0.632680664323992,0.990117835628662,0.00147287154745017,0.00605983660587683,2.21753908575496,0.0887456621802845,1,FALSE,FALSE,"weak_effect",-0.140960029654358,0.30277756969673,-0.465556381192791,FALSE,FALSE,1,0.0887456621802845,FALSE,TRUE,FALSE,FALSE,98.8946785057613,171.238106377903,140.988714926408,131.495402748721,81.119545475395,132.594396775455,135.614999783032,164.66075167849,170.750689807022,86.9416013331979,0.066394087761367,0.170631016352932,0.102320966906144,9,FALSE,0.00111861876382399,0.198815438032887
"RT0_ZT6_remainder_dataset","53453","Cdipt",191.919347259859,0.00659890127487258,"upregulated",1,0.69785065250112,0.997427599417093,0.690214175472016,0.990934105663276,0.00106252951587122,0.00605983660587683,2.21753908575496,0.0538357819278054,1,FALSE,FALSE,"weak_effect",0.109740505975134,0.282673535402803,0.388223488338787,FALSE,FALSE,1,0.0538357819278054,FALSE,TRUE,FALSE,FALSE,134.395332328342,255.745223811154,143.108845977933,230.982056144135,231.390178897028,150.369732575063,150.145178331214,215.325598348794,169.147396944984,238.583929239938,0.0600721391134554,0.150804733105706,0.0906909712691552,9,FALSE,0.00111861876382399,0.161016125505187
"RT0_ZT6_remainder_dataset","336218","Pdrg1",71.1528843751962,9.4146845785708e-05,"upregulated",1,0.996833540305583,0.999521783590337,0.996749197147849,0.993704631294413,1.33133570254099e-07,0.00605983660587683,2.21753908575496,0.0385361816937469,1,FALSE,FALSE,"weak_effect",0.0011929038985745,0.300587153048069,0.00396857911749721,FALSE,FALSE,1,0.0385361816937469,FALSE,TRUE,FALSE,FALSE,63.3940246831803,61.1564665635369,101.766290473196,59.6919920372483,69.1510879462384,74.4642445659258,85.9702230767434,80.2193405613155,53.710310878265,62.0048629663117,0.0310989058086191,0.223920255319101,0.0942816854864947,7,FALSE,0.000207736423315215,0.001414105476854
"RT0_ZT6_remainder_dataset","205055","Dda1",88.909158933915,-0.00489195657268932,"downregulated",1,0.773888950729612,0.997427599417093,0.768036505873465,0.991845228495487,0.00056070694786429,0.00605983660587683,2.21753908575496,0.0379343139140634,1,FALSE,FALSE,"weak_effect",-0.0793202795704066,0.276096629202459,-0.287291734779716,FALSE,FALSE,1,0.0379343139140634,FALSE,TRUE,FALSE,FALSE,67.1976661641712,85.6190531889517,112.366945730821,86.5101333873164,81.119545475395,83.5921197062651,78.7051338026524,74.5899131535039,112.230500342643,107.16057838743,0.0228203628163416,0.200714946767732,0.0801650006906905,7,FALSE,0.00111861876382399,0.114618136840092
"RT0_ZT6_remainder_dataset","198047","Mfap3l",152.332471480397,0.0179465002108914,"upregulated",1,0.332409942211821,0.997427599417093,0.319692902132235,0.980630336251756,0.0088883094256486,0.00605983660587683,2.21753908575496,0.087168947939293,1,FALSE,FALSE,"weak_effect",0.253773543843196,0.261818950930989,0.969271104863937,FALSE,FALSE,1,0.087168947939293,FALSE,TRUE,FALSE,FALSE,207.932400960831,127.872611905577,215.19330172978,151.392733427804,126.33371836332,119.623205786552,140.458392632426,122.440046119903,148.304589738493,163.77371413928,0.0342432528536833,0.161999485437786,0.075689718109001,9,FALSE,0.00111861876382399,0.495267005889786
"RT0_ZT6_remainder_dataset","542443","Hdlbp",139.041862941244,-0.00549833606545654,"downregulated",1,0.744081400805806,0.997427599417093,0.737512754006661,0.991510588741265,0.000727047534185608,0.00605983660587683,2.21753908575496,0.047372454794449,1,FALSE,FALSE,"weak_effect",-0.0919358625568288,0.281620239816238,-0.326453321028412,FALSE,FALSE,1,0.047372454794449,FALSE,TRUE,FALSE,FALSE,73.5370686324892,114.529382837169,152.649435709795,181.671280113364,150.270633421633,146.526416726499,130.771606933638,140.73568519529,142.693064721361,157.034055121202,0.0468111287315783,0.16718726254001,0.0879368493770408,9,FALSE,0.00111861876382399,0.132230464913432
"RT0_ZT6_remainder_dataset","522691","Dnaja4",103.193664172278,0.0139697396496763,"upregulated",1,0.423574704121861,0.997427599417093,0.411332813187026,0.984880414105989,0.00538961837464966,0.00605983660587683,2.21753908575496,0.0915741151701805,1,FALSE,FALSE,"weak_effect",0.221643954143622,0.276973611078363,0.80023491509057,FALSE,FALSE,1,0.0915741151701805,FALSE,TRUE,FALSE,FALSE,69.7334271514984,112.305511325768,130.388059668783,128.034997413228,114.365260834164,97.0437251762388,96.8678569878798,104.144407044515,70.5448859296615,108.508510191045,0.0304412912203806,0.187843120338036,0.0823601378727125,8,FALSE,0.00111861876382399,0.385806644204321
"RT0_ZT6_remainder_dataset","242836","Matr3",275.018989541582,-0.0110060074027084,"downregulated",1,0.613539110209728,0.997427599417093,0.604123201549843,0.989655528880638,0.00240893419918164,0.00605983660587683,2.21753908575496,0.00773147344614373,1,FALSE,FALSE,"weak_effect",-0.105612639356253,0.209122309207183,-0.505028085031426,FALSE,FALSE,1,0.00773147344614373,FALSE,TRUE,FALSE,FALSE,240.897293796085,205.708114804624,301.05860931654,275.967325505539,300.541266843267,268.551694918403,324.507320909397,273.027229278863,303.823997356156,256.10704268694,0.0130514109508793,0.13778829306976,0.0488128015466855,9,FALSE,0.00111861876382399,0.218874484728117
"RT0_ZT6_remainder_dataset","469468","Tle5",268.669704436734,0.0069867451704194,"upregulated",1,0.704590334768445,0.997427599417093,0.697105940988321,0.991022928791517,0.00109483146432068,0.00605983660587683,2.21753908575496,0.0286593378367865,1,FALSE,FALSE,"weak_effect",0.098023658483727,0.258548023371332,0.379131339723852,FALSE,FALSE,1,0.0286593378367865,FALSE,TRUE,FALSE,FALSE,296.684035517284,341.364277000106,303.178740368065,290.674048181383,155.589947879036,257.021747372712,316.031383422958,268.805158723005,243.70051502974,213.647190873052,0.0458997722808599,0.138498717613255,0.0765138508806005,9,FALSE,0.00111861876382399,0.156701216033468
"RT0_ZT6_remainder_dataset","503302","Elof1",113.4646594094,0.00357787050687958,"upregulated",1,0.840390491049205,0.997427599417093,0.836198495227377,0.992504975405241,0.000277966971931136,0.00605983660587683,2.21753908575496,0.0385361816937469,1,FALSE,FALSE,"weak_effect",0.0571237561063822,0.283641769540112,0.20139401964316,FALSE,FALSE,1,0.0385361816937469,FALSE,TRUE,FALSE,FALSE,120.448646898043,127.872611905577,145.228977029457,112.463173403511,71.8107451749399,112.416988570494,124.717365871895,106.959120748421,133.874953980153,78.8540105115051,0.0412176545552507,0.180590859960816,0.0877130135211521,9,FALSE,0.00111861876382399,0.077690618315184
"RT0_ZT6_remainder_dataset","277104","Adam15",122.772143642496,-0.00107819523614559,"downregulated",1,0.941602340521921,0.997427599417093,0.940049719801164,0.993327457212064,2.8948653327341e-05,0.00605983660587683,2.21753908575496,0.0603633715379685,1,FALSE,FALSE,"weak_effect",-0.0232181950316308,0.316945636564211,-0.0732560803907044,FALSE,FALSE,1,0.0603633715379685,FALSE,TRUE,FALSE,FALSE,96.3589175184341,83.3951816775504,152.649435709795,107.272565400272,170.218062636895,116.260304419058,138.036696207729,87.25612482108,96.9992181532846,179.274929880858,0.0785695623673685,0.175066952884752,0.112381155803844,9,FALSE,0.00111861876382399,0.0268491756936606
"RT0_ZT6_remainder_dataset","559014","Gpm6b",78.2764785886231,0.00256570569344754,"upregulated",1,0.869159623683005,0.997427599417093,0.865707152826683,0.992758602220562,0.00016068756686348,0.00605983660587683,2.21753908575496,0.0652173417383386,1,FALSE,FALSE,"weak_effect",0.0513662500254163,0.311828363516666,0.164726035329596,FALSE,FALSE,1,0.0652173417383386,FALSE,TRUE,FALSE,FALSE,98.8946785057613,83.3951816775504,55.1234073396481,99.4866533954139,59.8422876457832,60.0518101338112,88.3919195014404,95.7002659327974,82.5695823949448,59.3089993590808,0.0482462727685099,0.213345997619312,0.103841062406294,9,FALSE,0.00111861876382399,0.062628994149194
"RT0_ZT6_remainder_dataset","117123","Ube2l3",83.0963301026039,0.00225655962090807,"upregulated",1,0.893885258153762,0.997427599417093,0.891076121509206,0.992963314368185,0.000113020226663945,0.00605983660587683,2.21753908575496,0.0354874375035158,1,FALSE,FALSE,"weak_effect",0.0381349466476607,0.285891421809701,0.133389614862403,FALSE,FALSE,1,0.0354874375035158,FALSE,TRUE,FALSE,FALSE,57.0546222148623,94.5145392345571,104.946487050484,88.2403360550627,75.8002310179921,79.2683893766307,102.922098049622,63.3310583378807,87.379460981058,77.5060787078896,0.0233348602997807,0.207219743000043,0.0860264590872941,9,FALSE,0.00111861876382399,0.0500851941232841
"RT0_ZT6_remainder_dataset","567272","Lage3",166.22338384606,-0.00589012169945201,"downregulated",1,0.754759714004919,0.997427599417093,0.748445349792507,0.991633556705839,0.000741212358680041,0.00605983660587683,2.21753908575496,0.020936914538795,1,FALSE,FALSE,"weak_effect",-0.077098530530209,0.246818355566666,-0.312369517061241,FALSE,FALSE,1,0.020936914538795,FALSE,TRUE,FALSE,FALSE,159.752942201614,167.902299110801,132.508190720308,174.750469442379,174.207548479947,209.460713746733,215.530981798033,149.179826307008,130.668368256078,148.272498397702,0.0272341182914489,0.157464032427222,0.0670448974590534,9,FALSE,0.00111861876382399,0.125839905608232
"RT0_ZT6_remainder_dataset","280203","Gpr88",162.711726092496,0.00728091281926135,"upregulated",1,0.688637607216696,0.997427599417093,0.680795369771252,0.990809831683914,0.00121579162600289,0.00605983660587683,2.21753908575496,0.0322375105078831,1,FALSE,FALSE,"weak_effect",0.104775259728164,0.261477542026555,0.400704622340084,FALSE,FALSE,1,0.0322375105078831,FALSE,TRUE,FALSE,FALSE,164.824464176269,130.096483416979,146.28904255522,227.521650808642,172.877719865596,157.57594979112,140.458392632426,202.659386681218,167.544104082946,117.270066914546,0.0372564155338762,0.158537467347311,0.0758942334801292,9,FALSE,0.00111861876382399,0.166983406639146
"RT0_ZT6_remainder_dataset","301054","S100a6",70.1811366284946,-0.00374716790692233,"downregulated",1,0.799848040284276,0.997427599417093,0.794634448638495,0.992116032400838,0.000374089557995857,0.00605983660587683,2.21753908575496,0.0951796698893303,1,FALSE,FALSE,"weak_effect",-0.0834251662798951,0.329036542479804,-0.253543772527988,FALSE,FALSE,1,0.0951796698893303,FALSE,TRUE,FALSE,FALSE,58.3225027085259,55.5967877850336,39.2224244532111,101.21685606316,86.438859932798,77.3467314523488,73.8617409532584,66.1457720417865,64.1317144815105,79.5279764133128,0.0572623612624305,0.225529103790603,0.115570195379284,9,FALSE,0.00111861876382399,0.0998326115317072
"RT0_ZT6_remainder_dataset","187314","Cmtm5",200.435597879899,0.00333944478059358,"upregulated",1,0.850308176411353,0.997427599417093,0.84636989917971,0.992594381179336,0.000241908680461601,0.00605983660587683,2.21753908575496,0.0267352395729551,1,FALSE,FALSE,"weak_effect",0.0505167836854889,0.267673716675743,0.188725229779226,FALSE,FALSE,1,0.0267352395729551,FALSE,TRUE,FALSE,FALSE,140.73473479666,172.350042133604,165.370222018944,266.451210832935,275.274523170603,221.951490254566,201.000803249851,174.51224964216,168.345750513965,218.364952185706,0.0476657860733591,0.148974403403103,0.0810004433966288,9,FALSE,0.00111861876382399,0.0724397905506323
"RT0_ZT6_remainder_dataset","54706","Glrx3",220.506271010018,0.00486502919163087,"upregulated",1,0.821916457201216,0.997427599417093,0.817255661041245,0.992332583315525,0.000426381192119385,0.00605983660587683,2.21753908575496,0.00466471236385382,1,FALSE,FALSE,"weak_effect",0.047817959684508,0.212448021426195,0.225080748521445,FALSE,FALSE,1,0.00466471236385382,FALSE,TRUE,FALSE,FALSE,200.32511799885,226.834894162937,248.055333028416,210.219624131179,234.04983612573,230.598950913835,228.850312133866,260.361017611287,189.188557720456,176.579066273627,0.011692774335044,0.145220002506104,0.04961143748218,8,FALSE,0.00111861876382399,0.0876420624264441
"RT0_ZT6_remainder_dataset","340165","Man1b1",93.8485579979676,-0.00279344848652653,"downregulated",1,0.855368643077845,0.997427599417093,0.851560335905416,0.992639187702699,0.000194939616508336,0.00605983660587683,2.21753908575496,0.0652173417383386,1,FALSE,FALSE,"weak_effect",-0.0564835189257372,0.309884517807416,-0.182272800607741,FALSE,FALSE,1,0.0652173417383386,FALSE,TRUE,FALSE,FALSE,63.3940246831803,77.835502899047,116.607207833871,86.5101333873164,115.695089448514,86.9550210737585,73.8617409532584,115.403261860138,72.1481787916993,130.075419048893,0.0572354687489463,0.19582082785876,0.104506048385412,9,FALSE,0.00111861876382399,0.0697845753908036
"RT0_ZT6_remainder_dataset","173721","Vdac2",153.321202182533,0.00755601856604897,"upregulated",1,0.696527464316471,0.997427599417093,0.688861282459038,0.990916462381321,0.00122307930686753,0.00605983660587683,2.21753908575496,0.0212716029736942,1,FALSE,FALSE,"weak_effect",0.0946410453173824,0.24266170444997,0.390012282868864,FALSE,FALSE,1,0.0212716029736942,FALSE,TRUE,FALSE,FALSE,124.252288379033,153.447134286693,180.211139379619,152.257834761677,180.8566915517,128.751080926891,133.193303358335,178.734320198019,124.255196807927,177.253032175435,0.0209887154535898,0.161649493674585,0.0641247910364673,7,FALSE,0.00111861876382399,0.16186822414163
"RT0_ZT6_remainder_dataset","22176","Tbc1d10b",77.6388987492912,0.000453533642078532,"upregulated",1,0.975587476868175,0.997427599417093,0.974937422173023,0.993564694606856,4.99941891630216e-06,0.00605983660587683,2.21753908575496,0.0926406995857596,1,FALSE,FALSE,"weak_effect",0.0108050500002032,0.353090795944533,0.0306013357592606,FALSE,FALSE,1,0.0926406995857596,FALSE,TRUE,FALSE,FALSE,41.840056290899,106.745832547264,92.2257007413343,102.947058730907,45.2141728879251,92.7199948466044,77.4942855903039,75.9972700054568,82.5695823949448,58.635033457273,0.0921815053765997,0.214213355716384,0.136717990031935,9,FALSE,0.00111861876382399,0.0110232592523676
"RT0_ZT6_remainder_dataset","431457","Eps15",112.744163386753,-0.000657177810311201,"downregulated",1,0.966280209577792,0.997427599417093,0.965382586565195,0.993501415344166,1.00551748409569e-05,0.00605983660587683,2.21753908575496,0.0416016997178799,1,FALSE,FALSE,"weak_effect",-0.0126888162730041,0.300155955548543,-0.0422740779866085,FALSE,FALSE,1,0.0416016997178799,FALSE,TRUE,FALSE,FALSE,102.698319986752,112.305511325768,138.868583874883,116.788680072877,89.0985171614995,90.7983369223225,146.512633694168,113.995905008185,148.304589738493,68.0705560825813,0.0583847071264144,0.181056501175285,0.0991954146260741,9,FALSE,0.00111861876382399,0.015300539189227
"RT0_ZT6_remainder_dataset","433045","Rims3",116.795155149542,-0.00862990940523404,"downregulated",1,0.595135110631727,0.997427599417093,0.585365456039143,0.989327583167252,0.00200708314349715,0.00605983660587683,2.21753908575496,0.0860013387072009,1,FALSE,FALSE,"weak_effect",-0.156586444533447,0.294662543076935,-0.531409397673469,FALSE,FALSE,1,0.0860013387072009,FALSE,TRUE,FALSE,FALSE,88.7516345564525,104.521961035863,134.628321771833,141.876618755199,81.119545475395,134.996469180807,144.090937269471,130.88418723162,132.271661118115,74.8102151006587,0.0538599973828549,0.178513087678514,0.0955245273649545,9,FALSE,0.00111861876382399,0.232572910009907
"RT0_ZT6_remainder_dataset","223514","Lman2",153.472417012294,0.00158045952170367,"upregulated",1,0.92709614248424,0.997427599417093,0.925159864972168,0.993220794935071,5.33930052984534e-05,0.00605983660587683,2.21753908575496,0.0319306414228231,1,FALSE,FALSE,"weak_effect",0.0259909730765829,0.284057617929045,0.0914989475236509,FALSE,FALSE,1,0.0319306414228231,FALSE,TRUE,FALSE,FALSE,79.8764711008072,153.447134286693,164.310156493182,184.266584114984,191.495320466506,138.839785029371,146.512633694168,177.326963346066,127.461782532002,171.187339059165,0.0527983453526457,0.16159636409934,0.0903026668104024,9,FALSE,0.00111861876382399,0.0337832159351338
"RT0_ZT6_remainder_dataset","156572","Limch1",56.7749031935587,-0.00189378457497459,"downregulated",1,0.892480713593882,0.997427599417093,0.889634866295433,0.992951994913692,9.61819186382891e-05,0.00605983660587683,2.21753908575496,0.0940769634898215,1,FALSE,FALSE,"weak_effect",-0.0461641668740617,0.341537100057178,-0.135165892274465,FALSE,FALSE,1,0.0940769634898215,FALSE,TRUE,FALSE,FALSE,41.840056290899,50.0371090065302,81.6250454837097,49.3107760307704,57.1826304170818,49.0022770691899,46.0122320692429,45.0354192624929,64.1317144815105,83.5717718241592,0.055322510259826,0.253345731939388,0.122304872138895,9,FALSE,0.00111861876382399,0.0507882046930179
"RT0_ZT6_remainder_dataset","29658","Got1",358.977173124215,-0.0258445412254853,"downregulated",1,0.232440156367841,0.997427599417093,0.220235064886622,0.972126839314005,0.016982797802388,0.00605983660587683,2.21753908575496,0.042828279181566,1,FALSE,FALSE,"weak_effect",-0.267216125260412,0.223780982193638,-1.19409666827358,FALSE,FALSE,1,0.042828279181566,FALSE,TRUE,FALSE,FALSE,289.076752555302,416.975908387752,330.740444037889,300.190162853988,292.562295157162,450.628783244119,351.145981581064,381.393706879237,473.773040732159,303.284655813481,0.0260423131202894,0.130757439930177,0.0572641591218501,9,FALSE,0.00111861876382399,0.657113533346115
"RT0_ZT6_remainder_dataset","577049","Slc9a6",118.97067227278,0.00370718207606362,"upregulated",1,0.816937000012757,0.997427599417093,0.812150754284594,0.99228476034499,0.000334993384053163,0.00605983660587683,2.21753908575496,0.0610456636650691,1,FALSE,FALSE,"weak_effect",0.0699803738278123,0.302308875940086,0.231486335325733,FALSE,FALSE,1,0.0610456636650691,FALSE,TRUE,FALSE,FALSE,166.092344669932,151.223262775291,101.766290473196,111.598072069638,78.4598882466936,125.868594040468,127.139062296592,112.588548156232,139.486478997285,75.4841810024664,0.0617220712840716,0.177218676454816,0.101252729450312,9,FALSE,0.00111861876382399,0.0903633480039015
"RT0_ZT6_remainder_dataset","478875","Mtss1",103.319776523326,0.00101484334348096,"upregulated",1,0.952207242643314,0.997427599417093,0.950935792605501,0.993403338907,2.21731150600141e-05,0.00605983660587683,2.21753908575496,0.0352636982029474,1,FALSE,FALSE,"weak_effect",0.0174724566541618,0.291522442410364,0.0599352026200663,FALSE,FALSE,1,0.0352636982029474,FALSE,TRUE,FALSE,FALSE,105.234080974079,125.648740394176,74.2045868033724,94.2960453921749,122.344232520268,125.388179559398,66.5966516791674,85.8487679691271,117.040378928757,116.596101012738,0.0439196988972841,0.187745330069641,0.0922937838999742,9,FALSE,0.00111861876382399,0.021848805731887
"RT0_ZT6_remainder_dataset","97920","Anapc11",186.238880077151,-0.00118053569743896,"downregulated",1,0.936773631367864,0.997427599417093,0.935093169536531,0.993292326004529,3.44068490541959e-05,0.00605983660587683,2.21753908575496,0.0593874931034199,1,FALSE,FALSE,"weak_effect",-0.0249678249322327,0.31475109794484,-0.0793256166388603,FALSE,FALSE,1,0.0593874931034199,FALSE,TRUE,FALSE,FALSE,218.07544491014,187.917142713413,222.613760410117,147.932328092311,147.610976192932,196.00910827676,253.067276380836,80.2193405613155,214.84124351306,194.102179720628,0.0911283684870365,0.152118654709821,0.113529278439278,10,FALSE,0.00111861876382399,0.0291451153309788
"RT0_ZT6_remainder_dataset","25499","Ppp2r5b",141.175183322338,-0.0109682042234558,"downregulated",1,0.520314484560681,0.997427599417093,0.50926389511733,0.987752289593137,0.00321431025977612,0.00605983660587683,2.21753908575496,0.0964792171701457,1,FALSE,FALSE,"weak_effect",-0.187990542468666,0.292428109300941,-0.642860711708132,FALSE,FALSE,1,0.0964792171701457,FALSE,TRUE,FALSE,FALSE,147.074137264978,112.305511325768,113.427011256584,131.495402748721,156.919776493387,134.996469180807,131.982455145986,123.847402971856,113.032146773662,246.671520061631,0.0605848524004219,0.166288744808836,0.0954425573310222,9,FALSE,0.00111861876382399,0.293057112567454
"RT0_ZT6_remainder_dataset","52938","Lcmt1",170.123721240396,0.00325285764466106,"upregulated",1,0.838696286478995,0.997427599417093,0.834461086505868,0.992489487421432,0.000255654804232148,0.00605983660587683,2.21753908575496,0.0602846602622396,1,FALSE,FALSE,"weak_effect",0.0618637952424483,0.303907349840291,0.203561365906283,FALSE,FALSE,1,0.0602846602622396,FALSE,TRUE,FALSE,FALSE,109.03772245507,203.484243293223,125.087732039971,186.861888116603,243.358636426185,126.349008521539,138.036696207729,235.028594276135,154.717761186644,179.274929880858,0.0771522514356633,0.156323730937727,0.104960562727551,10,FALSE,0.00111861876382399,0.0785939110036852
"RT0_ZT6_remainder_dataset","261207","Hsbp1",662.380048041266,-0.0213560499309682,"downregulated",1,0.338284961569183,0.997427599417093,0.325575186110699,0.98097363649179,0.0104078432246153,0.00605983660587683,2.21753908575496,0.0190780750614613,1,FALSE,FALSE,"weak_effect",-0.201574364266489,0.210508461936789,-0.957559436860158,FALSE,FALSE,1,0.0190780750614613,FALSE,TRUE,FALSE,FALSE,537.581329313369,699.407590335722,613.777939416466,540.688333670728,687.521393619332,650.000792888372,817.322543335236,888.042173582282,587.60683393684,601.851550314308,0.0242570362126631,0.120208225412695,0.0516683058552295,9,FALSE,0.00111861876382399,0.487348702510899
"RT0_ZT6_remainder_dataset","259953","Cog4",165.015813244439,-0.0018539051435056,"downregulated",1,0.918701950553931,0.997427599417093,0.916544261272718,0.993157505798353,7.0163927566829e-05,0.00605983660587683,2.21753908575496,0.0201697832388637,1,FALSE,FALSE,"weak_effect",-0.0263677223333199,0.258332466705552,-0.102068944990077,FALSE,FALSE,1,0.0201697832388637,FALSE,TRUE,FALSE,FALSE,100.162558999425,162.342620332298,175.970877276569,166.964557437521,212.772578296118,165.262581488248,140.458392632426,154.809253714819,190.791850582494,180.622861684473,0.0328602433787153,0.157828005584589,0.0740035868846142,9,FALSE,0.00111861876382399,0.0378465574749709
"RT0_ZT6_remainder_dataset","348311","Chst1",175.773727148225,0.00621624859268415,"upregulated",1,0.73976804171301,0.997427599417093,0.733097444720713,0.991459895256149,0.000838188356965116,0.00605983660587683,2.21753908575496,0.0221067090953248,1,FALSE,FALSE,"weak_effect",0.0830327288010689,0.24997770638205,0.332160535444577,FALSE,FALSE,1,0.0221067090953248,FALSE,TRUE,FALSE,FALSE,224.414847378458,159.006813065196,170.670549647757,148.797429426184,200.804120766961,168.145068374671,144.090937269471,227.99181001637,180.370446979248,133.445248557932,0.0299199776023405,0.154761646254122,0.0692822468499414,9,FALSE,0.00111861876382399,0.134838294265061
"RT0_ZT6_remainder_dataset","421956","Rab2a",126.922175926157,-0.0205980366645128,"downregulated",1,0.291226205603648,0.997427599417093,0.278564967600915,0.977833947200702,0.0114334243345574,0.00605983660587683,2.21753908575496,0.0716684752484707,1,FALSE,FALSE,"weak_effect",-0.261592643060015,0.247852805126577,-1.05543547480296,FALSE,FALSE,1,0.0716684752484707,FALSE,TRUE,FALSE,FALSE,81.1443515944708,126.760676149877,132.508190720308,112.463173403511,123.674061134619,152.291390499345,146.512633694168,151.994540010914,130.668368256078,111.204373798276,0.016588800750274,0.172865098293774,0.0656528126501797,9,FALSE,0.00111861876382399,0.555073501459264
"RT0_ZT6_remainder_dataset","442208","Ywhaq",136.153172860107,-0.00907867041509419,"downregulated",1,0.57921524877836,0.997427599417093,0.569151091918656,0.989026876386773,0.00222220818796161,0.00605983660587683,2.21753908575496,0.0857125304878169,1,FALSE,FALSE,"weak_effect",-0.162184185829094,0.292470718682813,-0.554531361496683,FALSE,FALSE,1,0.0857125304878169,FALSE,TRUE,FALSE,FALSE,157.217181214287,118.977125859972,111.306880205059,160.908848100409,93.0880030045517,157.57594979112,128.349910508941,182.956390753877,163.535871927852,87.6155672350057,0.0580723119028639,0.168448805700677,0.0952107689473295,9,FALSE,0.00111861876382399,0.244772426617335
"RT0_ZT6_remainder_dataset","196496","Fam32a",98.9934230627651,-0.0101013238165934,"downregulated",1,0.562763569290141,0.997427599417093,0.552406943965469,0.988698026374463,0.00260352399684494,0.00605983660587683,2.21753908575496,0.060307429391191,1,FALSE,FALSE,"weak_effect",-0.157925108263513,0.272876736994,-0.578741559296004,FALSE,FALSE,1,0.060307429391191,FALSE,TRUE,FALSE,FALSE,90.0195150501161,111.193575570067,117.667273359633,64.0174987066141,85.1090313184473,87.9158500358995,94.4461605631829,109.773834452326,109.825561049587,119.965930521777,0.0268102377111515,0.191242419236497,0.0791060516330491,8,FALSE,0.00111861876382399,0.257740870812213
"RT0_ZT6_remainder_dataset","435991","Hp1bp3",157.43256996107,0.00146289808688245,"upregulated",1,0.943081487346214,0.997427599417093,0.941568051611221,0.993338145384639,3.82522775363084e-05,0.00605983660587683,2.21753908575496,0.021801623722607,1,FALSE,FALSE,"weak_effect",0.0188867653803256,0.26453019593061,0.0713973892994804,FALSE,FALSE,1,0.021801623722607,FALSE,TRUE,FALSE,FALSE,169.895986150923,107.857768302965,144.168911503695,214.545130800545,154.260119264686,148.448074650781,167.097053304093,185.771104457783,164.337518358871,117.944032816354,0.0385788402537889,0.160241294664431,0.0775999094990682,9,FALSE,0.00111861876382399,0.0261482859806228
"RT0_ZT6_remainder_dataset","332571","Tp53bp1",83.9914430558946,-0.000700720483735758,"downregulated",1,0.960532970614968,0.997427599417093,0.959482596784252,0.993461715932185,1.25869706773794e-05,0.00605983660587683,2.21753908575496,0.0673227108997354,1,FALSE,FALSE,"weak_effect",-0.0161106350960962,0.325567516398914,-0.0494847743850341,FALSE,FALSE,1,0.0673227108997354,FALSE,TRUE,FALSE,FALSE,139.466854302997,61.1564665635369,76.3247178548974,68.34300537598,73.1405737892906,99.4457975815913,106.554642686668,63.3310583378807,79.3629966708692,72.7883173952355,0.066589780597819,0.206159426638962,0.115226150737826,9,FALSE,0.00111861876382399,0.0179628981448842
"RT0_ZT6_remainder_dataset","159574","Rnf4",162.95973675853,-0.00518399823313008,"downregulated",1,0.780574770635702,0.997427599417093,0.774885597587165,0.99191672460372,0.000574192143166602,0.00605983660587683,2.21753908575496,0.0178125753543485,1,FALSE,FALSE,"weak_effect",-0.0675561787684075,0.242510526712086,-0.278570088005341,FALSE,FALSE,1,0.0178125753543485,FALSE,TRUE,FALSE,FALSE,168.62810565726,140.103905218285,193.991991214531,123.709490743862,170.218062636895,196.48952275783,158.621115817653,163.253394826537,185.180325565362,129.401453147085,0.0239509761934117,0.158460137758718,0.0643941050506128,8,FALSE,0.00111861876382399,0.110762411047333
"RT0_ZT6_remainder_dataset","248187","Atp5f1a",1070.54641117032,0.00586158660453037,"upregulated",1,0.808464812179672,0.997427599417093,0.803466069200005,0.992202016430983,0.000557040988673742,0.00605983660587683,2.21753908575496,0.000846582914901935,1,FALSE,FALSE,"weak_effect",0.0442455406658957,0.18252583865235,0.242406998332814,FALSE,FALSE,1,0.000846582914901935,FALSE,TRUE,FALSE,FALSE,1117.00271491764,1319.8677420167,1091.86749153534,855.585219200559,1050.56460533708,1038.6561080744,1076.44406077781,1108.99719933889,966.785595808771,1079.69337469599,0.0123787248079816,0.115449408710057,0.0390656266627674,6,FALSE,0.00111861876382399,0.0950324590006415
"RT0_ZT6_remainder_dataset","196590","Abhd8",578.749788751921,0.0235617705453692,"upregulated",1,0.283287659763561,0.997427599417093,0.270660320659971,0.977201345573428,0.0133730815303896,0.00605983660587683,2.21753908575496,0.0274976878307821,1,FALSE,FALSE,"weak_effect",0.233631214954682,0.217743936149095,1.07296312855623,FALSE,FALSE,1,0.0274976878307821,FALSE,TRUE,FALSE,FALSE,517.295241414751,550.408199071832,641.33964308629,798.488531164931,619.700134287444,474.649507297643,491.60437421349,519.314678370621,473.773040732159,700.924537880045,0.0276297178879188,0.122011823903111,0.0551929905513319,9,FALSE,0.00111861876382399,0.567575407995726
"RT0_ZT6_remainder_dataset","369581","Tmem176b",199.289734179325,0.00487440446986601,"upregulated",1,0.782877074248033,0.997427599417093,0.777244334074645,0.991941057572695,0.000533466695215715,0.00605983660587683,2.21753908575496,0.0319306414228231,1,FALSE,FALSE,"weak_effect",0.0743670577815315,0.269864673531923,0.275571666377201,FALSE,FALSE,1,0.0319306414228231,FALSE,TRUE,FALSE,FALSE,131.859571341015,245.737802009848,152.649435709795,226.656549474769,264.635894255797,199.372009644253,177.994687215229,230.806523720276,206.824779202871,156.360089219395,0.0490318156307891,0.149211566812876,0.0823813795839504,9,FALSE,0.00111861876382399,0.109442435176164
"RT0_ZT6_remainder_dataset","213245","Habp4",138.434824934429,0.0128610421707651,"upregulated",1,0.487029581577136,0.997427599417093,0.475502670713982,0.986894085298969,0.00415214938915208,0.00605983660587683,2.21753908575496,0.0514901135576332,1,FALSE,FALSE,"weak_effect",0.179742398550811,0.258606884761017,0.695041041606121,FALSE,FALSE,1,0.0514901135576332,FALSE,TRUE,FALSE,FALSE,109.03772245507,154.559070042393,110.246814679296,173.020266774633,188.835663237805,147.48724568864,138.036696207729,116.810618712091,116.238732497738,130.075419048893,0.028716418984616,0.167447997614498,0.0730303165522576,9,FALSE,0.00111861876382399,0.322847039456141
"RT0_ZT6_remainder_dataset","556839","Usp11",102.352461331964,-0.00117514227086762,"downregulated",1,0.945594118969113,0.997427599417093,0.944147271677952,0.99335622331979,2.93318536975585e-05,0.00605983660587683,2.21753908575496,0.0173678465173556,1,FALSE,FALSE,"weak_effect",-0.0173039407765145,0.253572568555567,-0.0682405864131262,FALSE,FALSE,1,0.0173678465173556,FALSE,TRUE,FALSE,FALSE,77.34071011348,117.865190104271,119.787404411158,99.4866533954139,94.4178316189024,122.025278191904,102.922098049622,95.7002659327974,105.015682463473,88.9634990386211,0.0135770438053003,0.188501572023497,0.0673572615082239,8,FALSE,0.00111861876382399,0.0249602575149496
"RT0_ZT6_remainder_dataset","65866","Rab11fip3",117.68933731114,-0.00310916371971946,"downregulated",1,0.849069446757643,0.997427599417093,0.845099406269979,0.992583330403207,0.00022725562703933,0.00605983660587683,2.21753908575496,0.0436768321226706,1,FALSE,FALSE,"weak_effect",-0.0550710105510705,0.289381551049003,-0.190305879388092,FALSE,FALSE,1,0.0436768321226706,FALSE,TRUE,FALSE,FALSE,143.270495783988,103.410025280162,152.649435709795,105.542362732526,73.1405737892906,117.221133381199,105.343794474319,95.7002659327974,124.255196807927,156.360089219395,0.0477665184852943,0.177975265677692,0.091957981670948,9,FALSE,0.00111861876382399,0.0730922034108372
"RT0_ZT6_remainder_dataset","518735","Thyn1",139.420270569035,-0.0229764181435676,"downregulated",1,0.26809693462639,0.997427599417093,0.255557278559874,0.975886469898941,0.0136137976157998,0.00605983660587683,2.21753908575496,0.050421339318725,1,FALSE,FALSE,"weak_effect",-0.257794956192776,0.232781270647989,-1.1074557479438,FALSE,FALSE,1,0.050421339318725,FALSE,TRUE,FALSE,FALSE,126.788049366361,103.410025280162,159.00982886437,112.463173403511,134.312690049425,170.547140780024,156.199419392956,132.291544083573,143.49471115238,155.686123317587,0.0106985087348134,0.167025877642559,0.0576956249988954,8,FALSE,0.00111861876382399,0.592511745335337
"RT0_ZT6_remainder_dataset","108759","Mapk1",147.909598433632,0.0120169153961818,"upregulated",1,0.477730760168045,0.997427599417093,0.466082480228861,0.986632736947573,0.00398405474312404,0.00605983660587683,2.21753908575496,0.0973913951825863,1,FALSE,FALSE,"weak_effect",0.203979318415584,0.287312188119272,0.709957067087268,FALSE,FALSE,1,0.0973913951825863,FALSE,TRUE,FALSE,FALSE,219.343325403804,103.410025280162,159.00982886437,175.615570776252,132.982861435074,113.858232013706,123.506517659547,187.178461309736,152.312821893587,111.878339700084,0.056929200731016,0.16362237936482,0.0922906191674723,9,FALSE,0.00111861876382399,0.331537221639249
"RT0_ZT6_remainder_dataset","116383","Tra2b",84.5824476600175,0.00733126672082158,"upregulated",1,0.648115915580276,0.997427599417093,0.639400202307003,0.990220672938213,0.00142393163236372,0.00605983660587683,2.21753908575496,0.0855596620497831,1,FALSE,FALSE,"weak_effect",0.1372598364479,0.300757021420803,0.456381153794753,FALSE,FALSE,1,0.0855596620497831,FALSE,TRUE,FALSE,FALSE,133.127451834679,57.8206592964349,80.5649799579472,90.8356400566822,81.119545475395,86.9550210737585,66.5966516791674,85.8487679691271,92.1893395671713,70.7664196898123,0.0412607695708816,0.205471645787778,0.0967078151281434,9,FALSE,0.00111861876382399,0.194227230653006
"RT0_ZT6_remainder_dataset","9811","Tbcb",159.901110173986,0.00290932573349234,"upregulated",1,0.847385398285194,0.997427599417093,0.843372208893795,0.992568254199508,0.000215233995354838,0.00605983660587683,2.21753908575496,0.0814418609427434,1,FALSE,FALSE,"weak_effect",0.0622217142142468,0.323304371009327,0.19245553043405,FALSE,FALSE,1,0.0814418609427434,FALSE,TRUE,FALSE,FALSE,73.5370686324892,157.894877309495,167.490353070469,234.442461479627,183.516348780402,210.421542708874,133.193303358335,153.401896862866,118.643671790794,166.469577746511,0.0963153820039415,0.159430578840262,0.119210596214769,9,FALSE,0.00111861876382399,0.0739807141142881
"RT0_ZT6_remainder_dataset","557920","Praf2",214.449023293806,0.00506032738919414,"upregulated",1,0.812115520741485,0.997427599417093,0.807208194991232,0.992237886395016,0.000470683506563588,0.00605983660587683,2.21753908575496,0.00466471236385382,1,FALSE,FALSE,"weak_effect",0.0503617956721347,0.211873244246634,0.237697760522845,FALSE,FALSE,1,0.00466471236385382,FALSE,TRUE,FALSE,FALSE,216.807564416477,229.058765674338,243.815070925367,191.187394785969,208.783092453066,213.304029595297,203.422499674548,264.583088167146,195.601729168607,177.926998077242,0.0103588886930787,0.146279024122833,0.0491888018746578,8,FALSE,0.00111861876382399,0.0930144376762438
"RT0_ZT6_remainder_dataset","251968","Dnajb1",103.872520350212,0.00295747083987277,"upregulated",1,0.871968564436943,0.997427599417093,0.868588848209761,0.992782453425213,0.000180955073906853,0.00605983660587683,2.21753908575496,0.0221067090953248,1,FALSE,FALSE,"weak_effect",0.0417834047752302,0.259269006972818,0.161158501986359,FALSE,FALSE,1,0.0221067090953248,FALSE,TRUE,FALSE,FALSE,93.8231565311069,114.529382837169,127.207863091496,108.137666734146,81.119545475395,85.9941921116176,108.976339111365,129.476830379667,97.8008645843035,91.6593626458521,0.0172625848163225,0.187319521614196,0.0709904195042342,9,FALSE,0.00111861876382399,0.061185750833857
"RT0_ZT6_remainder_dataset","460402","Lrfn5",66.556630074944,0.00296245707552807,"upregulated",1,0.854389380083341,0.997427599417093,0.850555896020592,0.992630559219165,0.000208252261451157,0.00605983660587683,2.21753908575496,0.0583293925665727,1,FALSE,FALSE,"weak_effect",0.0557896067658961,0.303996054373372,0.183520825232075,FALSE,FALSE,1,0.0583293925665727,FALSE,TRUE,FALSE,FALSE,68.4655466578348,75.6116313876457,41.3425555047361,69.2081067098531,85.1090313184473,72.0621721605734,50.8556249186369,74.5899131535039,60.925128757435,67.3965901807736,0.0249314532273755,0.231944325571231,0.0958332465497698,8,FALSE,0.00111861876382399,0.0702971405633061
"RT0_ZT6_remainder_dataset","496957","Cacna1i",69.5462134501859,0.00563941994762545,"upregulated",1,0.722843664741305,0.997427599417093,0.715777494590873,0.991255054103973,0.000818967622444074,0.00605983660587683,2.21753908575496,0.069515404698218,1,FALSE,FALSE,"weak_effect",0.105611467780472,0.297781557191871,0.354660875496808,FALSE,FALSE,1,0.069515404698218,FALSE,TRUE,FALSE,FALSE,54.5188612275351,80.0593744104484,92.2257007413343,83.0497280518238,49.2036587309773,58.6105666905997,75.0725891656069,71.7751994495981,68.9415930676238,62.0048629663117,0.0236825868876023,0.226604582463252,0.092015912584467,11,FALSE,0.00111861876382399,0.145221960777883
"RT0_ZT6_remainder_dataset","85953","Ppp2ca",85.4281695994219,0.00163945771112162,"upregulated",1,0.925791543762599,0.997427599417093,0.923820824303152,0.993211035462962,5.64174324426477e-05,0.00605983660587683,2.21753908575496,0.0267398159794028,1,FALSE,FALSE,"weak_effect",0.0256529966675197,0.275421092712406,0.0931410024369718,FALSE,FALSE,1,0.0267398159794028,FALSE,TRUE,FALSE,FALSE,78.6085906071436,76.7235671433463,112.366945730821,96.8913493937944,66.4914307175369,88.39626451697,93.2353123508343,63.3310583378807,86.5778145500392,91.6593626458521,0.0175276378216219,0.204503990320205,0.0793198908293144,9,FALSE,0.00111861876382399,0.0344122523319312
"RT0_ZT6_remainder_dataset","438875","-",189.409103911238,0.00903410807483087,"upregulated",1,0.585813971111647,0.997427599417093,0.575870548876593,0.989153525829416,0.00216525104131,0.00605983660587683,2.21753908575496,0.0820250852396917,1,FALSE,FALSE,"weak_effect",0.158318077753278,0.290538743025091,0.544912103992981,FALSE,FALSE,1,0.0820250852396917,FALSE,TRUE,FALSE,FALSE,224.414847378458,235.730380208542,175.970877276569,174.750469442379,186.176006009103,105.691185835508,194.946562188108,256.138947055428,130.668368256078,209.603395462206,0.0677718184587948,0.151375647148319,0.0960245025919019,10,FALSE,0.00111861876382399,0.239675131554206
"RT0_ZT6_remainder_dataset","277902","Tars2",98.2750632574227,0.010211540096124,"upregulated",1,0.536755113315307,0.997427599417093,0.525962422036479,0.98813652316257,0.00284948209991642,0.00605983660587683,2.21753908575496,0.0929889995245583,1,FALSE,FALSE,"weak_effect",0.180865841153639,0.292792371730784,0.617727299671389,FALSE,FALSE,1,0.0929889995245583,FALSE,TRUE,FALSE,FALSE,62.1261441895167,104.521961035863,119.787404411158,102.081957397033,134.312690049425,86.9550210737585,71.4400445285614,87.25612482108,96.9992181532846,117.270066914546,0.0415296618989414,0.191852892794775,0.0927019742791839,9,FALSE,0.00111861876382399,0.279045283384628
"RT0_ZT6_remainder_dataset","92779","Tspoap1",96.1104647346481,0.00177031654186325,"upregulated",1,0.903914832863128,0.997427599417093,0.901368360659759,0.993043103512586,7.98371872536407e-05,0.00605983660587683,2.21753908575496,0.0865925277289061,1,FALSE,FALSE,"weak_effect",0.0405655106082178,0.336036827014852,0.120717455192567,FALSE,FALSE,1,0.0865925277289061,FALSE,TRUE,FALSE,FALSE,129.323810353688,126.760676149877,76.3247178548974,73.5336133792189,81.119545475395,118.18196234334,76.2834373779554,136.513614639432,85.7761681190203,57.2871016536576,0.0877240719684272,0.193747581456124,0.125063719846774,9,FALSE,0.00111861876382399,0.0450976903653696
"RT0_ZT6_remainder_dataset","331356","Emc4",225.590545845194,-0.00399951470249276,"downregulated",1,0.808373955086843,0.997427599417093,0.803372939881769,0.992201119516054,0.000380285059582345,0.00605983660587683,2.21753908575496,0.0436768321226706,1,FALSE,FALSE,"weak_effect",-0.069111943930935,0.28496918915285,-0.242524267751154,FALSE,FALSE,1,0.0436768321226706,FALSE,TRUE,FALSE,FALSE,297.951916010948,182.35746393491,224.733891461642,195.512901455335,200.804120766961,186.88123313642,174.362142578184,264.583088167146,175.560568393135,353.158132547254,0.0676213962027253,0.144374992821566,0.0930148688222608,10,FALSE,0.00111861876382399,0.0950828007571335
"RT0_ZT6_remainder_dataset","529524","Rhoa",70.7345236182548,0.00211593152512044,"upregulated",1,0.899116908869563,0.997427599417093,0.896444672352371,0.993005160299168,0.000100457043123203,0.00605983660587683,2.21753908575496,0.0391917313473872,1,FALSE,FALSE,"weak_effect",0.036839360942997,0.290583971350732,0.126776989012007,FALSE,FALSE,1,0.0391917313473872,FALSE,TRUE,FALSE,FALSE,49.4473392528807,72.2758241205436,91.1656352155719,82.1846267179506,62.5019448744847,72.0621721605734,55.6990177680309,81.6266974132684,68.9415930676238,71.44038559162,0.0164552292472502,0.224607484361719,0.0871756123434629,9,FALSE,0.00111861876382399,0.0474765094855728
"RT0_ZT6_remainder_dataset","572928","Cox7b",526.194251406625,-0.00622459985207857,"downregulated",1,0.775039060662146,0.997427599417093,0.769214636984095,0.991857616667135,0.000709308468098593,0.00605983660587683,2.21753908575496,0.0274976878307821,1,FALSE,FALSE,"weak_effect",-0.07522285379597,0.263210349368851,-0.28578987861361,FALSE,FALSE,1,0.0274976878307821,FALSE,TRUE,FALSE,FALSE,503.348555984452,622.684023192376,469.609027912771,514.735293654533,449.48207165055,430.451375039158,435.905356445459,892.264244138141,511.450422990046,432.012143058759,0.0601832070305015,0.123438600719234,0.0812687206394739,10,FALSE,0.00111861876382399,0.113952460391769
"RT0_ZT6_remainder_dataset","555000","Macir",126.771955000529,-0.00652767670155099,"downregulated",1,0.702581218293382,0.997427599417093,0.695051352579198,0.990996631271811,0.00103126264799527,0.00605983660587683,2.21753908575496,0.0456811194752115,1,FALSE,FALSE,"weak_effect",-0.105414919425155,0.276072059852107,-0.381838421032634,FALSE,FALSE,1,0.0456811194752115,FALSE,TRUE,FALSE,FALSE,121.716527391706,169.014234866502,90.1055696898094,96.8913493937944,132.982861435074,146.526416726499,117.452276597804,163.253394826537,126.660136100983,103.116782976584,0.0401560501897467,0.172942285308511,0.0834861238836705,9,FALSE,0.00111861876382399,0.15798310718272
"RT0_ZT6_remainder_dataset","195398","Ghitm",172.830853666463,0.00344104874586025,"upregulated",1,0.834368903005551,0.997427599417093,0.830023538755155,0.992449637204885,0.000278413847431879,0.00605983660587683,2.21753908575496,0.0497950571543624,1,FALSE,FALSE,"weak_effect",0.0614352290442153,0.293805597396861,0.209101629065395,FALSE,FALSE,1,0.0497950571543624,FALSE,TRUE,FALSE,FALSE,197.789357011523,212.379729338828,202.472515420631,134.09070675034,135.642518663775,183.518331768927,192.524865763411,160.438681122631,216.444536375098,93.0072944494676,0.0681150561184821,0.155562532550085,0.0978087992516257,10,FALSE,0.00111861876382399,0.0809095912305295
"RT0_ZT6_remainder_dataset","223708","Nop16",63.3511168810598,-0.00319814654676805,"downregulated",1,0.825563480365736,0.997427599417093,0.820994817767444,0.992367237424477,0.000273951903402318,0.00605983660587683,2.21753908575496,0.0949112692140486,1,FALSE,FALSE,"weak_effect",-0.0732407875165677,0.33231589849625,-0.220395075432704,FALSE,FALSE,1,0.0949112692140486,FALSE,TRUE,FALSE,FALSE,79.8764711008072,60.0445308078363,42.4026210304985,77.8591200485848,47.8738301166266,65.3363694255865,77.4942855903039,71.7751994495981,40.0823215509441,70.7664196898123,0.0525899957749882,0.238229632294143,0.11659628266261,9,FALSE,0.00111861876382399,0.0856595841985933
"RT0_ZT6_remainder_dataset","540940","Cul3",76.1733991333693,0.00339001577641072,"upregulated",1,0.825769240820299,0.997427599417093,0.821205782533929,0.992369183290582,0.000290009073704987,0.00605983660587683,2.21753908575496,0.0740932351191495,1,FALSE,FALSE,"weak_effect",0.069263537656435,0.314647103157197,0.220130860768901,FALSE,FALSE,1,0.0740932351191495,FALSE,TRUE,FALSE,FALSE,77.34071011348,80.0593744104484,102.826355998959,64.0174987066141,65.1616021031862,83.5921197062651,60.5424106174249,99.9223364886561,81.7679359639259,46.5036472247338,0.0496853035168266,0.216262051691406,0.105628766245998,9,FALSE,0.00111861876382399,0.0855480011989921
"RT0_ZT6_remainder_dataset","279292","Kcnc4",67.466011111096,-4.26417053182778e-05,"downregulated",1,0.99563332985381,0.999521783590337,0.995517017956421,0.993696888454457,8.32072493915617e-08,0.00605983660587683,2.21753908575496,0.083106903183333,1,FALSE,FALSE,"weak_effect",-0.00189084833458732,0.345496937300783,-0.00547283674743891,FALSE,FALSE,1,0.083106903183333,FALSE,TRUE,FALSE,FALSE,64.6619051768439,81.171310166149,40.2824899789736,61.4221947049947,89.0985171614995,49.0022770691899,65.3858034668189,90.0708385249858,47.297139430114,86.2676354313902,0.0739463224235471,0.230269984065971,0.128301203566909,9,FALSE,0.000207736423315215,0.00195131148650136
"RT0_ZT6_remainder_dataset","354251","Snap25",367.936587863079,0.0020033293403155,"upregulated",1,0.911228641854481,0.997427599417093,0.90887425156874,0.993100160264064,8.31305549248929e-05,0.00605983660587683,2.21753908575496,0.00514359431016114,1,FALSE,FALSE,"weak_effect",0.0247963177795916,0.222410577722604,0.111488932017066,FALSE,FALSE,1,0.00514359431016114,FALSE,TRUE,FALSE,FALSE,348.667135757492,308.006204329086,403.884965315499,372.858674899334,420.225842134833,271.914596285897,334.194106608185,478.501329663987,362.344186820534,378.768836815948,0.0257613818681994,0.130196631751263,0.0566494025711594,9,FALSE,0.00111861876382399,0.0414961999766851
"RT0_ZT6_remainder_dataset","38546","Ppp1r12c",131.130269396903,0.00580937113021471,"upregulated",1,0.71410037999312,0.997427599417093,0.706832753581865,0.99114536952118,0.000875375411137501,0.00605983660587683,2.21753908575496,0.0808198584382799,1,FALSE,FALSE,"weak_effect",0.111922607048196,0.305503359512738,0.366354750490163,FALSE,FALSE,1,0.0808198584382799,FALSE,TRUE,FALSE,FALSE,183.842671581223,124.536804638475,177.030942802331,94.2960453921749,102.396803305007,150.850147056134,100.500401624925,115.403261860138,166.742457651927,95.7031580566985,0.0697846767237294,0.170774746299176,0.104383684887914,9,FALSE,0.00111861876382399,0.150683334136572
"RT0_ZT6_remainder_dataset","566113","Mmgt1",108.884768874125,0.000648532877752384,"upregulated",1,0.965180842434405,0.997427599417093,0.964253992290042,0.993493858675768,1.02523672480465e-05,0.00605983660587683,2.21753908575496,0.0838995083770546,1,FALSE,FALSE,"weak_effect",0.0149230373755335,0.341854352943939,0.0436532027368414,FALSE,FALSE,1,0.0838995083770546,FALSE,TRUE,FALSE,FALSE,136.93109331567,142.327776729686,87.9854386382845,51.0409786985167,128.993375592022,76.3859024902078,130.771606933638,108.366477600374,137.081539704229,88.9634990386211,0.1016857889835,0.183655657979615,0.131016178014721,10,FALSE,0.00111861876382399,0.015808554353602
"RT0_ZT6_remainder_dataset","563732","Tceal5",104.265987766924,0.0026739999609294,"upregulated",1,0.876102987126228,0.997427599417093,0.872830519034494,0.992817276407326,0.00015795338303182,0.00605983660587683,2.21753908575496,0.0324862129199628,1,FALSE,FALSE,"weak_effect",0.0437058706574431,0.280325339367154,0.155911237835691,FALSE,FALSE,1,0.0324862129199628,FALSE,TRUE,FALSE,FALSE,72.2691881388256,107.857768302965,121.907535462683,84.7799307195701,142.291661735529,103.769527911226,128.349910508941,98.5149796367032,90.5860467051336,92.3333285476598,0.0335937830894463,0.187019163097891,0.0846664305050323,9,FALSE,0.00111861876382399,0.0590700767912205
"RT0_ZT6_remainder_dataset","344656","Psmd14",169.54685976856,-0.00692849409491235,"downregulated",1,0.713999999852988,0.997427599417093,0.706730072450056,0.991144094420976,0.00104444573896285,0.00605983660587683,2.21753908575496,0.0221067090953248,1,FALSE,FALSE,"weak_effect",-0.0905226300987686,0.246999384591592,-0.366489294086484,FALSE,FALSE,1,0.0221067090953248,FALSE,TRUE,FALSE,FALSE,153.413539733296,154.559070042393,188.691663585718,143.606821422945,179.52686293735,169.105897336812,194.946562188108,215.325598348794,180.370446979248,115.922135110931,0.0277855575373953,0.156489076071227,0.0672526046562092,9,FALSE,0.00111861876382399,0.15074642839485
"RT0_ZT6_remainder_dataset","575950","Zcchc12",176.264412557333,-0.00366111122318477,"downregulated",1,0.82072097764667,0.997427599417093,0.81603002659948,0.992321155686506,0.000323253644253332,0.00605983660587683,2.21753908575496,0.050421339318725,1,FALSE,FALSE,"weak_effect",-0.0664636764213136,0.293285376799091,-0.226617764399631,FALSE,FALSE,1,0.050421339318725,FALSE,TRUE,FALSE,FALSE,239.629413302422,135.656162195482,173.850746225044,164.369253435901,146.281147578581,138.839785029371,198.579106825154,220.955025756606,233.279111426494,111.204373798276,0.068214012538441,0.154630710259328,0.0975193152282433,10,FALSE,0.00111861876382399,0.088293860674393
"RT0_ZT6_remainder_dataset","512899","Clstn2",84.4472371025888,-0.00309082928070743,"downregulated",1,0.831384364259483,0.997427599417093,0.826963182502541,0.992421907198277,0.000255036147557784,0.00605983660587683,2.21753908575496,0.0909411596692992,1,FALSE,FALSE,"weak_effect",-0.0702184093506539,0.329777833075683,-0.212926407744753,FALSE,FALSE,1,0.0909411596692992,FALSE,TRUE,FALSE,FALSE,107.769841961407,56.7087235407342,71.024390226085,67.4779040421068,110.375774991111,104.730356873367,108.976339111365,50.6648466703045,90.5860467051336,76.1581469042741,0.0702887959067391,0.205628147616673,0.118578448805083,9,FALSE,0.00111861876382399,0.0825138253832677
"RT0_ZT6_remainder_dataset","215005","Iars1",69.1437499687314,0.000450275319810506,"upregulated",1,0.977868968488271,0.997432052911029,0.977279631059365,0.993580018841313,4.49426682026576e-06,0.00605983660587683,2.21753908575496,0.0569661401675826,1,FALSE,FALSE,"weak_effect",0.00881566794067971,0.317788318800508,0.0277406922128366,FALSE,FALSE,1,0.0569661401675826,FALSE,TRUE,FALSE,FALSE,84.9479930754616,46.7013017394282,54.0633418138856,78.7242213824579,81.119545475395,55.7280798041767,72.6508927409099,95.7002659327974,66.5366537745671,55.2652039482343,0.0443705798950625,0.227296532232243,0.106599004506892,9,FALSE,0.00111667965212826,0.00998115291363767
"RT0_ZT6_remainder_dataset","353460","-",504.384336008073,-0.00221826195508853,"downregulated",1,0.940911851500051,0.997427599417093,0.939340942414902,0.993322456081165,6.02851460463268e-05,0.00605983660587683,2.21753908575496,0.00232632471846581,1,FALSE,FALSE,"weak_effect",-0.0151097075728933,0.20384412109963,-0.0741238329140154,FALSE,FALSE,1,0.00232632471846581,FALSE,TRUE,FALSE,FALSE,427.275726364635,445.886238035969,518.372042097845,659.207216411351,456.131214722303,532.299245026102,532.773213433339,540.425031149915,495.417494369669,436.055938469605,0.0183495213621364,0.124117993298036,0.0478909107563039,8,FALSE,0.00111861876382399,0.0271767479526199
"RT0_ZT6_remainder_dataset","130148","Rph3a",391.147094510763,0.00875694185615801,"upregulated",1,0.637518902338484,0.997427599417093,0.628583900779991,0.990054069708501,0.00176572126321532,0.00605983660587683,2.21753908575496,0.0184949260757344,1,FALSE,FALSE,"weak_effect",0.109745631807922,0.232921215171367,0.471170613321672,FALSE,FALSE,1,0.0184949260757344,FALSE,TRUE,FALSE,FALSE,365.149582175119,502.594961576704,357.24208218195,477.535936297987,325.808010515931,355.987130473232,324.507320909397,489.76018447961,307.83222951125,405.053506986449,0.0326230213700984,0.128863275986087,0.0625679929454873,9,FALSE,0.00111861876382399,0.201636746277314
"RT0_ZT6_remainder_dataset","67854","Ttc1",112.892880919981,0.000475603471007956,"upregulated",1,0.980189577520951,0.997432052911029,0.979662008675562,0.993595531195657,4.244158664349e-06,0.00605983660587683,2.21753908575496,0.0267398159794028,1,FALSE,FALSE,"weak_effect",0.00696356466179931,0.280435705778707,0.0248312341057393,FALSE,FALSE,1,0.0267398159794028,FALSE,TRUE,FALSE,FALSE,96.3589175184341,144.551648241087,127.207863091496,114.193376071258,82.4493740897458,119.623205786552,93.2353123508343,144.957755751149,123.453550376908,82.8978059223515,0.0382088730463672,0.180959901413239,0.0854795774098236,9,FALSE,0.00111667965212826,0.00892373357863489
"RT0_ZT6_remainder_dataset","146426","Kif21b",104.780721198003,0.00308440255106734,"upregulated",1,0.846792785204619,0.997427599417093,0.842764420959918,0.99256293440593,0.000229152008811415,0.00605983660587683,2.21753908575496,0.0530229009352732,1,FALSE,FALSE,"weak_effect",0.0576975299242835,0.298622603424457,0.193212199152498,FALSE,FALSE,1,0.0530229009352732,FALSE,TRUE,FALSE,FALSE,102.698319986752,87.8429247003531,86.925373112522,126.304794745482,131.653032820723,118.18196234334,56.9098659803794,111.181191304279,99.4041574463413,126.705589539854,0.0506362630730298,0.186629640338304,0.0974653762713053,9,FALSE,0.00111861876382399,0.07429380731517
"RT0_ZT6_remainder_dataset","149188","Mpc2",364.549333644929,-0.0154339525882526,"downregulated",1,0.476436878732669,0.997427599417093,0.464772136047859,0.986595555443819,0.00513580077603658,0.00605983660587683,2.21753908575496,0.0147161291726569,1,FALSE,FALSE,"weak_effect",-0.152122828854086,0.213642140351259,-0.712045051617501,FALSE,FALSE,1,0.0147161291726569,FALSE,TRUE,FALSE,FALSE,387.971431061064,392.513321762337,375.263196119912,261.260602829696,309.850067143722,378.566611083545,324.507320909397,454.576263180788,355.931015372383,405.053506986449,0.0198616137722157,0.130405413732595,0.0520076455178158,9,FALSE,0.00111861876382399,0.332759916597491
"RT0_ZT6_remainder_dataset","485164","LOC103692984",75.5566040446577,-0.00509075806372943,"downregulated",1,0.743654376552796,0.997427599417093,0.737075616716421,0.991505596695545,0.000674464127852043,0.00605983660587683,2.21753908575496,0.0763782055545226,1,FALSE,FALSE,"weak_effect",-0.100209351506299,0.306433879063467,-0.327017860468177,FALSE,FALSE,1,0.0763782055545226,FALSE,TRUE,FALSE,FALSE,49.4473392528807,82.2832459218497,89.0455041640469,51.9060800323899,91.7581743902009,73.9838300848553,92.0244641384859,78.8119837093626,84.9745216880014,61.330897064504,0.0387516754945499,0.217148063783025,0.0992898526980457,9,FALSE,0.00111861876382399,0.132487955508524
"RT0_ZT6_remainder_dataset","281936","Rpl34",269.603945680923,-0.00324102106752747,"downregulated",1,0.836095471652574,0.997427599417093,0.831794028625173,0.992465587213608,0.000259230482847386,0.00605983660587683,2.21753908575496,0.0601417987156357,1,FALSE,FALSE,"weak_effect",-0.0627548103915994,0.303323968840556,-0.206890377412234,FALSE,FALSE,1,0.0601417987156357,FALSE,TRUE,FALSE,FALSE,380.364148099082,253.521352299753,276.677102224003,175.615570776252,234.04983612573,234.922681243469,221.585222859775,230.806523720276,230.874172133438,457.622847327453,0.0895047252242482,0.138392085356037,0.106723632801723,11,FALSE,0.00111861876382399,0.0799842017210795
"RT0_ZT6_remainder_dataset","44748","Apba2",173.823476132013,-0.0152687630032103,"downregulated",1,0.406210732530566,0.997427599417093,0.39382337675509,0.984218803846801,0.00617924561212437,0.00605983660587683,2.21753908575496,0.0691902816792475,1,FALSE,FALSE,"weak_effect",-0.216431792883854,0.260578991312411,-0.830580361808108,FALSE,FALSE,1,0.0691902816792475,FALSE,TRUE,FALSE,FALSE,101.430439493089,185.693271202012,165.370222018944,136.68601075196,215.43223552482,204.176154454958,167.097053304093,192.807888717548,204.419839909815,165.121645942895,0.0363999403148655,0.155289365129351,0.0756330252489518,9,FALSE,0.00111861876382399,0.404698508374592
"RT0_ZT6_remainder_dataset","412863","Uqcrh",608.726738268692,0.00167556738863096,"upregulated",1,0.91460235378925,0.997427599417093,0.912336709548551,0.99312616621804,6.67627315094202e-05,0.00605983660587683,2.21753908575496,0.0274976878307821,1,FALSE,FALSE,"weak_effect",0.0295830014699383,0.275870130127762,0.107235246730908,FALSE,FALSE,1,0.0274976878307821,FALSE,TRUE,FALSE,FALSE,458.972738706226,881.765054270633,553.354204448006,686.025357761419,492.036587309773,491.944428616181,684.129239976901,826.118472096354,613.259519729444,399.661779771987,0.0731928498060424,0.121308348818807,0.0897372361720306,11,FALSE,0.00111861876382399,0.0398448501459374
"RT0_ZT6_remainder_dataset","121152","Nipsnap2",94.2576482139988,-0.00742118705356876,"downregulated",1,0.643167212837792,0.997427599417093,0.634348595843309,0.990143563299737,0.00146696101434118,0.00605983660587683,2.21753908575496,0.0837161230905264,1,FALSE,FALSE,"weak_effect",-0.138421442731504,0.298788887336641,-0.463275070118475,FALSE,FALSE,1,0.0837161230905264,FALSE,TRUE,FALSE,FALSE,84.9479930754616,111.193575570067,62.5438660199853,82.1846267179506,107.71611776241,101.367455505873,129.560758721289,88.6634816730329,109.023914618568,65.3746924753504,0.0467778925287708,0.195438488157128,0.0963745508582457,9,FALSE,0.00111861876382399,0.197672017125041
"RT0_ZT6_remainder_dataset","140739","Hnrnpu",251.72980326779,0.003090437228607,"upregulated",1,0.866307480323512,0.997427599417093,0.862781229418362,0.992734223120847,0.000198094899928233,0.00605983660587683,2.21753908575496,0.0233088799518792,1,FALSE,FALSE,"weak_effect",0.0445018401531557,0.26434027569576,0.168350585380998,FALSE,FALSE,1,0.0233088799518792,FALSE,TRUE,FALSE,FALSE,362.613821187791,186.805206957713,276.677102224003,161.773949434282,291.232466542812,238.765997092033,266.38660671667,232.213880572229,250.113686477891,250.715315472478,0.0501889427296497,0.140569488478122,0.0798904155183996,9,FALSE,0.00111861876382399,0.0640993119337757
"RT0_ZT6_remainder_dataset","481837","Dnal4",111.399747187275,0.00928189858966391,"upregulated",1,0.597284990541046,0.997427599417093,0.587555939185012,0.989366948223135,0.0021436617135974,0.00605983660587683,2.21753908575496,0.0546124808635678,1,FALSE,FALSE,"weak_effect",0.143955251164912,0.272483134323438,0.528308849361801,FALSE,FALSE,1,0.0546124808635678,FALSE,TRUE,FALSE,FALSE,135.663212822006,134.544226439781,97.5260283701466,89.1054373889359,128.993375592022,123.946936116186,125.928214084244,83.0340542652213,113.032146773662,82.2238400205438,0.0318951494034782,0.181941474073704,0.080107416793794,9,FALSE,0.00111861876382399,0.230950779400297
"RT0_ZT6_remainder_dataset","139274","Uhmk1",135.526646430304,0.00353989381771978,"upregulated",1,0.800564702235024,0.997427599417093,0.795368929148489,0.992123255475683,0.00035197652240731,0.00605983660587683,2.21753908575496,0.088012981601842,1,FALSE,FALSE,"weak_effect",0.0815800297101028,0.322940431386625,0.252616339675459,FALSE,FALSE,1,0.088012981601842,FALSE,TRUE,FALSE,FALSE,86.2158735691253,190.141014224815,94.3458317928592,194.647800121462,131.653032820723,164.301752526107,117.452276597804,122.440046119903,92.9909859981902,161.077850532049,0.0898894345064448,0.168729518002615,0.117797970597812,10,FALSE,0.00111861876382399,0.0994313786039025
"RT0_ZT6_remainder_dataset","359755","Vapb",143.048166310584,-0.00010244476073795,"downregulated",1,0.9562945738656,0.997427599417093,0.955131623299561,0.99343212727892,2.04241821757196e-06,0.00605983660587683,2.21753908575496,0.0221067090953248,1,FALSE,FALSE,"weak_effect",-0.0147268753392713,0.268718741671377,-0.0548040499433461,FALSE,FALSE,1,0.0221067090953248,FALSE,TRUE,FALSE,FALSE,142.002615290324,114.529382837169,170.670549647757,170.424962773013,113.035432219813,125.388179559398,119.873973022501,173.104892790207,115.437086066719,186.014588898935,0.0389096654684713,0.165521970267196,0.079635982061762,9,FALSE,0.00111861876382399,0.0199367757107306
"RT0_ZT6_remainder_dataset","181950","Ednrb",136.36675280593,0.00687393573543936,"upregulated",1,0.685023176725958,0.997427599417093,0.677100907142218,0.990760150735469,0.00116407767537548,0.00605983660587683,2.21753908575496,0.0583293925665727,1,FALSE,FALSE,"weak_effect",0.11550891145844,0.284772528039871,0.405618169187541,FALSE,FALSE,1,0.0583293925665727,FALSE,TRUE,FALSE,FALSE,196.521476517859,98.9622822573598,143.108845977933,120.24908540837,151.600462035984,111.456159608353,108.976339111365,113.995905008185,135.478246842191,183.318725291704,0.0500620372826473,0.168353701715842,0.0899830593622169,9,FALSE,0.00111861876382399,0.169346604358541
"RT0_ZT6_remainder_dataset","38008","Tfpt",80.9349471705181,0.000293483999595514,"upregulated",1,0.984783761434347,0.998117684886515,0.984378504184052,0.993626021613416,2.0068079394233e-06,0.00605983660587683,2.21753908575496,0.0950252210393305,1,FALSE,FALSE,"weak_effect",0.00679778287907682,0.356429559958744,0.0190718830387234,FALSE,FALSE,1,0.0950252210393305,FALSE,TRUE,FALSE,FALSE,32.9648928352538,95.6264749902577,89.0455041640469,89.9705387228091,98.4073174619546,69.6600997552209,66.5966516791674,66.1457720417865,80.966289532907,119.965930521777,0.0989766990903623,0.209876723052245,0.140083660743046,9,FALSE,0.00081824941042877,0.00683787852894577
"RT0_ZT6_remainder_dataset","70512","Cenpv",89.4802286796511,0.0025085126622219,"upregulated",1,0.868750900718781,0.997427599417093,0.865287851064612,0.992755118601801,0.000157633415244934,0.00605983660587683,2.21753908575496,0.0758877113485742,1,FALSE,FALSE,"weak_effect",0.0531482985607166,0.32163271406145,0.165245313169737,FALSE,FALSE,1,0.0758877113485742,FALSE,TRUE,FALSE,FALSE,57.0546222148623,88.9548604560537,60.4237349684604,119.383984074497,128.993375592022,69.6600997552209,87.1810712890919,105.551763896468,82.5695823949448,95.0291921548908,0.0661402887838318,0.200121488652374,0.112922778728717,9,FALSE,0.00111861876382399,0.0628393938842275
"RT0_ZT6_remainder_dataset","3295","Med10",170.806908384321,0.0172144412337531,"upregulated",1,0.409696041751053,0.997427599417093,0.397335996473208,0.984356133838303,0.00690027257567178,0.00605983660587683,2.21753908575496,0.024430925605478,1,FALSE,FALSE,"weak_effect",0.18707996281986,0.226920744373262,0.824428649467729,FALSE,FALSE,1,0.024430925605478,FALSE,TRUE,FALSE,FALSE,164.824464176269,195.700693003318,153.709501235557,196.378002789208,196.814634923909,121.064449229763,175.572990790532,184.36374760583,161.932579065814,157.70802102301,0.0152237979130249,0.156129354379829,0.0559205787244461,9,FALSE,0.00111861876382399,0.400842088451998
"RT0_ZT6_remainder_dataset","129189","Cdk2ap1",145.207665571772,0.00218261036339481,"upregulated",1,0.891650162772593,0.997427599417093,0.888782616098204,0.992945284286918,0.000111759359836465,0.00605983660587683,2.21753908575496,0.0544786487958062,1,FALSE,FALSE,"weak_effect",0.0415254183819236,0.304848754671313,0.136216460607478,FALSE,FALSE,1,0.0544786487958062,FALSE,TRUE,FALSE,FALSE,131.859571341015,169.014234866502,117.667273359633,184.266584114984,131.653032820723,142.202686396865,112.60888374841,242.065378535899,112.230500342643,108.508510191045,0.0726896806754203,0.164662450777444,0.104622880662159,9,FALSE,0.00111861876382399,0.051204448448891
"RT0_ZT6_remainder_dataset","217352","Hist1h2bq",66.1404189776639,-0.00100081856421401,"downregulated",1,0.944387758683016,0.997427599417093,0.942908937236305,0.993347556007328,2.55511459883203e-05,0.00605983660587683,2.21753908575496,0.0710438436116778,1,FALSE,FALSE,"weak_effect",-0.0228023335185087,0.326886408632651,-0.0697561382679987,FALSE,FALSE,1,0.0710438436116778,FALSE,TRUE,FALSE,FALSE,63.3940246831803,64.492273830639,43.462686556261,81.3195253840774,75.8002310179921,60.5322246148816,44.8013838568944,71.7751994495981,60.1234823264161,95.7031580566985,0.0516927575351791,0.232726007185222,0.11304864948945,9,FALSE,0.00111861876382399,0.0255302478410627
"RT0_ZT6_remainder_dataset","22073","Asphd1",120.196589539908,-0.0025409002083835,"downregulated",1,0.867963777952148,0.997427599417093,0.864480361021012,0.992748400408108,0.000160698899389302,0.00605983660587683,2.21753908575496,0.0632324123676635,1,FALSE,FALSE,"weak_effect",-0.0515241635160684,0.309928226827569,-0.166245469292909,FALSE,FALSE,1,0.0632324123676635,FALSE,TRUE,FALSE,FALSE,72.2691881388256,90.0667962117544,133.56825624607,167.829658771394,125.003889748969,85.5137776305471,123.506517659547,146.365112603102,108.222268187549,149.620430201317,0.0703531652570445,0.176509909258526,0.106903910956677,9,FALSE,0.00111861876382399,0.0632448684364261
"RT0_ZT6_remainder_dataset","352437","Blvra",120.585525004367,-0.000850075730549221,"downregulated",1,0.951260517817786,0.997427599417093,0.94996394639516,0.993396634856463,1.89506337057152e-05,0.00605983660587683,2.21753908575496,0.0778104359550701,1,FALSE,FALSE,"weak_effect",-0.0204594666303244,0.334721103986558,-0.0611239219357559,FALSE,FALSE,1,0.0778104359550701,FALSE,TRUE,FALSE,FALSE,53.2509807338715,135.656162195482,121.907535462683,179.075976111745,107.71611776241,97.0437251762388,93.2353123508343,142.143042047243,132.271661118115,143.554737085048,0.0972564602247554,0.176288056553001,0.126145992580004,10,FALSE,0.00111861876382399,0.0222928770045835
"RT0_ZT6_remainder_dataset","310050","Sumo3",127.959499262836,0.000656294569084379,"upregulated",1,0.9647731188836,0.997427599417093,0.963835430165661,0.993491051662326,1.04988185585625e-05,0.00605983660587683,2.21753908575496,0.0874546856002821,1,FALSE,FALSE,"weak_effect",0.0152667076014136,0.345676686570562,0.0441647012787403,FALSE,FALSE,1,0.0874546856002821,FALSE,TRUE,FALSE,FALSE,143.270495783988,170.126170622203,103.886421524721,128.034997413228,97.0774888476039,160.938851158614,94.4461605631829,197.029959273406,123.453550376908,61.330897064504,0.114473734827802,0.172337043955252,0.135575426080837,10,FALSE,0.00111861876382399,0.0159971132676136
"RT0_ZT6_remainder_dataset","461407","Ppm1a",145.041422664745,-0.0102508924282701,"downregulated",1,0.531715081272857,0.997427599417093,0.520841816474409,0.988021285678901,0.00290401790982551,0.00605983660587683,2.21753908575496,0.0757842655751772,1,FALSE,FALSE,"weak_effect",-0.175124903742451,0.280025081338622,-0.625390064723094,FALSE,FALSE,1,0.0757842655751772,FALSE,TRUE,FALSE,FALSE,128.055929860024,143.439712485387,111.306880205059,174.750469442379,122.344232520268,162.860509082896,127.139062296592,208.28881408903,173.155629100078,99.0729875657372,0.0492103437407389,0.164727709119773,0.0871068937235028,9,FALSE,0.00111861876382399,0.283294155132947
"RT0_ZT6_remainder_dataset","118730","Bri3",264.577885964363,-0.0254113085387667,"downregulated",1,0.206873125025289,0.997427599417093,0.195033630734814,0.968638140044467,0.0180392463810363,0.00605983660587683,2.21753908575496,0.0865328004731747,1,FALSE,FALSE,"weak_effect",-0.306394557020993,0.242744460349128,-1.26221029547006,FALSE,FALSE,1,0.0865328004731747,FALSE,TRUE,FALSE,FALSE,188.914193555877,322.461369153195,233.214415667742,202.43371212632,236.709493354431,307.465267885113,294.236115600685,233.621237424182,371.963943992761,254.759110883324,0.034061613416685,0.138974620815106,0.0668469437198699,9,FALSE,0.00111861876382399,0.709890494364592
"RT0_ZT6_remainder_dataset","411432","Tm2d1",73.1318666292381,0.00653870994884454,"upregulated",1,0.695256236021334,0.997427599417093,0.687561563807863,0.990899447756938,0.00106377232055539,0.00605983660587683,2.21753908575496,0.0603633715379685,1,FALSE,FALSE,"weak_effect",0.112774944515145,0.287887999112148,0.391732009889073,FALSE,FALSE,1,0.0603633715379685,FALSE,TRUE,FALSE,FALSE,97.6267980120977,88.9548604560537,58.3036039169355,71.8034107114726,63.8317734888354,81.6704617819832,67.8074998915159,66.1457720417865,78.5613502398504,56.6131357518498,0.0216232256543544,0.220776004093717,0.085775725809389,9,FALSE,0.00111861876382399,0.162688409315873
"RT0_ZT6_remainder_dataset","398849","Vamp1",367.727397142065,-0.0321569788461378,"downregulated",1,0.145326131877948,0.997427599417093,0.134906663465567,0.955285386199943,0.0279754975088049,0.00605983660587683,2.21753908575496,0.0796135909661251,1,FALSE,FALSE,"weak_effect",-0.333214044247851,0.228817995027536,-1.45624055576464,FALSE,FALSE,1,0.0796135909661251,FALSE,TRUE,FALSE,FALSE,306.827079466593,255.745223811154,357.24208218195,399.676816249402,308.520238529371,512.121836821142,428.640267171368,302.581723169874,426.475901302045,379.442802717755,0.0282211447424342,0.130209414314803,0.0600526669079871,9,FALSE,0.00111861876382399,0.869966598624201
"RT0_ZT6_remainder_dataset","449852","Ddx24",88.0369219566582,-0.00126381181116078,"downregulated",1,0.929368700293831,0.997427599417093,0.927492445069785,0.99323772888083,4.13135269271519e-05,0.00605983660587683,2.21753908575496,0.069515404698218,1,FALSE,FALSE,"weak_effect",-0.0286796922405246,0.32355561935824,-0.0886391412314511,FALSE,FALSE,1,0.069515404698218,FALSE,TRUE,FALSE,FALSE,50.7152197465443,101.186153768761,97.5260283701466,88.2403360550627,98.4073174619546,92.7199948466044,62.9641070421219,99.9223364886561,63.3300680504916,125.357657736239,0.0672214483038181,0.201636239510058,0.11422503106102,9,FALSE,0.00111861876382399,0.0326896192631769
"RT0_ZT6_remainder_dataset","195406","Ghitm",160.336978076641,-0.0101317798541363,"downregulated",1,0.581423523756234,0.997427599417093,0.571399557162347,0.989069583812803,0.00246263142993115,0.00605983660587683,2.21753908575496,0.0338491183296886,1,FALSE,FALSE,"weak_effect",-0.139908036606198,0.25377537633569,-0.551306587054884,FALSE,FALSE,1,0.0338491183296886,FALSE,TRUE,FALSE,FALSE,177.503269112905,153.447134286693,182.331270431144,104.677261398653,144.95131896423,164.301752526107,201.000803249851,157.623967418725,186.783618427399,130.749384950701,0.0306762809571825,0.159290024512187,0.0709671373664875,9,FALSE,0.00111861876382399,0.243060100533646
"RT0_ZT6_remainder_dataset","129776","Atp2a2",169.464448892842,0.00761213759406014,"upregulated",1,0.674567635779037,0.997427599417093,0.666416115470883,0.99061339683549,0.00134167357588669,0.00605983660587683,2.21753908575496,0.0324862129199628,1,FALSE,FALSE,"weak_effect",0.109585326874224,0.260987348895715,0.419887505420855,FALSE,FALSE,1,0.0324862129199628,FALSE,TRUE,FALSE,FALSE,225.682727872122,120.089061615673,179.151073853856,169.55986143914,184.846177394753,162.860509082896,122.295669447198,209.696170940983,175.560568393135,144.902668888663,0.0366538783108634,0.156512789299536,0.0758313672679428,9,FALSE,0.00111861876382399,0.176254509237144
"RT0_ZT6_remainder_dataset","445790","Rps29",281.532753508645,-0.000618545408359025,"downregulated",1,0.957767462571565,0.997427599417093,0.956643626214062,0.993442439919532,1.19068863513009e-05,0.00605983660587683,2.21753908575496,0.0643165173305779,1,FALSE,FALSE,"weak_effect",-0.0170586161005198,0.322131903939703,-0.0529553760179955,FALSE,FALSE,1,0.0643165173305779,FALSE,TRUE,FALSE,FALSE,450.09757525058,196.812628759019,364.662540862287,190.322293452096,198.14446353826,307.465267885113,220.374374647427,319.470005393309,202.014900616758,365.963484681601,0.111672046980534,0.137092764594231,0.121018837252816,8,FALSE,0.00111861876382399,0.0192498177019686
"RT0_ZT6_remainder_dataset","25864","Rtn3",190.564434873266,-0.000175558537530068,"downregulated",1,0.990074284001471,0.999000839893422,0.989809911182739,0.99366077597239,7.8091980574111e-07,0.00605983660587683,2.21753908575496,0.0271384146001409,1,FALSE,FALSE,"weak_effect",-0.00351567660438978,0.282602457225391,-0.0124403610602219,FALSE,FALSE,1,0.0271384146001409,FALSE,TRUE,FALSE,FALSE,161.020822695278,290.215232237875,187.631598059956,185.131685448857,126.33371836332,173.910042147517,157.410267605305,251.91687649957,207.62642563389,164.447680041088,0.0591425815418839,0.151111017670872,0.0905879733764067,9,FALSE,0.000434146647966446,0.00444820181762657
"RT0_ZT6_remainder_dataset","481881","Cbx6",197.214871981387,0.0210033115107582,"upregulated",1,0.304150452631964,0.997427599417093,0.29145065195434,0.978793174992993,0.0112459074446701,0.00605983660587683,2.21753908575496,0.0487679071850186,1,FALSE,FALSE,"weak_effect",0.242339430123157,0.235836569263102,1.02757358996687,FALSE,FALSE,1,0.0487679071850186,FALSE,TRUE,FALSE,FALSE,280.201589099657,160.118748820897,221.553694884355,214.545130800545,192.825149080857,201.774082049605,207.055044311593,156.216610566772,174.758921962116,163.099748237472,0.0228983079828968,0.149648021514404,0.0616700209749457,8,FALSE,0.00111861876382399,0.535434968857642
"RT0_ZT6_remainder_dataset","284929","Glrx",77.7592808466807,-0.00105105845866109,"downregulated",1,0.947112143198146,0.997427599417093,0.945705540410058,0.993367097867929,2.54819313192803e-05,0.00605983660587683,2.21753908575496,0.0349987006432749,1,FALSE,FALSE,"weak_effect",-0.0192768074008898,0.290603473221638,-0.0663337130392373,FALSE,FALSE,1,0.0349987006432749,FALSE,TRUE,FALSE,FALSE,79.8764711008072,75.6116313876457,57.243538391173,89.9705387228091,82.4493740897458,70.6209287173619,60.5424106174249,112.588548156232,74.553118084756,74.1362491988509,0.0251377786199268,0.214048499696165,0.0883824275396144,7,FALSE,0.00111861876382399,0.024244066644724
"RT0_ZT6_remainder_dataset","178029","Elp3",252.923050562905,0.00694075070001563,"upregulated",1,0.737079276721862,0.997427599417093,0.730345356583546,0.991427990278916,0.00094721623861529,0.00605983660587683,2.21753908575496,0.0106674146935556,1,FALSE,FALSE,"weak_effect",0.0752716087664277,0.224207054899024,0.335723640811962,FALSE,FALSE,1,0.0106674146935556,FALSE,TRUE,FALSE,FALSE,238.361532808758,265.75264561246,234.274481193504,213.680029466672,345.755439731192,232.520608838117,267.597454929018,260.361017611287,202.014900616758,268.912394821287,0.0210039207142069,0.140414541925355,0.0563658597403667,8,FALSE,0.00111861876382399,0.136471727563008
"RT0_ZT6_remainder_dataset","458558","Nrcam",202.770765066213,0.00908903887325666,"upregulated",1,0.593160724662657,0.997427599417093,0.583353952986583,0.989291176957593,0.00212745183192345,0.00605983660587683,2.21753908575496,0.0682040153746456,1,FALSE,FALSE,"weak_effect",0.150488490002222,0.281675791023267,0.534261355779033,FALSE,FALSE,1,0.0682040153746456,FALSE,TRUE,FALSE,FALSE,243.433054783412,150.111327019591,256.535857234516,164.369253435901,253.997265340991,199.852424125323,220.374374647427,112.588548156232,202.014900616758,224.430645301976,0.0597768680654167,0.14849938296993,0.090300915069968,9,FALSE,0.00111861876382399,0.234067854873325
"RT0_ZT6_remainder_dataset","121753","Tmed2",190.609641489083,0.00114517866966996,"upregulated",1,0.945458046364491,0.997427599417093,0.944007592167973,0.993355246809483,2.86575383696703e-05,0.00605983660587683,2.21753908575496,0.0385361816937469,1,FALSE,FALSE,"weak_effect",0.0201803317606068,0.294984379678681,0.0684115266801202,FALSE,FALSE,1,0.0385361816937469,FALSE,TRUE,FALSE,FALSE,305.559198972929,187.917142713413,203.532580946393,138.416213419706,123.674061134619,185.439989693209,215.530981798033,226.584453164417,169.147396944984,150.294396103125,0.0699375537717948,0.15110072827708,0.0991766657104009,10,FALSE,0.00111861876382399,0.0250245128805354
"RT0_ZT6_remainder_dataset","178810","Dmtn",170.888116015187,0.0299163790357696,"upregulated",1,0.154451330044745,0.997427599417093,0.143764985269788,0.957924627824861,0.0251999684164918,0.00605983660587683,2.21753908575496,0.0976740609789648,1,FALSE,FALSE,"weak_effect",0.339749779031754,0.238591139745403,1.42398321829678,FALSE,FALSE,1,0.0976740609789648,FALSE,TRUE,FALSE,FALSE,211.736042441822,160.118748820897,224.733891461642,166.099456103648,190.165491852156,114.338646494776,182.838080064623,170.290179086301,140.288125428304,148.272498397702,0.0222473306070488,0.156106352991271,0.0624204215506808,8,FALSE,0.00111861876382399,0.842346875815465
"RT0_ZT6_remainder_dataset","86261","Septin8",141.504478437762,0.00243010076203773,"upregulated",1,0.87323923722279,0.997427599417093,0.869892462300886,0.992793191634494,0.000147104770164435,0.00605983660587683,2.21753908575496,0.0750373556433459,1,FALSE,FALSE,"weak_effect",0.0513026370160131,0.321555214595134,0.15954534303108,FALSE,FALSE,1,0.0750373556433459,FALSE,TRUE,FALSE,FALSE,199.057237505186,128.984547661278,184.451401482669,86.5101333873164,122.344232520268,178.233772477151,158.621115817653,92.8855522288916,163.535871927852,100.420919369353,0.0900310246732541,0.166152465083044,0.117024098337605,10,FALSE,0.00111861876382399,0.0605344323422548
"RT0_ZT6_remainder_dataset","223878","Auh",543.17934221471,0.0156478666371963,"upregulated",1,0.488736838686792,0.997427599417093,0.477232785975406,0.986940977787758,0.00502718585628325,0.00605983660587683,2.21753908575496,0.00965927865864688,1,FALSE,FALSE,"weak_effect",0.141970558982547,0.205065149905167,0.692319289982728,FALSE,FALSE,1,0.00965927865864688,FALSE,TRUE,FALSE,FALSE,523.63464388307,568.199171163043,585.15617022088,486.186949636718,687.521393619332,582.742765538503,599.369865112507,425.021769289777,537.904755213669,436.055938469605,0.0190768656053652,0.122947293623194,0.0486404180150838,9,FALSE,0.00111861876382399,0.321269727870328
"RT0_ZT6_remainder_dataset","492722","Dctn2",210.644006821611,0.00747005683059052,"upregulated",1,0.639374227386851,0.997427599417093,0.630477328413201,0.990083642786821,0.00149648041247387,0.00605983660587683,2.21753908575496,0.0911916953759207,1,FALSE,FALSE,"weak_effect",0.142582872207652,0.304291101550869,0.468573913206647,FALSE,FALSE,1,0.0911916953759207,FALSE,TRUE,FALSE,FALSE,135.663212822006,234.618444452842,175.970877276569,319.222392199198,239.369150583133,184.959575212138,162.253660454699,220.955025756606,144.296357583399,289.131371875519,0.0844594378227271,0.146975422690285,0.106402636454336,10,FALSE,0.00111861876382399,0.200330525779356
"RT0_ZT6_remainder_dataset","169207","Kcnip4",153.257887529701,-0.000778916838974988,"downregulated",1,0.962755552827294,0.997427599417093,0.961764238488725,0.993477125855568,1.31881334358936e-05,0.00605983660587683,2.21753908575496,0.0223632274011467,1,FALSE,FALSE,"weak_effect",-0.0126520991344233,0.270946351624042,-0.0466959568142813,FALSE,FALSE,1,0.0223632274011467,FALSE,TRUE,FALSE,FALSE,187.646313062214,135.656162195482,187.631598059956,129.765200080975,122.344232520268,188.802891060702,127.139062296592,181.549033901925,163.535871927852,108.508510191045,0.0432028730370588,0.161671770519767,0.0815469328968373,9,FALSE,0.00111861876382399,0.0169313754382926
"RT0_ZT6_remainder_dataset","258296","Abce1",78.853295462358,0.00184902351318854,"upregulated",1,0.908737591721455,0.997427599417093,0.906317730663467,0.99308083201671,7.89894036896785e-05,0.00605983660587683,2.21753908575496,0.0456219854884565,1,FALSE,FALSE,"weak_effect",0.0341410560922878,0.29783435779656,0.114631019553521,FALSE,FALSE,1,0.0456219854884565,FALSE,TRUE,FALSE,FALSE,96.3589175184341,56.7087235407342,67.8441936487977,75.2638160469653,102.396803305007,66.2971983877275,75.0725891656069,99.9223364886561,61.7267751884538,86.9416013331979,0.0340120323429048,0.212573385820762,0.0936794365984265,8,FALSE,0.00111861876382399,0.0427195236438424
"RT0_ZT6_remainder_dataset","286891","Arsb",90.4368577603535,0.00680520725976139,"upregulated",1,0.68045143231456,0.997427599417093,0.672428503957566,0.990696544494367,0.00117290391138589,0.00605983660587683,2.21753908575496,0.0673227108997354,1,FALSE,FALSE,"weak_effect",0.119932754705625,0.291206929059223,0.411847187472775,FALSE,FALSE,1,0.0673227108997354,FALSE,TRUE,FALSE,FALSE,105.234080974079,80.0593744104484,79.5049144321848,95.1611467260481,111.705603605462,93.6808238087454,94.4461605631829,67.5531288937394,117.040378928757,59.9829652608885,0.0380629435527106,0.199144148960092,0.0906921265746597,9,FALSE,0.00111861876382399,0.17235388528446
"RT0_ZT6_remainder_dataset","189485","Lgi3",253.095220039975,0.0137691691200401,"upregulated",1,0.499002800226198,0.997427599417093,0.487639869036276,0.987216117141179,0.00429461478182427,0.00605983660587683,2.21753908575496,0.0221798239330358,1,FALSE,FALSE,"weak_effect",0.156356070280038,0.231275568564048,0.676059608244949,FALSE,FALSE,1,0.0221798239330358,FALSE,TRUE,FALSE,FALSE,290.344633048966,226.834894162937,303.178740368065,305.380770857227,207.453263838715,285.846616236941,262.754062079624,250.509519647617,205.221486340834,193.42821381882,0.0258718247063754,0.140392305840964,0.0602440193189454,9,FALSE,0.00111861876382399,0.311900794040924
"RT0_ZT6_remainder_dataset","67760","Gabra1",210.841080785962,-0.0183485679359855,"downregulated",1,0.421353650210916,0.997427599417093,0.409091858031255,0.984798849872514,0.00712253176163375,0.00605983660587683,2.21753908575496,0.0117750530411887,1,FALSE,FALSE,"weak_effect",-0.164458808491624,0.204531672296265,-0.804075019996927,FALSE,FALSE,1,0.0117750530411887,FALSE,TRUE,FALSE,FALSE,201.592998492513,203.484243293223,221.553694884355,185.99678678273,180.8566915517,237.805168129892,256.699821017882,225.177096312465,209.229718495928,186.014588898935,0.00709259382152976,0.146938736769865,0.0453884553154792,8,FALSE,0.00111861876382399,0.388179163980691
"RT0_ZT6_remainder_dataset","445796","Rpl36al",243.903842096452,-0.000236071888721903,"downregulated",1,0.999105953809535,0.999881400833849,0.999082139497924,0.993719239190835,9.41466030302682e-08,0.00605983660587683,2.21753908575496,0.0164639069272255,1,FALSE,FALSE,"weak_effect",-0.000287705432304456,0.256760418987188,-0.00112052096440461,FALSE,FALSE,1,0.0164639069272255,FALSE,TRUE,FALSE,FALSE,291.61251354263,159.006813065196,294.698216161965,224.926346807023,248.677950883588,201.774082049605,285.760178114246,250.509519647617,191.593497013513,290.479303679134,0.0434219343086499,0.141623290235508,0.0750119459715625,9,FALSE,5.15100180007178e-05,0.000398804802808075
"RT0_ZT6_remainder_dataset","514520","Slc38a3",225.383326932527,0.00419464546527562,"upregulated",1,0.788202539162337,0.997427599417093,0.782700734964943,0.991996788831039,0.000446328139867969,0.00605983660587683,2.21753908575496,0.0759608841374065,1,FALSE,FALSE,"weak_effect",0.0836696491705126,0.311450097025796,0.268645442623133,FALSE,FALSE,1,0.0759608841374065,FALSE,TRUE,FALSE,FALSE,139.466854302997,187.917142713413,196.112122266056,303.650568189481,332.457153587685,185.920404174279,175.572990790532,237.843307980041,174.758921962116,320.133803358675,0.0939814979719365,0.144408687492379,0.112005497517785,11,FALSE,0.00111861876382399,0.106404258372439
"RT0_ZT6_remainder_dataset","322581","Stxbp1",432.635763619707,-0.0086090558834591,"downregulated",1,0.649028408723828,0.997427599417093,0.640331763913809,0.990234761078717,0.00166666978023514,0.00605983660587683,2.21753908575496,0.0221067090953248,1,FALSE,FALSE,"weak_effect",-0.110539634373114,0.24288427403943,-0.455112356739774,FALSE,FALSE,1,0.0221067090953248,FALSE,TRUE,FALSE,FALSE,500.812794997125,431.431073211861,418.725882676173,374.58887756708,352.404582802946,390.096558629237,497.658615275233,637.532653934665,401.624861940459,321.48173516229,0.0427479292663131,0.126836333222585,0.0684876940654295,9,FALSE,0.00111861876382399,0.193594954289631
"RT0_ZT6_remainder_dataset","125650","Aimp2",177.723205578265,-0.00267865221930304,"downregulated",1,0.8592529724899,0.997427599417093,0.855544652217253,0.992673216231715,0.000181498292970142,0.00605983660587683,2.21753908575496,0.069515404698218,1,FALSE,FALSE,"weak_effect",-0.0557544849187942,0.314419444257079,-0.177325181178069,FALSE,FALSE,1,0.069515404698218,FALSE,TRUE,FALSE,FALSE,72.2691881388256,164.566491843699,170.670549647757,222.331042805403,240.698979197484,173.910042147517,203.422499674548,201.252029829265,164.337518358871,163.77371413928,0.0892054759117889,0.154245711430224,0.11300255131413,10,FALSE,0.00111861876382399,0.0677573190211929
"RT0_ZT6_remainder_dataset","205348","Crtc1",87.6911191356327,0.00407649083741585,"upregulated",1,0.794440528838079,0.997427599417093,0.789092791937957,0.992061104273194,0.000419356454449221,0.00605983660587683,2.21753908575496,0.0748707587122293,1,FALSE,FALSE,"weak_effect",0.0811079604149672,0.311296697718258,0.260548733762588,FALSE,FALSE,1,0.0748707587122293,FALSE,TRUE,FALSE,FALSE,102.698319986752,80.0593744104484,116.607207833871,102.081957397033,49.2036587309773,92.2395803655339,104.132946261971,61.9237014859278,89.7844002741147,78.1800446096974,0.0513263501434928,0.202006564122506,0.104886802888257,9,FALSE,0.00111861876382399,0.102871923714431
"RT0_ZT6_remainder_dataset","440954","Rab10",153.239869493761,0.00636159739382553,"upregulated",1,0.748926634957376,0.997427599417093,0.742473038418607,0.991566826169581,0.000822677400431866,0.00605983660587683,2.21753908575496,0.0154343599543111,1,FALSE,FALSE,"weak_effect",0.0752907234930253,0.235243075985732,0.320055003436496,FALSE,FALSE,1,0.0154343599543111,FALSE,TRUE,FALSE,FALSE,169.895986150923,154.559070042393,183.391335956906,129.765200080975,148.940804807283,133.074811256525,177.994687215229,116.810618712091,168.345750513965,149.620430201317,0.0153303821878427,0.161678113412224,0.0598676820214389,9,FALSE,0.00111861876382399,0.129319312352326
"RT0_ZT6_remainder_dataset","367764","Chchd3",93.2358424984973,-0.00170802774628366,"downregulated",1,0.909281299752413,0.997427599417093,0.906875724451935,0.99308505988949,7.25095752616135e-05,0.00605983660587683,2.21753908575496,0.0334408182856256,1,FALSE,FALSE,"weak_effect",-0.032465425776373,0.284921604817486,-0.113945117630408,FALSE,FALSE,1,0.0334408182856256,FALSE,TRUE,FALSE,FALSE,77.34071011348,94.5145392345571,109.186749153534,93.4309440583017,86.438859932798,80.7096328198422,95.6570087755314,74.5899131535039,140.288125428304,80.2019423151206,0.0352292256812337,0.196399753613729,0.0866404132846503,9,FALSE,0.00111861876382399,0.0424522232846511
"RT0_ZT6_remainder_dataset","262241","Tsnax",249.083690439953,0.00165332113104156,"upregulated",1,0.939373936306981,0.997427599417093,0.937762302727228,0.9933112902162,4.61396122858392e-05,0.00605983660587683,2.21753908575496,0.00401011066478923,1,FALSE,FALSE,"weak_effect",0.0162039230771585,0.21305038273885,0.0760567658637852,FALSE,FALSE,1,0.00401011066478923,FALSE,TRUE,FALSE,FALSE,253.576098732721,287.991360726474,226.854022513167,204.163914794067,279.264009013655,243.089727421668,239.747946045003,299.767009465968,246.105454322797,210.277361364014,0.0140269318850067,0.140918390059455,0.050438717358635,9,FALSE,0.00111861876382399,0.027907229527014
"RT0_ZT6_remainder_dataset","101921","Hmgn1",136.587854558833,0.0103795833427944,"upregulated",1,0.583885499544947,0.997427599417093,0.573906594648325,0.989116812284788,0.00250312770600559,0.00605983660587683,2.21753908575496,0.0310854617321892,1,FALSE,FALSE,"weak_effect",0.137080673590658,0.25027597226437,0.547718074373748,FALSE,FALSE,1,0.0310854617321892,FALSE,TRUE,FALSE,FALSE,111.573483442397,166.790363355101,111.306880205059,176.480672110125,148.940804807283,131.633567813314,107.765490899016,139.328328343337,146.701296876455,125.357657736239,0.0219650493356448,0.168255561702921,0.0678443152844147,7,FALSE,0.00111861876382399,0.2411587848315
"RT0_ZT6_remainder_dataset","277710","Psmd4",192.871384407261,0.00701174693141045,"upregulated",1,0.656690553343759,0.997427599417093,0.648155161127778,0.990351492730626,0.00132045930900761,0.00605983660587683,2.21753908575496,0.0920752225723867,1,FALSE,FALSE,"weak_effect",0.136786292541891,0.307739718649439,0.444486961716214,FALSE,FALSE,1,0.0920752225723867,FALSE,TRUE,FALSE,FALSE,251.040337745394,251.297480788352,188.691663585718,141.876618755199,178.197034322999,130.192324370103,177.994687215229,137.920971491385,167.544104082946,303.958621715289,0.083662566113272,0.150592094631954,0.108492439592467,10,FALSE,0.00111861876382399,0.188321016420653
"RT0_ZT6_remainder_dataset","234563","Pfdn1",144.396903657383,0.000664652557553,"upregulated",1,0.973132729703195,0.997427599417093,0.972417359288207,0.993548124826766,8.07373193285963e-06,0.00605983660587683,2.21753908575496,0.0146169522803655,1,FALSE,FALSE,"weak_effect",0.00837687138834378,0.248723182981272,0.0336794957668845,FALSE,FALSE,1,0.0146169522803655,FALSE,TRUE,FALSE,FALSE,98.8946785057613,148.99939126389,152.649435709795,157.448442764916,164.898748179492,128.270666445821,131.982455145986,178.734320198019,125.056843238945,157.034055121202,0.0216222806725213,0.16498213442584,0.0672790013042057,7,FALSE,0.00111861876382399,0.0121472968712918
"RT0_ZT6_remainder_dataset","394170","Aak1",234.289671580859,0.00591991439052425,"upregulated",1,0.755050226512393,0.997427599417093,0.748742817053722,0.991636852803234,0.000743939840722327,0.00605983660587683,2.21753908575496,0.0214996443844498,1,FALSE,FALSE,"weak_effect",0.0774575413454105,0.248271510224377,0.311987232346586,FALSE,FALSE,1,0.0214996443844498,FALSE,TRUE,FALSE,FALSE,292.880394036293,201.260371781822,243.815070925367,234.442461479627,228.730521668327,195.048279314619,236.115401407957,313.840577985497,159.527639772757,237.235997436323,0.0358812997101085,0.143014249921074,0.0696986178540513,9,FALSE,0.00111861876382399,0.125667330918352
"RT0_ZT6_remainder_dataset","483192","Sbf1",178.770937755812,-0.00643561657622096,"downregulated",1,0.703242456141839,0.997427599417093,0.69572754347466,0.99100530310943,0.00101400091439051,0.00605983660587683,2.21753908575496,0.050421339318725,1,FALSE,FALSE,"weak_effect",-0.10694570736255,0.280736327917453,-0.3809471619006,FALSE,FALSE,1,0.050421339318725,FALSE,TRUE,FALSE,FALSE,154.68142022696,110.081639814366,160.069894390132,253.474690824837,182.186520166051,196.48952275783,139.247544420077,206.881457237077,163.535871927852,221.060815792937,0.056189279197064,0.153973075096197,0.088953692554265,9,FALSE,0.00111861876382399,0.157560802819912
"RT0_ZT6_remainder_dataset","531740","Zbtb47",77.5795413163421,-0.00308603778791118,"downregulated",1,0.83853103304631,0.997427599417093,0.834291621129926,0.992487973309688,0.000242815989550771,0.00605983660587683,2.21753908575496,0.0725279794800358,1,FALSE,FALSE,"weak_effect",-0.0641225223765176,0.314676521245869,-0.20377282080863,FALSE,FALSE,1,0.0725279794800358,FALSE,TRUE,FALSE,FALSE,48.179458759217,55.5967877850336,92.2257007413343,83.9148293856969,99.7371460763054,80.2292183387717,77.4942855903039,70.3678425976452,64.9333609125294,103.116782976584,0.0487259222840578,0.214294830467808,0.105860669114207,9,FALSE,0.00111861876382399,0.0786821180550495
"RT0_ZT6_remainder_dataset","93523","Ankrd40",69.3275475215395,0.00436139550597289,"upregulated",1,0.781459189863472,0.997427599417093,0.775791682722944,0.99192608923269,0.000480865141590041,0.00605983660587683,2.21753908575496,0.0740932351191495,1,FALSE,FALSE,"weak_effect",0.0857480267537252,0.309093274562689,0.277417963477345,FALSE,FALSE,1,0.0740932351191495,FALSE,TRUE,FALSE,FALSE,46.9115782655534,72.2758241205436,84.8052420609971,75.2638160469653,78.4598882466936,90.7983369223225,60.5424106174249,56.2942740781161,75.3547645157748,52.5693403410034,0.0379652174338625,0.226979535003479,0.100248156047595,9,FALSE,0.00111861876382399,0.11025488079022
"RT0_ZT6_remainder_dataset","470015","Wdr18",98.6332741658686,0.000994068004415068,"upregulated",1,0.950747562800346,0.997427599417093,0.949437381681333,0.993392996779914,2.2400003391753e-05,0.00605983660587683,2.21753908575496,0.0514901135576332,1,FALSE,FALSE,"weak_effect",0.019099003920532,0.309205324469119,0.0617680305257467,FALSE,FALSE,1,0.0514901135576332,FALSE,TRUE,FALSE,FALSE,51.9831002402079,92.2906677231557,108.126683627771,102.947058730907,140.961833121178,87.9158500358995,117.452276597804,87.25612482108,84.1728752569825,113.2262715037,0.0570703352532046,0.191547367949508,0.104556413468048,9,FALSE,0.00111861876382399,0.022533673040743
"RT0_ZT6_remainder_dataset","86324","Kif3a",112.264491866001,0.000383689932957286,"upregulated",1,0.980087151932367,0.997432052911029,0.979556856579925,0.99359484810125,3.44183341658225e-06,0.00605983660587683,2.21753908575496,0.08636258060158,1,FALSE,FALSE,"weak_effect",0.00865497589573037,0.34675876923789,0.0249596453313996,FALSE,FALSE,1,0.08636258060158,FALSE,TRUE,FALSE,FALSE,177.503269112905,63.3803380749383,159.00982886437,76.1289173808384,86.438859932798,88.39626451697,128.349910508941,135.106257787479,97.8008645843035,110.530407896469,0.108956809657423,0.181369816731683,0.135355455875101,9,FALSE,0.00111667965212826,0.00897035111151956
"RT0_ZT6_remainder_dataset","6423","Ndufa3",510.615347637154,0.0194491670401844,"upregulated",1,0.358781778496106,0.997427599417093,0.346124578007452,0.982082991414543,0.0089615452554274,0.00605983660587683,2.21753908575496,0.0267452431083926,1,FALSE,FALSE,"weak_effect",0.206132683639336,0.224621537149454,0.917688865703846,FALSE,FALSE,1,0.0267452431083926,FALSE,TRUE,FALSE,FALSE,448.829694756917,406.968486586446,530.032762881232,740.526741795429,607.731676758287,490.503185172969,479.495892090005,515.092607814763,406.434740526573,480.537687988916,0.0307495178410088,0.123917971367619,0.0586136217050801,9,FALSE,0.00111861876382399,0.460767560734694
"RT0_ZT6_remainder_dataset","352506","Stard7",123.374717917867,-0.00605319705024353,"downregulated",1,0.700382765675839,0.997427599417093,0.692803274279561,0.990967680107834,0.00096481949219729,0.00605983660587683,2.21753908575496,0.0811367018597001,1,FALSE,FALSE,"weak_effect",-0.117045246976454,0.304168616959948,-0.384803824096902,FALSE,FALSE,1,0.0811367018597001,FALSE,TRUE,FALSE,FALSE,167.360225163596,136.768097951183,110.246814679296,94.2960453921749,83.7792027040965,161.899680120755,135.614999783032,115.403261860138,147.502943307474,80.8759082169283,0.0657000490096718,0.174738056512432,0.102845866971517,9,FALSE,0.00111861876382399,0.159390068452914
"RT0_ZT6_remainder_dataset","189742","Sucla2",135.897335455949,0.0029921393555251,"upregulated",1,0.868632017588371,0.997427599417093,0.865165891298463,0.992754104713375,0.000188207392829695,0.00605983660587683,2.21753908575496,0.0232166445937916,1,FALSE,FALSE,"weak_effect",0.0436857917162842,0.264127888931564,0.165396361183212,FALSE,FALSE,1,0.0232166445937916,FALSE,TRUE,FALSE,FALSE,176.235388619241,122.312933127074,132.508190720308,169.55986143914,87.7686885471487,120.103620267622,136.82584799538,154.809253714819,131.470014687097,127.379555441662,0.031188347680306,0.168563119810697,0.0763373960002454,9,FALSE,0.00111861876382399,0.0629006107226133
"RT0_ZT6_remainder_dataset","196509","Rab8a",56.3501956610323,-0.0016871427734152,"downregulated",1,0.907963191637554,0.997427599417093,0.905522987553442,0.993074801380537,7.27167312461642e-05,0.00605983660587683,2.21753908575496,0.0714888308576009,1,FALSE,FALSE,"weak_effect",-0.0373103928863079,0.322731821188275,-0.115608038739204,FALSE,FALSE,1,0.0714888308576009,FALSE,TRUE,FALSE,FALSE,35.500653822581,61.1564665635369,68.9042591745601,51.9060800323899,61.172116260134,55.2476653231063,54.4881695556824,46.4427761144458,50.5037251541895,78.1800446096974,0.0318500497238733,0.254443252438415,0.107189006153037,7,FALSE,0.00111861876382399,0.0431005202357398
"RT0_ZT6_remainder_dataset","319573","-",498.820337404207,0.000986295485867539,"upregulated",1,0.95206323553096,0.997427599417093,0.950787964015227,0.993402320024502,2.16159720440571e-05,0.00605983660587683,2.21753908575496,0.0232166445937916,1,FALSE,FALSE,"weak_effect",0.0163329655563897,0.271690759434093,0.0601160142156094,FALSE,FALSE,1,0.0232166445937916,FALSE,TRUE,FALSE,FALSE,337.256211314519,354.707506068514,469.609027912771,568.371576354669,779.279568009533,478.492823146207,464.965713541823,413.762914474154,530.689937334499,591.068095885384,0.0647298455012836,0.124300826799866,0.0866209207138049,10,FALSE,0.00111861876382399,0.0219163246246066
"RT0_ZT6_remainder_dataset","134192","Tmem163",62.4775686725104,-0.00542574420893306,"downregulated",1,0.718964174739792,0.997427599417093,0.711808365215807,0.991206720015558,0.000801040122732153,0.00605983660587683,2.21753908575496,0.0950072252260236,1,FALSE,FALSE,"weak_effect",-0.114341114950769,0.317752346758374,-0.359843494838816,FALSE,FALSE,1,0.0950072252260236,FALSE,TRUE,FALSE,FALSE,60.8582636958531,60.0445308078363,79.5049144321848,54.5013840340093,43.8843442735744,50.4435205124014,53.2773213433339,91.4781953769387,72.1481787916993,58.635033457273,0.0370148351401183,0.240054296651246,0.104942698219328,8,FALSE,0.00111861876382399,0.147636912446647
"RT0_ZT6_remainder_dataset","118439","Wasf3",161.307527415776,0.0102448350087691,"upregulated",1,0.615818078325942,0.997427599417093,0.606446924537497,0.989694757327831,0.00222525194755702,0.00605983660587683,2.21753908575496,0.0174260658903981,1,FALSE,FALSE,"weak_effect",0.114724779890343,0.228632893622155,0.501785976955445,FALSE,FALSE,1,0.0174260658903981,FALSE,TRUE,FALSE,FALSE,171.163866644587,146.775519752489,154.76956676132,188.59209078435,176.867205708648,140.281028472583,174.362142578184,137.920971491385,191.593497013513,130.749384950701,0.0143196829654673,0.158979780221825,0.056519051899395,9,FALSE,0.00111861876382399,0.217207202034226
"RT0_ZT6_remainder_dataset","349285","Pamr1",70.879307094723,0.00870024118493184,"upregulated",1,0.589739107254805,0.997427599417093,0.579868404300278,0.989227500392089,0.00205909090393468,0.00605983660587683,2.21753908575496,0.0927414287414277,1,FALSE,FALSE,"weak_effect",0.161441215939524,0.299400933798044,0.539214136347423,FALSE,FALSE,1,0.0927414287414277,FALSE,TRUE,FALSE,FALSE,73.5370686324892,74.499695631945,56.1834728654106,90.8356400566822,78.4598882466936,76.3859024902078,66.5966516791674,80.2193405613155,68.9415930676238,43.1338177156951,0.030922961726074,0.224368734784139,0.0934357251869949,7,FALSE,0.00111861876382399,0.236670554317606
"RT0_ZT6_remainder_dataset","163847","Mapk10",136.687034619129,-0.0240435488226311,"downregulated",1,0.238097397675413,0.997427599417093,0.225826298997639,0.972798178700357,0.0155375539495059,0.00605983660587683,2.21753908575496,0.0696908291409894,1,FALSE,FALSE,"weak_effect",-0.282273052042334,0.239263988800388,-1.17975568934374,FALSE,FALSE,1,0.0696908291409894,FALSE,TRUE,FALSE,FALSE,110.305602948734,91.1787319674551,145.228977029457,135.820909418087,134.312690049425,138.359370548301,157.410267605305,129.476830379667,160.329286203776,164.447680041088,0.0129106665481082,0.168211641992247,0.0612021201725211,8,FALSE,0.00111861876382399,0.646225482940402
"RT0_ZT6_remainder_dataset","438034","Ssu72",100.847858691392,0.000556199281826661,"upregulated",1,0.967176203964399,0.997427599417093,0.966302403966774,0.993507561145523,8.28010534863607e-06,0.00605983660587683,2.21753908575496,0.0944529828824492,1,FALSE,FALSE,"weak_effect",0.0145310203533152,0.353122030853632,0.0411501381496592,FALSE,FALSE,1,0.0944529828824492,FALSE,TRUE,FALSE,FALSE,134.395332328342,88.9548604560537,95.4058973186217,86.5101333873164,103.726631919358,134.035640218666,90.8136159261374,37.9986350027284,97.8008645843035,138.836975772394,0.109531596758197,0.189706694968309,0.139736420504742,10,FALSE,0.00111861876382399,0.014886940021646
"RT0_ZT6_remainder_dataset","537437","Bnip3-ps1",120.840597968966,-0.000227444411257644,"downregulated",1,0.98837666252642,0.99874460803924,0.988067079494638,0.993649665349468,1.18579743331897e-06,0.00605983660587683,2.21753908575496,0.0314357345368229,1,FALSE,FALSE,"weak_effect",-0.00421497727293566,0.289327083800561,-0.0145682084703869,FALSE,FALSE,1,0.0314357345368229,FALSE,TRUE,FALSE,FALSE,101.430439493089,156.782941553795,128.267928617258,92.5658427244286,122.344232520268,86.4746065926881,148.934330118865,163.253394826537,110.627207480606,97.7250557621217,0.0507808996576361,0.176143335773437,0.0921151374274009,9,FALSE,0.00054555231387298,0.00521357032587503
"RT0_ZT6_remainder_dataset","350097","-",96.6488072618372,-0.00604244420457349,"downregulated",1,0.745074751283099,0.997427599417093,0.738529646398368,0.991522178838259,0.000795379416466557,0.00605983660587683,2.21753908575496,0.0221798239330358,1,FALSE,FALSE,"weak_effect",-0.0817595309998814,0.251459093419464,-0.325140482645011,FALSE,FALSE,1,0.0221798239330358,FALSE,TRUE,FALSE,FALSE,91.2873955437797,100.07421801306,111.306880205059,75.2638160469653,91.7581743902009,100.887041024803,93.2353123508343,102.737050192562,117.040378928757,82.8978059223515,0.0103813825248928,0.19326843749317,0.065439844615324,7,FALSE,0.00111861876382399,0.131632066352311
"RT0_ZT6_remainder_dataset","246881","Sec11c",174.399417723266,-0.00422885087571205,"downregulated",1,0.822909218513816,0.997427599417093,0.818273481257834,0.992342047496915,0.00036833935301184,0.00605983660587683,2.21753908575496,0.0178125753543485,1,FALSE,FALSE,"weak_effect",-0.0549775560327267,0.245649617455856,-0.223804769582457,FALSE,FALSE,1,0.0178125753543485,FALSE,TRUE,FALSE,FALSE,163.556583682605,138.991969462584,193.991991214531,196.378002789208,160.909262336439,172.949213185376,188.892321126366,204.066743533171,203.618193478796,120.639896423585,0.0276853526611972,0.155132292870875,0.0666407799436605,9,FALSE,0.00111861876382399,0.0871015232831589
"RT0_ZT6_remainder_dataset","151223","Susd4",149.860015937651,0.0065977576996695,"upregulated",1,0.716633449283409,0.997427599417093,0.709423977992365,0.991177426383178,0.000983686988994493,0.00605983660587683,2.21753908575496,0.0300461180388802,1,FALSE,FALSE,"weak_effect",0.0948542087463588,0.261333889335686,0.362961761245277,FALSE,FALSE,1,0.0300461180388802,FALSE,TRUE,FALSE,FALSE,155.949300720624,163.454556087999,136.748452823358,184.266584114984,134.312690049425,153.732633942557,115.030580173107,136.513614639432,113.032146773662,205.559600051359,0.0353132890527347,0.162894901202407,0.0752906239453302,9,FALSE,0.00111861876382399,0.149094136791924
"RT0_ZT6_remainder_dataset","556779","Araf",103.480699365253,-0.00104370908746269,"downregulated",1,0.949106712718284,0.997427599417093,0.947753004301693,0.993381332317083,2.43234630827623e-05,0.00605983660587683,2.21753908575496,0.0286004778092168,1,FALSE,FALSE,"weak_effect",-0.0179563135871907,0.281320853834208,-0.0638285905309137,FALSE,FALSE,1,0.0286004778092168,FALSE,TRUE,FALSE,FALSE,91.2873955437797,90.0667962117544,84.8052420609971,110.732970735765,136.972347278126,83.5921197062651,99.2895534125768,109.773834452326,142.693064721361,85.5936695295825,0.0370307795835694,0.187620893110988,0.0852430108957782,9,FALSE,0.00111861876382399,0.0233048302203575
"RT0_ZT6_remainder_dataset","500671","Myg1",146.987156954346,0.00146130126121017,"upregulated",1,0.922254217825295,0.997427599417093,0.920190167689305,0.993184431824917,5.27857255123309e-05,0.00605983660587683,2.21753908575496,0.0796135909661251,1,FALSE,FALSE,"weak_effect",0.0324125355877466,0.332114049013402,0.0975945934356986,FALSE,FALSE,1,0.0796135909661251,FALSE,TRUE,FALSE,FALSE,57.0546222148623,154.559070042393,142.04878045217,223.196144139276,166.228576793842,173.429627666447,130.771606933638,132.291544083573,142.693064721361,147.598532495894,0.102914931731299,0.163973161593856,0.125584436844195,9,FALSE,0.00111861876382399,0.0361224115201383
"RT0_ZT6_remainder_dataset","351660","Serf2",538.729929496443,-0.0115616564368247,"downregulated",1,0.596229272596037,0.997427599417093,0.586480258379295,0.989347653574328,0.00267937459468506,0.00605983660587683,2.21753908575496,0.00466471236385382,1,FALSE,FALSE,"weak_effect",-0.104515334049731,0.197261731351529,-0.529830765114193,FALSE,FALSE,1,0.00466471236385382,FALSE,TRUE,FALSE,FALSE,427.275726364635,519.273997912214,480.209683170396,675.644141754941,492.036587309773,567.849916625318,610.267499023643,565.757454485067,513.855362283103,535.128926035342,0.0151331474797276,0.123073001604124,0.0448396588225789,7,FALSE,0.00111861876382399,0.231746602169483
"RT0_ZT6_remainder_dataset","277572","Snx27",103.396358027105,0.00275437391524718,"upregulated",1,0.876576215933724,0.997427599417093,0.87331603560053,0.992821240947585,0.000162035865917387,0.00605983660587683,2.21753908575496,0.0267352395729551,1,FALSE,FALSE,"weak_effect",0.0419048774057033,0.269812840000724,0.155310908871464,FALSE,FALSE,1,0.0267352395729551,FALSE,TRUE,FALSE,FALSE,144.538376277651,107.857768302965,98.5860938959091,76.1289173808384,98.4073174619546,94.1612382898159,110.187187323713,81.6266974132684,114.6354396357,107.834544289238,0.0251915378517376,0.187686063512696,0.0776536305893453,7,FALSE,0.00111861876382399,0.0588285653666765
"RT0_ZT6_remainder_dataset","225996","Uqcrfs1",230.768850087232,0.00310765306894413,"upregulated",1,0.85782970545454,0.997427599417093,0.854084726545833,0.992660784145036,0.000212871265796295,0.00605983660587683,2.21753908575496,0.0319306414228231,1,FALSE,FALSE,"weak_effect",0.0495936269303655,0.276846643702574,0.179137540795494,FALSE,FALSE,1,0.0319306414228231,FALSE,TRUE,FALSE,FALSE,287.808872061639,267.976517123862,262.896250389091,174.750469442379,179.52686293735,211.382371671015,303.922901299473,212.510884644888,261.336736512155,145.576634790471,0.0595563951486572,0.143552629012114,0.0876530878602379,9,FALSE,0.00111861876382399,0.0684990444794474
"RT0_ZT6_remainder_dataset","390527","Ppm1k",77.0252607496725,0.00335896055725977,"upregulated",1,0.8181542318245,0.997427599417093,0.813398615024857,0.992296505359982,0.000301287245469893,0.00605983660587683,2.21753908575496,0.0975088322557488,1,FALSE,FALSE,"weak_effect",0.0766692516814476,0.333461113064615,0.22991961784339,FALSE,FALSE,1,0.0975088322557488,FALSE,TRUE,FALSE,FALSE,58.3225027085259,64.492273830639,59.3636694426979,76.1289173808384,136.972347278126,56.2084942852472,81.1268302273494,81.6266974132684,69.7432394986427,86.2676354313902,0.0699613394685639,0.215061704046666,0.12039242954511,9,FALSE,0.00111861876382399,0.0896965714047214
"RT0_ZT6_remainder_dataset","284205","Srsf11",103.792642700697,-0.00471099653912327,"downregulated",1,0.777104950309534,0.997427599417093,0.771330928224624,0.991879775417672,0.000531208456703411,0.00605983660587683,2.21753908575496,0.0464465205751711,1,FALSE,FALSE,"weak_effect",-0.080500979957433,0.284361529451828,-0.283093778939145,FALSE,FALSE,1,0.0464465205751711,FALSE,TRUE,FALSE,FALSE,92.5552760374433,87.8429247003531,84.8052420609971,84.7799307195701,155.589947879036,128.751080926891,89.6027677137889,118.217975564044,99.4041574463413,96.3771239585062,0.038078778470491,0.187380775344954,0.0873114317409681,9,FALSE,0.00111861876382399,0.112759254287686
"RT0_ZT6_remainder_dataset","296892","Rnf13",86.9005288240255,-0.00109996095069149,"downregulated",1,0.949282937754324,0.997427599417093,0.947933903543071,0.993382587034159,2.55432311568092e-05,0.00605983660587683,2.21753908575496,0.0221067090953248,1,FALSE,FALSE,"weak_effect",-0.0170373483077833,0.267852190411862,-0.0636072763921992,FALSE,FALSE,1,0.0221067090953248,FALSE,TRUE,FALSE,FALSE,88.7516345564525,70.0519526091423,108.126683627771,76.9940187147116,87.7686885471487,81.6704617819832,71.4400445285614,102.737050192562,102.610743170417,78.8540105115051,0.0147355146794932,0.202864288915166,0.0745167181657454,8,FALSE,0.00111861876382399,0.0232219435978626
"RT0_ZT6_remainder_dataset","9787","LOC102555183",47.4699555352404,-0.000572905113212781,"downregulated",1,0.967235404705096,0.997427599417093,0.966363178839227,0.993507966806194,8.5131558599126e-06,0.00605983660587683,2.21753908575496,0.0714758296445098,1,FALSE,FALSE,"weak_effect",-0.0135793750537708,0.330592445463662,-0.0410758782909437,FALSE,FALSE,1,0.0714758296445098,FALSE,TRUE,FALSE,FALSE,54.5188612275351,42.2535587166255,67.8441936487977,39.7946613581656,31.9158867444177,52.3651784366833,50.8556249186369,43.62806241054,45.6938465680762,45.829681322926,0.0203503771809233,0.281889625608963,0.110026380421301,9,FALSE,0.00111861876382399,0.0148596262514954
"RT0_ZT6_remainder_dataset","341469","Ntmt1",77.5099762811148,0.000483340367919403,"upregulated",1,0.977110694897585,0.997432052911029,0.976501176392757,0.993574933794732,4.99156675166831e-06,0.00605983660587683,2.21753908575496,0.0440611406713235,1,FALSE,FALSE,"weak_effect",0.0087281667704891,0.304208193704164,0.0286914256457439,FALSE,FALSE,1,0.0440611406713235,FALSE,TRUE,FALSE,FALSE,55.7867417211987,64.492273830639,92.2257007413343,94.2960453921749,82.4493740897458,71.5817576795029,69.0183481038644,59.1089877820219,76.9580573778126,109.182476092853,0.0403053335448409,0.214390475122938,0.0981429588736155,9,FALSE,0.00111667965212826,0.0103272291804533
"RT0_ZT6_remainder_dataset","319541","Tspyl1",244.931572363089,-0.00216206586104909,"downregulated",1,0.906941534213999,0.997427599417093,0.904474499222507,0.993066829184234,9.42740131154675e-05,0.00605983660587683,2.21753908575496,0.0175165936363721,1,FALSE,FALSE,"weak_effect",-0.0293332267288728,0.25093186298716,-0.116897178300445,FALSE,FALSE,1,0.0175165936363721,FALSE,TRUE,FALSE,FALSE,244.700935277076,194.588757247618,236.394612245029,257.800197494203,277.934180399304,220.990661292425,221.585222859775,291.322868354251,333.484915303855,170.513373157357,0.039475562886971,0.141481060552452,0.0714707708293315,9,FALSE,0.00111861876382399,0.0436036731414479
"RT0_ZT6_remainder_dataset","341870","Prrc2b",54.2507614235871,-0.000481433636654656,"downregulated",1,0.972249368346381,0.997427599417093,0.971510496905346,0.993542141177367,6.04319697857464e-06,0.00605983660587683,2.21753908575496,0.087028684543934,1,FALSE,FALSE,"weak_effect",-0.012053091541669,0.346479909075414,-0.0347872740264589,FALSE,FALSE,1,0.087028684543934,FALSE,TRUE,FALSE,FALSE,36.7685343162446,68.9400168534416,64.6639970715103,44.9852693614045,55.852801802731,60.0518101338112,47.2230802815914,37.9986350027284,46.4954929990951,79.5279764133128,0.0550467718661331,0.260120992642882,0.125615918971325,9,FALSE,0.00111861876382399,0.0125525026056905
"RT0_ZT6_remainder_dataset","141547","Brox",122.661007660121,0.000154006877566546,"upregulated",1,0.993356347585947,0.999421772888248,0.99317938774257,0.993682146651771,4.5775499480463e-07,0.00605983660587683,2.21753908575496,0.0857125304878169,1,FALSE,FALSE,"weak_effect",0.0028972831883601,0.347951799315108,0.0083266797127159,FALSE,FALSE,1,0.0857125304878169,FALSE,TRUE,FALSE,FALSE,110.305602948734,146.775519752489,133.56825624607,85.6450320534433,136.972347278126,114.338646494776,177.994687215229,119.625332415997,151.511175462569,49.8734767337725,0.11542364808214,0.175127965948505,0.137116499645341,10,FALSE,0.000251193474359989,0.00297230228959635
"RT0_ZT6_remainder_dataset","242932","Cxxc5",103.829455024698,0.0086531438621712,"upregulated",1,0.606956005526755,0.997427599417093,0.597411976704476,0.989540536319872,0.00193593391323135,0.00605983660587683,2.21753908575496,0.0708323619208082,1,FALSE,FALSE,"weak_effect",0.146740606697086,0.285252591337343,0.514423395802033,FALSE,FALSE,1,0.0708323619208082,FALSE,TRUE,FALSE,FALSE,96.3589175184341,133.432290684081,84.8052420609971,148.797429426184,81.119545475395,94.1612382898159,110.187187323713,99.9223364886561,76.9580573778126,112.552305601892,0.0396780308322763,0.187352534310598,0.0880121835003448,9,FALSE,0.00111861876382399,0.22372607506211
"RT0_ZT6_remainder_dataset","335747","Napb",355.348776063802,0.00490965161973748,"upregulated",1,0.785302267204807,0.997427599417093,0.779729085823267,0.991966532581531,0.000530518617554873,0.00605983660587683,2.21753908575496,0.0274976878307821,1,FALSE,FALSE,"weak_effect",0.0719518793851333,0.264125133081949,0.272415875557019,FALSE,FALSE,1,0.0274976878307821,FALSE,TRUE,FALSE,FALSE,338.524091808183,361.379120602718,342.401164821276,552.799752344952,224.741035825275,367.036663537854,326.929017334095,350.431856136273,404.831447664535,284.413610562865,0.0543058561750198,0.130992602207311,0.0809355072893762,10,FALSE,0.00111861876382399,0.108056265218924
"RT0_ZT6_remainder_dataset","267016","Ndufs4",128.603073506657,-0.00701962404983675,"downregulated",1,0.682464810450068,0.997427599417093,0.674486132659582,0.990724662935727,0.00120054506641759,0.00605983660587683,2.21753908575496,0.0488722944063141,1,FALSE,FALSE,"weak_effect",-0.112997487517599,0.276208593975083,-0.409101997484526,FALSE,FALSE,1,0.0488722944063141,FALSE,TRUE,FALSE,FALSE,87.4837540627888,125.648740394176,97.5260283701466,146.202125424565,160.909262336439,105.210771354437,113.819731960759,136.513614639432,152.312821893587,160.403884630241,0.0406670958030894,0.172013711512856,0.083699846074247,9,FALSE,0.00111861876382399,0.171026974934008
"RT0_ZT6_remainder_dataset","18887","Plekhb1",649.792673880662,-0.0207114205882283,"downregulated",1,0.31543933324343,0.997427599417093,0.302721964914067,0.979566639187021,0.01074831735681,0.00605983660587683,2.21753908575496,0.0405364192255429,1,FALSE,FALSE,"weak_effect",-0.23326144123664,0.232361265546265,-1.00387403506457,FALSE,FALSE,1,0.0405364192255429,FALSE,TRUE,FALSE,FALSE,406.989638466018,657.154031619097,524.732435252419,605.570933711215,792.57785415304,603.400588224534,601.791561537204,736.047633571368,820.885945363334,748.776116908395,0.0366703269423289,0.120450009434118,0.0632589059764006,9,FALSE,0.00111861876382399,0.518956066341439
"RT0_ZT6_remainder_dataset","65995","Snrnp25",80.0225653390365,-0.00716537385002154,"downregulated",1,0.670830235607143,0.997427599417093,0.662597601842082,0.990559813018406,0.00128081158103131,0.00605983660587683,2.21753908575496,0.0569661401675826,1,FALSE,FALSE,"weak_effect",-0.12000254425792,0.282353059343497,-0.425008833043777,FALSE,FALSE,1,0.0569661401675826,FALSE,TRUE,FALSE,FALSE,63.3940246831803,81.171310166149,56.1834728654106,80.4544240502043,102.396803305007,86.4746065926881,67.8074998915159,98.5149796367032,84.9745216880014,78.8540105115051,0.0177810932653923,0.211041392220701,0.0830245894401045,9,FALSE,0.00111861876382399,0.178750140305304
"RT0_ZT6_remainder_dataset","305639","Ube2d3",101.567100222517,-0.00412562077380463,"downregulated",1,0.806415680936243,0.997427599417093,0.801365726549778,0.992181738066158,0.000396757796851653,0.00605983660587683,2.21753908575496,0.0371507033536378,1,FALSE,FALSE,"weak_effect",-0.0681613321465833,0.278149768438905,-0.245052629484949,FALSE,FALSE,1,0.0371507033536378,FALSE,TRUE,FALSE,FALSE,83.680112581798,71.163888364843,117.667273359633,102.081957397033,121.014403905917,93.6808238087454,138.036696207729,84.4414111171742,95.3959252912469,108.508510191045,0.0293026858078481,0.189126158468731,0.0829142473238331,8,FALSE,0.00111861876382399,0.0961692357598259
"RT0_ZT6_remainder_dataset","571811","Apoo",123.433657223039,-0.0199610423513992,"downregulated",1,0.3379511815102,0.997427599417093,0.325240897652258,0.98095445330019,0.00973689363908356,0.00605983660587683,2.21753908575496,0.0324862129199628,1,FALSE,FALSE,"weak_effect",-0.218952486647353,0.228498873785173,-0.95822129457498,FALSE,FALSE,1,0.0324862129199628,FALSE,TRUE,FALSE,FALSE,121.716527391706,118.977125859972,99.6461594216716,115.058477405131,115.695089448514,157.57594979112,141.669240844774,121.03268926795,129.06507539404,113.900237405507,0.00760772300342653,0.174706058739678,0.0544051229105987,8,FALSE,0.00111861876382399,0.487794848969952
"RT0_ZT6_remainder_dataset","535127","Smap1",203.208753207537,-0.0610229001870195,"downregulated",0.999999999999998,0.0362637085530117,0.967503546547633,0.0315762608595362,0.833346427414138,0.0915733621461924,0.00605983660587683,2.21753908575496,0.0857125304878169,1,FALSE,FALSE,"weak_effect",-0.422168718770802,0.201612777694496,-2.09395814887543,FALSE,FALSE,1,0.0857125304878169,FALSE,TRUE,FALSE,FALSE,155.949300720624,164.566491843699,188.691663585718,167.829658771394,191.495320466506,229.157707470623,201.000803249851,257.546303907381,224.461000685287,251.389281374285,0.0024890203716493,0.148411503160056,0.0436446283024196,11,FALSE,0.0143474343263698,1.50063929878035
"RT0_ZT6_remainder_dataset","87236","Hist3h2a",53.9077527012326,-0.000263365441545481,"downregulated",1,0.983729980542113,0.997958943543606,0.983296665559525,0.993619053609055,1.92663239066677e-06,0.00605983660587683,2.21753908575496,0.0753509332264859,1,FALSE,FALSE,"weak_effect",-0.0068700889707034,0.336886997930246,-0.0203928587713732,FALSE,FALSE,1,0.0753509332264859,FALSE,TRUE,FALSE,FALSE,71.001307645162,35.5819441824215,45.5828176077859,60.5570933711215,55.852801802731,56.6889087663177,71.4400445285614,50.6648466703045,55.3136037403028,36.3941586976177,0.0429130107216599,0.261090659621222,0.117520883289089,8,FALSE,0.000887325405246487,0.0073154335639517
"RT0_ZT6_remainder_dataset","233967","Nrep",190.927652742046,-0.0173277809883678,"downregulated",1,0.342026668684578,0.997427599417093,0.329323371497376,0.981186110441854,0.00835853075678054,0.00605983660587683,2.21753908575496,0.0905240493826948,1,FALSE,FALSE,"weak_effect",-0.251804097989635,0.265009955744483,-0.950168446624019,FALSE,FALSE,1,0.0905240493826948,FALSE,TRUE,FALSE,FALSE,173.699627631914,145.663583996788,164.310156493182,207.624320129559,180.8566915517,299.778636187985,216.741830010381,182.956390753877,198.808314892683,138.836975772394,0.0458415660759083,0.151028484025265,0.0789473268802167,9,FALSE,0.00111861876382399,0.482377447082906
"RT0_ZT6_remainder_dataset","480672","Pycr3",104.232151651356,0.00630381334261271,"upregulated",1,0.685150995850427,0.997427599417093,0.677231549734636,0.990761916699276,0.0010670012099138,0.00605983660587683,2.21753908575496,0.0928851450915936,1,FALSE,FALSE,"weak_effect",0.126549305527313,0.312125052818115,0.405444242250741,FALSE,FALSE,1,0.0928851450915936,FALSE,TRUE,FALSE,FALSE,60.8582636958531,83.3951816775504,117.667273359633,138.416213419706,143.62149034988,87.9158500358995,104.132946261971,87.25612482108,88.9827538430958,130.075419048893,0.0647438195981593,0.18704490322235,0.107318510655159,9,FALSE,0.00111861876382399,0.169262817904371
"RT0_ZT6_remainder_dataset","277013","Rusc1",230.218862328653,-0.00254037149132459,"downregulated",1,0.876819545246809,0.997427599417093,0.873565684102672,0.992823277777324,0.000149131071827702,0.00605983660587683,2.21753908575496,0.0178125753543485,1,FALSE,FALSE,"weak_effect",-0.0387753140246759,0.250159688510179,-0.15500224778661,FALSE,FALSE,1,0.0178125753543485,FALSE,TRUE,FALSE,FALSE,169.895986150923,251.297480788352,193.991991214531,188.59209078435,332.457153587685,247.413457751302,254.278124593185,227.99181001637,234.080757857513,202.189770542321,0.035944421136244,0.14363821633487,0.0707397988077667,9,FALSE,0.00111861876382399,0.0587044345037674
"RT0_ZT6_remainder_dataset","17087","Sec11a",137.840966713337,0.00186253856348355,"upregulated",1,0.903557482033623,0.997427599417093,0.901001636045186,0.993040291631875,8.43253539813185e-05,0.00605983660587683,2.21753908575496,0.0694427111589052,1,FALSE,FALSE,"weak_effect",0.0387607904271275,0.319891336793027,0.12116861561714,FALSE,FALSE,1,0.0694427111589052,FALSE,TRUE,FALSE,FALSE,174.967508125578,87.8429247003531,144.168911503695,105.542362732526,187.505834623454,195.528693795689,134.404151570683,111.181191304279,148.304589738493,88.9634990386211,0.0874053667027617,0.16770529395812,0.115548429962908,10,FALSE,0.00111861876382399,0.0452744204252088
"RT0_ZT6_remainder_dataset","117083","Pi4ka",286.40493333942,0.00790289946600211,"upregulated",1,0.656260214198061,0.997427599417093,0.647715712064236,0.990345009809211,0.00149060987046238,0.00605983660587683,2.21753908575496,0.0440611406713235,1,FALSE,FALSE,"weak_effect",0.120086415707772,0.269807159953335,0.445082390432269,FALSE,FALSE,1,0.0440611406713235,FALSE,TRUE,FALSE,FALSE,188.914193555877,235.730380208542,297.878412739252,420.439248262358,347.085268345543,259.423819778064,283.338481689549,330.728860208932,210.031364926947,290.479303679134,0.0574417960795829,0.136593203745349,0.0838926010038138,9,FALSE,0.00111861876382399,0.188615567852648
"RT0_ZT6_remainder_dataset","78998","Pitpnc1",96.4940988443451,0.00465053592318707,"upregulated",1,0.755967754838027,0.997427599417093,0.749682323205743,0.991647246003802,0.000581887747337272,0.00605983660587683,2.21753908575496,0.0967847147928058,1,FALSE,FALSE,"weak_effect",0.100701014739754,0.324026525268126,0.31078015806399,FALSE,FALSE,1,0.0967847147928058,FALSE,TRUE,FALSE,FALSE,110.305602948734,110.081639814366,117.667273359633,61.4221947049947,98.4073174619546,74.4642445659258,84.7593748643949,154.809253714819,72.1481787916993,80.8759082169283,0.0740335578572746,0.19340558603611,0.115574302391364,9,FALSE,0.00111861876382399,0.125122729282886
"RT0_ZT6_remainder_dataset","480779","Plec",82.9196771223994,0.0066922111021746,"upregulated",1,0.695558198147269,0.997427599417093,0.687870289138229,0.99090349505156,0.00108744045958081,0.00605983660587683,2.21753908575496,0.050421339318725,1,FALSE,FALSE,"weak_effect",0.109526020650645,0.279886197079761,0.391323408561777,FALSE,FALSE,1,0.050421339318725,FALSE,TRUE,FALSE,FALSE,59.5903832021895,80.0593744104484,96.4659628443842,96.0262480599212,97.0774888476039,80.7096328198422,78.7051338026524,101.329693340609,61.7267751884538,77.5060787078896,0.0194571749018882,0.207431704034324,0.0819139865581008,9,FALSE,0.00111861876382399,0.162493448425058
"RT0_ZT6_remainder_dataset","94468","Msl1",89.0927099955224,-0.00298083809684219,"downregulated",1,0.845972845781061,0.997427599417093,0.841923493524578,0.992555561438215,0.000222750195858281,0.00605983660587683,2.21753908575496,0.0659701076616631,1,FALSE,FALSE,"weak_effect",-0.0601576539453759,0.309677072434834,-0.194259308486698,FALSE,FALSE,1,0.0659701076616631,FALSE,TRUE,FALSE,FALSE,46.9115782655534,78.9474386547477,94.3458317928592,108.137666734146,107.71611776241,104.249942392296,90.8136159261374,84.4414111171742,106.618975325511,68.7445219843891,0.0521396263866894,0.200523370046109,0.103793186353307,9,FALSE,0.00111861876382399,0.0747273715047642
"RT0_ZT6_remainder_dataset","412187","Scp2",435.662588991772,-0.00236792483620794,"downregulated",1,0.885419126831219,0.997427599417093,0.882388998640867,0.992894530412706,0.000128672834767188,0.00605983660587683,2.21753908575496,0.0329551518255195,1,FALSE,FALSE,"weak_effect",-0.0406180335754156,0.281868041447562,-0.144103011348209,FALSE,FALSE,1,0.0329551518255195,FALSE,TRUE,FALSE,FALSE,292.880394036293,404.744615075044,383.743720326012,657.477013743605,406.927555991326,478.492823146207,427.42941895902,561.535383929208,469.764808577064,273.630156133941,0.0753902827626969,0.126703566514221,0.0930862964404063,11,FALSE,0.00111861876382399,0.0543399151863486
"RT0_ZT6_remainder_dataset","497614","Srebf2",201.474619681668,0.0153186043445765,"upregulated",1,0.448911768945021,0.997427599417093,0.436922493210606,0.985753322356372,0.0055085026713847,0.00605983660587683,2.21753908575496,0.0282817106927101,1,FALSE,FALSE,"weak_effect",0.177929960897919,0.234974629765267,0.757230519208248,FALSE,FALSE,1,0.0282817106927101,FALSE,TRUE,FALSE,FALSE,176.235388619241,165.6784275994,230.034219090455,245.688778819979,252.66743672664,200.813253087464,199.789955037502,150.587183158961,175.560568393135,217.690986283899,0.0224910829267344,0.148761685537033,0.0612997666288479,8,FALSE,0.00111861876382399,0.359595596796974
"RT0_ZT6_remainder_dataset","216091","Smim13",344.467469628742,-0.0187870412137162,"downregulated",1,0.32684327025469,0.997427599417093,0.314122689385582,0.980293630342802,0.00944801604501147,0.00605983660587683,2.21753908575496,0.0682040153746456,1,FALSE,FALSE,"weak_effect",-0.245462996911696,0.250346737517664,-0.980492094067638,FALSE,FALSE,1,0.0682040153746456,FALSE,TRUE,FALSE,FALSE,405.721757972354,202.372307537522,378.443392697199,271.641818836174,319.158867444177,379.047025564616,283.338481689549,378.578993175331,415.25285126778,411.119200102719,0.0438506436350786,0.131727543264607,0.0722754993843068,9,FALSE,0.00111861876382399,0.502900692958165
"RT0_ZT6_remainder_dataset","41839","Klk6",230.544119989066,-0.00567526424244161,"downregulated",1,0.731457874989184,0.997427599417093,0.724592142094965,0.991360517092733,0.00079400567582684,0.00605983660587683,2.21753908575496,0.050421339318725,1,FALSE,FALSE,"weak_effect",-0.0973223567388698,0.283584142321907,-0.34318687900537,FALSE,FALSE,1,0.050421339318725,FALSE,TRUE,FALSE,FALSE,122.98440788537,252.409416544052,177.030942802331,282.023034842651,279.264009013655,276.238326615531,213.109285373336,261.76837446324,185.180325565362,255.433076785132,0.065108394723864,0.143587551446749,0.0921621266664429,10,FALSE,0.00111861876382399,0.139906380021742
"RT0_ZT6_remainder_dataset","426998","Atp6v1g1",109.968657264508,-0.00770625707629947,"downregulated",1,0.646371781230976,0.997427599417093,0.637619701729482,0.99019363276362,0.00150609756808292,0.00605983660587683,2.21753908575496,0.0604972558603677,1,FALSE,FALSE,"weak_effect",-0.129663768411366,0.28260985618746,-0.458808373354669,FALSE,FALSE,1,0.0604972558603677,FALSE,TRUE,FALSE,FALSE,142.002615290324,122.312933127074,97.5260283701466,64.8826000404873,98.4073174619546,96.5633106951683,110.187187323713,137.920971491385,114.6354396357,115.248169209123,0.0392110511420678,0.182907276525875,0.0866201659016133,9,FALSE,0.00111861876382399,0.195438272195059
"RT0_ZT6_remainder_dataset","548245","Rpl31",67.7569613178125,-0.00152588190846613,"downregulated",1,0.91467865526724,0.997427599417093,0.91241501914802,0.993126752121798,6.07416577038625e-05,0.00605983660587683,2.21753908575496,0.0859243816402399,1,FALSE,FALSE,"weak_effect",-0.0360720066811276,0.336683975332106,-0.107139066079834,FALSE,FALSE,1,0.0859243816402399,FALSE,TRUE,FALSE,FALSE,72.2691881388256,53.3729162736322,86.925373112522,41.5248640259119,81.119545475395,48.0414481070489,61.7532588297734,61.9237014859278,76.9580573778126,93.6812603512753,0.0658044194841974,0.229743779971321,0.121165737428543,9,FALSE,0.00111861876382399,0.0398075744701121
"RT0_ZT6_remainder_dataset","390240","Gars",311.663974347579,-0.00362664785028524,"downregulated",1,0.817777162717673,0.997427599417093,0.813012055211647,0.992292870837385,0.000326046575030899,0.00605983660587683,2.21753908575496,0.0495463208337569,1,FALSE,FALSE,"weak_effect",-0.0671269966590029,0.29134363008589,-0.23040488868493,FALSE,FALSE,1,0.0495463208337569,FALSE,TRUE,FALSE,FALSE,155.949300720624,364.71492786982,272.436840120953,274.237122837793,454.801386107953,306.504438922972,286.971026326594,370.134852063614,266.948261529287,363.941586976177,0.0792061823150233,0.134253697188462,0.0986741030306824,10,FALSE,0.00111861876382399,0.0899030147096457
"RT0_ZT6_remainder_dataset","135149","Adora1",140.204504038892,0.00103711898490385,"upregulated",1,0.94769061959677,0.997427599417093,0.946299355674927,0.993371232510591,2.48612517143288e-05,0.00605983660587683,2.21753908575496,0.0600084417375828,1,FALSE,FALSE,"weak_effect",0.0207758389320563,0.316670486633892,0.0656071209947505,FALSE,FALSE,1,0.0600084417375828,FALSE,TRUE,FALSE,FALSE,97.6267980120977,121.200997371373,149.469239132507,151.392733427804,186.176006009103,106.171600316578,102.922098049622,173.104892790207,101.007450308379,212.973224971245,0.0844574440597355,0.166694187935821,0.113202172944399,10,FALSE,0.00111861876382399,0.023971455615224
"RT0_ZT6_remainder_dataset","133241","Ptpn4",98.1202764880038,0.00991688487929653,"upregulated",1,0.599044140641843,0.997427599417093,0.589348457132629,0.989398946068397,0.00227719294440113,0.00605983660587683,2.21753908575496,0.0310326502523294,1,FALSE,FALSE,"weak_effect",0.132244836363996,0.251523350198354,0.525775584094701,FALSE,FALSE,1,0.0310326502523294,FALSE,TRUE,FALSE,FALSE,125.520168872697,81.171310166149,98.5860938959091,109.002768068019,99.7371460763054,110.014916165142,78.7051338026524,92.8855522288916,94.594278860228,90.9853967440443,0.00998104438482724,0.191985603589048,0.0657315617919609,7,FALSE,0.00111861876382399,0.229627849079424
"RT0_ZT6_remainder_dataset","351158","Itpka",203.835177267925,-0.00697115736424091,"downregulated",1,0.694964381025446,0.997427599417093,0.687263174517535,0.990895532540501,0.00113544068340551,0.00605983660587683,2.21753908575496,0.0345964035048193,1,FALSE,FALSE,"weak_effect",-0.103889380862849,0.264938098348181,-0.392126996874259,FALSE,FALSE,1,0.0345964035048193,FALSE,TRUE,FALSE,FALSE,190.182074049541,205.708114804624,180.211139379619,166.964557437521,239.369150583133,150.369732575063,225.217767496821,222.362382608559,158.725993341738,299.240860402635,0.0471694108194083,0.148286471098697,0.0792909204060108,9,FALSE,0.00111861876382399,0.162876926180127
"RT0_ZT6_remainder_dataset","577070","Fhl1",182.125390835737,-0.0194044321351223,"downregulated",1,0.318957707494748,0.997427599417093,0.306237820711563,0.979796490988708,0.00997273664152096,0.00605983660587683,2.21753908575496,0.0603633715379685,1,FALSE,FALSE,"weak_effect",-0.24441725824604,0.245250606017946,-0.996602056217369,FALSE,FALSE,1,0.0603633715379685,FALSE,TRUE,FALSE,FALSE,120.448646898043,207.931986316026,163.250090967419,173.020266774633,167.558405408193,198.891595163183,180.416383639926,261.76837446324,174.758921962116,173.209236764588,0.0265093089366185,0.153121292397981,0.0665726232591393,9,FALSE,0.00111861876382399,0.513941174473752
"RT0_ZT6_remainder_dataset","124577","Pet100",181.023092936906,0.00409437269532179,"upregulated",1,0.79385895958866,0.997427599417093,0.788496827849083,0.992055151544969,0.000422539464885098,0.00605983660587683,2.21753908575496,0.0735175243965449,1,FALSE,FALSE,"weak_effect",0.0810043936524332,0.310001937985766,0.261302862100664,FALSE,FALSE,1,0.0735175243965449,FALSE,TRUE,FALSE,FALSE,88.7516345564525,225.722958407236,139.928649400645,199.838408124701,276.604351784954,201.293667568535,171.940446153487,171.697535938254,178.767154117211,155.686123317587,0.0853931747099213,0.153397712109613,0.109823546674563,10,FALSE,0.00111861876382399,0.103200049513785
"RT0_ZT6_remainder_dataset","215651","Nol7",66.539028170732,0.00105081481281699,"upregulated",1,0.947764376384218,0.997427599417093,0.946375068305765,0.993371759315292,2.51530488727313e-05,0.00605983660587683,2.21753908575496,0.050421339318725,1,FALSE,FALSE,"weak_effect",0.0201734539252492,0.307923582759396,0.0655144816920768,FALSE,FALSE,1,0.050421339318725,FALSE,TRUE,FALSE,FALSE,69.7334271514984,46.7013017394282,86.925373112522,57.0966880356288,74.4704024036413,64.855954944516,85.9702230767434,60.5163446339748,49.7020787231706,69.4184878861968,0.0313147419354965,0.231977185482241,0.0986755226558261,7,FALSE,0.00111861876382399,0.0239367094619669
"RT0_ZT6_remainder_dataset","91615","Mir632",74.9259846340077,0.00846192706214876,"upregulated",1,0.601783625867812,0.997427599417093,0.592140161545373,0.989448398438289,0.00192572713117668,0.00605983660587683,2.21753908575496,0.0886352130875676,1,FALSE,FALSE,"weak_effect",0.155264491819713,0.297534299890819,0.521837286916795,FALSE,FALSE,1,0.0886352130875676,FALSE,TRUE,FALSE,FALSE,103.966200480416,55.5967877850336,75.2646523291349,95.1611467260481,63.8317734888354,64.855954944516,78.7051338026524,81.6266974132684,56.1152501713217,74.1362491988509,0.0302427528827592,0.218069015693499,0.0928548293108501,7,FALSE,0.00111861876382399,0.22757548216064
"RT0_ZT6_remainder_dataset","93650","Ppp1r9b",195.528186374521,-0.00695679743420757,"downregulated",1,0.69245496841769,0.997427599417093,0.68469768233031,0.990861730770528,0.00114440112395849,0.00605983660587683,2.21753908575496,0.0319306414228231,1,FALSE,FALSE,"weak_effect",-0.103466115602497,0.261591393532069,-0.395525686856409,FALSE,FALSE,1,0.0319306414228231,FALSE,TRUE,FALSE,FALSE,155.949300720624,134.544226439781,205.652711997918,245.688778819979,200.804120766961,183.037917287856,182.838080064623,185.771104457783,181.973739841286,279.021883348403,0.0426175349524596,0.150009647485283,0.0769747019863869,9,FALSE,0.00111861876382399,0.16450114219674
"RT0_ZT6_remainder_dataset","466320","Papola",190.878364788174,0.0250564420694305,"upregulated",1,0.238923856217967,0.997427599417093,0.226643542135982,0.972893605699318,0.0161528020302449,0.00605983660587683,2.21753908575496,0.0401947529627802,1,FALSE,FALSE,"weak_effect",0.262801930109555,0.223152075264087,1.17768086986663,FALSE,FALSE,1,0.0401947529627802,FALSE,TRUE,FALSE,FALSE,195.253596024195,210.155857827427,191.871860163006,193.782698787589,251.33760811229,171.988384223235,131.982455145986,173.104892790207,210.031364926947,179.274929880858,0.0134834818085354,0.151039665259814,0.0545102115810049,9,FALSE,0.00111861876382399,0.644656650991633
"RT0_ZT6_remainder_dataset","115208","Rubcn",58.3859430388482,-0.00218359149051346,"downregulated",1,0.876261437255004,0.997427599417093,0.87299308317289,0.992818604330667,0.000128808309141152,0.00605983660587683,2.21753908575496,0.0960146645444982,1,FALSE,FALSE,"weak_effect",-0.0530431565330569,0.340653008498066,-0.155710224803014,FALSE,FALSE,1,0.0960146645444982,FALSE,TRUE,FALSE,FALSE,45.6436977718898,43.3654944723262,42.4026210304985,64.8826000404873,90.4283457758502,53.8064218798948,52.0664731309854,67.5531288937394,48.9004322921517,74.8102151006587,0.054777423037407,0.249327674990081,0.121988559611046,9,FALSE,0.00111861876382399,0.0589891972471752
"RT0_ZT6_remainder_dataset","559627","Eif1ax",79.2265027029957,-0.0116896330765342,"downregulated",1,0.498212129071516,0.997427599417093,0.486838107817444,0.987195333274114,0.00365435971994376,0.00605983660587683,2.21753908575496,0.0792391154528893,1,FALSE,FALSE,"weak_effect",-0.18847823937863,0.27827654390296,-0.67730552038319,FALSE,FALSE,1,0.0792391154528893,FALSE,TRUE,FALSE,FALSE,58.3225027085259,81.171310166149,83.7451765352346,80.4544240502043,65.1616021031862,85.5137776305471,84.7593748643949,106.959120748421,84.1728752569825,62.0048629663117,0.0176606091460821,0.212079491269312,0.0800823416854632,9,FALSE,0.00111861876382399,0.312615434207214
"RT0_ZT6_remainder_dataset","563719","Tceal8",69.8856054418755,0.00470190943745839,"upregulated",1,0.767357410684474,0.997427599417093,0.761346357077691,0.991774159841778,0.000556789423222178,0.00605983660587683,2.21753908575496,0.0712907587610313,1,FALSE,FALSE,"weak_effect",0.0901410882008738,0.304702330998873,0.295833274085479,FALSE,FALSE,1,0.0712907587610313,FALSE,TRUE,FALSE,FALSE,73.5370686324892,82.2832459218497,56.1834728654106,94.2960453921749,53.1931445740295,72.5425866416439,82.3376784396979,64.7384151898336,70.5448859296615,49.1995108319647,0.0334818356538251,0.22602726475754,0.0970891173377242,8,FALSE,0.00111861876382399,0.118417725953299
"RT0_ZT6_remainder_dataset","91142","Poldip2",126.095735536577,-0.0061704371911996,"downregulated",1,0.699126076002778,0.997427599417093,0.691518279503669,0.990951047926589,0.000988481425349065,0.00605983660587683,2.21753908575496,0.0708323619208082,1,FALSE,FALSE,"weak_effect",-0.114409008639711,0.296012621149829,-0.386500441080187,FALSE,FALSE,1,0.0708323619208082,FALSE,TRUE,FALSE,FALSE,126.788049366361,102.298089524462,112.366945730821,129.765200080975,134.312690049425,95.1220672519569,117.452276597804,139.328328343337,94.594278860228,208.929429560398,0.0610800333394149,0.17329201989849,0.0971449117879463,9,FALSE,0.00111861876382399,0.160196335319458
"RT0_ZT6_remainder_dataset","57141","Syt7",366.493880579773,0.0330503626598925,"upregulated",1,0.186443689543515,0.997427599417093,0.174983220727723,0.965169714714382,0.0250192433211941,0.00605983660587683,2.21753908575496,0.0202775793815637,1,FALSE,FALSE,"weak_effect",0.259728302967839,0.196589170817506,1.32117299181727,FALSE,FALSE,1,0.0202775793815637,FALSE,TRUE,FALSE,FALSE,439.954531301271,306.894268573385,415.545686098886,403.137221584895,430.864471049639,303.621952036549,335.404954820534,363.098067803849,303.823997356156,362.593655172562,0.011083224196148,0.130285084845101,0.0436500393730331,8,FALSE,0.00111861876382399,0.757003594140756
"RT0_ZT6_remainder_dataset","393800","Cct7",449.980672373262,-0.0116432937760229,"downregulated",1,0.496855946166264,0.997427599417093,0.485462988037949,0.987159528575243,0.00365417644040286,0.00605983660587683,2.21753908575496,0.0920520956101343,1,FALSE,FALSE,"weak_effect",-0.194903207702226,0.286856490337702,-0.679444998691768,FALSE,FALSE,1,0.0920520956101343,FALSE,TRUE,FALSE,FALSE,308.094959960256,416.975908387752,409.185292944311,409.192930922007,555.868360798609,473.688678335502,423.796874321974,416.577628178059,304.625643787175,781.800446096974,0.0807528401371684,0.126099735707309,0.0965463028984165,11,FALSE,0.00111861876382399,0.31384387534118
"RT0_ZT6_remainder_dataset","209686","Tnks",98.1245627820702,0.000523220234250922,"upregulated",1,0.975727345631495,0.997427599417093,0.975081012951487,0.993565636174604,5.7341276086151e-06,0.00605983660587683,2.21753908575496,0.0376697662281768,1,FALSE,FALSE,"weak_effect",0.00902103146818284,0.296491320557043,0.0304259546324468,FALSE,FALSE,1,0.0376697662281768,FALSE,TRUE,FALSE,FALSE,91.2873955437797,71.163888364843,87.9854386382845,93.4309440583017,148.940804807283,79.7488038577012,94.4461605631829,85.8487679691271,130.668368256078,97.7250557621217,0.0477788553554676,0.191981922977599,0.0952494635567211,9,FALSE,0.00111861876382399,0.0109593001823113
"RT0_ZT6_remainder_dataset","24572","Aip",229.08939194224,-0.00354491190751186,"downregulated",1,0.841291743171417,0.997427599417093,0.837122747014836,0.992513188569427,0.000273705685978477,0.00605983660587683,2.21753908575496,0.024430925605478,1,FALSE,FALSE,"weak_effect",-0.0528447737343934,0.263905255563086,-0.200241460222686,FALSE,FALSE,1,0.024430925605478,FALSE,TRUE,FALSE,FALSE,133.127451834679,250.185545032651,212.013105152493,285.483440178144,243.358636426185,246.452628789161,288.181874538943,180.141677049972,214.039597082041,237.909963338131,0.0469396919948047,0.143815269409677,0.0792078312607207,9,FALSE,0.00111861876382399,0.0772108568899778
"RT0_ZT6_remainder_dataset","120489","Baz1b",56.3013823675108,0.00193390098232802,"upregulated",1,0.895387691990959,0.997427599417093,0.892617844934999,0.992975382708197,9.54079125607298e-05,0.00605983660587683,2.21753908575496,0.0865328004731747,1,FALSE,FALSE,"weak_effect",0.0439985230660196,0.334614959757471,0.131490005999462,FALSE,FALSE,1,0.0865328004731747,FALSE,TRUE,FALSE,FALSE,58.3225027085259,68.9400168534416,41.3425555047361,69.2081067098531,47.8738301166266,69.1796852741504,38.7471427951519,71.7751994495981,41.6856144129818,55.9391698500421,0.0447153928781848,0.254570455666407,0.116577508317111,9,FALSE,0.00111861876382399,0.0493344351301161
"RT0_ZT6_remainder_dataset","415809","Stx12",151.857193467245,-1.74352930559343e-05,"downregulated",1,0.997698330603837,0.999521783590337,0.997637022207801,0.993710198480779,1.79137629456751e-08,0.00605983660587683,2.21753908575496,0.0286004778092168,1,FALSE,FALSE,"weak_effect",-0.000825229004240095,0.286069132908231,-0.00288471879454685,FALSE,FALSE,1,0.0286004778092168,FALSE,TRUE,FALSE,FALSE,133.127451834679,187.917142713413,155.829632287082,168.694760105267,113.035432219813,186.88123313642,202.211651462199,122.440046119903,150.70952903155,97.7250557621217,0.0561689196033826,0.162169346710599,0.0916093830202315,9,FALSE,0.000207736423315215,0.00102744260668323
"RT0_ZT6_remainder_dataset","233649","Rit2",86.0390972158327,0.00595600306094809,"upregulated",1,0.721774727497139,0.997427599417093,0.714683818969907,0.991241788980045,0.000868897763757461,0.00605983660587683,2.21753908575496,0.0551021047572624,1,FALSE,FALSE,"weak_effect",0.101938351119537,0.286272987378841,0.356087914730971,FALSE,FALSE,1,0.0551021047572624,FALSE,TRUE,FALSE,FALSE,105.234080974079,107.857768302965,76.3247178548974,81.3195253840774,73.1405737892906,74.9446590469963,96.8678569878798,106.959120748421,77.7597038088315,59.9829652608885,0.0299331326265457,0.203816815370803,0.0866578350159573,8,FALSE,0.00111861876382399,0.145886050572168
"RT0_ZT6_remainder_dataset","7791","Sae1",152.740412453773,-0.0023855311361731,"downregulated",1,0.894538096698867,0.997427599417093,0.891746029619116,0.992968563381802,0.000118701203969824,0.00605983660587683,2.21753908575496,0.0178125753543485,1,FALSE,FALSE,"weak_effect",-0.0332912603939992,0.251133233997923,-0.132564136828957,FALSE,FALSE,1,0.0178125753543485,FALSE,TRUE,FALSE,FALSE,103.966200480416,150.111327019591,153.709501235557,179.075976111745,166.228576793842,123.946936116186,159.831964030002,188.585818161689,135.478246842191,166.469577746511,0.0264827070557972,0.161854533045196,0.0690932778241476,9,FALSE,0.00111861876382399,0.0497588156238642
"RT0_ZT6_remainder_dataset","340459","Surf2",67.0468312923899,0.00624664751578288,"upregulated",1,0.689912199011012,0.997427599417093,0.682098277925329,0.990827225234547,0.00103789951777473,0.00605983660587683,2.21753908575496,0.0905240493826948,1,FALSE,FALSE,"weak_effect",0.12381957151924,0.310344791501299,0.398974221285493,FALSE,FALSE,1,0.0905240493826948,FALSE,TRUE,FALSE,FALSE,62.1261441895167,61.1564665635369,56.1834728654106,69.2081067098531,102.396803305007,64.855954944516,58.1207141927279,45.0354192624929,74.553118084756,76.8321128060819,0.0327256924787183,0.231036130143125,0.100673786122088,7,FALSE,0.00111861876382399,0.166153046918744
"RT0_ZT6_remainder_dataset","76947","Med24",94.0948993346995,0.0124667752870358,"upregulated",1,0.47956090198158,0.997427599417093,0.467936086735161,0.98668498282405,0.00411171030724616,0.00605983660587683,2.21753908575496,0.0772667376521891,1,FALSE,FALSE,"weak_effect",0.194369248833721,0.274917655100829,0.707008972422795,FALSE,FALSE,1,0.0772667376521891,FALSE,TRUE,FALSE,FALSE,136.93109331567,92.2906677231557,98.5860938959091,79.5893227163311,94.4178316189024,74.4642445659258,93.2353123508343,99.9223364886561,69.7432394986427,101.768851172968,0.0262860877204063,0.19559019662862,0.0800278503183889,7,FALSE,0.00111861876382399,0.329813461186062
"RT0_ZT6_remainder_dataset","28571","Lipa",85.4821482977758,-0.0038347027313092,"downregulated",1,0.792051451591127,0.997427599417093,0.786644621480933,0.992036593846856,0.000399658173097522,0.00605983660587683,2.21753908575496,0.0950072252260236,1,FALSE,FALSE,"weak_effect",-0.0864101682739521,0.327748698529804,-0.263647632047254,FALSE,FALSE,1,0.0950072252260236,FALSE,TRUE,FALSE,FALSE,81.1443515944708,54.4848520293329,101.766290473196,110.732970735765,65.1616021031862,85.9941921116176,60.5424106174249,133.698900935526,81.7679359639259,79.5279764133128,0.0685212423737987,0.204442879180098,0.117102278407809,9,FALSE,0.00111861876382399,0.10422142238939
"RT0_ZT6_remainder_dataset","246594","Wdr7",161.714338149286,0.00384741795259091,"upregulated",1,0.802670786178296,0.997427599417093,0.79752743084439,0.992144406354288,0.000378025629043594,0.00605983660587683,2.21753908575496,0.0823071364384783,1,FALSE,FALSE,"weak_effect",0.0794704713122504,0.318019131514546,0.249892108483466,FALSE,FALSE,1,0.0823071364384783,FALSE,TRUE,FALSE,FALSE,154.68142022696,84.507117433251,192.931925688768,185.99678678273,212.772578296118,119.142791305481,150.145178331214,157.623967418725,123.453550376908,235.888065632708,0.0911642617301488,0.158850847322477,0.115201555514862,9,FALSE,0.00111861876382399,0.0982543705159523
"RT0_ZT6_remainder_dataset","492627","Cdk4",74.4004254710447,-0.0147111753163551,"downregulated",1,0.403180561631314,0.997427599417093,0.390770250605535,0.984097464602351,0.00600331445335746,0.00605983660587683,2.21753908575496,0.0914686848113579,1,FALSE,FALSE,"weak_effect",-0.22912058990043,0.27408264407761,-0.835954391316917,FALSE,FALSE,1,0.0914686848113579,FALSE,TRUE,FALSE,FALSE,65.9297856705075,83.3951816775504,51.9432107623607,73.5336133792189,67.8212593318877,93.2004093276749,85.9702230767434,75.9972700054568,80.1646431018881,66.0486583771581,0.0119803009669167,0.218848465658566,0.07645263193631,7,FALSE,0.00111861876382399,0.408078506595139
"RT0_ZT6_remainder_dataset","149404","Aldh9a1",81.3268462227816,-0.00569103960024989,"downregulated",1,0.733184914340275,0.997427599417093,0.726359593855258,0.991381358372823,0.000790191303915475,0.00605983660587683,2.21753908575496,0.0530229009352732,1,FALSE,FALSE,"weak_effect",-0.0974770520881851,0.285947051426772,-0.340891964445201,FALSE,FALSE,1,0.0530229009352732,FALSE,TRUE,FALSE,FALSE,81.1443515944708,57.8206592964349,97.5260283701466,76.9940187147116,79.7897168610443,76.8663169712783,102.922098049622,59.1089877820219,83.3712288259636,97.7250557621217,0.0234541950546942,0.209384481011915,0.0857189518343624,9,FALSE,0.00111861876382399,0.138848322875978
"RT0_ZT6_remainder_dataset","75100","Ppm1e",109.53320283117,-0.000308797076397547,"downregulated",1,0.984961945548419,0.998117684886515,0.984561432736359,0.993627198332333,2.08659755954425e-06,0.00605983660587683,2.21753908575496,0.0178125753543485,1,FALSE,FALSE,"weak_effect",-0.0048795853214623,0.258884238418215,-0.0188485222247465,FALSE,FALSE,1,0.0178125753543485,FALSE,TRUE,FALSE,FALSE,95.0910370247705,83.3951816775504,125.087732039971,98.6215520615407,144.95131896423,97.5241396573093,110.187187323713,102.737050192562,125.858489669964,111.878339700084,0.0190902859589998,0.18320616042133,0.0712469614043866,6,FALSE,0.00081824941042877,0.00675718042374843
"RT0_ZT6_remainder_dataset","249966","Gnao1",92.4937637709561,0.00385464765574342,"upregulated",1,0.823611870598467,0.997427599417093,0.818993878906516,0.992348731992153,0.000334272516477382,0.00605983660587683,2.21753908575496,0.0334697164899551,1,FALSE,FALSE,"weak_effect",0.061628061988711,0.276480669768673,0.222901883304443,FALSE,FALSE,1,0.0334697164899551,FALSE,TRUE,FALSE,FALSE,76.0728296198164,102.298089524462,75.2646523291349,98.6215520615407,119.684575291566,101.847869986944,82.3376784396979,115.403261860138,74.553118084756,78.8540105115051,0.024619941645687,0.197111178639379,0.0808772565595585,7,FALSE,0.00111861876382399,0.0867193441090047
"RT0_ZT6_remainder_dataset","232099","Osbpl1a",400.61133080563,-0.0148961632610963,"downregulated",1,0.461678402211152,0.997427599417093,0.449833439572363,0.986156564400687,0.00516819797264476,0.00605983660587683,2.21753908575496,0.02366997500843,1,FALSE,FALSE,"weak_effect",-0.169442467852109,0.23019386726687,-0.736085934277605,FALSE,FALSE,1,0.02366997500843,FALSE,TRUE,FALSE,FALSE,406.989638466018,335.804598221603,409.185292944311,359.017053557363,372.352012018207,322.358116798298,380.206338677428,613.607587451466,426.475901302045,380.116768619563,0.0318094731542827,0.12836393553955,0.0610776042189484,9,FALSE,0.00111861876382399,0.346948263257985
"RT0_ZT6_remainder_dataset","185728","Cadps",203.297428858085,-0.00330039410878626,"downregulated",1,0.857570170571121,0.997427599417093,0.853818509655909,0.992658512609307,0.00022652068328404,0.00605983660587683,2.21753908575496,0.02093219237215,1,FALSE,FALSE,"weak_effect",-0.0457178462365318,0.254740807089921,-0.179468090561532,FALSE,FALSE,1,0.02093219237215,FALSE,TRUE,FALSE,FALSE,138.198973809333,161.230684576597,178.091008328094,277.697528173286,244.688465040536,215.70610200065,197.368258612805,212.510884644888,197.205022030645,210.277361364014,0.0372750902221604,0.14839375699185,0.0729392044169098,9,FALSE,0.00111861876382399,0.0686344345001102
"RT0_ZT6_remainder_dataset","378386","-",151.676813991475,-0.00891033047057523,"downregulated",1,0.657616726510413,0.997427599417093,0.649100961882767,0.990365416056832,0.00167235985372753,0.00605983660587683,2.21753908575496,0.0159351534222535,1,FALSE,FALSE,"weak_effect",-0.101834003457585,0.229766743584097,-0.443206017847017,FALSE,FALSE,1,0.0159351534222535,FALSE,TRUE,FALSE,FALSE,154.68142022696,138.991969462584,137.80851834912,144.471922756818,156.919776493387,143.163515359006,129.560758721289,143.550398899196,162.734225496833,204.885634149552,0.0139736394075659,0.162234091833742,0.0567020230760668,9,FALSE,0.00111861876382399,0.187687747300754
"RT0_ZT6_remainder_dataset","315526","Ppt2",79.8695834395776,-0.00239209166487393,"downregulated",1,0.87361595954104,0.997427599417093,0.870278954371238,0.992796369132311,0.000144342444001938,0.00605983660587683,2.21753908575496,0.0874856395139219,1,FALSE,FALSE,"weak_effect",-0.0529001162684413,0.332564657191655,-0.159067162202853,FALSE,FALSE,1,0.0874856395139219,FALSE,TRUE,FALSE,FALSE,51.9831002402079,78.9474386547477,58.3036039169355,109.867869401892,93.0880030045517,100.406626543732,65.3858034668189,87.25612482108,53.710310878265,99.7469534675449,0.0718627690926403,0.211239280771246,0.120146464313746,9,FALSE,0.00111861876382399,0.0603415187308658
"RT0_ZT6_remainder_dataset","161600","Mdh1",348.933813116221,0.00797732736781926,"upregulated",1,0.70509490068747,0.997427599417093,0.697621944558794,0.991029509214792,0.00124749338954014,0.00605983660587683,2.21753908575496,0.00965927865864688,1,FALSE,FALSE,"weak_effect",0.0829526775028007,0.219189471571513,0.378451925213645,FALSE,FALSE,1,0.00965927865864688,FALSE,TRUE,FALSE,FALSE,410.793279947009,306.894268573385,398.584637686686,333.929114875041,343.095782502491,245.49179982702,374.152097615686,382.80106373119,309.435522373288,384.160564030409,0.0236121921488101,0.131420333259036,0.0547953501642486,9,FALSE,0.00111861876382399,0.156379866591981
"RT0_ZT6_remainder_dataset","514696","Apeh",100.923906123664,-0.00811903782590549,"downregulated",1,0.613100644437407,0.997427599417093,0.603676148618708,0.989647947575979,0.00177966047629617,0.00605983660587683,2.21753908575496,0.0888723667404644,1,FALSE,FALSE,"weak_effect",-0.151324853697119,0.299266520919336,-0.505652464005177,FALSE,FALSE,1,0.0888723667404644,FALSE,TRUE,FALSE,FALSE,77.34071011348,82.2832459218497,107.066618102009,117.65378140675,93.0880030045517,110.495330646213,98.0787052002283,130.88418723162,60.925128757435,131.423350852508,0.0513310802889814,0.189644922019952,0.0974413149883004,9,FALSE,0.00111861876382399,0.219195982880852
"RT0_ZT6_remainder_dataset","493486","Baalc",174.320797155929,-0.00484292219563416,"downregulated",1,0.796534685633354,0.997427599417093,0.791238834935357,0.992082466115075,0.000492488406281634,0.00605983660587683,2.21753908575496,0.020936914538795,1,FALSE,FALSE,"weak_effect",-0.0645216547530461,0.250244518972752,-0.257834437365126,FALSE,FALSE,1,0.020936914538795,FALSE,TRUE,FALSE,FALSE,129.323810353688,236.842315964243,162.190025441657,178.210874777872,144.95131896423,157.57594979112,159.831964030002,181.549033901925,218.849475668155,173.883202666396,0.0299970124128283,0.155153673301458,0.0693785359456265,9,FALSE,0.00111861876382399,0.101692405202298
"RT0_ZT6_remainder_dataset","112975","Pcnp",145.877075126546,-0.00316167867440659,"downregulated",1,0.835146980939386,0.997427599417093,0.830821404340115,0.992456833376341,0.000254490862102108,0.00605983660587683,2.21753908575496,0.0706184211363235,1,FALSE,FALSE,"weak_effect",-0.0649864201056104,0.312277067848759,-0.20810500288508,FALSE,FALSE,1,0.0706184211363235,FALSE,TRUE,FALSE,FALSE,152.145659239633,135.656162195482,134.628321771833,122.844389409989,167.558405408193,76.3859024902078,135.614999783032,166.068108530443,134.676600411172,233.192202025477,0.0822185192763409,0.164401180609727,0.110132459732963,10,FALSE,0.00111861876382399,0.0804923233224746
"RT0_ZT6_remainder_dataset","370094","Scrn1",160.227472792891,0.00307326765983198,"upregulated",1,0.863810985461733,0.997427599417093,0.860220233575563,0.99271274951997,0.000200962037015901,0.00605983660587683,2.21753908575496,0.0241714646082182,1,FALSE,FALSE,"weak_effect",0.0454661107360327,0.265069898899034,0.171524986144696,FALSE,FALSE,1,0.0241714646082182,FALSE,TRUE,FALSE,FALSE,210.468161948159,164.566491843699,163.250090967419,143.606821422945,130.323204206372,116.260304419058,148.934330118865,219.547668904653,135.478246842191,169.839407255549,0.0394210520750035,0.159325264756102,0.0780504924047822,9,FALSE,0.00111861876382399,0.065390346451922
"RT0_ZT6_remainder_dataset","95493","Mapt",590.938438888493,0.019275068010602,"upregulated",1,0.3251998442668,0.997427599417093,0.312478850618463,0.980192015681122,0.00973736674332331,0.00605983660587683,2.21753908575496,0.0619551479887344,1,FALSE,FALSE,"weak_effect",0.242639914388463,0.246628263588808,0.983828499044238,FALSE,FALSE,1,0.0619551479887344,FALSE,TRUE,FALSE,FALSE,555.33165622466,449.222045303071,642.399708612053,927.388629912032,627.679105973549,459.756658384458,455.278927843035,547.461815409679,571.573905316462,673.291935905928,0.0501932600790769,0.121717180289064,0.0713387190714958,9,FALSE,0.00111861876382399,0.505179371505585
"RT0_ZT6_remainder_dataset","158835","Crmp1",105.958414961774,2.54515864797525e-05,"upregulated",1,0.999382968619765,0.999924968733917,0.999366533024972,0.993721015308095,7.00423550694146e-09,0.00605983660587683,2.21753908575496,0.0731342860757324,1,FALSE,FALSE,"weak_effect",-0.000260562652505034,0.336934074170433,-0.000773334229096795,FALSE,FALSE,1,0.0731342860757324,FALSE,TRUE,FALSE,FALSE,110.305602948734,133.432290684081,116.607207833871,70.0732080437263,99.7371460763054,107.132429278719,134.404151570683,70.3678425976452,155.519407617663,62.0048629663117,0.0943802691261464,0.185752659616419,0.126768119283595,10,FALSE,3.25868873631512e-05,0.000275198385472494
"RT0_ZT6_remainder_dataset","266931","Gpx8",58.728594663012,0.00223640759278953,"upregulated",1,0.875755317309265,0.997427599417093,0.872473823259732,0.992814360976349,0.000132501769668615,0.00605983660587683,2.21753908575496,0.0986454016420511,1,FALSE,FALSE,"weak_effect",0.05356439030383,0.342587753122141,0.156352320874509,FALSE,FALSE,1,0.0986454016420511,FALSE,TRUE,FALSE,FALSE,36.7685343162446,77.835502899047,63.6039315457478,75.2638160469653,43.8843442735744,50.9239349934719,56.9098659803794,81.6266974132684,55.3136037403028,45.1557154211183,0.0557771155681727,0.248501505039933,0.123744052980106,9,FALSE,0.00111861876382399,0.0592475942649355
"RT0_ZT6_remainder_dataset","222774","Isca1",148.022322271493,-0.0081311714145954,"downregulated",1,0.65955571399045,0.997427599417093,0.651081134372264,0.990394436835986,0.00151536485423043,0.00605983660587683,2.21753908575496,0.0286597326675995,1,FALSE,FALSE,"weak_effect",-0.112226020957701,0.254754214421363,-0.440526651198318,FALSE,FALSE,1,0.0286597326675995,FALSE,TRUE,FALSE,FALSE,159.752942201614,160.118748820897,157.949763338607,128.900098747101,103.726631919358,160.458436677543,185.25977648932,157.623967418725,157.92434691072,108.508510191045,0.0283702449507858,0.16357981298628,0.07105245522551,9,FALSE,0.00111861876382399,0.186364888521519
"RT0_ZT6_remainder_dataset","92578","Trim37",163.046048358776,-0.00310752222096089,"downregulated",1,0.829463030109821,0.997427599417093,0.824993110940079,0.992403948283774,0.000259632480899624,0.00605983660587683,2.21753908575496,0.0928851450915936,1,FALSE,FALSE,"weak_effect",-0.0714667616981927,0.331801204081297,-0.215390302443514,FALSE,FALSE,1,0.0928851450915936,FALSE,TRUE,FALSE,FALSE,95.0910370247705,153.447134286693,130.388059668783,274.237122837793,140.961833121178,165.262581488248,122.295669447198,202.659386681218,125.056843238945,221.060815792937,0.105214696912737,0.158433281031732,0.125981800603562,11,FALSE,0.00111861876382399,0.083549677987288
"RT0_ZT6_remainder_dataset","554134","Agap1",213.685486624918,0.00536642935858629,"upregulated",1,0.78058642047298,0.997427599417093,0.774897532712436,0.991916848097574,0.000594362757668822,0.00605983660587683,2.21753908575496,0.0184949260757344,1,FALSE,FALSE,"weak_effect",0.0680113974432062,0.244157956404108,0.278554909472783,FALSE,FALSE,1,0.0184949260757344,FALSE,TRUE,FALSE,FALSE,161.020822695278,171.238106377903,226.854022513167,231.847157478008,303.200924071968,198.891595163183,213.109285373336,187.178461309736,207.62642563389,235.888065632708,0.0306110763501518,0.146416778468378,0.0668584041778711,9,FALSE,0.00111861876382399,0.110755721906195
"RT0_ZT6_remainder_dataset","101115","Synj1",280.53976123461,0.00275389231404787,"upregulated",1,0.867453306809378,0.997427599417093,0.863956685001024,0.992744036839379,0.000174894277338277,0.00605983660587683,2.21753908575496,0.0480000395087856,1,FALSE,FALSE,"weak_effect",0.0492769885457776,0.295258866238646,0.166894187373696,FALSE,FALSE,1,0.0480000395087856,FALSE,TRUE,FALSE,FALSE,356.274418719473,214.60360085023,331.800509563651,330.468709539549,192.825149080857,346.859255332893,348.724285156367,268.805158723005,257.328504357061,157.70802102301,0.081650826061177,0.13719670802,0.101087612566827,10,FALSE,0.00111861876382399,0.0635080305958676
"RT0_ZT6_remainder_dataset","466420","Ccnk",158.059805037641,0.0147158262688556,"upregulated",1,0.476262043882166,0.997427599417093,0.464595084740921,0.986590515678832,0.00489927218796442,0.00605983660587683,2.21753908575496,0.0221067090953248,1,FALSE,FALSE,"weak_effect",0.162288295284272,0.227828227726761,0.712327427130354,FALSE,FALSE,1,0.0221067090953248,FALSE,TRUE,FALSE,FALSE,177.503269112905,159.006813065196,160.069894390132,160.043746766535,179.52686293735,194.087450352478,156.199419392956,130.88418723162,133.874953980153,129.401453147085,0.0149597410911657,0.160032898933536,0.055960436353937,9,FALSE,0.00111861876382399,0.332925389200413
"RT0_ZT6_remainder_dataset","276088","-",92.0949709105508,-0.00677826221522294,"downregulated",1,0.66948421404057,0.997427599417093,0.661222477006019,0.990540366256694,0.00121773101942337,0.00605983660587683,2.21753908575496,0.0822050814867601,1,FALSE,FALSE,"weak_effect",-0.128483715822894,0.301000139047641,-0.426856001560046,FALSE,FALSE,1,0.0822050814867601,FALSE,TRUE,FALSE,FALSE,73.5370686324892,98.9622822573598,95.4058973186217,103.81216006478,66.4914307175369,56.6889087663177,107.765490899016,108.366477600374,116.238732497738,93.6812603512753,0.0496006607191065,0.197498234381687,0.0977244389382115,9,FALSE,0.00111861876382399,0.179652391831129
"RT0_ZT6_remainder_dataset","234631","Apbb3",95.7958685576531,-0.00425956845311839,"downregulated",1,0.789209839790267,0.997427599417093,0.783732863902279,0.992007244336085,0.000450798400553716,0.00605983660587683,2.21753908575496,0.0601417987156357,1,FALSE,FALSE,"weak_effect",-0.079623169598444,0.297838395764956,-0.267336820002481,FALSE,FALSE,1,0.0601417987156357,FALSE,TRUE,FALSE,FALSE,93.8231565311069,104.521961035863,79.5049144321848,76.1289173808384,111.705603605462,75.4250735280668,105.343794474319,94.2929090808445,145.098004014417,72.1143514934277,0.0490704858392673,0.194030076278075,0.0959033847937867,9,FALSE,0.00111861876382399,0.105831941783608
"RT0_ZT6_remainder_dataset","261192","Cdh13",107.725800280459,0.0057731133584837,"upregulated",1,0.722511367370762,0.997427599417093,0.715437503667857,0.991250934681283,0.00083957404763489,0.00605983660587683,2.21753908575496,0.0682040153746456,1,FALSE,FALSE,"weak_effect",0.105376047673287,0.296746653899812,0.355104417483555,FALSE,FALSE,1,0.0682040153746456,FALSE,TRUE,FALSE,FALSE,115.377124923388,143.439712485387,120.847469936921,90.8356400566822,87.7686885471487,103.289113430155,138.036696207729,74.5899131535039,128.263428963021,74.8102151006587,0.0513818630870953,0.184472539953084,0.0963776454413391,9,FALSE,0.00111861876382399,0.145428297610183
"RT0_ZT6_remainder_dataset","106829","Tnk2",172.709423946868,0.00324705151200271,"upregulated",1,0.848584004461657,0.997427599417093,0.84460152197816,0.992578990794463,0.000238165189891472,0.00605983660587683,2.21753908575496,0.0436768321226706,1,FALSE,FALSE,"weak_effect",0.0552321370720924,0.289286412342111,0.190925445218542,FALSE,FALSE,1,0.0436768321226706,FALSE,TRUE,FALSE,FALSE,135.663212822006,144.551648241087,160.069894390132,151.392733427804,288.57280931411,151.330561537204,145.30178548182,211.103527792936,140.288125428304,198.819941033282,0.0630739886911885,0.155596165285374,0.0946337706984855,9,FALSE,0.00111861876382399,0.0733481403085525
"RT0_ZT6_remainder_dataset","217853","Vps41",148.858311827683,-0.00670253356263687,"downregulated",1,0.693763354853807,0.997427599417093,0.686035285055939,0.990879385677519,0.00109689338820904,0.00605983660587683,2.21753908575496,0.0496648632113992,1,FALSE,FALSE,"weak_effect",-0.109596764981494,0.278338819428054,-0.393753071191072,FALSE,FALSE,1,0.0496648632113992,FALSE,TRUE,FALSE,FALSE,136.93109331567,167.902299110801,150.52930465827,155.71824009717,102.396803305007,129.231495407962,162.253660454699,227.99181001637,145.098004014417,110.530407896469,0.0484164353506451,0.16326614148917,0.0861781821872861,9,FALSE,0.00111861876382399,0.163653546522116
"RT0_ZT6_remainder_dataset","83846","Fbxl16",1142.31319315166,-0.00601485700878321,"downregulated",1,0.807805231192063,0.997427599417093,0.802789996145569,0.99219550057849,0.000573805617939768,0.00605983660587683,2.21753908575496,0.000168835425389944,1,FALSE,FALSE,"weak_effect",-0.040818807704891,0.167800200433148,-0.243258396590255,FALSE,FALSE,1,0.000168835425389944,FALSE,TRUE,FALSE,FALSE,1180.39673960082,1191.99513011112,1152.2912265038,1016.49406730097,1089.12963515325,1092.46252995429,1065.54642686668,1270.84323731347,1309.89026828485,1054.0826704273,0.00682608685474328,0.114964223796921,0.0329264010289971,11,FALSE,0.00111861876382399,0.0953980480503305
"RT0_ZT6_remainder_dataset","453239","Sos1",47.8684364966248,0.000267687072880477,"upregulated",1,0.987104787317059,0.998507094133943,0.986761334223328,0.9936413156164,1.54933971124608e-06,0.00605983660587683,2.21753908575496,0.0629273654335548,1,FALSE,FALSE,"weak_effect",0.00524921253227482,0.324778148246913,0.0161624560045342,FALSE,FALSE,1,0.0629273654335548,FALSE,TRUE,FALSE,FALSE,32.9648928352538,44.4774302280269,57.243538391173,53.6362827001362,50.5334873453281,50.4435205124014,53.2773213433339,57.701630930069,35.2724429648308,43.1338177156951,0.0151867195877228,0.280439805841843,0.105595078459765,8,FALSE,0.000648845232656943,0.00578787647298108
"RT0_ZT6_remainder_dataset","549148","Gls",338.088740219212,-0.00986316670770292,"downregulated",1,0.672466997150656,0.997427599417093,0.664269831407564,0.990583353914523,0.00175224552802581,0.00605983660587683,2.21753908575496,0.00232632471846581,1,FALSE,FALSE,"weak_effect",-0.0809398747804035,0.191453753034598,-0.422764628519854,FALSE,FALSE,1,0.00232632471846581,FALSE,TRUE,FALSE,FALSE,315.702242922238,341.364277000106,338.160902718226,292.404250849129,355.064240031647,373.28205179177,363.254463704549,388.430491139001,282.981190149665,330.243291885791,0.00810409966553143,0.132180367607019,0.0410079207851842,7,FALSE,0.00111861876382399,0.177655471103144
"RT0_ZT6_remainder_dataset","447193","Actn1",107.213808906103,-0.00656850900334666,"downregulated",1,0.715800098757295,0.997427599417093,0.708571476011829,0.991166905460843,0.000982756239863495,0.00605983660587683,2.21753908575496,0.0290556701724078,1,FALSE,FALSE,"weak_effect",-0.0947731628390506,0.260310371250905,-0.364077552437209,FALSE,FALSE,1,0.0290556701724078,FALSE,TRUE,FALSE,FALSE,115.377124923388,71.163888364843,101.766290473196,95.1611467260481,135.642518663775,107.61284375979,124.717365871895,99.9223364886561,108.222268187549,112.552305601892,0.0169496011051792,0.184839033808583,0.0718889307530683,9,FALSE,0.00111861876382399,0.149616334447099
"RT0_ZT6_remainder_dataset","269656","Ralyl",82.3012671856557,-0.0063702129598856,"downregulated",1,0.736597476521832,0.997427599417093,0.729852228225438,0.991422248237043,0.000871222568795363,0.00605983660587683,2.21753908575496,0.0376697662281768,1,FALSE,FALSE,"weak_effect",-0.0915188635515772,0.272083975746201,-0.336362563434995,FALSE,FALSE,1,0.0376697662281768,FALSE,TRUE,FALSE,FALSE,101.430439493089,81.171310166149,74.2045868033724,59.6919920372483,82.4493740897458,80.7096328198422,105.343794474319,73.182556301551,78.5613502398504,86.2676354313902,0.0133964314628385,0.208180885185941,0.0765531217572013,8,FALSE,0.00111861876382399,0.136765061746226
"RT0_ZT6_remainder_dataset","227656","Tbce",94.6362081691645,-0.00127077764441508,"downregulated",1,0.92616876653495,0.997427599417093,0.924208004785577,0.993213860278168,4.34990673084697e-05,0.00605983660587683,2.21753908575496,0.0914686848113579,1,FALSE,FALSE,"weak_effect",-0.031891124619016,0.344150637591869,-0.0926661790957828,FALSE,FALSE,1,0.0914686848113579,FALSE,TRUE,FALSE,FALSE,59.5903832021895,53.3729162736322,80.5649799579472,110.732970735765,163.568919565141,88.8766789980405,92.0244641384859,109.773834452326,96.1975717222657,91.6593626458521,0.0936751640727191,0.195087627034484,0.131503275323872,9,FALSE,0.00111861876382399,0.0342302742731137
"RT0_ZT6_remainder_dataset","554257","Ramp1",92.2338155624339,-0.00491589853683148,"downregulated",1,0.75374553036703,0.997427599417093,0.747406902051686,0.991622029751308,0.000621580446968205,0.00605983660587683,2.21753908575496,0.0736947566815494,1,FALSE,FALSE,"weak_effect",-0.0957689764809147,0.305284099036021,-0.313704437221981,FALSE,FALSE,1,0.0736947566815494,FALSE,TRUE,FALSE,FALSE,57.0546222148623,128.984547661278,85.8653075867595,104.677261398653,69.1510879462384,90.317922441252,78.7051338026524,90.0708385249858,96.1975717222657,121.313862325392,0.0504898953000331,0.197363096354833,0.100925981250075,9,FALSE,0.00111861876382399,0.126442895904203
"RT0_ZT6_remainder_dataset","175905","Pip4p1",89.8267247786899,-0.00744483538393297,"downregulated",1,0.685761153151626,0.997427599417093,0.677855191989657,0.990770337501672,0.00125715778201801,0.00605983660587683,2.21753908575496,0.0274976878307821,1,FALSE,FALSE,"weak_effect",-0.103228986128624,0.255129449152575,-0.404614153605175,FALSE,FALSE,1,0.0274976878307821,FALSE,TRUE,FALSE,FALSE,92.5552760374433,75.6116313876457,102.826355998959,77.8591200485848,85.1090313184473,99.9262120626617,104.132946261971,70.3678425976452,96.1975717222657,93.6812603512753,0.00440179874960108,0.199765086591231,0.0668869757924878,8,FALSE,0.00111861876382399,0.168863073148822
"RT0_ZT6_remainder_dataset","478813","Tmem65",83.3797706190971,-0.00285902348216921,"downregulated",1,0.854358399354354,0.997427599417093,0.850524118978063,0.992630285913334,0.000201027565214208,0.00605983660587683,2.21753908575496,0.0593874931034199,1,FALSE,FALSE,"weak_effect",-0.0559418106498295,0.304759834101282,-0.183560313368717,FALSE,FALSE,1,0.0593874931034199,FALSE,TRUE,FALSE,FALSE,111.573483442397,97.8503465016591,76.3247178548974,56.2315867017557,67.8212593318877,107.61284375979,94.4461605631829,70.3678425976452,84.1728752569825,67.3965901807736,0.0458022140163482,0.206881527195081,0.0993799099175691,9,FALSE,0.00111861876382399,0.070313366248284
"RT0_ZT6_remainder_dataset","398413","M6pr",58.4706955352202,0.00523362525665413,"upregulated",1,0.749029034335811,0.997427599417093,0.74257787522735,0.991568006722189,0.000676487904771443,0.00605983660587683,2.21753908575496,0.062485917129323,1,FALSE,FALSE,"weak_effect",0.0944676782424345,0.295285386602842,0.319919923329945,FALSE,FALSE,1,0.062485917129323,FALSE,TRUE,FALSE,FALSE,71.001307645162,45.5893659837275,55.1234073396481,67.4779040421068,63.8317734888354,69.6600997552209,48.4339284939399,49.2574898183516,57.7185430333594,56.6131357518498,0.0121784534461889,0.249122426274718,0.0875771318923714,7,FALSE,0.00111861876382399,0.12925799452518
"RT0_ZT6_remainder_dataset","490584","Ppfia2",61.1918811835634,0.00132248679922012,"upregulated",1,0.928423690998793,0.997427599417093,0.926522472464985,0.993230697409283,4.38325587622466e-05,0.00605983660587683,2.21753908575496,0.0838383418002192,1,FALSE,FALSE,"weak_effect",0.030219707107662,0.33641648206978,0.0898282596671164,FALSE,FALSE,1,0.0838383418002192,FALSE,TRUE,FALSE,FALSE,74.8049491261528,50.0371090065302,79.5049144321848,46.7154720291509,58.5124590314325,60.5322246148816,82.3376784396979,37.9986350027284,72.9498252227182,48.525544930157,0.052769727317931,0.24283459883167,0.119411877285231,9,FALSE,0.00111861876382399,0.0331440425629163
"RT0_ZT6_remainder_dataset","482687","Shisal1",64.1001759037802,-0.00332415841510439,"downregulated",1,0.829696621086581,0.997427599417093,0.825232624287914,0.992406136199986,0.000277313299198275,0.00605983660587683,2.21753908575496,0.065540813625999,1,FALSE,FALSE,"weak_effect",-0.0660946987159566,0.307287601160425,-0.215090678785476,FALSE,FALSE,1,0.065540813625999,FALSE,TRUE,FALSE,FALSE,71.001307645162,62.2684023192376,54.0633418138856,58.8268907033752,66.4914307175369,51.8847639556128,44.8013838568944,92.8855522288916,67.338300205586,71.44038559162,0.026661491759931,0.236704606989013,0.097546261299797,6,FALSE,0.00111861876382399,0.0834236112028275
"RT0_ZT6_remainder_dataset","185134","Ube2e1",372.505399944153,-0.011990407536288,"downregulated",1,0.573190139579538,0.997427599417093,0.563017436406272,0.988908658283592,0.00299134475019036,0.00605983660587683,2.21753908575496,0.0143402612660625,1,FALSE,FALSE,"weak_effect",-0.123025586799286,0.218378489127117,-0.563359455828424,FALSE,FALSE,1,0.0143402612660625,FALSE,TRUE,FALSE,FALSE,286.540991567975,395.849129029439,323.319985357551,314.896885529832,462.780357794057,428.529717114876,425.007722534323,401.096702806577,365.55077254461,321.48173516229,0.0222319102911521,0.129921036167557,0.0545304499700268,9,FALSE,0.00111861876382399,0.249478155028284
"RT0_ZT6_remainder_dataset","312930","Kifbp",103.480701013397,0.00102558120835501,"upregulated",1,0.943911056152307,0.997427599417093,0.942419601812115,0.99334412482892,2.64145510316512e-05,0.00605983660587683,2.21753908575496,0.0900201025657497,1,FALSE,FALSE,"weak_effect",0.0242789600429028,0.345091861120815,0.0703550641966685,FALSE,FALSE,1,0.0900201025657497,FALSE,TRUE,FALSE,FALSE,79.8764711008072,76.7235671433463,114.487076782346,135.820909418087,113.035432219813,66.2971983877275,110.187187323713,139.328328343337,141.089771859323,57.9610675554653,0.103353028192278,0.187620891838509,0.13320996418674,10,FALSE,0.00111861876382399,0.025755689375412
"RT0_ZT6_remainder_dataset","95978","Psmc5",477.871110657056,-0.00612238035431749,"downregulated",1,0.731535781232255,0.997427599417093,0.72467186971523,0.991361459388367,0.00085626752531454,0.00605983660587683,2.21753908575496,0.0267352395729551,1,FALSE,FALSE,"weak_effect",-0.0880924961698022,0.256767064283101,-0.343083317230573,FALSE,FALSE,1,0.0267352395729551,FALSE,TRUE,FALSE,FALSE,282.737350086984,436.990751990364,412.365489521598,570.101779022415,614.380819830041,468.884533524797,394.73651722561,515.092607814763,476.177980025215,607.24327752877,0.0534242489573978,0.125027413722421,0.0770492196542428,10,FALSE,0.00111861876382399,0.139858596781022
"RT0_ZT6_remainder_dataset","438884","Prkce",57.9822018457848,-0.00490793642725286,"downregulated",1,0.763596798869656,0.997427599417093,0.757494837030175,0.991732680927817,0.000591996876632009,0.00605983660587683,2.21753908575496,0.0569661401675826,1,FALSE,FALSE,"weak_effect",-0.0879923958571961,0.292565906912325,-0.300760935496033,FALSE,FALSE,1,0.0569661401675826,FALSE,TRUE,FALSE,FALSE,46.9115782655534,60.0445308078363,64.6639970715103,65.7477013743605,43.8843442735744,64.855954944516,50.8556249186369,53.4795603742103,63.3300680504916,66.0486583771581,0.00362707709432414,0.250313669659493,0.0854164747709521,9,FALSE,0.00111861876382399,0.120620322900835
"RT0_ZT6_remainder_dataset","133188","Ralb",51.2530557926598,0.00342781399459406,"upregulated",1,0.830132634039891,0.997427599417093,0.825679693965392,0.99241021674,0.000285154347744123,0.00605983660587683,2.21753908575496,0.0555303927357941,1,FALSE,FALSE,"weak_effect",0.0641331986515504,0.298945421434516,0.214531463113907,FALSE,FALSE,1,0.0555303927357941,FALSE,TRUE,FALSE,FALSE,49.4473392528807,55.5967877850336,40.2824899789736,60.5570933711215,55.852801802731,49.9631060313309,59.3315624050764,46.4427761144458,42.4872608440007,52.5693403410034,1e-08,0.269034279619729,0.0877233439540113,8,FALSE,0.00111861876382399,0.0831883959263352
"RT0_ZT6_remainder_dataset","424631","Phf24",164.394203243227,-0.0165281402203317,"downregulated",1,0.393826236290885,0.997427599417093,0.381349777173897,0.983711023652184,0.00691994394915968,0.00605983660587683,2.21753908575496,0.0489593564969858,1,FALSE,FALSE,"weak_effect",-0.209983687928093,0.246257687412962,-0.852699016765966,FALSE,FALSE,1,0.0489593564969858,FALSE,TRUE,FALSE,FALSE,154.68142022696,144.551648241087,166.430287544707,162.639050768155,131.653032820723,142.683100877935,171.940446153487,250.509519647617,144.296357583399,174.557168568204,0.0258162063406569,0.15801744940235,0.0665706011305515,9,FALSE,0.00111861876382399,0.418676503037364
"RT0_ZT6_remainder_dataset","17123","Rps17",138.167831104862,0.00309291562157594,"upregulated",1,0.861805992793683,0.997427599417093,0.858163493130504,0.992695411912539,0.000205462275247453,0.00605983660587683,2.21753908575496,0.0267352395729551,1,FALSE,FALSE,"weak_effect",0.0467971048134384,0.268831965284402,0.17407567126153,FALSE,FALSE,1,0.0267352395729551,FALSE,TRUE,FALSE,FALSE,181.306910593896,166.790363355101,136.748452823358,116.788680072877,99.7371460763054,110.495330646213,113.819731960759,170.290179086301,143.49471115238,142.206805281432,0.0365974578713733,0.1675634022985,0.0794627045060688,9,FALSE,0.00111861876382399,0.0664299645985051
"RT0_ZT6_remainder_dataset","80919","Rbfox3",90.3630424933573,0.00175433598683626,"upregulated",1,0.91008718732743,0.997427599417093,0.90770279079582,0.993091317006628,7.37809319366896e-05,0.00605983660587683,2.21753908575496,0.0652173417383386,1,FALSE,FALSE,"weak_effect",0.0357971132760265,0.316988995403607,0.112928567852798,FALSE,FALSE,1,0.0652173417383386,FALSE,TRUE,FALSE,FALSE,125.520168872697,61.1564665635369,117.667273359633,95.1611467260481,57.1826304170818,83.5921197062651,102.922098049622,91.4781953769387,100.20580387736,68.7445219843891,0.0612226839834673,0.199218825535475,0.109473677364169,9,FALSE,0.00111861876382399,0.0420563292837336
"RT0_ZT6_remainder_dataset","236033","Cdo1",118.616198914363,0.00574674201474618,"upregulated",1,0.70715374818073,0.997427599417093,0.699727536698282,0.991056261433086,0.000891153230736195,0.00605983660587683,2.21753908575496,0.0974268989367637,1,FALSE,FALSE,"weak_effect",0.119444031815087,0.317939678766057,0.375681425730366,FALSE,FALSE,1,0.0974268989367637,FALSE,TRUE,FALSE,FALSE,126.788049366361,105.633896791564,117.667273359633,132.360504082594,135.642518663775,96.5633106951683,75.0725891656069,128.069473527714,76.9580573778126,191.406316113397,0.0790610145611302,0.177426346658616,0.112882971739076,10,FALSE,0.00111861876382399,0.155071034761868
"RT0_ZT6_remainder_dataset","250449","Fto",80.9929980307837,-0.00225845337601898,"downregulated",1,0.887110469331556,0.997427599417093,0.884124434121047,0.992908378731082,0.000120797007873585,0.00605983660587683,2.21753908575496,0.0497950571543624,1,FALSE,FALSE,"weak_effect",-0.042540387778864,0.299661583911396,-0.14196143270551,FALSE,FALSE,1,0.0497950571543624,FALSE,TRUE,FALSE,FALSE,76.0728296198164,86.7309889446524,89.0455041640469,98.6215520615407,47.8738301166266,88.39626451697,106.554642686668,64.7384151898336,77.7597038088315,74.1362491988509,0.0344977747981798,0.209803508130075,0.0953567327909454,8,FALSE,0.00111861876382399,0.0534866068771879
"RT0_ZT6_remainder_dataset","135187","Ppfia4",87.3854708340952,-0.00510351573498738,"downregulated",1,0.746605919661056,0.997427599417093,0.740097148558994,0.991539982687144,0.000667087018255467,0.00605983660587683,2.21753908575496,0.0710438436116778,1,FALSE,FALSE,"weak_effect",-0.0975613751263213,0.301937346167215,-0.323117946040007,FALSE,FALSE,1,0.0710438436116778,FALSE,TRUE,FALSE,FALSE,86.2158735691253,53.3729162736322,80.5649799579472,74.3987147130921,128.993375592022,107.132429278719,79.9159820150009,84.4414111171742,81.7679359639259,97.051089860314,0.0438552496160886,0.202336326914306,0.0978503477513267,9,FALSE,0.00111861876382399,0.130711269034055
"RT0_ZT6_remainder_dataset","513768","Cdv3",84.9860601964652,-0.00480450460008663,"downregulated",1,0.77834206152858,0.997427599417093,0.772598263079737,0.991892987476917,0.000538326831894779,0.00605983660587683,2.21753908575496,0.0379343139140634,1,FALSE,FALSE,"weak_effect",-0.0778199972674511,0.276466973089982,-0.281480266513147,FALSE,FALSE,1,0.0379343139140634,FALSE,TRUE,FALSE,FALSE,88.7516345564525,72.2758241205436,76.3247178548974,65.7477013743605,111.705603605462,109.054087203001,85.9702230767434,83.0340542652213,80.1646431018881,76.8321128060819,0.0225361058558704,0.205007439295985,0.0798530149899982,7,FALSE,0.00111861876382399,0.112046272551196
"RT0_ZT6_remainder_dataset","249847","Herpud1",115.67554430799,0.00807988452117081,"upregulated",1,0.669866396287809,0.997427599417093,0.661612916742318,0.990545895923457,0.00144949916227201,0.00605983660587683,2.21753908575496,0.024430925605478,1,FALSE,FALSE,"weak_effect",0.106313834992499,0.249369012826657,0.426331378495694,FALSE,FALSE,1,0.024430925605478,FALSE,TRUE,FALSE,FALSE,135.663212822006,111.193575570067,115.547142308109,138.416213419706,98.4073174619546,122.505692672975,139.247544420077,99.9223364886561,91.3876931361524,104.464714780199,0.014988226611112,0.179198221210274,0.0659685926230765,9,FALSE,0.00111861876382399,0.179396024593428
"RT0_ZT6_remainder_dataset","32473","Hivep2",199.718327761357,0.0129987490424265,"upregulated",1,0.518648129088144,0.997427599417093,0.507572205944522,0.987711970759189,0.00382815976622268,0.00605983660587683,2.21753908575496,0.0224678151419994,1,FALSE,FALSE,"weak_effect",0.15058752927711,0.233313250725108,0.645430676607966,FALSE,FALSE,1,0.0224678151419994,FALSE,TRUE,FALSE,FALSE,233.290010834104,202.372307537522,208.832908575205,161.773949434282,243.358636426185,145.565587764358,207.055044311593,226.584453164417,171.552336238041,196.798043327859,0.0226357175320806,0.149122540718274,0.0603026162252269,9,FALSE,0.00111861876382399,0.294502167379951
"RT0_ZT6_remainder_dataset","351098","Oip5-as1",514.784555300849,0.0456770375706048,"upregulated",1,0.0902866829513355,0.997427599417093,0.0820335774139063,0.928525376287296,0.0496056441513353,0.00605983660587683,2.21753908575496,0.0424881684130422,1,FALSE,FALSE,"weak_effect",0.34067327630492,0.20111919932592,1.69388739338032,FALSE,FALSE,1,0.0424881684130422,FALSE,TRUE,FALSE,FALSE,703.673673983302,470.348824661384,622.258463622566,588.268907033752,492.036587309773,458.795829422317,422.586026109626,453.168906328835,528.284998041443,408.423336495488,0.0166488793554319,0.123786839374529,0.0466050450474163,8,FALSE,0.00111861876382399,1.08600834882643
"RT0_ZT6_remainder_dataset","161416","Actr2",330.953257071057,-0.00380140578933148,"downregulated",1,0.844005584947047,0.997427599417093,0.839905914418139,0.99253781223167,0.000288030085774327,0.00605983660587683,2.21753908575496,0.0145587720495342,1,FALSE,FALSE,"weak_effect",-0.0469855261574013,0.238780978299131,-0.196772483688129,FALSE,FALSE,1,0.0145587720495342,FALSE,TRUE,FALSE,FALSE,325.845286871547,366.938799381222,331.800509563651,331.333810873422,271.285037327551,393.459459996731,337.826651245231,363.098067803849,382.385347596006,205.559600051359,0.0356453325991591,0.13270759810672,0.065402867060561,9,FALSE,0.00111861876382399,0.0757693605304317
"RT0_ZT6_remainder_dataset","4595","Tcp1",84.3937858897192,-0.00785051291902706,"downregulated",1,0.622749079162147,0.997427599417093,0.613515284226354,0.989812275306662,0.00166567954375842,0.00605983660587683,2.21753908575496,0.088012981601842,1,FALSE,FALSE,"weak_effect",-0.147496557827412,0.299815383817485,-0.491957937412583,FALSE,FALSE,1,0.088012981601842,FALSE,TRUE,FALSE,FALSE,64.6619051768439,82.2832459218497,65.7240625972727,65.7477013743605,122.344232520268,94.1612382898159,90.8136159261374,95.7002659327974,97.8008645843035,64.7007265735426,0.0403563022487846,0.205690153965212,0.0958377730292552,9,FALSE,0.00111861876382399,0.212174613421929
"RT0_ZT6_remainder_dataset","150710","Sccpdh",52.6136569195877,-0.00200707860678082,"downregulated",1,0.886203340711636,0.997427599417093,0.883193653260383,0.992900958063649,0.000108269969788251,0.00605983660587683,2.21753908575496,0.0928851450915936,1,FALSE,FALSE,"weak_effect",-0.048643653045701,0.339904041587212,-0.143109957794427,FALSE,FALSE,1,0.0928851450915936,FALSE,TRUE,FALSE,FALSE,32.9648928352538,41.1416229609248,59.3636694426979,73.5336133792189,50.5334873453281,54.7672508420358,67.8074998915159,53.4795603742103,52.1070180162273,40.4379541084642,0.0435700344081328,0.264862829243091,0.119525378606627,8,FALSE,0.00111861876382399,0.0539440604979125
"RT0_ZT6_remainder_dataset","346112","Dync1i2",100.922102543695,-0.0183781807051709,"downregulated",1,0.333393533354876,0.997427599417093,0.320677459174027,0.980688657348532,0.00907756357794935,0.00605983660587683,2.21753908575496,0.0727467924584867,1,FALSE,FALSE,"weak_effect",-0.24556976040482,0.2538710646436,-0.967301101248248,FALSE,FALSE,1,0.0727467924584867,FALSE,TRUE,FALSE,FALSE,120.448646898043,85.6190531889517,91.1656352155719,95.1611467260481,69.1510879462384,108.09325824086,100.500401624925,116.810618712091,121.85025751487,100.420919369353,0.00808678502881716,0.189646385981165,0.0672179782587191,7,FALSE,0.00111861876382399,0.493931566109548
"RT0_ZT6_remainder_dataset","528636","Anapc13",149.674443368336,-0.00500743102618249,"downregulated",1,0.78094298599504,0.997427599417093,0.775262831335318,0.991920626052164,0.000553576692878179,0.00605983660587683,2.21753908575496,0.0228285783098527,1,FALSE,FALSE,"weak_effect",-0.0710730972482479,0.255575540446911,-0.278090372513607,FALSE,FALSE,1,0.0228285783098527,FALSE,TRUE,FALSE,FALSE,144.538376277651,181.245528179209,130.388059668783,104.677261398653,168.888234022544,128.270666445821,151.356026543562,182.956390753877,129.866721825059,174.557168568204,0.0300612333770442,0.162963301007197,0.0716395551025752,9,FALSE,0.00111861876382399,0.110551037045479
"RT0_ZT6_remainder_dataset","242644","Srp19",77.5753717459235,0.0110075297725436,"upregulated",1,0.520439250756313,0.997427599417093,0.509390564217647,0.987755297913385,0.00322464598439796,0.00605983660587683,2.21753908575496,0.0791304409522815,1,FALSE,FALSE,"weak_effect",0.180535544713912,0.280915520180597,0.642668459890889,FALSE,FALSE,1,0.0791304409522815,FALSE,TRUE,FALSE,FALSE,74.8049491261528,108.969704058666,86.925373112522,66.6128027082336,74.4704024036413,78.3075604144897,60.5424106174249,91.4781953769387,68.9415930676238,64.7007265735426,0.0184160927609475,0.214300558358844,0.081783280582052,9,FALSE,0.00111861876382399,0.292949104025255
"RT0_ZT6_remainder_dataset","85889","Cdkn2aipnl",93.8496668711263,-0.00884904637765181,"downregulated",1,0.621711839518165,0.997427599417093,0.612457370305072,0.989794857363854,0.00188417554283733,0.00605983660587683,2.21753908575496,0.0416016997178799,1,FALSE,FALSE,"weak_effect",-0.130372413446848,0.264218945557028,-0.493425682144012,FALSE,FALSE,1,0.0416016997178799,FALSE,TRUE,FALSE,FALSE,79.8764711008072,92.2906677231557,97.5260283701466,102.081957397033,75.8002310179921,85.0333631494766,122.295669447198,73.182556301551,106.618975325511,103.790748878391,0.0148167554715942,0.195819786989843,0.073008546320687,8,FALSE,0.00111861876382399,0.212924134694988
"RT0_ZT6_remainder_dataset","552492","Tmem198",43.7962954699334,0.00455691578952171,"upregulated",1,0.760593713240402,0.997427599417093,0.75441937662259,0.991699258192188,0.000557708007547104,0.00605983660587683,2.21753908575496,0.0973913951825863,1,FALSE,FALSE,"weak_effect",0.0990811842906408,0.325174875430116,0.304701229329554,FALSE,FALSE,1,0.0973913951825863,FALSE,TRUE,FALSE,FALSE,40.5721757972354,31.1342011596188,57.243538391173,49.3107760307704,47.8738301166266,35.5506715992162,43.5905356445459,42.2207055585871,43.2889072750196,47.1776131265415,0.00962452935354324,0.296498517424479,0.104056928487251,7,FALSE,0.00111861876382399,0.122387165641619
"RT0_ZT6_remainder_dataset","25257","Scyl1",163.502982313696,-0.0011039535839187,"downregulated",1,0.885250623961723,0.997427599417093,0.882216104510041,0.992893147799924,6.00826943485707e-05,0.00605983660587683,2.21753908575496,0.0221067090953248,1,FALSE,FALSE,"weak_effect",0.0378688476612512,0.262401543681217,0.144316405803073,FALSE,FALSE,1,0.0221067090953248,FALSE,TRUE,FALSE,FALSE,110.305602948734,163.454556087999,163.250090967419,150.527632093931,240.698979197484,145.565587764358,150.145178331214,182.956390753877,147.502943307474,180.622861684473,0.0369204677537699,0.158291573810058,0.0764939939430678,9,FALSE,0.00111861876382399,0.0544250186092926
"RT0_ZT6_remainder_dataset","339669","Eef1a2",293.298776933483,0.00582125861365515,"upregulated",1,0.745829575610735,0.997427599417093,0.739302375358965,0.991530964927701,0.000763620471119359,0.00605983660587683,2.21753908575496,0.0315983306636687,1,FALSE,FALSE,"weak_effect",0.0861275240066842,0.265708204518488,0.324143261450143,FALSE,FALSE,1,0.0315983306636687,FALSE,TRUE,FALSE,FALSE,294.148274529957,259.081031078256,298.938478265015,443.796984276933,214.102406910469,319.475629911875,249.434731743791,277.249299834722,214.84124351306,361.919689270754,0.0531653787181145,0.135914711033007,0.081342736634039,9,FALSE,0.00111861876382399,0.131177898423565
"RT0_ZT6_remainder_dataset","299364","Plrg1",71.6440846114636,0.00182641852460451,"upregulated",1,0.899771536222723,0.997427599417093,0.897116447139757,0.993010361533587,8.61177907704218e-05,0.00605983660587683,2.21753908575496,0.0905712411756639,1,FALSE,FALSE,"weak_effect",0.04271462797549,0.339139674429605,0.125949958663289,FALSE,FALSE,1,0.0905712411756639,FALSE,TRUE,FALSE,FALSE,120.448646898043,71.163888364843,76.3247178548974,42.389965359785,53.1931445740295,70.6209287173619,72.6508927409099,84.4414111171742,62.5284216194727,62.6788288681194,0.0708135165782809,0.223123618772078,0.123981385311198,9,FALSE,0.00111861876382399,0.0471511811834417
"RT0_ZT6_remainder_dataset","27809","Ak3",49.294551383425,-0.000754311222150685,"downregulated",1,0.955961013127631,0.997427599417093,0.954789205621246,0.993429787307335,1.51559978977059e-05,0.00605983660587683,2.21753908575496,0.0915741151701805,1,FALSE,FALSE,"weak_effect",-0.0192746200618629,0.349034116381454,-0.0552227394321475,FALSE,FALSE,1,0.0915741151701805,FALSE,TRUE,FALSE,FALSE,39.3042953035718,46.7013017394282,57.243538391173,64.0174987066141,37.2352012018207,35.5506715992162,54.4881695556824,35.1839212988226,58.5201894643783,64.7007265735426,0.0495103248433434,0.275443133631997,0.125871118824536,9,FALSE,0.00111861876382399,0.0200924995580647
"RT0_ZT6_remainder_dataset","234406","-",79.7480356943748,0.00550346315449304,"upregulated",1,0.727911161553768,0.997427599417093,0.720962672528533,0.991317401847672,0.000781971780389947,0.00605983660587683,2.21753908575496,0.0780653231933037,1,FALSE,FALSE,"weak_effect",0.106314565258242,0.305584614457063,0.347905490749699,FALSE,FALSE,1,0.0780653231933037,FALSE,TRUE,FALSE,FALSE,86.2158735691253,112.305511325768,89.0455041640469,76.9940187147116,47.8738301166266,78.7879748955602,71.4400445285614,98.5149796367032,72.9498252227182,63.3527947699272,0.0399224454816159,0.211397049163736,0.0994892057047444,9,FALSE,0.00111861876382399,0.142087220071882
"RT0_ZT6_remainder_dataset","292975","Tpd52",125.978064160529,0.00417204031147558,"upregulated",1,0.785929179696248,0.997427599417093,0.780371413071902,0.991973091887996,0.000449323102046025,0.00605983660587683,2.21753908575496,0.0827826229092029,1,FALSE,FALSE,"weak_effect",0.0858666889049012,0.316150649237544,0.271600545853645,FALSE,FALSE,1,0.0827826229092029,FALSE,TRUE,FALSE,FALSE,154.68142022696,103.410025280162,131.448125194545,169.55986143914,87.7686885471487,118.18196234334,141.669240844774,156.216610566772,131.470014687097,65.3746924753504,0.0790632467963391,0.173353261989423,0.111998542419106,10,FALSE,0.00111861876382399,0.107698648263326
"RT0_ZT6_remainder_dataset","567027","Bcap31",78.7341917432976,-0.00313390446362773,"downregulated",1,0.849874794694109,0.997427599417093,0.845925402440297,0.992590518683806,0.000227734360658006,0.00605983660587683,2.21753908575496,0.0385361816937469,1,FALSE,FALSE,"weak_effect",-0.0538948269758547,0.284738718885374,-0.18927818171982,FALSE,FALSE,1,0.0385361816937469,FALSE,TRUE,FALSE,FALSE,91.2873955437797,85.6190531889517,69.9643247003226,80.4544240502043,58.5124590314325,76.3859024902078,75.0725891656069,85.8487679691271,104.214036032455,59.9829652608885,0.0240361584859076,0.212731990723751,0.0844984730417079,7,FALSE,0.00111861876382399,0.0726679333403758
"RT0_ZT6_remainder_dataset","574119","Armcx3",102.088806300805,0.00148709205538135,"upregulated",1,0.937054254394158,0.997427599417093,0.935381218686734,0.993294377770757,4.31425547082226e-05,0.00605983660587683,2.21753908575496,0.0178125753543485,1,FALSE,FALSE,"weak_effect",0.0201273604709087,0.254864451274366,0.0789728044467103,FALSE,FALSE,1,0.0178125753543485,FALSE,TRUE,FALSE,FALSE,103.966200480416,88.9548604560537,96.4659628443842,111.598072069638,113.035432219813,111.456159608353,73.8617409532584,126.662116675761,93.7926324292091,101.09488527116,0.0110669118658962,0.188710181558092,0.0681163759010695,8,FALSE,0.00111861876382399,0.0290113544431244
"RT0_ZT6_remainder_dataset","8755","Ccdc97",71.9077994846097,-0.000183622877392402,"downregulated",1,0.987275741386964,0.998558646893495,0.986936840701777,0.993642439189137,1.04860400854403e-06,0.00605983660587683,2.21753908575496,0.0973913951825863,1,FALSE,FALSE,"weak_effect",-0.00572435985671816,0.358935234039627,-0.0159481692345817,FALSE,FALSE,1,0.0973913951825863,FALSE,TRUE,FALSE,FALSE,39.3042953035718,75.6116313876457,73.14452127761,79.5893227163311,91.7581743902009,63.8951259823751,65.3858034668189,56.2942740781161,52.1070180162273,121.9878282272,0.0955094861049044,0.222700411818418,0.14066964532644,9,FALSE,0.000626423257711001,0.00571063923752356
"RT0_ZT6_remainder_dataset","397520","Syn2",1213.39901221206,-0.0115372343294203,"downregulated",1,0.586865704651113,0.997427599417093,0.576941701980247,0.989173445431314,0.00275587688154137,0.00605983660587683,2.21753908575496,0.0116609032717164,1,FALSE,FALSE,"weak_effect",-0.117137261301053,0.21557010198185,-0.543383615001096,FALSE,FALSE,1,0.0116609032717164,FALSE,TRUE,FALSE,FALSE,921.749118893442,1561.15780100374,1030.38369104111,1058.88403266075,1248.70906887534,1451.81256179502,1261.70383726713,1321.50808398378,1282.63428963021,995.447636970026,0.0284220464373539,0.114540221070023,0.0549717176568824,9,FALSE,0.00111861876382399,0.238868068624887
"RT0_ZT6_remainder_dataset","482871","Wnt7b",153.493708241986,-0.00456395820764034,"downregulated",1,0.7795491907323,0.997427599417093,0.773834913380826,0.991905838268433,0.000508204413671951,0.00605983660587683,2.21753908575496,0.050421339318725,1,FALSE,FALSE,"weak_effect",-0.0808491808270406,0.288843460949397,-0.279906564480629,FALSE,FALSE,1,0.050421339318725,FALSE,TRUE,FALSE,FALSE,96.3589175184341,134.544226439781,148.409173606745,202.43371212632,163.568919565141,132.113982294385,125.928214084244,180.141677049972,133.073307549134,218.364952185706,0.0590995794748811,0.161588891798617,0.0935701678255521,9,FALSE,0.00111861876382399,0.111351679956487
"RT0_ZT6_remainder_dataset","385733","LOC685467",133.279073621404,0.000468486671293617,"upregulated",1,0.978402625799247,0.997432052911029,0.97782749206199,0.993583592773513,4.56200913550398e-06,0.00605983660587683,2.21753908575496,0.0388158464736594,1,FALSE,FALSE,"weak_effect",0.00809290117863575,0.298944316690091,0.0270716007189576,FALSE,FALSE,1,0.0388158464736594,FALSE,TRUE,FALSE,FALSE,182.574791087559,160.118748820897,133.56825624607,109.867869401892,82.4493740897458,121.544863710834,121.08482123485,135.106257787479,101.809096739398,184.66665709532,0.0632567442426859,0.169758248511083,0.099724457856536,9,FALSE,0.00111667965212826,0.00973775651483754
"RT0_ZT6_remainder_dataset","233076","Ino80c",171.07625074935,-0.0207252095393848,"downregulated",1,0.34267072451746,0.997427599417093,0.329968685864475,0.981222213548053,0.00997975362882902,0.00605983660587683,2.21753908575496,0.0221067090953248,1,FALSE,FALSE,"weak_effect",-0.204237216184264,0.215235429231766,-0.948901474600357,FALSE,FALSE,1,0.0221067090953248,FALSE,TRUE,FALSE,FALSE,171.163866644587,156.782941553795,173.850746225044,138.416213419706,154.260119264686,148.448074650781,197.368258612805,181.549033901925,207.62642563389,181.296827586281,0.00936233984995017,0.156053149282679,0.049635951452771,7,FALSE,0.00111861876382399,0.481527272854066
"RT0_ZT6_remainder_dataset","556272","Dlgap1",209.345093863208,-0.0123591141000841,"downregulated",1,0.515760284273766,0.997427599417093,0.504640816559921,0.987641473425561,0.00367087472475128,0.00605983660587683,2.21753908575496,0.0351398076711777,1,FALSE,FALSE,"weak_effect",-0.161583631817797,0.248630506018436,-0.649894634433215,FALSE,FALSE,1,0.0351398076711777,FALSE,TRUE,FALSE,FALSE,219.343325403804,130.096483416979,207.772843049443,196.378002789208,235.379664740081,182.077088325715,215.530981798033,191.400531865595,240.493929305664,274.978087937556,0.033483069660556,0.14721894719154,0.0693513283921991,9,FALSE,0.00111861876382399,0.297017625618191
"RT0_ZT6_remainder_dataset","310061","Pttg1ip",122.786315236588,-0.00319471141190038,"downregulated",1,0.868139161890276,0.997427599417093,0.86466028249844,0.992749898405873,0.000201760368470047,0.00605983660587683,2.21753908575496,0.0134899216120606,1,FALSE,FALSE,"weak_effect",-0.0394213549652764,0.237445709800458,-0.16602260364445,FALSE,FALSE,1,0.0134899216120606,FALSE,TRUE,FALSE,FALSE,93.8231565311069,122.312933127074,124.027666514208,126.304794745482,138.302175892477,104.730356873367,123.506517659547,130.88418723162,146.701296876455,117.270066914546,0.0104709159244125,0.175059180694787,0.0594552407069676,7,FALSE,0.00111861876382399,0.0631544895474704
"RT0_ZT6_remainder_dataset","321535","Nacc2",72.2035866995698,-0.0106942746724156,"downregulated",1,0.522101004017517,0.997427599417093,0.511077742569256,0.987795226981356,0.00311752043643737,0.00605983660587683,2.21753908575496,0.0900201025657497,1,FALSE,FALSE,"weak_effect",-0.184532352811845,0.288282194432661,-0.640110129503506,FALSE,FALSE,1,0.0900201025657497,FALSE,TRUE,FALSE,FALSE,67.1976661641712,53.3729162736322,61.4838004942229,76.1289173808384,81.119545475395,84.5529486684061,59.3315624050764,61.9237014859278,82.5695823949448,94.355226253083,0.0193644079957702,0.222229413739694,0.0857111592836437,9,FALSE,0.00111861876382399,0.291513032153418
"RT0_ZT6_remainder_dataset","411626","Jak1",56.9876325177471,-0.00579332132634247,"downregulated",1,0.721171655532576,0.997427599417093,0.714066803364365,0.991234287464286,0.000847337877779062,0.00605983660587683,2.21753908575496,0.0652173417383386,1,FALSE,FALSE,"weak_effect",-0.104951036409365,0.294068352032268,-0.356893340218567,FALSE,FALSE,1,0.0652173417383386,FALSE,TRUE,FALSE,FALSE,72.2691881388256,48.9251732508295,51.9432107623607,47.580573363024,54.5229731883803,59.5713956527407,53.2773213433339,60.5163446339748,50.5037251541895,70.7664196898123,0.00734815579646524,0.252802150210517,0.0860620607373936,7,FALSE,0.00111861876382399,0.146261156605656
"RT0_ZT6_remainder_dataset","80316","Wbp2",339.645405025123,0.00361038595573005,"upregulated",1,0.873092498537268,0.997427599417093,0.869741918588867,0.992791953198857,0.0002188240410793,0.00605983660587683,2.21753908575496,0.00486341230538356,1,FALSE,FALSE,"weak_effect",0.0348496414113362,0.218176234301604,0.159731611111962,FALSE,FALSE,1,0.00486341230538356,FALSE,TRUE,FALSE,FALSE,409.525399453345,364.71492786982,350.881689027375,348.635837550885,243.358636426185,324.27977472258,352.356829793413,387.023134287048,340.699733183024,274.978087937556,0.0212267012831855,0.132068291467365,0.0541819825800628,9,FALSE,0.00111861876382399,0.0606095979107175
"RT0_ZT6_remainder_dataset","82978","Pam16",143.033658112145,-0.00543230555860339,"downregulated",1,0.725397134996391,0.997427599417093,0.718390180381426,0.991286581140512,0.000780294266164238,0.00605983660587683,2.21753908575496,0.08343821673047,1,FALSE,FALSE,"weak_effect",-0.108506727883085,0.308911651898756,-0.351254888626368,FALSE,FALSE,1,0.08343821673047,FALSE,TRUE,FALSE,FALSE,155.949300720624,125.648740394176,155.829632287082,73.5336133792189,178.197034322999,115.299475456917,131.982455145986,154.809253714819,127.461782532002,211.625293167629,0.0768564881632148,0.165527832559289,0.107465512404173,10,FALSE,0.00111861876382399,0.143639612637115
"RT0_ZT6_remainder_dataset","22548","Mcmbp",42.5047984328805,0.0016276590293571,"upregulated",1,0.909726798071613,0.997427599417093,0.907332929854675,0.993088520247755,6.87414559941887e-05,0.00605983660587683,2.21753908575496,0.0928851450915936,1,FALSE,FALSE,"weak_effect",0.038934247490221,0.34338653987799,0.1133831497998,FALSE,FALSE,1,0.0928851450915936,FALSE,TRUE,FALSE,FALSE,62.1261441895167,37.8058156938228,40.2824899789736,40.6597626920387,34.5755439731192,40.3548164099211,52.0664731309854,33.7765644468697,49.7020787231706,33.6982950903868,0.0214082684178331,0.302234298725101,0.117902573894917,9,FALSE,0.00111861876382399,0.0422333269771743
"RT0_ZT6_remainder_dataset","550281","Bmpr2",177.800152504122,0.00120448290639292,"upregulated",1,0.937462629210863,0.997427599417093,0.935800401094968,0.993297361354186,3.47093104960466e-05,0.00605983660587683,2.21753908575496,0.0696908291409894,1,FALSE,FALSE,"weak_effect",0.0254854331139554,0.324823219944338,0.0784593943694132,FALSE,FALSE,1,0.0696908291409894,FALSE,TRUE,FALSE,FALSE,299.219796504611,152.335198530992,208.832908575205,138.416213419706,98.4073174619546,218.588588887073,171.940446153487,180.141677049972,186.783618427399,123.335760030816,0.10204236093223,0.154225579310039,0.121012469031018,10,FALSE,0.00111861876382399,0.0288167730001175
"RT0_ZT6_remainder_dataset","336503","Ahcy",82.2432277409236,0.0101317818928783,"upregulated",1,0.543077855290547,0.997427599417093,0.532388087439974,0.988278031134257,0.00277379485633453,0.00605983660587683,2.21753908575496,0.0880891379262015,1,FALSE,FALSE,"weak_effect",0.176233188111661,0.289778440179498,0.608165286563406,FALSE,FALSE,1,0.0880891379262015,FALSE,TRUE,FALSE,FALSE,86.2158735691253,98.9622822573598,76.3247178548974,103.81216006478,70.4809165605891,59.0909811716702,83.5485266520464,71.7751994495981,65.7350073435483,106.486612485622,0.0334936369778604,0.208251776183562,0.0886044391502725,9,FALSE,0.00111861876382399,0.273771670734863
"RT0_ZT6_remainder_dataset","21839","Sh2b1",139.706454392043,0.006601966987998,"upregulated",1,0.72200519047945,0.997427599417093,0.714919613016028,0.991244652313222,0.000962189077686104,0.00605983660587683,2.21753908575496,0.0267452431083926,1,FALSE,FALSE,"weak_effect",0.0914500517313693,0.257040880638264,0.355780183697969,FALSE,FALSE,1,0.0267452431083926,FALSE,TRUE,FALSE,FALSE,152.145659239633,88.9548604560537,166.430287544707,149.662530760057,163.568919565141,155.654291866838,138.036696207729,142.143042047243,121.85025751487,118.617998718162,0.0276361706533167,0.16690440535881,0.0721153028804633,9,FALSE,0.00111861876382399,0.145742788389477
"RT0_ZT6_remainder_dataset","538390","Sf3b1",137.397734946866,0.0117780577852188,"upregulated",1,0.541436172180599,0.997427599417093,0.53071948546312,0.988241610171635,0.00324055553860498,0.00605983660587683,2.21753908575496,0.0308361166345305,1,FALSE,FALSE,"weak_effect",0.150281663184329,0.246104100297135,0.610642663014901,FALSE,FALSE,1,0.0308361166345305,FALSE,TRUE,FALSE,FALSE,135.663212822006,117.865190104271,156.889697812845,159.178645432662,151.600462035984,128.270666445821,122.295669447198,168.882822234348,136.27989327321,97.051089860314,0.0196308211820406,0.167898779047711,0.0653839847185145,7,FALSE,0.00111861876382399,0.275134966876439
"RT0_ZT6_remainder_dataset","369739","Cycs",131.616567393352,0.00586633793742733,"upregulated",1,0.737596019760296,0.997427599417093,0.730874255706633,0.991434140301451,0.000798744942249308,0.00605983660587683,2.21753908575496,0.0376697662281768,1,FALSE,FALSE,"weak_effect",0.0911836497444969,0.272158695110124,0.335038532234295,FALSE,FALSE,1,0.0376697662281768,FALSE,TRUE,FALSE,FALSE,112.841363936061,167.902299110801,133.56825624607,146.202125424565,115.695089448514,100.887041024803,136.82584799538,184.36374760583,115.437086066719,102.442817074776,0.0371792641275061,0.170541795891694,0.0812578920809485,9,FALSE,0.00111861876382399,0.136157335422718
"RT0_ZT6_remainder_dataset","512675","Atp1b3",80.9080396644021,0.000183427957713598,"upregulated",1,0.993010090498939,0.999421772888248,0.992823908255706,0.993679898848168,5.73721033822908e-07,0.00605983660587683,2.21753908575496,0.0221798239330358,1,FALSE,FALSE,"weak_effect",0.00238863018521215,0.272653997518594,0.00876066445733759,FALSE,FALSE,1,0.0221798239330358,FALSE,TRUE,FALSE,FALSE,87.4837540627888,66.7161453420403,77.3847833806598,70.9383093775995,103.726631919358,85.0333631494766,71.4400445285614,74.5899131535039,71.3465323606804,100.420919369353,0.0154148267743286,0.209910694979783,0.0768059047594867,8,FALSE,0.000251193474359989,0.00312777311034944
"RT0_ZT6_remainder_dataset","277062","Mtx1",103.383505457826,-0.013312822451144,"downregulated",1,0.45647103172619,0.997427599417093,0.444565878410736,0.985994833880045,0.00468696384057515,0.00605983660587683,2.21753908575496,0.0725279794800358,1,FALSE,FALSE,"weak_effect",-0.200246729382741,0.268906545259996,-0.744670343331097,FALSE,FALSE,1,0.0725279794800358,FALSE,TRUE,FALSE,FALSE,88.7516345564525,112.305511325768,83.7451765352346,86.5101333873164,111.705603605462,141.722271915794,107.765490899016,77.4046268574097,102.610743170417,121.313862325392,0.0253611023891441,0.187696004006654,0.0769600395443747,7,FALSE,0.00111861876382399,0.352063873590713
"RT0_ZT6_remainder_dataset","485060","Pou6f1",66.2162718632501,-0.00105468375508936,"downregulated",1,0.94219671467878,0.997427599417093,0.940659838563018,0.993331756212263,2.80202028388754e-05,0.00605983660587683,2.21753908575496,0.0664592157468182,1,FALSE,FALSE,"weak_effect",-0.0233652947951084,0.322239207386486,-0.0725091617019917,FALSE,FALSE,1,0.0664592157468182,FALSE,TRUE,FALSE,FALSE,88.7516345564525,71.163888364843,80.5649799579472,43.2550666936582,45.2141728879251,73.0230011227144,62.9641070421219,61.9237014859278,79.3629966708692,55.9391698500421,0.0451947211757618,0.232582816440596,0.109425416852859,9,FALSE,0.00111861876382399,0.0265673977660738
"RT0_ZT6_remainder_dataset","93667","Samd14",132.483183514463,0.0159476604352723,"upregulated",1,0.370743095603681,0.997427599417093,0.358135210988315,0.982673455654641,0.00711190666491995,0.00605983660587683,2.21753908575496,0.0976194790319517,1,FALSE,FALSE,"weak_effect",0.244339083114562,0.272979460584064,0.895082298835877,FALSE,FALSE,1,0.0976194790319517,FALSE,TRUE,FALSE,FALSE,125.520168872697,163.454556087999,127.207863091496,192.052496119842,109.045946376761,120.584034748693,90.8136159261374,156.216610566772,105.817328894492,134.119214459739,0.0396360230735201,0.170130901743896,0.0818704531071843,9,FALSE,0.00111861876382399,0.445952978105188
"RT0_ZT6_remainder_dataset","108817","Ppm1f",122.691073826322,0.0136237126775323,"upregulated",1,0.46594912959353,0.997427599417093,0.454154869730958,0.986286482748485,0.00467015454717387,0.00605983660587683,2.21753908575496,0.0509662772023359,1,FALSE,FALSE,"weak_effect",0.186667421805013,0.256029400967098,0.7290858827147,FALSE,FALSE,1,0.0509662772023359,FALSE,TRUE,FALSE,FALSE,109.03772245507,141.215840973985,132.508190720308,157.448442764916,111.705603605462,119.623205786552,100.500401624925,144.957755751149,86.5778145500392,123.335760030816,0.0220467250966137,0.175111448876354,0.0705049712440341,7,FALSE,0.00111861876382399,0.342796024675104
"RT0_ZT6_remainder_dataset","335883","Apmap",59.8899195128287,-0.00379557031011899,"downregulated",1,0.803814382070589,0.997427599417093,0.79869952266307,0.992155844012504,0.000370510574302387,0.00605983660587683,2.21753908575496,0.0759608841374065,1,FALSE,FALSE,"weak_effect",-0.0778691633660118,0.313465733061942,-0.24841363872658,FALSE,FALSE,1,0.0759608841374065,FALSE,TRUE,FALSE,FALSE,68.4655466578348,58.9325950521356,69.9643247003226,51.9060800323899,41.2246870448729,59.5713956527407,67.8074998915159,71.7751994495981,68.1399466366049,41.1119200102719,0.0286774770775582,0.245771742380336,0.101041648753902,7,FALSE,0.00111861876382399,0.0976165751203727
"RT0_ZT6_remainder_dataset","440779","Dpysl5",59.8575327338926,-0.00115731007157375,"downregulated",1,0.932346634491066,0.997427599417093,0.930549079948038,0.993259791634407,3.61783413976188e-05,0.00605983660587683,2.21753908575496,0.0914686848113579,1,FALSE,FALSE,"weak_effect",-0.0292747151158872,0.3448434164402,-0.0848927766059404,FALSE,FALSE,1,0.0914686848113579,FALSE,TRUE,FALSE,FALSE,43.1079367845626,46.7013017394282,48.7630141850733,72.6685120453458,83.7792027040965,45.158961220626,64.1749552544704,85.8487679691271,45.6938465680762,62.6788288681194,0.0619933393848993,0.245846433629613,0.125830384974383,9,FALSE,0.00111861876382399,0.0312607159362421
"RT0_ZT6_remainder_dataset","163872","Mapk10",101.08070324302,0.014219245800934,"upregulated",1,0.465259303370706,0.997427599417093,0.453456772899738,0.986265660743636,0.00488380056164692,0.00605983660587683,2.21753908575496,0.0376697662281768,1,FALSE,FALSE,"weak_effect",0.17938192757407,0.245656607850878,0.730214135672512,FALSE,FALSE,1,0.0376697662281768,FALSE,TRUE,FALSE,FALSE,106.501961467743,102.298089524462,100.706224947434,103.81216006478,125.003889748969,99.4457975815913,87.1810712890919,74.5899131535039,116.238732497738,95.0291921548908,0.00509083187905418,0.189517849898161,0.0625342786758833,8,FALSE,0.00111861876382399,0.34346410702923
"RT0_ZT6_remainder_dataset","25995","Slc3a2",76.270789574381,-0.000347720858978287,"downregulated",1,0.977943544719561,0.997432052911029,0.977356192160578,0.993580518521494,3.45882499325036e-06,0.00605983660587683,2.21753908575496,0.0928851450915936,1,FALSE,FALSE,"weak_effect",-0.0097821485342222,0.353820728867742,-0.0276471889183145,FALSE,FALSE,1,0.0928851450915936,FALSE,TRUE,FALSE,FALSE,83.680112581798,101.186153768761,65.7240625972727,69.2081067098531,59.8422876457832,60.0518101338112,123.506517659547,46.4427761144458,97.8008645843035,55.2652039482343,0.0929632046255655,0.21612346253157,0.137046546802742,9,FALSE,0.00111667965212826,0.00994713116553744
"RT0_ZT6_remainder_dataset","77017","Smarce1",114.723524093415,0.000368401836573937,"upregulated",1,0.982751850827798,0.99788344628143,0.982292493789808,0.99361257220112,2.85849417721256e-06,0.00605983660587683,2.21753908575496,0.0487487364633532,1,FALSE,FALSE,"weak_effect",0.00668270789681772,0.309112246275677,0.021619033141954,FALSE,FALSE,1,0.0487487364633532,FALSE,TRUE,FALSE,FALSE,98.8946785057613,83.3951816775504,126.147797565733,97.7564507276676,170.218062636895,123.946936116186,101.711249837274,81.6266974132684,165.13916478989,98.3990216639294,0.0661355349696689,0.179791319465872,0.10592742075153,9,FALSE,0.000920181751564008,0.00775917461160341
"RT0_ZT6_remainder_dataset","523213","Stoml1",67.7338160975352,-0.00422773396690741,"downregulated",1,0.791638302108646,0.997427599417093,0.786221263769695,0.992032339945783,0.000441608858925595,0.00605983660587683,2.21753908575496,0.0552882550788983,1,FALSE,FALSE,"weak_effect",-0.0777432368295777,0.294277090883879,-0.264183788809626,FALSE,FALSE,1,0.0552882550788983,FALSE,TRUE,FALSE,FALSE,71.001307645162,54.4848520293329,78.4448489064223,44.1201680275314,82.4493740897458,66.777612868798,66.5966516791674,64.7384151898336,70.5448859296615,78.1800446096974,0.0197306296862583,0.229785474240007,0.0890224437342618,9,FALSE,0.00111861876382399,0.10445521463325
"RT0_ZT6_remainder_dataset","17246","Btbd1",96.7765515959039,-0.00346201358721913,"downregulated",1,0.832911149492211,0.997427599417093,0.828528736652891,0.992436118144582,0.000282820281630381,0.00605983660587683,2.21753908575496,0.0569661401675826,1,FALSE,FALSE,"weak_effect",-0.0633845848379351,0.300444448091786,-0.210969399636138,FALSE,FALSE,1,0.0569661401675826,FALSE,TRUE,FALSE,FALSE,130.591690847351,97.8503465016591,96.4659628443842,75.2638160469653,73.1405737892906,101.367455505873,110.187187323713,92.8855522288916,126.660136100983,63.3527947699272,0.0503820504743756,0.193155523045998,0.0979028516295786,9,FALSE,0.00111861876382399,0.0816924239334246
"RT0_ZT6_remainder_dataset","280250","Rtca",107.816366460493,0.00655355356220271,"upregulated",1,0.706346490022312,0.997427599417093,0.698901936178882,0.991045790954541,0.00101962648092213,0.00605983660587683,2.21753908575496,0.0436768321226706,1,FALSE,FALSE,"weak_effect",0.103423401785099,0.27450201207913,0.376767372310865,FALSE,FALSE,1,0.0436768321226706,FALSE,TRUE,FALSE,FALSE,93.8231565311069,76.7235671433463,106.006552576246,124.574592077736,156.919776493387,99.9262120626617,117.452276597804,105.551763896468,108.222268187549,88.9634990386211,0.0315100969853066,0.184408073149525,0.0811209427304258,9,FALSE,0.00111861876382399,0.155583756391764
"RT0_ZT6_remainder_dataset","338143","Elmo2",127.51375812935,-0.00750269823638317,"downregulated",1,0.693912998105092,0.997427599417093,0.686188273058937,0.990881400607003,0.00122711662690101,0.00605983660587683,2.21753908575496,0.0221067090953248,1,FALSE,FALSE,"weak_effect",-0.0963452792291206,0.244810515559642,-0.39355041187211,FALSE,FALSE,1,0.0221067090953248,FALSE,TRUE,FALSE,FALSE,120.448646898043,123.424868882775,115.547142308109,123.709490743862,132.982861435074,124.907765078327,122.295669447198,136.513614639432,175.560568393135,99.7469534675449,0.018653933089831,0.172562897880731,0.0639982005354519,7,FALSE,0.00111861876382399,0.163556708298662
"RT0_ZT6_remainder_dataset","123551","Srsf9",63.0137833807858,-0.00530535925456768,"downregulated",1,0.729090026509339,0.997427599417093,0.722169008686714,0.991331779839375,0.000749971700850628,0.00605983660587683,2.21753908575496,0.087028684543934,1,FALSE,FALSE,"weak_effect",-0.108317409409436,0.31275215475906,-0.34633625303999,FALSE,FALSE,1,0.087028684543934,FALSE,TRUE,FALSE,FALSE,48.179458759217,56.7087235407342,66.7841281230352,48.4456746968972,83.7792027040965,62.9342970202341,44.8013838568944,74.5899131535039,65.7350073435483,78.1800446096974,0.0291466922005166,0.238928257336276,0.101341482939553,6,FALSE,0.00111861876382399,0.141361152914373
"RT0_ZT6_remainder_dataset","246618","-",57.15226875014,-0.0135469044680898,"downregulated",1,0.433463147795511,0.997427599417093,0.421314325832885,0.985233328300143,0.00508542358655289,0.00605983660587683,2.21753908575496,0.0914686848113579,1,FALSE,FALSE,"weak_effect",-0.217698863615985,0.277932633461979,-0.78327924614065,FALSE,FALSE,1,0.0914686848113579,FALSE,TRUE,FALSE,FALSE,53.2509807338715,57.8206592964349,44.5227520820235,53.6362827001362,54.5229731883803,61.9734680580931,64.1749552544704,70.3678425976452,55.3136037403028,55.9391698500421,1e-08,0.252384237253336,0.0748589941825878,11,FALSE,0.00111861876382399,0.375393773428592
"RT0_ZT6_remainder_dataset","60799","Sfxn3",95.4605635241893,0.00562323327777034,"upregulated",1,0.769612800594665,0.997427599417093,0.763656413952336,0.991798838897043,0.000658491842212555,0.00605983660587683,2.21753908575496,0.0190780750614613,1,FALSE,FALSE,"weak_effect",0.0716693839605117,0.244704450668643,0.292881407611012,FALSE,FALSE,1,0.0190780750614613,FALSE,TRUE,FALSE,FALSE,97.6267980120977,95.6264749902577,91.1656352155719,90.8356400566822,113.035432219813,79.7488038577012,106.554642686668,104.144407044515,80.1646431018881,95.7031580566985,0.00532809191812068,0.194333216669756,0.06132991683123,7,FALSE,0.00111861876382399,0.117101996251106
"RT0_ZT6_remainder_dataset","97890","Hgs",197.589302108974,0.00184071215386607,"upregulated",1,0.919165023765622,0.997427599417093,0.917019536263141,0.993161027888611,6.92501902852769e-05,0.00605983660587683,2.21753908575496,0.0221067090953248,1,FALSE,FALSE,"weak_effect",0.026927068883862,0.265329079337778,0.101485555036289,FALSE,FALSE,1,0.0221067090953248,FALSE,TRUE,FALSE,FALSE,220.611205897468,224.611022651536,209.892974100968,185.99678678273,154.260119264686,166.223410450389,159.831964030002,298.359652614016,153.916114755625,202.189770542321,0.0458215711083498,0.149568580971359,0.0794110001507786,9,FALSE,0.00111861876382399,0.0376214119843941
"RT0_ZT6_remainder_dataset","412324","Zfyve9",71.7360138103108,0.000503452024376545,"upregulated",1,0.978456045681985,0.997432052911029,0.977882333784895,0.9935839503105,4.89023072885368e-06,0.00605983660587683,2.21753908575496,0.0243317636421086,1,FALSE,FALSE,"weak_effect",0.00745257626002428,0.275974076298011,0.0270046243473123,FALSE,FALSE,1,0.0243317636421086,FALSE,TRUE,FALSE,FALSE,81.1443515944708,60.0445308078363,84.8052420609971,68.34300537598,65.1616021031862,59.5713956527407,66.5966516791674,74.5899131535039,68.1399466366049,88.9634990386211,0.0131932395520456,0.222975738444303,0.0774015715073459,8,FALSE,0.00111667965212826,0.00971339967280806
"RT0_ZT6_remainder_dataset","182912","Dzip1",113.040493181103,-0.00183107167393659,"downregulated",1,0.922767455156454,0.997427599417093,0.920716941353841,0.993188304683006,6.56876192813596e-05,0.00605983660587683,2.21753908575496,0.0143402612660625,1,FALSE,FALSE,"weak_effect",-0.023551036021675,0.24292367289061,-0.0969482954931287,FALSE,FALSE,1,0.0143402612660625,FALSE,TRUE,FALSE,FALSE,86.2158735691253,113.417447081468,113.427011256584,138.416213419706,109.045946376761,111.936574089424,112.60888374841,97.1076227847503,128.263428963021,119.965930521777,0.00881352607331577,0.180864270932083,0.0619420739749465,7,FALSE,0.00111861876382399,0.0358738656800576
"RT0_ZT6_remainder_dataset","191679","Slain1",53.153652098899,-0.00371407663119345,"downregulated",1,0.814681901672156,0.997427599417093,0.809838976114099,0.992262906711194,0.000340214341464629,0.00605983660587683,2.21753908575496,0.0598354724085409,1,FALSE,FALSE,"weak_effect",-0.0704270342901965,0.300468921776683,-0.234390411739621,FALSE,FALSE,1,0.0598354724085409,FALSE,TRUE,FALSE,FALSE,50.7152197465443,45.5893659837275,45.5828176077859,57.961789369502,59.8422876457832,65.3363694255865,64.1749552544704,45.0354192624929,48.0987858611329,49.1995108319647,0.00902214652147778,0.263266462056088,0.0894301244550402,7,FALSE,0.00111861876382399,0.0916013252411832
"RT0_ZT6_remainder_dataset","577964","Bgn",60.8018172697347,0.00360173756921749,"upregulated",1,0.835419975441864,0.997427599417093,0.83110134360802,0.992459354976766,0.000289385262861132,0.00605983660587683,2.21753908575496,0.0331747494264758,1,FALSE,FALSE,"weak_effect",0.057587960515373,0.277191190130381,0.207755378113877,FALSE,FALSE,1,0.0331747494264758,FALSE,TRUE,FALSE,FALSE,49.4473392528807,67.828081097741,65.7240625972727,65.7477013743605,61.172116260134,65.3363694255865,67.8074998915159,54.8869172261632,52.1070180162273,57.9610675554653,1e-08,0.243701360939949,0.0757650534349222,7,FALSE,0.00111861876382399,0.0803460155826963
"RT0_ZT6_remainder_dataset","139308","Nos1ap",66.7022050381617,-0.00210717139006452,"downregulated",1,0.879772677772629,0.997427599417093,0.876595559599116,0.992847906074067,0.000120531749328822,0.00605983660587683,2.21753908575496,0.0961277286498692,1,FALSE,FALSE,"weak_effect",-0.0516178056658255,0.341258067172512,-0.151257393249349,FALSE,FALSE,1,0.0961277286498692,FALSE,TRUE,FALSE,FALSE,63.3940246831803,87.8429247003531,54.0633418138856,41.5248640259119,79.7897168610443,54.2868363609653,67.8074998915159,104.144407044515,60.925128757435,53.2433062428111,0.0678273505281883,0.231673225469069,0.12456515665901,9,FALSE,0.00111861876382399,0.0572007335981963
"RT0_ZT6_remainder_dataset","140688","Adss",77.2238057854616,-0.00277066752619731,"downregulated",1,0.851624891511306,0.997427599417093,0.847720399647504,0.992606091812999,0.000198788096515998,0.00605983660587683,2.21753908575496,0.0761068954997347,1,FALSE,FALSE,"weak_effect",-0.059820396268816,0.319817204417911,-0.187045585548449,FALSE,FALSE,1,0.0761068954997347,FALSE,TRUE,FALSE,FALSE,74.8049491261528,90.0667962117544,80.5649799579472,83.0497280518238,47.8738301166266,71.5817576795029,89.6027677137889,104.144407044515,83.3712288259636,47.1776131265415,0.054654395227459,0.214785742123772,0.109667236562798,9,FALSE,0.00111861876382399,0.0717473658013492
"RT0_ZT6_remainder_dataset","19425","Tpp1",52.0668836812024,-0.0010260510940664,"downregulated",1,0.947844396436956,0.997427599417093,0.946457210315894,0.9933723307606,2.45216113827268e-05,0.00605983660587683,2.21753908575496,0.0416016997178799,1,FALSE,FALSE,"weak_effect",-0.0195106967428432,0.29826495570231,-0.0654139762980276,FALSE,FALSE,1,0.0416016997178799,FALSE,TRUE,FALSE,FALSE,51.9831002402079,41.1416229609248,46.6428831335484,62.2872960388678,55.852801802731,45.158961220626,48.4339284939399,61.9237014859278,51.3053715852084,55.9391698500421,1e-08,0.266512972633559,0.087452320608887,8,FALSE,0.00111861876382399,0.0238990158721472
"RT0_ZT6_remainder_dataset","10433","Pdcd5",162.844042069643,0.00265537932564622,"upregulated",1,0.865295450442948,0.997427599417093,0.86174304312657,0.992725533341405,0.000171596490969949,0.00605983660587683,2.21753908575496,0.0652173417383386,1,FALSE,FALSE,"weak_effect",0.0527792416834244,0.311130081501055,0.169637218711831,FALSE,FALSE,1,0.0652173417383386,FALSE,TRUE,FALSE,FALSE,125.520168872697,128.984547661278,170.670549647757,157.448442764916,247.348122269237,119.623205786552,133.193303358335,144.957755751149,141.891418290342,258.802906294171,0.0842281559271207,0.158496181987866,0.110037961578411,10,FALSE,0.00111861876382399,0.0646222139762231
"RT0_ZT6_remainder_dataset","20927","Gde1",230.717428757009,0.00207329974401109,"upregulated",1,0.901718437262984,0.997427599417093,0.899114367902612,0.993025784878141,9.57554776920599e-05,0.00605983660587683,2.21753908575496,0.0395046057805947,1,FALSE,FALSE,"weak_effect",0.0359597488515681,0.291193682713556,0.123490827536054,FALSE,FALSE,1,0.0395046057805947,FALSE,TRUE,FALSE,FALSE,174.967508125578,297.99878252778,201.412449894868,219.735738803784,272.614865941901,196.00910827676,157.410267605305,363.098067803849,181.973739841286,241.953758748977,0.0727552130004847,0.143560613741942,0.0974369121231545,10,FALSE,0.00111861876382399,0.0461850622268477
"RT0_ZT6_remainder_dataset","317127","Smarcb1",123.29710161689,-0.0265291057432709,"downregulated",1,0.204765455682115,0.997427599417093,0.192961311353417,0.96831200041596,0.0189558355091059,0.00605983660587683,2.21753908575496,0.069515404698218,1,FALSE,FALSE,"weak_effect",-0.296960523467503,0.234179190456746,-1.26809099855673,FALSE,FALSE,1,0.069515404698218,FALSE,TRUE,FALSE,FALSE,103.966200480416,124.536804638475,114.487076782346,95.1611467260481,114.365260834164,122.986107154045,122.295669447198,171.697535938254,126.660136100983,136.81507806697,0.00709725082799844,0.174780240575606,0.0574600231098404,7,FALSE,0.00111861876382399,0.714529758090847
"RT0_ZT6_remainder_dataset","278032","Plekho1",87.3513054563543,-0.00813924648872676,"downregulated",1,0.656990805619738,0.997427599417093,0.648461773210529,0.990356010836003,0.00153111940333268,0.00605983660587683,2.21753908575496,0.0349987006432749,1,FALSE,FALSE,"weak_effect",-0.116282730785347,0.2618558045046,-0.44407161798586,FALSE,FALSE,1,0.0349987006432749,FALSE,TRUE,FALSE,FALSE,77.34071011348,64.492273830639,93.2857662670968,86.5101333873164,97.0774888476039,79.7488038577012,94.4461605631829,98.5149796367032,76.9580573778126,105.138680682007,0.0115368204407316,0.202373331206707,0.0706998113287111,8,FALSE,0.00111861876382399,0.18811562046356
"RT0_ZT6_remainder_dataset","7035","Zfp580",117.294247979968,0.0117917845815842,"upregulated",1,0.557929787078684,0.997427599417093,0.54748962138338,0.988597674224216,0.00308501513722361,0.00605983660587683,2.21753908575496,0.0221067090953248,1,FALSE,FALSE,"weak_effect",0.13667941738122,0.233273475229966,0.585919240267152,FALSE,FALSE,1,0.0221067090953248,FALSE,TRUE,FALSE,FALSE,130.591690847351,136.768097951183,130.388059668783,121.114186742243,94.4178316189024,109.534501684072,107.765490899016,129.476830379667,101.007450308379,111.878339700084,0.0015945406705663,0.178211888144403,0.0567616255001498,7,FALSE,0.00111861876382399,0.261624109215972
"RT0_ZT6_remainder_dataset","446323","Rtn1",217.452340881367,-0.0113432481526516,"downregulated",1,0.571574241198818,0.997427599417093,0.561372705862339,0.988876523926384,0.0028443048044874,0.00605983660587683,2.21753908575496,0.02093219237215,1,FALSE,FALSE,"weak_effect",-0.131184141150196,0.231882850287859,-0.565734555131372,FALSE,FALSE,1,0.02093219237215,FALSE,TRUE,FALSE,FALSE,191.449954543205,199.03650027042,213.073170678255,253.474690824837,179.52686293735,175.351285590729,209.47674073629,250.509519647617,214.84124351306,287.783440071903,0.0242212202447957,0.145746563363436,0.0598811837433474,9,FALSE,0.00111861876382399,0.250748706738158
"RT0_ZT6_remainder_dataset","21174","Crym",133.934065463041,-0.00438771527121007,"downregulated",1,0.803433899260318,0.997427599417093,0.798309556460993,0.992152042292808,0.000429244357282517,0.00605983660587683,2.21753908575496,0.0267452431083926,1,FALSE,FALSE,"weak_effect",-0.0657585092650864,0.264190689138733,-0.248905476114471,FALSE,FALSE,1,0.0267452431083926,FALSE,TRUE,FALSE,FALSE,124.252288379033,91.1787319674551,144.168911503695,147.067226758438,147.610976192932,114.338646494776,156.199419392956,121.03268926795,116.238732497738,177.253032175435,0.0329866693151062,0.169454889163857,0.0762383877256902,9,FALSE,0.00111861876382399,0.0978286718144629
"RT0_ZT6_remainder_dataset","72624","Vps53",122.422832322982,0.000518890470540214,"upregulated",1,0.975519505710136,0.997427599417093,0.974867642265306,0.993564236939594,5.73599398838166e-06,0.00605983660587683,2.21753908575496,0.0418443470603381,1,FALSE,FALSE,"weak_effect",0.00925753657445087,0.301680444856857,0.0306865649805158,FALSE,FALSE,1,0.0418443470603381,FALSE,TRUE,FALSE,FALSE,68.4655466578348,142.327776729686,112.366945730821,159.178645432662,130.323204206372,101.367455505873,106.554642686668,163.253394826537,100.20580387736,140.184907576009,0.0615986038631302,0.175259096034278,0.101020579260419,9,FALSE,0.00111861876382399,0.0110543444407641
"RT0_ZT6_remainder_dataset","562072","Rlim",67.4236266220628,-0.00157833920103696,"downregulated",1,0.928870844967321,0.997427599417093,0.926981437733762,0.993234026336513,5.19730719904571e-05,0.00605983660587683,2.21753908575496,0.045023869272139,1,FALSE,FALSE,"weak_effect",-0.0267307485883276,0.299451898927436,-0.0892655838352359,FALSE,FALSE,1,0.045023869272139,FALSE,TRUE,FALSE,FALSE,44.3758172782262,78.9474386547477,65.7240625972727,76.9940187147116,66.4914307175369,63.8951259823751,77.4942855903039,81.6266974132684,68.1399466366049,50.5474426355802,0.0236915914356574,0.230347018397297,0.0926679284990178,11,FALSE,0.00111861876382399,0.032928962263822
"RT0_ZT6_remainder_dataset","481344","Eif3d",89.5848027913469,-0.00110933673583222,"downregulated",1,0.944046715693763,0.997427599417093,0.942558856297186,0.993345101629786,2.85005486898519e-05,0.00605983660587683,2.21753908575496,0.0401947529627802,1,FALSE,FALSE,"weak_effect",-0.0208072322762127,0.296464272539662,-0.0701846198800533,FALSE,FALSE,1,0.0401947529627802,FALSE,TRUE,FALSE,FALSE,67.1976661641712,80.0593744104484,92.2257007413343,77.8591200485848,126.33371836332,70.6209287173619,108.976339111365,106.959120748421,96.1975717222657,69.4184878861968,0.0416716175636125,0.200013634402037,0.0942031842054367,9,FALSE,0.00111861876382399,0.025691521581561
"RT0_ZT6_remainder_dataset","393600","Bola3",67.352120308419,-0.000302478874721494,"downregulated",1,0.98250566147698,0.99788344628143,0.982039750033838,0.993610938796664,2.38079093105145e-06,0.00605983660587683,2.21753908575496,0.050421339318725,1,FALSE,FALSE,"weak_effect",-0.00683466165300054,0.311691352410917,-0.0219276588847742,FALSE,FALSE,1,0.050421339318725,FALSE,TRUE,FALSE,FALSE,35.500653822581,74.499695631945,64.6639970715103,83.9148293856969,77.1300596323428,61.9734680580931,65.3858034668189,63.3310583378807,68.9415930676238,78.1800446096974,0.0314853167164745,0.23047720176917,0.101693847036793,7,FALSE,0.000920181751564008,0.00787093291471528
"RT0_ZT6_remainder_dataset","71544","Nlgn2",114.884932622447,0.00412258948662131,"upregulated",1,0.803943506310084,0.997427599417093,0.798831865860748,0.992157133368735,0.000402136421590875,0.00605983660587683,2.21753908575496,0.0496648632113992,1,FALSE,FALSE,"weak_effect",0.0720623730067518,0.290285276829708,0.248246737808291,FALSE,FALSE,1,0.0496648632113992,FALSE,TRUE,FALSE,FALSE,138.198973809333,126.760676149877,115.547142308109,143.606821422945,63.8317734888354,125.868594040468,130.771606933638,109.773834452326,108.222268187549,86.2676354313902,0.0467586927469599,0.179690071703416,0.0924073695814751,9,FALSE,0.00111861876382399,0.0975446192001154
"RT0_ZT6_remainder_dataset","426576","Zfp483",111.537021585,0.00102582169989581,"upregulated",1,0.942721256854904,0.997427599417093,0.941198277020289,0.993335545541959,2.69984746562086e-05,0.00605983660587683,2.21753908575496,0.0982175931844147,1,FALSE,FALSE,"weak_effect",0.0253296186684225,0.352534555475119,0.0718500307984991,FALSE,FALSE,1,0.0982175931844147,FALSE,TRUE,FALSE,FALSE,57.0546222148623,152.335198530992,84.8052420609971,125.439693411609,142.291661735529,105.210771354437,76.2834373779554,164.66075167849,78.5613502398504,128.727487245278,0.115500308120805,0.181850134115987,0.140164785284739,9,FALSE,0.00111861876382399,0.0263188765249854
"RT0_ZT6_remainder_dataset","499273","Pphln1",92.6543015334542,0.0103517887334824,"upregulated",1,0.560680988851985,0.997427599417093,0.550288235117635,0.98865500541308,0.00268535515602013,0.00605983660587683,2.21753908575496,0.0525920032994138,1,FALSE,FALSE,"weak_effect",0.155363302455694,0.267025111983489,0.581830305403261,FALSE,FALSE,1,0.0525920032994138,FALSE,TRUE,FALSE,FALSE,117.912885910715,92.2906677231557,98.5860938959091,94.2960453921749,86.438859932798,95.1220672519569,87.1810712890919,60.5163446339748,110.627207480606,83.5717718241592,0.0158569944469389,0.196956306365561,0.0747860185542626,8,FALSE,0.00111861876382399,0.259409772084553
"RT0_ZT6_remainder_dataset","123637","RGD1311899",369.116197750742,0.00886949792886538,"upregulated",1,0.678419775452658,0.997427599417093,0.670352322163664,0.990667999189894,0.00154060413376849,0.00605983660587683,2.21753908575496,0.00466471236385382,1,FALSE,FALSE,"weak_effect",0.0847387257140227,0.204376619039879,0.41462044979562,FALSE,FALSE,1,0.00466471236385382,FALSE,TRUE,FALSE,FALSE,323.30952588422,395.849129029439,371.022934016862,461.96411228827,345.755439731192,321.397287836157,415.320936835535,361.690710951896,304.625643787175,390.226257146679,0.015480774512886,0.130124823089731,0.047422363996399,7,FALSE,0.00111861876382399,0.173696881844311
"RT0_ZT6_remainder_dataset","249965","Gnao1",240.989510825648,0.0230694165875213,"upregulated",1,0.247099358347867,0.997427599417093,0.234733615585758,0.973803351779157,0.01452046088638,0.00605983660587683,2.21753908575496,0.0765737694401915,1,FALSE,FALSE,"weak_effect",0.282815829902414,0.244349469717104,1.15742354681532,FALSE,FALSE,1,0.0765737694401915,FALSE,TRUE,FALSE,FALSE,244.700935277076,193.476821491917,280.917364327053,245.688778819979,357.723897260349,206.57822686031,236.115401407957,219.547668904653,257.328504357061,167.817509550126,0.0330760935309951,0.142033207908109,0.0674978673554675,9,FALSE,0.00111861876382399,0.629424711773354
"RT0_ZT6_remainder_dataset","71136","Ndel1",85.5264426887178,0.000592959267713009,"upregulated",1,0.950077906971414,0.997427599417093,0.948749960281812,0.993388241294978,1.35480693010075e-05,0.00605983660587683,2.21753908575496,0.0950072252260236,1,FALSE,FALSE,"weak_effect",0.0219713267535803,0.35092952042491,0.0626089441748223,FALSE,FALSE,1,0.0950072252260236,FALSE,TRUE,FALSE,FALSE,122.98440788537,112.305511325768,98.5860938959091,54.5013840340093,42.5545156592236,77.8271459334192,105.343794474319,73.182556301551,72.9498252227182,95.0291921548908,0.0964698495360417,0.204392789598359,0.136054372586204,9,FALSE,0.00111861876382399,0.0228482292776386
"RT0_ZT6_remainder_dataset","90381","Rpl37",653.222641438863,0.00269075065388939,"upregulated",1,0.855449484830443,0.997427599417093,0.851643256654963,0.992639899117634,0.000187659107020709,0.00605983660587683,2.21753908575496,0.0914686848113579,1,FALSE,FALSE,"weak_effect",0.0607744552910329,0.333614356090226,0.182169784308072,FALSE,FALSE,1,0.0914686848113579,FALSE,TRUE,FALSE,FALSE,488.133990060489,1270.94256876587,513.071714469032,432.550666936582,629.008934587899,403.548164099211,678.074998915159,872.5612482108,555.540976696085,688.793151647506,0.139372725348227,0.120383201432682,0.132124779062589,8,FALSE,0.00111861876382399,0.0697422879929264
"RT0_ZT6_remainder_dataset","111716","Dop1b",94.4175701199726,0.00861590547187227,"upregulated",1,0.645137701978798,0.997427599417093,0.636359955853781,0.990174410702504,0.00169127774878304,0.00605983660587683,2.21753908575496,0.0324862129199628,1,FALSE,FALSE,"weak_effect",0.118834680294197,0.258040407119193,0.460527409721942,FALSE,FALSE,1,0.0324862129199628,FALSE,TRUE,FALSE,FALSE,83.680112581798,110.081639814366,86.925373112522,116.788680072877,94.4178316189024,92.7199948466044,67.8074998915159,90.0708385249858,102.610743170417,99.0729875657372,0.0108903027592395,0.195289924341279,0.0693270190111935,8,FALSE,0.00111861876382399,0.196297156962136
"RT0_ZT6_remainder_dataset","378424","Prmt8",141.904711086045,0.0271830679250997,"upregulated",1,0.185021718806967,0.997427599417093,0.173590769198027,0.964900131494433,0.020671999338181,0.00605983660587683,2.21753908575496,0.0915741151701805,1,FALSE,FALSE,"weak_effect",0.320519794116985,0.241819480780095,1.32545067536746,FALSE,FALSE,1,0.0915741151701805,FALSE,TRUE,FALSE,FALSE,130.591690847351,174.573913645005,142.04878045217,195.512901455335,143.62149034988,108.573672721931,111.398035536062,153.401896862866,138.684832566266,120.639896423585,0.018116917426644,0.165987679193218,0.0630963576175084,7,FALSE,0.00111861876382399,0.760473372436866
"RT0_ZT6_remainder_dataset","543997","Myl12b",277.219206321653,0.0195405617141831,"upregulated",1,0.343344345697273,0.997427599417093,0.330643668132899,0.98125982850503,0.00939197147240427,0.00605983660587683,2.21753908575496,0.0274976878307821,1,FALSE,FALSE,"weak_effect",0.212446277751792,0.224199257996182,0.947577969929812,FALSE,FALSE,1,0.0274976878307821,FALSE,TRUE,FALSE,FALSE,368.95322365611,295.774911016379,313.779395625689,251.744488157091,257.986751184043,218.588588887073,221.585222859775,277.249299834722,243.70051502974,322.829666965905,0.0227058842294262,0.137549702111018,0.0567170572064376,9,FALSE,0.00111861876382399,0.480639789673359
"RT0_ZT6_remainder_dataset","20999","Gprc5b",107.656084541163,-0.00029329916900058,"downregulated",1,0.931227778395907,0.997427599417093,0.929400648506669,0.993251519174648,9.32604212958018e-06,0.00605983660587683,2.21753908575496,0.028845802829636,1,FALSE,FALSE,"weak_effect",-0.0241959039577527,0.280369032407415,-0.0863002013809884,FALSE,FALSE,1,0.028845802829636,FALSE,TRUE,FALSE,FALSE,138.198973809333,91.1787319674551,125.087732039971,91.7007413905554,87.7686885471487,124.427350597257,108.976339111365,109.773834452326,126.660136100983,72.7883173952355,0.0376516684424272,0.184522238882705,0.0849875102800134,9,FALSE,0.00111861876382399,0.0317970288199546
"RT0_ZT6_remainder_dataset","78555","Cyb561",224.068909765333,0.0185999640660424,"upregulated",1,0.314399084150726,0.997427599417093,0.301682725849323,0.97949769331937,0.00968034304953482,0.00605983660587683,2.21753908575496,0.0920752225723867,1,FALSE,FALSE,"weak_effect",0.263937029793074,0.262353914873725,1.00603427214002,FALSE,FALSE,1,0.0920752225723867,FALSE,TRUE,FALSE,FALSE,276.397947618666,182.35746393491,272.436840120953,238.767968148993,252.66743672664,231.559779875976,192.524865763411,212.510884644888,258.13015078808,123.335760030816,0.0465666202772032,0.144623868701718,0.078141511517226,9,FALSE,0.00111861876382399,0.520449556524037
"RT0_ZT6_remainder_dataset","406141","Gba2",84.3804655509108,-0.00275173196478333,"downregulated",1,0.862968768569452,0.997427599417093,0.859356273562218,0.992705476672053,0.000181137567163262,0.00605983660587683,2.21753908575496,0.0248799629350892,1,FALSE,FALSE,"weak_effect",-0.0460376399433098,0.266735977001842,-0.172596289637344,FALSE,FALSE,1,0.0248799629350892,FALSE,TRUE,FALSE,FALSE,77.34071011348,68.9400168534416,78.4448489064223,104.677261398653,85.1090313184473,83.5921197062651,79.9159820150009,91.4781953769387,104.214036032455,70.0924537880045,0.0148380993172657,0.205705618518957,0.0734571465611144,8,FALSE,0.00111861876382399,0.0658267482013006
"RT0_ZT6_remainder_dataset","322880","Mvb12b",124.955115512661,0.00751905254433824,"upregulated",1,0.6924428245742,0.997427599417093,0.684685267551404,0.990861566588755,0.00123695194129546,0.00605983660587683,2.21753908575496,0.0229860502236872,1,FALSE,FALSE,"weak_effect",0.0982871545827304,0.248487185895062,0.39554214527681,FALSE,FALSE,1,0.0229860502236872,FALSE,TRUE,FALSE,FALSE,103.966200480416,141.215840973985,115.547142308109,152.257834761677,132.982861435074,140.281028472583,117.452276597804,126.662116675761,89.7844002741147,129.401453147085,0.0188985384798169,0.173890515633004,0.066089134363797,7,FALSE,0.00111861876382399,0.164509016794526
"RT0_ZT6_remainder_dataset","133373","Insig2",81.2835440172786,0.0105374294783055,"upregulated",1,0.54839776369681,0.997427599417093,0.537796154973374,0.988394539018091,0.0028385970641154,0.00605983660587683,2.21753908575496,0.0622002671704977,1,FALSE,FALSE,"weak_effect",0.163564111378235,0.27253291922846,0.600162768744724,FALSE,FALSE,1,0.0622002671704977,FALSE,TRUE,FALSE,FALSE,95.0910370247705,92.2906677231557,82.6851110094722,58.8268907033752,101.066974690656,72.5425866416439,75.0725891656069,77.4046268574097,89.7844002741147,68.0705560825813,0.0161350229613089,0.209438637184359,0.0767908890948161,9,FALSE,0.00111861876382399,0.269382307132828
"RT0_ZT6_remainder_dataset","548737","Tpp2",93.5653872684962,0.0135741948020936,"upregulated",1,0.461763589835377,0.997427599417093,0.449919626837828,0.986159179565531,0.00470841391075339,0.00605983660587683,2.21753908575496,0.0569661401675826,1,FALSE,FALSE,"weak_effect",0.191006529116974,0.259538799400309,0.73594595319973,FALSE,FALSE,1,0.0569661401675826,FALSE,TRUE,FALSE,FALSE,81.1443515944708,78.9474386547477,104.946487050484,102.081957397033,131.653032820723,88.39626451697,95.6570087755314,85.8487679691271,79.3629966708692,87.6155672350057,0.0104582658353283,0.196087440074252,0.0701289212077233,8,FALSE,0.00111861876382399,0.346865061198856
"RT0_ZT6_remainder_dataset","205027","Ocel1",113.786190962109,-0.000320051541848088,"downregulated",1,0.993781554461255,0.999421772888248,0.993615919903888,0.993684904789427,8.90210165583156e-07,0.00605983660587683,2.21753908575496,0.0147161291726569,1,FALSE,FALSE,"weak_effect",-0.00195539179188568,0.250892464468781,-0.00779374460698077,FALSE,FALSE,1,0.0147161291726569,FALSE,TRUE,FALSE,FALSE,93.8231565311069,104.521961035863,116.607207833871,109.867869401892,143.62149034988,121.544863710834,93.2353123508343,139.328328343337,116.238732497738,99.0729875657372,0.0137162047754046,0.180384963950103,0.0666999210018313,8,FALSE,0.000251193474359989,0.00278145876268171
"RT0_ZT6_remainder_dataset","559811","LOC100361934",481.952939907324,-0.00508269332413628,"downregulated",1,0.755431541787889,0.997427599417093,0.749133263771192,0.991641175223459,0.000637577719129916,0.00605983660587683,2.21753908575496,0.0530229009352732,1,FALSE,FALSE,"weak_effect",-0.0898534121502349,0.288467371973004,-0.311485529665531,FALSE,FALSE,1,0.0530229009352732,FALSE,TRUE,FALSE,FALSE,348.667135757492,711.63888364843,390.104113480587,472.345328294748,409.587213220027,313.230241657959,537.616606282733,709.307853384263,509.847130128008,417.184893218989,0.0804047897364866,0.124880887979849,0.0978245633349161,11,FALSE,0.00111861876382399,0.125440918518975
"RT0_ZT6_remainder_dataset","121288","Ran",150.330245262324,0.00938004462441029,"upregulated",1,0.631102609229093,0.997427599417093,0.622036806960686,0.989950438313502,0.00193401433869646,0.00605983660587683,2.21753908575496,0.0221067090953248,1,FALSE,FALSE,"weak_effect",0.115429212733208,0.240389636079514,0.480175495981148,FALSE,FALSE,1,0.0221067090953248,FALSE,TRUE,FALSE,FALSE,129.323810353688,164.566491843699,143.108845977933,179.075976111745,163.568919565141,115.299475456917,141.669240844774,181.549033901925,161.130932634795,124.009725932623,0.0195669589558219,0.162722336456406,0.0626733555958253,7,FALSE,0.00111861876382399,0.206183916616286
"RT0_ZT6_remainder_dataset","9880","Arhgap33",70.2798105850143,0.0131732131109496,"upregulated",1,0.442754899570417,0.997427599417093,0.430700016127709,0.985550469613346,0.00481909216138493,0.00605983660587683,2.21753908575496,0.0954882894896184,1,FALSE,FALSE,"weak_effect",0.216138190909449,0.281595132096784,0.76754945762046,FALSE,FALSE,1,0.0954882894896184,FALSE,TRUE,FALSE,FALSE,63.3940246831803,100.07421801306,74.2045868033724,70.0732080437263,70.4809165605891,71.1013431984324,58.1207141927279,63.3310583378807,54.5119573092839,77.5060787078896,0.0141422668970332,0.225363707383888,0.0809485273851212,8,FALSE,0.00111861876382399,0.365825111975094
"RT0_ZT6_remainder_dataset","77571","Aarsd1",196.759527817847,0.00534519947379044,"upregulated",1,0.754016135880728,0.997427599417093,0.74768397944593,0.991625108465319,0.000675002078206723,0.00605983660587683,2.21753908575496,0.0466507982143212,1,FALSE,FALSE,"weak_effect",0.0884275887840813,0.282202321198697,0.313348197876162,FALSE,FALSE,1,0.0466507982143212,FALSE,TRUE,FALSE,FALSE,119.180766404379,244.625866254148,169.610484121994,202.43371212632,277.934180399304,193.607035871407,146.512633694168,240.658021683946,175.560568393135,197.472009229667,0.0594986363120903,0.149745036505532,0.090497305990331,9,FALSE,0.00111861876382399,0.126281924840507
"RT0_ZT6_remainder_dataset","429114","Nfia",97.6385469972483,0.00380883400134745,"upregulated",1,0.797987446312995,0.997427599417093,0.792727637835738,0.992097218334689,0.000384219939487645,0.00605983660587683,2.21753908575496,0.090273335821208,1,FALSE,FALSE,"weak_effect",0.0830458356109662,0.324457884285955,0.255952589328282,FALSE,FALSE,1,0.090273335821208,FALSE,TRUE,FALSE,FALSE,147.074137264978,72.2758241205436,113.427011256584,84.7799307195701,83.7792027040965,82.6312907441241,123.506517659547,105.551763896468,107.42062175653,55.9391698500421,0.0755074926861875,0.192401320479854,0.116045999495822,9,FALSE,0.00111861876382399,0.100876000201563
"RT0_ZT6_remainder_dataset","368815","Mkrn1",105.505317492949,0.00500586317217112,"upregulated",1,0.762375449709319,0.997427599417093,0.756244029304131,0.991719120231758,0.000607401631659212,0.00605983660587683,2.21753908575496,0.0552882550788983,1,FALSE,FALSE,"weak_effect",0.0880134949852591,0.291085649735043,0.302362878641981,FALSE,FALSE,1,0.0552882550788983,FALSE,TRUE,FALSE,FALSE,72.2691881388256,123.424868882775,92.2257007413343,116.788680072877,139.632004506828,95.6024817330273,93.2353123508343,88.6634816730329,88.9827538430958,144.228702986855,0.0454163769414014,0.18608774566172,0.0921978363567617,9,FALSE,0.00111861876382399,0.121338041166589
"RT0_ZT6_remainder_dataset","321200","Mrpl41",108.216731033203,-0.000821157659103836,"downregulated",1,0.959671705184086,0.997427599417093,0.958598449923452,0.99345572492295,1.50791460542191e-05,0.00605983660587683,2.21753908575496,0.0267398159794028,1,FALSE,FALSE,"weak_effect",-0.014088915804007,0.278626702151142,-0.0505655620772641,FALSE,FALSE,1,0.0267398159794028,FALSE,TRUE,FALSE,FALSE,69.7334271514984,111.193575570067,92.2257007413343,137.551112085833,126.33371836332,106.652014797649,115.030580173107,132.291544083573,104.214036032455,86.9416013331979,0.0341430038819906,0.184124378564586,0.0838648035213528,9,FALSE,0.00111861876382399,0.0183632776081948
"RT0_ZT6_remainder_dataset","117114","Ube2l3",108.120258038566,-0.00434834315465144,"downregulated",1,0.785346175827975,0.997427599417093,0.779774073837416,0.991966992338466,0.000469756765801644,0.00605983660587683,2.21753908575496,0.060307429391191,1,FALSE,FALSE,"weak_effect",-0.0811240615320713,0.297857356311055,-0.272358764399133,FALSE,FALSE,1,0.060307429391191,FALSE,TRUE,FALSE,FALSE,72.2691881388256,74.499695631945,108.126683627771,104.677261398653,166.228576793842,105.691185835508,125.928214084244,95.7002659327974,120.246964652832,107.834544289238,0.0516592673369046,0.184192546286892,0.0971367568952711,9,FALSE,0.00111861876382399,0.108031208461352
"RT0_ZT6_remainder_dataset","116716","Septin5",253.860882768066,0.00457992881392951,"upregulated",1,0.782353873956913,0.997427599417093,0.77670830009026,0.991935540662902,0.00050261079450996,0.00605983660587683,2.21753908575496,0.0528173784576407,1,FALSE,FALSE,"weak_effect",0.0804230921412263,0.291121320916643,0.276252841557606,FALSE,FALSE,1,0.0528173784576407,FALSE,TRUE,FALSE,FALSE,148.342017758642,280.207810436569,224.733891461642,262.990805497442,386.980126776065,196.969937238901,262.754062079624,336.358287616744,214.84124351306,224.430645301976,0.0749784335676918,0.14029378405293,0.0977907791087533,10,FALSE,0.00111861876382399,0.109742053846188
"RT0_ZT6_remainder_dataset","34838","Sdha",159.097679923068,-0.0141118837167133,"downregulated",1,0.421765295305933,0.997427599417093,0.409507163423193,0.984814032143633,0.00547172057954005,0.00605983660587683,2.21753908575496,0.0861300082176121,1,FALSE,FALSE,"weak_effect",-0.219213714045384,0.272870265546827,-0.803362409627463,FALSE,FALSE,1,0.0861300082176121,FALSE,TRUE,FALSE,FALSE,101.430439493089,120.089061615673,135.688387297595,191.187394785969,186.176006009103,133.074811256525,163.464508667047,177.326963346066,167.544104082946,214.995122676668,0.045524318795958,0.15969167913497,0.0829597283939836,9,FALSE,0.00111861876382399,0.387738496814543
"RT0_ZT6_remainder_dataset","258810","Nutf2",57.9202251081078,-0.00559432141869315,"downregulated",1,0.737710636502663,0.997427599417093,0.730991569630812,0.991435503228521,0.00076131795249442,0.00605983660587683,2.21753908575496,0.050421339318725,1,FALSE,FALSE,"weak_effect",-0.0951115304528462,0.28401116269376,-0.334886592311169,FALSE,FALSE,1,0.050421339318725,FALSE,TRUE,FALSE,FALSE,51.9831002402079,60.0445308078363,49.8230797108358,50.1758773646435,67.8212593318877,54.2868363609653,65.3858034668189,61.9237014859278,66.5366537745671,51.2214085373879,1e-08,0.250466242866622,0.0793414662120436,7,FALSE,0.00111861876382399,0.136087631638488
"RT0_ZT6_remainder_dataset","170891","Selenom",571.295249509254,0.0212028494282489,"upregulated",1,0.296219108449382,0.997427599417093,0.28354057548428,0.978214446066235,0.0116061171441901,0.00605983660587683,2.21753908575496,0.0652173417383386,1,FALSE,FALSE,"weak_effect",0.255572401722457,0.244666229601997,1.04457571499835,FALSE,FALSE,1,0.0652173417383386,FALSE,TRUE,FALSE,FALSE,432.34724833929,508.154640355207,590.456497849692,858.180523202179,718.107451749399,427.568888152735,492.815222425839,609.385516895607,484.194444335404,591.742061787192,0.0459030329321574,0.122198223021831,0.0701205925619855,9,FALSE,0.00111861876382399,0.547384783515328
"RT0_ZT6_remainder_dataset","564666","Klhl13",69.1344623558354,0.00139517707906189,"upregulated",1,0.930150916547186,0.997427599417093,0.928295328479376,0.993243538058324,4.50835220254132e-05,0.00605983660587683,2.21753908575496,0.0522847913481346,1,FALSE,FALSE,"weak_effect",0.0269448155363015,0.307396350281552,0.087654962434076,FALSE,FALSE,1,0.0522847913481346,FALSE,TRUE,FALSE,FALSE,87.4837540627888,76.7235671433463,68.9042591745601,61.4221947049947,53.1931445740295,62.9342970202341,69.0183481038644,92.8855522288916,72.9498252227182,45.829681322926,0.034513937928436,0.227312595396275,0.0988231543992466,8,FALSE,0.00111861876382399,0.0323138350693999
"RT0_ZT6_remainder_dataset","131771","Gtpbp6",123.255435783199,0.00216318188774727,"upregulated",1,0.890069544547402,0.997427599417093,0.887160720101642,0.992932478097215,0.000112480472550303,0.00605983660587683,2.21753908575496,0.0632916814790986,1,FALSE,FALSE,"weak_effect",0.0432237469526702,0.312725598826291,0.138216209721544,FALSE,FALSE,1,0.0632916814790986,FALSE,TRUE,FALSE,FALSE,72.2691881388256,141.215840973985,113.427011256584,184.266584114984,113.035432219813,105.210771354437,118.663124810153,143.550398899196,86.5778145500392,154.338191513972,0.0742799575957599,0.17480290765859,0.109242285333976,9,FALSE,0.00111861876382399,0.0519976952411706
"RT0_ZT6_remainder_dataset","438005","Cdk11b",87.3417537357264,-0.00776033395523638,"downregulated",1,0.651217785287175,0.997427599417093,0.642567010310379,0.990268400055154,0.00149061716937067,0.00605983660587683,2.21753908575496,0.053898359692044,1,FALSE,FALSE,"weak_effect",-0.125556527249578,0.277736258776728,-0.452071068439476,FALSE,FALSE,1,0.053898359692044,FALSE,TRUE,FALSE,FALSE,69.7334271514984,103.410025280162,81.6250454837097,96.0262480599212,66.4914307175369,104.730356873367,79.9159820150009,104.144407044515,68.9415930676238,98.3990216639294,0.0231778017507093,0.20238368178969,0.081005400575116,7,FALSE,0.00111861876382399,0.192081575093152
"RT0_ZT6_remainder_dataset","72967","Taok1",146.921252112058,0.0132489102921905,"upregulated",1,0.464708769631335,0.997427599417093,0.452899660868253,0.986248998445991,0.00455759870253948,0.00605983660587683,2.21753908575496,0.0651881866987134,1,FALSE,FALSE,"weak_effect",0.193524884703454,0.264698197416906,0.731115234603003,FALSE,FALSE,1,0.0651881866987134,FALSE,TRUE,FALSE,FALSE,161.020822695278,173.461977889305,151.589370184032,153.12293609555,143.62149034988,160.458436677543,163.464508667047,154.809253714819,127.461782532002,80.2019423151206,0.0370383504321203,0.16399839220801,0.0772617862795548,9,FALSE,0.00111861876382399,0.34399800451709
"RT0_ZT6_remainder_dataset","486050","Cd63",195.598187103682,-0.00899767622562694,"downregulated",1,0.624140563473775,0.997427599417093,0.614934568343247,0.989835549823972,0.00190004911896376,0.00605983660587683,2.21753908575496,0.0324862129199628,1,FALSE,FALSE,"weak_effect",-0.1256299370991,0.256392554860509,-0.489990581697855,FALSE,FALSE,1,0.0324862129199628,FALSE,TRUE,FALSE,FALSE,242.165174289749,185.693271202012,199.292318843343,168.694760105267,139.632004506828,252.217602562007,244.591338894397,194.215245569501,177.163861255173,152.316293808548,0.0382196731149839,0.149994515257351,0.0737283131050641,9,FALSE,0.00111861876382399,0.21117109254855
"RT0_ZT6_remainder_dataset","113797","Sidt1",51.5037735795361,-0.00357669447340184,"downregulated",1,0.808294834356083,0.997427599417093,0.803291840554216,0.992200338292132,0.000340238943174309,0.00605983660587683,2.21753908575496,0.0909233877768086,1,FALSE,FALSE,"weak_effect",-0.0792046851013405,0.326447112915726,-0.242626391742014,FALSE,FALSE,1,0.0909233877768086,FALSE,TRUE,FALSE,FALSE,34.2327733289174,45.5893659837275,42.4026210304985,71.8034107114726,55.852801802731,45.6393757016965,54.4881695556824,49.2574898183516,62.5284216194727,53.2433062428111,0.0281448086157141,0.268249042467651,0.108346930750477,8,FALSE,0.00111861876382399,0.0951266443652101
"RT0_ZT6_remainder_dataset","563658","Tceal6",128.244442487428,-0.0100241948148807,"downregulated",1,0.608986500589949,0.997427599417093,0.599481803880697,0.989576273211022,0.00222761661381335,0.00605983660587683,2.21753908575496,0.0221067090953248,1,FALSE,FALSE,"weak_effect",-0.12204945907515,0.238601214232446,-0.511520695599851,FALSE,FALSE,1,0.0221067090953248,FALSE,TRUE,FALSE,FALSE,92.5552760374433,137.880033706883,117.667273359633,123.709490743862,142.291661735529,116.260304419058,145.30178548182,118.217975564044,140.288125428304,148.272498397702,0.0108447336342281,0.17219348782045,0.0604333112768648,8,FALSE,0.00111861876382399,0.222223994540339
"RT0_ZT6_remainder_dataset","515643","-",135.832518310067,0.0128232218555802,"upregulated",1,0.512193231716495,0.997427599417093,0.501020613045694,0.987553286413943,0.00384881830650807,0.00605983660587683,2.21753908575496,0.0286597326675995,1,FALSE,FALSE,"weak_effect",0.158365844005844,0.241622604575892,0.655426441925067,FALSE,FALSE,1,0.0286597326675995,FALSE,TRUE,FALSE,FALSE,136.93109331567,127.872611905577,140.988714926408,165.234354769774,144.95131896423,113.858232013706,110.187187323713,144.957755751149,108.222268187549,165.121645942895,0.0178783495876953,0.168592149989935,0.0626902439341641,7,FALSE,0.00111861876382399,0.300144405973387
"RT0_ZT6_remainder_dataset","68940","Ube2b",100.359062375673,-0.000363793147371025,"downregulated",1,0.979319270929942,0.997432052911029,0.978768535636821,0.993589722325656,3.39055224708201e-06,0.00605983660587683,2.21753908575496,0.0526696547380312,1,FALSE,FALSE,"weak_effect",-0.00813123669655283,0.313676644260194,-0.0259223529878367,FALSE,FALSE,1,0.0526696547380312,FALSE,TRUE,FALSE,FALSE,105.234080974079,83.3951816775504,100.706224947434,122.844389409989,87.7686885471487,64.855954944516,78.7051338026524,112.588548156232,89.7844002741147,157.70802102301,0.0673294431997204,0.190105976437628,0.108072321453755,9,FALSE,0.00111667965212826,0.00932000031222154
"RT0_ZT6_remainder_dataset","67714","LOC102548672",129.751331324023,-0.00604733195628265,"downregulated",1,0.712138705473008,0.997427599417093,0.704826161673648,0.991120384835436,0.000918698480547844,0.00605983660587683,2.21753908575496,0.05779769853337,1,FALSE,FALSE,"weak_effect",-0.106030179572536,0.287356132371484,-0.368985268201842,FALSE,FALSE,1,0.05779769853337,FALSE,TRUE,FALSE,FALSE,144.538376277651,77.835502899047,144.168911503695,121.979288076116,136.972347278126,117.221133381199,169.51874972879,90.0708385249858,135.478246842191,159.729918728433,0.049754755047052,0.171444792106996,0.0913163378683523,9,FALSE,0.00111861876382399,0.151917984193574
"RT0_ZT6_remainder_dataset","466581","Evl",61.9070248288844,-0.00121835563644553,"downregulated",1,0.928469027755901,0.997427599417093,0.926569006708054,0.993231035076652,4.03546566276117e-05,0.00605983660587683,2.21753908575496,0.0973913951825863,1,FALSE,FALSE,"weak_effect",-0.0313904643467307,0.349671846132764,-0.0897712089031392,FALSE,FALSE,1,0.0973913951825863,FALSE,TRUE,FALSE,FALSE,29.161251354263,57.8206592964349,58.3036039169355,63.152397372741,98.4073174619546,70.6209287173619,54.4881695556824,57.701630930069,59.3218358953972,70.0924537880045,0.0663099052411722,0.24127384627848,0.130499089093909,9,FALSE,0.00111861876382399,0.0331222308334729
"RT0_ZT6_remainder_dataset","172301","Rab1a",114.250207976808,3.35033963532292e-05,"upregulated",1,0.999903194918894,0.999937522749371,0.999900616363799,0.993724348095022,1.4461375755747e-09,0.00605983660587683,2.21753908575496,0.0592867300030498,1,FALSE,FALSE,"weak_effect",3.91388994791343e-05,0.322589715205851,0.000121327177012321,FALSE,FALSE,1,0.0592867300030498,FALSE,TRUE,FALSE,FALSE,134.395332328342,110.081639814366,125.087732039971,127.169896079355,73.1405737892906,121.064449229763,110.187187323713,159.031324270678,125.056843238945,57.2871016536576,0.0813175978556888,0.180089868947697,0.116092386806074,9,FALSE,2.71343728419076e-05,4.31639097221053e-05
"RT0_ZT6_remainder_dataset","251120","Lonp2",108.501246257727,0.0175209069273999,"upregulated",1,0.341272028097195,0.997427599417093,0.328567309678278,0.981143634390625,0.00846917974383627,0.00605983660587683,2.21753908575496,0.0877384018934124,1,FALSE,FALSE,"weak_effect",0.250586940781008,0.263317028386948,0.951654901758831,FALSE,FALSE,1,0.0877384018934124,FALSE,TRUE,FALSE,FALSE,86.2158735691253,112.305511325768,107.066618102009,150.527632093931,131.653032820723,78.7879748955602,104.132946261971,116.810618712091,101.809096739398,95.7031580566985,0.0238002971471916,0.183924046308973,0.0739579150005149,7,FALSE,0.00111861876382399,0.483375648242948
"RT0_ZT6_remainder_dataset","517700","Slc36a4",105.714974244714,0.00250347506699558,"upregulated",1,0.893313471278947,0.997427599417093,0.890489387572614,0.992958710617469,0.000126103173185431,0.00605983660587683,2.21753908575496,0.0187273907646135,1,FALSE,FALSE,"weak_effect",0.0340632019020021,0.253989416494263,0.134112682221826,FALSE,FALSE,1,0.0187273907646135,FALSE,TRUE,FALSE,FALSE,121.716527391706,101.186153768761,116.607207833871,95.1611467260481,99.7371460763054,117.70154786227,128.349910508941,106.959120748421,88.1811074120769,81.549874118736,0.0163674687131853,0.185932337972261,0.0679099933339898,9,FALSE,0.00111861876382399,0.0503712518841928
"RT0_ZT6_remainder_dataset","206188","Msmo1",78.7753916481199,-0.0042389435507943,"downregulated",1,0.787970988511446,0.997427599417093,0.782463479735651,0.991994381558812,0.000451599765115275,0.00605983660587683,2.21753908575496,0.0636301752044995,1,FALSE,FALSE,"weak_effect",-0.0808764938049646,0.300716115562537,-0.268946323856546,FALSE,FALSE,1,0.0636301752044995,FALSE,TRUE,FALSE,FALSE,78.6085906071436,63.3803380749383,76.3247178548974,76.1289173808384,87.7686885471487,92.7199948466044,98.0787052002283,92.8855522288916,75.3547645157748,46.5036472247338,0.0394841636174428,0.212677072462863,0.0956829071426595,9,FALSE,0.00111861876382399,0.106535923327088
"RT0_ZT6_remainder_dataset","558262","RragB",80.9273191598008,0.00022991247796165,"upregulated",1,0.98867160968656,0.99874460803924,0.988369881343868,0.993651598518228,1.16806973518924e-06,0.00605983660587683,2.21753908575496,0.0914686848113579,1,FALSE,FALSE,"weak_effect",0.00502094774733802,0.353625005566032,0.0141985087827746,FALSE,FALSE,1,0.0914686848113579,FALSE,TRUE,FALSE,FALSE,55.7867417211987,60.0445308078363,75.2646523291349,83.0497280518238,131.653032820723,66.2971983877275,55.6990177680309,91.4781953769387,67.338300205586,122.661794129008,0.0987816213509336,0.209886351461922,0.137660605242533,9,FALSE,0.00054555231387298,0.00508049735075311
"RT0_ZT6_remainder_dataset","485809","Slc39a5",88.6598713558761,0.0204380966630182,"upregulated",1,0.284348952647888,0.997427599417093,0.271716618822314,0.977287962364007,0.0115655877698151,0.00605983660587683,2.21753908575496,0.0855596620497831,1,FALSE,FALSE,"weak_effect",0.271668021227371,0.253752860114007,1.0706008243821,FALSE,FALSE,1,0.0855596620497831,FALSE,TRUE,FALSE,FALSE,112.841363936061,88.9548604560537,99.6461594216716,102.947058730907,79.7897168610443,76.3859024902078,99.2895534125768,75.9972700054568,70.5448859296615,80.2019423151206,0.00319016046786105,0.200976404534396,0.0659647599596673,8,FALSE,0.00111861876382399,0.565883798306055
"RT0_ZT6_remainder_dataset","359686","Rae1",36.712027471834,-0.001876135171157,"downregulated",1,0.896849998646218,0.997427599417093,0.894118411790927,0.992987089195055,9.11894786725339e-05,0.00605983660587683,2.21753908575496,0.0911916953759207,1,FALSE,FALSE,"weak_effect",-0.0439812640969958,0.339252741922876,-0.129641587707474,FALSE,FALSE,1,0.0911916953759207,FALSE,TRUE,FALSE,FALSE,35.500653822581,27.7983938925168,33.9220968243988,46.7154720291509,35.9053725874699,30.7465267885113,41.1688392198489,42.2207055585871,36.0740893958497,37.0681245994255,1e-08,0.33292554572524,0.110708197120673,9,FALSE,0.00111861876382399,0.0486049619848541
"RT0_ZT6_remainder_dataset","7262","Ttyh1",63.675908028455,-0.00322324040142678,"downregulated",1,0.825495403459112,0.997427599417093,0.82092501913337,0.992366593407492,0.000276220447634579,0.00605983660587683,2.21753908575496,0.0894786654551079,1,FALSE,FALSE,"weak_effect",-0.0722276755226184,0.327589159970981,-0.220482495602164,FALSE,FALSE,1,0.0894786654551079,FALSE,TRUE,FALSE,FALSE,63.3940246831803,97.8503465016591,60.4237349684604,37.1993573565461,51.8633159596788,63.8951259823751,59.3315624050764,68.9604857456923,61.7267751884538,72.1143514934277,0.0484415732062171,0.237563977186939,0.112937694744298,9,FALSE,0.00111861876382399,0.0856965082444082
"RT0_ZT6_remainder_dataset","315972","Rpl10a",127.066992304908,-0.00811286838603211,"downregulated",1,0.617377216419469,0.997427599417093,0.608036798897961,0.989721426168526,0.00175294857604674,0.00605983660587683,2.21753908575496,0.0820250852396917,1,FALSE,FALSE,"weak_effect",-0.147079034125924,0.294410701500242,-0.499570950975786,FALSE,FALSE,1,0.0820250852396917,FALSE,TRUE,FALSE,FALSE,105.234080974079,131.208419172679,112.366945730821,102.947058730907,151.600462035984,109.054087203001,104.132946261971,154.809253714819,97.8008645843035,201.515804640513,0.0594775885948543,0.172790861034176,0.0960496983734836,9,FALSE,0.00111861876382399,0.216070136064919
"RT0_ZT6_remainder_dataset","55359","Brsk2",155.139635225627,-0.00812918374533198,"downregulated",1,0.630869168013826,0.997427599417093,0.621798635538335,0.989946627665917,0.00167745897863262,0.00605983660587683,2.21753908575496,0.060307429391191,1,FALSE,FALSE,"weak_effect",-0.134782627343479,0.28050270157866,-0.480503847502809,FALSE,FALSE,1,0.060307429391191,FALSE,TRUE,FALSE,FALSE,114.109244429725,126.760676149877,147.349108080982,166.099456103648,184.846177394753,135.957298142948,135.614999783032,194.215245569501,118.643671790794,227.800474811015,0.0508475608507529,0.161017450362444,0.0879088443180652,9,FALSE,0.00111861876382399,0.20635023529833
"RT0_ZT6_remainder_dataset","357729","Src",59.7813950235862,-0.00608672415757581,"downregulated",1,0.696282628064826,0.997427599417093,0.688610955351674,0.990913190296285,0.000986208008024519,0.00605983660587683,2.21753908575496,0.087028684543934,1,FALSE,FALSE,"weak_effect",-0.120362857852944,0.308351197884159,-0.390343409329519,FALSE,FALSE,1,0.087028684543934,FALSE,TRUE,FALSE,FALSE,65.9297856705075,68.9400168534416,61.4838004942229,53.6362827001362,37.2352012018207,78.7879748955602,53.2773213433339,53.4795603742103,65.7350073435483,59.3089993590808,0.0221466036784208,0.246022343197922,0.0972579283626276,9,FALSE,0.00111861876382399,0.162026072234116
"RT0_ZT6_remainder_dataset","465557","Calm1",50.4618683997971,-0.00497907155256563,"downregulated",1,0.740797561314031,0.997427599417093,0.73415125719276,0.991472049318506,0.000668263365709672,0.00605983660587683,2.21753908575496,0.0920752225723867,1,FALSE,FALSE,"weak_effect",-0.105484222542494,0.318878678916978,-0.330797351835357,FALSE,FALSE,1,0.0920752225723867,FALSE,TRUE,FALSE,FALSE,40.5721757972354,54.4848520293329,42.4026210304985,57.0966880356288,47.8738301166266,58.1301522095292,39.9579910075004,71.7751994495981,46.4954929990951,45.829681322926,0.0155064579532151,0.271563407421003,0.102014117575806,8,FALSE,0.00111861876382399,0.134214453167544
"RT0_ZT6_remainder_dataset","372947","Snrnp27",40.3744837918027,0.00174576872609286,"upregulated",1,0.908766064008124,0.997427599417093,0.906346950991872,0.993081053544995,7.45539645758307e-05,0.00605983660587683,2.21753908575496,0.0693290629422596,1,FALSE,FALSE,"weak_effect",0.0367233201477208,0.320461522782306,0.114595099682739,FALSE,FALSE,1,0.0693290629422596,FALSE,TRUE,FALSE,FALSE,49.4473392528807,41.1416229609248,40.2824899789736,37.1993573565461,35.9053725874699,32.6681847127933,43.5905356445459,43.62806241054,36.0740893958497,43.8077836175028,1e-08,0.312497274792244,0.0983749291763387,7,FALSE,0.00111861876382399,0.042705521906494
"RT0_ZT6_remainder_dataset","77357","Stat5b",73.8538393544566,-0.00534561864547283,"downregulated",1,0.719246569198527,0.997427599417093,0.712097271253415,0.991210256192476,0.000788268552128351,0.00605983660587683,2.21753908575496,0.0985421065937203,1,FALSE,FALSE,"weak_effect",-0.115110935771823,0.320227675987915,-0.359465918792625,FALSE,FALSE,1,0.0985421065937203,FALSE,TRUE,FALSE,FALSE,71.001307645162,83.3951816775504,66.7841281230352,38.9295600242924,95.7476602332532,96.5633106951683,79.9159820150009,66.1457720417865,75.3547645157748,64.7007265735426,0.0525764394921938,0.219670868510036,0.109362916976577,9,FALSE,0.00111861876382399,0.147460678437271
"RT0_ZT6_remainder_dataset","336476","Eif2s2",131.831943215221,-0.00840092280957065,"downregulated",1,0.648429918504034,0.997427599417093,0.63972076370007,0.990225525419373,0.0016298592787815,0.00605983660587683,2.21753908575496,0.0299045385731972,1,FALSE,FALSE,"weak_effect",-0.11626030288929,0.25498786254934,-0.455944458402579,FALSE,FALSE,1,0.0299045385731972,FALSE,TRUE,FALSE,FALSE,106.501961467743,135.656162195482,122.967600988446,162.639050768155,102.396803305007,116.740718900129,150.145178331214,170.290179086301,137.081539704229,113.900237405507,0.0249533741749604,0.170439173946679,0.0703492997384622,8,FALSE,0.00111861876382399,0.194009552965384
"RT0_ZT6_remainder_dataset","126126","Gna12",331.004654975207,0.000617345513650995,"upregulated",1,0.97631319460487,0.997427599417093,0.975682452262389,0.993569577000203,6.60035311853757e-06,0.00605983660587683,2.21753908575496,0.0105184686485068,1,FALSE,FALSE,"weak_effect",0.00711838621857498,0.239745966947013,0.0296913700331328,FALSE,FALSE,1,0.0105184686485068,FALSE,TRUE,FALSE,FALSE,220.611205897468,416.975908387752,287.277757481628,326.143202870183,408.257384605677,310.347754771536,377.784642252731,280.064013538628,350.319490355251,332.265189591214,0.0351601245118846,0.132703719112282,0.0659650298650891,9,FALSE,0.00111861876382399,0.0106915057655525
"RT0_ZT6_remainder_dataset","467885","Inf2",147.140110803841,-0.000464436228424284,"downregulated",1,0.972242469556547,0.997427599417093,0.971503414586824,0.993542094403213,5.83130738253059e-06,0.00605983660587683,2.21753908575496,0.0838995083770546,1,FALSE,FALSE,"weak_effect",-0.0119323992696067,0.342925186204319,-0.0347959256118833,FALSE,FALSE,1,0.0838995083770546,FALSE,TRUE,FALSE,FALSE,97.6267980120977,160.118748820897,135.688387297595,124.574592077736,215.43223552482,109.054087203001,124.717365871895,135.106257787479,104.214036032455,264.86859941044,0.117523819858486,0.163914692757479,0.134333930414864,11,FALSE,0.00111861876382399,0.0125556686271326
"RT0_ZT6_remainder_dataset","130981","Gltp",108.623832527517,-0.00294088938787273,"downregulated",1,0.873621039538941,0.997427599417093,0.870284166122441,0.992796411960947,0.00017745008339662,0.00605983660587683,2.21753908575496,0.0184949260757344,1,FALSE,FALSE,"weak_effect",-0.0400218863470794,0.251613898000215,-0.159060714313345,FALSE,FALSE,1,0.0184949260757344,FALSE,TRUE,FALSE,FALSE,117.912885910715,85.6190531889517,112.366945730821,88.2403360550627,132.982861435074,131.153153332244,102.922098049622,102.737050192562,105.817328894492,106.486612485622,0.0148644475580032,0.183838054617965,0.0667109094210988,9,FALSE,0.00111861876382399,0.0603389179233894
"RT0_ZT6_remainder_dataset","234646","Hars1",65.303695999337,-0.00815085304553889,"downregulated",1,0.621257339466521,0.997427599417093,0.611993824178738,0.989787206564158,0.00173819354202281,0.00605983660587683,2.21753908575496,0.0748707587122293,1,FALSE,FALSE,"weak_effect",-0.143371972407466,0.290186040623315,-0.494069156805424,FALSE,FALSE,1,0.0748707587122293,FALSE,TRUE,FALSE,FALSE,72.2691881388256,62.2684023192376,62.5438660199853,60.5570933711215,53.1931445740295,63.4147115013046,76.2834373779554,52.0722035222574,60.1234823264161,90.3114308422366,0.0162253269362567,0.234327597744206,0.0855774658205108,8,FALSE,0.00111861876382399,0.213252960433897
"RT0_ZT6_remainder_dataset","367761","Chchd3",111.557058846763,-0.00492878418064303,"downregulated",1,0.793806732956801,0.997427599417093,0.788443308828196,0.992054616538679,0.000508796065278121,0.00605983660587683,2.21753908575496,0.0186085691501786,1,FALSE,FALSE,"weak_effect",-0.0642390345516445,0.245777591056243,-0.261370592313048,FALSE,FALSE,1,0.0186085691501786,FALSE,TRUE,FALSE,FALSE,100.162558999425,118.977125859972,102.826355998959,109.002768068019,113.035432219813,96.5633106951683,107.765490899016,149.179826307008,95.3959252912469,122.661794129008,0.0120764442119727,0.181836820476876,0.0634352290073116,8,FALSE,0.00111861876382399,0.103229528141307
"RT0_ZT6_remainder_dataset","16871","Idh2",184.187752832782,0.0139131932298047,"upregulated",1,0.424923489059122,0.997427599417093,0.412693864944657,0.984929526565254,0.00534784173062206,0.00605983660587683,2.21753908575496,0.095335051007744,1,FALSE,FALSE,"weak_effect",0.222715301875875,0.279123800712899,0.797908674599037,FALSE,FALSE,1,0.095335051007744,FALSE,TRUE,FALSE,FALSE,256.111859720049,164.566491843699,224.733891461642,179.075976111745,168.888234022544,193.126621390337,108.976339111365,171.697535938254,139.486478997285,235.2140997309,0.0555729452544856,0.152613006384998,0.0880810038957249,9,FALSE,0.00111861876382399,0.384371987242008
"RT0_ZT6_remainder_dataset","482915","Cerk",112.796717025555,-0.000219073527150285,"downregulated",1,0.988905550587523,0.99876432098173,0.988610052347441,0.993653130997963,1.08988595079492e-06,0.00605983660587683,2.21753908575496,0.0761068954997347,1,FALSE,FALSE,"weak_effect",-0.00470764058402527,0.338550617284222,-0.0139052783946723,FALSE,FALSE,1,0.0761068954997347,FALSE,TRUE,FALSE,FALSE,65.9297856705075,93.4026034788564,101.766290473196,147.067226758438,155.589947879036,109.054087203001,84.7593748643949,98.5149796367032,90.5860467051336,181.296827586281,0.0994757476984397,0.181022335754678,0.128675734446603,10,FALSE,0.000536980415123243,0.00497497787602265
"RT0_ZT6_remainder_dataset","475757","Mars1",102.649568226214,0.00201524515507732,"upregulated",1,0.89338243945548,0.997427599417093,0.8905601584814,0.992959266233972,0.000101440867498431,0.00605983660587683,2.21753908575496,0.0782864215439371,1,FALSE,FALSE,"weak_effect",0.0438508445971476,0.327182936650635,0.134025463082054,FALSE,FALSE,1,0.0782864215439371,FALSE,TRUE,FALSE,FALSE,68.4655466578348,86.7309889446524,96.4659628443842,78.7242213824579,191.495320466506,105.691185835508,89.6027677137889,108.366477600374,93.7926324292091,107.16057838743,0.0805166313957265,0.188267778853589,0.118689731618659,9,FALSE,0.00111861876382399,0.0503367380603077
"RT0_ZT6_remainder_dataset","410481","Slc24a2",443.883302688753,0.00407629027509827,"upregulated",1,0.822237938423386,0.997427599417093,0.817585255247003,0.992335650600854,0.000356540675349099,0.00605983660587683,2.21753908575496,0.024430925605478,1,FALSE,FALSE,"weak_effect",0.0590053365839309,0.262634038488473,0.224667514247284,FALSE,FALSE,1,0.024430925605478,FALSE,TRUE,FALSE,FALSE,571.814102642287,522.609805179316,473.849290015821,373.723776233207,321.818524672879,456.393757016965,542.459999132127,465.835117996411,444.11212278446,266.216531214056,0.0578553110708248,0.126352115375953,0.0805574157507424,10,FALSE,0.00111861876382399,0.0874669494287924
"RT0_ZT6_remainder_dataset","176898","Eef1akmt1",45.644313876491,-0.00227778566942504,"downregulated",1,0.8763124799618,0.997427599417093,0.873045451214411,0.992819032000314,0.00013430540921588,0.00605983660587683,2.21753908575496,0.0808524583909152,1,FALSE,FALSE,"weak_effect",-0.0508312376450726,0.326583464861376,-0.155645472334764,FALSE,FALSE,1,0.0808524583909152,FALSE,TRUE,FALSE,FALSE,31.6970123415902,51.1490447622309,38.1623589274487,44.1201680275314,59.8422876457832,49.0022770691899,46.0122320692429,36.5912781507755,47.297139430114,52.5693403410034,0.00616647689673248,0.288855642718506,0.106007869230447,7,FALSE,0.00111861876382399,0.0589631461022327
"RT0_ZT6_remainder_dataset","463264","Acot2",37.6884708780897,0.00107762903117515,"upregulated",1,0.941189928544758,0.997427599417093,0.939626384342909,0.993324471059824,2.91442582852445e-05,0.00605983660587683,2.21753908575496,0.0856272410805675,1,FALSE,FALSE,"weak_effect",0.0250811660566367,0.339971309666229,0.0737743607872689,FALSE,FALSE,1,0.0856272410805675,FALSE,TRUE,FALSE,FALSE,38.0364148099082,41.1416229609248,40.2824899789736,42.389965359785,27.9264009013655,34.5898426370752,26.638660671667,43.62806241054,42.4872608440007,39.7639882066564,1e-08,0.327091031571228,0.112177659885048,9,FALSE,0.00111861876382399,0.0270447969033118
"RT0_ZT6_remainder_dataset","476348","Pabpc1",130.982120840117,0.00972629835166687,"upregulated",1,0.596226949190426,0.997427599417093,0.586477891091363,0.989347611034706,0.00225405364492406,0.00605983660587683,2.21753908575496,0.0384680358899632,1,FALSE,FALSE,"weak_effect",0.13732104022913,0.259177421980582,0.529834115872249,FALSE,FALSE,1,0.0384680358899632,FALSE,TRUE,FALSE,FALSE,157.217181214287,91.1787319674551,154.76956676132,132.360504082594,151.600462035984,121.544863710834,108.976339111365,115.403261860138,117.040378928757,159.729918728433,0.0274598148415966,0.170846057370524,0.0729714584366744,9,FALSE,0.00111861876382399,0.23174835517335
"RT0_ZT6_remainder_dataset","444583","Ralgapa1",130.283413805237,-0.0114553126420714,"downregulated",1,0.50165521147067,0.997427599417093,0.490329748995433,0.987285356037059,0.00354555393936649,0.00605983660587683,2.21753908575496,0.0838995083770546,1,FALSE,FALSE,"weak_effect",-0.189144765494663,0.281512482490413,-0.671887668430847,FALSE,FALSE,1,0.0838995083770546,FALSE,TRUE,FALSE,FALSE,106.501961467743,101.186153768761,125.087732039971,115.058477405131,160.909262336439,116.740718900129,99.2895534125768,180.141677049972,118.643671790794,179.274929880858,0.0469249096709948,0.171184565011003,0.0872987501580483,9,FALSE,0.00111861876382399,0.309511756697492
"RT0_ZT6_remainder_dataset","300278","Arhgef2",37.5703500453404,0.000366579406769965,"upregulated",1,0.978351736017652,0.997432052911029,0.977775247787178,0.993583252133353,3.57816730146521e-06,0.00605983660587683,2.21753908575496,0.0954882894896184,1,FALSE,FALSE,"weak_effect",0.00965593678466726,0.355842736566125,0.0271354050327031,FALSE,FALSE,1,0.0954882894896184,FALSE,TRUE,FALSE,FALSE,50.7152197465443,31.1342011596188,40.2824899789736,32.0087493533071,34.5755439731192,34.1094281560047,38.7471427951519,32.3692075949168,52.1070180162273,29.6544996795404,0.0249203917288357,0.327780710962868,0.125236341992747,9,FALSE,0.00111667965212826,0.00976096102340678
"RT0_ZT6_remainder_dataset","450720","LOC100912557",70.6867024593286,-0.00401445617294264,"downregulated",1,0.811469378112187,0.997427599417093,0.806545855737988,0.99223156162902,0.000374833530358649,0.00605983660587683,2.21753908575496,0.0385361816937469,1,FALSE,FALSE,"weak_effect",-0.0669482020683966,0.280668925787094,-0.238530866502768,FALSE,FALSE,1,0.0385361816937469,FALSE,TRUE,FALSE,FALSE,64.6619051768439,53.3729162736322,68.9042591745601,73.5336133792189,85.1090313184473,65.816783906657,61.7532588297734,74.5899131535039,68.1399466366049,90.9853967440443,0.0133236761567815,0.224686556857963,0.0802879692312551,8,FALSE,0.00111861876382399,0.0933709359900404
"RT0_ZT6_remainder_dataset","114642","Slc49a4",96.9636496983598,0.0134744167199102,"upregulated",1,0.457852369486446,0.997427599417093,0.445963006342551,0.986038097145889,0.00472549364837781,0.00605983660587683,2.21753908575496,0.0673227108997354,1,FALSE,FALSE,"weak_effect",0.197203068792891,0.26563347539207,0.742387865466969,FALSE,FALSE,1,0.0673227108997354,FALSE,TRUE,FALSE,FALSE,119.180766404379,104.521961035863,106.006552576246,108.137666734146,79.7897168610443,102.808698949085,102.922098049622,84.4414111171742,97.8008645843035,64.0267606717349,0.0200949487010975,0.192990682215582,0.0743534283767027,6,FALSE,0.00111861876382399,0.350701165520233
"RT0_ZT6_remainder_dataset","446722","Sgpp1",98.4073833465362,0.00129101306385947,"upregulated",1,0.938886010538658,0.997427599417093,0.93726145912871,0.993307739895859,3.63281278811256e-05,0.00605983660587683,2.21753908575496,0.0354810854426333,1,FALSE,FALSE,"weak_effect",0.0222734243924164,0.290510008945952,0.0766700757513667,FALSE,FALSE,1,0.0354810854426333,FALSE,TRUE,FALSE,FALSE,121.716527391706,94.5145392345571,104.946487050484,69.2081067098531,106.386289148059,100.406626543732,108.976339111365,74.5899131535039,129.866721825059,73.4622832970432,0.0418044322647318,0.191739775430733,0.0910731560621894,9,FALSE,0.00111861876382399,0.0281392411107934
"RT0_ZT6_remainder_dataset","260045","Aars1",218.847233074492,-0.000945683613039901,"downregulated",1,0.949580769258846,0.997427599417093,0.948239635063755,0.993384706506824,2.18281705667755e-05,0.00605983660587683,2.21753908575496,0.024430925605478,1,FALSE,FALSE,"weak_effect",-0.0173431847765553,0.274273189871834,-0.0632332485164143,FALSE,FALSE,1,0.024430925605478,FALSE,TRUE,FALSE,FALSE,145.806256771315,232.39457294144,199.292318843343,290.674048181383,218.091892753521,254.619674967359,185.25977648932,302.581723169874,168.345750513965,191.406316113397,0.0556885979112632,0.145504231788981,0.0857049105371457,9,FALSE,0.00111861876382399,0.0230818957479964
"RT0_ZT6_remainder_dataset","512512","Chst2",66.5820418457289,0.00218491708574347,"upregulated",1,0.894376396765259,0.997427599417093,0.891580101398378,0.992967263993698,0.000108895465300535,0.00605983660587683,2.21753908575496,0.0440611406713235,1,FALSE,FALSE,"weak_effect",0.0391334415331086,0.294749246326324,0.132768588964543,FALSE,FALSE,1,0.0440611406713235,FALSE,TRUE,FALSE,FALSE,84.9479930754616,46.7013017394282,74.2045868033724,70.9383093775995,61.172116260134,65.3363694255865,50.8556249186369,66.1457720417865,67.338300205586,78.1800446096974,0.0171933781733307,0.231896916548484,0.0892192978159273,9,FALSE,0.00111861876382399,0.0498396328222592
"RT0_ZT6_remainder_dataset","236608","Aldh7a1",68.5365919212543,0.00012954002808386,"upregulated",1,0.994807645205146,0.999521783590337,0.99466934072567,0.993691550702651,3.00697169136024e-07,0.00605983660587683,2.21753908575496,0.0553909940500312,1,FALSE,FALSE,"weak_effect",0.00207356504991786,0.318632667986981,0.00650769760369513,FALSE,FALSE,1,0.0553909940500312,FALSE,TRUE,FALSE,FALSE,45.6436977718898,77.835502899047,59.3636694426979,81.3195253840774,79.7897168610443,86.9550210737585,64.1749552544704,45.0354192624929,82.5695823949448,62.6788288681194,0.0433963424427956,0.228355787979594,0.107242141525699,9,FALSE,0.000207736423315215,0.00232126836456575
"RT0_ZT6_remainder_dataset","341003","Urm1",157.263391755692,-0.00289667839637472,"downregulated",1,0.853120199525163,0.997427599417093,0.849254103273229,0.992619346228452,0.000205555094923922,0.00605983660587683,2.21753908575496,0.0569661401675826,1,FALSE,FALSE,"weak_effect",-0.0560248711118019,0.302610164106429,-0.185138761869538,FALSE,FALSE,1,0.0569661401675826,FALSE,TRUE,FALSE,FALSE,95.0910370247705,143.439712485387,144.168911503695,166.099456103648,223.411207210924,172.949213185376,95.6570087755314,156.216610566772,174.758921962116,200.841838738705,0.0725818246808221,0.160297787932429,0.103518112018339,9,FALSE,0.00111861876382399,0.0709623461068998
"RT0_ZT6_remainder_dataset","334144","RGD1311739",126.295686040698,0.00160391759048689,"upregulated",1,0.903929145473469,0.997427599417093,0.901383048731289,0.993043216086841,7.23216280981628e-05,0.00605983660587683,2.21753908575496,0.0784790191600802,1,FALSE,FALSE,"weak_effect",0.0396867838589934,0.328806841764405,0.120699385834038,FALSE,FALSE,1,0.0784790191600802,FALSE,TRUE,FALSE,FALSE,59.5903832021895,124.536804638475,113.427011256584,185.99678678273,156.919776493387,122.505692672975,94.4461605631829,105.551763896468,144.296357583399,155.686123317587,0.0925431226467897,0.173188217331045,0.121838706416178,10,FALSE,0.00111861876382399,0.045090613462384
"RT0_ZT6_remainder_dataset","493448","Atp6v1c1",57.9580459519586,-0.00176364022842772,"downregulated",1,0.903850337844062,0.997427599417093,0.901302173771156,0.993042596189102,7.95923454179808e-05,0.00605983660587683,2.21753908575496,0.0743454659184577,1,FALSE,FALSE,"weak_effect",-0.0392687149154007,0.325075159334119,-0.120798879237154,FALSE,FALSE,1,0.0743454659184577,FALSE,TRUE,FALSE,FALSE,72.2691881388256,52.2609805179316,60.4237349684604,65.7477013743605,34.5755439731192,50.9239349934719,61.7532588297734,61.9237014859278,44.8922001370573,74.8102151006587,0.0358885449127312,0.25037309739495,0.109458258432831,7,FALSE,0.00111861876382399,0.0451295814957322
"RT0_ZT6_remainder_dataset","146876","Glrx2",93.2294266909353,-0.0035263637026037,"downregulated",1,0.841779596465931,0.997427599417093,0.837623054976464,0.992517626943627,0.000271358544549086,0.00605983660587683,2.21753908575496,0.024430925605478,1,FALSE,FALSE,"weak_effect",-0.0527567385944871,0.264288902627564,-0.199617683792164,FALSE,FALSE,1,0.024430925605478,FALSE,TRUE,FALSE,FALSE,81.1443515944708,98.9622822573598,85.8653075867595,111.598072069638,78.4598882466936,72.5425866416439,87.1810712890919,115.403261860138,103.412389601436,97.7250557621217,0.0184394169176326,0.196405855862712,0.0730100566585537,9,FALSE,0.00111861876382399,0.0769513775192071
"RT0_ZT6_remainder_dataset","316763","Pfkl",90.9831637403236,-0.000887135306672214,"downregulated",1,0.949636741770298,0.997427599417093,0.948297092296388,0.993385104675459,2.04534199994675e-05,0.00605983660587683,2.21753908575496,0.0736947566815494,1,FALSE,FALSE,"weak_effect",-0.0208768780130574,0.330524075451922,-0.0631629571446879,FALSE,FALSE,1,0.0736947566815494,FALSE,TRUE,FALSE,FALSE,105.234080974079,71.163888364843,100.706224947434,56.2315867017557,118.354746677216,86.4746065926881,144.090937269471,73.182556301551,84.9745216880014,69.4184878861968,0.0776208185927994,0.19859523539512,0.120023272079364,9,FALSE,0.00111861876382399,0.0230555810885169
"RT0_ZT6_remainder_dataset","78024","Dcakd",45.3975644780087,-0.00108300008259382,"downregulated",1,0.938329066466893,0.997427599417093,0.936689771522241,0.993303682775822,3.07617749440616e-05,0.00605983660587683,2.21753908575496,0.0811367018597001,1,FALSE,FALSE,"weak_effect",-0.0259634727093683,0.335574692401429,-0.0773701750974404,FALSE,FALSE,1,0.0811367018597001,FALSE,TRUE,FALSE,FALSE,58.3225027085259,47.8132374951289,46.6428831335484,35.4691546887997,35.9053725874699,40.3548164099211,48.4339284939399,59.1089877820219,48.9004322921517,33.0243291885791,0.0241136197722617,0.289840132863324,0.112888889458071,9,FALSE,0.00111861876382399,0.0284042221588627
"RT0_ZT6_remainder_dataset","216114","Tmem14c",196.468281442321,-0.00154907222251133,"downregulated",1,0.941458034707579,0.997427599417093,0.939901591685944,0.993326412639865,4.16973295960714e-05,0.00605983660587683,2.21753908575496,0.00359857447772621,1,FALSE,FALSE,"weak_effect",-0.0155332080576589,0.211516231832703,-0.0734374280549056,FALSE,FALSE,1,0.00359857447772621,FALSE,TRUE,FALSE,FALSE,196.521476517859,182.35746393491,201.412449894868,194.647800121462,202.133949381312,207.058641341381,238.537097832654,168.882822234348,210.031364926947,163.099748237472,0.00845920304736823,0.149807324854447,0.048572356006696,7,FALSE,0.00111861876382399,0.0269176149375865
"RT0_ZT6_remainder_dataset","310034","Ube2g2",60.1199626426975,0.00259265817037627,"upregulated",1,0.866211166432367,0.997427599417093,0.862682425723096,0.99273339701266,0.000166316556461445,0.00605983660587683,2.21753908575496,0.069637795028776,1,FALSE,FALSE,"weak_effect",0.0531553138680314,0.315512320954967,0.168473020981067,FALSE,FALSE,1,0.069637795028776,FALSE,TRUE,FALSE,FALSE,64.6619051768439,60.0445308078363,64.6639970715103,42.389965359785,74.4704024036413,44.6785467395555,50.8556249186369,70.3678425976452,52.9086644472462,76.1581469042741,0.0345077382604474,0.245243526633486,0.102733818287774,8,FALSE,0.00111861876382399,0.0641490491734618
"RT0_ZT6_remainder_dataset","493067","Laptm4b",66.0590671908304,-0.00557570590921266,"downregulated",1,0.711133176716283,0.997427599417093,0.703797649574209,0.991107523782961,0.000850586135440045,0.00605983660587683,2.21753908575496,0.0900201025657497,1,FALSE,FALSE,"weak_effect",-0.115797787337545,0.312684202432384,-0.370334626555319,FALSE,FALSE,1,0.0900201025657497,FALSE,TRUE,FALSE,FALSE,71.001307645162,65.6042095863396,66.7841281230352,77.8591200485848,34.5755439731192,70.6209287173619,75.0725891656069,81.6266974132684,56.1152501713217,61.330897064504,0.0298194482561411,0.232879943904128,0.102025100712154,7,FALSE,0.00111861876382399,0.152552187882549
"RT0_ZT6_remainder_dataset","377977","Cops7a",171.869399309204,-0.00336881235633714,"downregulated",1,0.874659149984363,0.997427599417093,0.871349206726381,0.992805153478143,0.000201481120381666,0.00605983660587683,2.21753908575496,0.0041387204981211,1,FALSE,FALSE,"weak_effect",-0.0331712286628883,0.210286253466576,-0.157743210105556,FALSE,FALSE,1,0.0041387204981211,FALSE,TRUE,FALSE,FALSE,176.235388619241,175.685849400706,170.670549647757,145.337024090692,180.8566915517,152.771804980416,174.362142578184,195.622602421454,190.791850582494,156.360089219395,0.00604831090865467,0.155830130847235,0.047200223402056,11,FALSE,0.00111861876382399,0.059807759848261
"RT0_ZT6_remainder_dataset","101348","Tmem50b",163.439151363016,-0.00374941166311973,"downregulated",1,0.809878312331788,0.997427599417093,0.804914937632649,0.992215943748612,0.000353382097560799,0.00605983660587683,2.21753908575496,0.0629273654335548,1,FALSE,FALSE,"weak_effect",-0.0728079891121932,0.302631454750019,-0.240583019277803,FALSE,FALSE,1,0.0629273654335548,FALSE,TRUE,FALSE,FALSE,169.895986150923,190.141014224815,156.889697812845,105.542362732526,172.877719865596,139.800613991512,220.374374647427,211.103527792936,174.758921962116,93.0072944494676,0.0751727181981038,0.158311321852101,0.103746157029998,10,FALSE,0.00111861876382399,0.0942500128851587
"RT0_ZT6_remainder_dataset","354514","Ndufaf5",67.5585673038423,-0.000966715264621854,"downregulated",1,0.948659850808024,0.997427599417093,0.947294290413984,0.9933781485437,2.27323870664273e-05,0.00605983660587683,2.21753908575496,0.0522160324348974,1,FALSE,FALSE,"weak_effect",-0.0199294863222559,0.309513090838243,-0.0643898009880022,FALSE,FALSE,1,0.0522160324348974,FALSE,TRUE,FALSE,FALSE,77.34071011348,51.1490447622309,74.2045868033724,89.1054373889359,42.5545156592236,64.3755404634455,69.0183481038644,75.9972700054568,74.553118084756,57.2871016536576,0.0325134433039853,0.230102098049311,0.100085926457137,7,FALSE,0.00111861876382399,0.0235150802913197
"RT0_ZT6_remainder_dataset","56911","Mta2",106.508923725074,0.00625223369044785,"upregulated",1,0.701140817924908,0.997427599417093,0.693578422456553,0.990977683616235,0.0009935076084406,0.00605983660587683,2.21753908575496,0.0708158038251647,1,FALSE,FALSE,"weak_effect",0.11367582843763,0.296199777958287,0.383780937383547,FALSE,FALSE,1,0.0708158038251647,FALSE,TRUE,FALSE,FALSE,77.34071011348,101.186153768761,106.006552576246,111.598072069638,158.249605107738,88.8766789980405,108.976339111365,68.9604857456923,130.668368256078,113.2262715037,0.0485753861952996,0.18534936976329,0.0958909615929647,9,FALSE,0.00111861876382399,0.158904426422588
"RT0_ZT6_remainder_dataset","61332","Ina",297.735725266839,0.0258499727828314,"upregulated",1,0.200779313855777,0.997427599417093,0.18904432235415,0.967676649298139,0.0187008102536007,0.00605983660587683,2.21753908575496,0.0956477042898742,1,FALSE,FALSE,"weak_effect",0.31504565566144,0.24625746696762,1.27933442807184,FALSE,FALSE,1,0.0956477042898742,FALSE,TRUE,FALSE,FALSE,261.183381694703,280.207810436569,323.319985357551,488.782253638338,295.221952385864,264.70837906984,294.236115600685,280.064013538628,281.377897287627,208.25546365859,0.0394578042948213,0.135494644890585,0.0694234742894211,9,FALSE,0.00111861876382399,0.723436361450295
"RT0_ZT6_remainder_dataset","360670","Prpf6",101.99018382896,-0.004656809369627,"downregulated",1,0.769233844057589,0.997427599417093,0.763268264563875,0.991794702532295,0.000546349888659318,0.00605983660587683,2.21753908575496,0.0657932144416665,1,FALSE,FALSE,"weak_effect",-0.0880987711566853,0.300291803437082,-0.293377208929194,FALSE,FALSE,1,0.0657932144416665,FALSE,TRUE,FALSE,FALSE,67.1976661641712,95.6264749902577,93.2857662670968,99.4866533954139,139.632004506828,109.534501684072,116.241428385456,81.6266974132684,77.7597038088315,139.510941674201,0.0517186207775902,0.18878849095706,0.0983331165255815,9,FALSE,0.00111861876382399,0.117322794491603
"RT0_ZT6_remainder_dataset","536340","Kansl3",260.178066300839,-0.00553848518433704,"downregulated",1,0.744991592865832,0.997427599417093,0.738444516267829,0.991521209775979,0.000729319527463764,0.00605983660587683,2.21753908575496,0.0455123855440496,1,FALSE,FALSE,"weak_effect",-0.0910820163236187,0.280036630195541,-0.325250365496896,FALSE,FALSE,1,0.0455123855440496,FALSE,TRUE,FALSE,FALSE,199.057237505186,199.03650027042,251.235529605704,232.712258811881,379.00115508996,222.912319216707,297.868660237731,177.326963346066,311.038815235326,331.591223689406,0.0647107525030104,0.139503048010483,0.0902643499983463,10,FALSE,0.00111861876382399,0.131682130255814
"RT0_ZT6_remainder_dataset","262040","Rab4a",221.102959952931,-0.0145695635429822,"downregulated",1,0.489462058077414,0.997427599417093,0.477967768462769,0.986960797116579,0.00467102230681331,0.00605983660587683,2.21753908575496,0.0178125753543485,1,FALSE,FALSE,"weak_effect",-0.152448900008881,0.220568129021763,-0.69116467861882,FALSE,FALSE,1,0.0178125753543485,FALSE,TRUE,FALSE,FALSE,219.343325403804,220.163279628733,213.073170678255,209.354522797306,184.846177394753,238.765997092033,285.760178114246,198.437316125359,261.336736512155,179.948895782665,0.0164053274807304,0.145118819635531,0.053803508594714,7,FALSE,0.00111861876382399,0.32060138884965
"RT0_ZT6_remainder_dataset","357009","Raly",173.305699588123,0.0101944313752648,"upregulated",1,0.55394090898756,0.997427599417093,0.543432646672199,0.988513528386612,0.00270003873020528,0.00605983660587683,2.21753908575496,0.0712893296504654,1,FALSE,FALSE,"weak_effect",0.165365246334738,0.279396841220413,0.591865124932761,FALSE,FALSE,1,0.0712893296504654,FALSE,TRUE,FALSE,FALSE,159.752942201614,252.409416544052,167.490353070469,166.099456103648,170.218062636895,153.732633942557,209.47674073629,122.440046119903,214.84124351306,116.596101012738,0.0542364617107644,0.155431465628504,0.0879157521032745,9,FALSE,0.00111861876382399,0.264854274928616
"RT0_ZT6_remainder_dataset","167944","Ccdc149",110.694301302058,-0.00595850267280833,"downregulated",1,0.701760690010557,0.997427599417093,0.694212286378382,0.990985847357692,0.000944468579862685,0.00605983660587683,2.21753908575496,0.0857125304878169,1,FALSE,FALSE,"weak_effect",-0.117932556861799,0.307962284925484,-0.382944804070195,FALSE,FALSE,1,0.0857125304878169,FALSE,TRUE,FALSE,FALSE,77.34071011348,66.7161453420403,104.946487050484,160.043746766535,121.014403905917,93.2004093276749,134.404151570683,98.5149796367032,131.470014687097,119.291964619969,0.0639827208838082,0.18241443879066,0.104695616696516,9,FALSE,0.00111861876382399,0.158507704321888
"RT0_ZT6_remainder_dataset","279781","Ntng1",58.6186211265826,0.00370695473808444,"upregulated",1,0.810550366440659,0.997427599417093,0.805603819779973,0.992222548226204,0.000348003288240207,0.00605983660587683,2.21753908575496,0.0758877113485742,1,FALSE,FALSE,"weak_effect",0.0752877821082496,0.31407063450716,0.239716082423278,FALSE,FALSE,1,0.0758877113485742,FALSE,TRUE,FALSE,FALSE,50.7152197465443,55.5967877850336,58.3036039169355,57.0966880356288,79.7897168610443,45.6393757016965,47.2230802815914,47.8501329663987,74.553118084756,69.4184878861968,0.0295342530069545,0.248765610567985,0.101298265989257,7,FALSE,0.00111861876382399,0.0938784832371698
"RT0_ZT6_remainder_dataset","249750","Cx3cl1",612.533795372659,-0.0122992368086114,"downregulated",1,0.555604765904109,0.997427599417093,0.54512481506897,0.988548776215696,0.00324089868208546,0.00605983660587683,2.21753908575496,0.0148203336404511,1,FALSE,FALSE,"weak_effect",-0.12963674525695,0.219953531943037,-0.589382421422189,FALSE,FALSE,1,0.0148203336404511,FALSE,TRUE,FALSE,FALSE,636.47600781913,502.594961576704,621.198398096804,426.49495759947,740.714538193361,699.963898919703,518.243034885157,629.088512822948,630.094094780841,720.46954903247,0.0289832737748967,0.121223935404804,0.0564355734967247,9,FALSE,0.00111861876382399,0.263504047650852
"RT0_ZT6_remainder_dataset","320294","Ostm1",141.727287671395,0.00957505972868801,"upregulated",1,0.580205612987176,0.997427599417093,0.570159453835213,0.98904607044901,0.00233634971645677,0.00605983660587683,2.21753908575496,0.0652173417383386,1,FALSE,FALSE,"weak_effect",0.153809164264388,0.278093473816727,0.553084407747568,FALSE,FALSE,1,0.0652173417383386,FALSE,TRUE,FALSE,FALSE,107.769841961407,176.797785156407,133.56825624607,175.615570776252,151.600462035984,105.691185835508,134.404151570683,153.401896862866,97.8008645843035,180.622861684473,0.047038672791144,0.166060614052833,0.0857468760692504,9,FALSE,0.00111861876382399,0.244003670228478
"RT0_ZT6_remainder_dataset","81535","Fasn",106.881275884319,0.0143022996048236,"upregulated",1,0.433437946966574,0.997427599417093,0.421288878674446,0.985232449519209,0.00536936939449878,0.00605983660587683,2.21753908575496,0.0684028655434446,1,FALSE,FALSE,"weak_effect",0.20636065541612,0.26344288862059,0.783322170875982,FALSE,FALSE,1,0.0684028655434446,FALSE,TRUE,FALSE,FALSE,87.4837540627888,101.186153768761,111.306880205059,126.304794745482,146.281147578581,89.8375079601815,104.132946261971,95.7002659327974,82.5695823949448,124.009725932623,0.0227716511586046,0.185078948548969,0.0739157382738726,7,FALSE,0.00111861876382399,0.375420005373675
"RT0_ZT6_remainder_dataset","436891","Mtor",70.3502378678999,0.00656662847490304,"upregulated",1,0.681936489374393,0.997427599417093,0.673946187895889,0.990717300804394,0.00112535450290227,0.00605983660587683,2.21753908575496,0.088012981601842,1,FALSE,FALSE,"weak_effect",0.125966967650247,0.307369911965814,0.409822050716068,FALSE,FALSE,1,0.088012981601842,FALSE,TRUE,FALSE,FALSE,55.7867417211987,61.1564665635369,71.024390226085,89.1054373889359,90.4283457758502,73.0230011227144,75.0725891656069,54.8869172261632,48.0987858611329,84.9197036277747,0.0361292427155805,0.225245941556246,0.0991705429683794,8,FALSE,0.00111861876382399,0.171374778884363
"RT0_ZT6_remainder_dataset","25776","Mark2",116.761699218466,0.00543965032378031,"upregulated",1,0.750677876247056,0.997427599417093,0.744265998406215,0.991586971030952,0.000697753853627814,0.00605983660587683,2.21753908575496,0.0496648632113992,1,FALSE,FALSE,"weak_effect",0.0904141019022284,0.284548664229529,0.317745655728317,FALSE,FALSE,1,0.0496648632113992,FALSE,TRUE,FALSE,FALSE,112.841363936061,77.835502899047,127.207863091496,157.448442764916,126.33371836332,96.0828962140978,104.132946261971,119.625332415997,93.7926324292091,152.316293808548,0.04509320076937,0.178533370220979,0.0885920089064324,9,FALSE,0.00111861876382399,0.128271821182599
"RT0_ZT6_remainder_dataset","438834","Epas1",122.065159237587,-0.00366908059349978,"downregulated",1,0.82735895781071,0.997427599417093,0.822835730599121,0.992384183989033,0.000310722906772684,0.00605983660587683,2.21753908575496,0.0385361816937469,1,FALSE,FALSE,"weak_effect",-0.0616039705912394,0.282470353439834,-0.218090039683973,FALSE,FALSE,1,0.0385361816937469,FALSE,TRUE,FALSE,FALSE,73.5370686324892,108.969704058666,110.246814679296,166.099456103648,138.302175892477,126.349008521539,136.82584799538,101.329693340609,115.437086066719,143.554737085048,0.042974902528366,0.175456978185855,0.0875164848722349,9,FALSE,0.00111861876382399,0.0846868578801914
"RT0_ZT6_remainder_dataset","313828","Amd1",97.0478098316611,0.00922393592856428,"upregulated",1,0.582611199453986,0.997427599417093,0.572608937643281,0.989092417623883,0.00223350116384773,0.00605983660587683,2.21753908575496,0.0778933741396711,1,FALSE,FALSE,"weak_effect",0.15814067588211,0.287751075510284,0.54957457796351,FALSE,FALSE,1,0.0778933741396711,FALSE,TRUE,FALSE,FALSE,82.4122320881344,124.536804638475,93.2857662670968,130.630301414848,79.7897168610443,94.1612382898159,93.2353123508343,99.9223364886561,109.825561049587,62.6788288681194,0.0388587143589148,0.192916741060659,0.0890519257372574,9,FALSE,0.00111861876382399,0.242141877517939
"RT0_ZT6_remainder_dataset","388159","Tmem178b",80.6800046724264,-0.00246692154676506,"downregulated",1,0.8640949925554,0.997427599417093,0.860511574682854,0.992715198771673,0.000160950062172249,0.00605983660587683,2.21753908575496,0.0865925277289061,1,FALSE,FALSE,"weak_effect",-0.0565484341375833,0.330376185114025,-0.171163772346564,FALSE,FALSE,1,0.0865925277289061,FALSE,TRUE,FALSE,FALSE,69.7334271514984,55.5967877850336,81.6250454837097,51.0409786985167,138.302175892477,77.8271459334192,81.1268302273494,84.4414111171742,80.1646431018881,86.9416013331979,0.0688942785242603,0.210199509091145,0.118470769766224,9,FALSE,0.00111861876382399,0.065243283631499
"RT0_ZT6_remainder_dataset","300822","Adar",150.213541264265,-0.0162377902506836,"downregulated",1,0.418948565000889,0.997427599417093,0.406665644551984,0.984709544801015,0.00634511976615252,0.00605983660587683,2.21753908575496,0.0281773920625298,1,FALSE,FALSE,"weak_effect",-0.187379093833735,0.231834028201078,-0.80824672412289,FALSE,FALSE,1,0.0281773920625298,FALSE,TRUE,FALSE,FALSE,129.323810353688,147.887455508189,137.80851834912,147.067226758438,140.961833121178,163.340923563966,130.771606933638,160.438681122631,136.27989327321,208.25546365859,0.0150085538686498,0.162765063691613,0.0577426445948523,9,FALSE,0.00111861876382399,0.39076251560063
"RT0_ZT6_remainder_dataset","482182","Tob2",49.2299366990397,-0.00170019030533924,"downregulated",1,0.909073280367601,0.997427599417093,0.906662239144393,0.993083442939354,7.23506998581451e-05,0.00605983660587683,2.21753908575496,0.0671620427134326,1,FALSE,FALSE,"weak_effect",-0.0363874387821175,0.318608044211741,-0.114207533184363,FALSE,FALSE,1,0.0671620427134326,FALSE,TRUE,FALSE,FALSE,58.3225027085259,47.8132374951289,51.9432107623607,52.771181366263,31.9158867444177,50.9239349934719,54.4881695556824,45.0354192624929,59.3218358953972,39.7639882066564,0.0111082073914177,0.275663262773111,0.101424145410933,7,FALSE,0.00111861876382399,0.04255447147942
"RT0_ZT6_remainder_dataset","393488","Ccdc142",398.237533515836,-0.0219289146601993,"downregulated",1,0.34109278488196,0.997427599417093,0.328387737374972,0.981133517698712,0.010605109710651,0.00605983660587683,2.21753908575496,0.0147161291726569,1,FALSE,FALSE,"weak_effect",-0.193667102542216,0.203430062003129,-0.952008275646287,FALSE,FALSE,1,0.0147161291726569,FALSE,TRUE,FALSE,FALSE,351.202896744819,381.39396420533,368.902802965337,301.920365521734,456.131214722303,466.962875600515,438.327052870156,363.098067803849,472.97139430114,381.464700423178,0.0150725536877797,0.128486949023676,0.0471230013099226,7,FALSE,0.00111861876382399,0.483613068634862
"RT0_ZT6_remainder_dataset","571647","Pcyt1b",46.7289443686512,0.0012940721073771,"upregulated",1,0.933643972712729,0.997427599417093,0.931880720698485,0.993269358443561,3.9649946358011e-05,0.00605983660587683,2.21753908575496,0.061536144392801,1,FALSE,FALSE,"weak_effect",0.0263759530616607,0.316786228579686,0.0832610469840104,FALSE,FALSE,1,0.061536144392801,FALSE,TRUE,FALSE,FALSE,40.5721757972354,37.8058156938228,47.7029486593109,44.1201680275314,65.1616021031862,40.8352308909916,48.4339284939399,54.8869172261632,43.2889072750196,44.4817495193106,0.00507368537244248,0.28465143985297,0.0988941072363932,9,FALSE,0.00111861876382399,0.0306396731155699
"RT0_ZT6_remainder_dataset","111554","Mrps6",126.062779084103,-0.0180126950823154,"downregulated",1,0.338814101669989,0.997427599417093,0.326105155598778,0.981003969798508,0.0087657399964606,0.00605983660587683,2.21753908575496,0.0735175243965449,1,FALSE,FALSE,"weak_effect",-0.243969047288315,0.255061398319576,-0.956511055360236,FALSE,FALSE,1,0.0735175243965449,FALSE,TRUE,FALSE,FALSE,93.8231565311069,152.335198530992,103.886421524721,108.137666734146,118.354746677216,125.388179559398,117.452276597804,170.290179086301,118.643671790794,152.316293808548,0.0220562727087561,0.173309160564324,0.0699587599058647,7,FALSE,0.00111861876382399,0.486642335108791
"RT0_ZT6_remainder_dataset","83653","Nme3",180.528445108718,0.000238937339504722,"upregulated",1,0.946604908423922,0.997427599417093,0.945184857081552,0.993363468184981,5.8499613910165e-06,0.00605983660587683,2.21753908575496,0.0105184686485068,1,FALSE,FALSE,"weak_effect",0.0159093254559906,0.237555968908133,0.066970851244504,FALSE,FALSE,1,0.0105184686485068,FALSE,TRUE,FALSE,FALSE,159.752942201614,196.812628759019,173.850746225044,226.656549474769,148.940804807283,168.145068374671,224.006919284472,166.068108530443,194.800082737588,146.250600692279,0.0223539314080911,0.153522850623114,0.062165015827839,8,FALSE,0.00111861876382399,0.0244832448672213
"RT0_ZT6_remainder_dataset","336261","Nol4l",49.4859050915117,0.00579333033134681,"upregulated",1,0.710934410433389,0.997427599417093,0.70359434337739,0.991104977124841,0.000884512122987644,0.00605983660587683,2.21753908575496,0.0838995083770546,1,FALSE,FALSE,"weak_effect",0.113997762407932,0.307602050468118,0.370601438561436,FALSE,FALSE,1,0.0838995083770546,FALSE,TRUE,FALSE,FALSE,48.179458759217,38.9177514495235,53.0032762881232,62.2872960388678,54.5229731883803,46.6002046638375,38.7471427951519,53.4795603742103,55.3136037403028,43.8077836175028,1e-08,0.274794602313357,0.0933589374946743,9,FALSE,0.00111861876382399,0.152677660757869
"RT0_ZT6_remainder_dataset","569088","Hsd17b10",76.7924959250687,-0.00260982517785417,"downregulated",1,0.877884365604637,0.997427599417093,0.874658165091639,0.99283217752133,0.000151791726255633,0.00605983660587683,2.21753908575496,0.0324862129199628,1,FALSE,FALSE,"weak_effect",-0.0431274807743244,0.280683384111484,-0.15365170585657,FALSE,FALSE,1,0.0324862129199628,FALSE,TRUE,FALSE,FALSE,63.3940246831803,72.2758241205436,73.14452127761,100.351754729287,67.8212593318877,64.3755404634455,99.2895534125768,70.3678425976452,75.3547645157748,81.549874118736,0.0197018042679877,0.215387045870947,0.0814421802603899,9,FALSE,0.00111861876382399,0.0581616452870755
"RT0_ZT6_remainder_dataset","574540","LOC102555659",95.8893830453225,-0.00481216561190751,"downregulated",1,0.759350022627358,0.997427599417093,0.753145771134564,0.991685337953644,0.000592478440668743,0.00605983660587683,2.21753908575496,0.0715074434747717,1,FALSE,FALSE,"weak_effect",-0.093147823012459,0.304072321308743,-0.306334435872183,FALSE,FALSE,1,0.0715074434747717,FALSE,TRUE,FALSE,FALSE,105.234080974079,100.07421801306,95.4058973186217,96.0262480599212,66.4914307175369,112.897403051565,112.60888374841,106.959120748421,110.627207480606,52.5693403410034,0.0535005048163172,0.19394591039145,0.100424871340106,9,FALSE,0.00111861876382399,0.123120958098923
