"dataset_name","feature_id","gene_symbol","baseMean","lfc_shrunk","regulation_direction","lfdr","pvalue","padj","empirical_p","empirical_q","HBFSS","hc_p_threshold_dataset","hbfss_threshold_dataset","resLA_padj","resGA_padj","standard_significant","HBFSS_significant","effect_class","log2FoldChange","lfcSE","stat","raw_lfc_pass","shrunk_lfc_pass","padj_strong_effect","padj_weak_effect","deseq2_strong_call","deseq2_weak_call","HBFSS_only_call","overlap_call","R4_1","R4_2","R4_3","R4_4","R4_5","ZT10_1","ZT10_2","ZT10_3","ZT10_4","ZT10_5","dispGeneEst","dispFit","dispersion","dispIter","dispOutlier","neglog10_padj","neglog10_empirical_p"
"RT4_ZT10_leading_edge_dataset","378009","Gapdh",7872.84491212676,1.05888773979608,"upregulated",0.0275469750430541,2.00996706137352e-07,3.26988583063637e-05,7.17867596928823e-05,0.00983064714897122,4.38798383139439,NA,NA,0.766393621739144,1,TRUE,FALSE,"intermediate",1.13191061896145,0.217741554549512,5.19841341862039,TRUE,TRUE,1,0.766393621739144,FALSE,FALSE,FALSE,FALSE,14613.2700518244,8725.41123375857,14081.6919386644,7995.26393089659,8644.3722989023,4880.95603641965,4020.64568602191,5295.63730627939,5422.85973747999,5048.34090102044,0.0511261374160079,0.0722236115456064,0.0567745449370137,9,FALSE,4.48546741063948,4.14395564938679
"RT4_ZT10_leading_edge_dataset","92652","Septin4",430.584642774734,3.50527083927806,"upregulated",1.53008429585552e-05,5.5190709511729e-14,5.53058764518124e-11,9.3210485996309e-09,8.65503603942876e-06,28.1492009571813,NA,NA,1,6.67966797762586e-05,TRUE,FALSE,"strong_effect",3.63609531633736,0.483586694430949,7.51901439433949,TRUE,TRUE,6.67966797762586e-05,1,TRUE,FALSE,FALSE,FALSE,759.124807285419,757.285500741107,506.033539307642,261.851362397001,1700.30630665465,58.1969874741586,45.1757942249652,23.3860332465724,51.7768129947542,142.709283421072,0.403565408177955,0.0982848143064585,0.270041962625317,10,FALSE,10.2572287208652,8.03053522762278
"RT4_ZT10_leading_edge_dataset","144905","LOC100362110",2900.69860481233,-1.45549682084396,"downregulated",0.00604882680954188,2.93082723967769e-09,8.88973189562238e-07,5.810280098828e-06,0.00153688926502908,7.62069452045033,NA,NA,0.993576537891271,1,TRUE,FALSE,"intermediate",-1.54237202497225,0.259858671106398,-5.9354264316265,TRUE,TRUE,1,0.993576537891271,FALSE,FALSE,FALSE,FALSE,1020.94060769284,1180.58624174508,1234.54734158675,1843.30939300024,2136.34653857493,5397.13801227741,5521.95289410273,3591.05532741811,2958.8925779061,4122.2171138191,0.0856090568643963,0.0748081882806116,0.0806742287557536,9,FALSE,6.05111133666843,5.23580293087245
"RT4_ZT10_leading_edge_dataset","437160","Eno1",451.015661123408,1.25425481398766,"upregulated",0.411220887550976,0.000356472831116185,0.00991143000849294,0.00639381710589038,0.167905076253375,2.75213582066726,NA,NA,0.912988741108141,1,TRUE,FALSE,"intermediate",1.51003490456925,0.42293473892815,3.57037331195862,TRUE,TRUE,1,0.912988741108141,FALSE,FALSE,FALSE,FALSE,385.437982646467,551.098607816615,543.840642819133,454.876180922854,1403.34787284687,411.174368023947,96.6551876441116,203.978178872881,141.624812015063,318.122777626141,0.290728230445232,0.0970359372456261,0.211400076539439,10,FALSE,2.00386368153959,2.19423979081044
"RT4_ZT10_leading_edge_dataset","189162","-",2265.17596156398,-1.46625940220964,"downregulated",0.0275469750430541,2.78196315055061e-07,3.94979576672855e-05,8.71354750546782e-05,0.0110866060844766,5.95272724758961,NA,NA,0.986755176667364,1,TRUE,FALSE,"intermediate",-1.58863965934712,0.309215273918995,-5.13764937680051,TRUE,TRUE,1,0.986755176667364,FALSE,FALSE,FALSE,FALSE,858.304580868839,959.196628604952,632.541924134553,1480.54693244629,1721.60712258179,4388.81194669253,4010.13968736494,1841.00050613295,2754.83102080913,4004.77926600384,0.129137461778214,0.0759563585899692,0.114282165838406,8,FALSE,4.4034253599877,4.05980499672765
"RT4_ZT10_leading_edge_dataset","218802","LOC688682",880.970172238367,1.77497305347618,"upregulated",0.00142429386142883,8.24892989496534e-11,3.23794759935904e-08,7.00201074899098e-07,0.000248639630891463,10.9245637278473,NA,NA,1,0.436565466666204,TRUE,FALSE,"intermediate",1.85917716963336,0.286203835660214,6.49598970378792,TRUE,TRUE,0.436565466666204,1,FALSE,FALSE,FALSE,FALSE,1588.75656261592,1505.06930134744,1696.95729991959,1502.79912332192,611.458716026137,306.166760190139,345.647355814269,374.176531945158,316.752267732614,561.917803470473,0.103014232532799,0.0841904815195851,0.0963478760320455,9,FALSE,7.48973018383878,6.15477722687235
"RT4_ZT10_leading_edge_dataset","568576","-",2722.63001454475,-1.53446875906948,"downregulated",0.0397682447996028,4.62654542629424e-07,5.61326138721118e-05,0.000118020060967394,0.0133127599145482,6.02746105597004,NA,NA,0.99218754996546,1,TRUE,FALSE,"intermediate",-1.66955893931482,0.331183734762275,-5.04118639918485,TRUE,TRUE,1,0.99218754996546,FALSE,FALSE,FALSE,FALSE,481.797478308083,1072.26686020871,1218.55202856266,1978.89250949829,1761.7027760917,5213.69098654364,5093.30814889841,2986.91613521499,2922.34423932157,4496.82898279942,0.167133314409472,0.0750758436253875,0.131263785422256,8,FALSE,4.25078473394631,3.92804416534694
"RT4_ZT10_leading_edge_dataset","450048","-",1708.03946393919,-1.29019646982993,"downregulated",0.26399916044207,0.000129037580426999,0.00465442040102359,0.00345728376823429,0.116233273122261,3.17551537923449,NA,NA,0.929681318742339,1,TRUE,FALSE,"intermediate",-1.51906140682244,0.396799119600945,-3.82828824910232,TRUE,TRUE,1,0.929681318742339,FALSE,FALSE,FALSE,FALSE,327.622285249497,760.611095788276,748.871473400678,1200.58332166214,1382.04705691973,3938.4178697186,3950.25549502022,2087.85307929121,1347.71998530463,1336.41297703692,0.267562885322998,0.0776657503196812,0.188385010454657,10,FALSE,2.33213439251491,2.46126497280919
"RT4_ZT10_leading_edge_dataset","53349","Ypel3",215.610165479745,1.17033660029044,"upregulated",0.729984067112226,0.00278140361552373,0.0440453383844579,0.0223532305921181,0.336316812989783,1.93182746358459,NA,NA,0.900251975694915,1,TRUE,FALSE,"intermediate",1.61450060252952,0.539801062922415,2.99091779069278,TRUE,TRUE,1,0.900251975694915,FALSE,FALSE,FALSE,FALSE,99.6498199037207,254.645563611815,197.760233752412,223.556894378468,849.526658741232,127.780342062827,34.6697955679966,49.3705146316528,167.51321851244,151.628613634889,0.499603620670131,0.125772549996638,0.342463398533073,11,FALSE,1.35610004913699,1.65065970175177
"RT4_ZT10_leading_edge_dataset","178330","Ppp2r2a",951.823876330217,-1.05835020778878,"downregulated",0.377327729153862,0.00020936722274163,0.00662136245191894,0.00463225832986769,0.138039187399686,2.47040870588727,NA,NA,0.803670331573695,1,TRUE,FALSE,"intermediate",-1.24521636521123,0.335869837077112,-3.70743730978541,TRUE,TRUE,1,0.803670331573695,FALSE,FALSE,FALSE,FALSE,478.97720038628,610.009148652184,383.887512578212,403.126899816728,948.512803343824,1351.18223092177,866.744889199914,809.416595145255,1270.0547658125,2396.32671744551,0.16603710981803,0.0831874268738841,0.134266770534825,7,FALSE,2.17905263828392,2.33420722905012
"RT4_ZT10_leading_edge_dataset","389869","-",947.175528792369,-1.02512993775884,"downregulated",0.377327729153862,0.000252987456507799,0.00763884749898888,0.00519439980159486,0.148210887375323,2.34187308060543,NA,NA,0.777944821359192,1,TRUE,FALSE,"intermediate",-1.21340108310858,0.331601328680409,-3.65921658980454,TRUE,TRUE,1,0.777944821359192,FALSE,FALSE,FALSE,FALSE,200.709778768343,562.975732985076,532.207687892521,715.175064886672,844.514702052493,1467.57620587009,1336.36302916641,928.945209516625,1034.01341245406,1849.2744643314,0.16015000319669,0.0832486325022228,0.130846742550917,7,FALSE,2.11697216008735,2.2844646267236
"RT4_ZT10_leading_edge_dataset","263417","Mblac2",1945.28142958125,-1.5816281429507,"downregulated",0.0275469750430541,2.1070746398526e-07,3.26988583063637e-05,7.38341655694974e-05,0.0100091493342838,6.53488042129453,NA,NA,0.995764238471942,1,TRUE,FALSE,"intermediate",-1.71202855377879,0.329893870750006,-5.18963432053627,TRUE,TRUE,1,0.995764238471942,FALSE,FALSE,FALSE,FALSE,372.276685678051,800.043151347568,900.09988744664,1364.1110499575,1113.9073740722,3939.68302162022,3923.99049837779,1824.11059323265,2048.22980817484,3166.36222590504,0.163601631938059,0.0768181502071317,0.130039554683262,8,FALSE,4.48546741063948,4.13174262889823
"RT4_ZT10_leading_edge_dataset","97046","-",919.982074010375,-1.42810608388562,"downregulated",0.377327729153862,0.000192725692889094,0.00618297379158136,0.00440590092722859,0.133683652881308,3.36456833949048,NA,NA,0.959666454723835,1,TRUE,FALSE,"intermediate",-1.70569451897731,0.457491225289618,-3.72836553946475,TRUE,TRUE,1,0.959666454723835,FALSE,FALSE,FALSE,FALSE,139.603757129269,373.891900303169,301.002708726098,629.788751061563,715.456817317468,2416.44013207919,2284.00410802499,1106.93890700443,575.636332706385,657.057325751187,0.376475643122509,0.0836190865848183,0.249960903801859,11,FALSE,2.20880259438673,2.35596527278709
"RT4_ZT10_leading_edge_dataset","118426","Rpl21",622.661519181878,-1.15046740332475,"downregulated",0.377327729153862,0.000231759765889277,0.0071598746193479,0.00492601863383868,0.143464758658486,2.65470807714017,NA,NA,0.868506304293656,1,TRUE,FALSE,"intermediate",-1.36416394763314,0.370533953130106,-3.68161658630549,TRUE,TRUE,1,0.868506304293656,FALSE,FALSE,FALSE,FALSE,253.825012962307,220.914528133384,364.983960822466,235.976721843938,669.096217946634,750.235077656001,515.844534057161,624.926777311184,1611.17259260147,979.639768484236,0.210487950805168,0.0897804010643662,0.162977391433102,8,FALSE,2.14509458280417,2.3075039496715
"RT4_ZT10_leading_edge_dataset","434342","Fndc5",168.713796199679,1.84708721330765,"upregulated",0.0397682447996028,5.71162225656625e-07,6.67150561087799e-05,0.000133832210100771,0.0144483676388359,7.15458029500843,NA,NA,1,1,TRUE,FALSE,"intermediate",2.01536139735853,0.403014139575262,5.0007213133577,TRUE,TRUE,1,1,FALSE,FALSE,FALSE,FALSE,169.686721628505,200.960957850369,196.306114386585,196.647268203282,588.904910926812,86.0303293096258,35.7203954336934,51.9689627701609,77.6652194921313,83.2470819956256,0.208609063041264,0.141076347979051,0.183640218141715,10,FALSE,4.17577614438814,3.87343935005453
"RT4_ZT10_leading_edge_dataset","402566","Penk",425.756201084071,1.59002288579716,"upregulated",0.0869077658822447,3.06713986688797e-06,0.000262397747842865,0.000365438138760776,0.0280865452467647,5.46520460896923,NA,NA,0.991700162559911,1,TRUE,FALSE,"intermediate",1.7561390790165,0.376347364441965,4.66627176098455,TRUE,TRUE,1,0.991700162559911,FALSE,FALSE,FALSE,FALSE,560.765260118579,693.149024831414,549.657120282439,522.66773917188,957.283727549116,182.181873832149,58.8335924790245,132.52085506391,309.138030527503,291.364786984689,0.210880893534433,0.0985974706945375,0.166085015965285,8,FALSE,3.58103989682539,3.43718612970104
"RT4_ZT10_leading_edge_dataset","19213","Hbb-bs",896.378065682408,-1.29561111731089,"downregulated",0.16765418377471,1.41356072461078e-05,0.000827429010116465,0.000913144380195519,0.0505222923317961,3.93795887835127,NA,NA,0.936471076453969,1,TRUE,FALSE,"intermediate",-1.45457436016701,0.335020743817596,-4.3417441666208,TRUE,TRUE,1,0.936471076453969,FALSE,FALSE,FALSE,FALSE,207.290427252551,412.848870855722,453.685242137886,604.949096130622,719.215784834022,2006.53091595686,717.559708270959,1353.79148016269,1410.15673038654,1077.75240083622,0.163932311995242,0.0839588643901759,0.133441985420956,7,FALSE,3.08226925657003,3.03946054933884
"RT4_ZT10_leading_edge_dataset","327752","Chn1",258.052521464029,1.07373163512163,"upregulated",0.44522618877212,0.000505033793671259,0.0128604036864396,0.00789856355886132,0.189986104479613,2.25746909786548,NA,NA,0.823760713432337,1,TRUE,FALSE,"intermediate",1.30033864381619,0.373867635086591,3.4780722421052,TRUE,TRUE,1,0.823760713432337,FALSE,FALSE,FALSE,FALSE,518.931137611828,268.42302880723,189.035517557453,182.674962304628,676.614152979742,194.83339284827,135.527382674896,135.119303202418,120.304947840752,159.06138881307,0.193447868915883,0.116717268042676,0.16231620775986,7,FALSE,1.89074539874916,2.10245188278331
"RT4_ZT10_leading_edge_dataset","550029","Ndufb3",354.135195535825,2.02390340840385,"upregulated",0.00604882680954188,1.18409844651625e-09,3.95074446680145e-07,3.39392740711375e-06,0.00100380243791325,11.0693297527866,NA,NA,1,0.283169309631928,TRUE,FALSE,"intermediate",2.14117095488734,0.352028343949009,6.08238226180299,TRUE,TRUE,0.283169309631928,1,FALSE,FALSE,FALSE,FALSE,1043.97287738756,601.457618530891,469.680555161978,463.673558710896,306.982347185253,84.7651774080136,149.185180928955,87.0480126400194,129.442032486886,205.144594917792,0.166465446566113,0.104236315925004,0.143078794352912,11,FALSE,6.40332105947243,5.4692974510658
"RT4_ZT10_leading_edge_dataset","450452","Hsp90aa1",1139.34359235124,-1.1835549498813,"downregulated",0.0869077658822447,3.82823758549094e-06,0.00030053916950566,0.00041728956478182,0.0306655321252913,3.99989789644724,NA,NA,0.887941626157495,1,TRUE,FALSE,"intermediate",-1.30297883003497,0.281999775597421,-4.62049598186591,TRUE,TRUE,1,0.887941626157495,FALSE,FALSE,FALSE,FALSE,651.954246256889,715.953105154861,635.450162866206,967.711556684571,311.994303873992,1597.88685173614,2144.2743258873,1282.33415635372,1862.44242037013,1223.43479432857,0.101848796021556,0.0811347742378404,0.0944784745891896,9,FALSE,3.52209891803201,3.37956247561501
"RT4_ZT10_leading_edge_dataset","30145","Actr1a",359.23269119364,1.30891899180846,"upregulated",0.214781299509197,0.000105049238651898,0.00396041564702891,0.003053540097397,0.108837888567521,3.29218830037589,NA,NA,0.932512507955593,1,TRUE,FALSE,"intermediate",1.52193903812907,0.39239154828429,3.87862339233263,TRUE,TRUE,1,0.932512507955593,FALSE,FALSE,FALSE,FALSE,803.309161393673,516.892487331445,487.129987551897,607.536560185928,249.344845264757,173.325810520864,283.661963738154,63.661979393447,130.964879927908,276.499236628328,0.231434276618975,0.103760661265637,0.180595468252707,7,FALSE,2.4022592323224,2.51519637271612
"RT4_ZT10_leading_edge_dataset","275619","Fstl5",1121.71092133382,-1.84611626740898,"downregulated",0.0150666404007047,4.76396192618381e-08,9.47872799009128e-06,3.04603739207376e-05,0.00548434971942254,8.33754985931049,NA,NA,1,0.867199877542029,TRUE,FALSE,"intermediate",-1.98444501469409,0.363457959703053,-5.45990247762188,TRUE,TRUE,0.867199877542029,1,FALSE,FALSE,FALSE,FALSE,260.875707766816,421.400400977015,314.089783018537,604.431603319561,662.83127208571,2828.87965200475,2797.74744235075,1069.26140899606,977.668057136241,1279.92388568274,0.211773008591258,0.0812985547692236,0.157383453837297,9,FALSE,5.02324993944985,4.51626476972236
"RT4_ZT10_leading_edge_dataset","170744","Depdc5",288.205328060382,1.02509936092081,"upregulated",0.551776844109123,0.000838068184103238,0.0188704688809106,0.0107460304199916,0.228419594738886,2.0181663497236,NA,NA,0.795398603631975,1,TRUE,FALSE,"intermediate",1.26589428968668,0.379020958654539,3.33990577771844,TRUE,TRUE,1,0.795398603631975,FALSE,FALSE,FALSE,FALSE,364.285898232941,441.829056266769,408.607541797263,160.940264240054,660.325293741341,151.818228193457,125.021384017927,190.985938180341,89.8479990203088,288.391676913417,0.201919373950198,0.111904471934118,0.167614456401556,8,FALSE,1.7242173086394,1.96875193435957
"RT4_ZT10_leading_edge_dataset","228985","-",1020.32127935725,-1.38204763897902,"downregulated",0.0560134037242879,1.26791123874869e-06,0.000130165718402616,0.000215471386949551,0.019879226162087,5.06743023650539,NA,NA,0.969472714203635,1,TRUE,FALSE,"intermediate",-1.51291652278682,0.312281596777879,-4.84471879994558,TRUE,TRUE,1,0.969472714203635,FALSE,FALSE,FALSE,FALSE,369.456407756247,489.812641947353,460.955838967019,599.774168020009,729.2396982115,2030.56880208749,2177.8935215896,1429.14647617942,631.981688024206,1284.38355078965,0.135663316603432,0.082350166762965,0.11591133365623,7,FALSE,3.88550338035278,3.66661039285804
"RT4_ZT10_leading_edge_dataset","126494","Prkar1b",1780.02080931388,1.00241707864146,"upregulated",0.0275469750430541,2.60636000771149e-07,3.85100242392736e-05,8.38130511513491e-05,0.010830074706442,4.08654202522739,NA,NA,0.687123593889896,1,TRUE,FALSE,"intermediate",1.075775576891,0.2088928277549,5.14989235606135,TRUE,TRUE,1,0.687123593889896,FALSE,FALSE,FALSE,FALSE,3254.60072176114,2816.3039199456,2136.10134839922,1638.38223981997,2226.56175897223,1026.03819220745,1333.21122956932,1057.56839237277,1241.12066443308,1070.31962565804,0.0399880465691525,0.0773847047050445,0.0516625822414244,10,FALSE,4.41442620802023,4.07668834889139
"RT4_ZT10_leading_edge_dataset","23695","Hras",469.987339158503,1.07459746575095,"upregulated",0.551776844109123,0.00131553355802363,0.0259720574931707,0.0141435082225614,0.265843053980152,1.98740660258708,NA,NA,0.839240694482226,1,TRUE,FALSE,"intermediate",1.36778656730921,0.425760938447502,3.21256941112708,TRUE,TRUE,1,0.839240694482226,FALSE,FALSE,FALSE,FALSE,736.092537590691,837.574866879906,708.156131157534,682.055524978751,424.763329370616,311.227367796587,494.832536743224,328.703689521267,106.599320871553,69.8680866749,0.300289135342653,0.0959734889651579,0.214597420321437,10,FALSE,1.58549364442014,1.84944285272276
"RT4_ZT10_leading_edge_dataset","386148","Atp6v1f",191.955389318133,2.27277771576053,"upregulated",0.00604882680954188,3.11339040753013e-09,9.03289312584718e-07,6.02242298208822e-06,0.00157836132154004,11.8644195634456,NA,NA,1,0.151156685590846,TRUE,FALSE,"intermediate",2.41287892845398,0.407202240735252,5.92550503675334,TRUE,TRUE,0.151156685590846,1,FALSE,FALSE,FALSE,FALSE,392.488677450975,274.59913389483,225.388501703117,171.29012046128,551.315235761271,59.4621393757708,30.4673961052091,37.6774980083666,60.9138976408873,115.951292779621,0.221527531245767,0.132557226322183,0.186966512127661,10,FALSE,6.04417312816339,5.2202287452803
"RT4_ZT10_leading_edge_dataset","9967","Tmem147",394.500953252465,-1.00295336417788,"downregulated",0.74874467389856,0.00308668168087969,0.047537158006232,0.0238267041551345,0.348173576599809,1.62772914870195,NA,NA,0.825423473574153,1,TRUE,FALSE,"intermediate",-1.37740956038928,0.465502896129397,-2.95897097921899,TRUE,TRUE,1,0.825423473574153,FALSE,FALSE,FALSE,FALSE,94.4793103804144,182.907727594307,247.200292190515,155.24784331838,418.498383509692,397.257697106213,283.661963738154,354.688170906348,392.894639783723,1418.17350399691,0.369368798433534,0.100806460651987,0.257216879231303,11,FALSE,1.32296678598826,1.62293602757512
"RT4_ZT10_leading_edge_dataset","80363","Fbf1",903.016335430549,-1.00170575260474,"downregulated",0.214781299509197,5.13310081037606e-05,0.00239532739214262,0.00198284642347257,0.0859460961553937,2.7073210779052,NA,NA,0.730765572866125,1,TRUE,FALSE,"intermediate",-1.13830691427568,0.281099351389583,-4.04948253579594,TRUE,TRUE,1,0.730765572866125,FALSE,FALSE,FALSE,FALSE,526.921925056938,508.816042216892,404.245183699783,660.320826914178,720.468774006207,1611.80352265387,1519.16740579767,701.580997397171,804.063448859713,1572.77522770307,0.098912726771923,0.0838615117122769,0.0936405574859443,9,FALSE,2.62063511904121,2.70271092171063
"RT4_ZT10_leading_edge_dataset","10050","Fxyd1",222.442953731279,1.40545608162744,"upregulated",0.26399916044207,0.000153160881210981,0.00524124389908141,0.00383445189407339,0.123005439965997,3.39599890101693,NA,NA,0.954116907442142,1,TRUE,FALSE,"intermediate",1.65130315372627,0.436173314354826,3.78588762627265,TRUE,TRUE,1,0.954116907442142,FALSE,FALSE,FALSE,FALSE,491.198404714095,315.456444474338,430.419332284661,312.565657881006,137.828808940318,56.9318355725465,163.893579048711,92.2449089170355,38.0711860255546,185.819379454521,0.286906392087012,0.124081369702159,0.221123961624656,7,FALSE,2.28056563011603,2.41629670639338
"RT4_ZT10_leading_edge_dataset","249916","Mt2A",388.414970621771,1.183844776635,"upregulated",0.0275469750430541,3.07174478831648e-07,4.18321489233386e-05,9.24390983756407e-05,0.0114801847023504,4.77580065674729,NA,NA,0.895651052966706,1,TRUE,FALSE,"intermediate",1.27809123038709,0.249676393064014,5.11899108563059,TRUE,TRUE,1,0.895651052966706,FALSE,FALSE,FALSE,FALSE,747.843695598205,552.048777830091,609.276014281328,491.618170508204,349.583979039533,198.628848553107,279.459564275366,263.742486058566,228.427116153327,163.521053919979,0.0574435525163749,0.101277944180159,0.0712091835045859,9,FALSE,4.37848982507807,4.03414429915565
"RT4_ZT10_leading_edge_dataset","357911","-",157.697721085087,2.76053541696389,"upregulated",0.0150666404007047,6.24479609568439e-08,1.15754234295839e-05,3.57838623981088e-05,0.00605748095599781,12.274203917482,NA,NA,1,0.125253337582198,TRUE,FALSE,"intermediate",2.97413269361348,0.549580027144094,5.41164625117225,TRUE,TRUE,0.125253337582198,1,FALSE,FALSE,FALSE,FALSE,429.15229043442,199.535702830154,370.800438285772,320.845542857986,77.6853286754519,12.6515190161214,23.113197045331,20.7875851080643,21.3198641743106,101.08574242326,0.49116010714897,0.145991429296279,0.342723642841496,9,FALSE,4.93646311350497,4.44631278485152
"RT4_ZT10_leading_edge_dataset","44835","Tm2d3",245.196439549434,1.10770253434162,"upregulated",0.214781299509197,9.78413697714511e-05,0.00379590384002845,0.00292531810292762,0.106534552019155,2.80672648011122,NA,NA,0.834943586604804,1,TRUE,FALSE,"intermediate",1.27756421301888,0.327926689244592,3.89588360728389,TRUE,TRUE,1,0.834943586604804,FALSE,FALSE,FALSE,FALSE,411.290530262998,374.366985309907,487.129987551897,316.188107558435,146.599733145611,91.0909369160744,133.426182943502,202.678954803627,158.376133866307,130.816843135983,0.125694638959314,0.11912920636577,0.123350138513812,9,FALSE,2.42068479789753,2.5338269012623
"RT4_ZT10_leading_edge_dataset","12284","-",626.208805750667,-1.39119973920477,"downregulated",0.0869077658822447,3.69812427903564e-06,0.000297320280891624,0.000408739574550232,0.0302559567889271,4.71415448317384,NA,NA,0.967290871297732,1,TRUE,FALSE,"intermediate",-1.53882471407702,0.332527283917345,-4.62766452108489,TRUE,TRUE,1,0.967290871297732,FALSE,FALSE,FALSE,FALSE,239.72362335329,313.081019440646,269.012082677913,306.355744148271,476.135885430189,1031.0987998139,816.316095646465,359.885067183364,900.00283764411,1550.47690216853,0.155538403194413,0.0896724057505234,0.130809213424545,8,FALSE,3.52677546557168,3.38855331145226
"RT4_ZT10_leading_edge_dataset","502863","Eif3g",274.859790963785,1.53314085748381,"upregulated",0.0275469750430541,1.98536303045712e-07,3.26988583063637e-05,7.12617294775786e-05,0.00978428571506719,6.35815535910057,NA,NA,0.99341444499562,1,TRUE,FALSE,"intermediate",1.65537045298726,0.318297449653366,5.20070284820064,TRUE,TRUE,1,0.99341444499562,FALSE,FALSE,FALSE,FALSE,646.313690413283,405.247510747907,363.52984145664,420.204162581749,250.597834436941,65.7878988838315,180.703176899861,153.308440171974,115.736405517686,147.168948527981,0.116726315114101,0.113904346113747,0.11571093527789,9,FALSE,4.48546741063948,4.14714364180181
"RT4_ZT10_leading_edge_dataset","54488","Adam12",507.522649865039,-1.43679783271174,"downregulated",0.0590617748782626,1.41975885300694e-06,0.000135343583230219,0.000230541140431084,0.020754399531454,5.22599516248913,NA,NA,0.97902904771077,1,TRUE,FALSE,"intermediate",-1.5751899769132,0.326653082448364,-4.82221066186387,TRUE,TRUE,1,0.97902904771077,FALSE,FALSE,FALSE,FALSE,195.539269245037,229.941143261415,142.503697851003,313.083150692067,394.691589238183,1113.33367341869,1052.70106542826,548.272557225197,497.971113214254,587.189239076287,0.149569359454136,0.0941054829892614,0.125669051869035,11,FALSE,3.86856232972553,3.63725156282138
"RT4_ZT10_leading_edge_dataset","55243","Tspan4",601.604859124753,-1.1043950163446,"downregulated",0.26399916044207,0.00015133708723686,0.00520552774810086,0.00380679363345293,0.122529989637306,2.67201821352014,NA,NA,0.836399482079951,1,TRUE,FALSE,"intermediate",-1.29008002609445,0.340492471388381,-3.78886505429639,TRUE,TRUE,1,0.836399482079951,FALSE,FALSE,FALSE,FALSE,210.110705174354,320.682379548461,238.475575995556,524.737710416126,452.329091158679,1290.45493964439,1205.03804595431,579.453934887293,481.21979136301,713.546417105362,0.167070859042896,0.0904476777594956,0.137290020962781,8,FALSE,2.28353523417086,2.41944066568152
"RT4_ZT10_leading_edge_dataset","516268","Myrip",637.384842674966,-1.21480781793447,"downregulated",0.0397682447996028,5.79870111540422e-07,6.67150561087799e-05,0.000135046309582831,0.0145315456505098,4.70071984252751,NA,NA,0.912988741108141,1,TRUE,FALSE,"intermediate",-1.31829588155096,0.263775049502111,-4.99780356041751,TRUE,TRUE,1,0.912988741108141,FALSE,FALSE,FALSE,FALSE,286.728255383347,322.582719575415,303.910947457751,438.316410968894,473.629907085819,1029.83364791228,1065.30826381662,541.776436878927,688.327043342027,1223.43479432857,0.0778981922495007,0.0893400166611195,0.0817089798613923,10,FALSE,4.17577614438814,3.86951727930112
"RT4_ZT10_leading_edge_dataset","90845","Myo18a",146.80809750687,1.25923639165457,"upregulated",0.214781299509197,7.30452072750114e-05,0.00304644167591344,0.00245252045442435,0.097100415664615,3.28709476235093,NA,NA,0.91588586201435,1,TRUE,FALSE,"intermediate",1.44670245090734,0.364763106165979,3.96614248111223,TRUE,TRUE,1,0.91588586201435,FALSE,FALSE,FALSE,FALSE,354.88497182693,243.243523450092,221.026143605637,164.562713917483,88.9622312251142,63.2575950806072,58.8335924790245,85.7487885707654,73.0966771690648,114.464737743985,0.148728347016574,0.151575067543304,0.149507325714026,6,FALSE,2.51620713202217,2.61038736184543
"RT4_ZT10_leading_edge_dataset","191012","LOC498555",215.974568796253,2.02214902446238,"upregulated",0.74874467389856,0.00316471156744524,0.0483252180539179,0.0241942952703527,0.351026815838161,3.26837322775852,NA,NA,0.991545003130993,1,TRUE,FALSE,"intermediate",3.11293949719031,1.05477998991689,2.95126901055035,TRUE,TRUE,1,0.991545003130993,FALSE,FALSE,FALSE,FALSE,75.6774575683916,753.484820687199,168.677846435881,733.804806084878,204.237235066107,86.0303293096258,0,89.6464607785275,25.8884064973771,22.2983255345426,1.32046888497094,0.125679655431486,1.32046888497094,11,TRUE,1.31582617766362,1.61628702346875
"RT4_ZT10_leading_edge_dataset","340122","Rnf208",223.487349660181,3.90337868887843,"upregulated",7.09627298932106e-13,9.30533585483721e-29,3.95121348609815e-25,2.22044604925031e-16,7.09627298932106e-13,61.1017716289733,NA,NA,1,5.77098720612513e-13,TRUE,FALSE,"strong_effect",3.9672173547028,0.35655048347087,11.1266637926938,TRUE,TRUE,5.77098720612513e-13,1,TRUE,FALSE,FALSE,FALSE,456.885023332153,461.782626549784,312.63566365271,339.475284056192,528.761430661947,25.3030380322429,21.0119973139373,14.2914647617942,16.751321851244,57.9756463898107,0.129954412001597,0.123831982935009,0.127155465655354,6,FALSE,12,12
"RT4_ZT10_leading_edge_dataset","418316","Fbxo44",145.599109632719,1.19708723968431,"upregulated",0.0869077658822447,3.64928732254881e-06,0.000296971881748393,0.000405499486468619,0.0300991819376616,4.06053151852071,NA,NA,0.896391991482927,1,TRUE,FALSE,"intermediate",1.31824371289204,0.284692178000198,4.63041774506052,TRUE,TRUE,1,0.896391991482927,FALSE,FALSE,FALSE,FALSE,218.571538939765,172.455857446061,184.673159459973,145.932972719278,318.259249734916,97.4166964241351,79.8455897929618,61.063531254939,98.9850836664419,78.787416888717,0.0588399335727545,0.152246485649655,0.0874171199721324,9,FALSE,3.52728466913266,3.39200969145033
"RT4_ZT10_leading_edge_dataset","65070","Cluap1",116.808201123055,1.9867002867818,"upregulated",0.000194672265309928,9.46784908134141e-12,4.97475673051965e-09,1.94551313503766e-07,8.93902646357763e-05,13.3326777444719,NA,NA,1,0.131126978312602,TRUE,FALSE,"intermediate",2.07595944938118,0.304644419767997,6.81436886637259,TRUE,TRUE,0.131126978312602,1,FALSE,FALSE,FALSE,FALSE,176.267370112713,158.678392250646,148.320175314309,176.982541382954,283.175552913744,51.8712279660979,28.3661963738154,37.6774980083666,50.253965553732,56.4890913541745,0.0572850626001515,0.17234218608801,0.0945149494488799,9,FALSE,8.30322815173757,6.71096583273219
"RT4_ZT10_leading_edge_dataset","496624","Polr2f",151.734664693835,2.53021187570626,"upregulated",0.000194672265309928,8.54757201841768e-12,4.97475673051965e-09,1.83137811360368e-07,8.64756263330081e-05,17.0465990637633,NA,NA,1,0.01802894478647,TRUE,FALSE,"strong_effect",2.6453549399324,0.387367635275279,6.82905513789894,TRUE,TRUE,0.01802894478647,1,TRUE,FALSE,FALSE,FALSE,331.382655811901,250.844883557907,199.214353118239,157.835307373687,368.378816622304,35.42425324514,44.1251943592684,12.9922406925402,50.253965553732,66.8949766036277,0.17236165961603,0.148949704160484,0.162838517848355,9,FALSE,8.30322815173757,6.73722198027589
"RT4_ZT10_leading_edge_dataset","131468","Sez6l",344.689976497986,1.05015656268341,"upregulated",0.16765418377471,1.11935130671371e-05,0.000691614006453758,0.000793804486710181,0.0457200952069478,3.25578616242197,NA,NA,0.772339854210596,1,TRUE,FALSE,"intermediate",1.16571592427385,0.26537379269713,4.39273189875339,TRUE,TRUE,1,0.772339854210596,FALSE,FALSE,FALSE,FALSE,659.004941061398,483.161451853015,466.772316430325,398.986957328237,377.149740827597,251.765228420817,265.801766021307,258.54558978155,137.056269691996,148.655503563617,0.0679405759152702,0.105154847567763,0.0806105148518654,9,FALSE,3.16013622004823,3.1002864507199
"RT4_ZT10_leading_edge_dataset","125574","Tmem130",193.419554128411,-1.56199645699778,"downregulated",0.44522618877212,0.000485340040591573,0.0125045331693728,0.007710119823918,0.187360872695901,3.30040303265536,NA,NA,0.973271151848468,1,TRUE,FALSE,"intermediate",-1.93511235300661,0.554676957271806,-3.4887195648518,TRUE,TRUE,1,0.973271151848468,FALSE,FALSE,FALSE,FALSE,20.682038093225,37.5317155323384,55.2565359014092,126.785738710011,161.635603211827,519.977431562591,94.5539879127179,176.694473418547,531.473756916742,209.6042600247,0.528667537906818,0.132089093479564,0.362219279893767,11,FALSE,1.90293251710819,2.11293887247278
"RT4_ZT10_leading_edge_dataset","42263","Irf3",85.3627321669222,1.24012583859615,"upregulated",0.26399916044207,0.000141178161614611,0.00501107378965052,0.00365026868132357,0.119777700966093,3.02302396160538,NA,NA,0.908691912551506,1,TRUE,FALSE,"intermediate",1.44975669055085,0.380903966615428,3.80609502030881,TRUE,TRUE,1,0.908691912551506,FALSE,FALSE,FALSE,FALSE,94.949356700715,90.2661512803076,113.421310534472,117.470868110908,209.249191754846,73.3788102935043,23.113197045331,50.6697387009068,35.0254911435102,46.0832061047213,0.128959136664472,0.209778774688947,0.156466065744392,9,FALSE,2.30006920208648,2.43767516772936
"RT4_ZT10_leading_edge_dataset","236894","Camk2a",75.9338644734291,2.98810166761919,"upregulated",0.0560134037242879,9.20553802018929e-07,9.59821175136299e-05,0.000177960831926116,0.0174997222213463,11.204411831792,NA,NA,1,0.179136553627252,TRUE,FALSE,"intermediate",3.28145469652871,0.668606271135904,4.90790295902222,TRUE,TRUE,0.179136553627252,1,FALSE,FALSE,FALSE,FALSE,171.566906909708,102.143276448769,97.4259975103794,84.8688210140479,231.802996854171,6.32575950806072,6.30359919418119,11.6930166232862,47.2082706716877,0,0.777098423878638,0.227046517264934,0.487195036027349,10,FALSE,4.01780967309144,3.74967557269205
"RT4_ZT10_leading_edge_dataset","271099","-",323.486561417334,-1.15275313224527,"downregulated",0.411220887550976,0.000339834820864898,0.00960897355776044,0.00621121658206114,0.16503433000679,2.54392250234504,NA,NA,0.870946126299679,1,TRUE,FALSE,"intermediate",-1.38436677137509,0.386384464303571,-3.58287379351627,TRUE,TRUE,1,0.870946126299679,FALSE,FALSE,FALSE,FALSE,83.1981986932007,176.256537499969,151.228414045962,237.011707466061,249.344845264757,685.712330673782,715.458508539566,270.238606404836,205.584404537995,460.832061047213,0.21825427949843,0.107412207182154,0.175594469348619,7,FALSE,2.01732300171845,2.20682332685587
"RT4_ZT10_leading_edge_dataset","310233","S100b",118.594696815074,1.09948522925982,"upregulated",0.44522618877212,0.000525484869584281,0.0132323039046638,0.0080912564216451,0.192615826297505,2.30010554665423,NA,NA,0.841286095573116,1,TRUE,FALSE,"intermediate",1.33625482988027,0.385374648508798,3.4674175767682,TRUE,TRUE,1,0.841286095573116,FALSE,FALSE,FALSE,FALSE,97.7696346225184,255.120648618553,127.962504192737,117.470868110908,250.597834436941,70.84850649028,48.3275938220558,44.1736183546367,114.213558076664,59.4622014254468,0.163601333954413,0.170811298852139,0.166103066160469,9,FALSE,1.8783645332901,2.09198403529502
"RT4_ZT10_leading_edge_dataset","468058","Crip2",565.408082116521,-1.22642331370375,"downregulated",0.214781299509197,9.25533213271969e-05,0.00365448706045198,0.00282887037943058,0.104734899154541,3.12540116993479,NA,NA,0.904781526396254,1,TRUE,FALSE,"intermediate",-1.42213499366385,0.36377993447141,-3.90932775258833,TRUE,TRUE,1,0.904781526396254,FALSE,FALSE,FALSE,FALSE,250.064642399903,326.383399629323,321.360379847669,263.403840830185,375.896751655412,556.666836709343,651.371916732057,524.886523978625,482.742638804032,1901.30389057866,0.197969122594565,0.0917108901836428,0.156796852222372,8,FALSE,2.43717357149632,2.54838695172566
"RT4_ZT10_leading_edge_dataset","246241","Csf1r",149.903974460724,1.07700379809609,"upregulated",0.214781299509197,6.29365228787677e-05,0.00279983611446678,0.0022419212310163,0.0923473864856957,2.85339194589796,NA,NA,0.807863958233177,1,TRUE,FALSE,"intermediate",1.22894945103326,0.307120555542335,4.00152132071749,TRUE,TRUE,1,0.807863958233177,FALSE,FALSE,FALSE,FALSE,237.843438072088,231.36639828163,136.687220387697,155.765336129442,289.440498774667,122.719734456378,105.059986569687,54.5674109086689,86.8023041382644,78.787416888717,0.0814444121374505,0.149905129469113,0.103963971162678,9,FALSE,2.55286738889555,2.64937965023164
"RT4_ZT10_leading_edge_dataset","505420","LOC120094127",377.445125304009,-1.26891104770768,"downregulated",0.0869077658822447,7.77151712988394e-06,0.000529176875588934,0.000637782051698954,0.0395037263729172,4.05458662811166,NA,NA,0.928898095444503,1,TRUE,FALSE,"intermediate",-1.41113432902469,0.315592324181159,-4.47138355689112,TRUE,TRUE,1,0.928898095444503,FALSE,FALSE,FALSE,FALSE,118.921719036044,164.379412331507,207.939069313198,284.621046083697,256.862780297865,655.348685035091,584.133525327457,315.711448828727,385.280402578612,801.253164207896,0.12425230577362,0.102166184649093,0.116418954607856,9,FALSE,3.27639914223123,3.19532770672646
"RT4_ZT10_leading_edge_dataset","419802","Atp5h-ps1",132.253116654117,1.70051844415874,"upregulated",0.052673661207579,8.56340377447195e-07,9.07041164873831e-05,0.000170439201520933,0.0169987798719093,6.40828558619317,NA,NA,0.998952834037925,1,TRUE,FALSE,"intermediate",1.85647513452318,0.377173737255741,4.922068933088,TRUE,TRUE,1,0.998952834037925,FALSE,FALSE,FALSE,FALSE,148.53463721498,219.01418810643,203.576711215718,199.752225069649,266.886693675343,89.8257850144622,63.0359919418119,77.9534441552413,18.2741692922662,35.6773208552681,0.155371857280423,0.16047395155338,0.157327860680298,6,FALSE,4.04237300260708,3.76843050906361
"RT4_ZT10_leading_edge_dataset","353321","Smox",81.1631709165865,1.29549617942753,"upregulated",0.214781299509197,2.57235317352908e-05,0.00139555388024062,0.00130840798681264,0.0656478785398419,3.73524818620944,NA,NA,0.933284850578159,1,TRUE,FALSE,"intermediate",1.46495739056988,0.348106807670387,4.20835605133297,TRUE,TRUE,1,0.933284850578159,FALSE,FALSE,FALSE,FALSE,122.682089598449,117.3459966644,62.527132730542,102.463576590131,190.454354172076,55.6666836709343,32.5685958366028,37.6774980083666,44.1625757896433,46.0832061047213,0.084933576309917,0.216974199521513,0.126792870593858,9,FALSE,2.85525339139358,2.88325681350909
"RT4_ZT10_leading_edge_dataset","441933","Lratd1",39.274272416663,1.82296820070803,"upregulated",0.214781299509197,8.25231623426651e-05,0.00331733170067834,0.00263974862639005,0.101026441340113,4.70040943773267,NA,NA,0.993576537891271,1,TRUE,FALSE,"intermediate",2.12652524658739,0.540145101029474,3.93695183485771,TRUE,TRUE,1,0.993576537891271,FALSE,FALSE,FALSE,FALSE,39.0138445849472,38.0068005390769,45.0777003406233,66.2390798158423,131.563863079394,24.0378861306307,13.6577982540593,5.19689627701609,9.1370846461331,20.8117704989064,0.257552101346333,0.372969537725403,0.298677874751201,9,FALSE,2.47921110111485,2.57843742743679
"RT4_ZT10_leading_edge_dataset","56397","Pygm",84.3379146859014,1.29269432451869,"upregulated",0.22546268512508,0.000114150069701296,0.00418529348965245,0.00321059516482114,0.111529000119913,3.22322271166801,NA,NA,0.928009407959601,1,TRUE,FALSE,"intermediate",1.5057283478849,0.390250793360356,3.85836076057509,TRUE,TRUE,1,0.928009407959601,FALSE,FALSE,FALSE,FALSE,194.129130284135,110.694806570061,146.866055948482,120.058332166214,51.372556059573,30.3636456386914,42.0239946278746,51.9689627701609,31.9797962614658,63.9218665323553,0.140632400827531,0.211468574250296,0.164609529197569,9,FALSE,2.37827408212295,2.49341445269215
"RT4_ZT10_leading_edge_dataset","190232","Epsti1",379.314372788336,-1.12479674016324,"downregulated",0.214781299509197,5.40227603292483e-05,0.00246913616217174,0.0020448379244824,0.0875379668885622,3.02496211239505,NA,NA,0.846857919174969,1,TRUE,FALSE,"intermediate",-1.28479377462335,0.318214805097488,-4.03750471078723,TRUE,TRUE,1,0.846857919174969,FALSE,FALSE,FALSE,FALSE,93.5392177398133,200.010787836892,222.480262971464,333.265370323456,255.60979112568,600.947153265768,611.449121835576,519.689627701609,324.366504937725,631.785890145372,0.127641702120225,0.102011198274818,0.118522460198426,9,FALSE,2.60745495994685,2.68934110882652
"RT4_ZT10_leading_edge_dataset","366280","Cped1",499.284487708698,-1.07646374352557,"downregulated",0.214781299509197,2.59952619619481e-05,0.00139892244412968,0.00131669981803739,0.0659361927576322,3.10076804886971,NA,NA,0.803593460088197,1,TRUE,FALSE,"intermediate",-1.20981010280634,0.28764044333682,-4.20598052475424,TRUE,TRUE,1,0.803593460088197,FALSE,FALSE,FALSE,FALSE,197.419454526239,239.442843396184,285.007395702006,457.463644978161,328.283163112393,837.530558867239,744.875304779078,750.951512028824,365.483385845324,786.387613851534,0.0984062963410419,0.0944914113260727,0.0970552313476329,8,FALSE,2.85420636200579,2.88051322445311
"RT4_ZT10_leading_edge_dataset","120758","-",202.547594699422,-1.04277265058923,"downregulated",0.551776844109123,0.00102919192619769,0.0220121721907603,0.0121778558326611,0.245323101657771,1.99631438167522,NA,NA,0.815957462956616,1,TRUE,FALSE,"intermediate",-1.30882887369824,0.398738671495607,-3.2824227175885,TRUE,TRUE,1,0.815957462956616,FALSE,FALSE,FALSE,FALSE,49.8249099518603,118.296166677877,94.5177587787263,149.037929585645,171.659516589305,371.95465907397,374.013552188084,111.733269955846,196.447319891862,387.990864301041,0.218782716957213,0.12932323517505,0.185130813742328,7,FALSE,1.65733709856829,1.91442917163889
"RT4_ZT10_leading_edge_dataset","516438","Pomgnt2",93.0463896669281,2.14379190586871,"upregulated",0.0150666404007047,4.82956318991613e-08,9.47872799009128e-06,3.07092542988219e-05,0.00551276446309113,9.67435561070358,NA,NA,1,0.352851293710291,TRUE,FALSE,"intermediate",2.30406732129198,0.422185684293874,5.45747382492527,TRUE,TRUE,0.352851293710291,1,FALSE,FALSE,FALSE,FALSE,135.373340246564,126.847696799169,152.682533411789,143.863001475032,214.261148443585,25.3030380322429,24.1637969110279,9.09456848477815,31.9797962614658,66.8949766036277,0.184357196000305,0.198295123352367,0.190272767754017,7,FALSE,5.02324993944985,4.51273072923713
"RT4_ZT10_leading_edge_dataset","253476","Ist1",131.499208799294,1.16076058346459,"upregulated",0.214781299509197,3.49423583362692e-05,0.00176644209983276,0.00157305686830456,0.0743309604657653,3.25390857882544,NA,NA,0.870217450518174,1,TRUE,FALSE,"intermediate",1.31472206202688,0.31767273897475,4.13860523968781,TRUE,TRUE,1,0.870217450518174,FALSE,FALSE,FALSE,FALSE,186.608389159326,184.808067621261,174.494323899187,143.345508663971,248.091856092572,105.007607833808,33.6191957022997,68.8588756704631,91.370846461331,78.787416888717,0.083715223470911,0.160988550682277,0.110224366106925,9,FALSE,2.75290059323352,2.80325557671274
"RT4_ZT10_leading_edge_dataset","120465","Rhbdd2",60.1910760317011,1.46901059192527,"upregulated",0.26399916044207,0.000145051242462214,0.00504816428288724,0.00371044887597605,0.120848469576476,3.57053828633907,NA,NA,0.965914750744938,1,TRUE,FALSE,"intermediate",1.732595645825,0.45601913166713,3.79939244980998,TRUE,TRUE,1,0.965914750744938,FALSE,FALSE,FALSE,FALSE,83.1981986932007,97.8675113881229,81.4306844862873,42.434410507024,157.876635695273,27.8333418354672,19.9613974482405,28.5829295235885,12.1827795281775,50.5428712116298,0.195970199832321,0.267934330371802,0.221499402638829,9,FALSE,2.29686652024759,2.43057354791402
"RT4_ZT10_leading_edge_dataset","321277","Grin1",900.095410710344,1.22263431052123,"upregulated",0.000744121569940471,4.20864287773397e-11,2.00601956593706e-08,4.70168389554715e-07,0.000183869313861129,7.73652006818096,NA,NA,0.94680531250035,1,TRUE,FALSE,"intermediate",1.27751777705303,0.193664829933299,6.59653989572101,TRUE,TRUE,1,0.94680531250035,FALSE,FALSE,FALSE,FALSE,1528.12058729715,1511.24540643504,1048.42006276095,1089.83986009503,1194.09868109203,519.977431562591,628.258719686726,441.736183546367,443.148605337455,596.108569290104,0.0279210813005306,0.083904171240065,0.0434660949493854,9,FALSE,7.69766483535495,6.32774657279389
"RT4_ZT10_leading_edge_dataset","355412","Dtd1",81.6706036855138,1.33758602952443,"upregulated",0.551776844109123,0.000594864964814754,0.0144346687643958,0.00872429084194382,0.201108193997986,2.75445060212887,NA,NA,0.936471076453969,1,TRUE,FALSE,"intermediate",1.6531575002933,0.481416422770481,3.43394496344687,TRUE,TRUE,1,0.936471076453969,FALSE,FALSE,FALSE,FALSE,230.322696947279,129.223121832861,82.8848038521138,110.22596875605,66.4084261257895,35.42425324514,43.0745944935715,31.1813776620965,10.6599320871553,77.3008618530809,0.284994681907818,0.216065472229329,0.258319683233505,11,FALSE,1.84059317752248,2.05926986476392
"RT4_ZT10_leading_edge_dataset","318060","-",719.882302138003,-1.80518405237638,"downregulated",0.0150666404007047,6.93088742329368e-08,1.2499949128551e-05,3.80743555672414e-05,0.00628351126986948,7.977771621826,NA,NA,1,1,TRUE,FALSE,"intermediate",-1.94333292140672,0.360346682677706,-5.39295354952618,TRUE,TRUE,1,1,FALSE,FALSE,FALSE,FALSE,424.451827231414,183.382812601046,107.604833071165,425.379090692362,342.066044006425,1069.05335686226,1010.67707080038,713.274014020458,1761.93448926267,1160.99948283185,0.198073836072821,0.0872057082307531,0.153990883678662,8,FALSE,4.90309175445071,4.41936743864089
"RT4_ZT10_leading_edge_dataset","177358","Nup58",181.924096479756,-1.20406674635585,"downregulated",0.729984067112226,0.00246349626202785,0.0404899274790931,0.0207516734167381,0.322878511634889,2.02638036926926,NA,NA,0.911176391011818,1,TRUE,FALSE,"intermediate",-1.65157691918762,0.545472834667155,-3.02778949605329,TRUE,TRUE,1,0.911176391011818,FALSE,FALSE,FALSE,FALSE,110.930931590934,108.319381536369,95.9718781445529,99.3586197237634,23.8067942715094,70.84850649028,493.781936877527,258.54558978155,71.5738297280426,486.103496653028,0.504820895427457,0.135967162148992,0.350280028999706,11,FALSE,1.39265300108928,1.68294687599518
"RT4_ZT10_leading_edge_dataset","123590","Sppl3",343.135237084127,1.67833108115141,"upregulated",0.0275469750430541,1.44149515452405e-07,2.46643517080487e-05,5.8886287855664e-05,0.00861662060468117,7.09931667855213,NA,NA,0.999928012019642,1,TRUE,FALSE,"intermediate",1.80860073234567,0.343848293966671,5.25987990657583,TRUE,TRUE,1,0.999928012019642,FALSE,FALSE,FALSE,FALSE,672.636284350114,491.237896967569,481.313510088591,440.9038750242,585.145943410258,226.462190388574,232.182570319007,158.505336448991,73.0966771690648,69.8680866749,0.156926908009794,0.105310890272312,0.136894924257312,9,FALSE,4.6079302952968,4.2299858223931
"RT4_ZT10_leading_edge_dataset","428900","-",162.216934671762,1.18233803655189,"upregulated",0.0869077658822447,7.57489665901183e-06,0.000524628028382309,0.000628058421771271,0.039172922098428,3.78584634156649,NA,NA,0.886108885677328,1,TRUE,FALSE,"intermediate",1.31222981333617,0.29311389664808,4.47685977479145,TRUE,TRUE,1,0.886108885677328,FALSE,FALSE,FALSE,FALSE,291.898764906653,250.369798551169,296.640350628618,146.9679583414,171.659516589305,97.4166964241351,118.717784823746,96.1425811247976,92.8936939023532,59.4622014254468,0.0713014078263464,0.14389431986573,0.0943181028800804,9,FALSE,3.28014851083563,3.20199995646537
"RT4_ZT10_leading_edge_dataset","132055","-",347.333071789633,-1.50117064120957,"downregulated",0.0150666404007047,4.52008157235083e-08,9.47872799009128e-06,2.95227382811625e-05,0.00537576452207561,6.80006786652437,NA,NA,0.993474518579257,1,TRUE,FALSE,"intermediate",-1.60927947633946,0.294242700805649,-5.46922479957255,TRUE,TRUE,1,0.993474518579257,FALSE,FALSE,FALSE,FALSE,99.6498199037207,142.0504170148,196.306114386585,215.277009401487,206.743213410477,690.772938280231,625.106920089635,533.981092463403,284.772471471148,478.670721474847,0.0979513665231447,0.104892777233224,0.100323548210412,9,FALSE,5.02324993944985,4.52984336347345
"RT4_ZT10_leading_edge_dataset","4512","RGD1560015",372.877171311376,3.01763805376202,"upregulated",7.09627298932106e-13,1.18423901876162e-28,3.95121348609815e-25,2.22044604925031e-16,7.09627298932106e-13,47.2367776524511,NA,NA,1,2.39630665771057e-10,TRUE,FALSE,"strong_effect",3.06717120252865,0.2761936903038,11.1051458096487,TRUE,TRUE,2.39630665771057e-10,1,TRUE,FALSE,FALSE,FALSE,971.115697740976,684.122409703384,546.748881550786,383.462172996399,745.528557449901,93.6212407192986,64.0865918075088,88.3472367092734,67.0052874049761,84.7336370312617,0.0731001698188619,0.102551469504794,0.0826950339003916,9,FALSE,12,12
"RT4_ZT10_leading_edge_dataset","466842","RGD1566401",355.883032350173,1.55315787299745,"upregulated",0.000744121569940471,4.97538530689701e-11,2.21338307686158e-08,5.19116717612178e-07,0.000197920164269354,9.76118562149272,NA,NA,1,1,TRUE,FALSE,"intermediate",1.62739865937762,0.247638503325986,6.57167055009756,TRUE,TRUE,1,1,FALSE,FALSE,FALSE,FALSE,718.23077741927,433.752611152215,597.643059354716,469.883472443631,467.364961224896,153.083380095069,135.527382674896,133.820079133164,211.675794302083,237.848805701787,0.0529141751108497,0.104071687682142,0.0690854752787171,9,FALSE,7.65494341491622,6.28473498489535
"RT4_ZT10_leading_edge_dataset","510666","LOC108351747",426.927001198736,-1.48255198373534,"downregulated",0.052673661207579,6.53219435912493e-07,7.26488882640677e-05,0.000144997324714957,0.0151932344189703,5.69098336267517,NA,NA,0.986522199683367,1,TRUE,FALSE,"intermediate",-1.61567443008475,0.32477307233424,-4.97477952366069,TRUE,TRUE,1,0.986522199683367,FALSE,FALSE,FALSE,FALSE,188.488574440528,182.907727594307,142.503697851003,290.313467005371,245.585877748203,1018.44728079778,857.289490408642,345.59360242157,402.031724429856,596.108569290104,0.135424306015535,0.0985210082840653,0.123697186734756,10,FALSE,4.13877102726376,3.83864001067709
"RT4_ZT10_leading_edge_dataset","78410","-",306.066225998617,-1.5723516094862,"downregulated",0.0150666404007047,1.50820597323846e-08,3.87086863823856e-06,1.53712180508414e-05,0.00337639036704677,7.56818697758274,NA,NA,0.998977456184043,1,TRUE,FALSE,"intermediate",-1.67761612364197,0.29636575833729,-5.66062737157609,TRUE,TRUE,1,0.998977456184043,FALSE,FALSE,FALSE,FALSE,136.313432887165,128.272951819384,114.875429900298,158.352800184748,191.70734334426,704.689609197964,570.475727073398,255.947141643042,322.843657496703,477.184166439211,0.0970004455652664,0.109500852489482,0.101259873539658,9,FALSE,5.4121915666444,4.81329171663824
"RT4_ZT10_leading_edge_dataset","49244","Rsf1",293.085886279434,-1.03420012494278,"downregulated",0.377327729153862,0.000169170203592728,0.00556094959888803,0.00407193079854151,0.126959911785514,2.47194473668193,NA,NA,0.778554521791711,1,TRUE,FALSE,"intermediate",-1.20727436114095,0.320990006248374,-3.76109641309765,TRUE,TRUE,1,0.778554521791711,FALSE,FALSE,FALSE,FALSE,166.866443706702,143.950757041754,129.416623558564,229.766808111203,215.51413761577,569.318355725465,470.668739832196,248.151797227518,210.152946861061,547.052253114111,0.12450315509073,0.111218585172147,0.11981078840013,8,FALSE,2.25485104108998,2.39019961133607
"RT4_ZT10_leading_edge_dataset","257118","-",221.163631979891,-1.61727398772796,"downregulated",0.26399916044207,0.000116234776095782,0.00423844076987516,0.00324586915506875,0.112144857876698,4.02485962336381,NA,NA,0.982776784047633,1,TRUE,FALSE,"intermediate",-1.90323694724096,0.493842597212099,-3.85393434666297,TRUE,TRUE,1,0.982776784047633,FALSE,FALSE,FALSE,FALSE,35.2534740225427,94.0668313342153,75.6142070229811,128.338217143194,134.069841423764,643.962317920581,623.005720358241,203.978178872881,117.259252958708,156.088278741798,0.398993053979838,0.124390063035911,0.286605179146926,10,FALSE,2.37279388151602,2.48866899109542
"RT4_ZT10_leading_edge_dataset","377742","Grcc10",170.830624220311,-1.04763948246772,"downregulated",0.214781299509197,8.0007667852286e-05,0.00327540593606322,0.00259092263020677,0.100028070136398,2.70976724731674,NA,NA,0.784666512883599,1,TRUE,FALSE,"intermediate",-1.20293710784314,0.304975176794095,-3.94437711451941,TRUE,TRUE,1,0.784666512883599,FALSE,FALSE,FALSE,FALSE,64.8663922014785,116.395826650923,107.604833071165,80.2113857144965,150.358700662165,325.144038714321,181.753776765558,163.702232726007,226.904268712305,291.364786984689,0.0881010371538916,0.140204483299789,0.104967596216633,9,FALSE,2.48473486823182,2.58654555566565
"RT4_ZT10_leading_edge_dataset","131916","LOC680491",279.060539659277,-1.5326426370049,"downregulated",0.214781299509197,6.02097137681194e-05,0.0027147258106396,0.00218287428156771,0.0909450473348064,4.07831803332539,NA,NA,0.977977464752263,1,TRUE,FALSE,"intermediate",-1.77124788973549,0.441488896155809,-4.01198740253343,TRUE,TRUE,1,0.977977464752263,FALSE,FALSE,FALSE,FALSE,56.8756047563689,129.223121832861,120.691907363604,278.928625162023,45.1076101986495,536.424406283549,578.880525998973,274.136278612598,511.676740183453,258.660576200694,0.308514265807367,0.113254221074154,0.229312892796286,9,FALSE,2.56627402793132,2.66097127592331
"RT4_ZT10_leading_edge_dataset","2937","Kiaa0408L",11.5064724513638,3.98395031919861,"upregulated",0.377327729153862,0.000285910283070692,0.00842448138464833,0.00559383599857832,0.154928376158876,8.9730125421953,NA,NA,NA,0.62264270223757,TRUE,FALSE,"intermediate",4.83348319118106,1.33236669821167,3.62774242081302,TRUE,TRUE,0.62264270223757,NA,FALSE,FALSE,FALSE,FALSE,5.64055584360683,9.02661512803076,5.81647746330624,18.1122483871444,72.673371986713,3.79545570483643,0,0,0,0,1.44416334118971,1.10237826545064,1.26701722340266,6,FALSE,2.07445682502256,2.25229027052733
"RT4_ZT10_leading_edge_dataset","397110","Brk1",194.847106497994,1.11978539102022,"upregulated",0.16765418377471,1.31255054267886e-05,0.000782022301008572,0.000873396675716398,0.048965427776485,3.42518663778044,NA,NA,0.839939878678176,1,TRUE,FALSE,"intermediate",1.24827713430903,0.286433340771808,4.35800221770795,TRUE,TRUE,1,0.839939878678176,FALSE,FALSE,FALSE,FALSE,269.336541532226,341.586119844953,292.277992531138,256.158941475328,210.502180927031,110.068215440257,85.0985891214461,97.4418051940516,86.8023041382644,199.198374775247,0.0710643373646463,0.131639440428882,0.0913100743398235,9,FALSE,3.10678086194416,3.05878846540388
"RT4_ZT10_leading_edge_dataset","559735","Mbtps2",145.807592205688,-1.01868177750684,"downregulated",0.551776844109123,0.000975708196776948,0.0213178964100217,0.011788367252803,0.240902475469098,1.96457501635988,NA,NA,0.796615812998889,1,TRUE,FALSE,"intermediate",-1.27227820722129,0.385838268920909,-3.29743913370628,TRUE,TRUE,1,0.796615812998889,FALSE,FALSE,FALSE,FALSE,54.525373154866,73.163091037723,71.2518489255014,101.94608377907,126.551906390655,177.1212662257,160.74177945162,109.134821817338,162.944676189374,420.695075085036,0.181063107893896,0.152129909224246,0.170776237518643,9,FALSE,1.67125565248753,1.92854634267439
"RT4_ZT10_leading_edge_dataset","505386","LOC102555115",26.4718955130648,1.79266561293227,"upregulated",0.831623991292512,0.0039392649653621,0.0570454638503245,0.0276739472784642,0.377529850792718,2.79284554987532,NA,NA,NA,1,TRUE,FALSE,"intermediate",2.94052933036208,1.01996006687032,2.88298476173179,TRUE,TRUE,1,NA,FALSE,FALSE,FALSE,FALSE,23.972362335329,49.4088407007999,46.5318197064499,18.6297411982056,95.2271770860378,5.06060760644857,0,0,25.8884064973771,0,1.97507139243806,0.519145935129943,1.13186139292718,9,FALSE,1.24377888416597,1.55792889076901
"RT4_ZT10_leading_edge_dataset","315058","Mog",62.1011342535078,1.52473008266687,"upregulated",0.214781299509197,0.000107456411534315,0.00402840805712631,0.0030955846687013,0.109571969928128,3.82594011014379,NA,NA,0.974642873911078,1,TRUE,FALSE,"intermediate",1.78511418188755,0.460899727865643,3.87310747644427,TRUE,TRUE,1,0.974642873911078,FALSE,FALSE,FALSE,FALSE,73.7972722871894,94.5419163409537,91.6095200470732,80.2113857144965,140.334787284687,30.3636456386914,5.25299932848433,22.0868091773184,44.1625757896433,38.6504309265404,0.203605187125651,0.261868436615236,0.227093210377335,9,FALSE,2.39486654408109,2.50925731290874
"RT4_ZT10_leading_edge_dataset","25641","Nudt22",152.317702454913,-1.06090072370523,"downregulated",0.729984067112226,0.0022218552003326,0.0374405044237864,0.0194809446525135,0.311545181628255,1.81455397558652,NA,NA,0.847890099555629,1,TRUE,FALSE,"intermediate",-1.41672309128535,0.463154882378738,-3.0588538417411,TRUE,TRUE,1,0.847890099555629,FALSE,FALSE,FALSE,FALSE,48.8848173112592,79.8142811320614,97.4259975103794,63.6516157605359,126.551906390655,126.515190161214,129.223783480715,187.088265972579,105.076473430531,558.9446933992,0.31261650918626,0.14865024243175,0.249680988707138,8,FALSE,1.42665830878566,1.71038998752789
"RT4_ZT10_leading_edge_dataset","55030","Paox",56.3708307283953,1.34136860471722,"upregulated",0.551776844109123,0.000758660849749349,0.0177576386200674,0.0101145121619028,0.220356782906993,2.67610422090871,NA,NA,0.936730080487038,1,TRUE,FALSE,"intermediate",1.67699398610989,0.498000779262753,3.3674525340955,TRUE,TRUE,1,0.936730080487038,FALSE,FALSE,FALSE,FALSE,152.765054097685,81.2395361522768,69.7977295596748,87.4562850693543,37.5896751655412,8.85606331128501,40.9733947621778,14.2914647617942,36.5483385845324,34.1907658196319,0.260060941250651,0.281299809802783,0.26858785964369,7,FALSE,1.75061478644358,1.99505505906252
"RT4_ZT10_leading_edge_dataset","257786","Mri1",52.1881757303907,1.64330920324312,"upregulated",0.0869077658822447,8.38711934354308e-06,0.000551402039982712,0.000667610418541242,0.0404904970693215,5.21829040535503,NA,NA,0.992226650522977,1,TRUE,FALSE,"intermediate",1.8385012146892,0.412677439425242,4.45505627167256,TRUE,TRUE,1,0.992226650522977,FALSE,FALSE,FALSE,FALSE,65.3364385217791,72.6880060309845,81.4306844862873,62.6166301384134,125.298917218471,24.0378861306307,9.45539879127179,19.4883610388103,24.3655590563549,37.1638758909043,0.10092540476784,0.298177201364267,0.170370294134828,7,FALSE,3.25853163149902,3.17547689446184
"RT4_ZT10_leading_edge_dataset","521278","Scn2b",118.043758201709,-1.06778510866611,"downregulated",0.551776844109123,0.00130698735065962,0.0259720574931707,0.0140873903668852,0.265295405033537,1.97665117314749,NA,NA,0.838900883743918,1,TRUE,FALSE,"intermediate",-1.36621639695859,0.425024557334419,-3.21444107965653,TRUE,TRUE,1,0.838900883743918,FALSE,FALSE,FALSE,FALSE,42.3041688270512,41.8074805929846,77.0683263888076,62.6166301384134,107.757068807885,161.939443406354,60.9347922104182,120.827838440624,301.523793322392,203.658039882155,0.226996465828237,0.171278468639293,0.206823700744913,9,FALSE,1.58549364442014,1.85116945076781
"RT4_ZT10_leading_edge_dataset","270331","LOC100360846",84.4083653376223,3.30819191147221,"upregulated",1.53008429585552e-05,2.27050526587551e-18,5.05036054639576e-15,2.43149944623156e-11,5.18051582463735e-08,35.1135652016311,NA,NA,1,1.14377616670565e-06,TRUE,FALSE,"strong_effect",3.39717391540488,0.388560396831402,8.74297520567679,TRUE,TRUE,1.14377616670565e-06,1,TRUE,FALSE,FALSE,FALSE,112.341070551836,174.831282479754,165.769607704228,125.233260276827,192.960332516445,27.8333418354672,9.45539879127179,11.6930166232862,7.61423720511092,16.3521053919979,0.0755672795443891,0.211351096262182,0.133610434580901,7,FALSE,12,10.6141258250054
"RT4_ZT10_leading_edge_dataset","55796","Coro1b",126.391978782306,1.10493350465623,"upregulated",0.0590617748782626,1.51750163965629e-06,0.000142623780865161,0.000239900455889508,0.0212932023980418,3.99982495295786,NA,NA,0.827030849686919,1,TRUE,FALSE,"intermediate",1.2045466740527,0.250481899397852,4.80891703930856,TRUE,TRUE,1,0.827030849686919,FALSE,FALSE,FALSE,FALSE,174.387184831511,181.482472574092,183.219040094146,123.163289032582,219.273105132324,79.7045698015651,59.8841923447213,72.7565478782252,86.8023041382644,83.2470819956256,0.0268188877789533,0.164636279956446,0.0643705991696865,6,FALSE,3.84580805486678,3.6199689267295
"RT4_ZT10_leading_edge_dataset","1922","LOC102547604",294.674406580153,-1.68329422863429,"downregulated",0.0150666404007047,4.66919583341666e-08,9.47872799009128e-06,3.00983887080442e-05,0.00544271876235088,7.61094205797418,NA,NA,1,1,TRUE,FALSE,"intermediate",-1.80744243613068,0.33082324244622,-5.46346871751159,TRUE,TRUE,1,1,FALSE,FALSE,FALSE,FALSE,63.4562532405768,119.246336691354,135.23310102187,178.017527005076,160.382614039643,580.704722839974,621.955120492545,261.144037920058,315.229420291592,511.374932258843,0.135652643747905,0.111000244179642,0.126867283622103,9,FALSE,5.02324993944985,4.52145675337412
"RT4_ZT10_leading_edge_dataset","256369","-",546.788265194422,-2.50266108484956,"downregulated",0.411220887550976,0.000402593165666268,0.0108886194700686,0.00688338634759988,0.175281453323593,5.4112484266448,NA,NA,1,1,TRUE,FALSE,"intermediate",-3.1258802473571,0.883421778077043,-3.53837807141369,TRUE,TRUE,1,1,FALSE,FALSE,FALSE,FALSE,158.405609941292,87.4156412398768,79.9765651204607,74.5189647928226,161.635603211827,131.575797767663,122.920184286533,194.883610388103,1740.61462508836,2715.93605010728,0.933028711736756,0.0924258375036991,0.933028711736756,11,TRUE,1.96302717943041,2.16219785387764
"RT4_ZT10_leading_edge_dataset","437511","Acot7",80.705036576295,-1.45015816437717,"downregulated",0.551776844109123,0.000778848538584535,0.0179215734412917,0.010277393091453,0.222474573310924,2.88308414596253,NA,NA,0.958779728059819,1,TRUE,FALSE,"intermediate",-1.84012937052172,0.547624252530196,-3.36020430435603,TRUE,TRUE,1,0.958779728059819,FALSE,FALSE,FALSE,FALSE,15.5115285699188,24.2293353436615,36.352984145664,21.7346980645732,80.1913070198213,101.212152128971,42.0239946278746,59.764307185685,223.858573830261,202.171484846519,0.419422728223444,0.217804457457398,0.343246235549585,9,FALSE,1.74662386371002,1.98811703218648
"RT4_ZT10_leading_edge_dataset","340585","Olfm1",120.67977682165,1.95476380511801,"upregulated",0.0869077658822447,4.6457198965969e-06,0.000352282828068081,0.000468566389909331,0.0330027783781968,6.50785608699565,NA,NA,1,1,TRUE,FALSE,"intermediate",2.17431759912472,0.474722993037321,4.58018177129621,TRUE,TRUE,1,1,FALSE,FALSE,FALSE,FALSE,269.336541532226,73.6381760444614,274.82856014122,234.424243410754,135.322830595948,45.5454684580372,31.517995970906,27.2837054543344,18.2741692922662,96.6260773163511,0.308405283297238,0.169081869641477,0.253466026306355,11,FALSE,3.4531085258708,3.32922886640147
"RT4_ZT10_leading_edge_dataset","167600","Cox7a2l2",214.266967798799,2.06982905138707,"upregulated",0.00604882680954188,1.31545793759373e-10,4.87669489864608e-08,9.23034080502205e-07,0.000310516169340798,12.4909676478814,NA,NA,1,0.151156685590846,TRUE,FALSE,"intermediate",2.17651832068943,0.338738003755185,6.42537387763097,TRUE,TRUE,0.151156685590846,1,FALSE,FALSE,FALSE,FALSE,385.908028966767,355.363585040369,446.414645308754,274.271189862472,291.946477119037,73.3788102935043,43.0745944935715,97.4418051940516,39.5940334665768,135.276508242892,0.12918327216912,0.12611769000902,0.128113452896018,6,FALSE,7.31187441438573,6.03478226354527
"RT4_ZT10_leading_edge_dataset","351652","Ell3",23.3675663750612,1.28626362693003,"upregulated",0.74874467389856,0.00326514643602349,0.0495434130441579,0.0246624065222132,0.354601981179681,2.06826631128045,NA,NA,NA,1,TRUE,FALSE,"intermediate",1.8502622118212,0.628997206409723,2.94160640614349,TRUE,TRUE,1,NA,FALSE,FALSE,FALSE,FALSE,11.2811116872137,38.0068005390769,27.6282679507046,26.9096261751859,78.9383178476366,8.85606331128501,4.20239946278746,7.79534441552413,13.7056269691996,16.3521053919979,0.314304908960256,0.578718880128259,0.398235397761408,9,FALSE,1.30501407818647,1.60796454784067
"RT4_ZT10_leading_edge_dataset","486552","Lsm7",40.163369865748,1.78813046550699,"upregulated",0.214781299509197,4.91794175226884e-05,0.00231108628964014,0.00193236630802751,0.0846200992974985,4.85282612314579,NA,NA,0.993664029351814,1,TRUE,FALSE,"intermediate",2.06408876844466,0.508459764286177,4.0594928319302,TRUE,TRUE,1,0.993664029351814,FALSE,FALSE,FALSE,FALSE,43.7143077879529,69.8374959905537,56.7106552672358,46.5743529955141,106.5040796357,12.6515190161214,4.20239946278746,11.6930166232862,28.9341013794215,20.8117704989064,0.19742348274109,0.366278539649342,0.261296385793043,9,FALSE,2.63618383885021,2.71391054330583
"RT4_ZT10_leading_edge_dataset","139214","-",256.917399366327,-1.99678148687622,"downregulated",0.00936713678682066,3.63388766424867e-09,1.01037218264714e-06,6.60112465511453e-06,0.00168771072298906,10.3440910043113,NA,NA,1,0.343897170156201,TRUE,FALSE,"intermediate",-2.1228746981121,0.359806147876973,-5.90005120990306,TRUE,TRUE,0.343897170156201,1,FALSE,FALSE,FALSE,FALSE,53.5852805142649,87.4156412398768,74.1600876571545,137.135594931236,127.80489556284,527.568342972264,531.603532042614,163.702232726007,354.823453758169,511.374932258843,0.168730679126136,0.116920513471981,0.149631124807456,10,FALSE,5.99551861919179,5.18038206598842
"RT4_ZT10_leading_edge_dataset","77571","Aarsd1",210.854366370182,2.17730880216114,"upregulated",0.000194672265309928,2.23858575786418e-12,1.86726034527846e-09,8.29610138364245e-08,5.17469831510585e-05,15.4177978584733,NA,NA,1,0.044351073006776,TRUE,FALSE,"strong_effect",2.26935342073525,0.323327194447598,7.01875208675975,TRUE,TRUE,0.044351073006776,1,TRUE,FALSE,FALSE,FALSE,443.723726363737,398.12123564683,302.456828091924,298.07585917129,301.970390496514,40.4848608515886,55.6817928819339,51.9689627701609,83.7566092562201,132.303398171619,0.108152477371375,0.127014349561104,0.115256813577331,9,FALSE,8.72879512573853,7.08112594923143
"RT4_ZT10_leading_edge_dataset","129054","Dnah10",170.400080716484,-1.1647864427429,"downregulated",0.214781299509197,3.15840603588479e-05,0.00163380181995808,0.00148028317252047,0.0714045692445713,3.29594401201235,NA,NA,0.873562612990771,1,TRUE,FALSE,"intermediate",-1.31946008944052,0.31704577909254,-4.16173365631021,TRUE,TRUE,1,0.873562612990771,FALSE,FALSE,FALSE,FALSE,62.0461142796751,78.8641111185845,93.0636394128998,125.750753087888,129.057884735025,303.636456386915,264.75116615561,141.615423548688,178.173150599595,327.042107839958,0.100729730736238,0.140380057763499,0.113809536384877,10,FALSE,2.78680062449789,2.82965519778106
"RT4_ZT10_leading_edge_dataset","77020","Smarce1",36.9581610065923,1.87809106188073,"upregulated",0.26399916044207,0.000169097071866523,0.00556094959888803,0.00407086654803268,0.126942684886665,4.48922573303144,NA,NA,0.993576537891271,1,TRUE,FALSE,"intermediate",2.23597873534993,0.594484746549532,3.76120455289702,TRUE,TRUE,1,0.993576537891271,FALSE,FALSE,FALSE,FALSE,61.5760679593746,105.468871495938,81.4306844862873,38.8119608295951,17.5418484105859,3.79545570483643,12.6071983883624,27.2837054543344,10.6599320871553,10.4058852494532,0.352238716669952,0.391911317301088,0.366840451666279,9,FALSE,2.25485104108998,2.39031313451644
"RT4_ZT10_leading_edge_dataset","466750","RGD1566401",56.623872587651,1.82426224324381,"upregulated",0.16765418377471,1.35019976981184e-05,0.000797334784420741,0.000888349224996032,0.0495559310877277,5.56658349379734,NA,NA,0.997988254908984,1,TRUE,FALSE,"intermediate",2.05446072265171,0.472093691932703,4.35180718946055,TRUE,TRUE,1,0.997988254908984,FALSE,FALSE,FALSE,FALSE,124.09222855935,76.0136010781537,74.1600876571545,140.758044608665,41.3486426820953,13.9166709177336,36.7709952993903,14.2914647617942,12.1827795281775,32.7042107839958,0.206297184915957,0.28035874788177,0.233312061947724,9,FALSE,3.09835928902033,3.0514162722017
"RT4_ZT10_leading_edge_dataset","420641","LOC102556004",43.5856119068965,1.41780615857815,"upregulated",0.377327729153862,0.000256314273446323,0.00770443759778068,0.00523564911551033,0.148923325602853,3.23405762598308,NA,NA,0.955405086983527,1,TRUE,FALSE,"intermediate",1.69903825268287,0.464742911845177,3.65586695219762,TRUE,TRUE,1,0.955405086983527,FALSE,FALSE,FALSE,FALSE,94.4793103804144,77.9139411051076,61.0730133647155,76.0714432260064,22.5538050993247,22.7727342290186,9.45539879127179,23.3860332465724,24.3655590563549,23.7848805701787,0.159777665865129,0.343071632555021,0.221261546772431,9,FALSE,2.11325905806107,2.28102946683937
"RT4_ZT10_leading_edge_dataset","281697","LOC103691697",41.8083979654757,5.55752084802544,"upregulated",1.53008429585552e-05,4.90626047255711e-14,5.53058764518124e-11,8.69578942186422e-09,8.39291829743169e-06,44.7974582025991,NA,NA,1,1.06639321017e-06,TRUE,FALSE,"strong_effect",5.75718739993412,0.764121321343475,7.53438915931812,TRUE,TRUE,1.06639321017e-06,1,TRUE,FALSE,FALSE,FALSE,126.912506481154,90.741236287046,85.793042583767,66.2390798158423,41.3486426820953,0,3.1517995970906,3.89767220776206,0,0,0.168138978877395,0.354649081412633,0.267548367239791,8,FALSE,10.2572287208652,8.0606909857145
"RT4_ZT10_leading_edge_dataset","186872","-",159.364898776437,-1.81257772882089,"downregulated",0.0397682447996028,5.31359169527785e-07,6.33171381831948e-05,0.000128185164826267,0.0140541701251698,7.05484658201863,NA,NA,1,1,TRUE,FALSE,"intermediate",-1.97759266196825,0.394364706936675,-5.01462891375269,TRUE,TRUE,1,1,FALSE,FALSE,FALSE,FALSE,51.235048912762,60.3357958557845,47.9859390722764,62.6166301384134,101.492122946961,432.681950351353,301.522161455,101.339477401814,140.101964574041,294.337897055962,0.196756093398416,0.145203941856832,0.17785184402144,9,FALSE,4.1984787226684,3.89216223384137
"RT4_ZT10_leading_edge_dataset","398780","Nop2",48.635187361273,1.31132247840475,"upregulated",0.377327729153862,0.000264263967218059,0.00790777333294218,0.00533337950844759,0.150593722895904,2.98063273088369,NA,NA,0.931275263254853,1,TRUE,FALSE,"intermediate",1.56644355957001,0.42939496725035,3.64802496312613,TRUE,TRUE,1,0.931275263254853,FALSE,FALSE,FALSE,FALSE,85.5484302947036,74.1132610511999,40.7153422431436,48.6443242397592,114.022014668808,32.8939494419157,14.7083981197561,15.5906888310483,27.4112539383993,32.7042107839958,0.126821810490734,0.31479413594502,0.188885790491374,9,FALSE,2.10194578772246,2.27299751203052
"RT4_ZT10_leading_edge_dataset","563025","LOC100912627",253.909746632648,-1.56756973614263,"downregulated",0.0560134037242879,1.30598890563203e-06,0.00013058257586985,0.000219315319003544,0.0201065635130114,5.73562955260481,NA,NA,0.99218754996546,1,TRUE,FALSE,"intermediate",-1.71944704092039,0.355342791351117,-4.83884036139456,TRUE,TRUE,1,0.99218754996546,FALSE,FALSE,FALSE,FALSE,78.9677818104956,104.043616475723,82.8848038521138,182.157469493566,142.840765629057,466.841051694881,413.936347084565,171.497577141531,292.386708676259,603.541344468285,0.163198661418407,0.117467825049535,0.146483625279622,10,FALSE,3.8841147687609,3.65893103213301
"RT4_ZT10_leading_edge_dataset","400766","LOC500371",123.39915275076,1.44275706577546,"upregulated",0.0150666404007047,3.97021502555365e-08,9.13560167776534e-06,2.73302414028898e-05,0.0051119904188188,6.58381488055457,NA,NA,0.988284593722532,1,TRUE,FALSE,"intermediate",1.54431685843822,0.281185110538595,5.49217152885571,TRUE,TRUE,1,0.988284593722532,FALSE,FALSE,FALSE,FALSE,166.396397386401,221.864698146861,162.861368972575,150.590408018829,216.767126787954,87.2954812112379,38.872195030784,68.8588756704631,65.4824399639539,55.0025363185383,0.0429995765163774,0.166914153525194,0.0822429390028248,7,FALSE,5.0392628444003,4.5633565322488
"RT4_ZT10_leading_edge_dataset","220253","LOC108348590",23.5715882306437,1.77050888284475,"upregulated",0.551776844109123,0.00199790470901196,0.0349005710032378,0.0182552076434903,0.300971777115621,3.07823015482061,NA,NA,NA,1,TRUE,FALSE,"intermediate",2.44168801065891,0.790051307415448,3.09054359855005,TRUE,TRUE,1,NA,FALSE,FALSE,FALSE,FALSE,60.6359753187734,73.6381760444614,34.8988647798374,25.8746405530634,3.75896751655412,8.85606331128501,5.25299932848433,9.09456848477815,13.7056269691996,0,0.705744352134837,0.574321903106804,0.649764881320388,9,FALSE,1.45716746755295,1.73861322281235
"RT4_ZT10_leading_edge_dataset","348412","Alkbh3",307.156724089615,-2.8394007885495,"downregulated",3.14222755078946e-05,5.8016055022132e-14,5.53058764518124e-11,9.59967838554121e-09,8.76554104413715e-06,22.7655866958919,NA,NA,1,0.00076757886010789,TRUE,FALSE,"strong_effect",-2.94795322990839,0.392407281653141,-7.51248350308179,TRUE,TRUE,0.00076757886010789,1,TRUE,FALSE,FALSE,FALSE,39.4838909052478,58.9105408355691,56.7106552672358,98.8411269127022,98.9861446025919,535.159254381937,472.76993956359,180.592145626309,580.204875029452,949.908667771513,0.221486533222889,0.109363153958264,0.177912625629588,9,FALSE,10.2572287208652,8.0177433167234
"RT4_ZT10_leading_edge_dataset","52375","Hs3st2",22.2494496217512,1.89409941359855,"upregulated",0.551776844109123,0.000766109947007688,0.0177576386200674,0.010174806888446,0.221143907452892,3.77394350290977,NA,NA,NA,1,TRUE,FALSE,"intermediate",2.41261058756158,0.717023641938913,3.36475737541598,TRUE,TRUE,1,NA,FALSE,FALSE,FALSE,FALSE,18.8018528120228,45.6081606468922,36.352984145664,12.9373202765317,73.9263611588977,12.6515190161214,4.20239946278746,9.09456848477815,0,8.91933021381702,0.448142513611816,0.604247905270257,0.512237723504321,8,FALSE,1.75061478644358,1.99247382466571
"RT4_ZT10_leading_edge_dataset","436918","Srm",189.88966787067,1.29691297658495,"upregulated",0.0150666404007047,5.09392921722087e-09,1.35967158666059e-06,8.06662787788959e-06,0.00198307326390566,6.60557720919355,NA,NA,0.964488491880522,1,TRUE,FALSE,"intermediate",1.3741017389665,0.235127356392721,5.84407429253534,TRUE,TRUE,1,0.964488491880522,FALSE,FALSE,FALSE,FALSE,261.345754087116,278.874898955477,289.369753799485,242.704128387735,296.958433807776,92.3560888176865,93.503388047021,72.7565478782252,144.670506897107,126.357178029075,0.0230069036121709,0.133229970499486,0.0586392018056896,10,FALSE,5.86656597789802,5.0933079770606
"RT4_ZT10_leading_edge_dataset","446277","-",271.925102169538,-1.01339902069448,"downregulated",0.551776844109123,0.00102235556320988,0.0220070279783855,0.0121285136684985,0.244770044093737,1.94186751988587,NA,NA,0.792900539937199,1,TRUE,FALSE,"intermediate",-1.26746987131321,0.385917658312705,-3.28430131146316,TRUE,TRUE,1,0.792900539937199,FALSE,FALSE,FALSE,FALSE,268.396448891625,115.445656637446,63.9812520963686,149.037929585645,199.225278377368,258.090987928877,270.004165484095,284.530071166631,440.102910455411,670.436321071913,0.212279538724136,0.114370448552397,0.174572862980359,8,FALSE,1.65743860441345,1.91619241802218
"RT4_ZT10_leading_edge_dataset","39811","Zfp111",138.757731623005,-1.00139297468853,"downregulated",0.377327729153862,0.000238457953996519,0.00729921984870996,0.0050117038117361,0.14500126671645,2.30321846555183,NA,NA,0.751005161544696,1,TRUE,FALSE,"intermediate",-1.17809128846004,0.320625979860834,-3.67434756525775,TRUE,TRUE,1,0.751005161544696,FALSE,FALSE,FALSE,FALSE,68.1567164435825,81.7146211590153,55.2565359014092,105.568533456499,114.022014668808,202.424304257943,171.247778108589,124.725510648386,152.284744102218,312.176557483596,0.0949877230418341,0.156266314014385,0.11523464614192,9,FALSE,2.13672355542834,2.30001460342601
"RT4_ZT10_leading_edge_dataset","202710","Fam155a",87.6857388753096,-1.36657326793438,"downregulated",0.551776844109123,0.00105672617229731,0.0223149802143668,0.0123753208697894,0.247516611321459,2.60666134061724,NA,NA,0.943684992548262,1,TRUE,FALSE,"intermediate",-1.75591654827956,0.536162383243521,-3.27497154436146,TRUE,TRUE,1,0.943684992548262,FALSE,FALSE,FALSE,FALSE,21.6221307338262,34.6812054919076,15.9953130240921,56.9242092167395,71.4203828145283,188.507633340209,211.17057300507,116.930166232862,22.8427116153327,136.763063278528,0.410199664322506,0.206094660990561,0.330164439089236,8,FALSE,1.65140349389157,1.9074435317744
"RT4_ZT10_leading_edge_dataset","264620","Cert1",37.6394582537977,2.03227541770241,"upregulated",0.214781299509197,6.24122077571622e-05,0.00279514538499023,0.00223064720191335,0.0920820917062465,5.38871872484139,NA,NA,0.99905535564567,1,TRUE,FALSE,"intermediate",2.35916101040692,0.58927464097094,4.00349997501974,TRUE,TRUE,1,0.99905535564567,FALSE,FALSE,FALSE,FALSE,46.0645393894558,60.810880862523,61.0730133647155,52.266773917188,95.2271770860378,22.7727342290186,14.7083981197561,5.19689627701609,18.2741692922662,0,0.32347698590431,0.386097481649837,0.35668988179617,6,FALSE,2.55359559806131,2.65156911209092
"RT4_ZT10_leading_edge_dataset","160109","Mtfp1",50.6982145125561,1.02404910752106,"upregulated",0.551776844109123,0.00167150476491273,0.0311409985690016,0.0163697850469877,0.28599897637042,1.8289076957892,NA,NA,0.813093581394061,1,TRUE,FALSE,"intermediate",1.32158347957621,0.420467070170399,3.14313194381816,TRUE,TRUE,1,0.813093581394061,FALSE,FALSE,FALSE,FALSE,54.0553268345654,72.212921024246,77.0683263888076,54.3367451614331,103.998101291331,31.6287975403036,12.6071983883624,18.1891369695563,47.2082706716877,35.6773208552681,0.119403481836704,0.304862025975853,0.183703169735937,9,FALSE,1.50666746543347,1.78595702330767
"RT4_ZT10_leading_edge_dataset","235979","Ccdc112",126.282981585812,-1.29629993731175,"downregulated",0.377327729153862,0.000230628091210339,0.00715805233789112,0.00491144681546229,0.143201432256284,2.99288505097654,NA,NA,0.92870786850282,1,TRUE,FALSE,"intermediate",-1.54605294101331,0.419796355282388,-3.68286413533369,TRUE,TRUE,1,0.92870786850282,FALSE,FALSE,FALSE,FALSE,20.682038093225,52.7344357479692,69.7977295596748,91.5962275578444,88.9622312251142,293.515241174017,234.283770050401,174.096025280039,95.9393887843975,141.222728385436,0.223092737680813,0.164717344477461,0.201780056647486,9,FALSE,2.14520513048161,2.3087905544323
"RT4_ZT10_leading_edge_dataset","461456","Mnat1",58.8297487845313,-1.06904346482881,"downregulated",0.729984067112226,0.00256358641641595,0.0417239320896187,0.0212639756235022,0.327275844696673,1.78782075477688,NA,NA,0.857920849494913,1,TRUE,FALSE,"intermediate",-1.45200893171459,0.481477899262117,-3.01573329521428,TRUE,TRUE,1,0.857920849494913,FALSE,FALSE,FALSE,FALSE,8.93088008571081,26.1296753706153,26.1741485848781,35.1895111521662,62.6494586092354,73.3788102935043,93.503388047021,105.237149609576,42.6397283486211,114.464737743985,0.249792689660851,0.272497990248984,0.257782967464623,9,FALSE,1.37961477013154,1.67235553426555
"RT4_ZT10_leading_edge_dataset","234203","Cdc23",38.5912591651924,2.74759310887501,"upregulated",0.377327729153862,0.000277988383424889,0.00824451770041904,0.00549944107035505,0.153376688654866,6.20868517286773,NA,NA,1,1,TRUE,FALSE,"intermediate",3.36282737073304,0.925126277310366,3.6349928147213,TRUE,TRUE,1,1,FALSE,FALSE,FALSE,FALSE,84.6083376541024,81.2395361522768,82.8848038521138,69.8615294932711,32.5777184768024,0,0,6.49612034627011,0,28.2445456770872,1.84808171388617,0.378319021395614,0.925409669489216,9,FALSE,2.08383474525575,2.25968144730493
"RT4_ZT10_leading_edge_dataset","390527","Ppm1k",115.966433441057,1.0467792353112,"upregulated",0.377327729153862,0.000179809588695809,0.00588171267336831,0.00422489324563124,0.130084954323399,2.48524678448952,NA,NA,0.789492958211985,1,TRUE,FALSE,"intermediate",1.22226415606039,0.326301323922226,3.74581427181617,TRUE,TRUE,1,0.789492958211985,FALSE,FALSE,FALSE,FALSE,242.543901275094,168.180092385415,127.962504192737,142.310523041849,129.057884735025,80.9697217031772,44.1251943592684,68.8588756704631,106.599320871553,49.0563161759936,0.0876815253492151,0.173079863431739,0.115870146680534,9,FALSE,2.230496194963,2.37418426030459
"RT4_ZT10_leading_edge_dataset","53898","Tgfb1i1",66.9378400337149,1.03599840078266,"upregulated",0.411220887550976,0.000406643153965116,0.0109416522839081,0.00692530507701394,0.175892312957994,2.23730183571916,NA,NA,0.790503090340242,1,TRUE,FALSE,"intermediate",1.24027983309626,0.350784209793633,3.53573450135034,TRUE,TRUE,1,0.790503090340242,FALSE,FALSE,FALSE,FALSE,109.050746309732,97.8675113881229,65.4353714621951,70.3790223043324,127.80489556284,64.5227469822193,34.6697955679966,36.3782739391126,35.0254911435102,28.2445456770872,0.0701452030036745,0.248056382327717,0.126880365589456,8,FALSE,1.96091709083614,2.15956109008368
"RT4_ZT10_leading_edge_dataset","217033","-",47.2805240863096,-1.41119373335084,"downregulated",0.729984067112226,0.00245031101889517,0.0403726553804629,0.0206835993925376,0.322286961319021,2.376977867451,NA,NA,0.955540424253879,1,TRUE,FALSE,"intermediate",-1.98909412314626,0.656594346159013,-3.02941098226354,TRUE,TRUE,1,0.955540424253879,FALSE,FALSE,FALSE,FALSE,5.64055584360683,9.50170013476922,17.4494323899187,12.9373202765317,51.372556059573,141.69701298056,37.8215951650872,59.764307185685,118.78210039973,17.838660427634,0.585197046690471,0.321787374056367,0.487465149160123,9,FALSE,1.39391268533933,1.68437388239171
"RT4_ZT10_leading_edge_dataset","289144","-",130.051629552666,-1.90267210042136,"downregulated",0.052673661207579,8.44630749473074e-07,9.07041164873831e-05,0.000169043516026202,0.0169042532648422,7.1768819839562,NA,NA,1,1,TRUE,FALSE,"intermediate",-2.0846638288973,0.423302448386001,-4.92476203916575,TRUE,TRUE,1,1,FALSE,FALSE,FALSE,FALSE,30.0829644992364,45.1330756401538,45.0777003406233,51.2317882950655,77.6853286754519,193.568240946658,195.411575019617,61.063531254939,216.24433662515,385.017754229768,0.228187165342036,0.161993359051577,0.203821710398889,10,FALSE,4.04237300260708,3.77200148273936
"RT4_ZT10_leading_edge_dataset","388158","Tmem178b",60.8230234437227,1.03406322095458,"upregulated",0.551776844109123,0.00101451289560767,0.0219088820465695,0.0120717513994484,0.244131343191963,1.98357079950318,NA,NA,0.805232394217555,1,TRUE,FALSE,"intermediate",1.28828142789601,0.391995396932724,3.28647080546488,TRUE,TRUE,1,0.805232394217555,FALSE,FALSE,FALSE,FALSE,94.949356700715,135.8743119272,62.527132730542,84.3513282029867,52.6255452317577,20.2424304257943,29.4167962395122,54.5674109086689,35.0254911435102,38.6504309265404,0.110176679075078,0.265885242129084,0.161231335050813,9,FALSE,1.65937978279498,1.91822971681758
"RT4_ZT10_leading_edge_dataset","24658","Ankrd13d",101.332298372676,1.02665604572293,"upregulated",0.214781299509197,8.12149827769302e-05,0.00330455841506375,0.00261443104499581,0.100510937583141,2.65146531975587,NA,NA,0.762259514779147,1,TRUE,FALSE,"intermediate",1.17669968207411,0.298595157737798,3.94078621699349,TRUE,TRUE,1,0.762259514779147,FALSE,FALSE,FALSE,FALSE,130.672877043558,147.751437095661,159.953130240921,97.2886484795183,166.647559900566,67.0530507854436,33.6191957022997,68.8588756704631,73.0966771690648,68.3815316392639,0.0503825995965973,0.187863003743129,0.0934899649175058,7,FALSE,2.48088656665159,2.58262280809814
"RT4_ZT10_leading_edge_dataset","552163","Pnkd",114.161872806314,-1.52507578205033,"downregulated",0.0869077658822447,4.40912015654323e-06,0.000338184583961068,0.000454124952064427,0.0323644074591851,5.09806089443638,NA,NA,0.98550536208401,1,TRUE,FALSE,"intermediate",-1.69244383131275,0.368635650592816,-4.59110188770693,TRUE,TRUE,1,0.98550536208401,FALSE,FALSE,FALSE,FALSE,50.2949562721609,42.7576506064615,36.352984145664,59.5116732720458,81.444296192006,254.295532224041,232.182570319007,75.3549960167332,134.010574809952,175.413494205068,0.139907779904167,0.174697935748374,0.151889271118724,9,FALSE,3.47084619346576,3.34282463497158
"RT4_ZT10_leading_edge_dataset","154205","Alb",29.6907987743273,3.12709107724956,"upregulated",0.0869077658822447,8.45544883556671e-06,0.000551402039982712,0.000670866601405695,0.0405957354182163,9.92339771332352,NA,NA,1,0.301245464321398,TRUE,FALSE,"intermediate",3.51359696370088,0.788984568091911,4.45331519246086,TRUE,TRUE,0.301245464321398,1,FALSE,FALSE,FALSE,FALSE,108.110653669131,77.9139411051076,36.352984145664,20.6997124424507,30.071740132433,0,9.45539879127179,3.89767220776206,0,10.4058852494532,0.757127319375102,0.470529754495008,0.602961710376734,7,FALSE,3.25853163149902,3.17336382861341
"RT4_ZT10_leading_edge_dataset","237320","Nars1",140.955122112836,1.14493220356659,"upregulated",0.377327729153862,0.000234428093193077,0.0072089339441355,0.00496026719636777,0.144081336260216,2.6384904567031,NA,NA,0.86296133284426,1,TRUE,FALSE,"intermediate",1.35263660160723,0.367694433062047,3.67869752702776,TRUE,TRUE,1,0.86296133284426,FALSE,FALSE,FALSE,FALSE,262.285846727718,221.864698146861,167.223727070054,123.163289032582,236.81495354291,61.992443178995,44.1251943592684,49.3705146316528,141.624812015063,101.08574242326,0.150346977646477,0.154932642053674,0.151998709435268,9,FALSE,2.14212895392281,2.30449492859395
"RT4_ZT10_leading_edge_dataset","520688","-",244.13838831441,1.08043376884091,"upregulated",0.0869077658822447,5.48133582919436e-06,0.000393300580518429,0.000517370256199357,0.0350537398118212,3.55051987659109,NA,NA,0.8035413323093,1,TRUE,FALSE,"intermediate",1.19095817087081,0.262010029460313,4.54546787130225,TRUE,TRUE,1,0.8035413323093,FALSE,FALSE,FALSE,FALSE,234.083067509683,333.034589723661,519.120613600081,339.475284056192,274.404628708451,161.939443406354,173.348977839983,163.702232726007,123.350642722797,118.924402850894,0.0598915185225933,0.119339021252695,0.0767850950221745,9,FALSE,3.40527541256365,3.28619854264654
"RT4_ZT10_leading_edge_dataset","546860","-",266.504061222062,-1.604689764291,"downregulated",0.0869077658822447,8.59370780131905e-06,0.000551402039982712,0.000677423331863158,0.0408062046518608,5.08548627799023,NA,NA,0.990166631447976,1,TRUE,FALSE,"intermediate",-1.79637003105456,0.403693806525346,-4.44983302200296,TRUE,TRUE,1,0.990166631447976,FALSE,FALSE,FALSE,FALSE,207.290427252551,79.339196125323,52.3482971697561,168.702656405973,85.2032637085601,471.90165930133,471.719339697893,261.144037920058,217.767184066172,649.624550573007,0.238408417426054,0.115258441239854,0.190687283554062,9,FALSE,3.25853163149902,3.16913984943198
"RT4_ZT10_leading_edge_dataset","187618","Rnf17",108.225503807456,-1.63510433622857,"downregulated",0.0869077658822447,3.30962660617998e-06,0.000272656028926408,0.000382465229759044,0.0289591338012629,5.58781870617179,NA,NA,0.993576537891271,1,TRUE,FALSE,"intermediate",-1.8109913044631,0.389409828993591,-4.65060501719617,TRUE,TRUE,1,0.993576537891271,FALSE,FALSE,FALSE,FALSE,24.9124549759302,47.0334156671076,33.4447454140109,62.6166301384134,72.673371986713,215.075823274064,222.727171527736,84.4495645015114,112.690710635642,206.631149953428,0.163969349606064,0.180401548367283,0.169733731518736,9,FALSE,3.56438489482102,3.41740804079837
"RT4_ZT10_leading_edge_dataset","320258","Snx3",28.5305350224886,2.47618736529265,"upregulated",0.052673661207579,8.44881068927813e-07,9.07041164873831e-05,0.000169073432829903,0.0169062847153473,9.33999211023713,NA,NA,1,0.345987119411892,TRUE,FALSE,"intermediate",2.71479855790736,0.551261254830788,4.92470409287278,TRUE,TRUE,0.345987119411892,1,FALSE,FALSE,FALSE,FALSE,32.4331961007393,63.6613909029538,40.7153422431436,32.6020470968599,77.6853286754519,5.06060760644857,5.25299932848433,5.19689627701609,16.751321851244,5.94622014254468,0.149856782721413,0.486789163680151,0.26893645951135,6,FALSE,4.04237300260708,3.77192462943259
"RT4_ZT10_leading_edge_dataset","128905","Scarb1",42.8000084635786,1.08457996231794,"upregulated",0.729984067112226,0.00278050513198345,0.0440453383844579,0.0223488056638801,0.336280906741272,1.7903656884075,NA,NA,0.864347066348978,1,TRUE,FALSE,"intermediate",1.47625482128318,0.493562922597553,2.99101645138549,TRUE,TRUE,1,0.864347066348978,FALSE,FALSE,FALSE,FALSE,60.6359753187734,85.5153012129229,79.9765651204607,58.9941804609845,30.071740132433,10.1212152128971,39.9227948964809,23.3860332465724,30.4569488204437,8.91933021381702,0.204544806294272,0.348070783033491,0.256986542352607,9,FALSE,1.35610004913699,1.65074568091888
"RT4_ZT10_leading_edge_dataset","250403","LOC108348898",505.52887158457,-1.41524201563467,"downregulated",0.214781299509197,7.80738309849701e-05,0.00321596712446115,0.00255297433821977,0.0992399349706758,3.66965680936968,NA,NA,0.959842305868551,1,TRUE,FALSE,"intermediate",-1.64252794388569,0.415804906114273,-3.95023704562612,TRUE,TRUE,1,0.959842305868551,FALSE,FALSE,FALSE,FALSE,447.484096926142,208.562317958184,168.677846435881,171.807613272341,228.044029337617,418.76527943362,474.871139294983,354.688170906348,1070.56175103859,1511.82647124199,0.28129199386883,0.094197730637178,0.20511070589635,10,FALSE,2.49268839951876,2.59295355057983
"RT4_ZT10_leading_edge_dataset","125167","Slc7a1",17.0292695113613,4.2376941838031,"upregulated",0.214781299509197,3.43565899801639e-05,0.00175008797662316,0.00155713793610368,0.0738373444493914,11.8980591801237,NA,NA,NA,0.243500906131228,TRUE,FALSE,"intermediate",4.88629576640698,1.17955723941927,4.14248296149889,TRUE,TRUE,0.243500906131228,NA,FALSE,FALSE,FALSE,FALSE,48.4147709909586,36.5815455188615,4.36235809747968,9.83236341016409,65.1554369536048,0,0,0,0,5.94622014254468,1.53836715322066,0.767797710020993,1.06827011728197,9,FALSE,2.75694011885564,2.80767291457682
"RT4_ZT10_leading_edge_dataset","314887","Sim1",161.941371746977,-2.02167632811918,"downregulated",0.00604882680954188,1.4209440320804e-09,4.51521882193929e-07,3.78151902591384e-06,0.00109763608162573,10.9622037050769,NA,NA,1,0.28783864987785,TRUE,FALSE,"intermediate",-2.14186852938435,0.353847195603882,-6.05308889259105,TRUE,TRUE,0.28783864987785,1,FALSE,FALSE,FALSE,FALSE,31.9631497804387,48.458670687323,49.440058438103,89.5262563135993,80.1913070198213,221.401582782125,233.233170184704,159.804560518245,281.726776589104,423.668185156309,0.138371339063791,0.144018842017016,0.141066567913846,9,FALSE,6.34532119754141,5.42233371020147
"RT4_ZT10_leading_edge_dataset","317232","Ggt5",110.326551598551,-1.23549186139836,"downregulated",0.551776844109123,0.000799125007845531,0.0182621958128535,0.010439354583579,0.224553741734144,2.44791258130907,NA,NA,0.910222922165185,1,TRUE,FALSE,"intermediate",-1.54944404935773,0.462093324099835,-3.35309767215545,TRUE,TRUE,1,0.910222922165185,FALSE,FALSE,FALSE,FALSE,29.6129181789359,38.0068005390769,90.1554006812466,108.155997511805,15.0358700662165,175.856114324088,105.059986569687,175.395249349293,199.493014773906,166.494163991251,0.287460208160407,0.178312703897763,0.245134456687283,10,FALSE,1.73844700489197,1.98132635089839
"RT4_ZT10_leading_edge_dataset","480987","LOC108348051",74.4972678968923,2.52552692728878,"upregulated",0.0560134037242879,1.3186267670729e-06,0.00013058257586985,0.000220581146812782,0.0201808021332436,9.23441648805828,NA,NA,1,0.352088792857998,TRUE,FALSE,"intermediate",2.78060619602392,0.574870559813019,4.83692571929294,TRUE,TRUE,0.352088792857998,1,FALSE,FALSE,FALSE,FALSE,136.313432887165,150.126862129354,95.9718781445529,112.813432811356,154.117668178719,27.8333418354672,0,9.09456848477815,30.4569488204437,28.2445456770872,0.520574185812615,0.230061180552886,0.358813958486321,9,FALSE,3.8841147687609,3.65643160968855
"RT4_ZT10_leading_edge_dataset","239177","Atp9b",56.3511971431984,1.11705667485283,"upregulated",0.551776844109123,0.00203129102972943,0.0350680243917631,0.0184411504490531,0.302357527440309,1.93721307795113,NA,NA,0.873077979062043,1,TRUE,FALSE,"intermediate",1.48222264514111,0.48036480587022,3.08561873606861,TRUE,TRUE,1,0.873077979062043,FALSE,FALSE,FALSE,FALSE,110.930931590934,60.3357958557845,123.600146095258,66.7565726269035,52.6255452317577,16.4469747209579,9.45539879127179,36.3782739391126,31.9797962614658,55.0025363185383,0.231619719407209,0.281373180367746,0.249852150425857,9,FALSE,1.45508870004161,1.73421198902586
"RT4_ZT10_leading_edge_dataset","454671","Dtnb",42.8800887664007,3.66864555422823,"upregulated",0.0869077658822447,7.49590192609003e-06,0.000524628028382309,0.000624123572559032,0.0390377400272942,11.7570163179685,NA,NA,1,0.183345144698121,TRUE,FALSE,"intermediate",4.13071452275942,0.922220114227586,4.47909827494831,TRUE,TRUE,0.183345144698121,1,FALSE,FALSE,FALSE,FALSE,172.036953230008,84.0900461927076,61.0730133647155,23.8046693088183,63.9024477814201,0,0,0,4.56854232306655,19.3252154632702,1.78123697336575,0.347552811360209,0.873897440335159,9,FALSE,3.28014851083563,3.20472941421614
"RT4_ZT10_leading_edge_dataset","80330","LOC102552044",183.805118709785,-1.03922737177682,"downregulated",0.551776844109123,0.00160809329758739,0.0302276241543679,0.0159876446967988,0.282743708727085,1.86667632557289,NA,NA,0.824589913924011,1,TRUE,FALSE,"intermediate",-1.34379609546078,0.426002183929299,-3.15443475680351,TRUE,TRUE,1,0.824589913924011,FALSE,FALSE,FALSE,FALSE,119.391765356345,105.943956502677,78.5224457546342,85.9038066361705,129.057884735025,189.772785241822,151.286380660349,90.9456848477815,301.523793322392,585.702684040651,0.258314288617448,0.135299393641726,0.211488074833773,9,FALSE,1.51959598637152,1.79621551189644
"RT4_ZT10_leading_edge_dataset","138115","Dnm3",34.6486070015984,1.20001824378017,"upregulated",0.74874467389856,0.00330346052637477,0.0498732852771466,0.0248395376983837,0.355938101937185,1.92585706821118,NA,NA,0.912988741108141,1,TRUE,FALSE,"intermediate",1.69548308172836,0.57708916671474,2.93799152630161,TRUE,TRUE,1,0.912988741108141,FALSE,FALSE,FALSE,FALSE,56.8756047563689,53.2095207547076,47.9859390722764,86.4212994472317,20.0478267549553,3.79545570483643,25.2143967767248,15.5906888310483,7.61423720511092,29.7311007127234,0.314771629461017,0.413321078505554,0.352063146048279,9,FALSE,1.30213202278339,1.60485649130179
"RT4_ZT10_leading_edge_dataset","315593","Hsd17b8",19.5570862243565,2.5624984453601,"upregulated",0.214781299509197,0.000108616483625517,0.00404914969403951,0.00311571454341197,0.109919840175542,6.42275459583065,NA,NA,NA,1,TRUE,FALSE,"intermediate",3.0345791741426,0.784029566014184,3.8704907387226,TRUE,TRUE,1,NA,FALSE,FALSE,FALSE,FALSE,24.9124549759302,35.1562904986461,29.0823873165312,24.3221621198796,60.143480264866,0,0,3.89767220776206,9.1370846461331,8.91933021381702,0.422161685915556,0.677697615780013,0.570416934084337,10,FALSE,2.39263616739222,2.50644233851549
"RT4_ZT10_leading_edge_dataset","486755","Gamt",302.779704671967,1.45763331497389,"upregulated",0.000194672265309928,9.1964833839691e-12,4.97475673051965e-09,1.91234803326168e-07,8.85596485605212e-05,9.79301186210711,NA,NA,0.999643072415111,1,TRUE,FALSE,"intermediate",1.52050670154213,0.222995651946146,6.81854865003975,TRUE,TRUE,1,0.999643072415111,FALSE,FALSE,FALSE,FALSE,586.61780773511,449.430416374584,433.327571016315,356.035054010152,418.498383509692,158.143987701518,150.235780794652,111.733269955846,169.036065953462,194.738709668338,0.0311071430730295,0.109921844756919,0.05458630681234,9,FALSE,8.30322815173757,6.71843306646879
"RT4_ZT10_leading_edge_dataset","3192","LOC120098984",235.964789166527,-2.08770621158301,"downregulated",1.53008429585552e-05,8.7853913156202e-15,1.46562290622834e-11,3.15324255595328e-09,4.67945324098047e-06,17.7480970257435,NA,NA,1,0.0189127205100488,TRUE,FALSE,"strong_effect",-2.15975818924389,0.278473477363352,-7.75570517412628,TRUE,TRUE,0.0189127205100488,1,TRUE,FALSE,FALSE,FALSE,99.1797735834201,69.8374959905537,45.0777003406233,107.638504700744,107.757068807885,465.575899793269,417.088146681656,271.53783047409,435.534368132344,340.421103160683,0.0683034925981584,0.121023284195686,0.0867291732661275,9,FALSE,10.8339777560324,8.50124262085996
"RT4_ZT10_leading_edge_dataset","492117","Gns",89.8527154582607,1.67835650905667,"upregulated",0.0275469750430541,3.34926499815845e-07,4.46992906654227e-05,9.73324902799888e-05,0.0118269866119905,6.73313357517107,NA,NA,0.99905535564567,1,TRUE,FALSE,"intermediate",1.8217932215512,0.357028700423857,5.10265202598112,TRUE,TRUE,1,0.99905535564567,FALSE,FALSE,FALSE,FALSE,147.124498254078,129.6982068396,152.682533411789,108.155997511805,161.635603211827,32.8939494419157,24.1637969110279,22.0868091773184,48.7311181127099,71.3546417105362,0.0921630666214995,0.202829730952902,0.133431402082475,8,FALSE,4.34969936864742,4.01174216493221
"RT4_ZT10_leading_edge_dataset","566560","-",99.7577107644362,-1.46540332008643,"downregulated",0.16765418377471,1.09030080884464e-05,0.000679960495086011,0.000781378662153331,0.0451973531848437,4.55321100446654,NA,NA,0.976169117775534,1,TRUE,FALSE,"intermediate",-1.64305276472975,0.37355324070603,-4.39844334270616,TRUE,TRUE,1,0.976169117775534,FALSE,FALSE,FALSE,FALSE,35.2534740225427,55.5849457883999,29.0823873165312,50.7142954840042,71.4203828145283,228.992494191798,157.58997985453,113.0324940251,71.5738297280426,184.332824418885,0.136426635225622,0.189712069241981,0.154843800942609,9,FALSE,3.16751631856514,3.10713845263976
"RT4_ZT10_leading_edge_dataset","557976","Syp",28.7619515534101,1.88813469946413,"upregulated",0.44522618877212,0.000564820410898807,0.0139079210403238,0.00845388339582964,0.197420530176103,3.91399701813799,NA,NA,0.991195431131323,1,TRUE,FALSE,"intermediate",2.371108181384,0.687682717408817,3.44796825826642,TRUE,TRUE,1,0.991195431131323,FALSE,FALSE,FALSE,FALSE,25.8525476165313,56.5351158018768,58.1647746330624,28.4621046083697,71.4203828145283,7.59091140967286,0,7.79534441552413,24.3655590563549,7.43277517818085,0.492511438496969,0.483441468197287,0.488061814816932,5,FALSE,1.85673778360922,2.07294374667698
"RT4_ZT10_leading_edge_dataset","74442","-",19.8427130071672,1.15767923215393,"upregulated",1,0.00636274439001171,0.0793618566627068,0.0371717348512972,0.444232734657302,1.65523491237437,NA,NA,NA,1,TRUE,FALSE,"intermediate",1.97170777361568,0.722640308823607,2.72847743135924,TRUE,TRUE,1,NA,FALSE,FALSE,FALSE,FALSE,15.5115285699188,33.2559504716923,47.9859390722764,5.17492811061268,56.3845127483118,3.79545570483643,6.30359919418119,9.09456848477815,4.56854232306655,16.3521053919979,0.465688954527724,0.668960389964816,0.531328607725868,9,FALSE,1.10038818045902,1.42978716936531
"RT4_ZT10_leading_edge_dataset","107343","Atp13a4",111.564820489894,-1.33565360998688,"downregulated",0.377327729153862,0.000295838375273927,0.00858102895119849,0.00571070656694617,0.156819985798262,2.99628530631368,NA,NA,0.937822658974463,1,TRUE,FALSE,"intermediate",-1.6078680579369,0.444295354405095,-3.61891710546875,TRUE,TRUE,1,0.937822658974463,FALSE,FALSE,FALSE,FALSE,27.262686577433,46.0832456536307,47.9859390722764,82.2813569587416,72.673371986713,246.704620814368,237.435569647492,92.2449089170355,56.3453553178208,206.631149953428,0.253869606771626,0.177118475260736,0.22572409750264,10,FALSE,2.06646063277663,2.24331015460148
"RT4_ZT10_leading_edge_dataset","119121","Ap5z1",18.9835526624895,2.24346643227007,"upregulated",0.551776844109123,0.00186550855251119,0.0334638133626538,0.0175058166198769,0.295227235666691,3.94136136985862,NA,NA,NA,1,TRUE,FALSE,"intermediate",3.13317729911118,1.00717783930528,3.11084813112286,TRUE,TRUE,1,NA,FALSE,FALSE,FALSE,FALSE,63.9262995608774,42.282565599723,24.7200292190515,28.979597419431,10.0239133774777,0,3.1517995970906,0,16.751321851244,0,1.49829530538344,0.696035829449419,1.03676896187949,7,FALSE,1.47542457060635,1.75681762524547
"RT4_ZT10_leading_edge_dataset","187314","Cmtm5",286.070229731552,1.16408638923747,"upregulated",0.0397682447996028,6.48660591976708e-07,7.26488882640677e-05,0.000144392382838143,0.0151540011975185,4.47062222815236,NA,NA,0.878942542528123,1,TRUE,FALSE,"intermediate",1.26184152320632,0.25357858120778,4.97613606479002,TRUE,TRUE,1,0.878942542528123,FALSE,FALSE,FALSE,FALSE,496.838960557702,453.231096428492,442.052287211274,245.809085254102,379.655719171966,161.939443406354,121.869584420836,157.206112379737,217.767184066172,184.332824418885,0.0547497370643362,0.112211885511017,0.072278310019173,9,FALSE,4.13877102726376,3.8404557165906
"RT4_ZT10_leading_edge_dataset","308624","RT1-CE12",33.6653581628813,1.10578531064946,"upregulated",0.729984067112226,0.00240015701996965,0.039841412423526,0.0204233730194838,0.320009708539967,1.86863622107205,NA,NA,0.870415924104062,1,TRUE,FALSE,"intermediate",1.48546819779862,0.489340637606031,3.03565263875462,TRUE,TRUE,1,0.870415924104062,FALSE,FALSE,FALSE,FALSE,39.4838909052478,69.8374959905537,59.6188939988889,58.4766876499233,20.0478267549553,7.59091140967286,14.7083981197561,24.6852573158264,24.3655590563549,17.838660427634,0.150946695909617,0.423327395511348,0.242183891309835,9,FALSE,1.39966527374055,1.6898725304775
"RT4_ZT10_leading_edge_dataset","510514","Prtg",329.451919679263,-1.52596534574044,"downregulated",0.411220887550976,0.000412713055771342,0.0110338289748981,0.0069878275800983,0.176797565922704,3.28945912979847,NA,NA,0.969985375275694,1,TRUE,FALSE,"intermediate",-1.87699285775843,0.531452292977978,-3.53181815669805,TRUE,TRUE,1,0.969985375275694,FALSE,FALSE,FALSE,FALSE,177.207462753315,131.123461859815,143.957817216829,88.4912706914768,164.141581556197,142.962164882172,158.640579720227,197.482058526611,765.992262834158,1324.52053675183,0.506338697460519,0.106747748349434,0.33502457053237,8,FALSE,1.95727375192021,2.15565781947842
"RT4_ZT10_leading_edge_dataset","287602","NEWGENE_1310139",161.777849058661,-2.89111936061339,"downregulated",0.214781299509197,9.3491474993602e-05,0.00366981536842533,0.00284613632950559,0.10506145508021,7.36005063611785,NA,NA,1,0.804100631776699,TRUE,FALSE,"intermediate",-3.42406306744172,0.876416429084391,-3.90689055318018,TRUE,TRUE,0.804100631776699,1,FALSE,FALSE,FALSE,FALSE,15.9815748902194,21.8539103099692,23.2659098532249,29.4970902304923,47.6135885430189,63.2575950806072,64.0865918075088,25.9844813850804,571.067790383319,755.169958103175,0.90535472131116,0.144092935665628,0.90535472131116,10,TRUE,2.43535578492805,2.5457443011126
"RT4_ZT10_leading_edge_dataset","125458","Atp5mf",532.191504227509,-1.22845698447794,"downregulated",0.0869077658822447,2.14709451224493e-06,0.000186072229613122,0.000295223290780466,0.0241922409087317,4.33626812882549,NA,NA,0.915781399675923,1,TRUE,FALSE,"intermediate",-1.3479454334337,0.284432940087815,-4.7390623358094,TRUE,TRUE,1,0.915781399675923,FALSE,FALSE,FALSE,FALSE,289.07848698485,263.197093733107,418.786377358049,238.564185899244,293.199466291222,636.371406510908,407.632747890384,672.998067873583,1126.90710635642,975.180103377328,0.0941965532379076,0.0930212928611749,0.0949262494468116,8,FALSE,3.73031843839919,3.52984938310094
"RT4_ZT10_leading_edge_dataset","250774","-",265.772394088705,-1.34952698426615,"downregulated",0.377327729153862,0.000244928985129468,0.00746306446469836,0.00509359383631547,0.146450969250808,3.0944325661364,NA,NA,0.941884872816117,1,TRUE,FALSE,"intermediate",-1.61456672980162,0.440235754854508,-3.66750476761074,TRUE,TRUE,1,0.941884872816117,FALSE,FALSE,FALSE,FALSE,265.106124649521,76.9637710916307,61.0730133647155,87.9737778804155,161.635603211827,258.090987928877,201.715174213798,302.719208136187,548.225078767986,694.221201642092,0.303329020917705,0.11538106642621,0.227971921119119,9,FALSE,2.12708280700055,2.29297568867739
"RT4_ZT10_leading_edge_dataset","226793","Elmo1",431.914109912917,-1.90264433982955,"downregulated",0.0275469750430541,7.12644574837186e-08,1.2514413810233e-05,3.87102212575652e-05,0.00634426230950534,8.39479854644212,NA,NA,1,0.804100631776699,TRUE,FALSE,"intermediate",-2.05007524733426,0.380492374819135,-5.3879535649269,TRUE,TRUE,0.804100631776699,1,FALSE,FALSE,FALSE,FALSE,253.354966642007,126.372611792431,75.6142070229811,206.997124424507,175.418484105859,819.818432244669,655.574316194844,288.427743374393,523.859519711631,1193.70369361584,0.21765512695252,0.0981999546024956,0.170480047176071,8,FALSE,4.90258948844037,4.41217434635955
"RT4_ZT10_leading_edge_dataset","558048","-",449.039226942452,-1.37444732503315,"downregulated",0.214781299509197,5.25188413793781e-05,0.00241695330016959,0.00201035684829165,0.0866574210115887,3.7065090002649,NA,NA,0.953140193201263,1,TRUE,FALSE,"intermediate",-1.58013653484376,0.390723936879005,-4.04412523958847,TRUE,TRUE,1,0.953140193201263,FALSE,FALSE,FALSE,FALSE,87.8986618962064,152.977372169784,253.016769653821,456.428659356038,175.418484105859,803.371457523711,962.349476978329,676.895740081345,389.848944901679,532.186702757749,0.234977715562973,0.0971517846441171,0.180545220756565,9,FALSE,2.61673174085201,2.69672684631657
"RT4_ZT10_leading_edge_dataset","527038","-",121.219612059604,-2.32493472706195,"downregulated",0.0869077658822447,5.44815042787227e-06,0.000393300580518429,0.000515491346251506,0.0349776722691251,7.64387069082043,NA,NA,1,0.767302422901425,TRUE,FALSE,"intermediate",-2.6008604599477,0.572026690380337,-4.54674668802325,TRUE,TRUE,0.767302422901425,1,FALSE,FALSE,FALSE,FALSE,50.2949562721609,25.6545903638769,8.72471619495935,27.4271189862472,58.8904910926812,79.7045698015651,97.7057875098085,72.7565478782252,382.234707696568,408.802634799947,0.52595624419625,0.168643809564233,0.377872985319746,10,FALSE,3.40527541256365,3.28777862098524
"RT4_ZT10_leading_edge_dataset","415759","Eya3",85.2732532502035,-1.71887950616717,"downregulated",0.551776844109123,0.000839881501218409,0.0188704688809106,0.0107601744083439,0.228595686785889,3.38306545121579,NA,NA,0.982776784047633,1,TRUE,FALSE,"intermediate",-2.20678484472876,0.660851443629176,-3.33930547629559,TRUE,TRUE,1,0.982776784047633,FALSE,FALSE,FALSE,FALSE,32.9032424210398,29.4552704177846,43.6235809747968,29.4970902304923,16.2888592384012,22.7727342290186,49.3781936877527,140.316199479434,38.0711860255546,450.42617579776,0.702957644496552,0.209924696231634,0.506273096879526,11,FALSE,1.7242173086394,1.96818068926745
"RT4_ZT10_leading_edge_dataset","577870","-",215.33428462377,-1.44057904560033,"downregulated",0.214781299509197,7.5757699157451e-05,0.00313994488495448,0.00250703322692858,0.0982711917952828,3.74671547543384,NA,NA,0.964029455420656,1,TRUE,FALSE,"intermediate",-1.66856023321248,0.421626292057034,-3.95743876661935,TRUE,TRUE,1,0.964029455420656,FALSE,FALSE,FALSE,FALSE,183.318064917222,71.2627510107691,36.352984145664,131.960666820623,90.2152203972989,484.553178317451,507.439735131586,205.277402942135,248.224132886616,194.738709668338,0.256520674436059,0.125843087321293,0.207509120985594,8,FALSE,2.50307797497462,2.60083991008801
"RT4_ZT10_leading_edge_dataset","39335","-",203.846489255377,-1.53637574115633,"downregulated",0.0869077658822447,8.24674011119002e-06,0.00055030496761971,0.000660887429466905,0.0402716927974988,4.88547898222985,NA,NA,0.984710121500618,1,TRUE,FALSE,"intermediate",-1.71888202287873,0.385513985948864,-4.45867617136654,TRUE,TRUE,1,0.984710121500618,FALSE,FALSE,FALSE,FALSE,67.2166238029814,69.3624109838153,141.049578485176,121.093317788337,77.6853286754519,409.909216122335,251.093367901551,387.168772637698,417.260198840078,96.6260773163511,0.197760776211073,0.128949792965651,0.172056795942648,10,FALSE,3.25939656678163,3.17987250863052
"RT4_ZT10_leading_edge_dataset","564964","-",63.5322446838669,-1.29280229900254,"downregulated",0.74874467389856,0.00327124192805719,0.0495434130441579,0.0246906393629389,0.354815553331829,2.07813789144585,NA,NA,0.937347005388205,1,TRUE,FALSE,"intermediate",-1.86517405866731,0.634191036733853,-2.94102872893496,TRUE,TRUE,1,0.937347005388205,FALSE,FALSE,FALSE,FALSE,40.4239835458489,26.1296753706153,4.36235809747968,28.4621046083697,36.3366859933565,39.2197089499765,29.4167962395122,44.1736183546367,137.056269691996,249.741245986877,0.59552745358226,0.257562583127095,0.461459345057304,7,FALSE,1.30501407818647,1.60746766388738
"RT4_ZT10_leading_edge_dataset","477897","Eif3h",136.483696755168,-1.35437312856124,"downregulated",0.26399916044207,0.000144784469550088,0.00504816428288724,0.0037063241246611,0.120775586879963,3.29255773783048,NA,NA,0.944596232181894,1,TRUE,FALSE,"intermediate",-1.5946534604672,0.419662359167077,-3.79984867747535,TRUE,TRUE,1,0.944596232181894,FALSE,FALSE,FALSE,FALSE,30.553010819537,79.8142811320614,100.334236242033,89.0087635025381,40.0956535099106,136.636405374112,132.375583077805,223.466539911692,140.101964574041,392.450529407949,0.228297164236124,0.157691721333543,0.202250038918831,10,FALSE,2.29686652024759,2.43105660352859
"RT4_ZT10_leading_edge_dataset","96935","Cd300e",54.2604839361798,-3.09258727190579,"downregulated",0.0397682447996028,3.96661175972236e-07,4.90170375419024e-05,0.000107666499568948,0.0125123241956286,12.2711370522125,NA,NA,1,0.125253337582198,TRUE,FALSE,"intermediate",-3.37969815054122,0.666534413392317,-5.0705531216915,TRUE,TRUE,0.125253337582198,1,FALSE,FALSE,FALSE,FALSE,14.1013896090171,5.22593507412307,5.81647746330624,5.17492811061268,17.5418484105859,37.9545570483643,40.9733947621778,20.7875851080643,170.558913394485,224.469810381062,0.604801320849811,0.289490029741895,0.48468090757919,7,FALSE,4.30965293988285,3.96791940641029
"RT4_ZT10_leading_edge_dataset","178564","Loxl2",52.243770220709,-2.06406472662308,"downregulated",0.411220887550976,0.000337415610740617,0.00960897355776044,0.00618437858642462,0.16460667788639,4.55890787812909,NA,NA,0.99600490661075,1,TRUE,FALSE,"intermediate",-2.53178852058036,0.706268602190875,-3.58473888365793,TRUE,TRUE,1,0.99600490661075,FALSE,FALSE,FALSE,FALSE,30.553010819537,14.7276352088923,0,12.9373202765317,17.5418484105859,43.0151646548129,35.7203954336934,38.9767220776206,80.7109143741757,248.25469095124,0.800282840802416,0.297935151435068,0.565289581456332,10,FALSE,2.01732300171845,2.2087039322588
"RT4_ZT10_leading_edge_dataset","535905","-",38.8243714709461,-2.4639644912564,"downregulated",0.214781299509197,8.90702669616206e-05,0.00353789221092199,0.0027641559326248,0.103493444330426,6.30389905705314,NA,NA,1,1,TRUE,FALSE,"intermediate",-2.90053997434148,0.740200829965587,-3.918585141922,TRUE,TRUE,1,1,FALSE,FALSE,FALSE,FALSE,7.05069480450854,10.9269551549846,10.1788355607859,13.454813087593,3.75896751655412,12.6515190161214,28.3661963738154,44.1736183546367,21.3198641743106,236.362250666151,0.735320994320293,0.3764720862271,0.604445684654644,8,FALSE,2.45125540288896,2.55843746101986
"RT4_ZT10_leading_edge_dataset","217083","-",116.433323836776,-1.58756397144014,"downregulated",0.26399916044207,0.000137572321431772,0.00490919840061076,0.00359365576169224,0.118755677654136,3.88074222424629,NA,NA,0.980245922589733,1,TRUE,FALSE,"intermediate",-1.87493643333528,0.491787553536098,-3.81249265023877,TRUE,TRUE,1,0.980245922589733,FALSE,FALSE,FALSE,FALSE,79.4378281307962,29.4552704177846,26.1741485848781,49.6793098618817,63.9024477814201,199.894000454719,149.185180928955,37.6774980083666,175.127455717551,353.800098481409,0.345618454633158,0.172669389881322,0.278647455306212,8,FALSE,2.30898941594468,2.44446352654749
"RT4_ZT10_leading_edge_dataset","329147","Kbtbd4",65.6994464244385,-1.26480225288981,"downregulated",0.551776844109123,0.0011907015353816,0.0242960737890859,0.0133092008434055,0.2574789794306,2.37257680321464,NA,NA,0.9201697215237,1,TRUE,FALSE,"intermediate",-1.62808304567165,0.502324502051611,-3.24109821245466,TRUE,TRUE,1,0.9201697215237,FALSE,FALSE,FALSE,FALSE,27.262686577433,41.8074805929846,26.1741485848781,40.3644392627789,23.8067942715094,55.6666836709343,60.9347922104182,35.0790498698586,105.076473430531,240.82191577306,0.301233367129796,0.251399141823955,0.283709704410054,9,FALSE,1.61446390210131,1.87584802113832
"RT4_ZT10_leading_edge_dataset","286166","-",95.4518989125261,-2.36562530782442,"downregulated",0.0275469750430541,2.08156792744181e-07,3.26988583063637e-05,7.3300131898657e-05,0.00996293750880921,9.78161283411224,NA,NA,1,0.309075699998326,TRUE,FALSE,"intermediate",-2.56684396002238,0.494393780832834,-5.19190179880174,TRUE,TRUE,0.309075699998326,1,FALSE,FALSE,FALSE,FALSE,13.1612969684159,30.880525438,14.5411936582656,38.8119608295951,40.0956535099106,154.348531996682,119.768384689443,41.5751702161287,202.53870965595,298.79756216287,0.323951616641506,0.195079962058272,0.274781567114928,11,FALSE,4.48546741063948,4.13489524387446
"RT4_ZT10_leading_edge_dataset","111058","-",30.4551363556736,-2.69331600202929,"downregulated",0.214781299509197,6.71501233183537e-05,0.00292871093400898,0.00233121602536834,0.0944087817755659,7.089932123212,NA,NA,1,0.867199877542029,TRUE,FALSE,"intermediate",-3.1501216858005,0.79026395615871,-3.98616394085909,TRUE,TRUE,0.867199877542029,1,FALSE,FALSE,FALSE,FALSE,9.40092640601138,5.70102008086153,5.81647746330624,5.69242092167395,3.75896751655412,12.6515190161214,9.45539879127179,20.7875851080643,36.5483385845324,194.738709668338,0.787298178876977,0.460495557627677,0.67317784744335,7,FALSE,2.53332349139796,2.63241748011376
"RT4_ZT10_leading_edge_dataset","91694","Cdk5r1",136.132252594732,-1.10362161341784,"downregulated",0.26399916044207,0.000121724640808832,0.00441450287020293,0.00333759014309809,0.113946047941876,2.73319286370085,NA,NA,0.834113169160686,1,TRUE,FALSE,"intermediate",-1.28085502387737,0.333328004984205,-3.84262649619873,TRUE,TRUE,1,0.834113169160686,FALSE,FALSE,FALSE,FALSE,94.0092640601138,77.4388560983691,72.7059682913279,96.7711556684571,55.1315235761271,210.015215667616,330.938957694513,181.891369695563,129.442032486886,112.978182708349,0.108659028773475,0.15791626166383,0.124906284170953,10,FALSE,2.35511819647685,2.47656699585316
"RT4_ZT10_leading_edge_dataset","234826","Arap3",45.4863662525072,-1.06909789097857,"downregulated",1,0.00689802682613488,0.0839521813218569,0.0390705946047587,0.456564871222983,1.50545017306746,NA,NA,0.918954070689908,1,TRUE,FALSE,"intermediate",-1.85012116894348,0.684791918837646,-2.70172751466438,TRUE,TRUE,1,0.918954070689908,FALSE,FALSE,FALSE,FALSE,14.5714359293176,33.2559504716923,5.81647746330624,18.1122483871444,26.3127726158789,48.0757722612615,46.2263940906621,10.3937925540322,36.5483385845324,215.550480167245,0.653799264671944,0.33169060606265,0.533260996076931,7,FALSE,1.07596801514549,1.40814997931526
"RT4_ZT10_leading_edge_dataset","409991","-",283.950917721334,-1.73582605336102,"downregulated",0.0869077658822447,4.08107241899701e-06,0.000316662747115896,0.000433578829013737,0.0314296798649316,5.83746486304126,NA,NA,0.997667325872529,1,TRUE,FALSE,"intermediate",-1.92927626675576,0.418751511092914,-4.60721028019809,TRUE,TRUE,1,0.997667325872529,FALSE,FALSE,FALSE,FALSE,39.0138445849472,82.1897061657537,123.600146095258,237.011707466061,109.01005798007,551.606229102895,629.309319552423,362.483515321872,214.721489184128,490.563161759936,0.266406776953465,0.112521598052186,0.205651296148935,8,FALSE,3.49940302495652,3.36293193188245
"RT4_ZT10_leading_edge_dataset","396394","-",43.3610213810258,-1.79244237549334,"downregulated",0.411220887550976,0.000380285472960128,0.0104701281685417,0.00664948182073766,0.171813811253974,3.90252740230249,NA,NA,0.9883041780299,1,TRUE,FALSE,"intermediate",-2.20078014046907,0.619344859186597,-3.55340019025817,TRUE,TRUE,1,0.9883041780299,FALSE,FALSE,FALSE,FALSE,23.5023160150285,16.1528902291077,10.1788355607859,17.5947555760831,8.77092420529295,32.8939494419157,38.872195030784,14.2914647617942,95.9393887843975,175.413494205068,0.470241931939167,0.344482312897547,0.425332221011715,10,FALSE,1.98004800193628,2.17721219697698
"RT4_ZT10_leading_edge_dataset","423368","-",37.5272956796569,-1.35818363889082,"downregulated",0.74874467389856,0.00336789827870116,0.0506170838148037,0.0251356938266436,0.358151921038008,2.17269875693938,NA,NA,0.950050771102924,1,TRUE,FALSE,"intermediate",-1.99040221806684,0.678855438848194,-2.93199715898857,TRUE,TRUE,1,0.950050771102924,FALSE,FALSE,FALSE,FALSE,21.6221307338262,13.7774651954154,7.27059682913279,9.83236341016409,22.5538050993247,25.3030380322429,12.6071983883624,19.4883610388103,83.7566092562201,159.06138881307,0.589049289812395,0.387040102774749,0.515465308805315,8,FALSE,1.29570287932042,1.5997091223347
"RT4_ZT10_leading_edge_dataset","157759","-",169.859108199753,-1.16214202158585,"downregulated",0.26399916044207,0.000142352456658187,0.00502602086391579,0.00366858263997116,0.120105247679578,2.83039886152792,NA,NA,0.874084637439941,1,TRUE,FALSE,"intermediate",-1.36163901640223,0.357945059034625,-3.8040447326597,TRUE,TRUE,1,0.874084637439941,FALSE,FALSE,FALSE,FALSE,64.8663922014785,99.7678514150768,75.6142070229811,134.54813087593,100.239133774777,293.515241174017,224.828371259129,101.339477401814,201.015862214928,402.856414657402,0.150260616672166,0.140601926648029,0.146871481761999,8,FALSE,2.29877571290526,2.43550169338648
"RT4_ZT10_leading_edge_dataset","149237","Gpa33",91.8907849042376,-1.66859004017468,"downregulated",0.551776844109123,0.000653116872835896,0.0156771542893307,0.00923393041041765,0.208418687044894,3.39493565942112,NA,NA,0.980259851948244,1,TRUE,FALSE,"intermediate",-2.10235482599669,0.616790556868685,-3.40853925629131,TRUE,TRUE,1,0.980259851948244,FALSE,FALSE,FALSE,FALSE,5.64055584360683,15.6778052223692,20.3576711215718,106.08602626756,25.0597834436941,194.83339284827,243.739168841673,129.922406925402,91.370846461331,86.2201920668979,0.601918092154094,0.199899541881874,0.440688796100528,10,FALSE,1.80473276745527,2.03461340274194
"RT4_ZT10_leading_edge_dataset","303931","Frrs1",64.9055043749645,-1.11807158114978,"downregulated",0.831623991292512,0.00364110522167858,0.0538738251535725,0.0263682116857571,0.367590506358477,1.76534482444861,NA,NA,0.890970455271291,1,TRUE,FALSE,"intermediate",-1.59810748542875,0.549614355476802,-2.90768876304614,TRUE,TRUE,1,0.890970455271291,FALSE,FALSE,FALSE,FALSE,14.1013896090171,26.1296753706153,23.2659098532249,58.9941804609845,38.8426643377259,179.651570028924,174.39957770568,49.3705146316528,44.1625757896433,40.1369859621766,0.396431149601325,0.253609310392127,0.343391947882085,7,FALSE,1.26862218754831,1.578919323424
"RT4_ZT10_leading_edge_dataset","102843","Rpl24",115.721591598858,-1.16341605269625,"downregulated",0.26399916044207,0.000134560493024016,0.00482753854811428,0.00354592115203256,0.117882609492902,2.85068452842096,NA,NA,0.873562612990771,1,TRUE,FALSE,"intermediate",-1.35852419308795,0.355824756534081,-3.81795861063936,TRUE,TRUE,1,0.873562612990771,FALSE,FALSE,FALSE,FALSE,43.7143077879529,65.0866459231691,72.7059682913279,79.176400092374,63.9024477814201,132.840949669275,85.0985891214461,122.127062509878,271.066844501949,221.496700309789,0.123687078946586,0.173296443643188,0.141793280233135,7,FALSE,2.31627424967358,2.45027092570574
"RT4_ZT10_leading_edge_dataset","136464","-",72.8963757167152,-1.38320503827992,"downregulated",0.214781299509197,3.93019980106071e-05,0.00195718084122971,0.00168838341596445,0.077806317277351,3.83497597413782,NA,NA,0.956039544298505,1,TRUE,FALSE,"intermediate",-1.58131019568778,0.384602414515074,-4.11154515938643,TRUE,TRUE,1,0.956039544298505,FALSE,FALSE,FALSE,FALSE,37.133659303745,32.7808654649538,30.5365066823577,36.74198958535,45.1076101986495,93.6212407192986,70.39019100169,57.1658590471769,121.827795281775,203.658039882155,0.126188399962209,0.233560597048282,0.160521479842028,9,FALSE,2.70836904418378,2.77252892232579
"RT4_ZT10_leading_edge_dataset","8441","Atp1a3",121.469063371769,-1.14654734992768,"downregulated",0.214781299509197,0.000104352417966997,0.00395649821076008,0.00304129867720393,0.108622228901501,2.8857919497171,NA,NA,0.862110027438101,1,TRUE,FALSE,"intermediate",-1.32657409570139,0.341879182384869,-3.88024238986276,TRUE,TRUE,1,0.862110027438101,FALSE,FALSE,FALSE,FALSE,47.9447246706581,72.212921024246,95.9718781445529,81.7638641476803,48.8665777152036,125.250038259602,133.426182943502,206.576627011389,117.259252958708,285.418566842145,0.111847622871797,0.168442702626099,0.130675563149706,9,FALSE,2.40268902633662,2.5169409269483
"RT4_ZT10_leading_edge_dataset","247425","Tcf4",126.62328780362,-1.09823983636358,"downregulated",0.16765418377471,1.25576816683187e-05,0.000754931619573793,0.000850518656205779,0.0480504155196277,3.3719435123733,NA,NA,0.822608372078449,1,TRUE,FALSE,"intermediate",-1.22390777158204,0.280219587611518,-4.36767387324402,TRUE,TRUE,1,0.822608372078449,FALSE,FALSE,FALSE,FALSE,97.2995883022178,78.8641111185845,69.7977295596748,67.7915582490261,65.1554369536048,208.750063766004,247.94156830446,171.497577141531,144.670506897107,114.464737743985,0.0518446333035826,0.164464710764566,0.0852850118048635,9,FALSE,3.12209238424723,3.0703161556571
"RT4_ZT10_leading_edge_dataset","150946","-",129.27482379589,-2.40226228592904,"downregulated",0.000744121569940471,9.69156863431072e-12,4.97475673051965e-09,1.97256427636461e-07,9.00581896197445e-05,16.1070937638296,NA,NA,1,0.0228536313458902,TRUE,FALSE,"strong_effect",-2.5134838087146,0.369032448213542,-6.81101030785282,TRUE,TRUE,0.0228536313458902,1,TRUE,FALSE,FALSE,FALSE,18.3318064917222,35.1562904986461,26.1741485848781,62.6166301384134,50.1195668873883,222.666734683737,196.462174885314,161.103784587499,179.695998040618,340.421103160683,0.141544790903272,0.162541841224264,0.150093112675556,7,FALSE,8.30322815173757,6.70496883632353
"RT4_ZT10_leading_edge_dataset","556265","Dlgap1",40.5084663581451,-1.47257521862502,"downregulated",0.551776844109123,0.00138549081413007,0.027192294713794,0.0145977230290795,0.270199809769925,2.70322824181556,NA,NA,0.960688155450577,1,TRUE,FALSE,"intermediate",-1.946369196119,0.608686090694627,-3.19765676573588,TRUE,TRUE,1,0.960688155450577,FALSE,FALSE,FALSE,FALSE,14.1013896090171,21.8539103099692,27.6282679507046,12.4198274654704,7.51793503310824,21.5075823274064,15.758997985453,54.5674109086689,95.9393887843975,133.789953207255,0.43575608483348,0.363760605123756,0.410310211622141,9,FALSE,1.56555414145674,1.83571488072414
"RT4_ZT10_leading_edge_dataset","407795","Shoc1",44.161742100912,-1.71395722350583,"downregulated",0.44522618877212,0.000448707900300791,0.0118818564234412,0.00735149219510323,0.182212630709993,3.65694112318608,NA,NA,0.984336292293441,1,TRUE,FALSE,"intermediate",-2.12099897129704,0.604334595562761,-3.50964347709062,TRUE,TRUE,1,0.984336292293441,FALSE,FALSE,FALSE,FALSE,18.8018528120228,21.3788253032307,10.1788355607859,9.31487059910282,22.5538050993247,87.2954812112379,23.113197045331,31.1813776620965,31.9797962614658,185.819379454521,0.440236805379747,0.33951850232663,0.404883000105896,10,FALSE,1.92511569980346,2.13362449951111
"RT4_ZT10_leading_edge_dataset","453664","-",139.466969736082,-2.24926302700719,"downregulated",0.0275469750430541,3.76907268451156e-07,4.74547585353691e-05,0.000104435158025495,0.0123045360298227,8.95466085904991,NA,NA,1,0.436565466666204,TRUE,FALSE,"intermediate",-2.45120932223128,0.482496280869016,-5.08026573348182,TRUE,TRUE,0.436565466666204,1,FALSE,FALSE,FALSE,FALSE,18.8018528120228,25.1795053571384,26.1741485848781,97.2886484795183,47.6135885430189,326.409190615933,371.91235245669,107.835597748084,138.579117133019,234.875695630515,0.338843470295527,0.15583125983712,0.26733393550961,7,FALSE,4.32372023208738,3.98115327177398
"RT4_ZT10_leading_edge_dataset","110977","Ltn1",70.4163876234643,-1.47277466747688,"downregulated",0.551776844109123,0.000835516636879498,0.0188704688809106,0.0107261081417078,0.228171237478948,2.9007148763137,NA,NA,0.960688155450577,1,TRUE,FALSE,"intermediate",-1.87058151391681,0.559928191495892,-3.34075251492411,TRUE,TRUE,1,0.960688155450577,FALSE,FALSE,FALSE,FALSE,17.3917138511211,17.5781452493231,8.72471619495935,62.0991373273521,45.1076101986495,201.159152356331,160.74177945162,71.4573238089712,41.1168809075989,78.787416888717,0.436107047969062,0.23929581267912,0.357104168383804,8,FALSE,1.7242173086394,1.96955782874996
"RT4_ZT10_leading_edge_dataset","150650","Smyd3",31.639927994434,-2.36749003517799,"downregulated",0.377327729153862,0.000181439928646422,0.00590609094564671,0.00424801550679854,0.130550570295254,5.61524578915124,NA,NA,1,1,TRUE,FALSE,"intermediate",-2.84358706827983,0.759596798375725,-3.74354799067135,TRUE,TRUE,1,1,FALSE,FALSE,FALSE,FALSE,4.70046320300569,6.65119009433845,5.81647746330624,15.0072915207768,6.26494586092354,99.9470002273594,132.375583077805,25.9844813850804,13.7056269691996,5.94622014254468,0.732239290388051,0.445899829018882,0.629544368931676,8,FALSE,2.22869986978401,2.37181390659119
"RT4_ZT10_leading_edge_dataset","574329","Gprasp1",222.57963952769,-1.0320510992343,"downregulated",0.0869077658822447,3.10793673453412e-06,0.000262522301639825,0.00036833949653392,0.0282370839907759,3.54380722665096,NA,NA,0.746088755292034,1,TRUE,FALSE,"intermediate",-1.13078567240586,0.242472913721198,-4.66355460101438,TRUE,TRUE,1,0.746088755292034,FALSE,FALSE,FALSE,FALSE,116.571487434541,123.047016745261,155.590772143442,189.402368848424,112.769025496624,230.25764609341,297.319761992213,331.302137659775,274.112539383993,395.423639479221,0.0415363329690225,0.124048597989884,0.0655290892843396,9,FALSE,3.58083379676201,3.43375170985253
"RT4_ZT10_leading_edge_dataset","77047","Krt222",177.948223435328,-2.02302673348877,"downregulated",0.000194672265309928,7.69439328047159e-12,4.97475673051965e-09,1.72099026141126e-07,8.34989370427471e-05,13.6842011021738,NA,NA,1,0.125253337582198,TRUE,FALSE,"intermediate",-2.11429166471313,0.308920602077358,-6.84412645351404,TRUE,TRUE,0.125253337582198,1,FALSE,FALSE,FALSE,FALSE,68.1567164435825,56.5351158018768,45.0777003406233,95.7361700463345,66.4084261257895,320.083431107872,307.825760649182,167.599904933769,226.904268712305,425.154740191945,0.0907215746690256,0.137425064575223,0.106272216587778,9,FALSE,8.30322815173757,6.76422158721301
"RT4_ZT10_leading_edge_dataset","527315","Snx14",31.2897381867126,-1.08954112406093,"downregulated",1,0.00616323039887647,0.0780402968723011,0.0364487784079359,0.439389099782485,1.56710554557676,NA,NA,0.912988741108141,1,TRUE,FALSE,"intermediate",-1.78616686684314,0.652131251763802,-2.73896836259901,TRUE,TRUE,1,0.912988741108141,FALSE,FALSE,FALSE,FALSE,15.0414822496182,18.0532302560615,5.81647746330624,6.20991373273521,25.0597834436941,25.3030380322429,28.3661963738154,15.5906888310483,42.6397283486211,130.816843135983,0.477830379469784,0.450098829454829,0.468268704042175,8,FALSE,1.10768108717915,1.43831702261577
"RT4_ZT10_leading_edge_dataset","38928","Sult2a6",24.7074822757708,-3.0903386391526,"downregulated",0.0869077658822447,7.62609302458923e-06,0.000524628028382309,0.000630599863080228,0.0392598284523942,9.88984426380097,NA,NA,NA,0.301245464321398,TRUE,FALSE,"intermediate",-3.46976570844452,0.77529371844381,-4.47542089649472,TRUE,TRUE,0.301245464321398,NA,FALSE,FALSE,FALSE,FALSE,4.23041688270512,5.22593507412307,0,6.20991373273521,3.75896751655412,21.5075823274064,23.113197045331,7.79534441552413,54.8225078767986,120.41095788653,0.652302760476418,0.551169273816012,0.611940334971426,9,FALSE,3.28014851083563,3.20024612788483
"RT4_ZT10_leading_edge_dataset","306218","-",21.7790552638892,-4.60909485085778,"downregulated",0.0150666404007047,4.58212417639146e-08,9.47872799009128e-06,2.9763169571595e-05,0.00540384219267868,20.8622419908137,NA,NA,NA,0.0122740868507515,TRUE,FALSE,"strong_effect",-4.94913570852794,0.905306330057012,-5.4668078021903,TRUE,TRUE,0.0122740868507515,NA,TRUE,FALSE,FALSE,FALSE,2.35023160150285,1.90034002695384,0,1.5524784331838,0,22.7727342290186,16.8095978511499,7.79534441552413,45.6854232306655,118.924402850894,0.75854053277779,0.615771384630065,0.697894830709662,9,FALSE,5.02324993944985,4.52632082130641
"RT4_ZT10_leading_edge_dataset","516233","Ttc21a",86.7951398397218,-1.00372996278703,"downregulated",0.551776844109123,0.000766401906575663,0.0177576386200674,0.0101771654466913,0.221174621546774,1.99980464301289,NA,NA,0.777258089581301,1,TRUE,FALSE,"intermediate",-1.23522852592004,0.367119226189847,-3.36465223774816,TRUE,TRUE,1,0.777258089581301,FALSE,FALSE,FALSE,FALSE,47.0046320300569,41.3323955862461,52.3482971697561,54.3367451614331,65.1554369536048,188.507633340209,173.348977839983,97.4418051940516,54.8225078767986,93.6529672450788,0.120099081921815,0.20748377432775,0.148609473402544,9,FALSE,1.75061478644358,1.99237316524863
"RT4_ZT10_leading_edge_dataset","57789","-",21.9259765551505,-1.9274967578974,"downregulated",0.551776844109123,0.000866530106925373,0.01927451801171,0.010966692941869,0.231145161545125,3.77774776527346,NA,NA,NA,1,TRUE,FALSE,"intermediate",-2.49767380781177,0.749912719761849,-3.33061934008128,TRUE,TRUE,1,NA,FALSE,FALSE,FALSE,FALSE,4.70046320300569,6.65119009433845,8.72471619495935,5.69242092167395,7.51793503310824,11.3863671145093,7.35419905987806,12.9922406925402,47.2082706716877,107.031962565804,0.58955128507582,0.612119083413338,0.596777372494067,8,FALSE,1.71501647332743,1.95992431623822
"RT4_ZT10_leading_edge_dataset","312769","LOC108353239",57.0013484025748,-2.92864895695711,"downregulated",0.0275469750430541,2.3328647785486e-07,3.53800151528519e-05,7.84530252753157e-05,0.0103989255911037,12.0232470336378,NA,NA,1,0.13083879579022,TRUE,FALSE,"intermediate",-3.1812887682124,0.615259474627797,-5.17064571843762,TRUE,TRUE,0.13083879579022,1,FALSE,FALSE,FALSE,FALSE,5.64055584360683,11.8771251684615,0,28.4621046083697,8.77092420529295,91.0909369160744,88.2503887185367,48.0712905623988,102.030778548486,185.819379454521,0.537280694008978,0.278970444864061,0.412935670486684,9,FALSE,4.45124198542294,4.10539030465775
"RT4_ZT10_leading_edge_dataset","101579","-",75.7825113102985,-2.07169054087835,"downregulated",0.214781299509197,0.000100338056614561,0.00387026503924259,0.00297013988990669,0.107351015586698,5.23562418157322,NA,NA,0.99905535564567,1,TRUE,FALSE,"intermediate",-2.44400504602967,0.628315605717048,-3.88977294816753,TRUE,TRUE,1,0.99905535564567,FALSE,FALSE,FALSE,FALSE,5.17050952330626,28.5051004043077,21.8117904873984,21.7346980645732,41.3486426820953,284.659177862732,84.0479892557493,126.02473471764,13.7056269691996,130.816843135983,0.599969086242317,0.227358741664828,0.451605988193321,9,FALSE,2.41225929308465,2.52722309546938
"RT4_ZT10_leading_edge_dataset","455172","-",42.4168005166953,-1.668701098364,"downregulated",0.214781299509197,9.76931658347117e-05,0.00379590384002845,0.00292264340958237,0.106485437852694,4.22886265512213,NA,NA,0.986755176667364,1,TRUE,FALSE,"intermediate",-1.95588113251731,0.5019905436251,-3.89625095005379,TRUE,TRUE,1,0.986755176667364,FALSE,FALSE,FALSE,FALSE,12.6912506481154,12.3522101752,21.8117904873984,22.2521908756345,18.7948375827706,118.924278751542,86.149188987143,75.3549960167332,35.0254911435102,20.8117704989064,0.229764697700357,0.350576503260826,0.269826786333938,10,FALSE,2.42068479789753,2.53422416948615
"RT4_ZT10_leading_edge_dataset","404378","-",42.2908837070784,-1.37512868975786,"downregulated",0.729984067112226,0.00232517383020389,0.0390079998327335,0.0200304158854516,0.316522299910948,2.3353948511532,NA,NA,0.948361723877191,1,TRUE,FALSE,"intermediate",-1.90411077454233,0.62528047670608,-3.04521066221836,TRUE,TRUE,1,0.948361723877191,FALSE,FALSE,FALSE,FALSE,3.76037056240455,12.8272951819384,18.9035517557453,34.1545255300437,20.0478267549553,113.863671145093,117.667184958049,50.6697387009068,19.7970167332884,31.2176557483596,0.484731746131227,0.351409760082907,0.436949730427716,10,FALSE,1.40884631792397,1.69831003348817
"RT4_ZT10_leading_edge_dataset","328649","-",77.4315474160194,-1.04987020173907,"downregulated",0.44522618877212,0.000537711378135538,0.0134892782943551,0.00820506544862387,0.194143703428201,2.18994309939599,NA,NA,0.809627924634547,1,TRUE,FALSE,"intermediate",-1.27771404162457,0.369150187965541,-3.46123091164141,TRUE,TRUE,1,0.809627924634547,FALSE,FALSE,FALSE,FALSE,24.9124549759302,44.6579906334153,65.4353714621951,44.504381751269,48.8665777152036,151.818228193457,125.021384017927,110.434045886592,108.122168312575,50.5428712116298,0.112197477639409,0.224022764517603,0.148652594489573,9,FALSE,1.87001128540324,2.08591795039848
"RT4_ZT10_leading_edge_dataset","431192","Tut4",49.9626715635412,-1.1752980230921,"downregulated",0.551776844109123,0.00167513035055202,0.0311409985690016,0.0163914645646484,0.286181293905771,2.09835621810026,NA,NA,0.895177302527156,1,TRUE,FALSE,"intermediate",-1.54687330541917,0.492243259378081,-3.14249768980799,TRUE,TRUE,1,0.895177302527156,FALSE,FALSE,FALSE,FALSE,9.40092640601138,25.6545903638769,27.6282679507046,36.2244967742887,28.8187509602483,59.4621393757708,66.1877915389025,33.7798258006046,57.868202758843,154.601723706162,0.244969883690236,0.308309091613161,0.266182413823318,9,FALSE,1.50666746543347,1.78538224082066
"RT4_ZT10_leading_edge_dataset","441571","-",81.1811279509514,-1.03922004389228,"downregulated",0.551776844109123,0.00203371280825917,0.0350680243917631,0.0184545927414597,0.302457113669963,1.80189899339924,NA,NA,0.830998249334183,1,TRUE,FALSE,"intermediate",-1.36891110669286,0.44369328937696,-3.08526439201977,TRUE,TRUE,1,0.830998249334183,FALSE,FALSE,FALSE,FALSE,22.0921770541268,44.6579906334153,36.352984145664,65.2040941937197,58.8904910926812,145.492468685397,197.512774751011,103.937925540322,38.0711860255546,99.5991873876234,0.224499241811224,0.21694184757914,0.221809639442691,9,FALSE,1.45508870004161,1.7338955344341
"RT4_ZT10_leading_edge_dataset","325745","Gpd2",61.2011650577156,-1.71514000651311,"downregulated",0.214781299509197,2.18984709626025e-05,0.00121773747277872,0.0011877331669532,0.0613218299221967,5.01726667212008,NA,NA,0.993455682699805,1,TRUE,FALSE,"intermediate",-1.94900387026367,0.459172677550239,-4.2445989614668,TRUE,TRUE,1,0.993455682699805,FALSE,FALSE,FALSE,FALSE,14.5714359293176,14.7276352088923,20.3576711215718,47.6093386176366,28.8187509602483,125.250038259602,148.134581063258,101.339477401814,50.253965553732,60.948756461083,0.209981178564217,0.264679355130238,0.230465991613029,9,FALSE,2.91444632944748,2.92528111586657
"RT4_ZT10_leading_edge_dataset","178442","Dock5",84.140679943998,-2.55592236473983,"downregulated",0.0150666404007047,1.65609402000142e-08,4.09300570202573e-06,1.62499615941059e-05,0.00352426217894483,12.2406896150856,NA,NA,1,0.125253337582198,TRUE,FALSE,"intermediate",-2.7360551803881,0.484724724168797,-5.6445546182524,TRUE,TRUE,0.125253337582198,1,FALSE,FALSE,FALSE,FALSE,15.9815748902194,23.2791653301846,4.36235809747968,31.5670614747373,33.8307076489871,218.871278978901,215.372972467857,55.8666349779229,123.350642722797,118.924402850894,0.293465906453365,0.211798513797428,0.259375623592016,9,FALSE,5.38795765033235,4.78914766111511
"RT4_ZT10_leading_edge_dataset","219715","-",27.5486741452438,-1.63363198620675,"downregulated",0.729984067112226,0.00233208525804192,0.0390079998327335,0.0200668362199505,0.316848015084135,2.77312475626628,NA,NA,0.976812125833142,1,TRUE,FALSE,"intermediate",-2.31992682181884,0.76205142120392,-3.04431795186961,TRUE,TRUE,1,0.976812125833142,FALSE,FALSE,FALSE,FALSE,1.88018528120228,6.65119009433845,8.72471619495935,12.9373202765317,16.2888592384012,21.5075823274064,29.4167962395122,3.89767220776206,73.0966771690648,101.08574242326,0.715652455251554,0.501618413152,0.638897386443262,10,FALSE,1.40884631792397,1.69752109390647
"RT4_ZT10_leading_edge_dataset","219683","-",32.0437019304548,-1.37777871829805,"downregulated",0.666769960500047,0.00209624012265487,0.0359805148076515,0.0187995662501097,0.30551985717747,2.37784239186845,NA,NA,0.948361723877191,1,TRUE,FALSE,"intermediate",-1.88646720004535,0.613236554113469,-3.07624714702883,TRUE,TRUE,1,0.948361723877191,FALSE,FALSE,FALSE,FALSE,10.8110653669131,8.07644511455383,15.9953130240921,15.524784331838,18.7948375827706,89.8257850144622,92.4527881813242,40.2759461468747,18.2741692922662,10.4058852494532,0.392498364454182,0.441172237495222,0.409073775438494,9,FALSE,1.44393262707933,1.7258521708085
"RT4_ZT10_leading_edge_dataset","24428","Ppp6r3",56.6466420237013,-1.10551292766946,"downregulated",0.551776844109123,0.00183834519685847,0.0332446544678498,0.0173495797367393,0.293996274592899,1.94648881746251,NA,NA,0.867539531692974,1,TRUE,FALSE,"intermediate",-1.45791866814099,0.468005072129984,-3.11517706743159,TRUE,TRUE,1,0.867539531692974,FALSE,FALSE,FALSE,FALSE,23.972362335329,36.106460512123,47.9859390722764,22.2521908756345,21.30081592714,43.0151646548129,31.517995970906,85.7487885707654,140.101964574041,114.464737743985,0.221745112804604,0.280274480719419,0.241588376228604,9,FALSE,1.47827817657892,1.76071104077084
"RT4_ZT10_leading_edge_dataset","504780","-",229.259933730409,-1.12335815479525,"downregulated",0.0869077658822447,8.58204676096134e-06,0.000551402039982712,0.000676871954168545,0.0407885792795625,3.56047634765654,NA,NA,0.843867654044312,1,TRUE,FALSE,"intermediate",-1.24743713703968,0.280315100792229,-4.45012464014304,TRUE,TRUE,1,0.843867654044312,FALSE,FALSE,FALSE,FALSE,192.718991323233,104.043616475723,97.4259975103794,125.233260276827,159.129624867458,401.05315281105,374.013552188084,200.080506665119,360.914843522257,277.985791663964,0.0736193090666045,0.122494559304133,0.0893165372489371,9,FALSE,3.25853163149902,3.16949348029213
"RT4_ZT10_leading_edge_dataset","125488","-",31.4431088297454,-1.64998946133626,"downregulated",0.44522618877212,0.000451200414562158,0.0119006338591829,0.00737624625159694,0.182574580823632,3.51804910836558,NA,NA,0.980259851948244,1,TRUE,FALSE,"intermediate",-2.03545187302542,0.580203297097263,-3.50817012452137,TRUE,TRUE,1,0.980259851948244,FALSE,FALSE,FALSE,FALSE,7.52074112480911,9.02661512803076,5.81647746330624,25.8746405530634,12.5298917218471,30.3636456386914,35.7203954336934,35.0790498698586,36.5483385845324,115.951292779621,0.314599471232494,0.448248305701928,0.35884717511364,10,FALSE,1.92442990632056,2.13216459304926
"RT4_ZT10_leading_edge_dataset","110578","Ncam2",46.3030251698768,-1.71119306485802,"downregulated",0.377327729153862,0.000191419531801723,0.00617073688750192,0.00438781689965051,0.133328833056519,4.03456802145854,NA,NA,0.98678880996812,1,TRUE,FALSE,"intermediate",-2.04626764211107,0.548585563493069,-3.73007927711705,TRUE,TRUE,1,0.98678880996812,FALSE,FALSE,FALSE,FALSE,7.52074112480911,8.07644511455383,15.9953130240921,38.8119608295951,20.0478267549553,98.6818483257472,102.958786838293,74.0557719474792,73.0966771690648,23.7848805701787,0.33140396300428,0.327087723101118,0.330268057928965,6,FALSE,2.20966297096402,2.35775150350629
"RT4_ZT10_leading_edge_dataset","198969","Rwdd4",114.506084252118,-1.23427994994624,"downregulated",0.551776844109123,0.00156428638032316,0.0299096934552907,0.0157202657913731,0.280418211778003,2.22607340332928,NA,NA,0.913486111761348,1,TRUE,FALSE,"intermediate",-1.61971693810662,0.512165840833416,-3.16248529084046,TRUE,TRUE,1,0.913486111761348,FALSE,FALSE,FALSE,FALSE,21.1520844135256,49.8839257075384,53.8024165355827,137.653087742297,17.5418484105859,108.803063538644,229.030770721917,232.56110839647,199.493014773906,95.1395222807149,0.387405448022287,0.174385359846406,0.303934695872438,7,FALSE,1.52418803803381,1.80354011537353
"RT4_ZT10_leading_edge_dataset","42000","Syt3",104.850085266027,1.75948154982625,"upregulated",0.214781299509197,7.2074258463633e-05,0.00304375571208228,0.00243281417159524,0.0966713704073418,4.5990930986225,NA,NA,0.992203004999672,1,TRUE,FALSE,"intermediate",2.04481593454293,0.515153605302026,3.96933247384357,TRUE,TRUE,1,0.992203004999672,FALSE,FALSE,FALSE,FALSE,193.659083963834,171.980772439323,138.141339753523,149.555422396706,189.201364999891,8.85606331128501,17.8601977168467,18.1891369695563,83.7566092562201,77.3008618530809,0.377106856399632,0.183932640596756,0.300108215565649,10,FALSE,2.5165902064192,2.61389106301039
"RT4_ZT10_leading_edge_dataset","96228","Prkca",37.9621437919477,-1.46545120747222,"downregulated",0.411220887550976,0.00035509809608845,0.00991143000849294,0.00637885725658838,0.167672405874974,3.21704219165004,NA,NA,0.962231516161952,1,TRUE,FALSE,"intermediate",-1.78354796507132,0.499399485291602,-3.57138526890932,TRUE,TRUE,1,0.962231516161952,FALSE,FALSE,FALSE,FALSE,12.2212043278148,14.7276352088923,21.8117904873984,22.2521908756345,15.0358700662165,111.333367341869,63.0359919418119,57.1658590471769,45.6854232306655,16.3521053919979,0.207196983200142,0.383416676545005,0.264912048433755,9,FALSE,2.00386368153959,2.19525711620189
"RT4_ZT10_leading_edge_dataset","132758","-",17.1309894221548,-2.2288191150427,"downregulated",0.411220887550976,0.000325379366234892,0.00931869747161131,0.00604972024402817,0.162438327746157,4.94411078313375,NA,NA,NA,1,TRUE,FALSE,"intermediate",-2.74034975549736,0.762434860156776,-3.59420836939942,TRUE,TRUE,1,NA,FALSE,FALSE,FALSE,FALSE,2.35023160150285,2.85051004043076,4.36235809747968,7.76239216591902,5.01195668873883,8.85606331128501,15.758997985453,16.8899129003023,18.2741692922662,89.1933021381702,0.508594858241537,0.763658596492019,0.587674813241229,10,FALSE,2.03064478726234,2.21826470787381
"RT4_ZT10_leading_edge_dataset","45425","Fam174b",68.5138805937164,-1.29778813611018,"downregulated",0.831623991292512,0.00387557037893481,0.0565901119007265,0.0273982427904704,0.375466792276149,2.02750493244667,NA,NA,0.943393306499824,1,TRUE,FALSE,"intermediate",-1.94980923222463,0.67511460695381,-2.88811590230935,TRUE,TRUE,1,0.943393306499824,FALSE,FALSE,FALSE,FALSE,17.3917138511211,5.70102008086153,58.1647746330624,56.4067164056782,3.75896751655412,120.189430653154,89.3009885842336,124.725510648386,182.741692922662,26.7579906414511,0.723747084121109,0.24397697602156,0.526752242138626,9,FALSE,1.24725944729422,1.56227729013123
"RT4_ZT10_leading_edge_dataset","414102","Macf1",16.2331174174226,-1.7109688316605,"downregulated",0.666769960500047,0.00209747044210646,0.0359805148076515,0.0188063143578516,0.305579263702775,2.95261259709134,NA,NA,NA,1,TRUE,FALSE,"intermediate",-2.38571256424193,0.775571054206405,-3.07607220679875,TRUE,TRUE,1,NA,FALSE,FALSE,FALSE,FALSE,4.70046320300569,3.32559504716923,5.81647746330624,8.27988497698028,3.75896751655412,7.59091140967286,15.758997985453,5.19689627701609,36.5483385845324,71.3546417105362,0.539843313593692,0.801986043106044,0.621980744033272,10,FALSE,1.44393262707933,1.72569630869653
"RT4_ZT10_leading_edge_dataset","528632","Cep63",295.108596373942,-1.35608655175554,"downregulated",0.214781299509197,1.92319434032098e-05,0.00107844334730772,0.0010985925750655,0.0579615455036022,4.01288161053011,NA,NA,0.952848659869183,1,TRUE,FALSE,"intermediate",-1.5305668862854,0.358142441449929,-4.27362610275661,TRUE,TRUE,1,0.952848659869183,FALSE,FALSE,FALSE,FALSE,77.5576428495939,100.242936421815,133.778981656043,302.733294470842,144.093754801241,463.045595990045,510.591534728677,337.798258006046,300.00094588137,581.243018933743,0.172529911064045,0.110940974147039,0.149833696699086,7,FALSE,2.96720266428223,2.95916334052218
"RT4_ZT10_leading_edge_dataset","395392","-",143.121807890331,-1.61957695487874,"downregulated",0.0590617748782626,1.62419575895797e-06,0.000150531365271202,0.000249845233851742,0.0218493454680164,5.83424892040894,NA,NA,0.993783632597641,1,TRUE,FALSE,"intermediate",-1.78104174043562,0.371412893540436,-4.79531478688883,TRUE,TRUE,1,0.993783632597641,FALSE,FALSE,FALSE,FALSE,29.6129181789359,52.7344357479692,75.6142070229811,99.3586197237634,66.4084261257895,316.287975403036,262.649966424216,158.505336448991,120.304947840752,249.741245986877,0.157363212541915,0.153657703980549,0.156370497555399,6,FALSE,3.82237299943913,3.60232893091874
"RT4_ZT10_leading_edge_dataset","178810","Dmtn",232.422792982829,-1.01760558668013,"downregulated",0.0150666404007047,5.52611903199488e-08,1.05359406572862e-05,3.32726130993777e-05,0.00579590833911322,4.55674937707405,NA,NA,0.709694571247275,1,TRUE,FALSE,"intermediate",-1.08542126848897,0.199764884104416,-5.43349384630398,TRUE,TRUE,1,0.709694571247275,FALSE,FALSE,FALSE,FALSE,134.903293926263,128.748036826123,158.499010875095,181.122483871444,141.587776456872,282.128874059508,343.546156082875,271.53783047409,304.569488204437,377.584979051587,0.0160070051331139,0.121789942783423,0.0431196113934819,5,FALSE,4.97732668416299,4.4779130900216
"RT4_ZT10_leading_edge_dataset","41106","-",32.9193960822884,-1.60847352784557,"downregulated",0.551776844109123,0.00111561588714383,0.0231916037847687,0.0127911184124492,0.252034283800961,3.04498753235072,NA,NA,0.974372308290611,1,TRUE,FALSE,"intermediate",-2.08852566121098,0.640726735957043,-3.25961996589916,TRUE,TRUE,1,0.974372308290611,FALSE,FALSE,FALSE,FALSE,10.8110653669131,16.1528902291077,11.6329549266125,22.7696836866958,0,40.4848608515886,43.0745944935715,22.0868091773184,68.5281348459982,93.6529672450788,0.463285289591866,0.431317666096809,0.44864382481383,6,FALSE,1.63466921726148,1.89309148060972
"RT4_ZT10_leading_edge_dataset","307002","-",87.1714840602605,-1.25679395467378,"downregulated",0.377327729153862,0.000246837473788896,0.00748702937542411,0.00511758343558166,0.146872238027002,2.87923334400966,NA,NA,0.915050768507771,1,TRUE,FALSE,"intermediate",-1.49810361367058,0.408701635291409,-3.6655190102247,TRUE,TRUE,1,0.915050768507771,FALSE,FALSE,FALSE,FALSE,40.8940298661495,35.6313755053846,21.8117904873984,64.1691085715972,65.1554369536048,184.712177635373,183.854976496952,62.362755324193,85.2794566972423,127.843733064711,0.175514300926127,0.206893307862142,0.18658498669485,9,FALSE,2.12569046291049,2.29093506799768
"RT4_ZT10_leading_edge_dataset","162520","Eml6",132.143283187408,-1.24866507268845,"downregulated",0.0869077658822447,5.22631914828251e-06,0.000387502529738769,0.000502812223213356,0.034458466092475,4.11883933316085,NA,NA,0.921774898226582,1,TRUE,FALSE,"intermediate",-1.38225290055994,0.303425624790894,-4.55549165141383,TRUE,TRUE,1,0.921774898226582,FALSE,FALSE,FALSE,FALSE,49.8249099518603,60.3357958557845,62.527132730542,120.575824977275,72.673371986713,230.25764609341,233.233170184704,150.709992033466,161.421828748351,179.873159311977,0.075273039407773,0.160548555794487,0.101591598793978,9,FALSE,3.41172545793702,3.29859417329
"RT4_ZT10_leading_edge_dataset","133139","LOC102547127",38.3971765692731,-2.68967590392902,"downregulated",0.0869077658822447,3.82209994777646e-06,0.00030053916950566,0.000416888883658872,0.0306464703649192,9.09104991500006,NA,NA,1,0.356229376496039,TRUE,FALSE,"intermediate",-2.99558800814259,0.648279368816309,-4.62082884669341,TRUE,TRUE,0.356229376496039,1,FALSE,FALSE,FALSE,FALSE,10.3410190466125,7.60136010781537,0,11.3848418433479,12.5298917218471,80.9697217031772,38.872195030784,12.9922406925402,111.167863194619,98.1126323519873,0.506070635236484,0.379873834477686,0.448608285433032,9,FALSE,3.52209891803201,3.37997968518067
"RT4_ZT10_leading_edge_dataset","322387","Fubp3",135.572968730568,-1.1848933528302,"downregulated",0.26399916044207,0.000158585370209909,0.0053446473505592,0.00391596196976862,0.124388207793472,2.85222970146493,NA,NA,0.8852385365961,1,TRUE,FALSE,"intermediate",-1.38988386591823,0.367964263912489,-3.77722513360367,TRUE,TRUE,1,0.8852385365961,FALSE,FALSE,FALSE,FALSE,53.5852805142649,57.9603708220922,56.7106552672358,126.785738710011,78.9383178476366,296.045544977242,234.283770050401,106.53637367883,124.873490163819,220.010145274153,0.154354994508645,0.158275992764329,0.153798926706712,6,FALSE,2.27208094504056,2.40716153453995
"RT4_ZT10_leading_edge_dataset","215651","Nol7",119.742630376733,-1.41464137255057,"downregulated",0.0275469750430541,2.65466973626043e-07,3.85100242392736e-05,8.47358266784504e-05,0.0109021227016409,5.76032478794298,NA,NA,0.980259851948244,1,TRUE,FALSE,"intermediate",-1.53129167058054,0.297543487135314,-5.14644660961492,TRUE,TRUE,1,0.980259851948244,FALSE,FALSE,FALSE,FALSE,45.1244467488546,49.8839257075384,79.9765651204607,74.0014719817613,60.143480264866,156.878835799906,121.869584420836,167.599904933769,268.021149619904,173.926939169432,0.0627021526398306,0.169851715899787,0.0960255776271075,9,FALSE,4.41442620802023,4.07193292923227
"RT4_ZT10_leading_edge_dataset","67520","-",12.8800341556585,-1.96571387729384,"downregulated",0.551776844109123,0.00104467749094822,0.0222584813335442,0.0122891595114996,0.246563374864878,3.75545276040106,NA,NA,NA,1,TRUE,FALSE,"intermediate",-2.57965769702943,0.786910514361477,-3.27820972010095,TRUE,TRUE,1,NA,FALSE,FALSE,FALSE,FALSE,2.82027792180341,1.42525502021538,4.36235809747968,6.20991373273521,3.75896751655412,11.3863671145093,8.40479892557493,14.2914647617942,13.7056269691996,62.4353114967192,0.448381824220411,0.992358987373249,0.607568137845864,9,FALSE,1.65250447032301,1.91047781865951
"RT4_ZT10_leading_edge_dataset","69333","Anxa6",426.700876317917,1.04519371103928,"upregulated",0.0150666404007047,2.0829643272817e-08,4.96415034141099e-06,1.8623209299351e-05,0.00390554678193117,4.94370926489682,NA,NA,0.751005018997009,1,TRUE,FALSE,"intermediate",1.10992033038112,0.198024470897667,5.60496551436157,TRUE,TRUE,1,0.751005018997009,FALSE,FALSE,FALSE,FALSE,712.120175255362,656.092394305814,456.593480869539,527.842667282493,561.339149138749,330.20464632077,235.334369916098,257.246365712296,292.386708676259,237.848805701787,0.0230257605773514,0.0985357433141546,0.0439479017163978,9,FALSE,5.30415507418046,4.7299454758306
"RT4_ZT10_leading_edge_dataset","215285","-",109.911028147825,-1.03895327641484,"downregulated",0.551776844109123,0.00194438062206098,0.0345075848165238,0.0179546094091461,0.298698687213099,1.81382960456204,NA,NA,0.828907445808611,1,TRUE,FALSE,"intermediate",-1.36190630783523,0.439523265964501,-3.09859889861945,TRUE,TRUE,1,0.828907445808611,FALSE,FALSE,FALSE,FALSE,85.078383974403,39.4320555592923,18.9035517557453,96.2536628573958,66.4084261257895,173.325810520864,184.905576362648,62.362755324193,158.376133866307,214.063925131609,0.247311207505589,0.178719478714597,0.221205034606725,9,FALSE,1.46208543588562,1.74582403822923
"RT4_ZT10_leading_edge_dataset","135070","Atp2b4",15.7113152824797,-1.65162284090728,"downregulated",0.551776844109123,0.00180293737585343,0.032946844831354,0.0171445891242625,0.292363161543676,2.91655604622674,NA,NA,NA,1,TRUE,FALSE,"intermediate",-2.24205410991746,0.718397783687057,-3.12090900171002,TRUE,TRUE,1,NA,FALSE,FALSE,FALSE,FALSE,9.40092640601138,5.70102008086153,4.36235809747968,3.62244967742887,3.75896751655412,15.1818228193457,24.1637969110279,10.3937925540322,10.6599320871553,69.8680866749,0.390837961708907,0.826272894280251,0.522806954936136,9,FALSE,1.48218616947491,1.76587291843493
"RT4_ZT10_leading_edge_dataset","118702","-",43.598182697062,-1.60727458947335,"downregulated",0.377327729153862,0.000202050889833255,0.00645112721462827,0.00453364354509667,0.136160950297841,3.76673258968624,NA,NA,0.980259851948244,1,TRUE,FALSE,"intermediate",-1.92082087463284,0.516844537263012,-3.71643837971991,TRUE,TRUE,1,0.980259851948244,FALSE,FALSE,FALSE,FALSE,16.4516212105199,17.5781452493231,10.1788355607859,23.8046693088183,22.5538050993247,79.7045698015651,77.7443900615681,14.2914647617942,51.7768129947542,121.897512922166,0.260563440870412,0.342993103408703,0.289209496750313,9,FALSE,2.19036439384206,2.34355262900068
"RT4_ZT10_leading_edge_dataset","445765","-",21.6532007237073,-1.33608948862586,"downregulated",0.551776844109123,0.00160160203793023,0.0302276241543679,0.0159482027720772,0.282403176490695,2.40133794042438,NA,NA,NA,1,TRUE,FALSE,"intermediate",-1.76608475265009,0.559664231393564,-3.15561483758314,TRUE,TRUE,1,NA,FALSE,FALSE,FALSE,FALSE,7.05069480450854,13.3023801886769,10.1788355607859,12.9373202765317,5.01195668873883,25.3030380322429,27.3155965081185,18.1891369695563,25.8884064973771,71.3546417105362,0.182458909653313,0.618939402204987,0.31638807037927,9,FALSE,1.51959598637152,1.79728825117403
"RT4_ZT10_leading_edge_dataset","309907","Cbs",101.289488312504,1.29638352487011,"upregulated",0.214781299509197,4.82677339663955e-05,0.00230064706255541,0.00191071423904199,0.0840429475479954,3.52461304991906,NA,NA,0.9318148685399,1,TRUE,FALSE,"intermediate",1.48282710719537,0.364881423044308,4.06386023937237,TRUE,TRUE,1,0.9318148685399,FALSE,FALSE,FALSE,FALSE,188.018528120228,163.904327324769,139.59545911935,102.463576590131,150.358700662165,41.7500127532007,22.0625971796342,48.0712905623988,86.8023041382644,69.8680866749,0.120646616552196,0.187912516077372,0.144745759473638,9,FALSE,2.63815000042789,2.71880425992934
"RT4_ZT10_leading_edge_dataset","336132","-",16.1928907551117,-1.88456943013714,"downregulated",0.551776844109123,0.00160690739061923,0.0302276241543679,0.0159804435033162,0.282681599590202,3.38546157858088,NA,NA,NA,1,TRUE,FALSE,"intermediate",-2.54835910190472,0.807810401979157,-3.15465002141737,TRUE,TRUE,1,NA,FALSE,FALSE,FALSE,FALSE,4.23041688270512,3.32559504716923,0,8.27988497698028,7.51793503310824,43.0151646548129,61.9853920761151,15.5906888310483,6.09138976408873,11.8924402850894,0.598955253835963,0.803802677437872,0.677135408772802,9,FALSE,1.51959598637152,1.79641117193253
"RT4_ZT10_leading_edge_dataset","4123","Rgs17",39.4834560879862,-1.04829913441819,"downregulated",0.74874467389856,0.00291267242642288,0.045840243163962,0.022993993078344,0.341556168143671,1.71751821020879,NA,NA,0.845484757334153,1,TRUE,FALSE,"intermediate",-1.4261615831814,0.479091036855503,-2.97680706477407,TRUE,TRUE,1,0.845484757334153,FALSE,FALSE,FALSE,FALSE,17.8617601714216,25.1795053571384,14.5411936582656,40.3644392627789,7.51793503310824,67.0530507854436,84.0479892557493,58.465083116431,42.6397283486211,37.1638758909043,0.180204562572688,0.371368194946117,0.245671343523176,9,FALSE,1.33875308727787,1.63838560370654
"RT4_ZT10_leading_edge_dataset","167510","-",24.6939052235244,-1.44195425406876,"downregulated",0.551776844109123,0.00127832593778462,0.0257712053862138,0.0138981489773007,0.263433050138657,2.67777110767256,NA,NA,NA,1,TRUE,FALSE,"intermediate",-1.89573036443621,0.588589605793977,-3.22080163457689,TRUE,TRUE,1,NA,FALSE,FALSE,FALSE,FALSE,6.58064848420797,6.65119009433845,4.36235809747968,9.31487059910282,26.3127726158789,20.2424304257943,29.4167962395122,29.8821535928425,50.253965553732,63.9218665323553,0.260795047170977,0.5514334338145,0.360658364578208,9,FALSE,1.58886526789308,1.85704303733401
"RT4_ZT10_leading_edge_dataset","129638","Anapc5",57.8602328204806,1.82479029702849,"upregulated",0.0869077658822447,7.95834147422075e-06,0.000536424370277526,0.000646930814693913,0.0398108140311363,5.81951567305253,NA,NA,0.998952834037925,1,TRUE,FALSE,"intermediate",2.04282964905421,0.457387309358979,4.46630155068622,TRUE,TRUE,1,0.998952834037925,FALSE,FALSE,FALSE,FALSE,104.820329427027,82.1897061657537,111.967191168645,87.9737778804155,77.6853286754519,8.85606331128501,15.758997985453,12.9922406925402,22.8427116153327,53.5159812829021,0.17826308336837,0.275879087226693,0.217549378067374,9,FALSE,3.27049149995424,3.18914216199477
"RT4_ZT10_leading_edge_dataset","196860","Homer3",96.4980280337233,1.21918455492868,"upregulated",0.214781299509197,4.53815061198777e-05,0.00221044372509448,0.00184107705581615,0.0821515129167127,3.3343820182616,NA,NA,0.900169944620015,1,TRUE,FALSE,"intermediate",1.38671023534569,0.340028173863511,4.07822157672829,TRUE,TRUE,1,0.900169944620015,FALSE,FALSE,FALSE,FALSE,152.765054097685,154.877712196738,103.242474973686,148.002943963523,140.334787284687,53.13637986771,94.5539879127179,51.9689627701609,28.9341013794215,37.1638758909043,0.0855613072087571,0.193731737870585,0.123617814434508,9,FALSE,2.65552053716708,2.73492803430129
"RT4_ZT10_leading_edge_dataset","200384","Nrg1",28.722997082745,-1.68966670176715,"downregulated",0.551776844109123,0.00131166870987544,0.0259720574931707,0.0141181474831342,0.26559582040791,3.12625898688593,NA,NA,0.980245922589733,1,TRUE,FALSE,"intermediate",-2.23996876405804,0.697068120268171,-3.21341444103955,TRUE,TRUE,1,0.980245922589733,FALSE,FALSE,FALSE,FALSE,4.70046320300569,1.42525502021538,13.087074292439,24.8396549309409,6.26494586092354,44.280316556425,49.3781936877527,85.7487885707654,42.6397283486211,14.8655503563617,0.555097322256241,0.484001211668113,0.529607087959598,8,FALSE,1.58549364442014,1.85022228562373
"RT4_ZT10_leading_edge_dataset","243048","LOC102557111",44.5216725898058,-1.53522594623595,"downregulated",0.214781299509197,1.69101984683606e-05,0.000964459439139916,0.00101689216028222,0.0547498343891311,4.59450922476253,NA,NA,0.982557061688954,1,TRUE,FALSE,"intermediate",-1.73184549322154,0.402547760031662,-4.30221122851442,TRUE,TRUE,1,0.982557061688954,FALSE,FALSE,FALSE,FALSE,28.2027792180341,26.6047603773538,20.3576711215718,15.524784331838,11.2769025496624,83.5000255064015,87.1997888528399,77.9534441552413,39.5940334665768,55.0025363185383,0.0846600094082436,0.337345396875347,0.165919622824483,7,FALSE,3.0157160321239,2.99272510084089
"RT4_ZT10_leading_edge_dataset","116251","-",41.7448348728898,-1.69873268217271,"downregulated",0.44522618877212,0.000556742095750806,0.0138109293864131,0.00838023180208025,0.196459516198008,3.5278328515682,NA,NA,0.982776784047633,1,TRUE,FALSE,"intermediate",-2.12767762418659,0.616386322513949,-3.45185729545198,TRUE,TRUE,1,0.982776784047633,FALSE,FALSE,FALSE,FALSE,7.05069480450854,14.2525502021538,14.5411936582656,18.6297411982056,23.8067942715094,122.719734456378,26.2649966424216,44.1736183546367,13.7056269691996,132.303398171619,0.45644929796868,0.355081414604185,0.420482985536006,9,FALSE,1.85977709522226,2.0767439683659
"RT4_ZT10_leading_edge_dataset","385899","Grm8",11.7072232940906,-3.51605404724758,"downregulated",0.214781299509197,2.63336368702655e-05,0.00140493635642338,0.00132697744350785,0.0662920112690745,10.1161672924998,NA,NA,NA,0.315369102732488,TRUE,FALSE,"intermediate",-4.00903471385483,0.953838231521369,-4.2030551736854,TRUE,TRUE,0.315369102732488,NA,FALSE,FALSE,FALSE,FALSE,1.41013896090171,1.42525502021538,0,3.10495686636761,0,11.3863671145093,21.0119973139373,3.89767220776206,21.3198641743106,53.5159812829021,0.597512918491019,1.08468772475674,0.791594208084376,7,FALSE,2.85234334884087,2.87713645938374
"RT4_ZT10_leading_edge_dataset","157130","-",30.753786155336,-1.03623945168148,"downregulated",1,0.0063377849392771,0.0791985747187192,0.0370817622689474,0.443634504777915,1.48269247848643,NA,NA,0.89321595805088,1,TRUE,FALSE,"intermediate",-1.67510647710859,0.613643023773375,-2.72977352012923,TRUE,TRUE,1,0.89321595805088,FALSE,FALSE,FALSE,FALSE,5.17050952330626,6.17610508759999,23.2659098532249,30.5320758526148,8.77092420529295,41.7500127532007,54.631193016237,84.4495645015114,31.9797962614658,20.8117704989064,0.38713437474519,0.456710409124255,0.410614321703583,9,FALSE,1.1012826340338,1.43083963468145
"RT4_ZT10_leading_edge_dataset","381078","-",134.303950209676,-1.16540708579837,"downregulated",0.44522618877212,0.000415029382991074,0.0110338289748981,0.00701159223762682,0.177139826416435,2.51050053838003,NA,NA,0.878049422527318,1,TRUE,FALSE,"intermediate",-1.41097815997143,0.399672279079324,-3.53033781382518,TRUE,TRUE,1,0.878049422527318,FALSE,FALSE,FALSE,FALSE,47.4746783503575,43.2327356131999,98.880116876206,139.723058986542,37.5896751655412,223.931886585349,133.426182943502,224.765763980946,252.792675209682,141.222728385436,0.196337622756119,0.1591033363448,0.182878362395128,9,FALSE,1.95727375192021,2.15418334843932
"RT4_ZT10_leading_edge_dataset","187206","LOC102550180",33.8949867727376,-1.86935064658023,"downregulated",0.214781299509197,0.000113384125522642,0.00418529348965245,0.00319757162374157,0.111311053387573,4.664365820667,NA,NA,0.994012653571277,1,TRUE,FALSE,"intermediate",-2.20813571542172,0.572054958735461,-3.86000624888009,TRUE,TRUE,1,0.994012653571277,FALSE,FALSE,FALSE,FALSE,12.2212043278148,10.4518701482461,5.81647746330624,8.27988497698028,23.8067942715094,35.42425324514,25.2143967767248,37.6774980083666,132.48772736893,47.5697611403575,0.310103456511922,0.420938555182403,0.347855075381092,10,FALSE,2.37827408212295,2.49517971879697
"RT4_ZT10_leading_edge_dataset","85016","LOC102550019",68.0163571033894,-1.31274458060192,"downregulated",0.377327729153862,0.000226328628617387,0.00705743429328888,0.00485582869527423,0.142190886032279,3.03734523874286,NA,NA,0.932512507955593,1,TRUE,FALSE,"intermediate",-1.56374784710736,0.424049181412405,-3.68765679938089,TRUE,TRUE,1,0.932512507955593,FALSE,FALSE,FALSE,FALSE,27.262686577433,17.5781452493231,46.5318197064499,64.1691085715972,16.2888592384012,135.371253472499,84.0479892557493,106.53637367883,105.076473430531,77.3008618530809,0.172634847710034,0.245244340381497,0.197694261162878,9,FALSE,2.15135315656679,2.31373664277493
"RT4_ZT10_leading_edge_dataset","320100","-",13.7235952278045,-3.64686885465539,"downregulated",0.214781299509197,2.44244184747778e-05,0.00134697640067928,0.00126827564952081,0.0642365073960213,10.5641999030145,NA,NA,NA,0.301122096254955,TRUE,FALSE,"intermediate",-4.15473380136223,0.984521559297777,-4.22005365156822,TRUE,TRUE,0.301122096254955,NA,FALSE,FALSE,FALSE,FALSE,3.29032424210398,0,0,3.10495686636761,0,17.71212662257,15.758997985453,27.2837054543344,9.1370846461331,60.948756461083,0.824201012202484,0.935707482755593,0.881646946966658,6,FALSE,2.87064001314453,2.89678634577956
"RT4_ZT10_leading_edge_dataset","214790","LOC120097817",11.0107594655136,-3.97734521123836,"downregulated",0.214781299509197,1.44582377366997e-05,0.000838954960147798,0.000925599954710865,0.051001790133091,12.0655816624532,NA,NA,NA,0.192213904336887,TRUE,FALSE,"intermediate",-4.49048866418919,1.03544201080241,-4.33678430790083,TRUE,TRUE,0.192213904336887,NA,FALSE,FALSE,FALSE,FALSE,1.41013896090171,0,0,2.58746405530634,0,11.3863671145093,13.6577982540593,16.8899129003023,10.6599320871553,53.5159812829021,0.613077420492004,1.14882451510183,0.866695068557952,6,FALSE,3.07626135393212,3.03357667530611
"RT4_ZT10_leading_edge_dataset","372469","Zfp638",54.042763390189,-1.78865228890063,"downregulated",0.214781299509197,6.93723617487372e-05,0.00300598551915145,0.00237741821210902,0.0954483578734984,4.69323475072811,NA,NA,0.993455682699805,1,TRUE,FALSE,"intermediate",-2.08067066759063,0.522988119413247,-3.9784281714181,TRUE,TRUE,1,0.993455682699805,FALSE,FALSE,FALSE,FALSE,8.46083376541024,15.6778052223692,5.81647746330624,40.3644392627789,32.5777184768024,88.5606331128501,99.8069872412023,46.7720664931448,71.5738297280426,130.816843135983,0.308200516081007,0.290371399282813,0.301418959595893,9,FALSE,2.52201311588742,2.62389441472313
"RT4_ZT10_leading_edge_dataset","320000","-",20.0000567017353,-1.26518587276942,"downregulated",0.729984067112226,0.00249223746356733,0.040817724323449,0.0208995816607151,0.324157907834565,2.1253381854263,NA,NA,NA,1,TRUE,FALSE,"intermediate",-1.75316551163935,0.579696378926236,-3.0242823232512,TRUE,TRUE,1,NA,FALSE,FALSE,FALSE,FALSE,7.05069480450854,10.4518701482461,8.72471619495935,6.20991373273521,13.7828808940318,17.71212662257,22.0625971796342,36.3782739391126,13.7056269691996,63.9218665323553,0.199728356579608,0.664253902576791,0.338712074340927,9,FALSE,1.38915121180316,1.6798624069158
"RT4_ZT10_leading_edge_dataset","254185","-",27.2752211146297,-2.53112082626552,"downregulated",0.0869077658822447,5.46894547901786e-06,0.000393300580518429,0.000516669264561287,0.0350253862880955,8.31925597090862,NA,NA,NA,0.525284359566322,TRUE,FALSE,"intermediate",-2.82671897137849,0.621811152697682,-4.54594447062421,TRUE,TRUE,0.525284359566322,NA,FALSE,FALSE,FALSE,FALSE,8.93088008571081,6.17610508759999,7.27059682913279,10.3498562212254,0,70.84850649028,75.6431903301743,18.1891369695563,42.6397283486211,32.7042107839958,0.30611125169396,0.505938511089588,0.392867310854478,6,FALSE,3.40527541256365,3.28678737284267
"RT4_ZT10_leading_edge_dataset","468999","Rps15-ps2",152.679395436869,1.24701244727143,"upregulated",0.0275469750430541,3.05793770231798e-07,4.18321489233386e-05,9.21910971358741e-05,0.0114622006281692,5.03208306630882,NA,NA,0.931238890962405,1,TRUE,FALSE,"intermediate",1.34668582292212,0.263032756014596,5.11984075035655,TRUE,TRUE,1,0.931238890962405,FALSE,FALSE,FALSE,FALSE,185.198250198424,234.6919933288,282.099156970352,193.024818525853,201.731256721738,123.98488635799,65.1371916732057,94.8433570555435,79.1880669331535,66.8949766036277,0.0394914838247896,0.148465618028786,0.0735432014231583,7,FALSE,4.37848982507807,4.03531101659766
"RT4_ZT10_leading_edge_dataset","81216","Baiap2",16.5922071137987,-2.13089410460235,"downregulated",0.411220887550976,0.000355312146785644,0.00991143000849294,0.00638118803510213,0.167708685707994,4.67752236272725,NA,NA,NA,1,TRUE,FALSE,"intermediate",-2.60886579146554,0.730523557579842,-3.57122746336678,TRUE,TRUE,1,NA,FALSE,FALSE,FALSE,FALSE,6.1106021639074,5.70102008086153,0,5.69242092167395,5.01195668873883,61.992443178995,39.9227948964809,12.9922406925402,10.6599320871553,17.838660427634,0.384351325700119,0.786159841739198,0.535198890609597,8,FALSE,2.00386368153959,2.19509845779039
"RT4_ZT10_leading_edge_dataset","248301","-",89.237756452933,-2.21637948865511,"downregulated",0.000982333991548493,5.42711325694021e-11,2.26344542272262e-08,5.46513383214986e-07,0.000205481139088108,13.8798531331608,NA,NA,1,0.0818389602074563,TRUE,FALSE,"strong_effect",-2.32690747865454,0.354780662557028,-6.55872127269764,TRUE,TRUE,0.0818389602074563,1,TRUE,FALSE,FALSE,FALSE,23.972362335329,32.3057804582153,21.8117904873984,35.7070039632275,33.8307076489871,168.265202914415,161.792379317317,59.764307185685,172.081760835507,182.846269383249,0.0990299518343932,0.203740160092862,0.133311256748268,9,FALSE,7.64522997295851,6.26239919842562
"RT4_ZT10_leading_edge_dataset","32631","LOC365050",56.9889188132598,-2.05114830432233,"downregulated",0.0590617748782626,1.86336120348464e-06,0.000168029855552068,0.000271231349765255,0.022991544278961,7.31574884655215,NA,NA,1,0.967443331987961,TRUE,FALSE,"intermediate",-2.26135273080375,0.474306319334838,-4.76770525422273,TRUE,TRUE,0.967443331987961,1,FALSE,FALSE,FALSE,FALSE,13.6313432887165,23.754250336923,8.72471619495935,39.8469464517176,10.0239133774777,56.9318355725465,116.616585092352,62.362755324193,130.964879927908,107.031962565804,0.221967790340083,0.27901586632158,0.242924545714848,9,FALSE,3.77461354595544,3.56666011479319
"RT4_ZT10_leading_edge_dataset","8525","Grik5",103.380856738097,3.01760068191243,"upregulated",0.00604882680954188,1.10083383707775e-09,3.86624431306308e-07,3.25030835801599e-06,0.000968123623183851,16.560820176191,NA,NA,1,0.0188367376781224,TRUE,FALSE,"strong_effect",3.196043627722,0.524452401368327,6.09405852539398,TRUE,TRUE,0.0188367376781224,1,TRUE,FALSE,FALSE,FALSE,387.318167927669,144.425842048492,133.778981656043,66.2390798158423,199.225278377368,11.3863671145093,8.40479892557493,15.5906888310483,22.8427116153327,44.5966510690851,0.370484263457239,0.185541656257566,0.295666495471567,11,FALSE,6.41271070580083,5.48807543538046
"RT4_ZT10_leading_edge_dataset","207014","-",12.8039344668692,-1.77302736491048,"downregulated",0.551776844109123,0.00198186319111586,0.0347112154181525,0.018165443217673,0.300297276287697,3.0864044799608,NA,NA,NA,1,TRUE,FALSE,"intermediate",-2.42880881320911,0.785275920431008,-3.09293682642915,TRUE,TRUE,1,NA,FALSE,FALSE,FALSE,FALSE,8.46083376541024,4.27576506064615,0,2.58746405530634,3.75896751655412,13.9166709177336,18.9107975825436,10.3937925540322,13.7056269691996,52.029426247266,0.399457394374777,0.997836737997391,0.613413657535077,8,FALSE,1.4595301791792,1.74075400134427
"RT4_ZT10_leading_edge_dataset","333918","Lzts3",28.2735563201494,-2.39172657621637,"downregulated",0.214781299509197,1.65849610941097e-05,0.000954064184318912,0.00100510083453131,0.0542754121384939,7.16989488928931,NA,NA,1,0.865135803079487,TRUE,FALSE,"intermediate",-2.729936449675,0.633909070791563,-4.30651109987451,TRUE,TRUE,0.865135803079487,1,FALSE,FALSE,FALSE,FALSE,5.17050952330626,3.80068005390769,14.5411936582656,3.10495686636761,12.5298917218471,97.4166964241351,24.1637969110279,31.1813776620965,68.5281348459982,22.2983255345426,0.37599472585446,0.490570859651571,0.415323175190709,10,FALSE,3.02042240731072,2.99779036641882
"RT4_ZT10_leading_edge_dataset","146436","Camsap2",49.8818709534715,-1.744305604226,"downregulated",0.411220887550976,0.000304145649219489,0.00874812033293815,0.00580732552575025,0.158437501121238,3.90030889645205,NA,NA,0.986794859535694,1,TRUE,FALSE,"intermediate",-2.12217064575919,0.587575173003288,-3.6117432173182,TRUE,TRUE,1,0.986794859535694,FALSE,FALSE,FALSE,FALSE,22.5622233744273,20.4286552897538,5.81647746330624,13.9723058986542,30.071740132433,89.8257850144622,79.8455897929618,84.4495645015114,9.1370846461331,142.709283421072,0.433292169062849,0.308693954547226,0.384785869527441,11,FALSE,2.05808525174647,2.23602382919749
"RT4_ZT10_leading_edge_dataset","282500","RGD1560590",21.1724274392151,-2.36678104483376,"downregulated",0.214781299509197,6.71296223713728e-05,0.00292871093400898,0.00233078701124656,0.0943990438270793,6.23054497236938,NA,NA,NA,1,TRUE,FALSE,"intermediate",-2.76135666393183,0.692722750923818,-3.98623642755962,TRUE,TRUE,1,NA,FALSE,FALSE,FALSE,FALSE,1.88018528120228,6.65119009433845,0,9.31487059910282,8.77092420529295,29.0984937370793,17.8601977168467,22.0868091773184,67.0052874049761,49.0563161759936,0.38257815784394,0.63138819979401,0.486378917262052,7,FALSE,2.53332349139796,2.63249741076365
"RT4_ZT10_leading_edge_dataset","264661","Nsa2",51.1555223814578,1.15707459388666,"upregulated",0.551776844109123,0.000669065733108638,0.0159112965341836,0.00937035145792331,0.210324141279282,2.34682974090958,NA,NA,0.875333444690574,1,TRUE,FALSE,"intermediate",1.42581146256421,0.419115784112627,3.40195124262145,TRUE,TRUE,1,0.875333444690574,FALSE,FALSE,FALSE,FALSE,70.0369017247848,81.7146211590153,59.6188939988889,70.3790223043324,90.2152203972989,13.9166709177336,15.758997985453,35.0790498698586,21.3198641743106,53.5159812829021,0.110954825566892,0.302768861673525,0.181639950218969,7,FALSE,1.79829443036601,2.0282441195312
"RT4_ZT10_leading_edge_dataset","515342","Arpp21",170.455099450662,-1.73822361773558,"downregulated",0.0590617748782626,1.81153407684047e-06,0.000165594067051458,0.000266694982092419,0.0227551615455058,6.21238540681599,NA,NA,0.998952834037925,1,TRUE,FALSE,"intermediate",-1.91424753801067,0.401025021878738,-4.77338678031293,TRUE,TRUE,1,0.998952834037925,FALSE,FALSE,FALSE,FALSE,58.7557900375711,53.2095207547076,37.8071035114905,148.002943963523,57.6375019204965,307.431912091751,385.57015071075,175.395249349293,149.239049220174,331.501772946866,0.211667155911587,0.140357571844938,0.184984377157624,10,FALSE,3.7809552272913,3.5739851555515
"RT4_ZT10_leading_edge_dataset","529640","Impdh2",33.4916876003339,-1.93959527797504,"downregulated",0.0275469750430541,3.50198304809482e-07,4.57256834705874e-05,9.9955618831693e-05,0.0120067982856555,7.7587550421075,NA,NA,1,0.925618137221493,TRUE,FALSE,"intermediate",-2.11051300174559,0.414296421671543,-5.09421006638291,TRUE,TRUE,0.925618137221493,1,FALSE,FALSE,FALSE,FALSE,11.2811116872137,16.1528902291077,13.087074292439,8.79737778804155,13.7828808940318,32.8939494419157,42.0239946278746,58.465083116431,70.0509822870204,68.3815316392639,0.053492409143341,0.425155856815863,0.163106607978664,10,FALSE,4.33983979431986,4.00019278774885
"RT4_ZT10_leading_edge_dataset","180237","-",70.6727995201379,-1.18119452864354,"downregulated",0.44522618877212,0.000492540339399172,0.0125928033900792,0.00777935592962153,0.188331661046949,2.49120583036232,NA,NA,0.886108885677328,1,TRUE,FALSE,"intermediate",-1.43986297056738,0.413186093863007,-3.48478080930955,TRUE,TRUE,1,0.886108885677328,FALSE,FALSE,FALSE,FALSE,28.2027792180341,28.9801854110461,40.7153422431436,75.0364576038838,16.2888592384012,145.492468685397,77.7443900615681,109.134821817338,95.9393887843975,89.1933021381702,0.161685065204139,0.238684178188327,0.18803071502101,9,FALSE,1.89987757717464,2.10905635773913
"RT4_ZT10_leading_edge_dataset","3661","Rmnd1",30.3465236097888,1.01763271811368,"upregulated",1,0.00592020259662666,0.075972138321711,0.0355561675491478,0.43329108444427,1.47463636428289,NA,NA,0.873176732169793,1,TRUE,FALSE,"intermediate",1.57509311253339,0.572309810931591,2.75216863741947,TRUE,TRUE,1,0.873176732169793,FALSE,FALSE,FALSE,FALSE,48.8848173112592,45.1330756401538,49.440058438103,46.5743529955141,36.3366859933565,8.85606331128501,3.1517995970906,14.2914647617942,10.6599320871553,40.1369859621766,0.263694118588301,0.46189061199091,0.340923548015595,9,FALSE,1.11934564971457,1.44908505596825
"RT4_ZT10_leading_edge_dataset","360957","-",32.7174011572699,-1.28099525247819,"downregulated",0.551776844109123,0.00115154094505471,0.02371676767392,0.0130406195588202,0.254681298280703,2.41429402587768,NA,NA,0.925656835875586,1,TRUE,FALSE,"intermediate",-1.65110411275225,0.507935303998713,-3.25061892676875,TRUE,TRUE,1,0.925656835875586,FALSE,FALSE,FALSE,FALSE,8.93088008571081,8.07644511455383,15.9953130240921,23.287176497757,23.8067942715094,82.2348736047893,61.9853920761151,24.6852573158264,36.5483385845324,41.6235409978128,0.19617143397236,0.433543996583942,0.271197264228083,9,FALSE,1.62494450068027,1.88470177481691
"RT4_ZT10_leading_edge_dataset","413063","Zswim5",9.97289700532539,-2.54678076806724,"downregulated",0.551776844109123,0.000670024625521595,0.0159112965341836,0.00937851310675319,0.210437468455448,5.16453015527896,NA,NA,NA,1,TRUE,FALSE,"intermediate",-3.20949293086391,0.943535642392177,-3.40155982102252,TRUE,TRUE,1,NA,FALSE,FALSE,FALSE,FALSE,3.29032424210398,3.80068005390769,0,1.5524784331838,0,12.6515190161214,11.5565985226655,3.89767220776206,22.8427116153327,40.1369859621766,0.555691934703568,1.26102145914672,0.837714948735771,6,FALSE,1.79829443036601,2.02786601031165
"RT4_ZT10_leading_edge_dataset","261345","RGD1304884",70.6659649193831,1.46600723874319,"upregulated",0.214781299509197,5.22603505594654e-05,0.00241695330016959,0.00200439124863361,0.086503838912246,3.95531318833032,NA,NA,0.969472714203635,1,TRUE,FALSE,"intermediate",1.68444617439755,0.416397793168878,4.04528122394346,TRUE,TRUE,1,0.969472714203635,FALSE,FALSE,FALSE,FALSE,96.8295419819172,164.379412331507,78.5224457546342,108.155997511805,90.2152203972989,34.1591013435279,25.2143967767248,28.5829295235885,13.7056269691996,66.8949766036277,0.152904926637079,0.238700423587807,0.18478814915181,9,FALSE,2.61673174085201,2.69801750209721
"RT4_ZT10_leading_edge_dataset","4764","Prkn",20.0459201862341,-1.41010038559649,"downregulated",0.74874467389856,0.0030917318409568,0.047537158006232,0.0238506010100088,0.348360307395556,2.28788882423691,NA,NA,NA,1,TRUE,FALSE,"intermediate",-2.02583056745468,0.684756821325517,-2.95846715850626,TRUE,TRUE,1,NA,FALSE,FALSE,FALSE,FALSE,6.1106021639074,9.97678514150768,0,11.3848418433479,11.2769025496624,37.9545570483643,26.2649966424216,16.8899129003023,13.7056269691996,66.8949766036277,0.373242128019258,0.662895934197943,0.492500626950153,6,FALSE,1.32296678598826,1.62250067272275
