"Comparison","Analysis","PAS","Gene","Direction","Apeglm_LFC","Std_p","Std_BH","Strong_p","Strong_BH","Weak_p","Weak_BH","EmpP","HBFSS","HCp","Htau","Std","Strong","Weak","HBFSS_sig","Ovlp","Support"
"RT0_ZT6","Original (No EVS)","481724","Kdelr3","upregulated",10.338641898899,1.83129455349761e-13,5.75594191109834e-09,7.30314499896315e-11,2.29545150462411e-06,0.999999999963484,0.999999999963484,5.52891066263328e-14,137.063101983847,0.000532546091058572,3.27364279873213,TRUE,TRUE,FALSE,TRUE,TRUE,"Std+Strong+HBFSS"
"RT0_ZT6","Original (No EVS)","11310","Prmt1","upregulated",3.03343455827132,1.47188910456303e-12,2.31314732227603e-08,1.29708643429522e-06,0.013589574572111,0.999999351456783,0.999999999963484,4.84945417156268e-13,37.3546448411428,0.000532546091058572,3.27364279873213,TRUE,TRUE,FALSE,TRUE,TRUE,"Std+Strong+HBFSS"
"RT0_ZT6","Original (No EVS)","165045","Slc4a4","upregulated",9.19505307591501,9.40292326259774e-12,9.85144270222365e-08,3.0250840417598e-09,4.75407082582762e-05,0.999999998487458,0.999999999963484,3.3530955789729e-12,105.509133668174,0.000532546091058572,3.27364279873213,TRUE,TRUE,FALSE,TRUE,TRUE,"Std+Strong+HBFSS"
"RT0_ZT6","Original (No EVS)","500103","Gpd1","upregulated",1.9386700809064,1.75941825532465e-09,1.38250687957773e-05,0.00197216118972895,1,0.999013919405136,0.999348962222074,7.83920484082046e-10,17.6530024135735,0.000532546091058572,3.27364279873213,TRUE,FALSE,FALSE,TRUE,TRUE,"Std+HBFSS"
"RT0_ZT6","Original (No EVS)","268475","-","upregulated",2.9380385516333,1.39468545694702e-07,0.000876727171946037,0.000300297640832392,1,0.999849851179584,0.999999999963484,7.47743849061067e-08,20.9371888574798,0.000532546091058572,3.27364279873213,TRUE,FALSE,FALSE,TRUE,TRUE,"Std+HBFSS"
"RT0_ZT6","Original (No EVS)","18017","Dlg2","upregulated",7.51942927915824,1.14960929842182e-05,0.0516190997981374,0.00019637864820267,1,0.999901810675899,NA,7.41666234804761e-06,38.5731043430742,0.000532546091058572,3.27364279873213,TRUE,FALSE,FALSE,TRUE,TRUE,"Std+HBFSS"
"RT0_ZT6","Original (No EVS)","115564","Tmem44","downregulated",-2.31945527743475,1.71899926096982e-05,0.0675373322144279,0.00753835840686499,1,0.996230820796568,0.996648492614779,1.12774684597472e-05,11.476173866934,0.000532546091058572,3.27364279873213,TRUE,FALSE,FALSE,TRUE,TRUE,"Std+HBFSS"
"RT0_ZT6","Original (No EVS)","309239","Pacsin1","upregulated",2.2955938100994,2.77246931737509e-05,0.0871414831144166,0.00924628145882375,1,0.995376859270588,0.995877677816133,1.85538737975666e-05,10.861752248397,0.000532546091058572,3.27364279873213,TRUE,FALSE,FALSE,TRUE,TRUE,"Std+HBFSS"
"RT0_ZT6","Original (No EVS)","116400","-","upregulated",1.50556162628852,3.36114112973406e-05,0.0960400244078829,0.0783099716771953,1,0.960845014161402,0.962216036927958,2.26739320281499e-05,6.99254056345717,0.000532546091058572,3.27364279873213,TRUE,FALSE,FALSE,TRUE,TRUE,"Std+HBFSS"
"RT0_ZT6","Original (No EVS)","427784","-","upregulated",6.27553050644417,6.47849122197403e-05,0.142383809690431,0.00103698319207726,1,0.999481508403961,NA,4.49081790019346e-05,27.2839643016483,0.000532546091058572,3.27364279873213,FALSE,FALSE,FALSE,TRUE,FALSE,"HBFSS"
"RT0_ZT6","Original (No EVS)","554403","-","upregulated",6.18782876350948,7.12956975197141e-05,0.142383809690431,0.00114486070872049,1,0.99942756964564,NA,4.96175750857031e-05,26.6346702415759,0.000532546091058572,3.27364279873213,FALSE,FALSE,FALSE,TRUE,FALSE,"HBFSS"
"RT0_ZT6","Original (No EVS)","172009","Vstm2a","upregulated",6.99565267518756,8.22317086229265e-05,0.142383809690431,0.000918506077683075,1,0.999540746961158,NA,5.7567063564079e-05,29.6603495597868,0.000532546091058572,3.27364279873213,FALSE,FALSE,FALSE,TRUE,FALSE,"HBFSS"
"RT0_ZT6","Original (No EVS)","41106","-","upregulated",2.34372813891712,8.48099165830781e-05,0.142383809690431,0.0120756560736701,1,0.993962171963165,0.994574211494258,5.94477624613621e-05,9.90427750950986,0.000532546091058572,3.27364279873213,FALSE,FALSE,FALSE,TRUE,FALSE,"HBFSS"
"RT0_ZT6","Original (No EVS)","544013","Myl12a","upregulated",4.24160845936745,8.89564752630168e-05,0.142383809690431,0.00178085910223566,1,0.999109570448882,NA,6.24774164725839e-05,17.8328966233511,0.000532546091058572,3.27364279873213,FALSE,FALSE,FALSE,TRUE,FALSE,"HBFSS"
"RT0_ZT6","Original (No EVS)","481721","Kcnj4","upregulated",6.97949142399833,9.06008779169807e-05,0.142383809690431,0.00098592053256965,1,0.999507039733715,NA,6.36805119613726e-05,29.2859003254821,0.000532546091058572,3.27364279873213,FALSE,FALSE,FALSE,TRUE,FALSE,"HBFSS"
"RT0_ZT6","Original (No EVS)","500532","Nr4a1","upregulated",1.45776834382788,0.000111038927581485,0.166193549181603,0.10193236003555,1,0.949033819982225,0.9512662779306,7.87040414553797e-05,5.98268560685565,0.000532546091058572,3.27364279873213,FALSE,FALSE,FALSE,TRUE,FALSE,"HBFSS"
"RT0_ZT6","Original (No EVS)","346199","Itga6","upregulated",6.56489473189077,0.000160162127347461,0.201362232986321,0.00166263366094594,1,0.999168683169527,NA,0.000115249710689991,25.8549198413408,0.000532546091058572,3.27364279873213,FALSE,FALSE,FALSE,TRUE,FALSE,"HBFSS"
"RT0_ZT6","Original (No EVS)","578726","-","upregulated",5.95402894262148,0.00017595652589553,0.212711137131631,0.00223057529077298,1,0.998884712354614,NA,0.000127106281977207,23.195902346926,0.000532546091058572,3.27364279873213,FALSE,FALSE,FALSE,TRUE,FALSE,"HBFSS"
"RT0_ZT6","Original (No EVS)","43356","-","upregulated",4.05789159019843,0.000196614099352095,0.220461242132884,0.00326164655450839,1,0.998369176722746,NA,0.000142678936534635,15.6051907682633,0.000532546091058572,3.27364279873213,FALSE,FALSE,FALSE,TRUE,FALSE,"HBFSS"
"RT0_ZT6","Original (No EVS)","150983","-","upregulated",2.56401890600169,0.000206462915525682,0.220461242132884,0.0120186241123916,1,0.993990687943804,0.994574211494258,0.000150127494174646,9.80362824347994,0.000532546091058572,3.27364279873213,FALSE,FALSE,FALSE,TRUE,FALSE,"HBFSS"
"RT0_ZT6","Original (No EVS)","4123","Rgs17","upregulated",1.44708842339191,0.000210424016543747,0.220461242132884,0.111008354752324,1,0.944495822623838,0.947115452994202,0.000153127371873341,5.52056588731738,0.000532546091058572,3.27364279873213,FALSE,FALSE,FALSE,TRUE,FALSE,"HBFSS"
"RT0_ZT6","Original (No EVS)","468062","Tedc1","upregulated",1.54243719065774,0.000231767118958,0.230192735442446,0.0840475262042827,1,0.957976236897859,0.959423695326815,0.000169329964195164,5.8169412172316,0.000532546091058572,3.27364279873213,FALSE,FALSE,FALSE,TRUE,FALSE,"HBFSS"
"RT0_ZT6","Original (No EVS)","378536","Rhno1","upregulated",1.92460366321752,0.000309695411630513,0.278115328084533,0.036400161723832,1,0.981799919138084,0.982623507695368,0.000228973010102607,7.00597248371569,0.000532546091058572,3.27364279873213,FALSE,FALSE,FALSE,TRUE,FALSE,"HBFSS"
"RT0_ZT6","Original (No EVS)","320100","-","upregulated",2.88442452822857,0.000332069976215377,0.287692262828999,0.0101762002634749,1,0.994911899868263,NA,0.000246218825296296,10.4089614866582,0.000532546091058572,3.27364279873213,FALSE,FALSE,FALSE,TRUE,FALSE,"HBFSS"
"RT0_ZT6","Original (No EVS)","466749","RGD1566401","downregulated",-1.02925178944294,0.000356268057978056,0.290909029800545,0.436827898224409,1,0.781586050887796,0.799203220187032,0.000264923447648391,3.68150973076136,0.000532546091058572,3.27364279873213,FALSE,FALSE,FALSE,TRUE,FALSE,"HBFSS"
"RT0_ZT6","Original (No EVS)","146436","Camsap2","upregulated",1.48464254638391,0.000428265035871539,0.296826355584617,0.103408057607714,1,0.948295971196143,0.950606556237707,0.000320869963529091,5.18685251328918,0.000532546091058572,3.27364279873213,FALSE,FALSE,FALSE,TRUE,FALSE,"HBFSS"
"RT0_ZT6","Original (No EVS)","206366","-","upregulated",2.94214985038164,0.000449588586932095,0.297297698647112,0.0100085807250174,1,0.994995709637491,NA,0.000337516521676351,10.2142762382998,0.000532546091058572,3.27364279873213,FALSE,FALSE,FALSE,TRUE,FALSE,"HBFSS"
"RT0_ZT6","Original (No EVS)","358487","Ttpal","upregulated",1.12704686792738,0.000520258376051511,0.319772432233413,0.301153611556667,1,0.849423194221667,0.859946383560348,0.000392907956448196,3.83839386052168,0.000532546091058572,3.27364279873213,FALSE,FALSE,FALSE,TRUE,FALSE,"HBFSS"
"RT0_ZT6","Original (No EVS)","382119","Magi2","upregulated",1.23289278301959,0.000539210935330435,0.319772432233413,0.21327862323785,1,0.893360688381075,0.899846886709549,0.000407816942589179,4.17893291330964,0.000532546091058572,3.27364279873213,FALSE,FALSE,FALSE,TRUE,FALSE,"HBFSS"
"RT0_ZT6","Original (No EVS)","299999","Gpatch4","upregulated",3.45329737994994,0.000582721990870481,0.332266986412994,0.00831813692072129,1,0.995840931539639,NA,0.000442124126778243,11.5839333732708,0.000532546091058572,3.27364279873213,FALSE,FALSE,FALSE,TRUE,FALSE,"HBFSS"
"RT0_ZT6","Original (No EVS)","332173","Mapkbp1","upregulated",1.09378195230004,0.000586670584491521,0.332266986412994,0.33718442395845,1,0.831407788020775,0.843425416110523,0.000445242738084328,3.66570428599149,0.000532546091058572,3.27364279873213,FALSE,FALSE,FALSE,TRUE,FALSE,"HBFSS"
"RT0_ZT6","Original (No EVS)","92794","-","upregulated",1.90665582974343,0.000594906504263062,0.332266986412994,0.044143083414876,1,0.977928458292562,0.978913032627616,0.000451750223136038,6.37795751296616,0.000532546091058572,3.27364279873213,FALSE,FALSE,FALSE,TRUE,FALSE,"HBFSS"
"RT0_ZT6","Original (No EVS)","257551","Prdx2","upregulated",1.44073590228206,0.000602564927159195,0.332266986412994,0.117007524264805,1,0.941496237867597,0.944345659016251,0.000457804684305119,4.81107787880286,0.000532546091058572,3.27364279873213,FALSE,FALSE,FALSE,TRUE,FALSE,"HBFSS"
"RT0_ZT6","Original (No EVS)","250313","-","upregulated",1.37200670635249,0.00066541807016991,0.346618178345521,0.141587079536278,1,0.929206460231861,0.932881376390637,0.000507608479660693,4.52003648640584,0.000532546091058572,3.27364279873213,FALSE,FALSE,FALSE,TRUE,FALSE,"HBFSS"
"RT0_ZT6","Original (No EVS)","430946","Mrpl37","upregulated",1.85251970070399,0.000917350666704625,0.428373872265752,0.0520298913179726,1,0.973985054341014,NA,0.000709003369936401,5.83423606977705,0.000532546091058572,3.27364279873213,FALSE,FALSE,FALSE,TRUE,FALSE,"HBFSS"
"RT0_ZT6","Original (No EVS)","286775","Homer1","upregulated",1.34811897050344,0.000930251597208583,0.428373872265752,0.149219520823301,1,0.925390239588349,0.929362874455269,0.000719382689870374,4.23719187142031,0.000532546091058572,3.27364279873213,FALSE,FALSE,FALSE,TRUE,FALSE,"HBFSS"
"RT0_ZT6","Original (No EVS)","50319","Lrrc51","upregulated",2.98594827724486,0.00121062549003374,0.502679038669565,0.0157634288291691,1,0.992118285585415,NA,0.000946272276674431,9.02945946713029,0.000532546091058572,3.27364279873213,FALSE,FALSE,FALSE,TRUE,FALSE,"HBFSS"
"RT0_ZT6","Original (No EVS)","39530","Rsph6a","upregulated",1.12618616516733,0.00138391733662051,0.513736183248198,0.264875868786278,1,0.867562065606861,0.876599170456933,0.00108760656212326,3.33748443723433,0.000532546091058572,3.27364279873213,FALSE,FALSE,FALSE,TRUE,FALSE,"HBFSS"
"RT0_ZT6","Original (No EVS)","448449","-","upregulated",1.29787445253938,0.00138857595840589,0.513736183248198,0.166992024085702,1,0.916503987957149,0.920826027816147,0.00109141630870413,3.84431653736445,0.000532546091058572,3.27364279873213,FALSE,FALSE,FALSE,TRUE,FALSE,"HBFSS"
"RT0_ZT6","Original (No EVS)","89672","Ankfy1","upregulated",2.56145838309645,0.00140566039131256,0.513736183248198,0.0221056617896653,1,0.988947169105167,NA,0.0011053920626718,7.57290985083104,0.000532546091058572,3.27364279873213,FALSE,FALSE,FALSE,TRUE,FALSE,"HBFSS"
"RT0_ZT6","Original (No EVS)","570401","Klhl34","upregulated",1.31767397885995,0.00155919418553157,0.549499567054196,0.153847598740637,1,0.923076200629682,0.927116941637573,0.00123128567120401,3.83395846345585,0.000532546091058572,3.27364279873213,FALSE,FALSE,FALSE,TRUE,FALSE,"HBFSS"
"RT0_ZT6","Original (No EVS)","282293","Cisd2","upregulated",1.27665171064911,0.00158178154090971,0.549499567054196,0.17059275354584,1,0.91470362322708,0.919249404373508,0.00124984990467092,3.70630137747776,0.000532546091058572,3.27364279873213,FALSE,FALSE,FALSE,TRUE,FALSE,"HBFSS"
"RT0_ZT6","Original (No EVS)","347497","-","upregulated",1.73067263000252,0.00159076384338124,0.549499567054196,0.0626677659590226,1,0.968666117020489,0.969804098529114,0.00125723529490052,5.01996036259866,0.000532546091058572,3.27364279873213,FALSE,FALSE,FALSE,TRUE,FALSE,"HBFSS"
"RT0_ZT6","Original (No EVS)","300010","Gpatch4","upregulated",1.41422001153895,0.0017064669020442,0.551873017472826,0.12111018587581,1,0.939444907062095,0.942446580859148,0.00135251440559614,4.05719653604562,0.000532546091058572,3.27364279873213,FALSE,FALSE,FALSE,TRUE,FALSE,"HBFSS"
"RT0_ZT6","Original (No EVS)","240855","-","upregulated",2.21809337639523,0.00172070744527177,0.551873017472826,0.0341848019895541,1,0.982907599005223,NA,0.00136425945502427,6.35506604831773,0.000532546091058572,3.27364279873213,FALSE,FALSE,FALSE,TRUE,FALSE,"HBFSS"
"RT0_ZT6","Original (No EVS)","101579","-","upregulated",1.4289921484902,0.00179420971575195,0.569152792951651,0.116308761965191,1,0.941845619017405,0.944616684641615,0.00142494247485403,4.06720126535,0.000532546091058572,3.27364279873213,FALSE,FALSE,FALSE,TRUE,FALSE,"HBFSS"
"RT0_ZT6","Original (No EVS)","390593","Herc3","upregulated",1.57336918835885,0.00184701679491802,0.569152792951651,0.0842705034915663,1,0.957864748254217,0.959392571475912,0.00146860134628812,4.45750607679176,0.000532546091058572,3.27364279873213,FALSE,FALSE,FALSE,TRUE,FALSE,"HBFSS"
"RT0_ZT6","Original (No EVS)","351649","Pdia3","upregulated",2.85693641594972,0.00187841522111385,0.570945194048574,0.019494697726503,1,0.990252651136749,NA,0.00149458412671866,8.07221566031196,0.000532546091058572,3.27364279873213,FALSE,FALSE,FALSE,TRUE,FALSE,"HBFSS"
"RT0_ZT6","Original (No EVS)","110961","-","upregulated",1.44179349559043,0.00188916357039393,0.570945194048574,0.109346298517594,1,0.945326850741203,0.947869119774207,0.0015034825895861,4.07004116079825,0.000532546091058572,3.27364279873213,FALSE,FALSE,FALSE,TRUE,FALSE,"HBFSS"
"RT0_ZT6","Original (No EVS)","15145","LOC102548165","upregulated",1.25220908689117,0.00205728413775895,0.610023563527374,0.171545586455232,1,0.914227206772384,0.918925425779386,0.00164292468463989,3.48662887396837,0.000532546091058572,3.27364279873213,FALSE,FALSE,FALSE,TRUE,FALSE,"HBFSS"
"RT0_ZT6","Original (No EVS)","43242","Gas2","upregulated",2.03708750649283,0.00217248186027964,0.613627539765848,0.0413130778726334,1,0.979343461063683,NA,0.00173873717988471,5.62188495992261,0.000532546091058572,3.27364279873213,FALSE,FALSE,FALSE,TRUE,FALSE,"HBFSS"
"RT0_ZT6","Original (No EVS)","80698","LOC100912319","upregulated",2.39997983281227,0.0021843999653998,0.613627539765848,0.0312069896612417,1,0.984396505169379,NA,0.00174866149643726,6.61745059920711,0.000532546091058572,3.27364279873213,FALSE,FALSE,FALSE,TRUE,FALSE,"HBFSS"
"RT0_ZT6","Original (No EVS)","313274","Fam184a","upregulated",1.21031586718017,0.00239967862017062,0.660452587133383,0.189822280586029,1,0.905088859706985,0.910583960297162,0.00192828720185956,3.28579974537317,0.000532546091058572,3.27364279873213,FALSE,FALSE,FALSE,TRUE,FALSE,"HBFSS"
"RT0_ZT6","Original (No EVS)","318803","Cdh23","upregulated",2.00304427213877,0.00241646933028981,0.660452587133383,0.0481712028610037,1,0.975914398569498,NA,0.00194232494760227,5.43161130939345,0.000532546091058572,3.27364279873213,FALSE,FALSE,FALSE,TRUE,FALSE,"HBFSS"
"RT0_ZT6","Original (No EVS)","88204","Arhgap44","upregulated",1.64493853113478,0.0024729442586988,0.670061301682432,0.0768521585582945,1,0.961573920720853,NA,0.00198956874573741,4.44337548510087,0.000532546091058572,3.27364279873213,FALSE,FALSE,FALSE,TRUE,FALSE,"HBFSS"
"RT0_ZT6","Original (No EVS)","365961","-","upregulated",1.42612101495313,0.00296833975275247,0.695084102283497,0.0997118319919366,1,0.950144084004032,0.952299148710694,0.00240573447230386,3.73465770033337,0.000532546091058572,3.27364279873213,FALSE,FALSE,FALSE,TRUE,FALSE,"HBFSS"
"RT0_ZT6","Original (No EVS)","436390","Rcc2","upregulated",1.41308352213156,0.0032254745243935,0.704027012334805,0.105434853616813,1,0.947282573191593,NA,0.00262286857160721,3.64748435348841,0.000532546091058572,3.27364279873213,FALSE,FALSE,FALSE,TRUE,FALSE,"HBFSS"
"RT0_ZT6","Original (No EVS)","472630","-","upregulated",1.60455563618132,0.00339293885983976,0.722174501067016,0.0791448127663015,1,0.960427593616849,NA,0.00276465496418177,4.1050294523225,0.000532546091058572,3.27364279873213,FALSE,FALSE,FALSE,TRUE,FALSE,"HBFSS"
"RT0_ZT6","Original (No EVS)","86785","Gria1","upregulated",1.68863759863853,0.00346486876654722,0.724218705875833,0.0647492012432489,1,0.967625399378376,NA,0.00282564159825771,4.30413954083992,0.000532546091058572,3.27364279873213,FALSE,FALSE,FALSE,TRUE,FALSE,"HBFSS"
"RT0_ZT6","Original (No EVS)","90084","LOC120095261","upregulated",1.30054291501633,0.00369900795159597,0.724218705875833,0.129565485435787,1,0.935217257282106,NA,0.00302450161905554,3.27651782314665,0.000532546091058572,3.27364279873213,FALSE,FALSE,FALSE,TRUE,FALSE,"HBFSS"
"RT0_ZT6","Original (No EVS)","345055","Scn2a","upregulated",1.43833392998631,0.00372236424914784,0.724218705875833,0.0867767633122117,1,0.956611618343894,0.958298339081528,0.00304436655740092,3.61957173246259,0.000532546091058572,3.27364279873213,FALSE,FALSE,FALSE,TRUE,FALSE,"HBFSS"
"RT0_ZT6","NormEVS Lead","481724","Kdelr3","upregulated",10.3373595168946,1.20838069021893e-12,8.04539863547762e-09,3.16992987067386e-10,2.11053930789465e-06,0.999999999841504,0.999999999841504,5.07494284374133e-08,75.4065806674146,0.034292401519239,1.4648020998943,TRUE,TRUE,FALSE,TRUE,TRUE,"Std+Strong+HBFSS"
"RT0_ZT6","NormEVS Lead","500103","Gpd1","upregulated",1.93967162851195,8.78874563442317e-09,2.92577342169947e-05,0.00291702975514903,1,0.998541485122425,0.99887951541529,1.02468882487994e-05,9.677813140914,0.034292401519239,1.4648020998943,TRUE,FALSE,FALSE,TRUE,TRUE,"Std+HBFSS"
"RT0_ZT6","NormEVS Lead","268475","-","upregulated",2.8901788203932,1.43773926859647e-06,0.00319082268343844,0.000927061003524051,1,0.999536469498238,0.999705624426229,0.000218655108617849,10.5787491990377,0.034292401519239,1.4648020998943,TRUE,FALSE,FALSE,TRUE,TRUE,"Std+HBFSS"
"RT0_ZT6","NormEVS Lead","466749","RGD1566401","downregulated",-1.04075241724871,0.000290560989960529,0.483638767789301,0.429154293083636,1,0.785422853458182,0.796200525546802,0.00545151738253691,2.35572498609965,0.034292401519239,1.4648020998943,FALSE,FALSE,FALSE,TRUE,FALSE,"HBFSS"
"RT0_ZT6","NormEVS Lead","171529","Ramp3","downregulated",-0.835965083281884,0.000579943164658366,0.643543598382567,0.844201199973914,1,0.577899400013043,0.608694609530758,0.00831728955919808,1.73882256995884,0.034292401519239,1.4648020998943,FALSE,FALSE,FALSE,TRUE,FALSE,"HBFSS"
"RT0_ZT6","NormEVS Lead","146436","Camsap2","upregulated",1.44955208372598,0.000830164025818078,0.762827665614737,0.116173696753963,1,0.941913151623019,0.942710707212877,0.0103614005191104,2.87675430424521,0.034292401519239,1.4648020998943,FALSE,FALSE,FALSE,TRUE,FALSE,"HBFSS"
"RT0_ZT6","NormEVS Lead","257551","Prdx2","upregulated",1.41373145132215,0.000916584758924286,0.762827665614737,0.125926339085955,1,0.937036830457022,0.938148004065899,0.0110102209291716,2.76837453549328,0.034292401519239,1.4648020998943,FALSE,FALSE,FALSE,TRUE,FALSE,"HBFSS"
"RT0_ZT6","NormEVS Lead","358487","Ttpal","upregulated",1.08822953364929,0.00115393800577477,0.763498150926664,0.311950689710852,1,0.844024655144574,0.849631359547681,0.012681869712823,2.06417196684305,0.034292401519239,1.4648020998943,FALSE,FALSE,FALSE,TRUE,FALSE,"HBFSS"
"RT0_ZT6","NormEVS Lead","206366","-","upregulated",2.60381778356963,0.00160223991352192,0.763498150926664,0.0206206455860983,1,0.989689677206951,NA,0.0155170063099392,4.71080646821892,0.034292401519239,1.4648020998943,FALSE,FALSE,FALSE,TRUE,FALSE,"HBFSS"
"RT0_ZT6","NormEVS Lead","15145","LOC102548165","upregulated",1.26856858499846,0.00217476735774207,0.763498150926664,0.163706978062067,1,0.918146510968967,0.92001456083869,0.0187291433448444,2.19142950599562,0.034292401519239,1.4648020998943,FALSE,FALSE,FALSE,TRUE,FALSE,"HBFSS"
"RT0_ZT6","NormEVS Lead","101579","-","upregulated",1.40104191971731,0.00228374874572747,0.763498150926664,0.118810609729177,1,0.940594695135411,0.941550584053232,0.0193022980642878,2.40193363302643,0.034292401519239,1.4648020998943,FALSE,FALSE,FALSE,TRUE,FALSE,"HBFSS"
"RT0_ZT6","NormEVS Lead","40451","Ttc9b","upregulated",1.0764324946608,0.00328015116375001,0.763498150926664,0.232263597727156,1,0.883868201136422,0.887472148949414,0.0241364689618895,1.74094254566647,0.034292401519239,1.4648020998943,FALSE,FALSE,FALSE,TRUE,FALSE,"HBFSS"
"RT0_ZT6","NormEVS Lead","282293","Cisd2","upregulated",1.12497163507176,0.00337472673386738,0.763498150926664,0.199288422212424,1,0.900355788893788,0.902799917265403,0.0245642666662671,1.81086256228456,0.034292401519239,1.4648020998943,FALSE,FALSE,FALSE,TRUE,FALSE,"HBFSS"
"RT0_ZT6","NormEVS Lead","390593","Herc3","upregulated",1.34697949202289,0.00356555929512845,0.763498150926664,0.10328697391797,1,0.948356513041015,0.94899881342235,0.0254140249496562,2.14833335151269,0.034292401519239,1.4648020998943,FALSE,FALSE,FALSE,TRUE,FALSE,"HBFSS"
"RT0_ZT6","NormEVS Lead","570401","Klhl34","upregulated",1.09553353814177,0.00390431794974279,0.763498150926664,0.186273218158617,1,0.906863390920691,NA,0.0268816683150328,1.72058338612691,0.034292401519239,1.4648020998943,FALSE,FALSE,FALSE,TRUE,FALSE,"HBFSS"
"RT0_ZT6","NormEVS Rem","11310","Prmt1","upregulated",3.07315908344869,6.56253460406998e-21,1.08977449635186e-16,1.57305392301266e-10,2.12311338507593e-06,0.999999999921347,0.999999999921347,2.22044604925031e-16,48.1058794093948,0.0369015078921782,1.43295588706933,TRUE,TRUE,FALSE,TRUE,TRUE,"Std+Strong+HBFSS"
"RT0_ZT6","NormEVS Rem","165045","Slc4a4","upregulated",9.24224868700919,2.14470653948758e-13,1.78074983973654e-09,1.71398513366912e-10,2.12311338507593e-06,0.999999999914301,0.999999999921347,7.34967642301854e-14,121.38521530618,0.0369015078921782,1.43295588706933,TRUE,TRUE,FALSE,TRUE,TRUE,"Std+Strong+HBFSS"
"RT0_ZT6","NormEVS Rem","115564","Tmem44","downregulated",-2.4622443231657,3.32381488321682e-08,0.000183984233168995,0.000593279563798036,1,0.999703360218101,0.999999999921347,1.79734354066596e-08,19.0709906166044,0.0369015078921782,1.43295588706933,TRUE,FALSE,FALSE,TRUE,TRUE,"Std+HBFSS"
"RT0_ZT6","NormEVS Rem","116400","-","upregulated",1.60818108869732,4.93484248207341e-08,0.000204869985643278,0.0213402760692159,1,0.989329861965392,0.990694873272718,2.70886959530259e-08,12.1694470739233,0.0369015078921782,1.43295588706933,TRUE,FALSE,FALSE,TRUE,TRUE,"Std+HBFSS"
"RT0_ZT6","NormEVS Rem","309239","Pacsin1","upregulated",2.41732124840774,2.54087170386523e-07,0.000843874310287719,0.00140610838766305,1,0.999296945806168,0.9997904418099,1.484179472655e-07,16.5067109703617,0.0369015078921782,1.43295588706933,TRUE,FALSE,FALSE,TRUE,TRUE,"Std+HBFSS"
"RT0_ZT6","NormEVS Rem","41106","-","upregulated",2.51763121230284,4.70818792400446e-07,0.00130306947776697,0.00133747869662127,1,0.999331260651689,0.9997904418099,2.81509231259136e-07,16.4917617838947,0.0369015078921782,1.43295588706933,TRUE,FALSE,FALSE,TRUE,TRUE,"Std+HBFSS"
"RT0_ZT6","NormEVS Rem","18017","Dlg2","upregulated",7.67351818441825,7.93784033216813e-07,0.00151429074037098,2.82659598765192e-05,0.204717591434856,0.999985867020062,NA,4.84075733497846e-07,48.4589325350377,0.0369015078921782,1.43295588706933,TRUE,FALSE,FALSE,TRUE,TRUE,"Std+HBFSS"
"RT0_ZT6","NormEVS Rem","500532","Nr4a1","upregulated",1.57368874059525,8.2070436368414e-07,0.00151429074037098,0.0380867926250193,1,0.98095660368749,0.982912798786115,5.01123385454605e-07,9.91432613790357,0.0369015078921782,1.43295588706933,TRUE,FALSE,FALSE,TRUE,TRUE,"Std+HBFSS"
"RT0_ZT6","NormEVS Rem","382119","Magi2","upregulated",1.38060019700502,6.07769971456299e-06,0.00956628942266188,0.111063951893946,1,0.944468024053027,0.950433697907005,4.00170747694162e-06,7.45214114874148,0.0369015078921782,1.43295588706933,TRUE,FALSE,FALSE,TRUE,TRUE,"Std+HBFSS"
"RT0_ZT6","NormEVS Rem","378536","Rhno1","upregulated",2.11248209566361,6.48872038720286e-06,0.00956628942266188,0.00903203518327269,1,0.995483982408364,0.996399229710609,4.28284363995779e-06,11.3403695715377,0.0369015078921782,1.43295588706933,TRUE,FALSE,FALSE,TRUE,TRUE,"Std+HBFSS"
"RT0_ZT6","NormEVS Rem","468062","Tedc1","upregulated",1.67503337290897,6.91289130868015e-06,0.00956628942266188,0.0350193799911894,1,0.982490310004405,0.984298574378647,4.57367413542187e-06,8.94423396097168,0.0369015078921782,1.43295588706933,TRUE,FALSE,FALSE,TRUE,TRUE,"Std+HBFSS"
"RT0_ZT6","NormEVS Rem","172009","Vstm2a","upregulated",7.19160529965865,1.0830203655267e-05,0.0115803892420442,0.000215233544216426,0.933063440627196,0.999892383227892,NA,7.28710292752233e-06,36.9464773804624,0.0369015078921782,1.43295588706933,TRUE,FALSE,FALSE,TRUE,TRUE,"Std+HBFSS"
"RT0_ZT6","NormEVS Rem","150983","-","upregulated",2.7088398654255,1.12229883880192e-05,0.0115803892420442,0.00314238241265073,1,0.998428808793675,0.99919365390536,7.56147625535775e-06,13.8730346281701,0.0369015078921782,1.43295588706933,TRUE,FALSE,FALSE,TRUE,TRUE,"Std+HBFSS"
"RT0_ZT6","NormEVS Rem","481721","Kcnj4","upregulated",7.18241109914362,1.18806565445541e-05,0.0115803892420442,0.00023017525742901,0.933063440627196,0.999884912371286,NA,8.02167715163726e-06,36.5996623369911,0.0369015078921782,1.43295588706933,TRUE,FALSE,FALSE,TRUE,TRUE,"Std+HBFSS"
"RT0_ZT6","NormEVS Rem","332173","Mapkbp1","upregulated",1.21166301214517,1.27373724054917e-05,0.0115803892420442,0.24292310994913,1,0.878538445025435,0.893169357650761,8.62258210965194e-06,6.13630091680516,0.0369015078921782,1.43295588706933,TRUE,FALSE,FALSE,TRUE,TRUE,"Std+HBFSS"
"RT0_ZT6","NormEVS Rem","4123","Rgs17","upregulated",1.53841822629588,1.32498732746501e-05,0.0115803892420442,0.0640886141845447,1,0.967955692907728,0.971226818137216,8.98278161298727e-06,7.76376474228405,0.0369015078921782,1.43295588706933,TRUE,FALSE,FALSE,TRUE,TRUE,"Std+HBFSS"
"RT0_ZT6","NormEVS Rem","120197","-","downregulated",-1.4149573300618,2.19044064769986e-05,0.0181548490459497,0.106641185429017,1,0.946679407285491,0.95207234617226,1.51320850536596e-05,6.82023756180992,0.0369015078921782,1.43295588706933,TRUE,FALSE,FALSE,TRUE,TRUE,"Std+HBFSS"
"RT0_ZT6","NormEVS Rem","544013","Myl12a","upregulated",4.33411205293391,2.29586793908794e-05,0.0181548490459497,0.000750411872954217,1,0.999624794063523,NA,1.58882909890856e-05,20.7990692127593,0.0369015078921782,1.43295588706933,TRUE,FALSE,FALSE,TRUE,TRUE,"Std+HBFSS"
"RT0_ZT6","NormEVS Rem","250313","-","upregulated",1.51676461303047,2.84502167661633e-05,0.0214747408917686,0.0756493320801598,1,0.96217533395992,0.965741106223611,1.98470030150499e-05,7.1322899212516,0.0369015078921782,1.43295588706933,TRUE,FALSE,FALSE,TRUE,TRUE,"Std+HBFSS"
"RT0_ZT6","NormEVS Rem","146930","RGD1562140","downregulated",-1.29631317233335,3.74347445076831e-05,0.0270278855345472,0.173930162653087,1,0.913034918673457,0.924069428071742,2.63834635232385e-05,5.93538788965332,0.0369015078921782,1.43295588706933,TRUE,FALSE,FALSE,TRUE,TRUE,"Std+HBFSS"
"RT0_ZT6","NormEVS Rem","346199","Itga6","upregulated",6.7425180721296,3.9651166152964e-05,0.027435302714005,0.000621438667401099,1,0.999689280666299,NA,2.80055690080605e-05,30.6970369045925,0.0369015078921782,1.43295588706933,TRUE,FALSE,FALSE,TRUE,TRUE,"Std+HBFSS"
"RT0_ZT6","NormEVS Rem","33321","Lama2","downregulated",-1.45603204093966,4.99279726597348e-05,0.0311620827457062,0.099031476320502,1,0.950484261839749,0.955310539827241,3.55682139319136e-05,6.47779619241603,0.0369015078921782,1.43295588706933,TRUE,FALSE,FALSE,TRUE,TRUE,"Std+HBFSS"
"RT0_ZT6","NormEVS Rem","39530","Rsph6a","upregulated",1.31870996705125,5.06670019350878e-05,0.0311620827457062,0.161170659533602,1,0.919414670233199,0.928799354463851,3.61144488634224e-05,5.85813035326259,0.0369015078921782,1.43295588706933,TRUE,FALSE,FALSE,TRUE,TRUE,"Std+HBFSS"
"RT0_ZT6","NormEVS Rem","294917","LOC103691527","downregulated",-3.97702656206475,5.41252026407371e-05,0.03210011125186,0.00162380499179604,1,0.999188097504102,NA,3.86743515383703e-05,17.5489357750136,0.0369015078921782,1.43295588706933,TRUE,FALSE,FALSE,TRUE,TRUE,"Std+HBFSS"
"RT0_ZT6","NormEVS Rem","564193","-","upregulated",6.61573285068437,6.95815727937353e-05,0.0373808066376632,0.00094887653000408,1,0.999525561734998,NA,5.01853469938585e-05,28.4438344344876,0.0369015078921782,1.43295588706933,TRUE,FALSE,FALSE,TRUE,TRUE,"Std+HBFSS"
"RT0_ZT6","NormEVS Rem","427784","-","upregulated",6.25752177544963,6.97823079469806e-05,0.0373808066376632,0.00110005194312418,1,0.999449974028438,NA,5.03355178165243e-05,26.8956136552618,0.0369015078921782,1.43295588706933,TRUE,FALSE,FALSE,TRUE,TRUE,"Std+HBFSS"
"RT0_ZT6","NormEVS Rem","408806","-","upregulated",6.57185889794,7.24378936143619e-05,0.0375557807050643,0.000990538948637884,1,0.999504730525681,NA,5.23236607086197e-05,28.1361118494086,0.0369015078921782,1.43295588706933,TRUE,FALSE,FALSE,TRUE,TRUE,"Std+HBFSS"
"RT0_ZT6","NormEVS Rem","320100","-","upregulated",2.99986924753462,8.00772362324739e-05,0.0381818902044991,0.00488131746236135,1,0.997559341268819,NA,5.80576980571124e-05,12.7078666770381,0.0369015078921782,1.43295588706933,TRUE,FALSE,FALSE,TRUE,TRUE,"Std+HBFSS"
"RT0_ZT6","NormEVS Rem","160204","-","upregulated",1.28208997904119,8.12032211559352e-05,0.0381818902044991,0.188051732863394,1,0.905974133568303,0.918488753758832,5.89046153069983e-05,5.42304916447064,0.0369015078921782,1.43295588706933,TRUE,FALSE,FALSE,TRUE,TRUE,"Std+HBFSS"
"RT0_ZT6","NormEVS Rem","157979","Anapc4","upregulated",1.41795891547182,8.66280488359838e-05,0.0381818902044991,0.115419810601631,1,0.942290094699184,0.948534273166139,6.29909226270708e-05,5.95645125456489,0.0369015078921782,1.43295588706933,TRUE,FALSE,FALSE,TRUE,TRUE,"Std+HBFSS"
"RT0_ZT6","NormEVS Rem","95337","Arf2","downregulated",-1.72507349083944,8.73727464633847e-05,0.0381818902044991,0.0469463600518238,1,0.976526819974088,0.97877446494871,6.35526262309227e-05,7.23990314042243,0.0369015078921782,1.43295588706933,TRUE,FALSE,FALSE,TRUE,TRUE,"Std+HBFSS"
"RT0_ZT6","NormEVS Rem","554403","-","upregulated",6.1493874854713,9.14263838130753e-05,0.0389288853743571,0.00136838344462609,1,0.999315808277687,NA,6.66132322977298e-05,25.6825447484243,0.0369015078921782,1.43295588706933,TRUE,FALSE,FALSE,TRUE,TRUE,"Std+HBFSS"
"RT0_ZT6","NormEVS Rem","43356","-","upregulated",4.1093935145437,9.82566086409998e-05,0.040272318574991,0.00212734906034061,1,0.99893632546983,NA,7.17814835844433e-05,17.0292756440269,0.0369015078921782,1.43295588706933,TRUE,FALSE,FALSE,TRUE,TRUE,"Std+HBFSS"
"RT0_ZT6","NormEVS Rem","301340","Rfx5","downregulated",-1.31048169836867,0.000103445157433151,0.040272318574991,0.171195681555006,1,0.914402159222497,0.925023215741265,7.57164545395206e-05,5.40024573399976,0.0369015078921782,1.43295588706933,TRUE,FALSE,FALSE,TRUE,TRUE,"Std+HBFSS"
"RT0_ZT6","NormEVS Rem","448449","-","upregulated",1.47372572159777,0.00010391039944913,0.040272318574991,0.100200300378891,1,0.949899849810554,0.954870086020705,7.60696535833105e-05,6.06996464489312,0.0369015078921782,1.43295588706933,TRUE,FALSE,FALSE,TRUE,TRUE,"Std+HBFSS"
"RT0_ZT6","NormEVS Rem","92794","-","upregulated",2.02526864181998,0.000104282169018705,0.040272318574991,0.0242088030774878,1,0.987895598461256,0.989410311123723,7.63519328761397e-05,8.33839547412298,0.0369015078921782,1.43295588706933,TRUE,FALSE,FALSE,TRUE,TRUE,"Std+HBFSS"
"RT0_ZT6","NormEVS Rem","483140","Mapk12","downregulated",-2.37930551667704,0.000121228818282692,0.045752858100054,0.0130590260259454,1,0.993470486987027,0.994536279080347,8.92568472685706e-05,9.63466091664581,0.0369015078921782,1.43295588706933,TRUE,FALSE,FALSE,TRUE,TRUE,"Std+HBFSS"
"RT0_ZT6","NormEVS Rem","347497","-","upregulated",2.03335674151785,0.000137052043538171,0.0486923603397237,0.0243497165264193,1,0.98782514173679,0.989410311123723,0.000101366853858753,8.12143836095408,0.0369015078921782,1.43295588706933,TRUE,FALSE,FALSE,TRUE,TRUE,"Std+HBFSS"
"RT0_ZT6","NormEVS Rem","63358","Gspt1","upregulated",1.21218663838552,0.000154420256976582,0.052519910193922,0.246034939643004,1,0.876982530178498,0.892004031006844,0.000114718652806101,4.77645896920203,0.0369015078921782,1.43295588706933,TRUE,FALSE,FALSE,TRUE,TRUE,"Std+HBFSS"
"RT0_ZT6","NormEVS Rem","110961","-","upregulated",1.71007857015999,0.000175483871467916,0.0566602631314923,0.0533087322656826,1,0.973345633867159,0.976185119057313,0.000130985245921922,6.63985480098058,0.0369015078921782,1.43295588706933,TRUE,FALSE,FALSE,TRUE,TRUE,"Std+HBFSS"
"RT0_ZT6","NormEVS Rem","77478","Ezh1","downregulated",-1.05752208831465,0.000209085180850461,0.0631285184218684,0.434538162718678,1,0.782730918640661,0.810269153813121,0.000157080397369169,4.02268501551539,0.0369015078921782,1.43295588706933,TRUE,FALSE,FALSE,TRUE,TRUE,"Std+HBFSS"
"RT0_ZT6","NormEVS Rem","240855","-","upregulated",2.52499515538119,0.000227587934880647,0.0648212906887622,0.0131742745020845,1,0.993412862748958,0.994536279080347,0.000171517587877146,9.50835238916983,0.0369015078921782,1.43295588706933,TRUE,FALSE,FALSE,TRUE,TRUE,"Std+HBFSS"
"RT0_ZT6","NormEVS Rem","69696","Gjc2","downregulated",-1.05971580718178,0.000230305681719678,0.0648212906887622,0.427675159430585,1,0.786162420284708,0.813048278863159,0.000173641891386689,3.98489755862749,0.0369015078921782,1.43295588706933,TRUE,FALSE,FALSE,TRUE,TRUE,"Std+HBFSS"
"RT0_ZT6","NormEVS Rem","50435","Pgap2","downregulated",-1.16897093022017,0.00023877096469815,0.0660838439962912,0.283337360182135,1,0.858331319908932,0.876308249710088,0.000180264559317411,4.37673195957977,0.0369015078921782,1.43295588706933,TRUE,FALSE,FALSE,TRUE,TRUE,"Std+HBFSS"
"RT0_ZT6","NormEVS Rem","50319","Lrrc51","upregulated",3.22204135401699,0.000283778267917844,0.0748003478895829,0.00698891257800382,1,0.996505543710998,NA,0.000215613493155686,11.8130477525914,0.0369015078921782,1.43295588706933,TRUE,FALSE,FALSE,TRUE,TRUE,"Std+HBFSS"
"RT0_ZT6","NormEVS Rem","137659","Brinp2","upregulated",0.795832569134104,0.000366602238995947,0.0922393451631317,1,1,0.446577760882121,0.520745938574621,0.000281184080477281,2.82600883114306,0.0369015078921782,1.43295588706933,FALSE,FALSE,FALSE,TRUE,FALSE,"HBFSS"
"RT0_ZT6","NormEVS Rem","43242","Gas2","upregulated",2.39930289628372,0.000404420410886979,0.0982063947371733,0.0184227461353155,1,0.990788626932342,NA,0.000311313640462441,8.41387983523432,0.0369015078921782,1.43295588706933,TRUE,FALSE,FALSE,TRUE,TRUE,"Std+HBFSS"
"RT0_ZT6","NormEVS Rem","430946","Mrpl37","upregulated",1.93123400890423,0.000408154107358617,0.0982063947371733,0.0398589523050634,1,0.980070523847468,NA,0.000314294012991212,6.76446362962392,0.0369015078921782,1.43295588706933,TRUE,FALSE,FALSE,TRUE,TRUE,"Std+HBFSS"
"RT0_ZT6","NormEVS Rem","351649","Pdia3","upregulated",3.20313683798706,0.0004139737222451,0.0982063947371733,0.00823588642970058,1,0.99588205678515,NA,0.000318941425082375,11.1990923151042,0.0369015078921782,1.43295588706933,TRUE,FALSE,FALSE,TRUE,TRUE,"Std+HBFSS"
"RT0_ZT6","NormEVS Rem","83860","-","downregulated",-1.82412532538664,0.000439898805497331,0.102886754423784,0.0495488244861863,1,0.975225587756907,0.977770305330486,0.000339673172037314,6.32777903172574,0.0369015078921782,1.43295588706933,FALSE,FALSE,FALSE,TRUE,FALSE,"HBFSS"
"RT0_ZT6","NormEVS Rem","299999","Gpatch4","upregulated",3.49977502341174,0.000447023316149007,0.103100960944034,0.00709056320696502,1,0.996454718396517,NA,0.00034537842939053,12.1151879617074,0.0369015078921782,1.43295588706933,FALSE,FALSE,FALSE,TRUE,FALSE,"HBFSS"
"RT0_ZT6","NormEVS Rem","561737","-","upregulated",2.97006465514627,0.000480595436017262,0.107848213655441,0.0105132282261429,1,0.994743385886929,NA,0.000372306609028206,10.1846464941928,0.0369015078921782,1.43295588706933,FALSE,FALSE,FALSE,TRUE,FALSE,"HBFSS"
"RT0_ZT6","NormEVS Rem","399295","Klra2","upregulated",3.62047841742724,0.000487828230292214,0.1080116745631,0.00670056893591615,1,0.996649715532042,NA,0.000378117192636473,12.3906296654683,0.0369015078921782,1.43295588706933,FALSE,FALSE,FALSE,TRUE,FALSE,"HBFSS"
"RT0_ZT6","NormEVS Rem","313274","Fam184a","upregulated",1.39205491342697,0.000549339165735173,0.118421291061682,0.140288323244542,1,0.929855838377729,0.938186335539593,0.000427655740794064,4.68970172376501,0.0369015078921782,1.43295588706933,FALSE,FALSE,FALSE,TRUE,FALSE,"HBFSS"
"RT0_ZT6","NormEVS Rem","101235","LOC120095612","downregulated",-1.4576374853311,0.000573114399118873,0.118421291061682,0.118244050075075,1,0.940877974962462,0.947404799206845,0.000446858974938014,4.88283707061294,0.0369015078921782,1.43295588706933,FALSE,FALSE,FALSE,TRUE,FALSE,"HBFSS"
"RT0_ZT6","NormEVS Rem","558937","Frmpd4","upregulated",1.41327736332752,0.000575497478409242,0.118421291061682,0.126820344888814,1,0.936589827555593,0.943668788152574,0.000448785406866437,4.73159788107133,0.0369015078921782,1.43295588706933,FALSE,FALSE,FALSE,TRUE,FALSE,"HBFSS"
"RT0_ZT6","NormEVS Rem","451082","-","upregulated",1.40259227601041,0.000577630047934257,0.118421291061682,0.134519911184297,1,0.932740044407852,0.940582360952982,0.0004505095782803,4.69348888224717,0.0369015078921782,1.43295588706933,FALSE,FALSE,FALSE,TRUE,FALSE,"HBFSS"
"RT0_ZT6","NormEVS Rem","89672","Ankfy1","upregulated",2.74621085563966,0.000597832516764089,0.121068375285176,0.0140688832267268,1,0.992965558386637,NA,0.000466854556722796,9.14712964251978,0.0369015078921782,1.43295588706933,FALSE,FALSE,FALSE,TRUE,FALSE,"HBFSS"
"RT0_ZT6","NormEVS Rem","89770","Camkk1","upregulated",1.72591081796676,0.000686342002516476,0.134087003456337,0.061205188631042,1,0.969397405684479,0.972524013812167,0.000538692940021734,5.64141343848654,0.0369015078921782,1.43295588706933,FALSE,FALSE,FALSE,TRUE,FALSE,"HBFSS"
"RT0_ZT6","NormEVS Rem","345055","Scn2a","upregulated",1.88262390029973,0.000701439603172056,0.135443093607851,0.0472055239240253,1,0.976397238037987,0.97877446494871,0.000550981813595364,6.13521287418726,0.0369015078921782,1.43295588706933,FALSE,FALSE,FALSE,TRUE,FALSE,"HBFSS"
"RT0_ZT6","NormEVS Rem","88204","Arhgap44","upregulated",1.86827223549079,0.000814864813671456,0.152040956132901,0.0504591456980804,1,0.97477042715096,0.977463989891015,0.00064360024725385,5.96237374209178,0.0369015078921782,1.43295588706933,FALSE,FALSE,FALSE,TRUE,FALSE,"HBFSS"
"RT0_ZT6","NormEVS Rem","257921","-","upregulated",1.404308815566,0.000844220735075171,0.154056368424816,0.13015729652063,1,0.934921351739685,0.942278393699062,0.000667650295711697,4.45931376853026,0.0369015078921782,1.43295588706933,FALSE,FALSE,FALSE,TRUE,FALSE,"HBFSS"
"RT0_ZT6","NormEVS Rem","475633","Pip4k2c","downregulated",-0.602161938281204,0.00090030492789492,0.159047485453437,1,1,0.132666873506523,0.237810103662077,0.000713681254268517,1.89469995575679,0.0369015078921782,1.43295588706933,FALSE,FALSE,FALSE,TRUE,FALSE,"HBFSS"
"RT0_ZT6","NormEVS Rem","268169","Golph3","upregulated",1.06883899461878,0.000924666405607911,0.159893984768669,0.361385030872904,1,0.819307484563548,0.841729551615146,0.000733708685586976,3.35025053963488,0.0369015078921782,1.43295588706933,FALSE,FALSE,FALSE,TRUE,FALSE,"HBFSS"
"RT0_ZT6","NormEVS Rem","398316","Bcl2l13","upregulated",1.40004244073249,0.00093398268833921,0.159893984768669,0.137704886459831,1,0.931147556770084,0.939344531401111,0.00074137263296814,4.3820816673234,0.0369015078921782,1.43295588706933,FALSE,FALSE,FALSE,TRUE,FALSE,"HBFSS"
"RT0_ZT6","NormEVS Rem","68622","Canx","downregulated",-1.2218373031292,0.000953454885300053,0.161561957400946,0.224050867373292,1,0.887974566313354,0.902200943717348,0.000757400159408617,3.81295664675038,0.0369015078921782,1.43295588706933,FALSE,FALSE,FALSE,TRUE,FALSE,"HBFSS"
"RT0_ZT6","NormEVS Rem","291763","Ankh","upregulated",3.1298599136372,0.000989501005562049,0.16446329038916,0.0134671144449024,1,0.993266442777549,NA,0.000787100786308725,9.71499019240627,0.0369015078921782,1.43295588706933,FALSE,FALSE,FALSE,TRUE,FALSE,"HBFSS"
"RT0_ZT6","NormEVS Rem","472630","-","upregulated",1.89511690131402,0.000990384742798745,0.16446329038916,0.0508843353358473,1,0.974557832332076,NA,0.000787829450291877,5.8816237705862,0.0369015078921782,1.43295588706933,FALSE,FALSE,FALSE,TRUE,FALSE,"HBFSS"
"RT0_ZT6","NormEVS Rem","440436","Fosl2","upregulated",0.735469922945184,0.00100205108247371,0.164753072035233,1,1,0.408697460830296,0.487867656093475,0.000797450845658298,2.27870357706394,0.0369015078921782,1.43295588706933,FALSE,FALSE,FALSE,TRUE,FALSE,"HBFSS"
"RT0_ZT6","NormEVS Rem","17928","Ccdc83","upregulated",2.49483275181911,0.00103258852008704,0.166477329753062,0.0213785282913205,1,0.98931073585434,NA,0.00082265459611075,7.69601634233537,0.0369015078921782,1.43295588706933,FALSE,FALSE,FALSE,TRUE,FALSE,"HBFSS"
"RT0_ZT6","NormEVS Rem","450281","Yy1","downregulated",-1.508596973104,0.0010463708952649,0.16679070241088,0.10710960679845,1,0.946445196600775,0.951983372989877,0.00083403862257847,4.64468923620001,0.0369015078921782,1.43295588706933,FALSE,FALSE,FALSE,TRUE,FALSE,"HBFSS"
"RT0_ZT6","NormEVS Rem","189406","Egr3","upregulated",1.27610745625272,0.00106772914975633,0.16679070241088,0.186084418642457,1,0.906957790678772,0.919200665432698,0.00085169090656545,3.91729001519388,0.0369015078921782,1.43295588706933,FALSE,FALSE,FALSE,TRUE,FALSE,"HBFSS"
"RT0_ZT6","NormEVS Rem","208647","Fam149a","upregulated",2.51892324859091,0.00106988200894374,0.16679070241088,0.021518597917048,1,0.989240701041476,NA,0.000853470926415856,7.7301000499845,0.0369015078921782,1.43295588706933,FALSE,FALSE,FALSE,TRUE,FALSE,"HBFSS"
"RT0_ZT6","NormEVS Rem","474569","Cpsf6","upregulated",0.862729339224043,0.00108556725328072,0.16679070241088,0.742099081122199,1,0.6289504594389,0.677044232210761,0.000866443644050419,2.64190127006478,0.0369015078921782,1.43295588706933,FALSE,FALSE,FALSE,TRUE,FALSE,"HBFSS"
"RT0_ZT6","NormEVS Rem","518345","Swsap1","downregulated",-0.569827260743782,0.00109698086792678,0.16679070241088,1,1,0.0939520113908145,0.195880797448069,0.00087588771531788,1.74227623273683,0.0369015078921782,1.43295588706933,FALSE,FALSE,TRUE,TRUE,TRUE,"Weak+HBFSS"
"RT0_ZT6","NormEVS Rem","22017","Taok2","upregulated",0.616287032418887,0.00113451189823829,0.16679070241088,1,1,0.172648220731745,0.274388851051036,0.000906967233529565,1.87499684586682,0.0369015078921782,1.43295588706933,FALSE,FALSE,FALSE,TRUE,FALSE,"HBFSS"
"RT0_ZT6","NormEVS Rem","330596","Caprin1","upregulated",1.80360773513051,0.00116483936458681,0.16679070241088,0.0571488718073961,1,0.971425564096302,0.974409057843526,0.000932108702188961,5.4658935493075,0.0369015078921782,1.43295588706933,FALSE,FALSE,FALSE,TRUE,FALSE,"HBFSS"
"RT0_ZT6","NormEVS Rem","90084","LOC120095261","upregulated",1.57067058705798,0.0011712656366243,0.16679070241088,0.0931490899845249,1,0.953425455007738,0.957971861576764,0.000937439141690977,4.75607993542483,0.0369015078921782,1.43295588706933,FALSE,FALSE,FALSE,TRUE,FALSE,"HBFSS"
"RT0_ZT6","NormEVS Rem","288940","-","upregulated",2.70592978378726,0.00119386430411845,0.166822908798869,0.0179680205529755,1,0.991015989723512,NA,0.000956192556670565,8.17043224475233,0.0369015078921782,1.43295588706933,FALSE,FALSE,FALSE,TRUE,FALSE,"HBFSS"
"RT0_ZT6","NormEVS Rem","105798","Gsk3b","upregulated",1.57408392794491,0.00119897072436805,0.166822908798869,0.0882432731028368,1,0.955878363448582,0.960141084122118,0.000960431885390189,4.74985087455793,0.0369015078921782,1.43295588706933,FALSE,FALSE,FALSE,TRUE,FALSE,"HBFSS"
"RT0_ZT6","NormEVS Rem","80698","LOC100912319","upregulated",2.54844886079562,0.00120927863360107,0.166822908798869,0.023397549597747,1,0.988301225201127,NA,0.000968991453706769,7.68020949867292,0.0369015078921782,1.43295588706933,FALSE,FALSE,FALSE,TRUE,FALSE,"HBFSS"
"RT0_ZT6","NormEVS Rem","554694","-","upregulated",1.61580717772804,0.00122006236336408,0.166822908798869,0.080587779352268,1,0.959706110323866,0.963541394502842,0.000977948959651087,4.86306870447274,0.0369015078921782,1.43295588706933,FALSE,FALSE,FALSE,TRUE,FALSE,"HBFSS"
"RT0_ZT6","NormEVS Rem","302730","-","upregulated",1.2395452980213,0.00123451178671293,0.166822908798869,0.206394524907781,1,0.896802737546109,0.91032097616957,0.000989955854853397,3.72407027321298,0.0369015078921782,1.43295588706933,FALSE,FALSE,FALSE,TRUE,FALSE,"HBFSS"
"RT0_ZT6","NormEVS Rem","56077","Yif1a","upregulated",1.30495660654235,0.00124331708078352,0.166822908798869,0.173299498423321,1,0.91335025078834,0.924245366095962,0.00099727519719095,3.91641616968985,0.0369015078921782,1.43295588706933,FALSE,FALSE,FALSE,TRUE,FALSE,"HBFSS"
"RT0_ZT6","NormEVS Rem","81582","Ccdc57","upregulated",1.1027273770027,0.00126770301355335,0.167139143851655,0.311676055695576,1,0.844161972152212,0.863596867987196,0.00101755557724226,3.29984756420447,0.0369015078921782,1.43295588706933,FALSE,FALSE,FALSE,TRUE,FALSE,"HBFSS"
"RT0_ZT6","NormEVS Rem","286858","Arsb","upregulated",1.97317414198018,0.00129730578634006,0.167139143851655,0.0440888008804456,1,0.977955599559777,0.980056148561593,0.0010421934175584,5.88410725346739,0.0369015078921782,1.43295588706933,FALSE,FALSE,FALSE,TRUE,FALSE,"HBFSS"
"RT0_ZT6","NormEVS Rem","22728","Ate1","upregulated",0.975564048362698,0.00129898750864497,0.167139143851655,0.470984862680093,1,0.764507568659954,0.794047295036861,0.00104359369777907,2.9086135309001,0.0369015078921782,1.43295588706933,FALSE,FALSE,FALSE,TRUE,FALSE,"HBFSS"
"RT0_ZT6","NormEVS Rem","318803","Cdh23","upregulated",2.14372534757553,0.00130498066897038,0.167139143851655,0.0375372843197484,1,0.981231357840126,NA,0.00104858441350042,6.38700801633503,0.0369015078921782,1.43295588706933,FALSE,FALSE,FALSE,TRUE,FALSE,"HBFSS"
"RT0_ZT6","NormEVS Rem","407795","Shoc1","upregulated",1.3053386136746,0.00130844807302874,0.167139143851655,0.176731359084335,1,0.911634320457833,0.922937907816268,0.00105147222110569,3.88756232638613,0.0369015078921782,1.43295588706933,FALSE,FALSE,FALSE,TRUE,FALSE,"HBFSS"
"RT0_ZT6","NormEVS Rem","576453","-","upregulated",3.55083303065071,0.00132744899886945,0.167821201951436,0.0121867938541049,1,0.993906603072948,NA,0.00106730191946092,10.5520556465951,0.0369015078921782,1.43295588706933,FALSE,FALSE,FALSE,TRUE,FALSE,"HBFSS"
"RT0_ZT6","NormEVS Rem","253857","Wdr59","upregulated",1.35693893128654,0.00133704589711091,0.167821201951436,0.152432634135163,1,0.923783682932418,0.932491889493827,0.00107530022541935,4.0280328664397,0.0369015078921782,1.43295588706933,FALSE,FALSE,FALSE,TRUE,FALSE,"HBFSS"
"RT0_ZT6","NormEVS Rem","394998","Magi1","upregulated",1.66435757624598,0.00134410573645315,0.167821201951436,0.0756144766370917,1,0.962192761681454,0.965741106223611,0.00108118540380842,4.93665071728003,0.0369015078921782,1.43295588706933,FALSE,FALSE,FALSE,TRUE,FALSE,"HBFSS"
"RT0_ZT6","NormEVS Rem","436390","Rcc2","upregulated",1.632593540171,0.00137171893461276,0.169990780807309,0.0811360736138684,1,0.959431963193066,0.963414232679032,0.00110421480490164,4.82749164726637,0.0369015078921782,1.43295588706933,FALSE,FALSE,FALSE,TRUE,FALSE,"HBFSS"
"RT0_ZT6","NormEVS Rem","120069","Gigyf1","downregulated",-0.91939219179612,0.00138727574099989,0.170138167120651,0.5789389693897,1,0.71053051530515,0.749424402708419,0.00111719656773079,2.71392660358792,0.0369015078921782,1.43295588706933,FALSE,FALSE,FALSE,TRUE,FALSE,"HBFSS"
"RT0_ZT6","NormEVS Rem","287635","Nln","upregulated",1.07283488835439,0.00142297567330601,0.172481270298683,0.344582555736377,1,0.827708722131812,0.848892035321871,0.00114700702573378,3.15460009833364,0.0369015078921782,1.43295588706933,FALSE,FALSE,FALSE,TRUE,FALSE,"HBFSS"
"RT0_ZT6","NormEVS Rem","76422","Osbpl7","upregulated",0.75324228822627,0.00145536134069487,0.175128481330282,1,1,0.477112538791757,0.547042145583247,0.00117407333920827,2.20722947299562,0.0369015078921782,1.43295588706933,FALSE,FALSE,FALSE,TRUE,FALSE,"HBFSS"
"RT0_ZT6","NormEVS Rem","194654","Sfmbt1","upregulated",1.0357877768392,0.00148632682675502,0.177125032260929,0.375841156999328,1,0.812079421500336,0.835091747676353,0.00119997305871866,3.02535846313905,0.0369015078921782,1.43295588706933,FALSE,FALSE,FALSE,TRUE,FALSE,"HBFSS"
"RT0_ZT6","NormEVS Rem","364222","Sema3a","upregulated",1.39632766132561,0.00151218689695317,0.177125032260929,0.134248206294388,1,0.932875896852806,0.940582360952982,0.00122161750289029,4.06759289453638,0.0369015078921782,1.43295588706933,FALSE,FALSE,FALSE,TRUE,FALSE,"HBFSS"
"RT0_ZT6","NormEVS Rem","447587","Sipa1l1","upregulated",0.923135353180782,0.00155113614652644,0.177457503681797,0.567433320954384,1,0.716283339522808,0.754274185678378,0.00125424248151762,2.67858661292686,0.0369015078921782,1.43295588706933,FALSE,FALSE,FALSE,TRUE,FALSE,"HBFSS"
"RT0_ZT6","NormEVS Rem","86785","Gria1","upregulated",1.97520634362554,0.00155178537080533,0.177457503681797,0.0461948608253345,1,0.976902569587333,NA,0.00125478654208599,5.73092323366173,0.0369015078921782,1.43295588706933,FALSE,FALSE,FALSE,TRUE,FALSE,"HBFSS"
"RT0_ZT6","NormEVS Rem","402538","Rps20","upregulated",2.05088811550788,0.00155948293434797,0.177457503681797,0.0430741520324638,1,0.978462923983768,NA,0.00126123785028809,5.94594098609722,0.0369015078921782,1.43295588706933,FALSE,FALSE,FALSE,TRUE,FALSE,"HBFSS"
"RT0_ZT6","NormEVS Rem","286775","Homer1","upregulated",1.28573057239234,0.00168760245553695,0.184370568267411,0.17560349888319,1,0.912198250558405,0.92336571713118,0.00136877885384368,3.68190384178442,0.0369015078921782,1.43295588706933,FALSE,FALSE,FALSE,TRUE,FALSE,"HBFSS"
"RT0_ZT6","NormEVS Rem","45091","Igf1r","upregulated",1.33537260610013,0.00183846301943844,0.196964625166418,0.156067110213772,1,0.921966444893114,0.930945249349486,0.00149578414494278,3.77260264557725,0.0369015078921782,1.43295588706933,FALSE,FALSE,FALSE,TRUE,FALSE,"HBFSS"
"RT0_ZT6","NormEVS Rem","392281","Reep1","upregulated",1.11183571594848,0.00188121044557089,0.200252440122758,0.276713756319085,1,0.861643121840457,0.878865220465626,0.00153184158651842,3.12957976810298,0.0369015078921782,1.43295588706933,FALSE,FALSE,FALSE,TRUE,FALSE,"HBFSS"
"RT0_ZT6","NormEVS Rem","407671","Lpar1","upregulated",0.736060771723888,0.00190028141551129,0.20099409672599,1,1,0.476295150527097,0.546296738058472,0.00154793748417448,2.06851226857809,0.0369015078921782,1.43295588706933,FALSE,FALSE,FALSE,TRUE,FALSE,"HBFSS"
"RT0_ZT6","NormEVS Rem","262280","Set","downregulated",-1.12587914071601,0.00192308528386114,0.202118697618976,0.274332052435045,1,0.862833973782478,0.879942469437493,0.0015671915627844,3.15795353686367,0.0369015078921782,1.43295588706933,FALSE,FALSE,FALSE,TRUE,FALSE,"HBFSS"
"RT0_ZT6","NormEVS Rem","181947","-","upregulated",1.54341529778609,0.00197897705854262,0.206281740127243,0.0943654974710364,1,0.952817251264482,0.957508043886092,0.00161441738066981,4.3091910876547,0.0369015078921782,1.43295588706933,FALSE,FALSE,FALSE,TRUE,FALSE,"HBFSS"
"RT0_ZT6","NormEVS Rem","39594","Snrpd2","upregulated",1.62549080932695,0.00199665082539215,0.206281740127243,0.0836789805094269,1,0.958160509745287,0.962285431988963,0.00162936088472798,4.53184027783785,0.0369015078921782,1.43295588706933,FALSE,FALSE,FALSE,TRUE,FALSE,"HBFSS"
"RT0_ZT6","NormEVS Rem","489545","-","upregulated",1.42507409999165,0.0019999614693777,0.206281740127243,0.123576112350907,1,0.938211943824546,0.945157374623988,0.00163216062622973,3.972019406232,0.0369015078921782,1.43295588706933,FALSE,FALSE,FALSE,TRUE,FALSE,"HBFSS"
"RT0_ZT6","NormEVS Rem","475400","-","upregulated",1.19120005412809,0.00204452442856973,0.209576374449561,0.214771861508425,1,0.892614069245788,0.906491775546251,0.001669862662389,3.30834283601128,0.0369015078921782,1.43295588706933,FALSE,FALSE,FALSE,TRUE,FALSE,"HBFSS"
"RT0_ZT6","NormEVS Rem","82853","Glyr1","upregulated",0.576139552243078,0.00214256038998127,0.218278268932693,1,1,0.159130975596826,0.262508492344796,0.00175290797672956,1.58797938802037,0.0369015078921782,1.43295588706933,FALSE,FALSE,FALSE,TRUE,FALSE,"HBFSS"
"RT0_ZT6","NormEVS Rem","440675","Atraid","downregulated",-0.974328000270893,0.00219164654249025,0.218451830309208,0.426924184637829,1,0.786537907681085,0.813179109365756,0.00179454002003188,2.6755503379815,0.0369015078921782,1.43295588706933,FALSE,FALSE,FALSE,TRUE,FALSE,"HBFSS"
"RT0_ZT6","NormEVS Rem","26448","Osbp","upregulated",1.2301789262622,0.00220697552610383,0.218451830309208,0.188609033216975,1,0.905695483391512,0.918348788809897,0.00180754806758587,3.37427025678396,0.0369015078921782,1.43295588706933,FALSE,FALSE,FALSE,TRUE,FALSE,"HBFSS"
"RT0_ZT6","NormEVS Rem","62890","Parn","upregulated",1.30910152408496,0.00223742322614728,0.218785372656353,0.161841734898004,1,0.919079132550998,0.928604005231728,0.00183339531803739,3.58267558701833,0.0369015078921782,1.43295588706933,FALSE,FALSE,FALSE,TRUE,FALSE,"HBFSS"
"RT0_ZT6","NormEVS Rem","429458","Ak4","upregulated",1.17349256477346,0.00224208852156152,0.218785372656353,0.22274765885391,1,0.888626170573045,0.90272257327887,0.00183735683598973,3.21044857523906,0.0369015078921782,1.43295588706933,FALSE,FALSE,FALSE,TRUE,FALSE,"HBFSS"
"RT0_ZT6","NormEVS Rem","272852","Bbs7","downregulated",-1.08065710279533,0.00226919857998255,0.219083207088315,0.294854051568445,1,0.852572974215777,0.871246349746161,0.00186038306749126,2.95062358359194,0.0369015078921782,1.43295588706933,FALSE,FALSE,FALSE,TRUE,FALSE,"HBFSS"
"RT0_ZT6","NormEVS Rem","516399","Hhatl","downregulated",-0.660542355564384,0.00228398462998339,0.219101034877968,1,1,0.348434647849075,0.434346396898886,0.00187294592747245,1.80161260314852,0.0369015078921782,1.43295588706933,FALSE,FALSE,FALSE,TRUE,FALSE,"HBFSS"
"RT0_ZT6","NormEVS Rem","282462","Metap1","upregulated",0.88144648049641,0.00232195479209241,0.220333607299923,0.575416399419001,1,0.712291800290499,0.750797166289744,0.00190522030838425,2.39758272831766,0.0369015078921782,1.43295588706933,FALSE,FALSE,FALSE,TRUE,FALSE,"HBFSS"
"RT0_ZT6","NormEVS Rem","493488","-","upregulated",0.924458345307421,0.00257452833870463,0.240183244901848,0.477217780489769,1,0.761391109755116,0.791439644958691,0.00212037366794604,2.47162036663912,0.0369015078921782,1.43295588706933,FALSE,FALSE,FALSE,TRUE,FALSE,"HBFSS"
"RT0_ZT6","NormEVS Rem","463463","Lin52","upregulated",1.27722744014671,0.00260633945466244,0.240449294356247,0.15521158009127,1,0.922394209954365,0.931233227113124,0.00214752699906673,3.40772119048961,0.0369015078921782,1.43295588706933,FALSE,FALSE,FALSE,TRUE,FALSE,"HBFSS"
"RT0_ZT6","NormEVS Rem","490990","Nap1l1","downregulated",-0.704430097350181,0.00262943375624322,0.241239651691574,1,1,0.465139578625622,0.53754646325131,0.00216724726755135,1.87666626000588,0.0369015078921782,1.43295588706933,FALSE,FALSE,FALSE,TRUE,FALSE,"HBFSS"
"RT0_ZT6","NormEVS Rem","8278","Apoe","upregulated",1.48087341294614,0.00266934847904121,0.243556048587684,0.108705408053738,1,0.945647295973131,0.951473835073397,0.00220134510047609,3.93514249616135,0.0369015078921782,1.43295588706933,FALSE,FALSE,FALSE,TRUE,FALSE,"HBFSS"
"RT0_ZT6","NormEVS Rem","387385","Nup205","upregulated",1.66272587540819,0.00270182605381893,0.244116425380096,0.076401868901469,1,0.961799065549266,NA,0.00222910308848157,4.40933261183038,0.0369015078921782,1.43295588706933,FALSE,FALSE,FALSE,TRUE,FALSE,"HBFSS"
"RT0_ZT6","NormEVS Rem","347639","-","upregulated",0.972200177498429,0.00271092686053751,0.244116425380096,0.393034270460523,1,0.803482864769739,0.827554410702607,0.00223688352696305,2.57667718489456,0.0369015078921782,1.43295588706933,FALSE,FALSE,FALSE,TRUE,FALSE,"HBFSS"
"RT0_ZT6","NormEVS Rem","560954","Mageb5","upregulated",1.3038156476732,0.00274514179284346,0.244116425380096,0.1482985579732,1,0.9258507210134,0.934434009527121,0.0022661427973345,3.44821783738096,0.0369015078921782,1.43295588706933,FALSE,FALSE,FALSE,TRUE,FALSE,"HBFSS"
"RT0_ZT6","NormEVS Rem","558689","Tspyl2","upregulated",1.43135666681814,0.0027452269820512,0.244116425380096,0.119730289935246,1,0.940134855032377,0.946802478117713,0.00226621566414287,3.78550720603618,0.0369015078921782,1.43295588706933,FALSE,FALSE,FALSE,TRUE,FALSE,"HBFSS"
"RT0_ZT6","NormEVS Rem","412201","Scp2","upregulated",1.45895421431872,0.00277498841363212,0.245114136153058,0.100563019422144,1,0.949718490288928,0.954834720419775,0.00229167710900668,3.85141528325727,0.0369015078921782,1.43295588706933,FALSE,FALSE,FALSE,TRUE,FALSE,"HBFSS"
"RT0_ZT6","NormEVS Rem","107678","-","upregulated",1.60978894217864,0.00280724525298627,0.246651400376137,0.0785626234504553,1,0.960718688274772,NA,0.00231928443727547,4.24122397510308,0.0369015078921782,1.43295588706933,FALSE,FALSE,FALSE,TRUE,FALSE,"HBFSS"
"RT0_ZT6","NormEVS Rem","405587","-","upregulated",0.997642523290508,0.00287920751368843,0.251642736696369,0.354440189421159,1,0.822779905289421,0.844234737881008,0.00238091469690493,2.61707189885128,0.0369015078921782,1.43295588706933,FALSE,FALSE,FALSE,TRUE,FALSE,"HBFSS"
"RT0_ZT6","NormEVS Rem","269337","Ankrd33b","upregulated",0.565876369178245,0.00292716865508451,0.252756907984324,1,1,0.177702628294263,0.279027300004357,0.00242202044885165,1.48023196582654,0.0369015078921782,1.43295588706933,FALSE,FALSE,FALSE,TRUE,FALSE,"HBFSS"
"RT0_ZT6","NormEVS Rem","140719","Hnrnpu","downregulated",-0.59890737902872,0.00296805956021577,0.252756907984324,1,1,0.252116992774203,0.347432109029767,0.00245708556738844,1.56289654990884,0.0369015078921782,1.43295588706933,FALSE,FALSE,FALSE,TRUE,FALSE,"HBFSS"
"RT0_ZT6","NormEVS Rem","335041","Esf1","upregulated",0.877234732025496,0.00306147608490925,0.258065339421335,0.540028347574758,1,0.729985826212621,0.766232912874954,0.00253725724174525,2.27698161163921,0.0369015078921782,1.43295588706933,FALSE,FALSE,FALSE,TRUE,FALSE,"HBFSS"
"RT0_ZT6","NormEVS Rem","327044","-","upregulated",1.36181095278278,0.00314487742113084,0.262431328921099,0.128544110602794,1,0.935727944698603,0.942945839983227,0.0026089075732334,3.51829484821834,0.0369015078921782,1.43295588706933,FALSE,FALSE,FALSE,TRUE,FALSE,"HBFSS"
"RT0_ZT6","NormEVS Rem","9111","Map3k10","upregulated",1.20360237348794,0.00319394733312678,0.265193447069516,0.190865864363784,1,0.904567067818108,0.917347009313442,0.00265109546808051,3.10117134337649,0.0369015078921782,1.43295588706933,FALSE,FALSE,FALSE,TRUE,FALSE,"HBFSS"
"RT0_ZT6","NormEVS Rem","311274","Ank3","upregulated",0.577273402357209,0.00323748386778992,0.267470930888156,1,1,0.219225609272431,0.318218151059449,0.0026885453987775,1.48387125099656,0.0369015078921782,1.43295588706933,FALSE,FALSE,FALSE,TRUE,FALSE,"HBFSS"
"RT0_ZT6","NormEVS Rem","17086","Sec11a","upregulated",0.867047304439914,0.00325750346991863,0.267479112751813,0.544836600124183,1,0.727581699937908,0.764692464037718,0.00270577221060342,2.22632496580876,0.0369015078921782,1.43295588706933,FALSE,FALSE,FALSE,TRUE,FALSE,"HBFSS"
"RT0_ZT6","NormEVS Rem","328989","-","upregulated",1.28546273310086,0.00326979765678779,0.267479112751813,0.143094713627041,1,0.928452643186479,0.936915288937754,0.00271635319573682,3.29851506274194,0.0369015078921782,1.43295588706933,FALSE,FALSE,FALSE,TRUE,FALSE,"HBFSS"
"RT0_ZT6","NormEVS Rem","570244","-","upregulated",1.50460126368322,0.00330800714182228,0.269278267632847,0.0913186292101176,1,0.954340685394941,0.958743979852316,0.00274924719521441,3.85296216659748,0.0369015078921782,1.43295588706933,FALSE,FALSE,FALSE,TRUE,FALSE,"HBFSS"
"RT0_ZT6","NormEVS Rem","130992","Ube3b","upregulated",1.30832169732637,0.00341785666118012,0.273730368222295,0.132753274392586,1,0.933623362803707,0.941115402134848,0.0028438899691603,3.33110114089123,0.0369015078921782,1.43295588706933,FALSE,FALSE,FALSE,TRUE,FALSE,"HBFSS"
"RT0_ZT6","NormEVS Rem","389370","Ezh2","upregulated",0.755588448337074,0.00345136838848493,0.273730368222295,0.793800557313359,1,0.60309972134332,0.654937220251799,0.0028727843190095,1.92047687609491,0.0369015078921782,1.43295588706933,FALSE,FALSE,FALSE,TRUE,FALSE,"HBFSS"
"RT0_ZT6","NormEVS Rem","376552","Zfp9","downregulated",-0.989721200747512,0.0034616028740625,0.273730368222295,0.341476847410408,1,0.829261576294796,0.8503511171676,0.00288161065281467,2.51425280024098,0.0369015078921782,1.43295588706933,FALSE,FALSE,FALSE,TRUE,FALSE,"HBFSS"
"RT0_ZT6","NormEVS Rem","539062","Pard3b","upregulated",1.839180537632,0.00350354592711868,0.275410527669944,0.0527063003248084,1,0.973646849837596,NA,0.00291779248388035,4.66222260921808,0.0369015078921782,1.43295588706933,FALSE,FALSE,FALSE,TRUE,FALSE,"HBFSS"
"RT0_ZT6","NormEVS Rem","531125","-","upregulated",1.18024306842952,0.0035160202255828,0.275410527669944,0.177780240635027,1,0.911109879682486,0.922549951028678,0.00292855631872579,2.98996455176877,0.0369015078921782,1.43295588706933,FALSE,FALSE,FALSE,TRUE,FALSE,"HBFSS"
"RT0_ZT6","NormEVS Rem","470813","Timp3","upregulated",1.43493175103849,0.00361835120646765,0.28209549358968,0.115395394020235,1,0.942302302989882,NA,0.00301690666529209,3.61665669278134,0.0369015078921782,1.43295588706933,FALSE,FALSE,FALSE,TRUE,FALSE,"HBFSS"
"RT0_ZT6","NormEVS Rem","440093","Slc30a6","upregulated",1.22469249843206,0.00364740199165444,0.283031576978568,0.165633328571189,1,0.917183335714405,0.927118778843469,0.00304200479910732,3.08235519651023,0.0369015078921782,1.43295588706933,FALSE,FALSE,FALSE,TRUE,FALSE,"HBFSS"
"RT0_ZT6","NormEVS Rem","531507","Entpd3","downregulated",-0.978666052964564,0.00367000200825145,0.283460713251273,0.350704490761322,1,0.824647754619339,0.846018396917468,0.0030615347773395,2.46042596284345,0.0369015078921782,1.43295588706933,FALSE,FALSE,FALSE,TRUE,FALSE,"HBFSS"
"RT0_ZT6","NormEVS Rem","514166","Poc1a","upregulated",1.34566080459667,0.00382842922117988,0.290783504576911,0.121934027141446,1,0.939032986429277,0.945838622568394,0.00319855955427073,3.3574850140293,0.0369015078921782,1.43295588706933,FALSE,FALSE,FALSE,TRUE,FALSE,"HBFSS"
"RT0_ZT6","NormEVS Rem","178567","R3hcc1","downregulated",-0.862235424840079,0.00383485411913427,0.290783504576911,0.514715274306494,1,0.742642362846753,0.776398833885242,0.00320412080410137,2.15066616196873,0.0369015078921782,1.43295588706933,FALSE,FALSE,FALSE,TRUE,FALSE,"HBFSS"
"RT0_ZT6","NormEVS Rem","21931","Sult1a1","upregulated",1.12703785969723,0.003886537596392,0.293362924207661,0.218316687714761,1,0.890841656142619,0.904832482961218,0.00324886888095066,2.80437203338068,0.0369015078921782,1.43295588706933,FALSE,FALSE,FALSE,TRUE,FALSE,"HBFSS"
"RT0_ZT6","NormEVS Rem","151388","-","upregulated",1.09629765320229,0.00390973717226796,0.29377871259132,0.22478095194851,1,0.887609524025745,0.901970350176753,0.00326896220202721,2.72494659454903,0.0369015078921782,1.43295588706933,FALSE,FALSE,FALSE,TRUE,FALSE,"HBFSS"
"RT0_ZT6","NormEVS Rem","299776","Lrba","upregulated",0.863595444909896,0.00398130996083494,0.296473691522982,0.506419974855199,1,0.7467900125724,0.779308245407666,0.00333097850247421,2.13949568283896,0.0369015078921782,1.43295588706933,FALSE,FALSE,FALSE,TRUE,FALSE,"HBFSS"
"RT0_ZT6","NormEVS Rem","221913","Enkur","downregulated",-0.990797549606437,0.00406584075578186,0.299226951842804,0.303602996783878,1,0.848198501608061,0.867318818488393,0.00340427360463158,2.44526412003113,0.0369015078921782,1.43295588706933,FALSE,FALSE,FALSE,TRUE,FALSE,"HBFSS"
"RT0_ZT6","NormEVS Rem","61237","Borcs7","upregulated",1.06734282904586,0.00407920866154488,0.299226951842804,0.252724129525244,1,0.873637935237378,0.889294529058836,0.00341586965555374,2.63259971063935,0.0369015078921782,1.43295588706933,FALSE,FALSE,FALSE,TRUE,FALSE,"HBFSS"
"RT0_ZT6","NormEVS Rem","486900","Fgf22","upregulated",1.06095588091919,0.0040903599944789,0.299226951842804,0.253025449856358,1,0.873487275071821,0.889279750743319,0.00342554396259898,2.61554318673578,0.0369015078921782,1.43295588706933,FALSE,FALSE,FALSE,TRUE,FALSE,"HBFSS"
"RT0_ZT6","NormEVS Rem","35939","Scaf8","upregulated",1.36128518098451,0.00415531684572483,0.302645576930292,0.118020164463158,1,0.940989917768421,NA,0.00348191562650668,3.34628639780636,0.0369015078921782,1.43295588706933,FALSE,FALSE,FALSE,TRUE,FALSE,"HBFSS"
"RT0_ZT6","NormEVS Rem","305571","Tacr3","upregulated",0.586323524405926,0.00427394579127816,0.308438028198828,1,1,0.289045205787882,0.381461318147046,0.00358494607700233,1.43386436477638,0.0369015078921782,1.43295588706933,FALSE,FALSE,FALSE,TRUE,FALSE,"HBFSS"
"RT0_ZT6","NormEVS Rem","365229","Pon2","downregulated",-0.666119863813781,0.00430496795546348,0.308438028198828,1,1,0.473288799619861,0.543899092033239,0.00361190599810435,1.62684027063128,0.0369015078921782,1.43295588706933,FALSE,FALSE,FALSE,TRUE,FALSE,"HBFSS"
"RT0_ZT6","NormEVS Rem","466806","RGD1566401","downregulated",-0.916308995325213,0.00434501418439876,0.308438028198828,0.375985544067017,1,0.812007227966492,0.835091747676353,0.00364671849756726,2.23405090900702,0.0369015078921782,1.43295588706933,FALSE,FALSE,FALSE,TRUE,FALSE,"HBFSS"
"RT0_ZT6","NormEVS Rem","280905","LOC103691688","upregulated",1.03951061152508,0.00435432324113439,0.308438028198828,0.250493970696708,1,0.874753014651646,0.890152156364629,0.00365481256719358,2.53342758031147,0.0369015078921782,1.43295588706933,FALSE,FALSE,FALSE,TRUE,FALSE,"HBFSS"
"RT0_ZT6","NormEVS Rem","299055","-","upregulated",1.19609601037217,0.00435819477329231,0.308438028198828,0.160259410568936,1,0.919870294715532,0.929115937077757,0.00365817898060161,2.91456907162018,0.0369015078921782,1.43295588706933,FALSE,FALSE,FALSE,TRUE,FALSE,"HBFSS"
"RT0_ZT6","NormEVS Rem","251478","Rtbdn","upregulated",1.31640110269733,0.00441209704049977,0.310454590909064,0.10441430757008,1,0.94779284621496,0.953045392776496,0.00370505959467637,3.20044068242439,0.0369015078921782,1.43295588706933,FALSE,FALSE,FALSE,TRUE,FALSE,"HBFSS"
"RT0_ZT6","NormEVS Rem","316293","LOC120098917","upregulated",0.823618195347737,0.00463752137993994,0.319198224151819,0.501035311565751,1,0.749482344217125,0.781201151365697,0.00390133606210052,1.98392050363347,0.0369015078921782,1.43295588706933,FALSE,FALSE,FALSE,TRUE,FALSE,"HBFSS"
"RT0_ZT6","NormEVS Rem","418881","Rere","upregulated",1.70164422344311,0.0046402614298135,0.319198224151819,0.0632222963657687,1,0.968388851817116,NA,0.0039037239315014,4.09844568147405,0.0369015078921782,1.43295588706933,FALSE,FALSE,FALSE,TRUE,FALSE,"HBFSS"
"RT0_ZT6","NormEVS Rem","2485","Ccn2","upregulated",0.942590192715439,0.00464531232368688,0.319198224151819,0.332287303020282,1,0.833856348489859,0.854526148154339,0.00390812576141331,2.26978684677116,0.0369015078921782,1.43295588706933,FALSE,FALSE,FALSE,TRUE,FALSE,"HBFSS"
"RT0_ZT6","NormEVS Rem","88997","Gps2","upregulated",1.37050614548226,0.00467972131379468,0.319198224151819,0.107844566106656,1,0.946077716946672,0.951760302956362,0.00393811753395479,3.2956716509329,0.0369015078921782,1.43295588706933,FALSE,FALSE,FALSE,TRUE,FALSE,"HBFSS"
"RT0_ZT6","NormEVS Rem","124481","Arhgef18","upregulated",0.873935614050529,0.00481863827779413,0.325277671711582,0.419273176401446,1,0.790363411799277,0.816617179037152,0.00405928002748768,2.09006158127686,0.0369015078921782,1.43295588706933,FALSE,FALSE,FALSE,TRUE,FALSE,"HBFSS"
"RT0_ZT6","NormEVS Rem","17871","Ccdc81","upregulated",1.01860266008707,0.0048398163401329,0.325384575482781,0.267425488014349,1,0.866287255992825,0.882912834474198,0.00407776235352575,2.43403059683635,0.0369015078921782,1.43295588706933,FALSE,FALSE,FALSE,TRUE,FALSE,"HBFSS"
"RT0_ZT6","NormEVS Rem","532251","Dpp9","upregulated",1.01579470860042,0.00493318834394161,0.330324700159252,0.270001580861166,1,0.864999209569417,0.882012931143839,0.00415928308619051,2.41858842927569,0.0369015078921782,1.43295588706933,FALSE,FALSE,FALSE,TRUE,FALSE,"HBFSS"
"RT0_ZT6","NormEVS Rem","321765","Slc2a6","downregulated",-0.697503669296988,0.00498574446306406,0.331173090214567,0.852129196718997,1,0.573935401640501,0.630498830056467,0.00420519258790231,1.65741806058426,0.0369015078921782,1.43295588706933,FALSE,FALSE,FALSE,TRUE,FALSE,"HBFSS"
"RT0_ZT6","NormEVS Rem","68847","Rmnd5b","upregulated",0.843566515478907,0.00502986803295066,0.331452335536423,0.45785304060461,1,0.771073479697695,0.799595486487592,0.00424374920847548,2.00115091045444,0.0369015078921782,1.43295588706933,FALSE,FALSE,FALSE,TRUE,FALSE,"HBFSS"
"RT0_ZT6","NormEVS Rem","135876","Nek7","upregulated",0.621433537000092,0.0050945397391832,0.333436676928775,1,1,0.408077858708498,0.48739524101004,0.00430028305314956,1.47062430311118,0.0369015078921782,1.43295588706933,FALSE,FALSE,FALSE,TRUE,FALSE,"HBFSS"
"RT0_ZT6","NormEVS Rem","40781","Yif1b","upregulated",0.812817140500066,0.005429536176466,0.344093210982496,0.450035157181108,1,0.774982421409446,0.803521456610556,0.00459352513970757,1.90024772389674,0.0369015078921782,1.43295588706933,FALSE,FALSE,FALSE,TRUE,FALSE,"HBFSS"
"RT0_ZT6","NormEVS Rem","454366","Cgref1","downregulated",-0.822172217397393,0.00557438181935613,0.34669732019561,0.445536342710502,1,0.777231828644749,0.805470141949469,0.00472051749389357,1.9123811188554,0.0369015078921782,1.43295588706933,FALSE,FALSE,FALSE,TRUE,FALSE,"HBFSS"
"RT0_ZT6","NormEVS Rem","567749","Maob","upregulated",0.689262918350721,0.00562668779411621,0.346998420202815,0.784614104099902,1,0.607692947950049,0.658283637812557,0.00476640516794857,1.60033687700178,0.0369015078921782,1.43295588706933,FALSE,FALSE,FALSE,TRUE,FALSE,"HBFSS"
"RT0_ZT6","NormEVS Rem","512241","Tmed3","downregulated",-0.742923653907833,0.00563090358055569,0.346998420202815,0.616444695156568,1,0.691777652421716,0.732483648179389,0.00477010430605573,1.72467655303302,0.0369015078921782,1.43295588706933,FALSE,FALSE,FALSE,TRUE,FALSE,"HBFSS"
"RT0_ZT6","NormEVS Rem","17141","Cpeb1","upregulated",0.747194465364432,0.00564191096319162,0.346998420202815,0.555758329377887,1,0.722120835311056,0.759564137882741,0.0047797631848181,1.73393470932852,0.0369015078921782,1.43295588706933,FALSE,FALSE,FALSE,TRUE,FALSE,"HBFSS"
"RT0_ZT6","NormEVS Rem","521053","Usp2","downregulated",-0.73304028283883,0.00574096873100186,0.351500494846193,0.67151377472576,1,0.66424311263712,0.708150156968446,0.00486671524816051,1.69534922333017,0.0369015078921782,1.43295588706933,FALSE,FALSE,FALSE,TRUE,FALSE,"HBFSS"
"RT0_ZT6","NormEVS Rem","129363","Rsrc2","upregulated",0.894876894287837,0.00586133764432698,0.353280998694432,0.261947901504133,1,0.869026049247934,0.885289793151513,0.00497244521921392,2.0612862781156,0.0369015078921782,1.43295588706933,FALSE,FALSE,FALSE,TRUE,FALSE,"HBFSS"
"RT0_ZT6","NormEVS Rem","230606","Plxdc2","downregulated",-0.637461554691223,0.00594445237599721,0.355062115408652,0.981398811474348,1,0.509300594262826,0.573577841676686,0.00504549655704056,1.464310442158,0.0369015078921782,1.43295588706933,FALSE,FALSE,FALSE,TRUE,FALSE,"HBFSS"
"RT0_ZT6","NormEVS Rem","429646","-","upregulated",0.828715761813871,0.00600338889555929,0.355062115408652,0.379874835257463,1,0.810062582371269,0.833473372596269,0.00509731899274457,1.89996197618201,0.0369015078921782,1.43295588706933,FALSE,FALSE,FALSE,TRUE,FALSE,"HBFSS"
"RT0_ZT6","NormEVS Rem","567524","Rp2","upregulated",0.792551180807282,0.00600976418551707,0.355062115408652,0.496008752546995,1,0.751995623726503,0.78353333094793,0.00510292581491512,1.81667055630221,0.0369015078921782,1.43295588706933,FALSE,FALSE,FALSE,TRUE,FALSE,"HBFSS"
"RT0_ZT6","NormEVS Rem","350245","Lpcat4","upregulated",0.768086736085488,0.00604064070703972,0.355062115408652,0.459727540838815,1,0.770136229580593,0.798877219568117,0.00513008348940902,1.75882305023482,0.0369015078921782,1.43295588706933,FALSE,FALSE,FALSE,TRUE,FALSE,"HBFSS"
"RT0_ZT6","NormEVS Rem","439532","Tmem178a","upregulated",0.773840698489925,0.00610927715410028,0.357220621200666,0.395796811606291,1,0.802101594196854,0.826522734389313,0.00519047067632039,1.76806601080793,0.0369015078921782,1.43295588706933,FALSE,FALSE,FALSE,TRUE,FALSE,"HBFSS"
"RT0_ZT6","NormEVS Rem","523109","Rpp25","downregulated",-0.693676793640865,0.00619330490862001,0.359601473120783,0.73248680656457,1,0.633756596717715,0.681656197885742,0.00526443184666059,1.58064557998567,0.0369015078921782,1.43295588706933,FALSE,FALSE,FALSE,TRUE,FALSE,"HBFSS"
"RT0_ZT6","NormEVS Rem","53560","Fbrs","downregulated",-0.637545193469185,0.00628495452367889,0.361250932880243,0.955107038747995,1,0.522446480626002,0.585556007455224,0.00534514206473791,1.44852865793282,0.0369015078921782,1.43295588706933,FALSE,FALSE,FALSE,TRUE,FALSE,"HBFSS"
"RT0_ZT6","NormEVS Rem","379815","Sox5","upregulated",0.731438334656256,0.00633675431643378,0.36285566268517,0.571792836515951,1,0.714103581742025,0.752585446263134,0.00539077735143945,1.65915712600608,0.0369015078921782,1.43295588706933,FALSE,FALSE,FALSE,TRUE,FALSE,"HBFSS"
"RT0_ZT6","NormEVS Rem","322692","Garnl3","upregulated",0.655874657607786,0.00644174843720298,0.36428802928209,0.806037531189503,1,0.596981234405248,0.650238689867447,0.00548331668404822,1.48290418252574,0.0369015078921782,1.43295588706933,FALSE,FALSE,FALSE,TRUE,FALSE,"HBFSS"
"RT0_ZT6","NormEVS Rem","8292","Nectin2","downregulated",-0.738704069387046,0.00655122622447502,0.368118631422884,0.528662746608952,1,0.735668626695524,0.770789914555627,0.00557986434828162,1.66457828628262,0.0369015078921782,1.43295588706933,FALSE,FALSE,FALSE,TRUE,FALSE,"HBFSS"
"RT0_ZT6","NormEVS Rem","416701","C1qc","upregulated",0.7420973014393,0.00656167137788592,0.368118631422884,0.506072438908493,1,0.746963780545754,0.779308245407666,0.00558907883481163,1.67169273233405,0.0369015078921782,1.43295588706933,FALSE,FALSE,FALSE,TRUE,FALSE,"HBFSS"
"RT0_ZT6","NormEVS Rem","434606","Col16a1","downregulated",-0.693411041573514,0.00688137512497109,0.374662673197606,0.632059262301439,1,0.683970368849281,0.725864248468481,0.00587136033820856,1.54718119792735,0.0369015078921782,1.43295588706933,FALSE,FALSE,FALSE,TRUE,FALSE,"HBFSS"
"RT0_ZT6","NormEVS Rem","86020","RGD1310352","upregulated",0.687389040615024,0.00718445464427645,0.38159400818306,0.611309681447985,1,0.694345159276007,0.734725835151609,0.00613938991821783,1.52041848525839,0.0369015078921782,1.43295588706933,FALSE,FALSE,FALSE,TRUE,FALSE,"HBFSS"
"RT0_ZT6","RawEVS Lead","500103","Gpd1","upregulated",1.99415670906763,2.53041251263852e-09,1.666782722075e-05,0.00164488956848589,1,0.999177555215757,0.999332226663933,8.97564430291098e-06,10.06437802711,0.0195442803810726,1.70898031562737,TRUE,FALSE,FALSE,TRUE,TRUE,"Std+HBFSS"
"RT0_ZT6","RawEVS Lead","268475","-","upregulated",2.98411558509939,1.55631400107072e-07,0.000512572016252642,0.000286137716638287,1,0.999856931141681,0.999856931141681,9.27980589684463e-05,12.0333300378088,0.0195442803810726,1.70898031562737,TRUE,FALSE,FALSE,TRUE,TRUE,"Std+HBFSS"
"RT0_ZT6","RawEVS Lead","116400","-","upregulated",1.5605740193669,2.2560436306546e-05,0.0495351979837396,0.0620882246603121,1,0.968955887669844,0.969406006539929,0.00159005436415116,4.36740376560529,0.0195442803810726,1.70898031562737,TRUE,FALSE,FALSE,TRUE,TRUE,"Std+HBFSS"
"RT0_ZT6","RawEVS Lead","171529","Ramp3","downregulated",-0.860416234779068,0.000118641652627839,0.195373141464893,0.936229022820239,1,0.531885488589881,0.576100278241429,0.00413236904139613,2.05106099547162,0.0195442803810726,1.70898031562737,FALSE,FALSE,FALSE,TRUE,FALSE,"HBFSS"
"RT0_ZT6","RawEVS Lead","466749","RGD1566401","downregulated",-1.02998804630439,0.000196500923894126,0.258870317138122,0.46327127121998,1,0.76836436439001,0.784761643743891,0.00553024152068105,2.32494659595432,0.0195442803810726,1.70898031562737,FALSE,FALSE,FALSE,TRUE,FALSE,"HBFSS"
"RT0_ZT6","RawEVS Lead","257551","Prdx2","upregulated",1.51560290096748,0.00043654952292219,0.479258617914744,0.0958244849654247,1,0.952087757517288,0.953120390659931,0.00877962543090649,3.11687375879768,0.0195442803810726,1.70898031562737,FALSE,FALSE,FALSE,TRUE,FALSE,"HBFSS"
"RT0_ZT6","RawEVS Lead","358487","Ttpal","upregulated",1.19264402766952,0.000542044062012661,0.510063462353914,0.243323048471088,1,0.878338475764456,0.883947802478839,0.00995475046002925,2.38763711342695,0.0195442803810726,1.70898031562737,FALSE,FALSE,FALSE,TRUE,FALSE,"HBFSS"
"RT0_ZT6","RawEVS Lead","282293","Cisd2","upregulated",1.36824172467546,0.0010935716347746,0.683783591696401,0.141614243107471,1,0.929192878446265,0.931644194233599,0.0149743276108369,2.49656591550089,0.0195442803810726,1.70898031562737,FALSE,FALSE,FALSE,TRUE,FALSE,"HBFSS"
"RT0_ZT6","RawEVS Lead","570401","Klhl34","upregulated",1.36157660755178,0.00172598511722113,0.683783591696401,0.136987647263849,1,0.931506176368076,0.933818682003745,0.0195442803810726,2.32690762052469,0.0195442803810726,1.70898031562737,FALSE,FALSE,FALSE,TRUE,FALSE,"HBFSS"
"RT0_ZT6","RawEVS Lead","101579","-","upregulated",1.4862075699621,0.00189931086590714,0.683783591696401,0.102613270918404,1,0.948693364540798,0.950311291209007,0.0206689055984657,2.50378791167907,0.0195442803810726,1.70898031562737,FALSE,FALSE,FALSE,TRUE,FALSE,"HBFSS"
"RT0_ZT6","RawEVS Lead","40451","Ttc9b","upregulated",1.21234265277294,0.00215657084452258,0.683783591696401,0.19254715341422,1,0.90372642329289,0.907659944177734,0.0222636107832717,2.00328033257051,0.0195442803810726,1.70898031562737,FALSE,FALSE,FALSE,TRUE,FALSE,"HBFSS"
"RT0_ZT6","RawEVS Lead","88204","Arhgap44","upregulated",1.68942392557364,0.00234108124954384,0.683783591696401,0.0725124768926584,1,0.963743761553671,NA,0.0233598804418191,2.75634477714006,0.0195442803810726,1.70898031562737,FALSE,FALSE,FALSE,TRUE,FALSE,"HBFSS"
"RT0_ZT6","RawEVS Lead","15145","LOC102548165","upregulated",1.29265306005673,0.00236847359179494,0.683783591696401,0.15138460283989,1,0.924307698580055,0.927033846713091,0.0235195825004881,2.10517650041558,0.0195442803810726,1.70898031562737,FALSE,FALSE,FALSE,TRUE,FALSE,"HBFSS"
"RT0_ZT6","RawEVS Lead","390593","Herc3","upregulated",1.54921881433714,0.00246513446763509,0.683783591696401,0.0845500749036952,1,0.957724962548152,0.958615179399475,0.0240772167140366,2.50724599728402,0.0195442803810726,1.70898031562737,FALSE,FALSE,FALSE,TRUE,FALSE,"HBFSS"
"RT0_ZT6","RawEVS Lead","316126","Cdkn1a","upregulated",1.0864337867978,0.00250557125703795,0.683783591696401,0.255460943497441,1,0.872269528251279,0.87838737874556,0.0243078474332266,1.75377954083574,0.0195442803810726,1.70898031562737,FALSE,FALSE,FALSE,TRUE,FALSE,"HBFSS"
"RT0_ZT6","RawEVS Lead","365961","-","upregulated",1.45128330099706,0.00304076824861893,0.683783591696401,0.0959485019488413,1,0.952025749025579,0.953120390659931,0.0272299229857467,2.27119100760673,0.0195442803810726,1.70898031562737,FALSE,FALSE,FALSE,TRUE,FALSE,"HBFSS"
"RT0_ZT6","RawEVS Rem","11310","Prmt1","upregulated",2.97468100661213,8.88083682351642e-16,1.4779488641696e-11,5.85246725730816e-08,0.000484623305353498,0.999999970737664,0.999999999825984,2.22044604925031e-16,46.5643469471533,0.0620391746763378,1.20733398835515,TRUE,TRUE,FALSE,TRUE,TRUE,"Std+Strong+HBFSS"
"RT0_ZT6","RawEVS Rem","165045","Slc4a4","upregulated",9.16172146644635,5.14172151541872e-13,4.27842647297991e-09,3.48032800346334e-10,8.64583082620362e-06,0.999999999825984,0.999999999825984,4.9737991503207e-14,121.88123689154,0.0620391746763378,1.20733398835515,TRUE,TRUE,FALSE,TRUE,TRUE,"Std+Strong+HBFSS"
"RT0_ZT6","RawEVS Rem","481724","Kdelr3","upregulated",10.1261291185527,1.00210659381347e-10,5.55901931141458e-07,1.1001441878568e-08,0.000136648909573693,0.999999994499279,0.999999999825984,1.52655665885959e-11,109.527119474655,0.0620391746763378,1.20733398835515,TRUE,TRUE,FALSE,TRUE,TRUE,"Std+Strong+HBFSS"
"RT0_ZT6","RawEVS Rem","115564","Tmem44","downregulated",-2.50857083021235,7.10233945836237e-08,0.000295492833165166,0.000680831739028895,1,0.999659584130486,0.999999999825984,1.90057845017577e-08,19.368961857147,0.0620391746763378,1.20733398835515,TRUE,FALSE,FALSE,TRUE,TRUE,"Std+HBFSS"
"RT0_ZT6","RawEVS Rem","309239","Pacsin1","upregulated",2.34485302858853,1.08461294540406e-06,0.0030083547729024,0.00283837315610924,1,0.998580813421945,0.999747896950307,3.66126008843892e-07,15.0923403243883,0.0620391746763378,1.20733398835515,TRUE,FALSE,FALSE,TRUE,TRUE,"Std+HBFSS"
"RT0_ZT6","RawEVS Rem","18017","Dlg2","upregulated",7.52795291206849,1.51126270153609e-06,0.00359291912556623,4.7324915523309e-05,0.235129110286008,0.999976337542238,0.999999999825984,5.24720475292284e-07,47.2760862154958,0.0620391746763378,1.20733398835515,TRUE,FALSE,FALSE,TRUE,TRUE,"Std+HBFSS"
"RT0_ZT6","RawEVS Rem","41106","-","upregulated",2.42865252386528,2.6252218268763e-06,0.0052216282252682,0.00310596729018613,1,0.998447016354907,0.999747896950307,9.55197263508012e-07,14.6202621599482,0.0620391746763378,1.20733398835515,TRUE,FALSE,FALSE,TRUE,TRUE,"Std+HBFSS"
"RT0_ZT6","RawEVS Rem","377869","Tpi1","downregulated",-2.26458029478331,2.82385855230224e-06,0.0052216282252682,0.00472392080330556,1,0.997638039598347,0.999291960280733,1.03384179950261e-06,13.5547493275352,0.0620391746763378,1.20733398835515,TRUE,FALSE,FALSE,TRUE,TRUE,"Std+HBFSS"
"RT0_ZT6","RawEVS Rem","500532","Nr4a1","upregulated",1.49133520190224,4.48528225569396e-06,0.00746440672992589,0.0674840981993606,1,0.96625795090032,0.97878731105308,1.70771071061893e-06,8.60140358098563,0.0620391746763378,1.20733398835515,TRUE,FALSE,FALSE,TRUE,TRUE,"Std+HBFSS"
"RT0_ZT6","RawEVS Rem","172009","Vstm2a","upregulated",7.04519611960669,1.81827702511789e-05,0.0232767432707784,0.000324415388736751,0.966721785407019,0.999837792305632,0.999999999825984,7.79101350101286e-06,35.9897224319656,0.0620391746763378,1.20733398835515,TRUE,FALSE,FALSE,TRUE,TRUE,"Std+HBFSS"
"RT0_ZT6","RawEVS Rem","481721","Kcnj4","upregulated",7.03099147066753,2.01837470926489e-05,0.0239927085082759,0.000350233317311938,0.966721785407019,0.999824883341344,0.999999999825984,8.72473949908859e-06,35.57152624002,0.0620391746763378,1.20733398835515,TRUE,FALSE,FALSE,TRUE,TRUE,"Std+HBFSS"
"RT0_ZT6","RawEVS Rem","150983","-","upregulated",2.62263035114514,2.38071168770106e-05,0.0264132026044807,0.00490809004906569,1,0.997545954975467,0.999275640691179,1.04349459062458e-05,13.0646587905872,0.0620391746763378,1.20733398835515,TRUE,FALSE,FALSE,TRUE,TRUE,"Std+HBFSS"
"RT0_ZT6","RawEVS Rem","378536","Rhno1","upregulated",1.99539779108649,2.9974984545313e-05,0.0282954059970682,0.0183587590789575,1,0.990820620460521,0.994463490504637,1.33953225558425e-05,9.72366686893558,0.0620391746763378,1.20733398835515,TRUE,FALSE,FALSE,TRUE,TRUE,"Std+HBFSS"
"RT0_ZT6","RawEVS Rem","120197","-","downregulated",-1.45098266694015,3.3154151341272e-05,0.0282954059970682,0.0963838196244159,1,0.951808090187792,0.96968571917836,1.49420364361497e-05,7.0018477508681,0.0620391746763378,1.20733398835515,TRUE,FALSE,FALSE,TRUE,TRUE,"Std+HBFSS"
"RT0_ZT6","RawEVS Rem","206366","-","upregulated",3.22803450599817,3.43382866511712e-05,0.0282954059970682,0.00238196062941212,1,0.998809019685294,0.999815193900233,1.55213832553347e-05,15.5238425373292,0.0620391746763378,1.20733398835515,TRUE,FALSE,FALSE,TRUE,TRUE,"Std+HBFSS"
"RT0_ZT6","RawEVS Rem","468062","Tedc1","upregulated",1.56974690065111,3.46928240637599e-05,0.0282954059970682,0.0637249177567039,1,0.968137541121648,0.979732475009939,1.56951712355635e-05,7.54143134006625,0.0620391746763378,1.20733398835515,TRUE,FALSE,FALSE,TRUE,TRUE,"Std+HBFSS"
"RT0_ZT6","RawEVS Rem","544013","Myl12a","upregulated",4.236558028354,3.57050550377618e-05,0.0282954059970682,0.00104771823434778,1,0.999476140882826,0.999999999825984,1.61921620513983e-05,20.2960580346862,0.0620391746763378,1.20733398835515,TRUE,FALSE,FALSE,TRUE,TRUE,"Std+HBFSS"
"RT0_ZT6","RawEVS Rem","294917","LOC103691527","downregulated",-4.05598142940771,4.08285797067219e-05,0.030884964703603,0.00130279866464462,1,0.999348600667678,0.999999999825984,1.87252370222879e-05,19.1749469813902,0.0620391746763378,1.20733398835515,TRUE,FALSE,FALSE,TRUE,TRUE,"Std+HBFSS"
"RT0_ZT6","RawEVS Rem","4123","Rgs17","upregulated",1.4520639320671,4.37413948992536e-05,0.0310195516728379,0.0993518876178448,1,0.950324056191078,0.968889034059704,2.01774635024687e-05,6.81763390933804,0.0620391746763378,1.20733398835515,TRUE,FALSE,FALSE,TRUE,TRUE,"Std+HBFSS"
"RT0_ZT6","RawEVS Rem","146436","Camsap2","upregulated",1.52878137674829,4.47343612635566e-05,0.0310195516728379,0.076113833074636,1,0.961943083462682,0.975689616175892,2.06743987882785e-05,7.1616789572403,0.0620391746763378,1.20733398835515,TRUE,FALSE,FALSE,TRUE,TRUE,"Std+HBFSS"
"RT0_ZT6","RawEVS Rem","346199","Itga6","upregulated",6.62459213511935,5.55193596755969e-05,0.0329983279900458,0.000811338468912193,1,0.999594330765544,0.999999999825984,2.61276222874862e-05,30.3598440308116,0.0620391746763378,1.20733398835515,TRUE,FALSE,FALSE,TRUE,TRUE,"Std+HBFSS"
"RT0_ZT6","RawEVS Rem","382119","Magi2","upregulated",1.2796458151075,5.83932153061578e-05,0.0335096513491406,0.188917066109999,1,0.905541466945,0.943966005014854,2.75965071205864e-05,5.83409194957371,0.0620391746763378,1.20733398835515,TRUE,FALSE,FALSE,TRUE,TRUE,"Std+HBFSS"
"RT0_ZT6","RawEVS Rem","427784","-","upregulated",6.15433416634303,8.55231739938292e-05,0.0448159975719785,0.00130398856666298,1,0.999348005716668,0.999999999825984,4.17296678347778e-05,26.9532454143942,0.0620391746763378,1.20733398835515,TRUE,FALSE,FALSE,TRUE,TRUE,"Std+HBFSS"
"RT0_ZT6","RawEVS Rem","564193","-","upregulated",6.51087358504192,9.1247142059166e-05,0.0448159975719785,0.00117634340700152,1,0.999411828296499,0.999999999825984,4.47643621199756e-05,28.3162293544849,0.0620391746763378,1.20733398835515,TRUE,FALSE,FALSE,TRUE,TRUE,"Std+HBFSS"
"RT0_ZT6","RawEVS Rem","95337","Arf2","downregulated",-1.772049998995,9.13006078425014e-05,0.0448159975719785,0.0416547589320694,1,0.979172620533965,0.986719383388965,4.47927845597107e-05,7.70627675050004,0.0620391746763378,1.20733398835515,TRUE,FALSE,FALSE,TRUE,TRUE,"Std+HBFSS"
"RT0_ZT6","RawEVS Rem","483140","Mapk12","downregulated",-2.44955049228571,9.27802598834891e-05,0.0448159975719785,0.0106230923546296,1,0.994688453822685,0.99745895006108,4.55799150942404e-05,10.634053481181,0.0620391746763378,1.20733398835515,TRUE,FALSE,FALSE,TRUE,TRUE,"Std+HBFSS"
"RT0_ZT6","RawEVS Rem","250313","-","upregulated",1.4304863942001,9.42530894735758e-05,0.0448159975719785,0.113487263077856,1,0.943256368461072,0.964533411760515,4.63644538415409e-05,6.19946318034086,0.0620391746763378,1.20733398835515,TRUE,FALSE,FALSE,TRUE,TRUE,"Std+HBFSS"
"RT0_ZT6","RawEVS Rem","286775","Homer1","upregulated",1.43180903018211,9.8958320585735e-05,0.0455627294452574,0.112758656924169,1,0.943620671537915,0.964747087099551,4.88775755946858e-05,6.17237172255922,0.0620391746763378,1.20733398835515,TRUE,FALSE,FALSE,TRUE,TRUE,"Std+HBFSS"
"RT0_ZT6","RawEVS Rem","408806","-","upregulated",6.44177093421589,0.000101299182158065,0.0455627294452574,0.00129263876782753,1,0.999353680616086,0.999999999825984,5.01315945966585e-05,27.6988966374943,0.0620391746763378,1.20733398835515,TRUE,FALSE,FALSE,TRUE,TRUE,"Std+HBFSS"
"RT0_ZT6","RawEVS Rem","554403","-","upregulated",6.05354757914364,0.000108771906735175,0.0464149249201738,0.00158441727932559,1,0.999207791360337,0.999999999825984,5.4150687126775e-05,25.8268313480038,0.0620391746763378,1.20733398835515,TRUE,FALSE,FALSE,TRUE,TRUE,"Std+HBFSS"
"RT0_ZT6","RawEVS Rem","320100","-","upregulated",2.92141772935953,0.000118696834668532,0.0484384874893102,0.00637154429812575,1,0.996814227850937,0.99868158804676,5.95240198522085e-05,12.3438889644996,0.0620391746763378,1.20733398835515,TRUE,FALSE,FALSE,TRUE,TRUE,"Std+HBFSS"
"RT0_ZT6","RawEVS Rem","332173","Mapkbp1","upregulated",1.1127391583,0.000119335295460985,0.0484384874893102,0.362561165694146,1,0.818719417152927,0.894516768303339,5.9870994954192e-05,4.6988565847999,0.0620391746763378,1.20733398835515,TRUE,FALSE,FALSE,TRUE,TRUE,"Std+HBFSS"
"RT0_ZT6","RawEVS Rem","43356","-","upregulated",3.9878654242038,0.000143014199697592,0.0553498211945891,0.00284968727820364,1,0.998575156360898,0.999747896950307,7.28424004878825e-05,16.5002547907217,0.0620391746763378,1.20733398835515,TRUE,FALSE,FALSE,TRUE,TRUE,"Std+HBFSS"
"RT0_ZT6","RawEVS Rem","301340","Rfx5","downregulated",-1.33073688969244,0.000159511937329956,0.0603317650237527,0.160467063970254,1,0.919766468014873,0.951163042145761,8.19879790874278e-05,5.43772337375357,0.0620391746763378,1.20733398835515,TRUE,FALSE,FALSE,TRUE,TRUE,"Std+HBFSS"
"RT0_ZT6","RawEVS Rem","92794","-","upregulated",1.93762564903484,0.000186466447016302,0.0669824630212068,0.0333808360429855,1,0.983309581978507,0.989202909026892,9.70968022055985e-05,7.77529465766493,0.0620391746763378,1.20733398835515,TRUE,FALSE,FALSE,TRUE,TRUE,"Std+HBFSS"
"RT0_ZT6","RawEVS Rem","29346","Opalin","downregulated",-1.61957302718328,0.000189059869241411,0.0669824630212068,0.0686011794877887,1,0.965699410256106,0.978301311050574,9.85605042809201e-05,6.48849069470976,0.0620391746763378,1.20733398835515,TRUE,FALSE,FALSE,TRUE,TRUE,"Std+HBFSS"
"RT0_ZT6","RawEVS Rem","39530","Rsph6a","upregulated",1.22128489931574,0.000227602972868277,0.0757553734894773,0.235417276980747,1,0.882291361509627,0.93140753028311,0.000120499368879257,4.78623411780238,0.0620391746763378,1.20733398835515,TRUE,FALSE,FALSE,TRUE,TRUE,"Std+HBFSS"
"RT0_ZT6","RawEVS Rem","448449","-","upregulated",1.38829190196185,0.000266323093708033,0.0806820628507661,0.13900912119273,1,0.930495439403635,0.957395945396997,0.000142851753605511,5.33814121692676,0.0620391746763378,1.20733398835515,TRUE,FALSE,FALSE,TRUE,TRUE,"Std+HBFSS"
"RT0_ZT6","RawEVS Rem","347497","-","upregulated",1.93697024241343,0.000266645442662669,0.0806820628507661,0.0344388097902086,1,0.982780595104896,0.989071282757892,0.0001430390268502,7.44677013847627,0.0620391746763378,1.20733398835515,TRUE,FALSE,FALSE,TRUE,TRUE,"Std+HBFSS"
"RT0_ZT6","RawEVS Rem","157979","Anapc4","upregulated",1.31670460412281,0.000288462891256498,0.0853193204655529,0.16910127449493,1,0.915449362752535,0.948899610076924,0.000155756587809419,5.01342332338346,0.0620391746763378,1.20733398835515,TRUE,FALSE,FALSE,TRUE,TRUE,"Std+HBFSS"
"RT0_ZT6","RawEVS Rem","110961","-","upregulated",1.61013869258169,0.0003632454537349,0.0984158217685042,0.075165906494822,1,0.962417046752589,0.975931270937538,0.000199921956994586,5.95612764729196,0.0620391746763378,1.20733398835515,TRUE,FALSE,FALSE,TRUE,TRUE,"Std+HBFSS"
"RT0_ZT6","RawEVS Rem","28816","Cpeb3","upregulated",1.11754960041386,0.000401096292762816,0.105020255355022,0.332006309649676,1,0.833996845175162,0.902386971380973,0.000222574585330371,4.08187721397104,0.0620391746763378,1.20733398835515,FALSE,FALSE,FALSE,TRUE,FALSE,"HBFSS"
"RT0_ZT6","RawEVS Rem","240855","-","upregulated",2.40841534525988,0.00040387551632745,0.105020255355022,0.0186384421741094,1,0.990680778912945,0.994363309485066,0.000224245025338465,8.78897516564434,0.0620391746763378,1.20733398835515,FALSE,FALSE,FALSE,TRUE,FALSE,"HBFSS"
"RT0_ZT6","RawEVS Rem","50319","Lrrc51","upregulated",3.11299829048497,0.000421913000651241,0.106386002376333,0.00923265466314909,1,0.995383672668425,0.997874140291728,0.000235109103316589,11.2962320139299,0.0620391746763378,1.20733398835515,FALSE,FALSE,FALSE,TRUE,FALSE,"HBFSS"
"RT0_ZT6","RawEVS Rem","83860","-","downregulated",-1.8582141931639,0.000441544730182683,0.108145968982751,0.0461204498298687,1,0.976939775085066,0.985228672620598,0.000246976849452185,6.70321736280166,0.0620391746763378,1.20733398835515,FALSE,FALSE,FALSE,TRUE,FALSE,"HBFSS"
"RT0_ZT6","RawEVS Rem","160204","-","upregulated",1.16296559575648,0.000454055111961914,0.109512828598118,0.280398637361449,1,0.859800681319276,0.917647728361121,0.000254562394546243,4.17993763420259,0.0620391746763378,1.20733398835515,FALSE,FALSE,FALSE,TRUE,FALSE,"HBFSS"
"RT0_ZT6","RawEVS Rem","299999","Gpatch4","upregulated",3.45525632720568,0.000508245139676874,0.11912979738736,0.00781364884330548,1,0.996093175578347,0.998207320069349,0.00028761322028803,12.2357231450689,0.0620391746763378,1.20733398835515,FALSE,FALSE,FALSE,TRUE,FALSE,"HBFSS"
"RT0_ZT6","RawEVS Rem","43242","Gas2","upregulated",2.28695376281205,0.000636540468442488,0.143869655665858,0.0245214092554845,1,0.987739295372258,0.992413329651674,0.000366974893599048,7.85651781860377,0.0620391746763378,1.20733398835515,FALSE,FALSE,FALSE,TRUE,FALSE,"HBFSS"
"RT0_ZT6","RawEVS Rem","351649","Pdia3","upregulated",3.04491879616422,0.000671443225933722,0.143869655665858,0.0116233004440284,1,0.994188349777986,0.997118453921625,0.00038880561325505,10.3839875306612,0.0620391746763378,1.20733398835515,FALSE,FALSE,FALSE,TRUE,FALSE,"HBFSS"
"RT0_ZT6","RawEVS Rem","203018","Ppif","upregulated",1.23508001659708,0.000677937435371975,0.143869655665858,0.217325906402724,1,0.891337046798638,0.936473729496191,0.000392877975373462,4.20636427731903,0.0620391746763378,1.20733398835515,FALSE,FALSE,FALSE,TRUE,FALSE,"HBFSS"
"RT0_ZT6","RawEVS Rem","68622","Canx","downregulated",-1.30512661937647,0.000688570214470789,0.143869655665858,0.177858127852093,1,0.911070936073953,0.946669089701202,0.000399552419205973,4.43537654384395,0.0620391746763378,1.20733398835515,FALSE,FALSE,FALSE,TRUE,FALSE,"HBFSS"
"RT0_ZT6","RawEVS Rem","430946","Mrpl37","upregulated",1.80950844222965,0.000691597912106037,0.143869655665858,0.054981109178402,1,0.972509445410799,0.982595666120107,0.000401454525098766,6.14574868390961,0.0620391746763378,1.20733398835515,FALSE,FALSE,FALSE,TRUE,FALSE,"HBFSS"
"RT0_ZT6","RawEVS Rem","63358","Gspt1","upregulated",1.09465091990985,0.000708211322270382,0.145506825002762,0.344825989081192,1,0.827587005459404,0.899361872818376,0.000411903711512007,3.70561699534071,0.0620391746763378,1.20733398835515,FALSE,FALSE,FALSE,TRUE,FALSE,"HBFSS"
"RT0_ZT6","RawEVS Rem","450281","Yy1","downregulated",-1.59095050011416,0.000731455230671539,0.148449731083363,0.0867134931291781,1,0.956643253435411,0.972182044283369,0.000426556823431845,5.36153994659444,0.0620391746763378,1.20733398835515,FALSE,FALSE,FALSE,TRUE,FALSE,"HBFSS"
"RT0_ZT6","RawEVS Rem","399295","Klra2","upregulated",3.47652091095021,0.00074835402306979,0.149972072169697,0.00912861642584533,1,0.995435691787077,0.997886019747975,0.000437233943006321,11.6786284789003,0.0620391746763378,1.20733398835515,FALSE,FALSE,FALSE,TRUE,FALSE,"HBFSS"
"RT0_ZT6","RawEVS Rem","561737","-","upregulated",2.83592498383707,0.000756979573504059,0.149972072169697,0.014315288840658,1,0.992842355579671,0.996049987776035,0.000442691435949216,9.51140562577358,0.0620391746763378,1.20733398835515,FALSE,FALSE,FALSE,TRUE,FALSE,"HBFSS"
"RT0_ZT6","RawEVS Rem","89672","Ankfy1","upregulated",2.62661411833283,0.000833491109703701,0.160184747211528,0.0178438336644886,1,0.991078083167756,0.994561169139705,0.000491318046920153,8.69051340055171,0.0620391746763378,1.20733398835515,FALSE,FALSE,FALSE,TRUE,FALSE,"HBFSS"
"RT0_ZT6","RawEVS Rem","89770","Camkk1","upregulated",1.66965025492759,0.000911351477254233,0.166667156972142,0.0710543845654895,1,0.964472807717255,0.977408499111005,0.000541177971377094,5.4541795175164,0.0620391746763378,1.20733398835515,FALSE,FALSE,FALSE,TRUE,FALSE,"HBFSS"
"RT0_ZT6","RawEVS Rem","379599","Slco1c1","upregulated",1.41149405775416,0.0010293451959192,0.183615679942848,0.130984775227461,1,0.934507612386269,0.959842805207519,0.000617395463499149,4.53010064158147,0.0620391746763378,1.20733398835515,FALSE,FALSE,FALSE,TRUE,FALSE,"HBFSS"
"RT0_ZT6","RawEVS Rem","59411","Cstf2t","upregulated",1.11156228204989,0.00113020840031552,0.188083872861433,0.30510806701075,1,0.847445966494625,0.911292748078834,0.000683118715257836,3.51865464580498,0.0620391746763378,1.20733398835515,FALSE,FALSE,FALSE,TRUE,FALSE,"HBFSS"
"RT0_ZT6","RawEVS Rem","156831","Rhoh","upregulated",1.42759585710287,0.00114393946889229,0.188083872861433,0.126061456292981,1,0.93696927185351,0.961175003731272,0.000692103978680469,4.51095829579731,0.0620391746763378,1.20733398835515,FALSE,FALSE,FALSE,TRUE,FALSE,"HBFSS"
"RT0_ZT6","RawEVS Rem","558937","Frmpd4","upregulated",1.31457793461329,0.00115652050206769,0.188083872861433,0.163164222660779,1,0.91841788866961,0.950322275505267,0.000700344401212138,4.14708368089358,0.0620391746763378,1.20733398835515,FALSE,FALSE,FALSE,TRUE,FALSE,"HBFSS"
"RT0_ZT6","RawEVS Rem","313274","Fam184a","upregulated",1.28447325975064,0.00116339896889027,0.188083872861433,0.185966488757061,1,0.90701675562147,0.94447340278784,0.00070485280360244,4.04853328207939,0.0620391746763378,1.20733398835515,FALSE,FALSE,FALSE,TRUE,FALSE,"HBFSS"
"RT0_ZT6","RawEVS Rem","451082","-","upregulated",1.29187855377789,0.00121417446429118,0.192440870806988,0.178068332848394,1,0.910965833575803,0.94666842887081,0.000738199303189857,4.04593932037667,0.0620391746763378,1.20733398835515,FALSE,FALSE,FALSE,TRUE,FALSE,"HBFSS"
"RT0_ZT6","RawEVS Rem","287258","LOC120100676","upregulated",1.58678702716658,0.00124413443670293,0.19532910656236,0.0880077639719737,1,0.955996118014013,0.971919605635527,0.000757928930057661,4.95136504097152,0.0620391746763378,1.20733398835515,FALSE,FALSE,FALSE,TRUE,FALSE,"HBFSS"
"RT0_ZT6","RawEVS Rem","345055","Scn2a","upregulated",1.74964180774867,0.00127259917833208,0.196098106720394,0.0649431896851675,1,0.967528405157416,0.979395323781449,0.000776709739857218,5.44093330018959,0.0620391746763378,1.20733398835515,FALSE,FALSE,FALSE,TRUE,FALSE,"HBFSS"
"RT0_ZT6","RawEVS Rem","120069","Gigyf1","downregulated",-0.953277609353014,0.0014098539158281,0.207813514284695,0.508840401982716,1,0.745579799008642,0.862962800692001,0.000867737033245053,2.918566041675,0.0620391746763378,1.20733398835515,FALSE,FALSE,FALSE,TRUE,FALSE,"HBFSS"
"RT0_ZT6","RawEVS Rem","208647","Fam149a","upregulated",2.42464066136673,0.00143833942973351,0.208505902526048,0.0259378482812684,1,0.987031075859366,0.991822101225563,0.000886721424811387,7.40051925731899,0.0620391746763378,1.20733398835515,FALSE,FALSE,FALSE,TRUE,FALSE,"HBFSS"
"RT0_ZT6","RawEVS Rem","17928","Ccdc83","upregulated",2.36095933001363,0.00144082314568535,0.208505902526048,0.0266805472019549,1,0.986659726399023,0.991589972260188,0.000888378172432258,7.20423630640652,0.0620391746763378,1.20733398835515,FALSE,FALSE,FALSE,TRUE,FALSE,"HBFSS"
"RT0_ZT6","RawEVS Rem","472630","-","upregulated",1.78853573613116,0.00147466227010034,0.20975495298299,0.0640885710208493,1,0.967955714489575,0.979668195532696,0.00091097329631884,5.43803280668174,0.0620391746763378,1.20733398835515,FALSE,FALSE,FALSE,TRUE,FALSE,"HBFSS"
"RT0_ZT6","RawEVS Rem","291763","Ankh","upregulated",2.92678822369372,0.00158050724190638,0.21919001266505,0.0188819850198349,1,0.990559007490083,0.99434919631017,0.000981916208290912,8.80356113925025,0.0620391746763378,1.20733398835515,FALSE,FALSE,FALSE,TRUE,FALSE,"HBFSS"
"RT0_ZT6","RawEVS Rem","398316","Bcl2l13","upregulated",1.28355798465647,0.00159657906939103,0.219588998948806,0.181458346601511,1,0.909270826699245,0.945623388322629,0.000992722793378809,3.85474540811402,0.0620391746763378,1.20733398835515,FALSE,FALSE,FALSE,TRUE,FALSE,"HBFSS"
"RT0_ZT6","RawEVS Rem","80698","LOC100912319","upregulated",2.43010667676512,0.00162367808607158,0.221485661544288,0.0288613797046555,1,0.985569310147672,0.990874288829515,0.00101096391957145,7.27881188036782,0.0620391746763378,1.20733398835515,FALSE,FALSE,FALSE,TRUE,FALSE,"HBFSS"
"RT0_ZT6","RawEVS Rem","105798","Gsk3b","upregulated",1.48576629380445,0.00169421733821706,0.226952246565443,0.106786953746436,1,0.946606523126782,0.966725560021193,0.00105856076088062,4.42057699167686,0.0620391746763378,1.20733398835515,FALSE,FALSE,FALSE,TRUE,FALSE,"HBFSS"
"RT0_ZT6","RawEVS Rem","257921","-","upregulated",1.28133084491333,0.00170466475307537,0.226952246565443,0.17102131343906,1,0.91448934328047,0.948390061012851,0.0010656240502096,3.80862266068855,0.0620391746763378,1.20733398835515,FALSE,FALSE,FALSE,TRUE,FALSE,"HBFSS"
"RT0_ZT6","RawEVS Rem","90084","LOC120095261","upregulated",1.47890386375236,0.00173626187779522,0.228203442015954,0.113552280149707,1,0.943223859925147,0.964533411760515,0.0010870074988234,4.38312714768312,0.0620391746763378,1.20733398835515,FALSE,FALSE,FALSE,TRUE,FALSE,"HBFSS"
"RT0_ZT6","RawEVS Rem","262280","Set","downregulated",-1.17885039104913,0.00175637926974187,0.228203442015954,0.237306251470027,1,0.881346874264986,0.930809932332939,0.00110063846843822,3.48745831667757,0.0620391746763378,1.20733398835515,FALSE,FALSE,FALSE,TRUE,FALSE,"HBFSS"
"RT0_ZT6","RawEVS Rem","330596","Caprin1","upregulated",1.6790007361103,0.00175681198866945,0.228203442015954,0.0733448696031378,1,0.963327565198431,0.976665874529346,0.00110093180583326,4.96688643469756,0.0620391746763378,1.20733398835515,FALSE,FALSE,FALSE,TRUE,FALSE,"HBFSS"
"RT0_ZT6","RawEVS Rem","286858","Arsb","upregulated",1.87139406869757,0.00177884234568004,0.228203442015954,0.0536709166668572,1,0.973164541666571,0.982853209752705,0.00111587374472322,5.52507566666435,0.0620391746763378,1.20733398835515,FALSE,FALSE,FALSE,TRUE,FALSE,"HBFSS"
"RT0_ZT6","RawEVS Rem","288940","-","upregulated",2.53017734754373,0.00178583438433767,0.228203442015954,0.0236466589568337,1,0.988176670521583,0.992769189934887,0.00112061918854267,7.46539439300221,0.0620391746763378,1.20733398835515,FALSE,FALSE,FALSE,TRUE,FALSE,"HBFSS"
"RT0_ZT6","RawEVS Rem","189406","Egr3","upregulated",1.16387684483317,0.00182413382765133,0.228203442015954,0.239967674027627,1,0.880016162986187,0.930027112478702,0.00114663927243752,3.42246504370656,0.0620391746763378,1.20733398835515,FALSE,FALSE,FALSE,TRUE,FALSE,"HBFSS"
"RT0_ZT6","RawEVS Rem","554694","-","upregulated",1.51547191412567,0.00182557168765854,0.228203442015954,0.0985162627207356,1,0.950741868639632,0.968996861440295,0.00114761700079358,4.45579510885432,0.0620391746763378,1.20733398835515,FALSE,FALSE,FALSE,TRUE,FALSE,"HBFSS"
"RT0_ZT6","RawEVS Rem","440675","Atraid","downregulated",-1.03326492456684,0.00188054308948844,0.230117633053431,0.362689058944158,1,0.818655470527921,0.894516768303339,0.00118504323903146,3.02360781433419,0.0620391746763378,1.20733398835515,FALSE,FALSE,FALSE,TRUE,FALSE,"HBFSS"
"RT0_ZT6","RawEVS Rem","318803","Cdh23","upregulated",1.99529405121693,0.00193341276893567,0.234860257668814,0.048988515341709,1,0.975505742329146,0.984261957310452,0.00122112218175552,5.81277219703088,0.0620391746763378,1.20733398835515,FALSE,FALSE,FALSE,TRUE,FALSE,"HBFSS"
"RT0_ZT6","RawEVS Rem","56077","Yif1a","upregulated",1.21661786773885,0.00199102118328005,0.23837823404422,0.208942305152557,1,0.895528847423721,0.938720099063255,0.00126052575890334,3.52752057803309,0.0620391746763378,1.20733398835515,FALSE,FALSE,FALSE,TRUE,FALSE,"HBFSS"
"RT0_ZT6","RawEVS Rem","346418","Ola1","upregulated",1.32773885113982,0.0020416128422415,0.242689435147021,0.156926253056997,1,0.921536873471502,0.951944278428242,0.00129520612381007,3.83405984584121,0.0620391746763378,1.20733398835515,FALSE,FALSE,FALSE,TRUE,FALSE,"HBFSS"
"RT0_ZT6","RawEVS Rem","253857","Wdr59","upregulated",1.25645600730643,0.00206069708819651,0.243220715899052,0.188458399394102,1,0.905770800302949,0.943966005014854,0.00130830643498747,3.62272769780098,0.0620391746763378,1.20733398835515,FALSE,FALSE,FALSE,TRUE,FALSE,"HBFSS"
"RT0_ZT6","RawEVS Rem","70249","Prpsap2","upregulated",1.97466236217215,0.00212688717008104,0.245557021936301,0.0485473987333951,1,0.975726300633302,0.984444511426062,0.0013538178196546,5.66420005946303,0.0620391746763378,1.20733398835515,FALSE,FALSE,FALSE,TRUE,FALSE,"HBFSS"
"RT0_ZT6","RawEVS Rem","436390","Rcc2","upregulated",1.49330956686365,0.002148124678052,0.245557021936301,0.106476826347459,1,0.946761586826271,0.966827602981552,0.00136844486462939,4.27649916404581,0.0620391746763378,1.20733398835515,FALSE,FALSE,FALSE,TRUE,FALSE,"HBFSS"
"RT0_ZT6","RawEVS Rem","394998","Magi1","upregulated",1.52239202421542,0.00220557436625665,0.246424879304919,0.0980485960358682,1,0.950975701982066,0.969108547687669,0.00140807078831839,4.34091133635907,0.0620391746763378,1.20733398835515,FALSE,FALSE,FALSE,TRUE,FALSE,"HBFSS"
"RT0_ZT6","RawEVS Rem","364222","Sema3a","upregulated",1.30329566037337,0.00220630375053677,0.246424879304919,0.16162062453659,1,0.919189687731705,0.950804056571911,0.0014085744215786,3.7159829163771,0.0620391746763378,1.20733398835515,FALSE,FALSE,FALSE,TRUE,FALSE,"HBFSS"
"RT0_ZT6","RawEVS Rem","238715","Rnf165","upregulated",0.896679296505014,0.00225732788161908,0.250443004039365,0.547417911652988,1,0.726291044173506,0.855257969252856,0.0014438392395737,2.54700064777745,0.0620391746763378,1.20733398835515,FALSE,FALSE,FALSE,TRUE,FALSE,"HBFSS"
"RT0_ZT6","RawEVS Rem","86785","Gria1","upregulated",1.82408244063051,0.00228786203343107,0.251602969518238,0.058877406202208,1,0.970561296898896,0.981408971239865,0.00146497348891739,5.16976015851849,0.0620391746763378,1.20733398835515,FALSE,FALSE,FALSE,TRUE,FALSE,"HBFSS"
"RT0_ZT6","RawEVS Rem","402538","Rps20","upregulated",1.91082913969261,0.0023131387054615,0.251602969518238,0.0547623585851661,1,0.972618820707417,0.982666208882937,0.00148248600280021,5.40575359497663,0.0620391746763378,1.20733398835515,FALSE,FALSE,FALSE,TRUE,FALSE,"HBFSS"
"RT0_ZT6","RawEVS Rem","490990","Nap1l1","downregulated",-0.745488012686071,0.00242413510608361,0.261964002827554,0.936467726121865,1,0.531766136939068,0.809291178616764,0.00155956869867735,2.09258148938709,0.0620391746763378,1.20733398835515,FALSE,FALSE,FALSE,TRUE,FALSE,"HBFSS"
"RT0_ZT6","RawEVS Rem","268169","Golph3","upregulated",0.920961497793382,0.00257030506314097,0.275967850714787,0.479935781354349,1,0.760032109322825,0.868837957746888,0.00166151106861778,2.55980950030866,0.0620391746763378,1.20733398835515,FALSE,FALSE,FALSE,TRUE,FALSE,"HBFSS"
"RT0_ZT6","RawEVS Rem","376552","Zfp9","downregulated",-1.08720090226965,0.0026076667069164,0.278184547028864,0.279401913279865,1,0.860299043360067,0.917864148563425,0.00168764406775956,3.0145027538416,0.0620391746763378,1.20733398835515,FALSE,FALSE,FALSE,TRUE,FALSE,"HBFSS"
"RT0_ZT6","RawEVS Rem","531507","Entpd3","downregulated",-1.07203406243163,0.00271260390930103,0.285716166193593,0.291992042061622,1,0.854003978969189,0.914527627506607,0.00176120356498122,2.95258597052497,0.0620391746763378,1.20733398835515,FALSE,FALSE,FALSE,TRUE,FALSE,"HBFSS"
"RT0_ZT6","RawEVS Rem","39594","Snrpd2","upregulated",1.50908360498609,0.00286273577193434,0.295400268389848,0.103375192846386,1,0.948312403576807,0.9677913371808,0.00186684069559417,4.11812729433431,0.0620391746763378,1.20733398835515,FALSE,FALSE,FALSE,TRUE,FALSE,"HBFSS"
"RT0_ZT6","RawEVS Rem","475400","-","upregulated",1.10185239551176,0.0028767513321288,0.295400268389848,0.252743959667402,1,0.873628020166299,0.925960716655482,0.00187672557539087,3.0043098904677,0.0620391746763378,1.20733398835515,FALSE,FALSE,FALSE,TRUE,FALSE,"HBFSS"
"RT0_ZT6","RawEVS Rem","302730","-","upregulated",1.07521133064476,0.00289760922045729,0.295400268389848,0.279436086480878,1,0.860281956759561,0.917864148563425,0.0018914433691879,2.9280226534898,0.0620391746763378,1.20733398835515,FALSE,FALSE,FALSE,TRUE,FALSE,"HBFSS"
"RT0_ZT6","RawEVS Rem","407795","Shoc1","upregulated",1.12601812159534,0.0031595400034506,0.307491606651607,0.244219973158288,1,0.877890013420856,0.92885317574858,0.00207697471239832,3.02062107115842,0.0620391746763378,1.20733398835515,FALSE,FALSE,FALSE,TRUE,FALSE,"HBFSS"
"RT0_ZT6","RawEVS Rem","242630","Apc","upregulated",0.796362651293813,0.00319408273362635,0.309046074726801,0.712553026525542,1,0.643723486737229,0.827711120989971,0.00210153671272528,2.13223154831255,0.0620391746763378,1.20733398835515,FALSE,FALSE,FALSE,TRUE,FALSE,"HBFSS"
"RT0_ZT6","RawEVS Rem","281077","-","upregulated",0.760227896337357,0.00322767236529675,0.31049088730213,0.800460551278635,1,0.599769724360682,0.818558022900082,0.00212544145624327,2.0317477127254,0.0620391746763378,1.20733398835515,FALSE,FALSE,FALSE,TRUE,FALSE,"HBFSS"
"RT0_ZT6","RawEVS Rem","194654","Sfmbt1","upregulated",0.905130694839889,0.00325271854441251,0.311101965609845,0.46564363221175,1,0.767178183894125,0.871424261213817,0.00214327908602008,2.41572256706015,0.0620391746763378,1.20733398835515,FALSE,FALSE,FALSE,TRUE,FALSE,"HBFSS"
"RT0_ZT6","RawEVS Rem","440436","Fosl2","upregulated",0.626470030679497,0.00328166969602714,0.312077411893049,1,1,0.335384765152528,0.808746150028057,0.00216391152687279,1.66939259197199,0.0620391746763378,1.20733398835515,FALSE,FALSE,FALSE,TRUE,FALSE,"HBFSS"
"RT0_ZT6","RawEVS Rem","489545","-","upregulated",1.27051435983029,0.00337115409045458,0.318765604394007,0.155556131803517,1,0.922221934098242,0.952191006830484,0.00222777564768051,3.36956740401377,0.0620391746763378,1.20733398835515,FALSE,FALSE,FALSE,TRUE,FALSE,"HBFSS"
"RT0_ZT6","RawEVS Rem","91626","LOC120095271","downregulated",-0.897830229551468,0.00342464991648983,0.320318891018155,0.467637552837408,1,0.766181223581296,0.871171500009256,0.0022660202976299,2.37452411341846,0.0620391746763378,1.20733398835515,FALSE,FALSE,FALSE,TRUE,FALSE,"HBFSS"
"RT0_ZT6","RawEVS Rem","181947","-","upregulated",1.34176323598293,0.00344860883035556,0.320318891018155,0.12593663294048,1,0.93703168352976,0.961175203660347,0.00228316432101305,3.54421771570643,0.0620391746763378,1.20733398835515,FALSE,FALSE,FALSE,TRUE,FALSE,"HBFSS"
"RT0_ZT6","RawEVS Rem","512143","LOC100910069","downregulated",-0.678539360070149,0.00346457158894771,0.320318891018155,1,1,0.459886458823621,0.808746150028057,0.002294591925734,1.79086522749888,0.0620391746763378,1.20733398835515,FALSE,FALSE,FALSE,TRUE,FALSE,"HBFSS"
"RT0_ZT6","RawEVS Rem","137659","Brinp2","upregulated",0.634410344643661,0.00350457373963732,0.320586518212753,1,1,0.362827657256365,0.808746150028057,0.00232324763038205,1.67097625978936,0.0620391746763378,1.20733398835515,FALSE,FALSE,FALSE,TRUE,FALSE,"HBFSS"
"RT0_ZT6","RawEVS Rem","22728","Ate1","upregulated",0.822969346895664,0.00352965818711945,0.320586518212753,0.601898648348571,1,0.699050675825714,0.845910822664202,0.00234123037224743,2.16486683027344,0.0620391746763378,1.20733398835515,FALSE,FALSE,FALSE,TRUE,FALSE,"HBFSS"
"RT0_ZT6","RawEVS Rem","392281","Reep1","upregulated",0.974919307878896,0.00355856663153182,0.320586518212753,0.344169765594492,1,0.827915117202754,0.899440486614453,0.00236196719138815,2.56084602961057,0.0620391746763378,1.20733398835515,FALSE,FALSE,FALSE,TRUE,FALSE,"HBFSS"
"RT0_ZT6","RawEVS Rem","365229","Pon2","downregulated",-0.723031959668378,0.00358611833238833,0.320586518212753,0.902286272143221,1,0.548856863928389,0.812216160677309,0.00238174334707875,1.89658877692541,0.0620391746763378,1.20733398835515,FALSE,FALSE,FALSE,TRUE,FALSE,"HBFSS"
"RT0_ZT6","RawEVS Rem","412201","Scp2","upregulated",1.32070830448316,0.00373960917215906,0.327550399174058,0.116635795198275,1,0.941682102400862,0.963875846223413,0.00249213697278661,3.43836910079533,0.0620391746763378,1.20733398835515,FALSE,FALSE,FALSE,TRUE,FALSE,"HBFSS"
"RT0_ZT6","RawEVS Rem","81582","Ccdc57","upregulated",0.908092819794112,0.00388383925762161,0.332918725599718,0.422418287933473,1,0.788790856033264,0.879775429161165,0.00259620148860273,2.34802073828379,0.0620391746763378,1.20733398835515,FALSE,FALSE,FALSE,TRUE,FALSE,"HBFSS"
"RT0_ZT6","RawEVS Rem","26448","Osbp","upregulated",1.06552240245696,0.00388487060314533,0.332918725599718,0.2386261317505,1,0.88068693412475,0.93050808983937,0.00259694675024491,2.75494754833888,0.0620391746763378,1.20733398835515,FALSE,FALSE,FALSE,TRUE,FALSE,"HBFSS"
"RT0_ZT6","RawEVS Rem","466806","RGD1566401","downregulated",-0.972405488537358,0.0038957098468959,0.332918725599718,0.330567761641471,1,0.834716119179265,0.902758216691694,0.00260478026371658,2.51291837319746,0.0620391746763378,1.20733398835515,FALSE,FALSE,FALSE,TRUE,FALSE,"HBFSS"
"RT0_ZT6","RawEVS Rem","178567","R3hcc1","downregulated",-0.887024600654224,0.00390092245474972,0.332918725599718,0.459228426184056,1,0.770385786907972,0.872443641428147,0.00260854803270827,2.29171778893002,0.0620391746763378,1.20733398835515,FALSE,FALSE,FALSE,TRUE,FALSE,"HBFSS"
"RT0_ZT6","RawEVS Rem","429458","Ak4","upregulated",1.00653493023685,0.00400207071872361,0.333243527862363,0.290528076050936,1,0.854735961974532,0.914875727837103,0.00268173898354029,2.58838861350005,0.0620391746763378,1.20733398835515,FALSE,FALSE,FALSE,TRUE,FALSE,"HBFSS"
"RT0_ZT6","RawEVS Rem","387385","Nup205","upregulated",1.46961637190358,0.0040036027799551,0.333243527862363,0.0970358819766883,1,0.951482059011656,0.969486991412693,0.00268284873119651,3.77897714345606,0.0620391746763378,1.20733398835515,FALSE,FALSE,FALSE,TRUE,FALSE,"HBFSS"
"RT0_ZT6","RawEVS Rem","293479","LOC682357","upregulated",0.653332577935936,0.00401097160571567,0.333243527862363,1,1,0.431145406639853,0.808746150028057,0.00268818680997884,1.67941788694691,0.0620391746763378,1.20733398835515,FALSE,FALSE,FALSE,TRUE,FALSE,"HBFSS"
"RT0_ZT6","RawEVS Rem","107678","-","upregulated",1.37935976479419,0.00414442039401328,0.338095314692005,0.0986348321019223,1,0.950682583949039,0.96897716862052,0.00278499331522997,3.52450674969564,0.0620391746763378,1.20733398835515,FALSE,FALSE,FALSE,TRUE,FALSE,"HBFSS"
"RT0_ZT6","RawEVS Rem","287635","Nln","upregulated",0.888386111573175,0.00426375254712431,0.340678397862698,0.443872791773629,1,0.778063604113186,0.876069858249471,0.00287177078587875,2.2581444392109,0.0620391746763378,1.20733398835515,FALSE,FALSE,FALSE,TRUE,FALSE,"HBFSS"
"RT0_ZT6","RawEVS Rem","539062","Pard3b","upregulated",1.66781143675597,0.0042988572758099,0.340678397862698,0.0602556829716104,1,0.969872158514195,0.980928432611743,0.00289733588288921,4.23290735265345,0.0620391746763378,1.20733398835515,FALSE,FALSE,FALSE,TRUE,FALSE,"HBFSS"
"RT0_ZT6","RawEVS Rem","560954","Mageb5","upregulated",1.12657152837141,0.00432195529752573,0.340678397862698,0.182377069414145,1,0.908811465292927,0.945490396382743,0.00291416617223872,2.85640598604323,0.0620391746763378,1.20733398835515,FALSE,FALSE,FALSE,TRUE,FALSE,"HBFSS"
"RT0_ZT6","RawEVS Rem","558689","Tspyl2","upregulated",1.24327831018715,0.00432565698220204,0.340678397862698,0.152049448683691,1,0.923975275658154,0.953339017380066,0.00291686406003855,3.15181471626076,0.0620391746763378,1.20733398835515,FALSE,FALSE,FALSE,TRUE,FALSE,"HBFSS"
"RT0_ZT6","RawEVS Rem","62890","Parn","upregulated",1.10513912826476,0.00432923194909046,0.340678397862698,0.213410259497917,1,0.893294870251042,0.937327610001114,0.0029194697674686,2.80119174743956,0.0620391746763378,1.20733398835515,FALSE,FALSE,FALSE,TRUE,FALSE,"HBFSS"
"RT0_ZT6","RawEVS Rem","45091","Igf1r","upregulated",1.08764703943544,0.00433985220207258,0.340678397862698,0.223670373549793,1,0.888164813225104,0.934979958720559,0.00292721162730958,2.75560367395617,0.0620391746763378,1.20733398835515,FALSE,FALSE,FALSE,TRUE,FALSE,"HBFSS"
"RT0_ZT6","RawEVS Rem","8278","Apoe","upregulated",1.25992042363819,0.00446539112867714,0.347257192352547,0.141796104634041,1,0.929101947682979,0.956517526306009,0.00301883958963689,3.17520100849968,0.0620391746763378,1.20733398835515,FALSE,FALSE,FALSE,TRUE,FALSE,"HBFSS"
"RT0_ZT6","RawEVS Rem","493488","-","upregulated",0.8027115841988,0.0045105969675693,0.347292982548527,0.576831199891699,1,0.711584400054151,0.850153933698831,0.00305188496734399,2.0191662772142,0.0620391746763378,1.20733398835515,FALSE,FALSE,FALSE,TRUE,FALSE,"HBFSS"
"RT0_ZT6","RawEVS Rem","328989","-","upregulated",1.11851203382754,0.00458147640402501,0.347292982548527,0.170867147418292,1,0.914566426290854,0.948391182247345,0.00310375081245695,2.80535474467474,0.0620391746763378,1.20733398835515,FALSE,FALSE,FALSE,TRUE,FALSE,"HBFSS"
"RT0_ZT6","RawEVS Rem","463463","Lin52","upregulated",1.04805740018317,0.00458225207986985,0.347292982548527,0.198509508449946,1,0.900745245775027,0.941283222534165,0.00310431876719819,2.62856326825585,0.0620391746763378,1.20733398835515,FALSE,FALSE,FALSE,TRUE,FALSE,"HBFSS"
"RT0_ZT6","RawEVS Rem","447587","Sipa1l1","upregulated",0.764094218680648,0.00460055954782512,0.347292982548527,0.697380202865445,1,0.651309898567278,0.830520591607888,0.00311772583415548,1.91494395514738,0.0620391746763378,1.20733398835515,FALSE,FALSE,FALSE,TRUE,FALSE,"HBFSS"
"RT0_ZT6","RawEVS Rem","76422","Osbpl7","upregulated",0.630518409645541,0.00462091223540909,0.347292982548527,1,1,0.414553151332027,0.808746150028057,0.00313263566669808,1.57887491484282,0.0620391746763378,1.20733398835515,FALSE,FALSE,FALSE,TRUE,FALSE,"HBFSS"
"RT0_ZT6","RawEVS Rem","321765","Slc2a6","downregulated",-0.738229029251993,0.00464689337186008,0.347292982548527,0.739521184461314,1,0.630239407769343,0.825890893371292,0.00315167635754743,1.84664919612416,0.0620391746763378,1.20733398835515,FALSE,FALSE,FALSE,TRUE,FALSE,"HBFSS"
"RT0_ZT6","RawEVS Rem","474569","Cpsf6","upregulated",0.698116443651428,0.00465366753445028,0.347292982548527,0.876692099353664,1,0.561653950323168,0.813375875922201,0.00315664230807267,1.74583188896579,0.0620391746763378,1.20733398835515,FALSE,FALSE,FALSE,TRUE,FALSE,"HBFSS"
"RT0_ZT6","RawEVS Rem","9111","Map3k10","upregulated",1.04562773700012,0.00478809683942372,0.3557299446504,0.232895014750484,1,0.883552492624758,0.932257328929343,0.00325530690338982,2.60090286161894,0.0620391746763378,1.20733398835515,FALSE,FALSE,FALSE,TRUE,FALSE,"HBFSS"
"RT0_ZT6","RawEVS Rem","521053","Usp2","downregulated",-0.779482182420264,0.00512309792594799,0.373829865476724,0.592534370211812,1,0.703732814894094,0.846510153476241,0.00350213097162677,1.9141491528805,0.0620391746763378,1.20733398835515,FALSE,FALSE,FALSE,TRUE,FALSE,"HBFSS"
"RT0_ZT6","RawEVS Rem","130954","Git2","downregulated",-0.61193503500548,0.00514403552422604,0.373829865476724,1,1,0.406147084952249,0.808746150028057,0.00351760111146993,1.50153767894269,0.0620391746763378,1.20733398835515,FALSE,FALSE,FALSE,TRUE,FALSE,"HBFSS"
"RT0_ZT6","RawEVS Rem","470813","Timp3","upregulated",1.21960252699466,0.00517084177228103,0.374144125105656,0.141709276812324,1,0.929145361593838,0.956521862861635,0.00353741472747138,2.98962877373272,0.0620391746763378,1.20733398835515,FALSE,FALSE,FALSE,TRUE,FALSE,"HBFSS"
"RT0_ZT6","RawEVS Rem","282462","Metap1","upregulated",0.709729098392516,0.00558769616415168,0.39071613262106,0.72415003371963,1,0.637924983140185,0.825890893371292,0.00384655731857375,1.71394452424399,0.0620391746763378,1.20733398835515,FALSE,FALSE,FALSE,TRUE,FALSE,"HBFSS"
"RT0_ZT6","RawEVS Rem","284095","LOC102555911","downregulated",-0.811772143034425,0.00573577270225365,0.39281781609426,0.441395989438856,1,0.779302005280572,0.876348758099677,0.00395682146586296,1.95040721712664,0.0620391746763378,1.20733398835515,FALSE,FALSE,FALSE,TRUE,FALSE,"HBFSS"
"RT0_ZT6","RawEVS Rem","405587","-","upregulated",0.785957902389849,0.00600675489370477,0.401045544214046,0.435594670867247,1,0.782202664566377,0.877111208920573,0.0041591886299932,1.87135899283938,0.0620391746763378,1.20733398835515,FALSE,FALSE,FALSE,TRUE,FALSE,"HBFSS"
"RT0_ZT6","RawEVS Rem","200263","Tex15","upregulated",0.85458635680036,0.00602378699926407,0.401045544214046,0.349999603005926,1,0.825000198497037,0.897889045326737,0.00417193262583959,2.03362728898218,0.0620391746763378,1.20733398835515,FALSE,FALSE,FALSE,TRUE,FALSE,"HBFSS"
"RT0_ZT6","RawEVS Rem","61237","Borcs7","upregulated",0.880645066325801,0.00612381942822966,0.403561613141524,0.306672040219953,1,0.846663979890024,0.91082741158964,0.00424683772122814,2.08883226871921,0.0620391746763378,1.20733398835515,FALSE,FALSE,FALSE,TRUE,FALSE,"HBFSS"
"RT0_ZT6","RawEVS Rem","486900","Fgf22","upregulated",0.831132966931711,0.00641291330046158,0.415267327417438,0.304868449116718,1,0.847565775441641,0.911292748078834,0.00446385423249107,1.95340349732525,0.0620391746763378,1.20733398835515,FALSE,FALSE,FALSE,TRUE,FALSE,"HBFSS"
"RT0_ZT6","RawEVS Rem","335041","Esf1","upregulated",0.695098618154249,0.00674031021659869,0.417370846630255,0.64703039984264,1,0.67648480007868,0.838296549970202,0.0047105602765154,1.61744404432521,0.0620391746763378,1.20733398835515,FALSE,FALSE,FALSE,TRUE,FALSE,"HBFSS"
"RT0_ZT6","RawEVS Rem","378024","Tapbpl","downregulated",-0.624880167664908,0.00688932213440006,0.417458350843143,0.898329867392199,1,0.550835066303901,0.812514480650169,0.00482316383137715,1.44763987944022,0.0620391746763378,1.20733398835515,FALSE,FALSE,FALSE,TRUE,FALSE,"HBFSS"
"RT0_ZT6","RawEVS Rem","563974","Tsc22d3","upregulated",0.677093739563594,0.00694844148440996,0.417458350843143,0.552724738635133,1,0.723637630682433,0.854279618942784,0.00486789209432636,1.56588696941688,0.0620391746763378,1.20733398835515,FALSE,FALSE,FALSE,TRUE,FALSE,"HBFSS"
"RT0_ZT6","RawEVS Rem","532251","Dpp9","upregulated",0.781459261751101,0.00704352992354958,0.417604073351149,0.31404425758785,1,0.842977871206075,0.9081203936037,0.00493989676012929,1.80226552865762,0.0620391746763378,1.20733398835515,FALSE,FALSE,FALSE,TRUE,FALSE,"HBFSS"
"RT0_ZT6","RawEVS Rem","388158","Tmem178b","upregulated",0.617631468105352,0.00709527888762721,0.417604073351149,0.898138290765563,1,0.550930854617219,0.812514480650169,0.0049791154687282,1.4223112688055,0.0620391746763378,1.20733398835515,FALSE,FALSE,FALSE,TRUE,FALSE,"HBFSS"
"RT0_ZT6","RawEVS Rem","496362","LOC681282","downregulated",-0.65535473247511,0.00727774745140109,0.422007920161035,0.689414845702894,1,0.655292577148553,0.831612064096924,0.0051175814130211,1.5013752510912,0.0620391746763378,1.20733398835515,FALSE,FALSE,FALSE,TRUE,FALSE,"HBFSS"
"RT0_ZT6","RawEVS Rem","299776","Lrba","upregulated",0.678138821870594,0.00736202827915151,0.422903900386391,0.61334615970191,1,0.693326920149045,0.843473149944191,0.00518163087822487,1.54990901396354,0.0620391746763378,1.20733398835515,FALSE,FALSE,FALSE,TRUE,FALSE,"HBFSS"
"RT0_ZT6","RawEVS Rem","17086","Sec11a","upregulated",0.660772999319648,0.00739484647352721,0.422903900386391,0.65345845891642,1,0.67327077054179,0.836813552899342,0.0052065868734732,1.50884004426483,0.0620391746763378,1.20733398835515,FALSE,FALSE,FALSE,TRUE,FALSE,"HBFSS"
"RT0_ZT6","RawEVS Rem","124481","Arhgef18","upregulated",0.679278661292946,0.00744257930194963,0.424176043640568,0.493235769542863,1,0.753382115228568,0.86654491610707,0.00524290003802141,1.54904636603467,0.0620391746763378,1.20733398835515,FALSE,FALSE,FALSE,TRUE,FALSE,"HBFSS"
"RT0_ZT6","RawEVS Rem","434606","Col16a1","downregulated",-0.642617895543611,0.00769548594781839,0.429802044747759,0.572202334050664,1,0.713898832974668,0.850710862621617,0.00543560534487719,1.45537021749595,0.0620391746763378,1.20733398835515,FALSE,FALSE,FALSE,TRUE,FALSE,"HBFSS"
"RT0_ZT6","RawEVS Rem","68847","Rmnd5b","upregulated",0.654686436260176,0.00774129145278522,0.429802044747759,0.539246864865519,1,0.730376567567241,0.856697422503331,0.00547056139979518,1.48087983643371,0.0620391746763378,1.20733398835515,FALSE,FALSE,FALSE,TRUE,FALSE,"HBFSS"
"RT0_ZT6","RawEVS Rem","389370","Ezh2","upregulated",0.575006049258953,0.00812364940194052,0.445633821589219,0.927837513282881,1,0.536081243358559,0.809291178616764,0.00576298280108944,1.28764133542033,0.0620391746763378,1.20733398835515,FALSE,FALSE,FALSE,TRUE,FALSE,"HBFSS"
"RT0_ZT6","RawEVS Rem","523109","Rpp25","downregulated",-0.597476224041761,0.00832974883827085,0.452713298270958,0.674693855001997,1,0.662653072499002,0.833883864427824,0.00592105848034619,1.33093842474408,0.0620391746763378,1.20733398835515,FALSE,FALSE,FALSE,TRUE,FALSE,"HBFSS"
